{"type": "FeatureCollection", "features": [{"type": "Feature", "properties": {"id": "北関東道-下り-0-0", "route": "北関東道", "direction": "下り", "from": null, "to": "桜川筑西IC", "grade": 0.0, "elevation_start": 81.7, "elevation_end": 81.7, "quality": "estimated", "structure": "tunnel", "chain_rank": 0, "cum_dist_start": 0.0, "cum_dist_end": 250.0, "anomaly": false}, "geometry": {"type": "LineString", "coordinates": [[140.0334074, 36.3794743], [140.03362208882976, 36.379330705232626], [140.0338367776595, 36.379187110465246], [140.03405146648927, 36.37904351569787], [140.03426708191574, 36.37890084109056], [140.03448334761092, 36.37875881223487], [140.03469961330612, 36.37861678337918], [140.03491587900132, 36.37847475452349], [140.03513214469652, 36.378332725667796], [140.0353484103917, 36.3781906968121], [140.0355646760869, 36.378048667956406]]}}, {"type": "Feature", "properties": {"id": "北関東道-下り-0-1", "route": "北関東道", "direction": "下り", "from": null, "to": "桜川筑西IC", "grade": 0.0, "elevation_start": 81.7, "elevation_end": 81.7, "quality": "estimated", "structure": "tunnel", "chain_rank": 0, "cum_dist_start": 250.0, "cum_dist_end": 500.0, "anomaly": false}, "geometry": {"type": "LineString", "coordinates": [[140.0355646760869, 36.378048667956406], [140.0357809417821, 36.377906639100715], [140.0359972074773, 36.37776461024502], [140.03621347317247, 36.37762258138933], [140.03642973886767, 36.37748055253364], [140.03664600456287, 36.37733852367795], [140.03686227025804, 36.37719649482226], [140.03707853595324, 36.37705446596656], [140.03729480164844, 36.37691243711087], [140.03751106734364, 36.376770408255176], [140.03772733303882, 36.376628379399484]]}}, {"type": "Feature", "properties": {"id": "北関東道-下り-0-2", "route": "北関東道", "direction": "下り", "from": null, "to": "桜川筑西IC", "grade": 0.0, "elevation_start": 81.7, "elevation_end": 81.7, "quality": "estimated", "structure": "tunnel", "chain_rank": 0, "cum_dist_start": 500.0, "cum_dist_end": 750.0, "anomaly": false}, "geometry": {"type": "LineString", "coordinates": [[140.03772733303882, 36.376628379399484], [140.03794359873402, 36.37648635054379], [140.03815986442922, 36.3763443216881], [140.03837613012442, 36.37620229283241], [140.0385923958196, 36.37606026397672], [140.0388086615148, 36.37591823512103], [140.03902492721, 36.37577620626533], [140.0392411929052, 36.37563417740964], [140.03945745860037, 36.375492148553946], [140.03967372429557, 36.375350119698254], [140.03988998999077, 36.37520809084256]]}}, {"type": "Feature", "properties": {"id": "北関東道-下り-0-3", "route": "北関東道", "direction": "下り", "from": null, "to": "桜川筑西IC", "grade": 0.0, "elevation_start": 81.7, "elevation_end": 81.7, "quality": "estimated", "structure": "tunnel", "chain_rank": 0, "cum_dist_start": 750.0, "cum_dist_end": 1000.0, "anomaly": false}, "geometry": {"type": "LineString", "coordinates": [[140.03988998999077, 36.37520809084256], [140.04010625568597, 36.37506606198687], [140.04032252138114, 36.37492403313118], [140.04053878707634, 36.37478200427549], [140.04075505277154, 36.37463997541979], [140.04097131846675, 36.3744979465641], [140.04118758416192, 36.37435591770841], [140.04140384985712, 36.374213888852715], [140.04162011555232, 36.374071859997024], [140.0418363812475, 36.37392983114133], [140.0420526469427, 36.37378780228564]]}}, {"type": "Feature", "properties": {"id": "北関東道-下り-0-4", "route": "北関東道", "direction": "下り", "from": null, "to": "桜川筑西IC", "grade": 0.0, "elevation_start": 81.7, "elevation_end": 81.7, "quality": "estimated", "structure": "tunnel", "chain_rank": 0, "cum_dist_start": 1000.0, "cum_dist_end": 1250.0, "anomaly": false}, "geometry": {"type": "LineString", "coordinates": [[140.0420526469427, 36.37378780228564], [140.0422689126379, 36.37364577342995], [140.0424851783331, 36.37350374457426], [140.04270144402827, 36.37336171571856], [140.04291770972347, 36.37321968686287], [140.04313397541867, 36.373077658007176], [140.04335024111387, 36.372935629151485], [140.04356650680904, 36.37279360029579], [140.04378277250424, 36.3726515714401], [140.04399903819944, 36.37250954258441], [140.04421530389465, 36.37236751372872]]}}, {"type": "Feature", "properties": {"id": "北関東道-下り-0-5", "route": "北関東道", "direction": "下り", "from": null, "to": "桜川筑西IC", "grade": 0.0, "elevation_start": 81.7, "elevation_end": 81.7, "quality": "estimated", "structure": "tunnel", "chain_rank": 0, "cum_dist_start": 1250.0, "cum_dist_end": 1500.0, "anomaly": false}, "geometry": {"type": "LineString", "coordinates": [[140.04421530389465, 36.37236751372872], [140.04443156958982, 36.37222548487302], [140.04464783528502, 36.37208345601733], [140.0448646671062, 36.37194200503307], [140.0450846428012, 36.37180376314875], [140.04530461849623, 36.37166552126442], [140.04552459419122, 36.371527279380096], [140.04574978909082, 36.37139468147162], [140.04597590205452, 36.37126307634501], [140.0462020150182, 36.3711314712184], [140.0464291669028, 36.371001094439286]]}}, {"type": "Feature", "properties": {"id": "北関東道-下り-0-6", "route": "北関東道", "direction": "下り", "from": null, "to": "桜川筑西IC", "grade": 0.0, "elevation_start": 81.7, "elevation_end": 81.7, "quality": "estimated", "structure": "tunnel", "chain_rank": 0, "cum_dist_start": 1500.0, "cum_dist_end": 1750.0, "anomaly": false}, "geometry": {"type": "LineString", "coordinates": [[140.0464291669028, 36.371001094439286], [140.04666277838598, 36.370878355038315], [140.04689638986915, 36.37075561563734], [140.04713000135231, 36.37063287623637], [140.04736681639142, 36.37051424311548], [140.04760434177217, 36.3703965205021], [140.04784186715293, 36.370278797888716], [140.04808133218765, 36.370163675838846], [140.04832098100573, 36.37004880580929], [140.04856196823056, 36.36993578080923], [140.04880295545536, 36.36982275580917]]}}, {"type": "Feature", "properties": {"id": "北関東道-下り-0-7", "route": "北関東道", "direction": "下り", "from": null, "to": "桜川筑西IC", "grade": -2.44, "elevation_start": 81.7, "elevation_end": 75.6, "quality": "measured", "structure": "normal", "chain_rank": 0, "cum_dist_start": 1750.0, "cum_dist_end": 2000.0, "anomaly": false}, "geometry": {"type": "LineString", "coordinates": [[140.04880295545536, 36.36982275580917], [140.04904394268016, 36.369709730809106], [140.04928644616234, 36.36959885191818], [140.04952914381556, 36.36948824785672], [140.04977365637401, 36.36938032261891], [140.05001951740414, 36.36927438774269], [140.05026521890684, 36.36916821219886], [140.0505106836732, 36.36906167950768], [140.05075614843955, 36.368955146816496], [140.0510016132059, 36.36884861412532], [140.051249246903, 36.368745479367014]]}}, {"type": "Feature", "properties": {"id": "北関東道-下り-0-8", "route": "北関東道", "direction": "下り", "from": null, "to": "桜川筑西IC", "grade": -3.22, "elevation_start": 75.6, "elevation_end": 67.6, "quality": "measured", "structure": "normal", "chain_rank": 0, "cum_dist_start": 2000.0, "cum_dist_end": 2250.0, "anomaly": false}, "geometry": {"type": "LineString", "coordinates": [[140.051249246903, 36.368745479367014], [140.0514987640693, 36.368645295326104], [140.05174828123555, 36.368545111285194], [140.0519977984018, 36.36844492724429], [140.05224789827284, 36.36834571723936], [140.05249984210135, 36.36824958955149], [140.05275178592984, 36.36815346186361], [140.05300372975833, 36.368057334175745], [140.05325688752293, 36.367963324567015], [140.05351036691502, 36.36786987613485], [140.05376426611156, 36.36777718257574]]}}, {"type": "Feature", "properties": {"id": "北関東道-下り-0-9", "route": "北関東道", "direction": "下り", "from": null, "to": "桜川筑西IC", "grade": -4.52, "elevation_start": 67.6, "elevation_end": 56.3, "quality": "measured", "structure": "normal", "chain_rank": 0, "cum_dist_start": 2250.0, "cum_dist_end": 2500.0, "anomaly": false}, "geometry": {"type": "LineString", "coordinates": [[140.05376426611156, 36.36777718257574], [140.0540188330436, 36.36768568970808], [140.05427339997567, 36.36759419684042], [140.05452848694995, 36.367503679839665], [140.0547855069695, 36.36741679022711], [140.05504252698904, 36.36732990061456], [140.0552999039099, 36.36724371395898], [140.0555582006811, 36.36715933905119], [140.0558164974523, 36.36707496414341], [140.0560747942235, 36.36699058923563], [140.0563331614314, 36.36690636109817]]}}, {"type": "Feature", "properties": {"id": "北関東道-下り-0-10", "route": "北関東道", "direction": "下り", "from": null, "to": "桜川筑西IC", "grade": -0.82, "elevation_start": 56.3, "elevation_end": 54.3, "quality": "measured", "structure": "normal", "chain_rank": 0, "cum_dist_start": 2500.0, "cum_dist_end": 2750.0, "anomaly": false}, "geometry": {"type": "LineString", "coordinates": [[140.0563331614314, 36.36690636109817], [140.05659417731638, 36.366827652059555], [140.0568551932014, 36.366748943020944], [140.0571162090864, 36.36667023398233], [140.0573772249714, 36.36659152494372], [140.05763910977953, 36.36651474686079], [140.0579015782167, 36.3664392657416], [140.05816404665387, 36.36636378462241], [140.05842668686, 36.36628870634471], [140.05869086204612, 36.36621722798194], [140.05895503723224, 36.36614574961917]]}}, {"type": "Feature", "properties": {"id": "北関東道-下り-0-11", "route": "北関東道", "direction": "下り", "from": null, "to": "桜川筑西IC", "grade": 1.16, "elevation_start": 54.3, "elevation_end": 57.2, "quality": "measured", "structure": "normal", "chain_rank": 0, "cum_dist_start": 2750.0, "cum_dist_end": 3000.0, "anomaly": false}, "geometry": {"type": "LineString", "coordinates": [[140.05895503723224, 36.36614574961917], [140.05921921241836, 36.3660742712564], [140.059483881383, 36.36600402627008], [140.0597496976304, 36.36593664700497], [140.06001551387783, 36.36586926773986], [140.06028136518745, 36.36580198123366], [140.06054830027867, 36.36573756192696], [140.06081523536992, 36.36567314262027], [140.06108276167964, 36.36561037908154], [140.06135104367152, 36.36554973190791], [140.0616193256634, 36.36548908473429]]}}, {"type": "Feature", "properties": {"id": "北関東道-下り-0-12", "route": "北関東道", "direction": "下り", "from": null, "to": "桜川筑西IC", "grade": -0.75, "elevation_start": 57.2, "elevation_end": 55.3, "quality": "measured", "structure": "normal", "chain_rank": 0, "cum_dist_start": 3000.0, "cum_dist_end": 3250.0, "anomaly": false}, "geometry": {"type": "LineString", "coordinates": [[140.0616193256634, 36.36548908473429], [140.06188760765525, 36.365428437560674], [140.06215644918228, 36.365369442053165], [140.06242543071025, 36.365310859808034], [140.06269441223822, 36.365252277562895], [140.06296339376618, 36.36519369531776], [140.06323237529415, 36.365135113072625], [140.06350135682214, 36.36507653082749], [140.06377046803595, 36.365018343897354], [140.06403985689423, 36.36496100329727], [140.06430924575253, 36.36490366269718]]}}, {"type": "Feature", "properties": {"id": "北関東道-下り-0-13", "route": "北関東道", "direction": "下り", "from": null, "to": "桜川筑西IC", "grade": -0.19, "elevation_start": 55.3, "elevation_end": 54.8, "quality": "measured", "structure": "normal", "chain_rank": 0, "cum_dist_start": 3250.0, "cum_dist_end": 3500.0, "anomaly": false}, "geometry": {"type": "LineString", "coordinates": [[140.06430924575253, 36.36490366269718], [140.0645786346108, 36.364846322097094], [140.0648480234691, 36.36478898149701], [140.06511741232737, 36.36473164089692], [140.06538680118564, 36.364674300296834], [140.06565619004394, 36.36461695969675], [140.06592556139952, 36.36455956909381], [140.06619492880426, 36.364502167203895], [140.06646429620903, 36.364444765313976], [140.0667336636138, 36.364387363424065], [140.06700303101854, 36.364329961534146]]}}, {"type": "Feature", "properties": {"id": "北関東道-下り-0-14", "route": "北関東道", "direction": "下り", "from": null, "to": "桜川筑西IC", "grade": -0.27, "elevation_start": 54.8, "elevation_end": 54.2, "quality": "measured", "structure": "normal", "chain_rank": 0, "cum_dist_start": 3500.0, "cum_dist_end": 3750.0, "anomaly": false}, "geometry": {"type": "LineString", "coordinates": [[140.06700303101854, 36.364329961534146], [140.0672723984233, 36.36427255964423], [140.06754176582805, 36.364215157754316], [140.067811104431, 36.36415766850961], [140.0680802827629, 36.36409969316907], [140.0683494610948, 36.36404171782853], [140.0686186394267, 36.36398374248799], [140.0688878177586, 36.36392576714745], [140.0691570080656, 36.36386782881001], [140.0694262801126, 36.36381014304989], [140.0696955521596, 36.36375245728976]]}}, {"type": "Feature", "properties": {"id": "北関東道-下り-0-15", "route": "北関東道", "direction": "下り", "from": null, "to": "桜川筑西IC", "grade": -1.72, "elevation_start": 54.2, "elevation_end": 49.9, "quality": "measured", "structure": "normal", "chain_rank": 0, "cum_dist_start": 3750.0, "cum_dist_end": 4000.0, "anomaly": false}, "geometry": {"type": "LineString", "coordinates": [[140.0696955521596, 36.36375245728976], [140.06996482420664, 36.36369477152964], [140.07023409625364, 36.36363708576951], [140.07050336830065, 36.363579400009385], [140.07077264034768, 36.36352171424926], [140.0710419123947, 36.36346402848914], [140.0713111844417, 36.363406342729014], [140.07158042464752, 36.36334856166007], [140.07184959432703, 36.36329056948785], [140.07211876400655, 36.363232577315635], [140.07238793368603, 36.36317458514342]]}}, {"type": "Feature", "properties": {"id": "北関東道-下り-0-16", "route": "北関東道", "direction": "下り", "from": null, "to": "桜川筑西IC", "grade": 1.87, "elevation_start": 49.9, "elevation_end": 54.5, "quality": "measured", "structure": "normal", "chain_rank": 0, "cum_dist_start": 4000.0, "cum_dist_end": 4250.0, "anomaly": false}, "geometry": {"type": "LineString", "coordinates": [[140.07238793368603, 36.36317458514342], [140.07265710336554, 36.3631165929712], [140.07292627304503, 36.363058600798986], [140.07319544272454, 36.36300060862677], [140.07346461240405, 36.36294261645455], [140.07373378208354, 36.36288462428234], [140.07400249506097, 36.36282527224517], [140.074271018255, 36.3627653551136], [140.07453954144898, 36.36270543798204], [140.07480737979387, 36.362643589561195], [140.07507436492548, 36.36257933506072]]}}, {"type": "Feature", "properties": {"id": "北関東道-下り-0-17", "route": "北関東道", "direction": "下り", "from": null, "to": "桜川筑西IC", "grade": -0.21, "elevation_start": 54.5, "elevation_end": 54.0, "quality": "measured", "structure": "normal", "chain_rank": 0, "cum_dist_start": 4250.0, "cum_dist_end": 4500.0, "anomaly": false}, "geometry": {"type": "LineString", "coordinates": [[140.07507436492548, 36.36257933506072], [140.07534135005707, 36.36251508056026], [140.0756081584802, 36.36245034922529], [140.07587494876802, 36.36238556895357], [140.07614049889034, 36.362317634106205], [140.07640456689182, 36.36224592922792], [140.0766686348933, 36.36217422434963], [140.0769327028948, 36.36210251947134], [140.0771954503685, 36.36202775635821], [140.07745732068193, 36.36195096181331], [140.07771919099534, 36.3618741672684]]}}, {"type": "Feature", "properties": {"id": "北関東道-下り-0-18", "route": "北関東道", "direction": "下り", "from": null, "to": "桜川筑西IC", "grade": -0.56, "elevation_start": 54.0, "elevation_end": 52.6, "quality": "measured", "structure": "normal", "chain_rank": 0, "cum_dist_start": 4500.0, "cum_dist_end": 4750.0, "anomaly": false}, "geometry": {"type": "LineString", "coordinates": [[140.07771919099534, 36.3618741672684], [140.07798067444352, 36.36179652670852], [140.07824134812378, 36.36171711531053], [140.07850202180407, 36.36163770391255], [140.07876187226418, 36.36155659758909], [140.0790196921583, 36.36147131053959], [140.0792775120524, 36.3613860234901], [140.07953432087407, 36.361298769991116], [140.07979093411979, 36.36121113611373], [140.08004754736552, 36.36112350223634], [140.0803026720846, 36.36103307927168]]}}, {"type": "Feature", "properties": {"id": "北関東道-下り-0-19", "route": "北関東道", "direction": "下り", "from": null, "to": "桜川筑西IC", "grade": -0.47, "elevation_start": 52.6, "elevation_end": 51.4, "quality": "measured", "structure": "normal", "chain_rank": 0, "cum_dist_start": 4750.0, "cum_dist_end": 5000.0, "anomaly": false}, "geometry": {"type": "LineString", "coordinates": [[140.0803026720846, 36.36103307927168], [140.08055756286188, 36.360942217964784], [140.08081245363917, 36.360851356657896], [140.08106426935328, 36.36075506266091], [140.0813158962394, 36.36065843506295], [140.08156752312553, 36.360561807465], [140.08181915001165, 36.36046517986704], [140.08207077689778, 36.360368552269094], [140.0823207207607, 36.36026911363335], [140.08257054019035, 36.360169467165306], [140.08281998375753, 36.36006921883046]]}}, {"type": "Feature", "properties": {"id": "北関東道-下り-0-20", "route": "北関東道", "direction": "下り", "from": "桜川筑西IC", "to": "笠間西IC", "grade": 0.25, "elevation_start": 51.4, "elevation_end": 52.1, "quality": "estimated", "structure": "bridge", "chain_rank": 0, "cum_dist_start": 5000.0, "cum_dist_end": 5250.0, "anomaly": false}, "geometry": {"type": "LineString", "coordinates": [[140.08281998375753, 36.36006921883046], [140.0830674296117, 36.35996577156702], [140.08331377183512, 36.35986063562197], [140.08355885278132, 36.35975356977808], [140.08380393372752, 36.35964650393418], [140.08404747988274, 36.35953719503658], [140.0842898294713, 36.35942613739059], [140.08453136731396, 36.359313940890225], [140.08477167361002, 36.359200016568046], [140.08501193391538, 36.35908602915341], [140.085251987192, 36.358971757726216]]}}, {"type": "Feature", "properties": {"id": "北関東道-下り-0-21", "route": "北関東道", "direction": "下り", "from": "桜川筑西IC", "to": "笠間西IC", "grade": 0.25, "elevation_start": 52.1, "elevation_end": 52.7, "quality": "estimated", "structure": "bridge", "chain_rank": 0, "cum_dist_start": 5250.0, "cum_dist_end": 5500.0, "anomaly": false}, "geometry": {"type": "LineString", "coordinates": [[140.085251987192, 36.358971757726216], [140.08549204046867, 36.358857486299016], [140.08573209374532, 36.358743214871815], [140.08596865783508, 36.35862430689104], [140.0862044539152, 36.35850437835214], [140.0864402499953, 36.358384449813244], [140.0866760460754, 36.35826452127434], [140.0869091370913, 36.35814123362216], [140.08714028305863, 36.35801552395646], [140.0873716925875, 36.35789013202106], [140.08760310211642, 36.357764740085656]]}}, {"type": "Feature", "properties": {"id": "北関東道-下り-0-22", "route": "北関東道", "direction": "下り", "from": "桜川筑西IC", "to": "笠間西IC", "grade": 0.25, "elevation_start": 52.7, "elevation_end": 53.3, "quality": "estimated", "structure": "bridge", "chain_rank": 0, "cum_dist_start": 5500.0, "cum_dist_end": 5750.0, "anomaly": false}, "geometry": {"type": "LineString", "coordinates": [[140.08760310211642, 36.357764740085656], [140.08783199709973, 36.357636383365616], [140.08805997388626, 36.35750694404212], [140.0882879506728, 36.35737750471862], [140.08851675407485, 36.3572490252753], [140.08874562897617, 36.35712062885819], [140.08897450387752, 36.35699223244108], [140.08920337877888, 36.35686383602397], [140.0894322536802, 36.35673543960686], [140.08966369962545, 36.35661014142031], [140.08989723998337, 36.35648736710094]]}}, {"type": "Feature", "properties": {"id": "北関東道-下り-0-23", "route": "北関東道", "direction": "下り", "from": "桜川筑西IC", "to": "笠間西IC", "grade": 0.25, "elevation_start": 53.3, "elevation_end": 54.0, "quality": "estimated", "structure": "bridge", "chain_rank": 0, "cum_dist_start": 5750.0, "cum_dist_end": 6000.0, "anomaly": false}, "geometry": {"type": "LineString", "coordinates": [[140.08989723998337, 36.35648736710094], [140.0901307803413, 36.356364592781574], [140.0903643206992, 36.35624181846221], [140.09059786105712, 36.356119044142844], [140.09083140141504, 36.35599626982347], [140.09106827422568, 36.35587778321066], [140.0913062279576, 36.35576068736728], [140.09154418168956, 36.3556435915239], [140.09178213542148, 36.35552649568052], [140.09202008915344, 36.35540939983714], [140.0922582208989, 36.35529254938223]]}}, {"type": "Feature", "properties": {"id": "北関東道-下り-0-24", "route": "北関東道", "direction": "下り", "from": "桜川筑西IC", "to": "笠間西IC", "grade": 0.58, "elevation_start": 54.0, "elevation_end": 55.4, "quality": "estimated", "structure": "normal", "chain_rank": 0, "cum_dist_start": 6000.0, "cum_dist_end": 6250.0, "anomaly": false}, "geometry": {"type": "LineString", "coordinates": [[140.0922582208989, 36.35529254938223], [140.09250061343366, 36.35518157234862], [140.0927430059684, 36.35507059531501], [140.09298539850317, 36.354959618281406], [140.09322908671788, 36.35485052579832], [140.09347344471422, 36.35474240750438], [140.0937178027106, 36.354634289210445], [140.09396216070692, 36.35452617091651], [140.09420956190755, 36.35442269602257], [140.09445728598965, 36.35431971378956], [140.09470501007175, 36.35421673155655]]}}, {"type": "Feature", "properties": {"id": "北関東道-下り-0-25", "route": "北関東道", "direction": "下り", "from": "桜川筑西IC", "to": "笠間西IC", "grade": 0.73, "elevation_start": 55.4, "elevation_end": 57.2, "quality": "estimated", "structure": "normal", "chain_rank": 0, "cum_dist_start": 6250.0, "cum_dist_end": 6500.0, "anomaly": false}, "geometry": {"type": "LineString", "coordinates": [[140.09470501007175, 36.35421673155655], [140.09495273415385, 36.354113749323545], [140.0952006923599, 36.35401114845516], [140.09545179663473, 36.35391367221943], [140.09570290090957, 36.353816195983704], [140.09595400518444, 36.35371871974798], [140.09620510945928, 36.35362124351225], [140.09645784914198, 36.35352659684013], [140.09671129316484, 36.353433168809076], [140.09696473718768, 36.353339740778026], [140.09721887458912, 36.35324758041195]]}}, {"type": "Feature", "properties": {"id": "北関東道-下り-0-26", "route": "北関東道", "direction": "下り", "from": "桜川筑西IC", "to": "笠間西IC", "grade": 0.78, "elevation_start": 57.2, "elevation_end": 59.2, "quality": "estimated", "structure": "bridge", "chain_rank": 0, "cum_dist_start": 6500.0, "cum_dist_end": 6750.0, "anomaly": false}, "geometry": {"type": "LineString", "coordinates": [[140.09721887458912, 36.35324758041195], [140.09747477362293, 36.35315864073909], [140.09773067265675, 36.353069701066225], [140.0979865716906, 36.35298076139336], [140.098242809628, 36.35289246484304], [140.09849921120997, 36.35280447883388], [140.09875570277077, 36.352716665636756], [140.09901222557795, 36.35262891245103], [140.09926874838516, 36.35254115926531], [140.0995217368888, 36.35244696443703], [140.09977429838716, 36.35235199134646]]}}, {"type": "Feature", "properties": {"id": "北関東道-下り-0-27", "route": "北関東道", "direction": "下り", "from": "桜川筑西IC", "to": "笠間西IC", "grade": 0.51, "elevation_start": 59.2, "elevation_end": 60.5, "quality": "estimated", "structure": "normal", "chain_rank": 0, "cum_dist_start": 6750.0, "cum_dist_end": 7000.0, "anomaly": false}, "geometry": {"type": "LineString", "coordinates": [[140.09977429838716, 36.35235199134646], [140.10002664312978, 36.352256651699435], [140.1002765927745, 36.35215726169322], [140.1005265424192, 36.352057871687], [140.10077649206391, 36.35195848168078], [140.10102451700882, 36.35185601207651], [140.10127168652593, 36.35175217375291], [140.10151855329937, 36.35164787125345], [140.10176409099222, 36.3515415309669], [140.10200883223803, 36.351434037407856], [140.10224953282665, 36.351320692889914]]}}, {"type": "Feature", "properties": {"id": "北関東道-下り-0-28", "route": "北関東道", "direction": "下り", "from": "桜川筑西IC", "to": "笠間西IC", "grade": 0.48, "elevation_start": 60.5, "elevation_end": 61.7, "quality": "measured", "structure": "normal", "chain_rank": 0, "cum_dist_start": 7000.0, "cum_dist_end": 7250.0, "anomaly": false}, "geometry": {"type": "LineString", "coordinates": [[140.10224953282665, 36.351320692889914], [140.10249023341524, 36.35120734837197], [140.10273093400386, 36.35109400385402], [140.1029692669163, 36.350977446679416], [140.10320704545376, 36.35086013728355], [140.10344482399125, 36.350742827887686], [140.10368001811005, 36.35062221010287], [140.10391310216755, 36.350498891167746], [140.10414618622508, 36.35037557223262], [140.10437854148773, 36.35025137747103], [140.10460754900797, 36.35012315957253]]}}, {"type": "Feature", "properties": {"id": "北関東道-下り-0-29", "route": "北関東道", "direction": "下り", "from": "桜川筑西IC", "to": "笠間西IC", "grade": 0.54, "elevation_start": 61.7, "elevation_end": 63.0, "quality": "estimated", "structure": "normal", "chain_rank": 0, "cum_dist_start": 7250.0, "cum_dist_end": 7500.0, "anomaly": false}, "geometry": {"type": "LineString", "coordinates": [[140.10460754900797, 36.35012315957253], [140.1048365565282, 36.34999494167404], [140.10506556404843, 36.34986672377555], [140.10529429485257, 36.34973818436734], [140.10552289686032, 36.34960949531377], [140.10575149886807, 36.3494808062602], [140.1059800177594, 36.349352021230075], [140.10620829935735, 36.3492229621915], [140.10643658095532, 36.34909390315292], [140.10666486255326, 36.34896484411434], [140.1068931441512, 36.34883578507576]]}}, {"type": "Feature", "properties": {"id": "北関東道-下り-0-30", "route": "北関東道", "direction": "下り", "from": "桜川筑西IC", "to": "笠間西IC", "grade": 0.42, "elevation_start": 63.0, "elevation_end": 64.1, "quality": "estimated", "structure": "tunnel", "chain_rank": 0, "cum_dist_start": 7500.0, "cum_dist_end": 7750.0, "anomaly": false}, "geometry": {"type": "LineString", "coordinates": [[140.1068931441512, 36.34883578507576], [140.10711961299222, 36.348704655735105], [140.10734599830133, 36.34857343099487], [140.10757238361046, 36.34844220625463], [140.10779876891957, 36.348310981514395], [140.10802457056684, 36.34817911016801], [140.10824812371106, 36.34804474783154], [140.1084716768553, 36.347910385495055], [140.1086952299995, 36.34777602315858], [140.10891878314374, 36.347641660822106], [140.10914233628796, 36.34750729848563]]}}, {"type": "Feature", "properties": {"id": "北関東道-下り-0-31", "route": "北関東道", "direction": "下り", "from": "桜川筑西IC", "to": "笠間西IC", "grade": 0.42, "elevation_start": 64.1, "elevation_end": 65.1, "quality": "estimated", "structure": "tunnel", "chain_rank": 0, "cum_dist_start": 7750.0, "cum_dist_end": 8000.0, "anomaly": false}, "geometry": {"type": "LineString", "coordinates": [[140.10914233628796, 36.34750729848563], [140.109367055223, 36.34737425074665], [140.10959596099084, 36.34724592426622], [140.10982486675866, 36.3471175977858], [140.1100537725265, 36.34698927130537], [140.11028267829434, 36.34686094482494], [140.11051158406218, 36.34673261834451], [140.11074126899717, 36.3466052148054], [140.110972190317, 36.34647927579244], [140.11120311163683, 36.34635333677947], [140.11143403295662, 36.34622739776651]]}}, {"type": "Feature", "properties": {"id": "北関東道-下り-0-32", "route": "北関東道", "direction": "下り", "from": "桜川筑西IC", "to": "笠間西IC", "grade": 0.42, "elevation_start": 65.1, "elevation_end": 66.2, "quality": "estimated", "structure": "tunnel", "chain_rank": 0, "cum_dist_start": 8000.0, "cum_dist_end": 8250.0, "anomaly": false}, "geometry": {"type": "LineString", "coordinates": [[140.11143403295662, 36.34622739776651], [140.11167033952466, 36.34610821909209], [140.11190748633638, 36.34599009521242], [140.11214463314806, 36.345871971332755], [140.11238371732344, 36.34575648936921], [140.11262551057334, 36.345644701677244], [140.11286730382324, 36.34553291398529], [140.11310909707313, 36.345421126293324], [140.11335436455167, 36.34531445096985], [140.11360056308558, 36.345209145705375], [140.11384676161947, 36.345103840440906]]}}, {"type": "Feature", "properties": {"id": "北関東道-下り-0-33", "route": "北関東道", "direction": "下り", "from": "桜川筑西IC", "to": "笠間西IC", "grade": 0.42, "elevation_start": 66.2, "elevation_end": 67.3, "quality": "estimated", "structure": "tunnel", "chain_rank": 0, "cum_dist_start": 8250.0, "cum_dist_end": 8500.0, "anomaly": false}, "geometry": {"type": "LineString", "coordinates": [[140.11384676161947, 36.345103840440906], [140.11409392763954, 36.3450001103122], [140.11434635180643, 36.34490494081778], [140.11459877597332, 36.34480977132336], [140.1148512001402, 36.34471460182894], [140.11510562320439, 36.34462305190283], [140.11536164567735, 36.34453439815831], [140.11561766815032, 36.34444574441379], [140.1158736906233, 36.34435709066927], [140.11613029852828, 36.344269560409344], [140.11638742379236, 36.34418302299734]]}}, {"type": "Feature", "properties": {"id": "北関東道-下り-0-34", "route": "北関東道", "direction": "下り", "from": "桜川筑西IC", "to": "笠間西IC", "grade": 0.42, "elevation_start": 67.3, "elevation_end": 68.3, "quality": "estimated", "structure": "tunnel", "chain_rank": 0, "cum_dist_start": 8500.0, "cum_dist_end": 8750.0, "anomaly": false}, "geometry": {"type": "LineString", "coordinates": [[140.11638742379236, 36.34418302299734], [140.11664454905647, 36.34409648558533], [140.11690167432056, 36.34400994817333], [140.1171595167608, 36.34392488262405], [140.11742045205986, 36.343846164557924], [140.11768138735889, 36.343767446491796], [140.11794232265794, 36.34368872842566], [140.11820551859225, 36.343615255815], [140.1184703744519, 36.34354563480508], [140.11873523031156, 36.34347601379516], [140.11900008617124, 36.34340639278524]]}}, {"type": "Feature", "properties": {"id": "北関東道-下り-0-35", "route": "北関東道", "direction": "下り", "from": "桜川筑西IC", "to": "笠間西IC", "grade": 0.42, "elevation_start": 68.3, "elevation_end": 69.4, "quality": "estimated", "structure": "tunnel", "chain_rank": 0, "cum_dist_start": 8750.0, "cum_dist_end": 9000.0, "anomaly": false}, "geometry": {"type": "LineString", "coordinates": [[140.11900008617124, 36.34340639278524], [140.1192671423329, 36.34334251273151], [140.1195342077868, 36.34327865692284], [140.1198012732407, 36.34321480111418], [140.12006936447264, 36.343154007253666], [140.12033972898934, 36.343099999150084], [140.12061009350603, 36.3430459910465], [140.12088045802273, 36.34299198294291], [140.1211513335623, 36.34293975326108], [140.1214234096511, 36.342891701636795], [140.12169548573993, 36.34284365001252]]}}, {"type": "Feature", "properties": {"id": "北関東道-下り-0-36", "route": "北関東道", "direction": "下り", "from": "桜川筑西IC", "to": "笠間西IC", "grade": 0.42, "elevation_start": 69.4, "elevation_end": 70.4, "quality": "estimated", "structure": "tunnel", "chain_rank": 0, "cum_dist_start": 9000.0, "cum_dist_end": 9250.0, "anomaly": false}, "geometry": {"type": "LineString", "coordinates": [[140.12169548573993, 36.34284365001252], [140.12196756182877, 36.342795598388236], [140.1222396379176, 36.34274754676396], [140.12251290241298, 36.3427042637929], [140.1227867299237, 36.34266324000224], [140.1230605574344, 36.34262221621157], [140.1233343849451, 36.34258119242091], [140.12360912370258, 36.34254448216571], [140.1238842433331, 36.34250957483538], [140.1241593629636, 36.342474667505066], [140.12443448259415, 36.34243976017475]]}}, {"type": "Feature", "properties": {"id": "北関東道-下り-0-37", "route": "北関東道", "direction": "下り", "from": "桜川筑西IC", "to": "笠間西IC", "grade": 0.42, "elevation_start": 70.4, "elevation_end": 71.5, "quality": "estimated", "structure": "tunnel", "chain_rank": 0, "cum_dist_start": 9250.0, "cum_dist_end": 9500.0, "anomaly": false}, "geometry": {"type": "LineString", "coordinates": [[140.12443448259415, 36.34243976017475], [140.12471068060867, 36.342411286235865], [140.12498735273087, 36.34238564071439], [140.12526402485307, 36.342359995192915], [140.12554069697524, 36.34233434967144], [140.1258178483222, 36.34231236712119], [140.1260950221608, 36.34229055648631], [140.12637219599938, 36.34226874585144], [140.12664936983796, 36.34224693521657], [140.126926849993, 36.34222791020342], [140.12720442689567, 36.34220976500716]]}}, {"type": "Feature", "properties": {"id": "北関東道-下り-0-38", "route": "北関東道", "direction": "下り", "from": "桜川筑西IC", "to": "笠間西IC", "grade": 0.42, "elevation_start": 71.5, "elevation_end": 72.6, "quality": "estimated", "structure": "tunnel", "chain_rank": 0, "cum_dist_start": 9500.0, "cum_dist_end": 9750.0, "anomaly": false}, "geometry": {"type": "LineString", "coordinates": [[140.12720442689567, 36.34220976500716], [140.12748200379835, 36.3421916198109], [140.12775958070102, 36.34217347461464], [140.1280373944778, 36.34215813974395], [140.128315445234, 36.342145616448384], [140.1285934959902, 36.34213309315281], [140.12887154674638, 36.342120569857244], [140.1291495975026, 36.34210804656167], [140.12942768213358, 36.34209611456546], [140.12970597165605, 36.342087759039], [140.12998426117855, 36.34207940351255]]}}, {"type": "Feature", "properties": {"id": "北関東道-下り-0-39", "route": "北関東道", "direction": "下り", "from": "桜川筑西IC", "to": "笠間西IC", "grade": 0.42, "elevation_start": 72.6, "elevation_end": 73.6, "quality": "estimated", "structure": "tunnel", "chain_rank": 0, "cum_dist_start": 9750.0, "cum_dist_end": 10000.0, "anomaly": false}, "geometry": {"type": "LineString", "coordinates": [[140.12998426117855, 36.34207940351255], [140.13026255070102, 36.342071047986096], [140.1305408402235, 36.34206269245964], [140.13081912974596, 36.34205433693318], [140.13109741932132, 36.3420459826079], [140.13137573261858, 36.34203816687046], [140.1316540459158, 36.34203035113302], [140.13193235921304, 36.34202253539557], [140.1322106725103, 36.34201471965813], [140.13248898580753, 36.34200690392069], [140.13276729910476, 36.34199908818324]]}}, {"type": "Feature", "properties": {"id": "北関東道-下り-0-40", "route": "北関東道", "direction": "下り", "from": "桜川筑西IC", "to": "笠間西IC", "grade": 0.42, "elevation_start": 73.6, "elevation_end": 74.7, "quality": "estimated", "structure": "tunnel", "chain_rank": 0, "cum_dist_start": 10000.0, "cum_dist_end": 10250.0, "anomaly": false}, "geometry": {"type": "LineString", "coordinates": [[140.13276729910476, 36.34199908818324], [140.13304563864784, 36.34199256187274], [140.13332411905017, 36.34199295581144], [140.1336025994525, 36.34199334975013], [140.13388107985483, 36.34199374368883], [140.13415956025716, 36.34199413762752], [140.1344380406595, 36.34199453156622], [140.13471650810968, 36.34199603347161], [140.13499494785748, 36.34199990513031], [140.13527338760528, 36.342003776789], [140.13555182735305, 36.3420076484477]]}}, {"type": "Feature", "properties": {"id": "北関東道-下り-0-41", "route": "北関東道", "direction": "下り", "from": "桜川筑西IC", "to": "笠間西IC", "grade": 0.42, "elevation_start": 74.7, "elevation_end": 75.7, "quality": "estimated", "structure": "tunnel", "chain_rank": 0, "cum_dist_start": 10250.0, "cum_dist_end": 10500.0, "anomaly": false}, "geometry": {"type": "LineString", "coordinates": [[140.13555182735305, 36.3420076484477], [140.13583026710086, 36.34201152010639], [140.13610870684866, 36.34201539176509], [140.13638690788974, 36.34202478118777], [140.13666500064397, 36.34203667368756], [140.1369430933982, 36.342048566187344], [140.13722118615246, 36.342060458687136], [140.1374992279954, 36.34207306173483], [140.13777715492338, 36.342087268602775], [140.13805508185138, 36.34210147547071], [140.1383326717958, 36.34211941439721]]}}, {"type": "Feature", "properties": {"id": "北関東道-下り-0-42", "route": "北関東道", "direction": "下り", "from": "桜川筑西IC", "to": "笠間西IC", "grade": -0.05, "elevation_start": 75.7, "elevation_end": 75.6, "quality": "estimated", "structure": "normal", "chain_rank": 0, "cum_dist_start": 10500.0, "cum_dist_end": 10750.0, "anomaly": false}, "geometry": {"type": "LineString", "coordinates": [[140.1383326717958, 36.34211941439721], [140.138610199179, 36.342138046182896], [140.13888760068775, 36.34215773382421], [140.13916441260764, 36.3421823670328], [140.13944122452753, 36.34220700024139], [140.13971777343804, 36.342233485927956], [140.1399940625604, 36.34226158357086], [140.14026950565713, 36.34229477611448], [140.14054494875387, 36.34232796865809], [140.1408203918506, 36.34236116120171], [140.14109583494735, 36.34239435374532]]}}, {"type": "Feature", "properties": {"id": "北関東道-下り-0-43", "route": "北関東道", "direction": "下り", "from": "桜川筑西IC", "to": "笠間西IC", "grade": -0.78, "elevation_start": 75.6, "elevation_end": 73.7, "quality": "measured", "structure": "normal", "chain_rank": 0, "cum_dist_start": 10750.0, "cum_dist_end": 11000.0, "anomaly": false}, "geometry": {"type": "LineString", "coordinates": [[140.14109583494735, 36.34239435374532], [140.14137013005376, 36.34243319508209], [140.14164420475558, 36.34247312093991], [140.14191827945743, 36.34251304679773], [140.1421909647523, 36.342558560739725], [140.1424628001599, 36.34260749286067], [140.14273463556754, 36.34265642498162], [140.1430062833196, 36.342706014920374], [140.14327711596647, 36.34275846217295], [140.14354794861333, 36.34281090942552], [140.1438187812602, 36.342863356678095]]}}, {"type": "Feature", "properties": {"id": "北関東道-下り-0-44", "route": "北関東道", "direction": "下り", "from": "桜川筑西IC", "to": "笠間西IC", "grade": -1.32, "elevation_start": 73.7, "elevation_end": 70.4, "quality": "measured", "structure": "normal", "chain_rank": 0, "cum_dist_start": 11000.0, "cum_dist_end": 11250.0, "anomaly": false}, "geometry": {"type": "LineString", "coordinates": [[140.1438187812602, 36.342863356678095], [140.14408770920625, 36.342921857751094], [140.1443565677708, 36.34298057934333], [140.14462542633535, 36.343039300935565], [140.14489323924136, 36.34310104458015], [140.14516069343293, 36.343163824943346], [140.1454270119463, 36.343229617787], [140.14569223843571, 36.34329830731458], [140.14595746492515, 36.343366996842164], [140.14622269141455, 36.34343568636974], [140.1464854515573, 36.343510310899624]]}}, {"type": "Feature", "properties": {"id": "北関東道-下り-0-45", "route": "北関東道", "direction": "下り", "from": "桜川筑西IC", "to": "笠間西IC", "grade": -1.26, "elevation_start": 70.4, "elevation_end": 67.2, "quality": "measured", "structure": "normal", "chain_rank": 0, "cum_dist_start": 11250.0, "cum_dist_end": 11500.0, "anomaly": false}, "geometry": {"type": "LineString", "coordinates": [[140.1464854515573, 36.343510310899624], [140.146748090649, 36.343585226726056], [140.14700990729096, 36.34366199666718], [140.14727146812317, 36.34373934330092], [140.14753213273, 36.343818622622535], [140.14779201470228, 36.34389958967618], [140.14805184491541, 36.34398066140805], [140.14830903484443, 36.34406707287966], [140.14856622477345, 36.344153484351274], [140.14882341470246, 36.34423989582289], [140.1490774604015, 36.344332167926694]]}}, {"type": "Feature", "properties": {"id": "北関東道-下り-0-46", "route": "北関東道", "direction": "下り", "from": "桜川筑西IC", "to": "笠間西IC", "grade": 0.16, "elevation_start": 67.2, "elevation_end": 67.6, "quality": "estimated", "structure": "bridge", "chain_rank": 0, "cum_dist_start": 11500.0, "cum_dist_end": 11750.0, "anomaly": false}, "geometry": {"type": "LineString", "coordinates": [[140.1490774604015, 36.344332167926694], [140.1493311129381, 36.34442517285867], [140.14958476547474, 36.344518177790654], [140.149837156351, 36.34461337808476], [140.1500885118167, 36.34471038005321], [140.15033812637452, 36.34481026079284], [140.1505869110572, 36.3449115058213], [140.15083448709507, 36.345014675022774], [140.15108206313298, 36.34511784422425], [140.15132796360237, 36.345223553107736], [140.1515716821564, 36.345332569149996]]}}, {"type": "Feature", "properties": {"id": "北関東道-下り-0-47", "route": "北関東道", "direction": "下り", "from": "桜川筑西IC", "to": "笠間西IC", "grade": 0.26, "elevation_start": 67.6, "elevation_end": 68.3, "quality": "estimated", "structure": "bridge", "chain_rank": 0, "cum_dist_start": 11750.0, "cum_dist_end": 12000.0, "anomaly": false}, "geometry": {"type": "LineString", "coordinates": [[140.1515716821564, 36.345332569149996], [140.15181540071043, 36.345441585192255], [140.1520587428167, 36.34555113911173], [140.1522996313464, 36.34566419875762], [140.15254051987608, 36.345777258403515], [140.1527814084058, 36.345890318049406], [140.1530222969355, 36.346003377695304], [140.15326352791539, 36.346115955258995], [140.15350570972294, 36.34622719430089], [140.15374789153046, 36.34633843334278], [140.153990073338, 36.34644967238467]]}}, {"type": "Feature", "properties": {"id": "北関東道-下り-0-48", "route": "北関東道", "direction": "下り", "from": "桜川筑西IC", "to": "笠間西IC", "grade": 2.48, "elevation_start": 68.3, "elevation_end": 74.5, "quality": "measured", "structure": "normal", "chain_rank": 0, "cum_dist_start": 12000.0, "cum_dist_end": 12250.0, "anomaly": false}, "geometry": {"type": "LineString", "coordinates": [[140.153990073338, 36.34644967238467], [140.1542323022811, 36.346560841891865], [140.15447848226228, 36.34666618279693], [140.1547246622435, 36.346771523701996], [140.1549708422247, 36.34687686460706], [140.15522038281793, 36.34697689442563], [140.15546999960463, 36.347076803828564], [140.15572148840977, 36.34717350487628], [140.15597550458554, 36.347265874394736], [140.15623120075264, 36.34735511579869], [140.15648802592546, 36.34744225501368]]}}, {"type": "Feature", "properties": {"id": "北関東道-下り-0-49", "route": "北関東道", "direction": "下り", "from": "桜川筑西IC", "to": "笠間西IC", "grade": 9.04, "elevation_start": 74.5, "elevation_end": 97.1, "quality": "estimated", "structure": "normal", "chain_rank": 0, "cum_dist_start": 12250.0, "cum_dist_end": 12500.0, "anomaly": true}, "geometry": {"type": "LineString", "coordinates": [[140.15648802592546, 36.34744225501368], [140.1567483106493, 36.34752235656306], [140.15700926650183, 36.347601046721486], [140.15727126995804, 36.34767743631931], [140.1575348153872, 36.34775020000069], [140.15779947023933, 36.34782035489776], [140.15806640360302, 36.34788453887807], [140.15833389719296, 36.34794725476649], [140.15860337194675, 36.34800413901716], [140.15887315581358, 36.34806001131361], [140.15914523856705, 36.348108106013015]]}}, {"type": "Feature", "properties": {"id": "北関東道-下り-0-50", "route": "北関東道", "direction": "下り", "from": "桜川筑西IC", "to": "笠間西IC", "grade": -3.91, "elevation_start": 97.1, "elevation_end": 87.3, "quality": "measured", "structure": "normal", "chain_rank": 0, "cum_dist_start": 12500.0, "cum_dist_end": 12750.0, "anomaly": false}, "geometry": {"type": "LineString", "coordinates": [[140.15914523856705, 36.348108106013015], [140.1594173752458, 36.34815598715351], [140.15969098295952, 36.34819804258871], [140.15996459067324, 36.348240098023915], [140.16023966100093, 36.34827486421746], [140.16051577659604, 36.348304276299714], [140.16079223190627, 36.348331548630426], [140.16106921899896, 36.348354654555116], [140.16134673130128, 36.34837364557071], [140.16162446219076, 36.348390196200945], [140.16190246077556, 36.34840375818498]]}}, {"type": "Feature", "properties": {"id": "北関東道-下り-0-51", "route": "北関東道", "direction": "下り", "from": "桜川筑西IC", "to": "笠間西IC", "grade": 2.92, "elevation_start": 87.3, "elevation_end": 94.6, "quality": "measured", "structure": "normal", "chain_rank": 0, "cum_dist_start": 12750.0, "cum_dist_end": 13000.0, "anomaly": false}, "geometry": {"type": "LineString", "coordinates": [[140.16190246077556, 36.34840375818498], [140.1621805327087, 36.34841597876808], [140.16245892600867, 36.34842232216558], [140.16273733955333, 36.34842653397936], [140.16301582047845, 36.348423651241816], [140.16329430140354, 36.348420768504276], [140.16357246785074, 36.34841009439106], [140.16385058820578, 36.348398278317305], [140.1641284431477, 36.3483836250007], [140.16440559488734, 36.34836145451296], [140.164682746627, 36.34833928402522]]}}, {"type": "Feature", "properties": {"id": "北関東道-下り-0-52", "route": "北関東道", "direction": "下り", "from": "桜川筑西IC", "to": "笠間西IC", "grade": -0.99, "elevation_start": 94.6, "elevation_end": 92.1, "quality": "measured", "structure": "normal", "chain_rank": 0, "cum_dist_start": 13000.0, "cum_dist_end": 13250.0, "anomaly": false}, "geometry": {"type": "LineString", "coordinates": [[140.164682746627, 36.34833928402522], [140.16495911176958, 36.34831151943838], [140.16523534013675, 36.34828278213563], [140.16551075817267, 36.34824986548193], [140.16578459942193, 36.34820881641947], [140.16605765867183, 36.348164547167606], [140.16633035071587, 36.34811876580121], [140.16660212965405, 36.34806974623315], [140.16687239347505, 36.348015353514455], [140.16714258909002, 36.34796075703445], [140.1674098591256, 36.347897420566824]]}}, {"type": "Feature", "properties": {"id": "北関東道-下り-0-53", "route": "北関東道", "direction": "下り", "from": "桜川筑西IC", "to": "笠間西IC", "grade": -1.72, "elevation_start": 92.1, "elevation_end": 87.9, "quality": "estimated", "structure": "bridge", "chain_rank": 0, "cum_dist_start": 13250.0, "cum_dist_end": 13500.0, "anomaly": false}, "geometry": {"type": "LineString", "coordinates": [[140.1674098591256, 36.347897420566824], [140.16767712916115, 36.3478340840992], [140.16794289569836, 36.34776682324376], [140.16820760948636, 36.347696814532945], [140.16847232327436, 36.34762680582213], [140.16873482211778, 36.34755159854889], [140.16899665380376, 36.347474825430766], [140.1692572818923, 36.347395471178025], [140.169516592166, 36.34731329084958], [140.1697759024397, 36.347231110521136], [140.17003521271343, 36.347148930192695]]}}, {"type": "Feature", "properties": {"id": "北関東道-下り-0-54", "route": "北関東道", "direction": "下り", "from": "桜川筑西IC", "to": "笠間西IC", "grade": -1.72, "elevation_start": 87.9, "elevation_end": 83.6, "quality": "estimated", "structure": "bridge", "chain_rank": 0, "cum_dist_start": 13500.0, "cum_dist_end": 13750.0, "anomaly": false}, "geometry": {"type": "LineString", "coordinates": [[140.17003521271343, 36.347148930192695], [140.17029452298712, 36.347066749864254], [140.17055383326084, 36.346984569535806], [140.17081314353456, 36.346902389207365], [140.1710722189554, 36.34681972899779], [140.17133116706208, 36.346736808643826], [140.17159011516878, 36.346653888289865], [140.1718490632755, 36.3465709679359], [140.17210801138216, 36.346488047581936], [140.17236695948887, 36.346405127227975], [140.17262590759555, 36.346322206874014]]}}, {"type": "Feature", "properties": {"id": "北関東道-下り-0-55", "route": "北関東道", "direction": "下り", "from": "桜川筑西IC", "to": "笠間西IC", "grade": -1.42, "elevation_start": 83.6, "elevation_end": 80.0, "quality": "estimated", "structure": "bridge", "chain_rank": 0, "cum_dist_start": 13750.0, "cum_dist_end": 14000.0, "anomaly": false}, "geometry": {"type": "LineString", "coordinates": [[140.17262590759555, 36.346322206874014], [140.17288477992918, 36.34623913346259], [140.1731435084495, 36.34615576955619], [140.17340223696982, 36.346072405649785], [140.17366096549014, 36.34598904174339], [140.17391969401044, 36.34590567783698], [140.17417842253076, 36.34582231393058], [140.17443715105108, 36.34573895002418], [140.17469566237838, 36.34565514914829], [140.17495416318928, 36.345571327114556], [140.1752126640002, 36.34548750508081]]}}, {"type": "Feature", "properties": {"id": "北関東道-下り-0-56", "route": "北関東道", "direction": "下り", "from": "笠間西IC", "to": "笠間PA（東行き）", "grade": -1.31, "elevation_start": 80.0, "elevation_end": 76.7, "quality": "measured", "structure": "normal", "chain_rank": 0, "cum_dist_start": 14000.0, "cum_dist_end": 14250.0, "anomaly": false}, "geometry": {"type": "LineString", "coordinates": [[140.1752126640002, 36.34548750508081], [140.1754711648111, 36.345403683047074], [140.17572980441065, 36.34532014353446], [140.17598845662317, 36.34523662969707], [140.17624710883567, 36.34515311585968], [140.17650637782987, 36.3450708665772], [140.17676572802637, 36.34498878377948], [140.17702507822284, 36.34490670098176], [140.1772844284193, 36.344824618184035], [140.17754456183047, 36.34474422056753], [140.17780648721, 36.34466767858814]]}}, {"type": "Feature", "properties": {"id": "北関東道-下り-0-57", "route": "北関東道", "direction": "下り", "from": "笠間西IC", "to": "笠間PA（東行き）", "grade": -1.63, "elevation_start": 76.7, "elevation_end": 72.7, "quality": "measured", "structure": "normal", "chain_rank": 0, "cum_dist_start": 14250.0, "cum_dist_end": 14500.0, "anomaly": false}, "geometry": {"type": "LineString", "coordinates": [[140.17780648721, 36.34466767858814], [140.17806841258954, 36.34459113660875], [140.1783303379691, 36.34451459462936], [140.17859321806029, 36.344440258200336], [140.1788569237136, 36.344367828963684], [140.17912088256352, 36.34429600997633], [140.17938515248406, 36.344224940724914], [140.17965003630343, 36.34415542982614], [140.17991639090633, 36.34408965244065], [140.18018274550923, 36.344023875055164], [140.18044935787847, 36.3439588003826]]}}, {"type": "Feature", "properties": {"id": "北関東道-下り-0-58", "route": "北関東道", "direction": "下り", "from": "笠間西IC", "to": "笠間PA（東行き）", "grade": 0.25, "elevation_start": 72.7, "elevation_end": 73.3, "quality": "measured", "structure": "normal", "chain_rank": 0, "cum_dist_start": 14500.0, "cum_dist_end": 14750.0, "anomaly": false}, "geometry": {"type": "LineString", "coordinates": [[140.18044935787847, 36.3439588003826], [140.18071692336534, 36.34389632406328], [140.1809844888522, 36.343833847743966], [140.18125205433907, 36.343771371424644], [140.18152084093774, 36.343712450061304], [140.1817898734129, 36.3436542445047], [140.1820592730896, 36.343597176524376], [140.1823291132866, 36.3435414732591], [140.18259905168813, 36.34348609613721], [140.18287032016224, 36.343435136272085], [140.18314206859807, 36.34338590151546]]}}, {"type": "Feature", "properties": {"id": "北関東道-下り-0-59", "route": "北関東道", "direction": "下り", "from": "笠間西IC", "to": "笠間PA（東行き）", "grade": 1.72, "elevation_start": 73.3, "elevation_end": 77.6, "quality": "estimated", "structure": "normal", "chain_rank": 0, "cum_dist_start": 14750.0, "cum_dist_end": 15000.0, "anomaly": false}, "geometry": {"type": "LineString", "coordinates": [[140.18314206859807, 36.34338590151546], [140.1834141544468, 36.34333787950932], [140.1836862483353, 36.34328988810107], [140.18395893510007, 36.343244153066664], [140.18423162186483, 36.343198418032266], [140.18450430862958, 36.34315268299787], [140.18477799201497, 36.34311105627412], [140.18505181115668, 36.343069989170715], [140.1853257371737, 36.343029399170256], [140.18559993870656, 36.34299003910212], [140.18587414023943, 36.34295067903398]]}}, {"type": "Feature", "properties": {"id": "北関東道-下り-0-60", "route": "北関東道", "direction": "下り", "from": "笠間西IC", "to": "笠間PA（東行き）", "grade": 2.69, "elevation_start": 77.6, "elevation_end": 84.3, "quality": "estimated", "structure": "bridge", "chain_rank": 0, "cum_dist_start": 15000.0, "cum_dist_end": 15250.0, "anomaly": false}, "geometry": {"type": "LineString", "coordinates": [[140.18587414023943, 36.34295067903398], [140.18614878418518, 36.34291349137211], [140.1864240961934, 36.342879584136824], [140.1866994082016, 36.34284567690155], [140.1869750628664, 36.342813670943414], [140.1872510828301, 36.342783848265896], [140.1875276687482, 36.34275759172252], [140.1878041849216, 36.34273086151064], [140.1880806711243, 36.342703927754144], [140.18835715732703, 36.34267699399766], [140.18863419944282, 36.34265413182203]]}}, {"type": "Feature", "properties": {"id": "北関東道-下り-0-61", "route": "北関東道", "direction": "下り", "from": "笠間西IC", "to": "笠間PA（東行き）", "grade": 2.69, "elevation_start": 84.3, "elevation_end": 91.1, "quality": "estimated", "structure": "bridge", "chain_rank": 0, "cum_dist_start": 15250.0, "cum_dist_end": 15500.0, "anomaly": false}, "geometry": {"type": "LineString", "coordinates": [[140.18863419944282, 36.34265413182203], [140.18891128360764, 36.3426315776192], [140.18918845538468, 36.34260981370234], [140.18946607701145, 36.34259210755185], [140.18974389648702, 36.342576641267904], [140.19002180766307, 36.34256221313459], [140.19029971883913, 36.34254778500127], [140.19057763001518, 36.34253335686796], [140.1908556316945, 36.34252033205954], [140.19113388911856, 36.342511272776406], [140.19141214654263, 36.342502213493276]]}}, {"type": "Feature", "properties": {"id": "北関東道-下り-0-62", "route": "北関東道", "direction": "下り", "from": "笠間西IC", "to": "笠間PA（東行き）", "grade": 2.92, "elevation_start": 91.1, "elevation_end": 98.4, "quality": "measured", "structure": "normal", "chain_rank": 0, "cum_dist_start": 15500.0, "cum_dist_end": 15750.0, "anomaly": false}, "geometry": {"type": "LineString", "coordinates": [[140.19141214654263, 36.342502213493276], [140.19169040396667, 36.34249315421014], [140.19196875361646, 36.34248635615921], [140.19224714355266, 36.34248054586984], [140.19252553348886, 36.34247473558047], [140.1928039528548, 36.34247102932423], [140.19308243400263, 36.34247174006932], [140.19336091515046, 36.34247245081441], [140.1936393962983, 36.3424731615595], [140.1939178774461, 36.34247387230459], [140.19419635859393, 36.34247458304967]]}}, {"type": "Feature", "properties": {"id": "北関東道-下り-0-63", "route": "北関東道", "direction": "下り", "from": "笠間西IC", "to": "笠間PA（東行き）", "grade": 1.35, "elevation_start": 98.4, "elevation_end": 101.8, "quality": "measured", "structure": "normal", "chain_rank": 0, "cum_dist_start": 15750.0, "cum_dist_end": 16000.0, "anomaly": false}, "geometry": {"type": "LineString", "coordinates": [[140.19419635859393, 36.34247458304967], [140.1944745298855, 36.34248512204564], [140.19475269360683, 36.34249590115883], [140.1950308573282, 36.34250668027202], [140.19530902104955, 36.34251745938521], [140.19558718477091, 36.3425282384984], [140.19586498398533, 36.342543895755384], [140.19614272602547, 36.34256031816713], [140.19642046806564, 36.342576740578885], [140.1966982101058, 36.34259316299063], [140.19697564719104, 36.34261244640319]]}}, {"type": "Feature", "properties": {"id": "北関東道-下り-0-64", "route": "北関東道", "direction": "下り", "from": "笠間西IC", "to": "笠間PA（東行き）", "grade": -0.55, "elevation_start": 101.8, "elevation_end": 100.4, "quality": "measured", "structure": "normal", "chain_rank": 0, "cum_dist_start": 16000.0, "cum_dist_end": 16250.0, "anomaly": false}, "geometry": {"type": "LineString", "coordinates": [[140.19697564719104, 36.34261244640319], [140.19725276207492, 36.34263475261779], [140.1975298769588, 36.342657058832394], [140.1978069918427, 36.34267936504699], [140.19808410672658, 36.342701671261594], [140.1983607233968, 36.34272744346586], [140.1986367673786, 36.342757199768315], [140.19891281136037, 36.342786956070775], [140.1991888553422, 36.34281671237323], [140.19946489932397, 36.34284646867568], [140.19974009617349, 36.34288088547189]]}}, {"type": "Feature", "properties": {"id": "北関東道-下り-0-65", "route": "北関東道", "direction": "下り", "from": "笠間西IC", "to": "笠間PA（東行き）", "grade": -2.37, "elevation_start": 100.4, "elevation_end": 94.5, "quality": "measured", "structure": "normal", "chain_rank": 0, "cum_dist_start": 16250.0, "cum_dist_end": 16500.0, "anomaly": false}, "geometry": {"type": "LineString", "coordinates": [[140.19974009617349, 36.34288088547189], [140.20001503577203, 36.342916717533136], [140.20028997537054, 36.342952549594386], [140.20056491496905, 36.34298838165563], [140.2008398545676, 36.34302421371688], [140.2011147941661, 36.34306004577813], [140.20138974164846, 36.34309583680652], [140.20166517012748, 36.343129124403355], [140.2019405986065, 36.34316241200019], [140.20221602708554, 36.343195699597025], [140.20249221939417, 36.343224152689025]]}}, {"type": "Feature", "properties": {"id": "北関東道-下り-0-66", "route": "北関東道", "direction": "下り", "from": "笠間西IC", "to": "笠間PA（東行き）", "grade": -2.6, "elevation_start": 94.5, "elevation_end": 88.0, "quality": "measured", "structure": "normal", "chain_rank": 0, "cum_dist_start": 16500.0, "cum_dist_end": 16750.0, "anomaly": false}, "geometry": {"type": "LineString", "coordinates": [[140.20249221939417, 36.343224152689025], [140.20276914465083, 36.34324796673485], [140.20304606990751, 36.34327178078067], [140.20332299516417, 36.343295594826486], [140.2035999649652, 36.34331900815396], [140.20387770067668, 36.34333553140075], [140.2041554363882, 36.34335205464754], [140.20443317209967, 36.343368577894324], [140.20471090781118, 36.34338510114111], [140.20498888015936, 36.34339786506756], [140.2052672543031, 36.343404245883995]]}}, {"type": "Feature", "properties": {"id": "北関東道-下り-0-67", "route": "北関東道", "direction": "下り", "from": "笠間西IC", "to": "笠間PA（東行き）", "grade": -2.23, "elevation_start": 88.0, "elevation_end": 82.4, "quality": "measured", "structure": "normal", "chain_rank": 0, "cum_dist_start": 16750.0, "cum_dist_end": 17000.0, "anomaly": false}, "geometry": {"type": "LineString", "coordinates": [[140.2052672543031, 36.343404245883995], [140.20554562844683, 36.343410626700425], [140.20582400259056, 36.34341700751686], [140.2061024692803, 36.34341956728009], [140.20638093884858, 36.343422008192526], [140.2066594084169, 36.343424449104965], [140.20693787450196, 36.34342633268202], [140.2072162993257, 36.34342161421404], [140.2074947241494, 36.343416895746046], [140.20777309841276, 36.34341092475795], [140.20805131074616, 36.34340094231869]]}}, {"type": "Feature", "properties": {"id": "北関東道-下り-0-68", "route": "北関東道", "direction": "下り", "from": "笠間西IC", "to": "笠間PA（東行き）", "grade": 0.51, "elevation_start": 82.4, "elevation_end": 83.7, "quality": "measured", "structure": "normal", "chain_rank": 0, "cum_dist_start": 17000.0, "cum_dist_end": 17250.0, "anomaly": false}, "geometry": {"type": "LineString", "coordinates": [[140.20805131074616, 36.34340094231869], [140.20832952307956, 36.343390959879436], [140.20860757838025, 36.34337875954696], [140.20888538062997, 36.343362985181514], [140.2091631828797, 36.34334721081607], [140.2094407372351, 36.343329052213285], [140.2097178945861, 36.34330707523796], [140.20999505193709, 36.34328509826264], [140.21027220928806, 36.34326312128732], [140.2105485696088, 36.34323534944059], [140.21082492182256, 36.34320751865151]]}}, {"type": "Feature", "properties": {"id": "北関東道-下り-0-69", "route": "北関東道", "direction": "下り", "from": "笠間西IC", "to": "笠間PA（東行き）", "grade": 2.88, "elevation_start": 83.7, "elevation_end": 90.9, "quality": "measured", "structure": "normal", "chain_rank": 0, "cum_dist_start": 17250.0, "cum_dist_end": 17500.0, "anomaly": false}, "geometry": {"type": "LineString", "coordinates": [[140.21082492182256, 36.34320751865151], [140.21110127403634, 36.343179687862424], [140.21137680183998, 36.34314711814853], [140.21165191670943, 36.34311217478118], [140.21192672530427, 36.3430757186042], [140.21220125434482, 36.343037881599514], [140.21247578338534, 36.34300004459483], [140.2127503124259, 36.34296220759014], [140.21302388903652, 36.342920310091536], [140.21329647321832, 36.34287418157137], [140.2135690574001, 36.34282805305121]]}}, {"type": "Feature", "properties": {"id": "北関東道-下り-0-70", "route": "北関東道", "direction": "下り", "from": "笠間西IC", "to": "笠間PA（東行き）", "grade": 2.89, "elevation_start": 90.9, "elevation_end": 98.1, "quality": "measured", "structure": "normal", "chain_rank": 0, "cum_dist_start": 17500.0, "cum_dist_end": 17750.0, "anomaly": false}, "geometry": {"type": "LineString", "coordinates": [[140.2135690574001, 36.34282805305121], [140.21384164158187, 36.34278192453104], [140.21411346103, 36.34273308945592], [140.21438375515365, 36.34267885593296], [140.2146540492773, 36.34262462241], [140.21492434340095, 36.34257038888704], [140.21519419541522, 36.342514757573994], [140.215463488181, 36.34245735811938], [140.2157327809468, 36.34239995866477], [140.21599991887797, 36.342336330371744], [140.21626693132427, 36.34227233934779]]}}, {"type": "Feature", "properties": {"id": "北関東道-下り-0-71", "route": "北関東道", "direction": "下り", "from": "笠間西IC", "to": "笠間PA（東行き）", "grade": 0.95, "elevation_start": 98.1, "elevation_end": 100.5, "quality": "measured", "structure": "normal", "chain_rank": 0, "cum_dist_start": 17750.0, "cum_dist_end": 18000.0, "anomaly": false}, "geometry": {"type": "LineString", "coordinates": [[140.21626693132427, 36.34227233934779], [140.21653394377054, 36.34220834832382], [140.21680095621684, 36.342144357299865], [140.21706810926855, 36.34208075687882], [140.21733568996297, 36.34201834445256], [140.2176032706574, 36.3419559320263], [140.21787085135185, 36.34189351960004], [140.21813843204626, 36.34183110717379], [140.2184060127407, 36.34176869474753], [140.21867359343514, 36.34170628232127], [140.21894117412955, 36.34164386989501]]}}, {"type": "Feature", "properties": {"id": "北関東道-下り-0-72", "route": "北関東道", "direction": "下り", "from": "笠間西IC", "to": "笠間PA（東行き）", "grade": -2.01, "elevation_start": 100.5, "elevation_end": 95.5, "quality": "estimated", "structure": "bridge", "chain_rank": 0, "cum_dist_start": 18000.0, "cum_dist_end": 18250.0, "anomaly": false}, "geometry": {"type": "LineString", "coordinates": [[140.21894117412955, 36.34164386989501], [140.219208754824, 36.34158145746875], [140.21947633551844, 36.341519045042496], [140.21974391621285, 36.341456632616236], [140.2200114969073, 36.341394220189976], [140.22027907760173, 36.341331807763716], [140.22054665829614, 36.341269395337456], [140.22081423899058, 36.3412069829112], [140.22108259685135, 36.34114680241378], [140.22135100204412, 36.341086757848174], [140.2216194072369, 36.34102671328257]]}}, {"type": "Feature", "properties": {"id": "北関東道-下り-0-73", "route": "北関東道", "direction": "下り", "from": "笠間西IC", "to": "笠間PA（東行き）", "grade": -2.23, "elevation_start": 95.5, "elevation_end": 89.9, "quality": "estimated", "structure": "bridge", "chain_rank": 0, "cum_dist_start": 18250.0, "cum_dist_end": 18500.0, "anomaly": false}, "geometry": {"type": "LineString", "coordinates": [[140.2216194072369, 36.34102671328257], [140.22188781242963, 36.34096666871696], [140.2221562176224, 36.34090662415136], [140.2224269012709, 36.3408537377994], [140.22269775733915, 36.34080139313776], [140.22296861340737, 36.34074904847613], [140.22323946947563, 36.34069670381449], [140.22351098088774, 36.34064669292348], [140.22378319064998, 36.34059916895443], [140.22405540041225, 36.340551644985375], [140.2243276101745, 36.34050412101632]]}}, {"type": "Feature", "properties": {"id": "北関東道-下り-0-74", "route": "北関東道", "direction": "下り", "from": "笠間西IC", "to": "笠間PA（東行き）", "grade": -2.72, "elevation_start": 89.9, "elevation_end": 83.1, "quality": "estimated", "structure": "normal", "chain_rank": 0, "cum_dist_start": 18500.0, "cum_dist_end": 18750.0, "anomaly": false}, "geometry": {"type": "LineString", "coordinates": [[140.2243276101745, 36.34050412101632], [140.22460064350707, 36.3404599619262], [140.22487469054184, 36.340419944541054], [140.22514873757663, 36.34037992715591], [140.2254227846114, 36.34033990977076], [140.2256968316462, 36.340299892385616], [140.22597235591314, 36.34026724113556], [140.2262479782969, 36.34023507913931], [140.22652360068065, 36.34020291714307], [140.2267992230644, 36.340170755146815], [140.22707484544816, 36.34013859315057]]}}, {"type": "Feature", "properties": {"id": "北関東道-下り-0-75", "route": "北関東道", "direction": "下り", "from": "笠間西IC", "to": "笠間PA（東行き）", "grade": -0.89, "elevation_start": 83.1, "elevation_end": 80.9, "quality": "measured", "structure": "normal", "chain_rank": 0, "cum_dist_start": 18750.0, "cum_dist_end": 19000.0, "anomaly": false}, "geometry": {"type": "LineString", "coordinates": [[140.22707484544816, 36.34013859315057], [140.22735121412506, 36.34011111015041], [140.22762789533104, 36.3400855865978], [140.227904576537, 36.3400600630452], [140.22818125774296, 36.34003453949259], [140.22845855481197, 36.34001423693616], [140.22873620728308, 36.33999694731067], [140.2290138597542, 36.33997965768518], [140.2292915122253, 36.33996236805968], [140.22956942111557, 36.339948404166066], [140.2298475761495, 36.33993763273246]]}}, {"type": "Feature", "properties": {"id": "北関東道-下り-0-76", "route": "北関東道", "direction": "下り", "from": "笠間西IC", "to": "笠間PA（東行き）", "grade": -0.83, "elevation_start": 80.9, "elevation_end": 78.8, "quality": "estimated", "structure": "normal", "chain_rank": 0, "cum_dist_start": 19000.0, "cum_dist_end": 19250.0, "anomaly": false}, "geometry": {"type": "LineString", "coordinates": [[140.2298475761495, 36.33993763273246], [140.23012573118345, 36.33992686129885], [140.23040388621737, 36.339916089865234], [140.2306821371014, 36.33990824405145], [140.23096060675408, 36.33990707568445], [140.23123907640675, 36.33990590731745], [140.23151754605942, 36.33990473895045], [140.23179597598875, 36.33990706330118], [140.23207437190413, 36.33991237836102], [140.23235276781952, 36.339917693420865], [140.23263109950886, 36.33992457107541]]}}, {"type": "Feature", "properties": {"id": "北関東道-下り-0-77", "route": "北関東道", "direction": "下り", "from": "笠間西IC", "to": "笠間PA（東行き）", "grade": -0.67, "elevation_start": 78.8, "elevation_end": 77.1, "quality": "estimated", "structure": "tunnel", "chain_rank": 0, "cum_dist_start": 19250.0, "cum_dist_end": 19500.0, "anomaly": false}, "geometry": {"type": "LineString", "coordinates": [[140.23263109950886, 36.33992457107541], [140.2329093165567, 36.339934237913255], [140.2331875336045, 36.3399439047511], [140.2334657005039, 36.33995418543638], [140.23374306943026, 36.33997423379699], [140.23402043835662, 36.33999428215759], [140.23429780728299, 36.340014330518194], [140.23457486769755, 36.34003688719148], [140.2348516783403, 36.3400614745996], [140.2351284889831, 36.340086062007714], [140.235405016859, 36.34011252105367]]}}, {"type": "Feature", "properties": {"id": "北関東道-下り-0-78", "route": "北関東道", "direction": "下り", "from": "笠間西IC", "to": "笠間PA（東行き）", "grade": -0.67, "elevation_start": 77.1, "elevation_end": 75.4, "quality": "estimated", "structure": "tunnel", "chain_rank": 0, "cum_dist_start": 19500.0, "cum_dist_end": 19750.0, "anomaly": false}, "geometry": {"type": "LineString", "coordinates": [[140.235405016859, 36.34011252105367], [140.23568099480823, 36.34014262007172], [140.23595697275746, 36.34017271908977], [140.2362329507067, 36.34020281810782], [140.2365083782424, 36.34023593783496], [140.23678334706818, 36.34027157499519], [140.237058315894, 36.34030721215543], [140.23733324275028, 36.340343053919035], [140.2376076866521, 36.34038125010891], [140.2378821305539, 36.34041944629878], [140.2381565744557, 36.34045764248866]]}}, {"type": "Feature", "properties": {"id": "北関東道-下り-0-79", "route": "北関東道", "direction": "下り", "from": "笠間西IC", "to": "笠間PA（東行き）", "grade": -0.67, "elevation_start": 75.4, "elevation_end": 73.8, "quality": "estimated", "structure": "tunnel", "chain_rank": 0, "cum_dist_start": 19750.0, "cum_dist_end": 20000.0, "anomaly": false}, "geometry": {"type": "LineString", "coordinates": [[140.2381565744557, 36.34045764248866], [140.23843080224694, 36.34049674896322], [140.2387032022622, 36.3405435542579], [140.23897560227743, 36.34059035955258], [140.23924800229267, 36.34063716484726], [140.23952040230793, 36.340683970141946], [140.23979153672468, 36.34073527136467], [140.24006211269332, 36.34078855642558], [140.24033268866197, 36.34084184148648], [140.24060326463058, 36.34089512654738], [140.24087384059922, 36.34094841160829]]}}, {"type": "Feature", "properties": {"id": "北関東道-下り-0-80", "route": "北関東道", "direction": "下り", "from": "笠間西IC", "to": "笠間PA（東行き）", "grade": -0.67, "elevation_start": 73.8, "elevation_end": 72.1, "quality": "estimated", "structure": "tunnel", "chain_rank": 0, "cum_dist_start": 20000.0, "cum_dist_end": 20250.0, "anomaly": false}, "geometry": {"type": "LineString", "coordinates": [[140.24087384059922, 36.34094841160829], [140.2411439016424, 36.34100328301648], [140.24141191252897, 36.34106447040756], [140.24167992341557, 36.34112565779865], [140.24194793430215, 36.34118684518974], [140.24221594518872, 36.34124803258082], [140.24248394805562, 36.341309243690446], [140.24275192772694, 36.34137052340201], [140.24301990739824, 36.34143180311358], [140.24328788706956, 36.341493082825146], [140.24355586674088, 36.34155436253671]]}}, {"type": "Feature", "properties": {"id": "北関東道-下り-0-81", "route": "北関東道", "direction": "下り", "from": "笠間西IC", "to": "笠間PA（東行き）", "grade": -0.67, "elevation_start": 72.1, "elevation_end": 70.4, "quality": "estimated", "structure": "tunnel", "chain_rank": 0, "cum_dist_start": 20250.0, "cum_dist_end": 20500.0, "anomaly": false}, "geometry": {"type": "LineString", "coordinates": [[140.24355586674088, 36.34155436253671], [140.2438216558041, 36.3416213642069], [140.24408552301875, 36.34169338582482], [140.2443493902334, 36.34176540744273], [140.24461325744804, 36.34183742906064], [140.24487681727447, 36.34191015831648], [140.24513834194877, 36.341987572693], [140.24539986662305, 36.34206498706953], [140.24566139129732, 36.34214240144605], [140.24592158905708, 36.3422226707743], [140.246181337016, 36.34230390788131]]}}, {"type": "Feature", "properties": {"id": "北関東道-下り-0-82", "route": "北関東道", "direction": "下り", "from": "笠間西IC", "to": "笠間PA（東行き）", "grade": -8.5, "elevation_start": 70.4, "elevation_end": 49.1, "quality": "estimated", "structure": "normal", "chain_rank": 0, "cum_dist_start": 20500.0, "cum_dist_end": 20750.0, "anomaly": true}, "geometry": {"type": "LineString", "coordinates": [[140.246181337016, 36.34230390788131], [140.24644108497492, 36.34238514498832], [140.24670082863418, 36.342466391507045], [140.24696055838385, 36.34254766847311], [140.24722028813352, 36.34262894543917], [140.2474805248376, 36.342709146051945], [140.24774129449685, 36.342788215107355], [140.24800237444725, 36.34286659156037], [140.2482652260899, 36.342941013411], [140.24852807773254, 36.34301543526163], [140.24879187270437, 36.343087631594685]]}}, {"type": "Feature", "properties": {"id": "北関東道-下り-0-83", "route": "北関東道", "direction": "下り", "from": "笠間西IC", "to": "笠間PA（東行き）", "grade": 1.22, "elevation_start": 49.1, "elevation_end": 52.2, "quality": "measured", "structure": "normal", "chain_rank": 0, "cum_dist_start": 20750.0, "cum_dist_end": 21000.0, "anomaly": false}, "geometry": {"type": "LineString", "coordinates": [[140.24879187270437, 36.343087631594685], [140.24905738118784, 36.343155438874355], [140.2493250018223, 36.3432177527433], [140.24959280629832, 36.34327954928324], [140.24986187087458, 36.343337575639296], [140.25013168511137, 36.34339335903255], [140.25040319042313, 36.343443074260094], [140.2506764930267, 36.34348634017891], [140.2509499897993, 36.343528779713004], [140.25122386365572, 36.343569614375404], [140.2514983881134, 36.343607348287364]]}}, {"type": "Feature", "properties": {"id": "北関東道-下り-0-84", "route": "北関東道", "direction": "下り", "from": "笠間PA（東行き）", "to": "笠間PA", "grade": -1.21, "elevation_start": 52.2, "elevation_end": 49.2, "quality": "measured", "structure": "normal", "chain_rank": 0, "cum_dist_start": 21000.0, "cum_dist_end": 21250.0, "anomaly": false}, "geometry": {"type": "LineString", "coordinates": [[140.2514983881134, 36.343607348287364], [140.25177358049837, 36.343641898873145], [140.25204963784668, 36.34367113020288], [140.2523265139444, 36.343695326477985], [140.25260401433064, 36.34371391781324], [140.25288177779692, 36.34373014718276], [140.25315972140234, 36.34374419193133], [140.25343768964805, 36.34375793785666], [140.2537159602094, 36.343765208902674], [140.25399441828475, 36.343768463845606], [140.25427288334984, 36.34376934983679]]}}, {"type": "Feature", "properties": {"id": "北関東道-下り-0-85", "route": "北関東道", "direction": "下り", "from": "笠間PA", "to": "笠間PA（西行き）", "grade": -1.05, "elevation_start": 49.2, "elevation_end": 46.5, "quality": "measured", "structure": "normal", "chain_rank": 0, "cum_dist_start": 21250.0, "cum_dist_end": 21500.0, "anomaly": false}, "geometry": {"type": "LineString", "coordinates": [[140.25427288334984, 36.34376934983679], [140.25455135746083, 36.343767170000305], [140.25482979138073, 36.34376305740599], [140.25510819860548, 36.34375766106342], [140.2553863770714, 36.34374737204974], [140.25566448999504, 36.34373570755449], [140.25594204063833, 36.34371724827211], [140.25621947646206, 36.34369774631661], [140.25649669126582, 36.343676237285194], [140.25677329890385, 36.34365036300095], [140.25704949117343, 36.34362150240156]]}}, {"type": "Feature", "properties": {"id": "北関東道-下り-0-86", "route": "北関東道", "direction": "下り", "from": "笠間PA（西行き）", "to": "友部IC", "grade": -1.07, "elevation_start": 46.5, "elevation_end": 43.9, "quality": "measured", "structure": "normal", "chain_rank": 0, "cum_dist_start": 21500.0, "cum_dist_end": 21750.0, "anomaly": false}, "geometry": {"type": "LineString", "coordinates": [[140.25704949117343, 36.34362150240156], [140.25732533306277, 36.34359055986717], [140.2576010135354, 36.34355865820641], [140.25787591914698, 36.34352271576756], [140.2581505924527, 36.34348556189046], [140.25842479404207, 36.343446202849115], [140.2586989345101, 36.34340655807956], [140.25897084790225, 36.34335793840934], [140.25924243609748, 36.3433081363923], [140.25951300699128, 36.343254806634896], [140.25978303221314, 36.34319975100693]]}}, {"type": "Feature", "properties": {"id": "北関東道-下り-0-87", "route": "北関東道", "direction": "下り", "from": "笠間PA（西行き）", "to": "友部IC", "grade": -0.51, "elevation_start": 43.9, "elevation_end": 42.6, "quality": "estimated", "structure": "normal", "chain_rank": 0, "cum_dist_start": 21750.0, "cum_dist_end": 22000.0, "anomaly": false}, "geometry": {"type": "LineString", "coordinates": [[140.25978303221314, 36.34319975100693], [140.26005203206765, 36.343141452310924], [140.26032028562946, 36.343080986147115], [140.26058781295552, 36.3430184107673], [140.2608537980053, 36.34295179734864], [140.26111833417423, 36.342881390422285], [140.26138239111285, 36.34280982473414], [140.2616460647013, 36.342737332118936], [140.26190824902682, 36.342661422322344], [140.2621698287533, 36.3425841252457], [140.26242927130735, 36.342502277773]]}}, {"type": "Feature", "properties": {"id": "北関東道-下り-0-88", "route": "北関東道", "direction": "下り", "from": "笠間PA（西行き）", "to": "友部IC", "grade": -0.4, "elevation_start": 42.6, "elevation_end": 41.6, "quality": "estimated", "structure": "bridge", "chain_rank": 0, "cum_dist_start": 22000.0, "cum_dist_end": 22250.0, "anomaly": false}, "geometry": {"type": "LineString", "coordinates": [[140.26242927130735, 36.342502277773], [140.2626883123442, 36.342419575403355], [140.26294666140376, 36.34233550506564], [140.26320306847126, 36.342247595609166], [140.26345897371596, 36.34215874340232], [140.26371414208072, 36.3420685068546], [140.26396900609328, 36.341977713844706], [140.2642232950485, 36.34188586942895], [140.2644775840037, 36.341794025013186], [140.26473187295892, 36.34170218059743], [140.26498616191415, 36.341610336181674]]}}, {"type": "Feature", "properties": {"id": "北関東道-下り-0-89", "route": "北関東道", "direction": "下り", "from": "笠間PA（西行き）", "to": "友部IC", "grade": -0.4, "elevation_start": 41.6, "elevation_end": 40.6, "quality": "estimated", "structure": "bridge", "chain_rank": 0, "cum_dist_start": 22250.0, "cum_dist_end": 22500.0, "anomaly": false}, "geometry": {"type": "LineString", "coordinates": [[140.26498616191415, 36.341610336181674], [140.26524045086936, 36.34151849176592], [140.26549473982456, 36.34142664735016], [140.2657490287798, 36.3413348029344], [140.2660066067993, 36.34124920767212], [140.2662667024052, 36.34116889932089], [140.26652962755992, 36.341094661630144], [140.2667929189169, 36.3410212801758], [140.26705699423593, 36.3409498036312], [140.26732222405764, 36.34088114301862], [140.2675902954639, 36.340820242251745]]}}, {"type": "Feature", "properties": {"id": "北関東道-下り-0-90", "route": "北関東道", "direction": "下り", "from": "笠間PA（西行き）", "to": "友部IC", "grade": -0.15, "elevation_start": 40.6, "elevation_end": 40.2, "quality": "estimated", "structure": "normal", "chain_rank": 0, "cum_dist_start": 22500.0, "cum_dist_end": 22750.0, "anomaly": false}, "geometry": {"type": "LineString", "coordinates": [[140.2675902954639, 36.340820242251745], [140.26785894712302, 36.34076092604889], [140.26812918105537, 36.34070668366912], [140.2684004550681, 36.34065577648064], [140.26867298460695, 36.34060956021762], [140.2689459846279, 36.34056510178048], [140.2692202757705, 36.34052623680669], [140.26949470522445, 36.34048797103248], [140.26976947434125, 36.34045135243588], [140.27004437141824, 36.34041535437572], [140.2703192684952, 36.34037935631557]]}}, {"type": "Feature", "properties": {"id": "北関東道-下り-0-91", "route": "北関東道", "direction": "下り", "from": "笠間PA（西行き）", "to": "友部IC", "grade": 0.54, "elevation_start": 40.2, "elevation_end": 41.6, "quality": "measured", "structure": "normal", "chain_rank": 0, "cum_dist_start": 22750.0, "cum_dist_end": 23000.0, "anomaly": false}, "geometry": {"type": "LineString", "coordinates": [[140.2703192684952, 36.34037935631557], [140.2705941655722, 36.34034335825542], [140.27086906264915, 36.34030736019526], [140.27114395972615, 36.34027136213511], [140.2714188568031, 36.34023536407496], [140.2716937538801, 36.3401993660148], [140.2719686509571, 36.34016336795465], [140.27224354803406, 36.340127369894496], [140.2725176965838, 36.340087817618105], [140.27279183309284, 36.34004820816889], [140.27306533100855, 36.340005814867254]]}}, {"type": "Feature", "properties": {"id": "北関東道-下り-0-92", "route": "北関東道", "direction": "下り", "from": "友部IC", "to": "友部JCT", "grade": 0.46, "elevation_start": 41.6, "elevation_end": 42.7, "quality": "measured", "structure": "normal", "chain_rank": 0, "cum_dist_start": 23000.0, "cum_dist_end": 23250.0, "anomaly": false}, "geometry": {"type": "LineString", "coordinates": [[140.27306533100855, 36.340005814867254], [140.27333878758589, 36.33996324135712], [140.27361180389568, 36.33991886576409], [140.27388472997222, 36.33987412083252], [140.27415694242313, 36.33982666837421], [140.27442869560025, 36.339777473411125], [140.2746993136821, 36.33972443206446], [140.2749692312866, 36.33966901708017], [140.27523740856066, 36.33960839389685], [140.2755050780277, 36.3395462510252], [140.27577245048613, 36.339483285320014]]}}, {"type": "Feature", "properties": {"id": "北関東道-下り-0-93", "route": "北関東道", "direction": "下り", "from": "友部IC", "to": "友部JCT", "grade": -0.22, "elevation_start": 42.7, "elevation_end": 42.2, "quality": "estimated", "structure": "bridge", "chain_rank": 0, "cum_dist_start": 23250.0, "cum_dist_end": 23500.0, "anomaly": false}, "geometry": {"type": "LineString", "coordinates": [[140.27577245048613, 36.339483285320014], [140.27603941794973, 36.33941919761585], [140.2763060070175, 36.33935410257901], [140.27657192422438, 36.33928721897223], [140.2768367202093, 36.33921752206694], [140.27710085465088, 36.33914616525948], [140.27736372673155, 36.339071848278415], [140.27762548915408, 36.33899504360994], [140.27788422847817, 36.33891174898966], [140.27814144117386, 36.33882544736809], [140.2783978619918, 36.338737585984184]]}}, {"type": "Feature", "properties": {"id": "北関東道-下り-0-94", "route": "北関東道", "direction": "下り", "from": "友部IC", "to": "友部JCT", "grade": -0.36, "elevation_start": 42.2, "elevation_end": 41.3, "quality": "estimated", "structure": "bridge", "chain_rank": 0, "cum_dist_start": 23500.0, "cum_dist_end": 23750.0, "anomaly": false}, "geometry": {"type": "LineString", "coordinates": [[140.2783978619918, 36.338737585984184], [140.27865317265827, 36.338647676038775], [140.2789067966783, 36.338554653726234], [140.27915876102153, 36.33845877056945], [140.27940927669908, 36.33836039029593], [140.27965831501731, 36.338259640455966], [140.27990501491385, 36.3381551399742], [140.28015086875848, 36.33804936523474], [140.28039479365745, 36.33794068526707], [140.28063781860055, 36.33783070298348], [140.2808800393845, 36.337719557010224]]}}, {"type": "Feature", "properties": {"id": "北関東道-下り-0-95", "route": "北関東道", "direction": "下り", "from": "友部IC", "to": "友部JCT", "grade": -0.36, "elevation_start": 41.3, "elevation_end": 40.4, "quality": "estimated", "structure": "bridge", "chain_rank": 0, "cum_dist_start": 23750.0, "cum_dist_end": 24000.0, "anomaly": false}, "geometry": {"type": "LineString", "coordinates": [[140.2808800393845, 36.337719557010224], [140.28111821701157, 36.33760288443004], [140.2813551995855, 36.337484578327036], [140.28159019923075, 36.33736371661741], [140.28182493319386, 36.337242512495564], [140.28205510353348, 36.33711573751066], [140.2822845439626, 36.336988071516316], [140.28251244300998, 36.336858622237166], [140.2827394357333, 36.33672812439624], [140.28296374858976, 36.33659466738776], [140.28318597505412, 36.33645890653951]]}}, {"type": "Feature", "properties": {"id": "北関東道-下り-0-96", "route": "北関東道", "direction": "下り", "from": "友部IC", "to": "友部JCT", "grade": -0.36, "elevation_start": 40.4, "elevation_end": 39.5, "quality": "estimated", "structure": "bridge", "chain_rank": 0, "cum_dist_start": 24000.0, "cum_dist_end": 24250.0, "anomaly": false}, "geometry": {"type": "LineString", "coordinates": [[140.28318597505412, 36.33645890653951], [140.28340618390496, 36.3363210453283], [140.28362367584003, 36.33618035577094], [140.28384091200766, 36.336039411188686], [140.28405592806988, 36.33589625294635], [140.28427094413212, 36.33575309470401], [140.28447992265933, 36.33560420938577], [140.28468858637387, 36.33545502544301], [140.28489495736457, 36.33530377622384], [140.28510069414114, 36.335151955707104], [140.28530643091767, 36.33500013519037]]}}, {"type": "Feature", "properties": {"id": "北関東道-下り-0-97", "route": "北関東道", "direction": "下り", "from": "友部IC", "to": "友部JCT", "grade": -0.43, "elevation_start": 39.5, "elevation_end": 38.4, "quality": "estimated", "structure": "bridge", "chain_rank": 0, "cum_dist_start": 24250.0, "cum_dist_end": 24500.0, "anomaly": false}, "geometry": {"type": "LineString", "coordinates": [[140.28530643091767, 36.33500013519037], [140.28551216769424, 36.334848314673636], [140.2857179044708, 36.3346964941569], [140.2859195002563, 36.33454110305866], [140.28611991036345, 36.33438468960582], [140.2863203204706, 36.33422827615298], [140.28652073057773, 36.334071862700135], [140.28672114068488, 36.33391544924729], [140.28692217894974, 36.3337595672704], [140.28712375092343, 36.33360413685746], [140.2873253228971, 36.33344870644452]]}}, {"type": "Feature", "properties": {"id": "北関東道-下り-0-98", "route": "北関東道", "direction": "下り", "from": "友部IC", "to": "友部JCT", "grade": -1.82, "elevation_start": 38.4, "elevation_end": 33.8, "quality": "measured", "structure": "normal", "chain_rank": 0, "cum_dist_start": 24500.0, "cum_dist_end": 24750.0, "anomaly": false}, "geometry": {"type": "LineString", "coordinates": [[140.2873253228971, 36.33344870644452], [140.28752689487075, 36.33329327603159], [140.28772846684444, 36.33313784561865], [140.2879300388181, 36.33298241520571], [140.28813161079177, 36.332826984792774], [140.28833318276543, 36.332671554379836], [140.28853475473912, 36.3325161239669], [140.28873632671278, 36.33236069355396], [140.28893806489063, 36.33220540558825], [140.28914008899253, 36.332050362677016], [140.2893421130944, 36.331895319765785]]}}, {"type": "Feature", "properties": {"id": "北関東道-下り-0-99", "route": "北関東道", "direction": "下り", "from": "友部IC", "to": "友部JCT", "grade": -0.4, "elevation_start": 33.8, "elevation_end": 32.8, "quality": "estimated", "structure": "normal", "chain_rank": 0, "cum_dist_start": 24750.0, "cum_dist_end": 25000.0, "anomaly": false}, "geometry": {"type": "LineString", "coordinates": [[140.2893421130944, 36.331895319765785], [140.28954413719626, 36.33174027685455], [140.28974616129815, 36.33158523394332], [140.28994818540002, 36.3314301910321], [140.2901497088917, 36.331274725175824], [140.29035028633294, 36.33111846004028], [140.29055086377417, 36.33096219490474], [140.29075144121538, 36.3308059297692], [140.2909520186566, 36.33064966463366], [140.29115259609785, 36.33049339949812], [140.29135317353908, 36.33033713436258]]}}, {"type": "Feature", "properties": {"id": "北関東道-下り-0-100", "route": "北関東道", "direction": "下り", "from": "友部IC", "to": "友部JCT", "grade": -0.23, "elevation_start": 32.8, "elevation_end": 32.3, "quality": "estimated", "structure": "bridge", "chain_rank": 0, "cum_dist_start": 25000.0, "cum_dist_end": 25250.0, "anomaly": false}, "geometry": {"type": "LineString", "coordinates": [[140.29135317353908, 36.33033713436258], [140.2915537509803, 36.330180869227036], [140.29175432842155, 36.3300246040915], [140.29195490586278, 36.329868338955954], [140.2921556104701, 36.32971218237484], [140.2923563931412, 36.32955609243233], [140.29255717581233, 36.32940000248982], [140.29275795848346, 36.32924391254731], [140.2929587411546, 36.3290878226048], [140.29315970628764, 36.32893188811937], [140.29336249924972, 36.328777510939496]]}}, {"type": "Feature", "properties": {"id": "北関東道-下り-0-101", "route": "北関東道", "direction": "下り", "from": "友部IC", "to": "友部JCT", "grade": -0.23, "elevation_start": 32.3, "elevation_end": 31.7, "quality": "estimated", "structure": "bridge", "chain_rank": 0, "cum_dist_start": 25250.0, "cum_dist_end": 25500.0, "anomaly": false}, "geometry": {"type": "LineString", "coordinates": [[140.29336249924972, 36.328777510939496], [140.29356529221184, 36.32862313375962], [140.29376808517392, 36.328468756579746], [140.293970878136, 36.32831437939987], [140.29417367109812, 36.328160002219995], [140.29437814669075, 36.32800709281447], [140.29458345487782, 36.327854909688845], [140.29478876306487, 36.32770272656322], [140.29499407125195, 36.32755054343759], [140.295199379439, 36.32739836031197], [140.29540909274664, 36.32725017622998]]}}, {"type": "Feature", "properties": {"id": "北関東道-下り-0-102", "route": "北関東道", "direction": "下り", "from": "友部IC", "to": "友部JCT", "grade": -0.23, "elevation_start": 31.7, "elevation_end": 31.1, "quality": "estimated", "structure": "bridge", "chain_rank": 0, "cum_dist_start": 25500.0, "cum_dist_end": 25750.0, "anomaly": false}, "geometry": {"type": "LineString", "coordinates": [[140.29540909274664, 36.32725017622998], [140.2956193732748, 36.327102507080475], [140.29582965380294, 36.32695483793097], [140.2960399343311, 36.326807168781464], [140.29625107029023, 36.3266603179826], [140.29646584616046, 36.32651694931569], [140.29668062203066, 36.32637358064878], [140.29689539790087, 36.326230211981866], [140.2971101737711, 36.326086843314954], [140.29732820433765, 36.32594674070848], [140.29754676387006, 36.32580716891483]]}}, {"type": "Feature", "properties": {"id": "北関東道-下り-0-103", "route": "北関東道", "direction": "下り", "from": "友部IC", "to": "友部JCT", "grade": -0.89, "elevation_start": 31.1, "elevation_end": 28.9, "quality": "measured", "structure": "normal", "chain_rank": 0, "cum_dist_start": 25750.0, "cum_dist_end": 26000.0, "anomaly": false}, "geometry": {"type": "LineString", "coordinates": [[140.29754676387006, 36.32580716891483], [140.29776532340247, 36.32566759712118], [140.29798388293491, 36.32552802532753], [140.29820244246733, 36.32538845353388], [140.29842100199977, 36.32524888174023], [140.29863956153218, 36.32510930994658], [140.2988581210646, 36.32496973815293], [140.29907655752498, 36.324830041308736], [140.29929429649357, 36.32468963576003], [140.2995120354622, 36.32454923021132], [140.2997297744308, 36.32440882466261]]}}, {"type": "Feature", "properties": {"id": "北関東道-下り-0-104", "route": "北関東道", "direction": "下り", "from": "友部IC", "to": "友部JCT", "grade": -0.39, "elevation_start": 28.9, "elevation_end": 28.0, "quality": "measured", "structure": "normal", "chain_rank": 0, "cum_dist_start": 26000.0, "cum_dist_end": 26250.0, "anomaly": false}, "geometry": {"type": "LineString", "coordinates": [[140.2997297744308, 36.32440882466261], [140.29994751339942, 36.324268419113906], [140.30016525236803, 36.32412801356519], [140.30038299133665, 36.32398760801649], [140.30060073030526, 36.32384720246778], [140.30081846927385, 36.32370679691907], [140.30103620824246, 36.32356639137036], [140.3012546859868, 36.32342674387517], [140.30147323841956, 36.32328717301732], [140.3016917908523, 36.32314760215947], [140.30191034328504, 36.32300803130163]]}}, {"type": "Feature", "properties": {"id": "北関東道-下り-0-105", "route": "北関東道", "direction": "下り", "from": "友部IC", "to": "友部JCT", "grade": -0.34, "elevation_start": 28.0, "elevation_end": 27.1, "quality": "measured", "structure": "normal", "chain_rank": 0, "cum_dist_start": 26250.0, "cum_dist_end": 26500.0, "anomaly": false}, "geometry": {"type": "LineString", "coordinates": [[140.30191034328504, 36.32300803130163], [140.3021288957178, 36.322868460443786], [140.30234744815053, 36.32272888958594], [140.30256600058328, 36.32258931872809], [140.30278455301604, 36.322449747870245], [140.30300310544877, 36.3223101770124], [140.30322165788152, 36.32217060615455], [140.30344021031425, 36.32203103529671], [140.303658762747, 36.32189146443886], [140.30387731517976, 36.321751893581016], [140.3040958676125, 36.32161232272317]]}}, {"type": "Feature", "properties": {"id": "北関東道-下り-0-106", "route": "北関東道", "direction": "下り", "from": "友部IC", "to": "友部JCT", "grade": -0.29, "elevation_start": 27.1, "elevation_end": 26.4, "quality": "measured", "structure": "normal", "chain_rank": 0, "cum_dist_start": 26500.0, "cum_dist_end": 26750.0, "anomaly": false}, "geometry": {"type": "LineString", "coordinates": [[140.3040958676125, 36.32161232272317], [140.30431443418217, 36.321472769869764], [140.3045330053265, 36.32133322284255], [140.30475157647086, 36.32119367581534], [140.3049701476152, 36.32105412878812], [140.30518871875955, 36.3209145817609], [140.30540728990388, 36.32077503473369], [140.30562586104824, 36.320635487706475], [140.30584443219257, 36.32049594067926], [140.3060630033369, 36.32035639365204], [140.30628163942697, 36.320216914514894]]}}, {"type": "Feature", "properties": {"id": "北関東道-下り-0-107", "route": "北関東道", "direction": "下り", "from": "友部IC", "to": "友部JCT", "grade": -0.26, "elevation_start": 26.4, "elevation_end": 25.7, "quality": "measured", "structure": "normal", "chain_rank": 0, "cum_dist_start": 26750.0, "cum_dist_end": 27000.0, "anomaly": false}, "geometry": {"type": "LineString", "coordinates": [[140.30628163942697, 36.320216914514894], [140.30650034277454, 36.320077505684466], [140.30671904612214, 36.319938096854045], [140.30693906912938, 36.31980009322346], [140.30716357382488, 36.319666861783695], [140.30738807852035, 36.319533630343926], [140.30761258321584, 36.31940039890416], [140.30783918410435, 36.31926951766456], [140.3080660609463, 36.31913894581716], [140.30829293778822, 36.31900837396975], [140.30852099840516, 36.31887919318673]]}}, {"type": "Feature", "properties": {"id": "北関東道-下り-0-108", "route": "北関東道", "direction": "下り", "from": "友部IC", "to": "友部JCT", "grade": -0.48, "elevation_start": 25.7, "elevation_end": 24.5, "quality": "measured", "structure": "normal", "chain_rank": 0, "cum_dist_start": 27000.0, "cum_dist_end": 27250.0, "anomaly": false}, "geometry": {"type": "LineString", "coordinates": [[140.30852099840516, 36.31887919318673], [140.3087526023945, 36.31875417625175], [140.30898420638385, 36.31862915931677], [140.30921581037322, 36.318504142381784], [140.30945186337948, 36.318384831028226], [140.30969096593043, 36.318269430521944], [140.30993006848138, 36.31815403001566], [140.31017027682702, 36.318040175856936], [140.310413007683, 36.31792984918637], [140.31065573853894, 36.3178195225158], [140.3108986092352, 36.317709410114645]]}}, {"type": "Feature", "properties": {"id": "北関東道-下り-0-109", "route": "北関東道", "direction": "下り", "from": "友部IC", "to": "友部JCT", "grade": -1.21, "elevation_start": 24.5, "elevation_end": 21.5, "quality": "measured", "structure": "normal", "chain_rank": 0, "cum_dist_start": 27250.0, "cum_dist_end": 27500.0, "anomaly": false}, "geometry": {"type": "LineString", "coordinates": [[140.3108986092352, 36.317709410114645], [140.31114803587232, 36.3176093430114], [140.31139746250943, 36.31750927590816], [140.31164688914654, 36.31740920880491], [140.31189962751805, 36.31731477833718], [140.31215295025555, 36.31722134247154], [140.31240627299306, 36.31712790660591], [140.31266405131774, 36.31704306120116], [140.31292387595215, 36.31696216112233], [140.31318370058653, 36.316881261043505], [140.31344488335392, 36.31680340965541]]}}, {"type": "Feature", "properties": {"id": "北関東道-下り-0-110", "route": "北関東道", "direction": "下り", "from": "友部IC", "to": "友部JCT", "grade": -0.47, "elevation_start": 21.5, "elevation_end": 20.3, "quality": "measured", "structure": "normal", "chain_rank": 0, "cum_dist_start": 27500.0, "cum_dist_end": 27750.0, "anomaly": false}, "geometry": {"type": "LineString", "coordinates": [[140.31344488335392, 36.31680340965541], [140.3137087122496, 36.31673149820602], [140.31397254114523, 36.31665958675663], [140.3142387357235, 36.316593936245944], [140.31450713469494, 36.31653411981048], [140.31477553366636, 36.316474303375], [140.31504502476207, 36.31641800591717], [140.31531648884848, 36.316368065712254], [140.31558795293492, 36.31631812550733], [140.31585941702133, 36.31626818530241], [140.31613305059378, 36.31622698165915]]}}, {"type": "Feature", "properties": {"id": "北関東道-下り-0-111", "route": "北関東道", "direction": "下り", "from": "友部IC", "to": "友部JCT", "grade": 0.35, "elevation_start": 20.3, "elevation_end": 21.2, "quality": "measured", "structure": "normal", "chain_rank": 0, "cum_dist_start": 27750.0, "cum_dist_end": 28000.0, "anomaly": false}, "geometry": {"type": "LineString", "coordinates": [[140.31613305059378, 36.31622698165915], [140.31640727470685, 36.316188156134224], [140.31668149881992, 36.3161493306093], [140.3169574391024, 36.31611989342903], [140.31723380604743, 36.31609279031603], [140.31751017299246, 36.316065687203015], [140.31778744629676, 36.31604557811287], [140.3180647467135, 36.316025678238965], [140.3183427121687, 36.31601356972032], [140.31862075936647, 36.316002418869154], [140.31889906375392, 36.31599782656158]]}}, {"type": "Feature", "properties": {"id": "北関東道-下り-0-112", "route": "北関東道", "direction": "下り", "from": "友部IC", "to": "友部JCT", "grade": 0.3, "elevation_start": 21.2, "elevation_end": 22.0, "quality": "measured", "structure": "normal", "chain_rank": 0, "cum_dist_start": 28000.0, "cum_dist_end": 28250.0, "anomaly": false}, "geometry": {"type": "LineString", "coordinates": [[140.31889906375392, 36.31599782656158], [140.31917742500005, 36.31599468419567], [140.31945578624615, 36.315991541829774], [140.31973409307136, 36.315992603610844], [140.32001231187238, 36.316000465468605], [140.32029053067342, 36.316008327326365], [140.3205684424217, 36.31602009745965], [140.3208456508338, 36.31604081990274], [140.3211228592459, 36.316061542345835], [140.3213997975695, 36.31608429386555], [140.32167609810085, 36.31611183688683]]}}, {"type": "Feature", "properties": {"id": "北関東道-下り-0-113", "route": "北関東道", "direction": "下り", "from": "友部IC", "to": "友部JCT", "grade": 0.27, "elevation_start": 22.0, "elevation_end": 22.7, "quality": "measured", "structure": "normal", "chain_rank": 0, "cum_dist_start": 28250.0, "cum_dist_end": 28500.0, "anomaly": false}, "geometry": {"type": "LineString", "coordinates": [[140.32167609810085, 36.31611183688683], [140.32195204952296, 36.31614144497425], [140.32222733574886, 36.31617498785965], [140.3225021189857, 36.31621084694477], [140.32277503916094, 36.31625528518844], [140.32304795933618, 36.3162997234321], [140.32332011319198, 36.3163471064172], [140.32359198753986, 36.316395563469285], [140.32386386188776, 36.31644402052138], [140.32413454897178, 36.31649644266284], [140.32440366766863, 36.316554102726094]]}}, {"type": "Feature", "properties": {"id": "北関東道-下り-0-114", "route": "北関東道", "direction": "下り", "from": "友部IC", "to": "友部JCT", "grade": 0.43, "elevation_start": 22.7, "elevation_end": 23.7, "quality": "measured", "structure": "normal", "chain_rank": 0, "cum_dist_start": 28500.0, "cum_dist_end": 28750.0, "anomaly": false}, "geometry": {"type": "LineString", "coordinates": [[140.32440366766863, 36.316554102726094], [140.32467278636545, 36.31661176278935], [140.3249419050623, 36.316669422852605], [140.32520950655942, 36.31673153139602], [140.32547704281745, 36.31679383122264], [140.32574457907552, 36.31685613104926], [140.32601211533355, 36.31691843087588], [140.3262796515916, 36.3169807307025], [140.32654718784963, 36.31704303052911], [140.32681472410766, 36.31710533035574], [140.3270821389291, 36.3171679738282]]}}, {"type": "Feature", "properties": {"id": "北関東道-下り-0-115", "route": "北関東道", "direction": "下り", "from": "友部IC", "to": "友部JCT", "grade": 1.94, "elevation_start": 23.7, "elevation_end": 28.6, "quality": "measured", "structure": "normal", "chain_rank": 0, "cum_dist_start": 28750.0, "cum_dist_end": 29000.0, "anomaly": false}, "geometry": {"type": "LineString", "coordinates": [[140.3270821389291, 36.3171679738282], [140.32734944888023, 36.31723091406642], [140.3276167588314, 36.31729385430464], [140.32788406878254, 36.31735679454286], [140.3281513787337, 36.31741973478108], [140.32841868868485, 36.3174826750193], [140.32868599863602, 36.31754561525752], [140.32895330858716, 36.317608555495745], [140.32922061853833, 36.31767149573396], [140.32948792848947, 36.317734435972184], [140.3297552384406, 36.31779737621041]]}}, {"type": "Feature", "properties": {"id": "北関東道-下り-0-116", "route": "北関東道", "direction": "下り", "from": "友部IC", "to": "友部JCT", "grade": 1.92, "elevation_start": 28.6, "elevation_end": 33.4, "quality": "estimated", "structure": "normal", "chain_rank": 0, "cum_dist_start": 29000.0, "cum_dist_end": 29250.0, "anomaly": false}, "geometry": {"type": "LineString", "coordinates": [[140.3297552384406, 36.31779737621041], [140.33002254839178, 36.31786031644862], [140.33028985834292, 36.317923256686846], [140.3305571682941, 36.31798619692507], [140.33082447824523, 36.318049137163285], [140.3310917881964, 36.31811207740151], [140.33135909814754, 36.318175017639724], [140.33162645897966, 36.31823781426612], [140.3318945037974, 36.31829868033827], [140.33216254861512, 36.31835954641042], [140.33243059343286, 36.318420412482574]]}}, {"type": "Feature", "properties": {"id": "北関東道-下り-0-117", "route": "北関東道", "direction": "下り", "from": "友部IC", "to": "友部JCT", "grade": 1.84, "elevation_start": 33.4, "elevation_end": 38.0, "quality": "estimated", "structure": "bridge", "chain_rank": 0, "cum_dist_start": 29250.0, "cum_dist_end": 29500.0, "anomaly": false}, "geometry": {"type": "LineString", "coordinates": [[140.33243059343286, 36.318420412482574], [140.3326986382506, 36.31848127855472], [140.33296668306835, 36.318542144626875], [140.33323483456527, 36.31860270292317], [140.33350305673946, 36.318663057311376], [140.333772783473, 36.31871882646652], [140.3340426837826, 36.31877406663843], [140.33431258409217, 36.318829306810336], [140.33458248440178, 36.31888454698224], [140.33485238471135, 36.31893978715415], [140.33512366747422, 36.31899037993045]]}}, {"type": "Feature", "properties": {"id": "北関東道-下り-0-118", "route": "北関東道", "direction": "下り", "from": "友部IC", "to": "友部JCT", "grade": -0.11, "elevation_start": 38.0, "elevation_end": 37.7, "quality": "estimated", "structure": "normal", "chain_rank": 0, "cum_dist_start": 29500.0, "cum_dist_end": 29750.0, "anomaly": false}, "geometry": {"type": "LineString", "coordinates": [[140.33512366747422, 36.31899037993045], [140.33539508218016, 36.31904052915361], [140.33566649688606, 36.319090678376774], [140.33593791159197, 36.31914082759994], [140.33620932629788, 36.3191909768231], [140.33648163225803, 36.319237781766745], [140.3367544737545, 36.31928257720161], [140.33702731525096, 36.31932737263648], [140.33730194662905, 36.31936429247616], [140.33757663266394, 36.31940097182258], [140.33785134902152, 36.31943749303878]]}}, {"type": "Feature", "properties": {"id": "北関東道-下り-0-119", "route": "北関東道", "direction": "下り", "from": "友部IC", "to": "友部JCT", "grade": -1.05, "elevation_start": 37.7, "elevation_end": 35.1, "quality": "estimated", "structure": "bridge", "chain_rank": 0, "cum_dist_start": 29750.0, "cum_dist_end": 30000.0, "anomaly": false}, "geometry": {"type": "LineString", "coordinates": [[140.33785134902152, 36.31943749303878], [140.33812685820854, 36.3194698797219], [140.33840236739556, 36.319502266405024], [140.3386782311056, 36.319532556279356], [140.33895436932727, 36.31956122256837], [140.3392305075489, 36.31958988885737], [140.3395071738753, 36.31961449775648], [140.33978463366907, 36.31963301050336], [140.34006209346285, 36.31965152325023], [140.3403397545962, 36.31966764704129], [140.34061775178176, 36.31967978346856]]}}, {"type": "Feature", "properties": {"id": "北関東道-下り-0-120", "route": "北関東道", "direction": "下り", "from": "友部IC", "to": "友部JCT", "grade": -1.05, "elevation_start": 35.1, "elevation_end": 32.5, "quality": "estimated", "structure": "normal", "chain_rank": 0, "cum_dist_start": 30000.0, "cum_dist_end": 30250.0, "anomaly": false}, "geometry": {"type": "LineString", "coordinates": [[140.34061775178176, 36.31967978346856], [140.34089580719447, 36.319690724086776], [140.34117412271456, 36.31969632288763], [140.34145243823463, 36.319701921688484], [140.34173075375472, 36.31970752048934], [140.34200912904817, 36.319708030340394], [140.3422875258102, 36.31970671241163], [140.34256592257228, 36.31970539448286], [140.3428441151443, 36.319698369018], [140.34312213992564, 36.319686653454816], [140.34340016470696, 36.31967493789164]]}}, {"type": "Feature", "properties": {"id": "北関東道-下り-0-121", "route": "北関東道", "direction": "下り", "from": "友部IC", "to": "友部JCT", "grade": -1.05, "elevation_start": 32.5, "elevation_end": 29.8, "quality": "estimated", "structure": "tunnel", "chain_rank": 0, "cum_dist_start": 30250.0, "cum_dist_end": 30500.0, "anomaly": false}, "geometry": {"type": "LineString", "coordinates": [[140.34340016470696, 36.31967493789164], [140.34367816941435, 36.319662999946274], [140.34395534723154, 36.319641901596995], [140.34423252504874, 36.31962080324771], [140.3445096569495, 36.319599330874404], [140.34478654293855, 36.319575861748284], [140.34506291467952, 36.31954870958884], [140.3453392864205, 36.31952155742938], [140.34561433310176, 36.319487028999546], [140.34588882064577, 36.31944938799479], [140.34616330818977, 36.31941174699003]]}}, {"type": "Feature", "properties": {"id": "北関東道-下り-0-122", "route": "北関東道", "direction": "下り", "from": "友部IC", "to": "友部JCT", "grade": -0.49, "elevation_start": 29.8, "elevation_end": 28.6, "quality": "estimated", "structure": "tunnel", "chain_rank": 0, "cum_dist_start": 30500.0, "cum_dist_end": 30750.0, "anomaly": false}, "geometry": {"type": "LineString", "coordinates": [[140.34616330818977, 36.31941174699003], [140.34643751128013, 36.319372829013886], [140.3467109687005, 36.31933056357025], [140.346983787695, 36.319285795096], [140.34725557966885, 36.319237000055665], [140.34752668400597, 36.31918583570679], [140.34779690770281, 36.31913163703997], [140.34806713139963, 36.31907743837315], [140.3483357332377, 36.319018202989085], [140.34860410798706, 36.31895829420078], [140.3488722328774, 36.31889765451313]]}}, {"type": "Feature", "properties": {"id": "北関東道-下り-0-123", "route": "北関東道", "direction": "下り", "from": "友部IC", "to": "友部JCT", "grade": 1.44, "elevation_start": 28.6, "elevation_end": 32.2, "quality": "estimated", "structure": "normal", "chain_rank": 0, "cum_dist_start": 30750.0, "cum_dist_end": 31000.0, "anomaly": false}, "geometry": {"type": "LineString", "coordinates": [[140.3488722328774, 36.31889765451313], [140.34914035776774, 36.318837014825476], [140.34940463888657, 36.31876626008211], [140.34966854312165, 36.318694513552444], [140.3499322531112, 36.318622303137204], [140.35019484995635, 36.31854754219188], [140.35045571901827, 36.31846886308301], [140.35071656472357, 36.31839013380187], [140.3509773871629, 36.31831135454311], [140.35123491287527, 36.31822585682223], [140.35149147245176, 36.3181383901948]]}}, {"type": "Feature", "properties": {"id": "北関東道-下り-0-124", "route": "北関東道", "direction": "下り", "from": "友部JCT", "to": "茨城町西IC", "grade": 1.4, "elevation_start": 32.2, "elevation_end": 35.7, "quality": "estimated", "structure": "bridge", "chain_rank": 0, "cum_dist_start": 31000.0, "cum_dist_end": 31250.0, "anomaly": false}, "geometry": {"type": "LineString", "coordinates": [[140.35149147245176, 36.3181383901948], [140.35174705488762, 36.318049085633504], [140.35200198267688, 36.31795854972724], [140.35225691046614, 36.31786801382096], [140.3525111524239, 36.31777629889791], [140.35275982221629, 36.31767500483445], [140.3530073232872, 36.31757186244229], [140.35325434172202, 36.31746795676303], [140.3535004498409, 36.31736265659156], [140.35374578968094, 36.317256179511304], [140.35399112952098, 36.317149702431045]]}}, {"type": "Feature", "properties": {"id": "北関東道-下り-0-125", "route": "北関東道", "direction": "下り", "from": "友部JCT", "to": "茨城町西IC", "grade": 0.52, "elevation_start": 35.7, "elevation_end": 37.0, "quality": "estimated", "structure": "normal", "chain_rank": 0, "cum_dist_start": 31250.0, "cum_dist_end": 31500.0, "anomaly": false}, "geometry": {"type": "LineString", "coordinates": [[140.35399112952098, 36.317149702431045], [140.35423534680825, 36.31704165068581], [140.35447207193374, 36.3169230892835], [140.35470879705923, 36.316804527881196], [140.35494552218472, 36.316685966478886], [140.35518126080606, 36.31656614194755], [140.3554152335719, 36.31644405639843], [140.35564920633772, 36.31632197084931], [140.35588317910353, 36.316199885300186], [140.35611357731278, 36.31607349152132], [140.35634180796976, 36.31594448530284]]}}, {"type": "Feature", "properties": {"id": "北関東道-下り-0-126", "route": "北関東道", "direction": "下り", "from": "友部JCT", "to": "茨城町西IC", "grade": -0.32, "elevation_start": 37.0, "elevation_end": 36.2, "quality": "measured", "structure": "normal", "chain_rank": 0, "cum_dist_start": 31500.0, "cum_dist_end": 31750.0, "anomaly": false}, "geometry": {"type": "LineString", "coordinates": [[140.35634180796976, 36.31594448530284], [140.35657003862673, 36.31581547908437], [140.35679826928373, 36.3156864728659], [140.3570264999407, 36.31555746664742], [140.35725442912454, 36.31542811932928], [140.35747913682675, 36.31529512708836], [140.35770384452897, 36.31516213484745], [140.35792855223116, 36.31502914260653], [140.35815325993337, 36.31489615036561], [140.35837796763556, 36.3147631581247], [140.35860267533778, 36.31463016588378]]}}, {"type": "Feature", "properties": {"id": "北関東道-下り-0-127", "route": "北関東道", "direction": "下り", "from": "友部JCT", "to": "茨城町西IC", "grade": -0.29, "elevation_start": 36.2, "elevation_end": 35.5, "quality": "measured", "structure": "normal", "chain_rank": 0, "cum_dist_start": 31750.0, "cum_dist_end": 32000.0, "anomaly": false}, "geometry": {"type": "LineString", "coordinates": [[140.35860267533778, 36.31463016588378], [140.35882738304, 36.31449717364286], [140.35905209074218, 36.31436418140194], [140.35927678888513, 36.31423118053135], [140.35950148449243, 36.31409817737168], [140.3597261800997, 36.31396517421201], [140.35995091868827, 36.313832219223464], [140.36017574502466, 36.31369936257802], [140.36040057136105, 36.31356650593258], [140.36062539769745, 36.313433649287134], [140.3608502240338, 36.313300792641684]]}}, {"type": "Feature", "properties": {"id": "北関東道-下り-0-128", "route": "北関東道", "direction": "下り", "from": "友部JCT", "to": "茨城町西IC", "grade": -0.33, "elevation_start": 35.5, "elevation_end": 34.7, "quality": "measured", "structure": "normal", "chain_rank": 0, "cum_dist_start": 32000.0, "cum_dist_end": 32250.0, "anomaly": false}, "geometry": {"type": "LineString", "coordinates": [[140.3608502240338, 36.313300792641684], [140.36107660916062, 36.31316969908009], [140.36130447369388, 36.313040278814455], [140.36153233822714, 36.31291085854882], [140.36176300838358, 36.31278476658703], [140.36199496830898, 36.31266020467495], [140.36222692823438, 36.312535642762874], [140.36245888815975, 36.312411080850794], [140.36269084808515, 36.31228651893871], [140.36292361726476, 36.31216297046109], [140.3631591589813, 36.312042894049945]]}}, {"type": "Feature", "properties": {"id": "北関東道-下り-0-129", "route": "北関東道", "direction": "下り", "from": "友部JCT", "to": "茨城町西IC", "grade": -0.29, "elevation_start": 34.7, "elevation_end": 34.0, "quality": "measured", "structure": "normal", "chain_rank": 0, "cum_dist_start": 32250.0, "cum_dist_end": 32500.0, "anomaly": false}, "geometry": {"type": "LineString", "coordinates": [[140.3631591589813, 36.312042894049945], [140.36339470069782, 36.311922817638795], [140.36363024241436, 36.31180274122765], [140.36386821398344, 36.31168590863173], [140.36410865646548, 36.31157237466605], [140.36434909894754, 36.31145884070036], [140.36458954142958, 36.31134530673468], [140.36483045902207, 36.311232437960584], [140.36507187469314, 36.31112026653525], [140.36531329036424, 36.31100809510991], [140.36555854561328, 36.3109015642657]]}}, {"type": "Feature", "properties": {"id": "北関東道-下り-0-130", "route": "北関東道", "direction": "下り", "from": "友部JCT", "to": "茨城町西IC", "grade": 0.03, "elevation_start": 34.0, "elevation_end": 34.1, "quality": "measured", "structure": "normal", "chain_rank": 0, "cum_dist_start": 32500.0, "cum_dist_end": 32750.0, "anomaly": false}, "geometry": {"type": "LineString", "coordinates": [[140.36555854561328, 36.3109015642657], [140.3658046592364, 36.3107962944269], [140.36605077285955, 36.310691024588095], [140.36629688648267, 36.3105857547493], [140.3665430001058, 36.31048048491049], [140.36679207894136, 36.31037991186754], [140.3670416460986, 36.310280112309584], [140.36729121325587, 36.310180312751626], [140.36754120003866, 36.31008121646032], [140.36779290529051, 36.309985000217566], [140.36804461054237, 36.30988878397482]]}}, {"type": "Feature", "properties": {"id": "北関東道-下り-0-131", "route": "北関東道", "direction": "下り", "from": "友部JCT", "to": "茨城町西IC", "grade": 0.34, "elevation_start": 34.1, "elevation_end": 34.9, "quality": "measured", "structure": "normal", "chain_rank": 0, "cum_dist_start": 32750.0, "cum_dist_end": 33000.0, "anomaly": false}, "geometry": {"type": "LineString", "coordinates": [[140.36804461054237, 36.30988878397482], [140.36829730882047, 36.3097943084084], [140.36855099912847, 36.30970157177182], [140.36880468943647, 36.30960883513523], [140.36905856658626, 36.30951644373857], [140.36931476751838, 36.309428346149], [140.3695709684505, 36.309340248559415], [140.3698271693826, 36.30925215096984], [140.37008509554255, 36.30916743808129], [140.37034348819523, 36.30908364039851], [140.37060188084791, 36.308999842715735]]}}, {"type": "Feature", "properties": {"id": "北関東道-下り-0-132", "route": "北関東道", "direction": "下り", "from": "友部JCT", "to": "茨城町西IC", "grade": -0.14, "elevation_start": 34.9, "elevation_end": 34.6, "quality": "estimated", "structure": "normal", "chain_rank": 0, "cum_dist_start": 33000.0, "cum_dist_end": 33250.0, "anomaly": false}, "geometry": {"type": "LineString", "coordinates": [[140.37060188084791, 36.308999842715735], [140.37086089994924, 36.30891735939026], [140.37112185896848, 36.30883894622342], [140.37138281798772, 36.30876053305657], [140.371643777007, 36.30868211988973], [140.37190593720712, 36.30860639763346], [140.37216852597297, 36.3085316354591], [140.37243111473884, 36.308456873284726], [140.37269458018685, 36.30838421763739], [140.37295952754508, 36.30831512278341], [140.3732245312102, 36.30824617053913]]}}, {"type": "Feature", "properties": {"id": "北関東道-下り-0-133", "route": "北関東道", "direction": "下り", "from": "友部JCT", "to": "茨城町西IC", "grade": -0.51, "elevation_start": 34.6, "elevation_end": 33.3, "quality": "estimated", "structure": "bridge", "chain_rank": 0, "cum_dist_start": 33250.0, "cum_dist_end": 33500.0, "anomaly": false}, "geometry": {"type": "LineString", "coordinates": [[140.3732245312102, 36.30824617053913], [140.37348955078616, 36.30817725859248], [140.3737547129709, 36.30810871306311], [140.3740206550216, 36.30804217131163], [140.37428659707234, 36.30797562956015], [140.37455410406767, 36.30791334534061], [140.37482172537133, 36.30785137210423], [140.37509005218115, 36.30779146071378], [140.3753589226587, 36.30773313819545], [140.375628121663, 36.3076758190382], [140.37589734575772, 36.30761857651021]]}}, {"type": "Feature", "properties": {"id": "北関東道-下り-0-134", "route": "北関東道", "direction": "下り", "from": "友部JCT", "to": "茨城町西IC", "grade": -0.41, "elevation_start": 33.3, "elevation_end": 32.3, "quality": "estimated", "structure": "bridge", "chain_rank": 0, "cum_dist_start": 33500.0, "cum_dist_end": 33750.0, "anomaly": false}, "geometry": {"type": "LineString", "coordinates": [[140.37589734575772, 36.30761857651021], [140.37616656985244, 36.307561333982214], [140.37643752454179, 36.30750971979511], [140.3767084832913, 36.30745811881263], [140.3769794420408, 36.30740651783016], [140.3772515698614, 36.30735919399358], [140.37752412522772, 36.30731343436939], [140.37779668059403, 36.30726767474521], [140.37806923596034, 36.30722191512103], [140.37834179132665, 36.307176155496855], [140.37861575549184, 36.307136294790325]]}}, {"type": "Feature", "properties": {"id": "北関東道-下り-0-135", "route": "北関東道", "direction": "下り", "from": "友部JCT", "to": "茨城町西IC", "grade": -0.39, "elevation_start": 32.3, "elevation_end": 31.3, "quality": "measured", "structure": "normal", "chain_rank": 0, "cum_dist_start": 33750.0, "cum_dist_end": 34000.0, "anomaly": false}, "geometry": {"type": "LineString", "coordinates": [[140.37861575549184, 36.307136294790325], [140.37888973696923, 36.30709650657342], [140.37916371844662, 36.30705671835652], [140.379437699924, 36.30701693013962], [140.37971241869317, 36.30698072691733], [140.37998754349567, 36.30694649798461], [140.38026266829817, 36.3069122690519], [140.38053779310067, 36.30687804011919], [140.38081297499397, 36.30684412117955], [140.38108845582187, 36.30681182540274], [140.38136393664976, 36.306779529625935]]}}, {"type": "Feature", "properties": {"id": "北関東道-下り-0-136", "route": "北関東道", "direction": "下り", "from": "友部JCT", "to": "茨城町西IC", "grade": -0.68, "elevation_start": 31.3, "elevation_end": 29.6, "quality": "estimated", "structure": "bridge", "chain_rank": 0, "cum_dist_start": 34000.0, "cum_dist_end": 34250.0, "anomaly": false}, "geometry": {"type": "LineString", "coordinates": [[140.38136393664976, 36.306779529625935], [140.38163941747766, 36.30674723384912], [140.38191489830558, 36.30671493807231], [140.3821902699587, 36.30668204021351], [140.38246563834585, 36.3066491243433], [140.38274103406488, 36.30661635967401], [140.38301646368816, 36.30658378256437], [140.38329178393764, 36.306550609245846], [140.38356747593463, 36.30651956798925], [140.38384336576817, 36.30648965268744], [140.38411921688913, 36.30645951342507]]}}, {"type": "Feature", "properties": {"id": "北関東道-下り-0-137", "route": "北関東道", "direction": "下り", "from": "友部JCT", "to": "茨城町西IC", "grade": -0.41, "elevation_start": 29.6, "elevation_end": 28.6, "quality": "estimated", "structure": "normal", "chain_rank": 0, "cum_dist_start": 34250.0, "cum_dist_end": 34500.0, "anomaly": false}, "geometry": {"type": "LineString", "coordinates": [[140.38411921688913, 36.30645951342507], [140.38439467177434, 36.30642708185671], [140.38467012665959, 36.306394650288354], [140.3849455815448, 36.30636221872], [140.38522103643004, 36.30632978715164], [140.38549649131525, 36.306297355583276], [140.38577194620046, 36.30626492401492], [140.3860474010857, 36.30623249244656], [140.38632285597092, 36.306200060878204], [140.38659768569207, 36.30616434509465], [140.3868724383062, 36.30612822423972]]}}, {"type": "Feature", "properties": {"id": "北関東道-下り-0-138", "route": "北関東道", "direction": "下り", "from": "茨城町西IC", "to": "茨城町JCT", "grade": -0.33, "elevation_start": 28.6, "elevation_end": 27.7, "quality": "measured", "structure": "normal", "chain_rank": 0, "cum_dist_start": 34500.0, "cum_dist_end": 34750.0, "anomaly": false}, "geometry": {"type": "LineString", "coordinates": [[140.3868724383062, 36.30612822423972], [140.38714760272163, 36.30609429273947], [140.3874231818587, 36.3060625661199], [140.3876987609958, 36.30603083950033], [140.38797434013287, 36.30599911288076], [140.38824991926995, 36.30596738626119], [140.38852546420213, 36.305935468999145], [140.3888009964425, 36.30590348099895], [140.38907652868292, 36.30587149299876], [140.3893520609233, 36.305839504998566], [140.3896275931637, 36.30580751699838]]}}, {"type": "Feature", "properties": {"id": "北関東道-下り-0-139", "route": "北関東道", "direction": "下り", "from": "茨城町西IC", "to": "茨城町JCT", "grade": -0.29, "elevation_start": 27.7, "elevation_end": 27.0, "quality": "measured", "structure": "normal", "chain_rank": 0, "cum_dist_start": 34750.0, "cum_dist_end": 35000.0, "anomaly": false}, "geometry": {"type": "LineString", "coordinates": [[140.3896275931637, 36.30580751699838], [140.38990312540412, 36.30577552899818], [140.3901786576445, 36.305743540997995], [140.3904541898849, 36.3057115529978], [140.3907297221253, 36.305679564997604], [140.39100516814628, 36.305647099222256], [140.39128058883117, 36.3056144930499], [140.39155600951608, 36.30558188687755], [140.391831430201, 36.30554928070519], [140.39210685088588, 36.30551667453284], [140.3923822715708, 36.305484068360485]]}}, {"type": "Feature", "properties": {"id": "北関東道-下り-0-140", "route": "北関東道", "direction": "下り", "from": "茨城町西IC", "to": "茨城町JCT", "grade": -0.3, "elevation_start": 27.0, "elevation_end": 26.3, "quality": "measured", "structure": "normal", "chain_rank": 0, "cum_dist_start": 35000.0, "cum_dist_end": 35250.0, "anomaly": false}, "geometry": {"type": "LineString", "coordinates": [[140.3923822715708, 36.305484068360485], [140.3926576922557, 36.30545146218813], [140.3929331833679, 36.305419254748834], [140.39320878858885, 36.3053876933511], [140.3934843938098, 36.30535613195336], [140.39375999903078, 36.30532457055562], [140.39403560425174, 36.305293009157886], [140.3943112094727, 36.305261447760145], [140.3945868146937, 36.305229886362405], [140.39486241991466, 36.30519832496467], [140.39513802513562, 36.30516676356693]]}}, {"type": "Feature", "properties": {"id": "北関東道-下り-0-141", "route": "北関東道", "direction": "下り", "from": "茨城町西IC", "to": "茨城町JCT", "grade": -0.29, "elevation_start": 26.3, "elevation_end": 25.6, "quality": "measured", "structure": "normal", "chain_rank": 0, "cum_dist_start": 35250.0, "cum_dist_end": 35500.0, "anomaly": false}, "geometry": {"type": "LineString", "coordinates": [[140.39513802513562, 36.30516676356693], [140.3954136303566, 36.30513520216919], [140.39568923557755, 36.305103640771456], [140.3959648407985, 36.305072079373716], [140.39624044601948, 36.305040517975975], [140.39651605124047, 36.30500895657824], [140.39679144642625, 36.30497622697579], [140.39706679770933, 36.304943253188526], [140.39734214899238, 36.30491027940126], [140.39761750027543, 36.304877305614], [140.39789285155848, 36.304844331826736]]}}, {"type": "Feature", "properties": {"id": "北関東道-下り-0-142", "route": "北関東道", "direction": "下り", "from": "茨城町西IC", "to": "茨城町JCT", "grade": -0.38, "elevation_start": 25.6, "elevation_end": 24.6, "quality": "measured", "structure": "normal", "chain_rank": 0, "cum_dist_start": 35500.0, "cum_dist_end": 35750.0, "anomaly": false}, "geometry": {"type": "LineString", "coordinates": [[140.39789285155848, 36.304844331826736], [140.39816820284153, 36.30481135803947], [140.39844355412458, 36.30477838425221], [140.39871890540766, 36.304745410464946], [140.3989942566907, 36.30471243667769], [140.39926960797376, 36.30467946289043], [140.39954495925681, 36.30464648910316], [140.3998203560683, 36.304613769161975], [140.40009581625802, 36.30458140258968], [140.40037127644771, 36.30454903601739], [140.40064673663744, 36.3045166694451]]}}, {"type": "Feature", "properties": {"id": "北関東道-下り-0-143", "route": "北関東道", "direction": "下り", "from": "茨城町西IC", "to": "茨城町JCT", "grade": -0.33, "elevation_start": 24.6, "elevation_end": 23.8, "quality": "measured", "structure": "normal", "chain_rank": 0, "cum_dist_start": 35750.0, "cum_dist_end": 36000.0, "anomaly": false}, "geometry": {"type": "LineString", "coordinates": [[140.40064673663744, 36.3045166694451], [140.40092219682717, 36.30448430287281], [140.4011976570169, 36.30445193630052], [140.40147311720662, 36.304419569728225], [140.40174869761978, 36.304387886853014], [140.40202432064356, 36.3043564462997], [140.40229994366737, 36.30432500574638], [140.40257556669116, 36.30429356519306], [140.40285118971497, 36.30426212463975], [140.40312681273878, 36.30423068408643], [140.40340243576256, 36.30419924353311]]}}, {"type": "Feature", "properties": {"id": "北関東道-下り-0-144", "route": "北関東道", "direction": "下り", "from": "茨城町西IC", "to": "茨城町JCT", "grade": -0.28, "elevation_start": 23.8, "elevation_end": 23.1, "quality": "measured", "structure": "normal", "chain_rank": 0, "cum_dist_start": 36000.0, "cum_dist_end": 36250.0, "anomaly": false}, "geometry": {"type": "LineString", "coordinates": [[140.40340243576256, 36.30419924353311], [140.40367805878637, 36.30416780297979], [140.4039537346136, 36.30413667000846], [140.40422960181863, 36.304106767994234], [140.40450627523845, 36.304082107376914], [140.40478294865827, 36.3040574467596], [140.40505962207808, 36.30403278614229], [140.4053362954979, 36.304008125524966], [140.40561367519197, 36.30398964380666], [140.40589124019493, 36.303972783278596], [140.4061688051979, 36.30395592275054]]}}, {"type": "Feature", "properties": {"id": "北関東道-下り-0-145", "route": "北関東道", "direction": "下り", "from": "茨城町西IC", "to": "茨城町JCT", "grade": -0.37, "elevation_start": 23.1, "elevation_end": 22.2, "quality": "measured", "structure": "normal", "chain_rank": 0, "cum_dist_start": 36250.0, "cum_dist_end": 36500.0, "anomaly": false}, "geometry": {"type": "LineString", "coordinates": [[140.4061688051979, 36.30395592275054], [140.40644637020088, 36.303939062222476], [140.40672393520384, 36.30392220169441], [140.40700189360092, 36.30391153782592], [140.40728013138454, 36.303905274794104], [140.40755836916813, 36.30389901176229], [140.40783667966448, 36.30389638834765], [140.40811500754768, 36.30389673103012], [140.40839328678854, 36.30390164062681], [140.40867156602937, 36.3039065502235], [140.40894953769939, 36.30391779969343]]}}, {"type": "Feature", "properties": {"id": "北関東道-下り-0-146", "route": "北関東道", "direction": "下り", "from": "茨城町西IC", "to": "茨城町JCT", "grade": -0.44, "elevation_start": 22.2, "elevation_end": 21.0, "quality": "measured", "structure": "normal", "chain_rank": 0, "cum_dist_start": 36500.0, "cum_dist_end": 36750.0, "anomaly": false}, "geometry": {"type": "LineString", "coordinates": [[140.40894953769939, 36.30391779969343], [140.40922740080157, 36.30393105174985], [140.40950504061854, 36.30394691987371], [140.40978238289722, 36.3039659482816], [140.4100593433661, 36.303988396578966], [140.41033615144565, 36.30401203978456], [140.41061244704147, 36.30403893167011], [140.41088761594028, 36.30407287425981], [140.4111625107445, 36.30410814391231], [140.4114363537663, 36.30414850589975], [140.41170986929438, 36.30419024996465]]}}, {"type": "Feature", "properties": {"id": "北関東道-下り-0-147", "route": "北関東道", "direction": "下り", "from": "茨城町JCT", "to": "茨城町東IC", "grade": -0.43, "elevation_start": 21.0, "elevation_end": 20.0, "quality": "measured", "structure": "normal", "chain_rank": 0, "cum_dist_start": 36750.0, "cum_dist_end": 37000.0, "anomaly": false}, "geometry": {"type": "LineString", "coordinates": [[140.41170986929438, 36.30419024996465], [140.4119827235064, 36.30423478489223], [140.41225536246006, 36.304280096459934], [140.4125255683315, 36.304334186451904], [140.41279571629758, 36.30438845628272], [140.4130641590399, 36.304448022091734], [140.41333260178223, 36.304507587900744], [140.41359981760274, 36.304570510032995], [140.41386507643318, 36.30463878563714], [140.41413033526362, 36.304707061241274], [140.41439392732173, 36.30477923692991]]}}, {"type": "Feature", "properties": {"id": "北関東道-下り-0-148", "route": "北関東道", "direction": "下り", "from": "茨城町JCT", "to": "茨城町東IC", "grade": -0.39, "elevation_start": 20.0, "elevation_end": 19.0, "quality": "measured", "structure": "normal", "chain_rank": 0, "cum_dist_start": 37000.0, "cum_dist_end": 37250.0, "anomaly": false}, "geometry": {"type": "LineString", "coordinates": [[140.41439392732173, 36.30477923692991], [140.4146546042544, 36.304858233727536], [140.41491580072037, 36.30493609587079], [140.4151748975507, 36.30501822579987], [140.4154309305223, 36.30510661640289], [140.41568696349387, 36.3051950070059], [140.41594299646547, 36.30528339760891], [140.4161974105936, 36.30537479978692], [140.41644943421318, 36.305470396083514], [140.41670043230613, 36.30556779080447], [140.41694746344822, 36.30567152151394]]}}, {"type": "Feature", "properties": {"id": "北関東道-下り-0-149", "route": "北関東道", "direction": "下り", "from": "茨城町JCT", "to": "茨城町東IC", "grade": -0.4, "elevation_start": 19.0, "elevation_end": 18.0, "quality": "measured", "structure": "normal", "chain_rank": 0, "cum_dist_start": 37250.0, "cum_dist_end": 37500.0, "anomaly": false}, "geometry": {"type": "LineString", "coordinates": [[140.41694746344822, 36.30567152151394], [140.417192909236, 36.30577778434117], [140.41743835502376, 36.3058840471684], [140.4176801170049, 36.30599560578543], [140.41791964157449, 36.30611038087454], [140.418157254604, 36.3062276876693], [140.41839268257698, 36.30634788842383], [140.41862768362216, 36.30646861479537], [140.41885733861602, 36.30659592301918], [140.41908699360985, 36.30672323124299], [140.4193141508032, 36.306853442811054]]}}, {"type": "Feature", "properties": {"id": "北関東道-下り-0-150", "route": "北関東道", "direction": "下り", "from": "茨城町JCT", "to": "茨城町東IC", "grade": -0.34, "elevation_start": 18.0, "elevation_end": 17.2, "quality": "estimated", "structure": "normal", "chain_rank": 0, "cum_dist_start": 37500.0, "cum_dist_end": 37750.0, "anomaly": false}, "geometry": {"type": "LineString", "coordinates": [[140.4193141508032, 36.306853442811054], [140.41954129480618, 36.30698366971109], [140.41976243036555, 36.30712040307718], [140.41998104121802, 36.307259870415805], [140.4201996520705, 36.30739933775443], [140.420416093436, 36.307540994697845], [140.42063103762484, 36.307684132084574], [140.4208418527824, 36.30783125324124], [140.42105266793996, 36.3079783743979], [140.4212591008634, 36.308129489607495], [140.421464484315, 36.30828156132604]]}}, {"type": "Feature", "properties": {"id": "北関東道-下り-0-151", "route": "北関東道", "direction": "下り", "from": "茨城町JCT", "to": "茨城町東IC", "grade": -0.34, "elevation_start": 17.2, "elevation_end": 16.3, "quality": "estimated", "structure": "bridge", "chain_rank": 0, "cum_dist_start": 37750.0, "cum_dist_end": 38000.0, "anomaly": false}, "geometry": {"type": "LineString", "coordinates": [[140.421464484315, 36.30828156132604], [140.4216654789368, 36.30843735964622], [140.42186296705125, 36.30859613537878], [140.42206042941413, 36.308754931799264], [140.42225502001094, 36.30891603530099], [140.42244961060774, 36.309077138802714], [140.42264420120455, 36.309238242304446], [140.42283879180135, 36.30939934580617], [140.42303338239816, 36.309560449307895], [140.4232274332534, 36.30972197854572], [140.4234209026238, 36.309883966445774]]}}, {"type": "Feature", "properties": {"id": "北関東道-下り-0-152", "route": "北関東道", "direction": "下り", "from": "茨城町JCT", "to": "茨城町東IC", "grade": -0.34, "elevation_start": 16.3, "elevation_end": 15.4, "quality": "estimated", "structure": "bridge", "chain_rank": 0, "cum_dist_start": 38000.0, "cum_dist_end": 38250.0, "anomaly": false}, "geometry": {"type": "LineString", "coordinates": [[140.4234209026238, 36.309883966445774], [140.4236143719942, 36.31004595434584], [140.4238078413646, 36.310207942245896], [140.424001310735, 36.31036993014595], [140.42419478010544, 36.31053191804602], [140.42438824947584, 36.310693905946074], [140.42458171884624, 36.31085589384613], [140.42477518821664, 36.31101788174619], [140.42496696071635, 36.311181178227095], [140.42515735784346, 36.3113455353582], [140.42534775497057, 36.3115098924893]]}}, {"type": "Feature", "properties": {"id": "北関東道-下り-0-153", "route": "北関東道", "direction": "下り", "from": "茨城町JCT", "to": "茨城町東IC", "grade": -0.28, "elevation_start": 15.4, "elevation_end": 14.7, "quality": "estimated", "structure": "bridge", "chain_rank": 0, "cum_dist_start": 38250.0, "cum_dist_end": 38500.0, "anomaly": false}, "geometry": {"type": "LineString", "coordinates": [[140.42534775497057, 36.3115098924893], [140.42553815209772, 36.3116742496204], [140.42572854922483, 36.3118386067515], [140.42592293146382, 36.311999844622505], [140.4261195865429, 36.31215930347707], [140.42631624162203, 36.31231876233163], [140.42651379514692, 36.312477482540515], [140.4267139770835, 36.31263404183442], [140.42691415902004, 36.31279060112833], [140.4271143409566, 36.31294716042224], [140.42731452289317, 36.313103719716146]]}}, {"type": "Feature", "properties": {"id": "北関東道-下り-0-154", "route": "北関東道", "direction": "下り", "from": "茨城町JCT", "to": "茨城町東IC", "grade": 0.25, "elevation_start": 14.7, "elevation_end": 15.4, "quality": "measured", "structure": "normal", "chain_rank": 0, "cum_dist_start": 38500.0, "cum_dist_end": 38750.0, "anomaly": false}, "geometry": {"type": "LineString", "coordinates": [[140.42731452289317, 36.313103719716146], [140.4275172307811, 36.313258073509644], [140.42772532526251, 36.31340772407153], [140.42793341974397, 36.313557374633426], [140.42814151422542, 36.31370702519531], [140.42835190745362, 36.31385454990214], [140.42856286448202, 36.31400155321294], [140.4287738215104, 36.31414855652373], [140.4289886974247, 36.31429164177452], [140.4292103109638, 36.314427990820484], [140.4294319245029, 36.31456433986645]]}}, {"type": "Feature", "properties": {"id": "北関東道-下り-0-155", "route": "北関東道", "direction": "下り", "from": "茨城町JCT", "to": "茨城町東IC", "grade": 0.35, "elevation_start": 15.4, "elevation_end": 16.2, "quality": "measured", "structure": "normal", "chain_rank": 0, "cum_dist_start": 38750.0, "cum_dist_end": 39000.0, "anomaly": false}, "geometry": {"type": "LineString", "coordinates": [[140.4294319245029, 36.31456433986645], [140.429653994321, 36.31470020188098], [140.42987628861235, 36.31483582429316], [140.4300985829037, 36.31497144670534], [140.43033036637118, 36.315096169582496], [140.43056299183436, 36.31521992531969], [140.43079854127134, 36.3153399350529], [140.43103657721323, 36.31545675923868], [140.4312750072419, 36.31557304096303], [140.4315169173924, 36.31568453229083], [140.43175882754292, 36.31579602361863]]}}, {"type": "Feature", "properties": {"id": "北関東道-下り-0-156", "route": "北関東道", "direction": "下り", "from": "茨城町JCT", "to": "茨城町東IC", "grade": 0.32, "elevation_start": 16.2, "elevation_end": 17.0, "quality": "measured", "structure": "normal", "chain_rank": 0, "cum_dist_start": 39000.0, "cum_dist_end": 39250.0, "anomaly": false}, "geometry": {"type": "LineString", "coordinates": [[140.43175882754292, 36.31579602361863], [140.4320068505851, 36.31589823506347], [140.4322560800161, 36.31599861510879], [140.43250754649438, 36.316095144942835], [140.43276206017282, 36.316186430201], [140.43301657385126, 36.316277715459165], [140.43327485537185, 36.31636173515221], [140.4335336523052, 36.31644476097], [140.43379244923855, 36.31652778678778], [140.43405427645354, 36.31660420670194], [140.43431733674058, 36.31667793856387]]}}, {"type": "Feature", "properties": {"id": "北関東道-下り-0-157", "route": "北関東道", "direction": "下り", "from": "茨城町JCT", "to": "茨城町東IC", "grade": 0.28, "elevation_start": 17.0, "elevation_end": 17.7, "quality": "measured", "structure": "normal", "chain_rank": 0, "cum_dist_start": 39250.0, "cum_dist_end": 39500.0, "anomaly": false}, "geometry": {"type": "LineString", "coordinates": [[140.43431733674058, 36.31667793856387], [140.43458172308672, 36.31674829848488], [140.4348490584496, 36.316811159561794], [140.43511688603087, 36.31687254480659], [140.4353870037319, 36.31692706352132], [140.43565744418407, 36.31698045745276], [140.43592961216396, 36.317027830973736], [140.43620178014382, 36.31707520449472], [140.4364755173593, 36.317116066280875], [140.43674974018418, 36.3171549129714], [140.43702408726483, 36.317193092861714]]}}, {"type": "Feature", "properties": {"id": "北関東道-下り-0-158", "route": "北関東道", "direction": "下り", "from": "茨城町JCT", "to": "茨城町東IC", "grade": 0.3, "elevation_start": 17.7, "elevation_end": 18.5, "quality": "measured", "structure": "normal", "chain_rank": 0, "cum_dist_start": 39500.0, "cum_dist_end": 39750.0, "anomaly": false}, "geometry": {"type": "LineString", "coordinates": [[140.43702408726483, 36.317193092861714], [140.43730027252394, 36.317221408437725], [140.43757645778305, 36.31724972401374], [140.43785274790523, 36.31727715533491], [140.43813054725186, 36.31729186016676], [140.43840834659846, 36.317306564998624], [140.43868620168772, 36.317320295329836], [140.43896449191428, 36.31732641853125], [140.4392427821408, 36.31733254173266], [140.43952104775832, 36.317332885022196], [140.43979927923633, 36.317325209988034]]}}, {"type": "Feature", "properties": {"id": "北関東道-下り-0-159", "route": "北関東道", "direction": "下り", "from": "茨城町JCT", "to": "茨城町東IC", "grade": 0.34, "elevation_start": 18.5, "elevation_end": 19.3, "quality": "measured", "structure": "normal", "chain_rank": 0, "cum_dist_start": 39750.0, "cum_dist_end": 40000.0, "anomaly": false}, "geometry": {"type": "LineString", "coordinates": [[140.43979927923633, 36.317325209988034], [140.4400774796345, 36.31731690427794], [140.4403555832128, 36.31730663388743], [140.4406336867911, 36.31729636349693], [140.44091073391883, 36.317274658605214], [140.44118763284652, 36.317251349669114], [140.44146404362058, 36.31722459311496], [140.44174028328845, 36.317196628111546], [140.44201652295632, 36.31716866310813], [140.44229203941416, 36.31713678143038], [140.44256631589272, 36.31709818442108]]}}, {"type": "Feature", "properties": {"id": "北関東道-下り-0-160", "route": "北関東道", "direction": "下り", "from": "茨城町JCT", "to": "茨城町東IC", "grade": 0.29, "elevation_start": 19.3, "elevation_end": 20.0, "quality": "measured", "structure": "normal", "chain_rank": 0, "cum_dist_start": 40000.0, "cum_dist_end": 40250.0, "anomaly": false}, "geometry": {"type": "LineString", "coordinates": [[140.44256631589272, 36.31709818442108], [140.44284059237125, 36.31705958741178], [140.4431146072291, 36.31701987132174], [140.44338735596295, 36.31697473939566], [140.4436601046968, 36.31692960746958], [140.44393285343065, 36.3168844755435], [140.4442043776768, 36.31683481681574], [140.4444754892836, 36.31678363260375], [140.4447466008904, 36.316732448391754], [140.44501693050273, 36.316678698146525], [140.44528637685448, 36.31662204957393]]}}, {"type": "Feature", "properties": {"id": "北関東道-下り-0-161", "route": "北関東道", "direction": "下り", "from": "茨城町JCT", "to": "茨城町東IC", "grade": 0.29, "elevation_start": 20.0, "elevation_end": 20.8, "quality": "measured", "structure": "normal", "chain_rank": 0, "cum_dist_start": 40250.0, "cum_dist_end": 40500.0, "anomaly": false}, "geometry": {"type": "LineString", "coordinates": [[140.44528637685448, 36.31662204957393], [140.44555582320623, 36.31656540100133], [140.44582526955801, 36.31650875242873], [140.44609471590977, 36.316452103856136], [140.44636416226155, 36.31639545528353], [140.4466334330285, 36.31633826955815], [140.44690232349421, 36.31627992040728], [140.44717121395996, 36.316221571256406], [140.44744010442568, 36.31616322210554], [140.44770899489143, 36.31610487295467], [140.44797788535718, 36.31604652380379]]}}, {"type": "Feature", "properties": {"id": "北関東道-下り-0-162", "route": "北関東道", "direction": "下り", "from": "茨城町JCT", "to": "茨城町東IC", "grade": 0.71, "elevation_start": 20.8, "elevation_end": 22.5, "quality": "measured", "structure": "normal", "chain_rank": 0, "cum_dist_start": 40500.0, "cum_dist_end": 40750.0, "anomaly": false}, "geometry": {"type": "LineString", "coordinates": [[140.44797788535718, 36.31604652380379], [140.44824680028148, 36.315988249368246], [140.44851599276464, 36.31593082281107], [140.4487851852478, 36.3158733962539], [140.44905437773096, 36.31581596969673], [140.44932357021412, 36.31575854313955], [140.4495935020983, 36.315703485657174], [140.44986408295654, 36.315650507517454], [140.45013466381477, 36.31559752937774], [140.450405244673, 36.31554455123803], [140.45067614119088, 36.31549270195205]]}}, {"type": "Feature", "properties": {"id": "北関東道-下り-0-163", "route": "北関東道", "direction": "下り", "from": "茨城町JCT", "to": "茨城町東IC", "grade": 1.94, "elevation_start": 22.5, "elevation_end": 27.4, "quality": "measured", "structure": "normal", "chain_rank": 0, "cum_dist_start": 40750.0, "cum_dist_end": 41000.0, "anomaly": false}, "geometry": {"type": "LineString", "coordinates": [[140.45067614119088, 36.31549270195205], [140.45094853447335, 36.315446205356515], [140.45122092775583, 36.31539970876098], [140.45149451167788, 36.31535808298159], [140.4517682556218, 36.31531711183943], [140.4520419995657, 36.31527614069726], [140.45231574350962, 36.315235169555095], [140.45259103867147, 36.31520193660929], [140.45286674409866, 36.31517075025769], [140.45314244952584, 36.315139563906094], [140.45341856044442, 36.315110955670605]]}}, {"type": "Feature", "properties": {"id": "北関東道-下り-0-164", "route": "北関東道", "direction": "下り", "from": "茨城町JCT", "to": "茨城町東IC", "grade": 1.49, "elevation_start": 27.4, "elevation_end": 31.1, "quality": "estimated", "structure": "normal", "chain_rank": 0, "cum_dist_start": 41000.0, "cum_dist_end": 41250.0, "anomaly": false}, "geometry": {"type": "LineString", "coordinates": [[140.45341856044442, 36.315110955670605], [140.45369512481838, 36.315085230506526], [140.45397168919234, 36.31505950534245], [140.45424897881506, 36.31503973602843], [140.45452642658395, 36.31502126543415], [140.45480399959982, 36.315004262348495], [140.45508194971518, 36.31499167770731], [140.45535989983057, 36.31497909306613], [140.4556378640764, 36.31496671701158], [140.45591588034307, 36.314955541571294], [140.4561942571796, 36.314953856991345]]}}, {"type": "Feature", "properties": {"id": "北関東道-下り-0-165", "route": "北関東道", "direction": "下り", "from": "茨城町JCT", "to": "茨城町東IC", "grade": 1.5, "elevation_start": 31.1, "elevation_end": 34.9, "quality": "estimated", "structure": "bridge", "chain_rank": 0, "cum_dist_start": 41250.0, "cum_dist_end": 41500.0, "anomaly": false}, "geometry": {"type": "LineString", "coordinates": [[140.4561942571796, 36.314953856991345], [140.4564726340161, 36.314952172411395], [140.45675101085263, 36.314950487831446], [140.4570293873319, 36.31494902974755], [140.4573077579479, 36.31495128890548], [140.45758606358174, 36.31495625765925], [140.45786433281754, 36.31496274412162], [140.4581423072071, 36.31497489567102], [140.45842026448094, 36.31498737607686], [140.4586982217548, 36.314999856482686], [140.45897590386244, 36.31501540961429]]}}, {"type": "Feature", "properties": {"id": "北関東道-下り-0-166", "route": "北関東道", "direction": "下り", "from": "茨城町東IC", "to": "水戸南IC", "grade": 0.66, "elevation_start": 34.9, "elevation_end": 36.5, "quality": "estimated", "structure": "normal", "chain_rank": 0, "cum_dist_start": 41500.0, "cum_dist_end": 41750.0, "anomaly": false}, "geometry": {"type": "LineString", "coordinates": [[140.45897590386244, 36.31501540961429], [140.45925317932927, 36.31503550362213], [140.45953045479612, 36.31505559762997], [140.45980723084662, 36.315079616304125], [140.46008374558335, 36.31510568851399], [140.46035944665394, 36.31513686025533], [140.4606350723114, 36.31516850463709], [140.46091069704056, 36.315200154229395], [140.4611861255773, 36.31523290507574], [140.46146155411404, 36.31526565592209], [140.4617358225455, 36.315304079424486]]}}, {"type": "Feature", "properties": {"id": "北関東道-下り-0-167", "route": "北関東道", "direction": "下り", "from": "茨城町東IC", "to": "水戸南IC", "grade": -0.4, "elevation_start": 36.5, "elevation_end": 35.5, "quality": "measured", "structure": "normal", "chain_rank": 0, "cum_dist_start": 41750.0, "cum_dist_end": 42000.0, "anomaly": false}, "geometry": {"type": "LineString", "coordinates": [[140.4617358225455, 36.315304079424486], [140.4620095996365, 36.315344905472145], [140.46228291757464, 36.31538758650269], [140.46255499540783, 36.315435277571744], [140.46282707324102, 36.3154829686408], [140.4630991510742, 36.315530659709864], [140.4633699527894, 36.315582826266244], [140.46364033304638, 36.315636470923515], [140.4639101094282, 36.3156919711934], [140.46417805684553, 36.31575309158187], [140.4644460042628, 36.31581421197034]]}}, {"type": "Feature", "properties": {"id": "北関東道-下り-0-168", "route": "北関東道", "direction": "下り", "from": "茨城町東IC", "to": "水戸南IC", "grade": -0.07, "elevation_start": 35.5, "elevation_end": 35.3, "quality": "measured", "structure": "normal", "chain_rank": 0, "cum_dist_start": 42000.0, "cum_dist_end": 42250.0, "anomaly": false}, "geometry": {"type": "LineString", "coordinates": [[140.4644460042628, 36.31581421197034], [140.46471298046927, 36.31587799558856], [140.46497898369398, 36.315944447292495], [140.46524498691872, 36.31601089899643], [140.46551011542107, 36.316079554150576], [140.46577415162668, 36.31615096083083], [140.46603818783228, 36.31622236751109], [140.46630044964255, 36.31629785276837], [140.46656150978038, 36.31637610015745], [140.4668225699182, 36.31645434754652], [140.46708099973986, 36.31653805685993]]}}, {"type": "Feature", "properties": {"id": "北関東道-下り-0-169", "route": "北関東道", "direction": "下り", "from": "茨城町東IC", "to": "水戸南IC", "grade": 0.33, "elevation_start": 35.3, "elevation_end": 36.1, "quality": "measured", "structure": "normal", "chain_rank": 0, "cum_dist_start": 42250.0, "cum_dist_end": 42500.0, "anomaly": false}, "geometry": {"type": "LineString", "coordinates": [[140.46708099973986, 36.31653805685993], [140.46733862360435, 36.3166234397658], [140.4675962474688, 36.316708822671664], [140.46785154260039, 36.31679865971027], [140.46810663049754, 36.316888893123064], [140.46836092093275, 36.31698054112482], [140.4686123047359, 36.317077345096095], [140.46886368853907, 36.31717414906737], [140.4691141111951, 36.3172725485329], [140.46936314857376, 36.31737324754437], [140.469612022046, 36.31747420345865]]}}, {"type": "Feature", "properties": {"id": "北関東道-下り-0-170", "route": "北関東道", "direction": "下り", "from": "茨城町東IC", "to": "水戸南IC", "grade": -0.03, "elevation_start": 36.1, "elevation_end": 36.1, "quality": "measured", "structure": "normal", "chain_rank": 0, "cum_dist_start": 42500.0, "cum_dist_end": 42750.0, "anomaly": false}, "geometry": {"type": "LineString", "coordinates": [[140.469612022046, 36.31747420345865], [140.46985765386853, 36.31758024025229], [140.47010239411185, 36.31768760240022], [140.47034572999013, 36.317797052171066], [140.4705888766467, 36.3179067746225], [140.47083094985302, 36.318018043984445], [140.47107059963975, 36.31813262386701], [140.47130746854307, 36.318251002584816], [140.4715443374464, 36.318369381302624], [140.47177966625335, 36.318489748946114], [140.4720139908989, 36.31861137971443]]}}, {"type": "Feature", "properties": {"id": "北関東道-下り-0-171", "route": "北関東道", "direction": "下り", "from": "茨城町東IC", "to": "水戸南IC", "grade": -0.3, "elevation_start": 36.1, "elevation_end": 35.3, "quality": "measured", "structure": "normal", "chain_rank": 0, "cum_dist_start": 42750.0, "cum_dist_end": 43000.0, "anomaly": false}, "geometry": {"type": "LineString", "coordinates": [[140.4720139908989, 36.31861137971443], [140.47224427008712, 36.31873798951758], [140.47247454927535, 36.31886459932073], [140.47270358938573, 36.31899266058184], [140.47293135081424, 36.31912221969315], [140.47315843263436, 36.31925255046221], [140.47338402955836, 36.319384567248804], [140.47360758664362, 36.31951880709022], [140.473828954989, 36.319655432261804], [140.47405032333435, 36.31979205743339], [140.47426915599272, 36.31993132819268]]}}, {"type": "Feature", "properties": {"id": "北関東道-下り-0-172", "route": "北関東道", "direction": "下り", "from": "茨城町東IC", "to": "水戸南IC", "grade": -0.22, "elevation_start": 35.3, "elevation_end": 34.8, "quality": "measured", "structure": "normal", "chain_rank": 0, "cum_dist_start": 43000.0, "cum_dist_end": 43250.0, "anomaly": false}, "geometry": {"type": "LineString", "coordinates": [[140.47426915599272, 36.31993132819268], [140.47448768095705, 36.320070919497965], [140.47470274930956, 36.32021398443123], [140.47491781766203, 36.32035704936449], [140.47513253343908, 36.32050045646837], [140.47534503013773, 36.32064601716353], [140.47555752683635, 36.320791577858685], [140.47576810042116, 36.32093895730251], [140.4759785662672, 36.321086438638254], [140.47618903211327, 36.32123391997399], [140.47639791004838, 36.32138284849082]]}}, {"type": "Feature", "properties": {"id": "北関東道-下り-0-173", "route": "北関東道", "direction": "下り", "from": "茨城町東IC", "to": "水戸南IC", "grade": 0.25, "elevation_start": 34.8, "elevation_end": 35.4, "quality": "measured", "structure": "normal", "chain_rank": 0, "cum_dist_start": 43250.0, "cum_dist_end": 43500.0, "anomaly": false}, "geometry": {"type": "LineString", "coordinates": [[140.47639791004838, 36.32138284849082], [140.4766037016209, 36.32153458983896], [140.4768094931934, 36.32168633118711], [140.4770152847659, 36.32183807253525], [140.47722107633845, 36.32198981388339], [140.47742686791096, 36.32214155523153], [140.47763265948348, 36.32229329657967], [140.47783415337818, 36.32244876680759], [140.4780354268352, 36.32260442829821], [140.4782367002922, 36.322760089788844], [140.47843797374924, 36.322915751279474]]}}, {"type": "Feature", "properties": {"id": "北関東道-下り-0-174", "route": "北関東道", "direction": "下り", "from": "茨城町東IC", "to": "水戸南IC", "grade": 0.29, "elevation_start": 35.4, "elevation_end": 36.2, "quality": "measured", "structure": "normal", "chain_rank": 0, "cum_dist_start": 43500.0, "cum_dist_end": 43750.0, "anomaly": false}, "geometry": {"type": "LineString", "coordinates": [[140.47843797374924, 36.322915751279474], [140.47863924720625, 36.323071412770105], [140.47884052066328, 36.323227074260735], [140.4790417690687, 36.32338275693122], [140.47924220133004, 36.323539129609095], [140.4794426335914, 36.323695502286974], [140.47964306585274, 36.32385187496485], [140.4798434981141, 36.32400824764273], [140.48004393037547, 36.32416462032061], [140.48024530081864, 36.32432020058775], [140.480447237865, 36.324475302288306]]}}, {"type": "Feature", "properties": {"id": "北関東道-下り-0-175", "route": "北関東道", "direction": "下り", "from": "茨城町東IC", "to": "水戸南IC", "grade": -0.21, "elevation_start": 36.2, "elevation_end": 35.6, "quality": "measured", "structure": "normal", "chain_rank": 0, "cum_dist_start": 43750.0, "cum_dist_end": 44000.0, "anomaly": false}, "geometry": {"type": "LineString", "coordinates": [[140.480447237865, 36.324475302288306], [140.48064917491138, 36.32463040398887], [140.48085111195775, 36.324785505689434], [140.48105304900412, 36.32494060738999], [140.48125498605052, 36.325095709090554], [140.4814576765304, 36.32525016522], [140.48166089617808, 36.325404167937904], [140.4818641158258, 36.32555817065581], [140.4820673354735, 36.325712173373724], [140.48227055512118, 36.32586617609163], [140.48247633648967, 36.32601793027071]]}}, {"type": "Feature", "properties": {"id": "北関東道-下り-0-176", "route": "北関東道", "direction": "下り", "from": "茨城町東IC", "to": "水戸南IC", "grade": -0.22, "elevation_start": 35.6, "elevation_end": 35.1, "quality": "measured", "structure": "normal", "chain_rank": 0, "cum_dist_start": 44000.0, "cum_dist_end": 44250.0, "anomaly": false}, "geometry": {"type": "LineString", "coordinates": [[140.48247633648967, 36.32601793027071], [140.4826826315632, 36.3261692335475], [140.48288892663672, 36.326320536824305], [140.48309522171024, 36.32647184010111], [140.48330188099965, 36.32662281556463], [140.48350984885408, 36.326772613251386], [140.48371781670855, 36.326922410938145], [140.48392769439792, 36.327070415202535], [140.48414154780974, 36.3272146860816], [140.4843554012216, 36.327358956960666], [140.48456860530496, 36.327503856493415]]}}, {"type": "Feature", "properties": {"id": "北関東道-下り-0-177", "route": "北関東道", "direction": "下り", "from": "茨城町東IC", "to": "水戸南IC", "grade": 0.25, "elevation_start": 35.1, "elevation_end": 35.7, "quality": "measured", "structure": "normal", "chain_rank": 0, "cum_dist_start": 44250.0, "cum_dist_end": 44500.0, "anomaly": false}, "geometry": {"type": "LineString", "coordinates": [[140.48456860530496, 36.327503856493415], [140.48478177854065, 36.32764878589163], [140.48499735620013, 36.327791321889634], [140.48521625943715, 36.32793054755687], [140.48543516267415, 36.3280697732241], [140.4856552980069, 36.32820771939054], [140.48587646434837, 36.32834457439786], [140.48609971543883, 36.32847920562947], [140.48632296652926, 36.32861383686109], [140.4865484213994, 36.32874600686655], [140.48677611619283, 36.32887567527994]]}}, {"type": "Feature", "properties": {"id": "北関東道-下り-1-0", "route": "北関東道", "direction": "下り", "from": "栃木都賀JCT", "to": "都賀IC", "grade": 0.0, "elevation_start": 70.4, "elevation_end": 70.4, "quality": "estimated", "structure": "bridge", "chain_rank": 1, "cum_dist_start": 0.0, "cum_dist_end": 250.0, "anomaly": false}, "geometry": {"type": "LineString", "coordinates": [[139.7221803, 36.4266516], [139.72231795416292, 36.426847310279776], [139.7224801736947, 36.42703025729992], [139.72266333141764, 36.427199990897755], [139.7228663927156, 36.42735382858594], [139.72309240852172, 36.427485433083916], [139.72333909572654, 36.42758996677249], [139.7235914287681, 36.42768544761416], [139.72384890964213, 36.42777182801982], [139.7241064210866, 36.42785814777811], [139.724365362174, 36.427941631329595]]}}, {"type": "Feature", "properties": {"id": "北関東道-下り-1-1", "route": "北関東道", "direction": "下り", "from": "栃木都賀JCT", "to": "都賀IC", "grade": 0.0, "elevation_start": 70.4, "elevation_end": 70.4, "quality": "estimated", "structure": "bridge", "chain_rank": 1, "cum_dist_start": 250.0, "cum_dist_end": 500.0, "anomaly": false}, "geometry": {"type": "LineString", "coordinates": [[139.724365362174, 36.427941631329595], [139.72462430326144, 36.42802511488108], [139.72488324434886, 36.42810859843256], [139.72514218543625, 36.428192081984044], [139.72540112652368, 36.42827556553553], [139.72565987605324, 36.42835943173569], [139.72591795188694, 36.428444647493286], [139.7261765334919, 36.428528862359926], [139.72643511509685, 36.428613077226565], [139.7266936967018, 36.428697292093204], [139.72695227830675, 36.428781506959844]]}}, {"type": "Feature", "properties": {"id": "北関東道-下り-1-2", "route": "北関東道", "direction": "下り", "from": "栃木都賀JCT", "to": "都賀IC", "grade": 0.01, "elevation_start": 70.4, "elevation_end": 70.4, "quality": "estimated", "structure": "normal", "chain_rank": 1, "cum_dist_start": 500.0, "cum_dist_end": 750.0, "anomaly": false}, "geometry": {"type": "LineString", "coordinates": [[139.72695227830675, 36.428781506959844], [139.7272108599117, 36.42886572182648], [139.72746944151666, 36.42894993669312], [139.7277280231216, 36.42903415155976], [139.72798660472657, 36.4291183664264], [139.72824518633152, 36.42920258129303], [139.72850376793647, 36.42928679615967], [139.72876234954143, 36.42937101102631], [139.72902093114638, 36.42945522589295], [139.72927951275133, 36.42953944075959], [139.7295380943563, 36.42962365562623]]}}, {"type": "Feature", "properties": {"id": "北関東道-下り-1-3", "route": "北関東道", "direction": "下り", "from": "栃木都賀JCT", "to": "都賀IC", "grade": 0.28, "elevation_start": 70.4, "elevation_end": 71.1, "quality": "measured", "structure": "normal", "chain_rank": 1, "cum_dist_start": 750.0, "cum_dist_end": 1000.0, "anomaly": false}, "geometry": {"type": "LineString", "coordinates": [[139.7295380943563, 36.42962365562623], [139.72979667596124, 36.42970787049287], [139.7300552575662, 36.42979208535951], [139.7303138870661, 36.42987620935696], [139.7305725622545, 36.429960246671484], [139.73083123744289, 36.430044283986014], [139.73108991263126, 36.430128321300536], [139.73134858781967, 36.43021235861506], [139.73160726300804, 36.43029639592959], [139.73186593819645, 36.43038043324411], [139.73212461338483, 36.43046447055864]]}}, {"type": "Feature", "properties": {"id": "北関東道-下り-1-4", "route": "北関東道", "direction": "下り", "from": "栃木都賀JCT", "to": "都賀IC", "grade": 0.36, "elevation_start": 71.1, "elevation_end": 72.0, "quality": "measured", "structure": "normal", "chain_rank": 1, "cum_dist_start": 1000.0, "cum_dist_end": 1250.0, "anomaly": false}, "geometry": {"type": "LineString", "coordinates": [[139.73212461338483, 36.43046447055864], [139.7323832885732, 36.43054850787316], [139.7326419637616, 36.430632545187684], [139.73290063894999, 36.430716582502214], [139.7331593141384, 36.430800619816736], [139.73341798932677, 36.430884657131266], [139.73367666451514, 36.43096869444579], [139.73393533970355, 36.43105273176031], [139.73419401489193, 36.43113676907484], [139.7344526900803, 36.43122080638936], [139.7347113652687, 36.43130484370389]]}}, {"type": "Feature", "properties": {"id": "北関東道-下り-1-5", "route": "北関東道", "direction": "下り", "from": "栃木都賀JCT", "to": "都賀IC", "grade": 0.24, "elevation_start": 72.0, "elevation_end": 72.6, "quality": "measured", "structure": "normal", "chain_rank": 1, "cum_dist_start": 1250.0, "cum_dist_end": 1500.0, "anomaly": false}, "geometry": {"type": "LineString", "coordinates": [[139.7347113652687, 36.43130484370389], [139.73497004045709, 36.431388881018414], [139.7352287156455, 36.431472918332936], [139.73548683006638, 36.43155806116016], [139.7357439215086, 36.43164522071623], [139.7360010129508, 36.43173238027229], [139.73625810439302, 36.431819539828346], [139.7365129806222, 36.43191077575358], [139.73676633745546, 36.43200480762603], [139.73701969428873, 36.43209883949849], [139.737273051122, 36.432192871370944]]}}, {"type": "Feature", "properties": {"id": "北関東道-下り-1-6", "route": "北関東道", "direction": "下り", "from": "栃木都賀JCT", "to": "都賀IC", "grade": 0.28, "elevation_start": 72.6, "elevation_end": 73.3, "quality": "estimated", "structure": "normal", "chain_rank": 1, "cum_dist_start": 1500.0, "cum_dist_end": 1750.0, "anomaly": false}, "geometry": {"type": "LineString", "coordinates": [[139.737273051122, 36.432192871370944], [139.7375261155471, 36.43228740374731], [139.73777692724784, 36.43238579202627], [139.73802773894855, 36.432484180305224], [139.73827774263057, 36.43258385564145], [139.73852410520604, 36.43268933073538], [139.7387704677815, 36.43279480582931], [139.73901683035695, 36.43290028092324], [139.7392631929324, 36.433005756017174], [139.73950671188746, 36.433115458105476], [139.7397501802439, 36.433225235407726]]}}, {"type": "Feature", "properties": {"id": "北関東道-下り-1-7", "route": "北関東道", "direction": "下り", "from": "栃木都賀JCT", "to": "都賀IC", "grade": 0.44, "elevation_start": 73.3, "elevation_end": 74.4, "quality": "estimated", "structure": "bridge", "chain_rank": 1, "cum_dist_start": 1750.0, "cum_dist_end": 2000.0, "anomaly": false}, "geometry": {"type": "LineString", "coordinates": [[139.7397501802439, 36.433225235407726], [139.73999268860786, 36.43333636948401], [139.74023322247717, 36.43345029414783], [139.74047375634646, 36.43356421881165], [139.74071429021578, 36.43367814347547], [139.74095440820392, 36.433792622009946], [139.74119050089388, 36.43391246143803], [139.74142659358387, 36.4340323008661], [139.74166268627383, 36.43415214029418], [139.7418987789638, 36.43427197972226], [139.74213381203265, 36.4343931346098]]}}, {"type": "Feature", "properties": {"id": "北関東道-下り-1-8", "route": "北関東道", "direction": "下り", "from": "栃木都賀JCT", "to": "都賀IC", "grade": 0.4, "elevation_start": 74.4, "elevation_end": 75.4, "quality": "estimated", "structure": "normal", "chain_rank": 1, "cum_dist_start": 2000.0, "cum_dist_end": 2250.0, "anomaly": false}, "geometry": {"type": "LineString", "coordinates": [[139.74213381203265, 36.4343931346098], [139.7423649481028, 36.43451912740003], [139.74259608417296, 36.434645120190254], [139.74282722024313, 36.43477111298048], [139.74305835631327, 36.43489710577071], [139.74328949238344, 36.43502309856093], [139.74352051013838, 36.4351492348508], [139.74375152381177, 36.43527537609097], [139.74398253748518, 36.435401517331144], [139.7442141497543, 36.43552693513824], [139.74444680281005, 36.43565109510234]]}}, {"type": "Feature", "properties": {"id": "北関東道-下り-1-9", "route": "北関東道", "direction": "下り", "from": "栃木都賀JCT", "to": "都賀IC", "grade": 0.43, "elevation_start": 75.4, "elevation_end": 76.5, "quality": "estimated", "structure": "normal", "chain_rank": 1, "cum_dist_start": 2250.0, "cum_dist_end": 2500.0, "anomaly": false}, "geometry": {"type": "LineString", "coordinates": [[139.74444680281005, 36.43565109510234], [139.74467945586582, 36.43577525506643], [139.74491222215508, 36.43589927409481], [139.74514733522716, 36.43602037220751], [139.74538244829924, 36.43614147032021], [139.74561756137135, 36.436262568432916], [139.74585692844607, 36.43637801142913], [139.74609824319282, 36.43649086526095], [139.74633955793956, 36.436603719092766], [139.74658059748705, 36.43671695687064], [139.74682154282488, 36.43683032608578]]}}, {"type": "Feature", "properties": {"id": "北関東道-下り-1-10", "route": "北関東道", "direction": "下り", "from": "栃木都賀JCT", "to": "都賀IC", "grade": 0.13, "elevation_start": 76.5, "elevation_end": 76.8, "quality": "estimated", "structure": "bridge", "chain_rank": 1, "cum_dist_start": 2500.0, "cum_dist_end": 2750.0, "anomaly": false}, "geometry": {"type": "LineString", "coordinates": [[139.74682154282488, 36.43683032608578], [139.74706655765257, 36.43693773371432], [139.74731378888157, 36.43704189443265], [139.74756102011057, 36.43714605515098], [139.74780825133956, 36.43725021586931], [139.74805548256856, 36.43735437658764], [139.74830577963874, 36.437453590618475], [139.7485577628973, 36.437550007620814], [139.7488117726047, 36.43764291464049], [139.7490657823121, 36.43773582166016], [139.7493210011934, 36.437826521421826]]}}, {"type": "Feature", "properties": {"id": "北関東道-下り-1-11", "route": "北関東道", "direction": "下り", "from": "栃木都賀JCT", "to": "都賀IC", "grade": 0.13, "elevation_start": 76.8, "elevation_end": 77.1, "quality": "estimated", "structure": "bridge", "chain_rank": 1, "cum_dist_start": 2750.0, "cum_dist_end": 3000.0, "anomaly": false}, "geometry": {"type": "LineString", "coordinates": [[139.7493210011934, 36.437826521421826], [139.74957692704052, 36.43791593066934], [139.74983345254716, 36.438004201937886], [139.75009063578665, 36.43809122502121], [139.7503478190261, 36.43817824810453], [139.7506088222276, 36.43825746661077], [139.75087011601474, 36.4383360914205], [139.75113140980187, 36.438414716230234], [139.75139398369788, 36.4384904772833], [139.75165738806393, 36.43856435231812], [139.751921957055, 36.438635470545165]]}}, {"type": "Feature", "properties": {"id": "北関東道-下り-1-12", "route": "北関東道", "direction": "下り", "from": "栃木都賀JCT", "to": "都賀IC", "grade": 0.13, "elevation_start": 77.1, "elevation_end": 77.5, "quality": "estimated", "structure": "bridge", "chain_rank": 1, "cum_dist_start": 3000.0, "cum_dist_end": 3250.0, "anomaly": false}, "geometry": {"type": "LineString", "coordinates": [[139.751921957055, 36.438635470545165], [139.75218652604605, 36.43870658877221], [139.75245210558435, 36.43877516109957], [139.75271853130235, 36.43884160162295], [139.75298495702037, 36.438908042146316], [139.7532544416457, 36.43896586017221], [139.75352398052382, 36.43902352526945], [139.75379351940194, 36.43908119036669], [139.75406305828008, 36.43913885546393], [139.75433330444503, 36.43919429731818], [139.75460469321632, 36.43924594514792]]}}, {"type": "Feature", "properties": {"id": "北関東道-下り-1-13", "route": "北関東道", "direction": "下り", "from": "栃木都賀JCT", "to": "都賀IC", "grade": 0.17, "elevation_start": 77.5, "elevation_end": 77.9, "quality": "estimated", "structure": "bridge", "chain_rank": 1, "cum_dist_start": 3250.0, "cum_dist_end": 3500.0, "anomaly": false}, "geometry": {"type": "LineString", "coordinates": [[139.75460469321632, 36.43924594514792], [139.75487655156198, 36.43929600217753], [139.75514861442568, 36.439345329118694], [139.75542193332643, 36.43938987977093], [139.75569532101963, 36.439434168758744], [139.75596870871286, 36.43947845774655], [139.7562419795898, 36.43952321448165], [139.7565153148235, 36.43956765921374], [139.75679057799113, 36.43960357516358], [139.75706526230698, 36.43964221735543], [139.75733959281544, 36.439682525888514]]}}, {"type": "Feature", "properties": {"id": "北関東道-下り-1-14", "route": "北関東道", "direction": "下り", "from": "都賀IC", "to": "壬生PA（東行き）", "grade": -0.46, "elevation_start": 77.9, "elevation_end": 76.8, "quality": "measured", "structure": "normal", "chain_rank": 1, "cum_dist_start": 3500.0, "cum_dist_end": 3750.0, "anomaly": false}, "geometry": {"type": "LineString", "coordinates": [[139.75733959281544, 36.439682525888514], [139.75761392332393, 36.4397228344216], [139.7578882538324, 36.43976314295468], [139.75816258434085, 36.43980345148777], [139.7584369148493, 36.43984376002086], [139.75871153168865, 36.43988277193221], [139.7589862336845, 36.439921398220285], [139.75926093568037, 36.43996002450836], [139.75953563767627, 36.43999865079643], [139.75981033967213, 36.44003727708451], [139.760085041668, 36.44007590337258]]}}, {"type": "Feature", "properties": {"id": "北関東道-下り-1-15", "route": "北関東道", "direction": "下り", "from": "都賀IC", "to": "壬生PA（東行き）", "grade": -1.63, "elevation_start": 76.8, "elevation_end": 72.7, "quality": "estimated", "structure": "normal", "chain_rank": 1, "cum_dist_start": 3750.0, "cum_dist_end": 4000.0, "anomaly": false}, "geometry": {"type": "LineString", "coordinates": [[139.760085041668, 36.44007590337258], [139.76035974366388, 36.440114529660654], [139.76063444565975, 36.44015315594873], [139.7609091476556, 36.4401917822368], [139.76118352572485, 36.44023188315778], [139.76145784866458, 36.44027223504842], [139.76173217160428, 36.440312586939065], [139.762006494544, 36.440352938829704], [139.76228081748374, 36.44039329072035], [139.76255514042347, 36.44043364261099], [139.7628294633632, 36.44047399450163]]}}, {"type": "Feature", "properties": {"id": "北関東道-下り-1-16", "route": "北関東道", "direction": "下り", "from": "都賀IC", "to": "壬生PA（東行き）", "grade": 0.23, "elevation_start": 72.7, "elevation_end": 73.3, "quality": "estimated", "structure": "bridge", "chain_rank": 1, "cum_dist_start": 4000.0, "cum_dist_end": 4250.0, "anomaly": false}, "geometry": {"type": "LineString", "coordinates": [[139.7628294633632, 36.44047399450163], [139.76310378630293, 36.44051434639228], [139.7633781817644, 36.44055438207627], [139.76365259052633, 36.440594359768134], [139.7639269992883, 36.44063433746], [139.7642014080502, 36.44067431515186], [139.76447581681217, 36.44071429284372], [139.7647502255741, 36.440754270535585], [139.76502463433604, 36.44079424822744], [139.76529904309797, 36.4408342259193], [139.76557345185992, 36.440874203611166]]}}, {"type": "Feature", "properties": {"id": "北関東道-下り-1-17", "route": "北関東道", "direction": "下り", "from": "都賀IC", "to": "壬生PA（東行き）", "grade": 0.23, "elevation_start": 73.3, "elevation_end": 73.8, "quality": "estimated", "structure": "bridge", "chain_rank": 1, "cum_dist_start": 4250.0, "cum_dist_end": 4500.0, "anomaly": false}, "geometry": {"type": "LineString", "coordinates": [[139.76557345185992, 36.440874203611166], [139.76584786062185, 36.44091418130303], [139.7661222693838, 36.44095415899489], [139.76639667814572, 36.440994136686754], [139.76667108690768, 36.44103411437862], [139.7669454956696, 36.44107409207047], [139.76721990443156, 36.441114069762335], [139.76749431319348, 36.4411540474542], [139.76776872195543, 36.44119402514606], [139.76804313071736, 36.44123400283792], [139.7683175394793, 36.441273980529786]]}}, {"type": "Feature", "properties": {"id": "北関東道-下り-1-18", "route": "北関東道", "direction": "下り", "from": "都賀IC", "to": "壬生PA（東行き）", "grade": 0.88, "elevation_start": 73.8, "elevation_end": 76.0, "quality": "estimated", "structure": "bridge", "chain_rank": 1, "cum_dist_start": 4500.0, "cum_dist_end": 4750.0, "anomaly": false}, "geometry": {"type": "LineString", "coordinates": [[139.7683175394793, 36.441273980529786], [139.76859205224744, 36.44131349482646], [139.7688666002651, 36.44135285207045], [139.76914114828278, 36.441392209314444], [139.76941569630046, 36.441431566558435], [139.76969024431813, 36.441470923802434], [139.7699647923358, 36.441510281046426], [139.77023934035347, 36.44154963829042], [139.77051388837114, 36.44158899553441], [139.77078826333383, 36.44162913266228], [139.77106255092156, 36.44166966355136]]}}, {"type": "Feature", "properties": {"id": "北関東道-下り-1-19", "route": "北関東道", "direction": "下り", "from": "都賀IC", "to": "壬生PA（東行き）", "grade": -0.09, "elevation_start": 76.0, "elevation_end": 75.8, "quality": "measured", "structure": "normal", "chain_rank": 1, "cum_dist_start": 4750.0, "cum_dist_end": 5000.0, "anomaly": false}, "geometry": {"type": "LineString", "coordinates": [[139.77106255092156, 36.44166966355136], [139.7713368385093, 36.44171019444044], [139.77161112609704, 36.44175072532952], [139.77188541368477, 36.4417912562186], [139.7721597012725, 36.44183178710768], [139.77243398886026, 36.44187231799676], [139.772708276448, 36.44191284888584], [139.77298256403571, 36.44195337977492], [139.77325685162344, 36.441993910664], [139.77353063113998, 36.44203662005026], [139.77380433106603, 36.44207967070286]]}}, {"type": "Feature", "properties": {"id": "北関東道-下り-1-20", "route": "北関東道", "direction": "下り", "from": "都賀IC", "to": "壬生PA（東行き）", "grade": 0.01, "elevation_start": 75.8, "elevation_end": 75.8, "quality": "measured", "structure": "normal", "chain_rank": 1, "cum_dist_start": 5000.0, "cum_dist_end": 5250.0, "anomaly": false}, "geometry": {"type": "LineString", "coordinates": [[139.77380433106603, 36.44207967070286], [139.7740780309921, 36.44212272135547], [139.7743517309181, 36.442165772008074], [139.77462538410924, 36.442209008658175], [139.7748981788279, 36.442255661891124], [139.77517097354655, 36.442302315124074], [139.7754437682652, 36.44234896835702], [139.7757157312271, 36.44239865026711], [139.77598733276477, 36.44244964823168], [139.77625893430246, 36.442500646196244], [139.77653053584015, 36.442551644160815]]}}, {"type": "Feature", "properties": {"id": "北関東道-下り-1-21", "route": "北関東道", "direction": "下り", "from": "都賀IC", "to": "壬生PA（東行き）", "grade": 0.06, "elevation_start": 75.8, "elevation_end": 76.0, "quality": "measured", "structure": "normal", "chain_rank": 1, "cum_dist_start": 5250.0, "cum_dist_end": 5500.0, "anomaly": false}, "geometry": {"type": "LineString", "coordinates": [[139.77653053584015, 36.442551644160815], [139.77680141116815, 36.44260504398589], [139.77707150978284, 36.44266101270665], [139.77734160839753, 36.44271698142742], [139.77761142217375, 36.44277383004899], [139.77788081695002, 36.44283197301261], [139.77815021172626, 36.44289011597623], [139.77841960650252, 36.44294825893985], [139.77868704287252, 36.44301200881598], [139.77895429735798, 36.443076279427075], [139.77922155184348, 36.44314055003818]]}}, {"type": "Feature", "properties": {"id": "北関東道-下り-1-22", "route": "北関東道", "direction": "下り", "from": "都賀IC", "to": "壬生PA（東行き）", "grade": 0.05, "elevation_start": 76.0, "elevation_end": 76.1, "quality": "estimated", "structure": "normal", "chain_rank": 1, "cum_dist_start": 5500.0, "cum_dist_end": 5750.0, "anomaly": false}, "geometry": {"type": "LineString", "coordinates": [[139.77922155184348, 36.44314055003818], [139.77948880632894, 36.44320482064928], [139.77975606081444, 36.443269091260376], [139.7800221900257, 36.443336333239294], [139.78028816813153, 36.4434039742231], [139.78055358801222, 36.443472990253234], [139.780817458473, 36.44354582288714], [139.7810813289338, 36.44361865552104], [139.78134519939456, 36.44369148815495], [139.78160906985536, 36.44376432078886], [139.78187156756084, 36.443840278896964]]}}, {"type": "Feature", "properties": {"id": "北関東道-下り-1-23", "route": "北関東道", "direction": "下り", "from": "都賀IC", "to": "壬生PA（東行き）", "grade": -0.42, "elevation_start": 76.1, "elevation_end": 75.1, "quality": "estimated", "structure": "bridge", "chain_rank": 1, "cum_dist_start": 5750.0, "cum_dist_end": 6000.0, "anomaly": false}, "geometry": {"type": "LineString", "coordinates": [[139.78187156756084, 36.443840278896964], [139.78213320397163, 36.443918197991394], [139.78239484038244, 36.44399611708583], [139.78265647679322, 36.44407403618026], [139.782918113204, 36.4441519552747], [139.783178012435, 36.444233509292026], [139.78343638185183, 36.44431824460088], [139.78369393690173, 36.444404588087096], [139.78395149195163, 36.44449093157331], [139.7842090470015, 36.44457727505953], [139.7844666020514, 36.444663618545746]]}}, {"type": "Feature", "properties": {"id": "北関東道-下り-1-24", "route": "北関東道", "direction": "下り", "from": "都賀IC", "to": "壬生PA（東行き）", "grade": -0.48, "elevation_start": 75.1, "elevation_end": 73.9, "quality": "estimated", "structure": "normal", "chain_rank": 1, "cum_dist_start": 6000.0, "cum_dist_end": 6250.0, "anomaly": false}, "geometry": {"type": "LineString", "coordinates": [[139.7844666020514, 36.444663618545746], [139.78472301603625, 36.44475212057146], [139.78497826168993, 36.44484283271562], [139.7852335073436, 36.444933544859786], [139.78548875299728, 36.44502425700395], [139.78574399865096, 36.445114969148115], [139.78599713985108, 36.445209441737056], [139.78624998368807, 36.44530444568372], [139.78650282752506, 36.44539944963038], [139.78675567136204, 36.44549445357704], [139.78700830146215, 36.44558981801802]]}}, {"type": "Feature", "properties": {"id": "北関東道-下り-1-25", "route": "北関東道", "direction": "下り", "from": "都賀IC", "to": "壬生PA（東行き）", "grade": -0.59, "elevation_start": 73.9, "elevation_end": 72.4, "quality": "measured", "structure": "normal", "chain_rank": 1, "cum_dist_start": 6250.0, "cum_dist_end": 6500.0, "anomaly": false}, "geometry": {"type": "LineString", "coordinates": [[139.78700830146215, 36.44558981801802], [139.78725834739612, 36.445689540982464], [139.78750839333006, 36.4457892639469], [139.787758439264, 36.44588898691134], [139.78800848519793, 36.44598870987578], [139.78825767742165, 36.4460898127902], [139.78850631925653, 36.446191805361366], [139.7887549610914, 36.44629379793253], [139.78900360292627, 36.44639579050371], [139.78925224476114, 36.446497783074875], [139.789500886596, 36.44659977564605]]}}, {"type": "Feature", "properties": {"id": "北関東道-下り-1-26", "route": "北関東道", "direction": "下り", "from": "都賀IC", "to": "壬生PA（東行き）", "grade": 0.89, "elevation_start": 72.4, "elevation_end": 74.6, "quality": "estimated", "structure": "normal", "chain_rank": 1, "cum_dist_start": 6500.0, "cum_dist_end": 6750.0, "anomaly": false}, "geometry": {"type": "LineString", "coordinates": [[139.789500886596, 36.44659977564605], [139.78974952843086, 36.44670176821722], [139.78999817026573, 36.446803760788384], [139.7902468121006, 36.44690575335956], [139.79049545393548, 36.447007745930726], [139.79074387272252, 36.44711009458681], [139.79099213753082, 36.44721268906249], [139.7912404023391, 36.44731528353816], [139.79148866714738, 36.44741787801383], [139.79173693195565, 36.44752047248951], [139.79198519676393, 36.44762306696518]]}}, {"type": "Feature", "properties": {"id": "北関東道-下り-1-27", "route": "北関東道", "direction": "下り", "from": "都賀IC", "to": "壬生PA（東行き）", "grade": 1.49, "elevation_start": 74.6, "elevation_end": 78.4, "quality": "estimated", "structure": "bridge", "chain_rank": 1, "cum_dist_start": 6750.0, "cum_dist_end": 7000.0, "anomaly": false}, "geometry": {"type": "LineString", "coordinates": [[139.79198519676393, 36.44762306696518], [139.79223350067724, 36.44772560071931], [139.7924818711707, 36.44782803108912], [139.79273024166415, 36.447930461458924], [139.79297861215758, 36.44803289182873], [139.79322698265102, 36.44813532219853], [139.7934753531445, 36.44823775256834], [139.79372415744555, 36.44833950201854], [139.79397297459928, 36.44844123129479], [139.79422179175302, 36.44854296057103], [139.79447060890672, 36.44864468984728]]}}, {"type": "Feature", "properties": {"id": "北関東道-下り-1-28", "route": "北関東道", "direction": "下り", "from": "都賀IC", "to": "壬生PA（東行き）", "grade": 0.83, "elevation_start": 78.4, "elevation_end": 80.5, "quality": "estimated", "structure": "normal", "chain_rank": 1, "cum_dist_start": 7000.0, "cum_dist_end": 7250.0, "anomaly": false}, "geometry": {"type": "LineString", "coordinates": [[139.79447060890672, 36.44864468984728], [139.79471942606045, 36.44874641912352], [139.79496824321419, 36.44884814839977], [139.7952170603679, 36.448949877676014], [139.79546587752162, 36.44905160695226], [139.79571469467533, 36.449153336228505], [139.79596351182906, 36.44925506550475], [139.7962123289828, 36.449356794780996], [139.7964611461365, 36.44945852405725], [139.79670996329023, 36.449560253333495], [139.79695878044396, 36.44966198260974]]}}, {"type": "Feature", "properties": {"id": "北関東道-下り-1-29", "route": "北関東道", "direction": "下り", "from": "都賀IC", "to": "壬生PA（東行き）", "grade": 0.42, "elevation_start": 80.5, "elevation_end": 81.5, "quality": "measured", "structure": "normal", "chain_rank": 1, "cum_dist_start": 7250.0, "cum_dist_end": 7500.0, "anomaly": false}, "geometry": {"type": "LineString", "coordinates": [[139.79695878044396, 36.44966198260974], [139.79720759759766, 36.449763711885986], [139.7974564147514, 36.44986544116223], [139.79770523190513, 36.44996717043848], [139.79795404905883, 36.45006889971472], [139.79820286621256, 36.45017062899097], [139.7984516833663, 36.45027235826721], [139.79870050052, 36.45037408754346], [139.79894931767373, 36.450475816819704], [139.79919813482746, 36.45057754609595], [139.79944695198117, 36.450679275372195]]}}, {"type": "Feature", "properties": {"id": "北関東道-下り-1-30", "route": "北関東道", "direction": "下り", "from": "都賀IC", "to": "壬生PA（東行き）", "grade": 0.4, "elevation_start": 81.5, "elevation_end": 82.5, "quality": "measured", "structure": "normal", "chain_rank": 1, "cum_dist_start": 7500.0, "cum_dist_end": 7750.0, "anomaly": false}, "geometry": {"type": "LineString", "coordinates": [[139.79944695198117, 36.450679275372195], [139.7996957691349, 36.45078100464844], [139.79994458628863, 36.45088273392469], [139.80019340344234, 36.45098446320094], [139.80044222059607, 36.451086192477185], [139.8006910377498, 36.45118792175343], [139.8009402958848, 36.45128893414542], [139.8011862676204, 36.451395091885395], [139.80143223935602, 36.45150124962538], [139.8016790168846, 36.45160615949363], [139.8019275723704, 36.45170831597162]]}}, {"type": "Feature", "properties": {"id": "北関東道-下り-1-31", "route": "北関東道", "direction": "下り", "from": "壬生PA（東行き）", "to": "壬生PA", "grade": -0.45, "elevation_start": 82.5, "elevation_end": 81.4, "quality": "measured", "structure": "normal", "chain_rank": 1, "cum_dist_start": 7750.0, "cum_dist_end": 8000.0, "anomaly": false}, "geometry": {"type": "LineString", "coordinates": [[139.8019275723704, 36.45170831597162], [139.8021761278562, 36.45181047244961], [139.80242468334197, 36.4519126289276], [139.80267323882777, 36.45201478540559], [139.80292142417662, 36.45211752793969], [139.80316944816275, 36.45222052596735], [139.80341747214888, 36.452323523995005], [139.80366610225843, 36.45242556461407], [139.80391486138384, 36.45252740144474], [139.80416362050929, 36.452629238275414], [139.8044123796347, 36.45273107510609]]}}, {"type": "Feature", "properties": {"id": "北関東道-下り-1-32", "route": "北関東道", "direction": "下り", "from": "壬生PA（東行き）", "to": "壬生PA", "grade": -0.4, "elevation_start": 81.4, "elevation_end": 80.4, "quality": "measured", "structure": "normal", "chain_rank": 1, "cum_dist_start": 8000.0, "cum_dist_end": 8250.0, "anomaly": false}, "geometry": {"type": "LineString", "coordinates": [[139.8044123796347, 36.45273107510609], [139.80466113876014, 36.45283291193676], [139.80490989788555, 36.45293474876743], [139.8051585153697, 36.45303681167808], [139.80540688237707, 36.45313927438598], [139.80565524938444, 36.45324173709388], [139.80590361639182, 36.45334419980178], [139.80615198339916, 36.453446662509684], [139.80640035040653, 36.453549125217585], [139.8066492212489, 36.4536507842027], [139.80689858126186, 36.45375166285793]]}}, {"type": "Feature", "properties": {"id": "北関東道-下り-1-33", "route": "北関東道", "direction": "下り", "from": "道の駅みぶ", "to": "壬生PA（西行き）", "grade": -2.01, "elevation_start": 80.4, "elevation_end": 75.4, "quality": "estimated", "structure": "bridge", "chain_rank": 1, "cum_dist_start": 8250.0, "cum_dist_end": 8500.0, "anomaly": false}, "geometry": {"type": "LineString", "coordinates": [[139.80689858126186, 36.45375166285793], [139.8071479412748, 36.45385254151316], [139.8073967049166, 36.45395437673013], [139.80764535980768, 36.45405638638012], [139.80789401469875, 36.454158396030095], [139.80814550542635, 36.454255749865084], [139.80839730450043, 36.45435259746358], [139.8086491035745, 36.454449445062075], [139.80890090264856, 36.454546292660574], [139.80915441321537, 36.454640149086316], [139.8094089277753, 36.454732250835065]]}}, {"type": "Feature", "properties": {"id": "北関東道-下り-1-34", "route": "北関東道", "direction": "下り", "from": "壬生PA（西行き）", "to": "壬生IC", "grade": -2.32, "elevation_start": 75.4, "elevation_end": 69.6, "quality": "estimated", "structure": "bridge", "chain_rank": 1, "cum_dist_start": 8500.0, "cum_dist_end": 8750.0, "anomaly": false}, "geometry": {"type": "LineString", "coordinates": [[139.8094089277753, 36.454732250835065], [139.80966344233522, 36.45482435258382], [139.80991795689516, 36.45491645433257], [139.8101724714551, 36.45500855608132], [139.81042698601502, 36.45510065783007], [139.81068343339945, 36.4551891161402], [139.81094155448358, 36.45527441947055], [139.8111996755677, 36.4553597228009], [139.8114585903033, 36.45544341731086], [139.81171862243758, 36.455524846728586], [139.81197865457185, 36.45560627614632]]}}, {"type": "Feature", "properties": {"id": "北関東道-下り-1-35", "route": "北関東道", "direction": "下り", "from": "壬生PA（西行き）", "to": "壬生IC", "grade": 0.1, "elevation_start": 69.6, "elevation_end": 69.8, "quality": "estimated", "structure": "normal", "chain_rank": 1, "cum_dist_start": 8750.0, "cum_dist_end": 9000.0, "anomaly": false}, "geometry": {"type": "LineString", "coordinates": [[139.81197865457185, 36.45560627614632], [139.8122393368103, 36.45568630797203], [139.81250142832775, 36.45576331013411], [139.81276351984522, 36.45584031229619], [139.81302675470312, 36.455914655959845], [139.81329150486857, 36.45598547622626], [139.81355625503406, 36.456056296492676], [139.8138217111018, 36.456125370900615], [139.81408720612134, 36.45619434897197], [139.81435363491434, 36.456260895236944], [139.81462086478507, 36.45632535527241]]}}, {"type": "Feature", "properties": {"id": "北関東道-下り-1-36", "route": "北関東道", "direction": "下り", "from": "壬生PA（西行き）", "to": "壬生IC", "grade": 1.04, "elevation_start": 69.8, "elevation_end": 72.4, "quality": "estimated", "structure": "normal", "chain_rank": 1, "cum_dist_start": 9000.0, "cum_dist_end": 9250.0, "anomaly": false}, "geometry": {"type": "LineString", "coordinates": [[139.81462086478507, 36.45632535527241], [139.81488809465577, 36.45638981530789], [139.81515577786305, 36.456452987857205], [139.81542501263277, 36.456511753933995], [139.81569424740252, 36.456570520010786], [139.81596389706252, 36.45662801079798], [139.81623412755985, 36.45668371620752], [139.81650475013646, 36.45673812914402], [139.81677625626884, 36.45678962947529], [139.81704776240124, 36.456841129806556], [139.81731954617152, 36.45689166547614]]}}, {"type": "Feature", "properties": {"id": "北関東道-下り-1-37", "route": "北関東道", "direction": "下り", "from": "壬生PA（西行き）", "to": "壬生IC", "grade": 1.53, "elevation_start": 72.4, "elevation_end": 76.3, "quality": "estimated", "structure": "bridge", "chain_rank": 1, "cum_dist_start": 9250.0, "cum_dist_end": 9500.0, "anomaly": false}, "geometry": {"type": "LineString", "coordinates": [[139.81731954617152, 36.45689166547614], [139.81759137054118, 36.45694206008198], [139.8178633177887, 36.45699198840815], [139.81813698804714, 36.4570353784934], [139.81841065830557, 36.45707876857866], [139.8186846891276, 36.457120619763494], [139.81895906862587, 36.45716098278326], [139.81923375869602, 36.45719991502559], [139.8195087762755, 36.45723733846088], [139.81978468713567, 36.457269754050074], [139.82006159746948, 36.457296566461366]]}}, {"type": "Feature", "properties": {"id": "北関東道-下り-1-38", "route": "北関東道", "direction": "下り", "from": "壬生PA（西行き）", "to": "壬生IC", "grade": 0.87, "elevation_start": 76.3, "elevation_end": 78.4, "quality": "estimated", "structure": "normal", "chain_rank": 1, "cum_dist_start": 9500.0, "cum_dist_end": 9750.0, "anomaly": false}, "geometry": {"type": "LineString", "coordinates": [[139.82006159746948, 36.457296566461366], [139.8203384497832, 36.45732372285485], [139.8206141436872, 36.45735774708038], [139.82088983759118, 36.45739177130591], [139.8211661061311, 36.457422478939336], [139.82144277296493, 36.45745088776334], [139.82171951961072, 36.45747871905496], [139.82199713252479, 36.45750028188764], [139.82227474543888, 36.45752184472032], [139.82255245141567, 36.45754251044452], [139.82283063643678, 36.45755855826431]]}}, {"type": "Feature", "properties": {"id": "北関東道-下り-1-39", "route": "北関東道", "direction": "下り", "from": "壬生IC", "to": "宇都宮上三川IC", "grade": 0.18, "elevation_start": 78.4, "elevation_end": 78.9, "quality": "estimated", "structure": "bridge", "chain_rank": 1, "cum_dist_start": 9750.0, "cum_dist_end": 10000.0, "anomaly": false}, "geometry": {"type": "LineString", "coordinates": [[139.82283063643678, 36.45755855826431], [139.8231088214579, 36.4575746060841], [139.82338704313966, 36.4575902144404], [139.82366538081723, 36.457604432315506], [139.8239437184948, 36.45761865019062], [139.82422226034868, 36.45762979517676], [139.82450088352334, 36.457639716270876], [139.82477950669798, 36.457649637364995], [139.8250582681721, 36.45765643292535], [139.82533705748943, 36.45766259923734], [139.82561584263235, 36.45766888795886]]}}, {"type": "Feature", "properties": {"id": "北関東道-下り-1-40", "route": "北関東道", "direction": "下り", "from": "壬生IC", "to": "宇都宮上三川IC", "grade": 0.16, "elevation_start": 78.9, "elevation_end": 79.3, "quality": "estimated", "structure": "bridge", "chain_rank": 1, "cum_dist_start": 10000.0, "cum_dist_end": 10250.0, "anomaly": false}, "geometry": {"type": "LineString", "coordinates": [[139.82561584263235, 36.45766888795886], [139.82589462511382, 36.457675254723775], [139.8261734075953, 36.45768162148869], [139.82645219007676, 36.45768798825361], [139.82673091059928, 36.457695869042894], [139.82700968253994, 36.457702347610784], [139.82728849971295, 36.457707636357064], [139.827567316886, 36.457712925103344], [139.827846134059, 36.45771821384962], [139.828124951232, 36.4577235025959], [139.82840376840502, 36.45772879134218]]}}, {"type": "Feature", "properties": {"id": "北関東道-下り-1-41", "route": "北関東道", "direction": "下り", "from": "壬生IC", "to": "宇都宮上三川IC", "grade": 0.16, "elevation_start": 79.3, "elevation_end": 79.7, "quality": "estimated", "structure": "bridge", "chain_rank": 1, "cum_dist_start": 10250.0, "cum_dist_end": 10500.0, "anomaly": false}, "geometry": {"type": "LineString", "coordinates": [[139.82840376840502, 36.45772879134218], [139.82868258557806, 36.45773408008845], [139.82896140275108, 36.45773936883473], [139.8292402199241, 36.45774465758101], [139.8295189299648, 36.45775281812182], [139.829797634859, 36.457761116619906], [139.83007633975322, 36.45776941511799], [139.83035483957653, 36.457781335764935], [139.83063331797788, 36.45779363478622], [139.8309117963792, 36.4578059338075], [139.83119027478054, 36.45781823282878]]}}, {"type": "Feature", "properties": {"id": "北関東道-下り-1-42", "route": "北関東道", "direction": "下り", "from": "壬生IC", "to": "宇都宮上三川IC", "grade": 0.16, "elevation_start": 79.7, "elevation_end": 80.1, "quality": "estimated", "structure": "bridge", "chain_rank": 1, "cum_dist_start": 10500.0, "cum_dist_end": 10750.0, "anomaly": false}, "geometry": {"type": "LineString", "coordinates": [[139.83119027478054, 36.45781823282878], [139.83146847924624, 36.4578338049671], [139.83174647160985, 36.45785191140427], [139.83202446397348, 36.45787001784144], [139.83230245633712, 36.4578881242786], [139.83258039217637, 36.45790673898902], [139.83285792573875, 36.45792897101577], [139.83313545930113, 36.457951203042526], [139.83341299286352, 36.45797343506928], [139.8336898368014, 36.45800040256966], [139.83396617881675, 36.45803081664278]]}}, {"type": "Feature", "properties": {"id": "北関東道-下り-1-43", "route": "北関東道", "direction": "下り", "from": "壬生IC", "to": "宇都宮上三川IC", "grade": 0.16, "elevation_start": 80.1, "elevation_end": 80.5, "quality": "estimated", "structure": "bridge", "chain_rank": 1, "cum_dist_start": 10750.0, "cum_dist_end": 11000.0, "anomaly": false}, "geometry": {"type": "LineString", "coordinates": [[139.83396617881675, 36.45803081664278], [139.8342424255644, 36.45806177226625], [139.834518309894, 36.45809478805957], [139.8347941942236, 36.458127803852896], [139.83506985370977, 36.4581620123886], [139.83534538654746, 36.458196892765045], [139.83562091938518, 36.4582317731415], [139.83589576435818, 36.45826987890461], [139.83616985648055, 36.458311514772696], [139.8364439486029, 36.458353150640775], [139.83671804072526, 36.45839478650886]]}}, {"type": "Feature", "properties": {"id": "北関東道-下り-1-44", "route": "北関東道", "direction": "下り", "from": "壬生IC", "to": "宇都宮上三川IC", "grade": 0.16, "elevation_start": 80.5, "elevation_end": 80.9, "quality": "estimated", "structure": "bridge", "chain_rank": 1, "cum_dist_start": 11000.0, "cum_dist_end": 11250.0, "anomaly": false}, "geometry": {"type": "LineString", "coordinates": [[139.83671804072526, 36.45839478650886], [139.8369921328476, 36.45843642237694], [139.8372651724174, 36.458482299382446], [139.83753793888138, 36.45852927683591], [139.83781070534536, 36.458576254289376], [139.83808347180934, 36.45862323174284], [139.83835623827332, 36.458670209196306], [139.8386287260058, 36.45871820344102], [139.83890048419605, 36.45876885899964], [139.8391722423863, 36.45881951455826], [139.83944400057658, 36.45887017011688]]}}, {"type": "Feature", "properties": {"id": "北関東道-下り-1-45", "route": "北関東道", "direction": "下り", "from": "壬生IC", "to": "宇都宮上三川IC", "grade": 0.16, "elevation_start": 80.9, "elevation_end": 81.3, "quality": "estimated", "structure": "bridge", "chain_rank": 1, "cum_dist_start": 11250.0, "cum_dist_end": 11500.0, "anomaly": false}, "geometry": {"type": "LineString", "coordinates": [[139.83944400057658, 36.45887017011688], [139.83971575876683, 36.4589208256755], [139.8399875169571, 36.45897148123412], [139.84025927514736, 36.45902213679274], [139.84053103333764, 36.459072792351364], [139.8408027915279, 36.45912344790998], [139.84107454971817, 36.459174103468605], [139.84134630790842, 36.45922475902722], [139.8416180660987, 36.459275414585846], [139.84188982428896, 36.45932607014446], [139.84216158247924, 36.45937672570309]]}}, {"type": "Feature", "properties": {"id": "北関東道-下り-1-46", "route": "北関東道", "direction": "下り", "from": "壬生IC", "to": "宇都宮上三川IC", "grade": 0.16, "elevation_start": 81.3, "elevation_end": 81.7, "quality": "estimated", "structure": "bridge", "chain_rank": 1, "cum_dist_start": 11500.0, "cum_dist_end": 11750.0, "anomaly": false}, "geometry": {"type": "LineString", "coordinates": [[139.84216158247924, 36.45937672570309], [139.8424333406695, 36.459427381261705], [139.84270509885977, 36.45947803682033], [139.84297685705002, 36.459528692378946], [139.84324861524027, 36.45957934793757], [139.84352037343055, 36.45963000349619], [139.8437921316208, 36.459680659054804], [139.84406388981108, 36.45973131461343], [139.84433564800133, 36.459781970172045], [139.84460750263807, 36.45983228927472], [139.84487951627216, 36.459882053711105]]}}, {"type": "Feature", "properties": {"id": "北関東道-下り-1-47", "route": "北関東道", "direction": "下り", "from": "壬生IC", "to": "宇都宮上三川IC", "grade": 0.16, "elevation_start": 81.7, "elevation_end": 82.1, "quality": "estimated", "structure": "bridge", "chain_rank": 1, "cum_dist_start": 11750.0, "cum_dist_end": 12000.0, "anomaly": false}, "geometry": {"type": "LineString", "coordinates": [[139.84487951627216, 36.459882053711105], [139.84515152990622, 36.45993181814749], [139.8454235435403, 36.45998158258387], [139.84569555717437, 36.460031347020255], [139.84596757080845, 36.46008111145664], [139.84623958444254, 36.46013087589302], [139.8465115980766, 36.460180640329405], [139.8467836117107, 36.46023040476579], [139.84705562534475, 36.46028016920217], [139.84732763897884, 36.460329933638555], [139.8475996526129, 36.46037969807494]]}}, {"type": "Feature", "properties": {"id": "北関東道-下り-1-48", "route": "北関東道", "direction": "下り", "from": "壬生IC", "to": "宇都宮上三川IC", "grade": 0.16, "elevation_start": 82.1, "elevation_end": 82.5, "quality": "estimated", "structure": "bridge", "chain_rank": 1, "cum_dist_start": 12000.0, "cum_dist_end": 12250.0, "anomaly": false}, "geometry": {"type": "LineString", "coordinates": [[139.8475996526129, 36.46037969807494], [139.847871666247, 36.46042946251132], [139.84814367988108, 36.460479226947704], [139.84841569351514, 36.46052899138409], [139.84868765653104, 36.46057893893958], [139.84895952749346, 36.46062921951279], [139.84923139845588, 36.46067950008601], [139.84950326941834, 36.46072978065922], [139.84977514038076, 36.460780061232434], [139.85004701134318, 36.46083034180565], [139.85031888230563, 36.460880622378866]]}}, {"type": "Feature", "properties": {"id": "北関東道-下り-1-49", "route": "北関東道", "direction": "下り", "from": "壬生IC", "to": "宇都宮上三川IC", "grade": 0.16, "elevation_start": 82.5, "elevation_end": 82.9, "quality": "estimated", "structure": "bridge", "chain_rank": 1, "cum_dist_start": 12250.0, "cum_dist_end": 12500.0, "anomaly": false}, "geometry": {"type": "LineString", "coordinates": [[139.85031888230563, 36.460880622378866], [139.85059075326805, 36.46093090295208], [139.85086262423047, 36.46098118352529], [139.8511344951929, 36.46103146409851], [139.85140636615535, 36.46108174467172], [139.85167823711777, 36.461132025244936], [139.8519501080802, 36.46118230581815], [139.85222197904264, 36.46123258639137], [139.85249385000506, 36.46128286696458], [139.85276572096748, 36.46133314753779], [139.8530375919299, 36.461383428111006]]}}, {"type": "Feature", "properties": {"id": "北関東道-下り-1-50", "route": "北関東道", "direction": "下り", "from": "壬生IC", "to": "宇都宮上三川IC", "grade": 0.16, "elevation_start": 82.9, "elevation_end": 83.3, "quality": "estimated", "structure": "bridge", "chain_rank": 1, "cum_dist_start": 12500.0, "cum_dist_end": 12750.0, "anomaly": false}, "geometry": {"type": "LineString", "coordinates": [[139.8530375919299, 36.461383428111006], [139.85330946289235, 36.461433708684226], [139.85358133787048, 36.46148398176061], [139.85385321313905, 36.46153425429478], [139.8541250884076, 36.46158452682896], [139.85439696367618, 36.461634799363125], [139.85466883894478, 36.4616850718973], [139.85494071267453, 36.46173535087186], [139.85521258135623, 36.46178565097442], [139.85548445003792, 36.46183595107697], [139.8557563187196, 36.46188625117953]]}}, {"type": "Feature", "properties": {"id": "北関東道-下り-1-51", "route": "北関東道", "direction": "下り", "from": "壬生IC", "to": "宇都宮上三川IC", "grade": 0.16, "elevation_start": 83.3, "elevation_end": 83.7, "quality": "estimated", "structure": "bridge", "chain_rank": 1, "cum_dist_start": 12750.0, "cum_dist_end": 13000.0, "anomaly": false}, "geometry": {"type": "LineString", "coordinates": [[139.8557563187196, 36.46188625117953], [139.85602818740134, 36.46193655128208], [139.85630005608303, 36.46198685138464], [139.85657192476472, 36.46203715148719], [139.85684379344642, 36.462087451589746], [139.8571156621281, 36.462137751692296], [139.85738792760125, 36.46218663257957], [139.85765980958234, 36.46223688750078], [139.85793164581509, 36.462287306316036], [139.85820348204786, 36.4623377251313], [139.8584753182806, 36.462388143946555]]}}, {"type": "Feature", "properties": {"id": "北関東道-下り-1-52", "route": "北関東道", "direction": "下り", "from": "壬生IC", "to": "宇都宮上三川IC", "grade": 0.16, "elevation_start": 83.7, "elevation_end": 84.1, "quality": "estimated", "structure": "bridge", "chain_rank": 1, "cum_dist_start": 13000.0, "cum_dist_end": 13250.0, "anomaly": false}, "geometry": {"type": "LineString", "coordinates": [[139.8584753182806, 36.462388143946555], [139.8587472825954, 36.46243809218521], [139.859020245386, 36.462484372911824], [139.85929320817658, 36.46253065363844], [139.85956617096718, 36.46257693436505], [139.8598391337578, 36.46262321509167], [139.86011237831116, 36.46266839679492], [139.86038645152738, 36.462710133420465], [139.860660800858, 36.46275071731907], [139.86093515018862, 36.46279130121766], [139.86120954996468, 36.46283165138928]]}}, {"type": "Feature", "properties": {"id": "北関東道-下り-1-53", "route": "北関東道", "direction": "下り", "from": "壬生IC", "to": "宇都宮上三川IC", "grade": 0.16, "elevation_start": 84.1, "elevation_end": 84.5, "quality": "estimated", "structure": "bridge", "chain_rank": 1, "cum_dist_start": 13250.0, "cum_dist_end": 13500.0, "anomaly": false}, "geometry": {"type": "LineString", "coordinates": [[139.86120954996468, 36.46283165138928], [139.86148472310904, 36.462868418342815], [139.86175989451468, 36.46290519449308], [139.86203506510043, 36.462941974980005], [139.86231054762118, 36.462977190019224], [139.86258611999062, 36.46301195415218], [139.86286169236007, 36.463046718285135], [139.86313710888032, 36.463082272585204], [139.86341239732545, 36.46311847623564], [139.86368726030193, 36.46315670862151], [139.8639619418287, 36.46319580620251]]}}, {"type": "Feature", "properties": {"id": "北関東道-下り-1-54", "route": "北関東道", "direction": "下り", "from": "壬生IC", "to": "宇都宮上三川IC", "grade": 0.16, "elevation_start": 84.5, "elevation_end": 84.9, "quality": "estimated", "structure": "bridge", "chain_rank": 1, "cum_dist_start": 13500.0, "cum_dist_end": 13750.0, "anomaly": false}, "geometry": {"type": "LineString", "coordinates": [[139.8639619418287, 36.46319580620251], [139.86423662335548, 36.46323490378352], [139.86451130488223, 36.463274001364525], [139.8647867586638, 36.46330935484403], [139.8650623028821, 36.46334426986155], [139.86533773229792, 36.46337977314713], [139.8656131423905, 36.463415375448335], [139.86588855248309, 36.46345097774953], [139.86616396257565, 36.463486580050734], [139.86643937266822, 36.46352218235194], [139.86671478276082, 36.46355778465314]]}}, {"type": "Feature", "properties": {"id": "北関東道-下り-1-55", "route": "北関東道", "direction": "下り", "from": "壬生IC", "to": "宇都宮上三川IC", "grade": 0.16, "elevation_start": 84.9, "elevation_end": 85.3, "quality": "estimated", "structure": "bridge", "chain_rank": 1, "cum_dist_start": 13750.0, "cum_dist_end": 14000.0, "anomaly": false}, "geometry": {"type": "LineString", "coordinates": [[139.86671478276082, 36.46355778465314], [139.8669901928534, 36.463593386954344], [139.86726560294596, 36.46362898925554], [139.86754101303856, 36.46366459155674], [139.86781629313901, 36.46370084563711], [139.86809152920577, 36.46373732050214], [139.86836676527253, 36.46377379536717], [139.86864200133928, 36.46381027023219], [139.86891723740604, 36.463846745097214], [139.86919247347276, 36.46388321996224], [139.86946770953952, 36.46391969482726]]}}, {"type": "Feature", "properties": {"id": "北関東道-下り-1-56", "route": "北関東道", "direction": "下り", "from": "壬生IC", "to": "宇都宮上三川IC", "grade": 0.16, "elevation_start": 85.3, "elevation_end": 85.7, "quality": "estimated", "structure": "bridge", "chain_rank": 1, "cum_dist_start": 14000.0, "cum_dist_end": 14250.0, "anomaly": false}, "geometry": {"type": "LineString", "coordinates": [[139.86946770953952, 36.46391969482726], [139.86974293721386, 36.463956213744964], [139.87001816018193, 36.46399275736637], [139.87029338314997, 36.464029300987775], [139.87056860611804, 36.46406584460918], [139.8708438290861, 36.46410238823058], [139.87111905205418, 36.464138931851984], [139.87139428753142, 36.4641754137578], [139.87166964202984, 36.464211308457216], [139.8719449965283, 36.46424720315664], [139.87222035102675, 36.464283097856054]]}}, {"type": "Feature", "properties": {"id": "北関東道-下り-1-57", "route": "北関東道", "direction": "下り", "from": "壬生IC", "to": "宇都宮上三川IC", "grade": 0.16, "elevation_start": 85.7, "elevation_end": 86.1, "quality": "estimated", "structure": "bridge", "chain_rank": 1, "cum_dist_start": 14250.0, "cum_dist_end": 14500.0, "anomaly": false}, "geometry": {"type": "LineString", "coordinates": [[139.87222035102675, 36.464283097856054], [139.87249584564537, 36.46431824808641], [139.8727719748114, 36.46435002691908], [139.8730481039774, 36.46438180575174], [139.87332423314342, 36.464413584584406], [139.87360036230942, 36.46444536341707], [139.87387649147544, 36.464477142249734], [139.87415238981774, 36.46451020548013], [139.87442828553196, 36.464543283334265], [139.8747041812462, 36.4645763611884], [139.8749799837012, 36.4646099442666]]}}, {"type": "Feature", "properties": {"id": "北関東道-下り-1-58", "route": "北関東道", "direction": "下り", "from": "壬生IC", "to": "宇都宮上三川IC", "grade": 0.16, "elevation_start": 86.1, "elevation_end": 86.5, "quality": "estimated", "structure": "bridge", "chain_rank": 1, "cum_dist_start": 14500.0, "cum_dist_end": 14750.0, "anomaly": false}, "geometry": {"type": "LineString", "coordinates": [[139.8749799837012, 36.4646099442666], [139.87525577391213, 36.464643593675966], [139.8755315641231, 36.46467724308533], [139.87580735433403, 36.46471089249471], [139.8760829273012, 36.46474564064569], [139.87635796713275, 36.464783085207024], [139.87663283979992, 36.464821307543346], [139.87690739923946, 36.464860987251335], [139.877181958679, 36.46490066695932], [139.87745648226908, 36.46494049958255], [139.8777299854006, 36.46498468495576]]}}, {"type": "Feature", "properties": {"id": "北関東道-下り-1-59", "route": "北関東道", "direction": "下り", "from": "壬生IC", "to": "宇都宮上三川IC", "grade": 0.16, "elevation_start": 86.5, "elevation_end": 86.9, "quality": "estimated", "structure": "bridge", "chain_rank": 1, "cum_dist_start": 14750.0, "cum_dist_end": 15000.0, "anomaly": false}, "geometry": {"type": "LineString", "coordinates": [[139.8777299854006, 36.46498468495576], [139.87800348853213, 36.465028870328965], [139.87827696732867, 36.4650731505596], [139.87854967732943, 36.465120427549], [139.87882138973563, 36.465171214957394], [139.87909232029526, 36.46522475359297], [139.87936325085488, 36.46527829222855], [139.87963245159915, 36.46533713477639], [139.87990086763855, 36.465398383364835], [139.88016928367796, 36.46545963195327], [139.88043573444665, 36.46552620413481]]}}, {"type": "Feature", "properties": {"id": "北関東道-下り-1-60", "route": "北関東道", "direction": "下り", "from": "壬生IC", "to": "宇都宮上三川IC", "grade": -0.24, "elevation_start": 86.9, "elevation_end": 86.3, "quality": "estimated", "structure": "normal", "chain_rank": 1, "cum_dist_start": 15000.0, "cum_dist_end": 15250.0, "anomaly": false}, "geometry": {"type": "LineString", "coordinates": [[139.88043573444665, 36.46552620413481], [139.88070183481076, 36.4655937255044], [139.88096750482228, 36.46566230505496], [139.8812313255688, 36.46573543170695], [139.88149514631527, 36.46580855835894], [139.88175896706178, 36.46588168501093], [139.88202047788525, 36.465959998365555], [139.88228149789754, 36.46603941378792], [139.8825425179098, 36.466118829210274], [139.88280283300065, 36.466199692453245], [139.88306088231926, 36.46628520930976]]}}, {"type": "Feature", "properties": {"id": "北関東道-下り-1-61", "route": "北関東道", "direction": "下り", "from": "壬生IC", "to": "宇都宮上三川IC", "grade": -0.76, "elevation_start": 86.3, "elevation_end": 84.4, "quality": "estimated", "structure": "bridge", "chain_rank": 1, "cum_dist_start": 15250.0, "cum_dist_end": 15500.0, "anomaly": false}, "geometry": {"type": "LineString", "coordinates": [[139.88306088231926, 36.46628520930976], [139.88331893163783, 36.466370726166275], [139.8835769809564, 36.46645624302279], [139.88383282028883, 36.46654596570174], [139.8840882211855, 36.46663652276737], [139.88434351417231, 36.46672727076813], [139.88459552181746, 36.46682383183704], [139.88484606730873, 36.46692284381492], [139.88509654683716, 36.46702196636176], [139.88534702636562, 36.46712108890861], [139.88559750589405, 36.467220211455455]]}}, {"type": "Feature", "properties": {"id": "北関東道-下り-1-62", "route": "北関東道", "direction": "下り", "from": "壬生IC", "to": "宇都宮上三川IC", "grade": -0.36, "elevation_start": 84.4, "elevation_end": 83.5, "quality": "estimated", "structure": "normal", "chain_rank": 1, "cum_dist_start": 15500.0, "cum_dist_end": 15750.0, "anomaly": false}, "geometry": {"type": "LineString", "coordinates": [[139.88559750589405, 36.467220211455455], [139.88584680228337, 36.46732121459183], [139.88609356278613, 36.46742624849816], [139.8863403232889, 36.46753128240449], [139.88658708379165, 36.467636316310816], [139.8868295875827, 36.46774759101049], [139.88707133296518, 36.46785997761798], [139.88731307834766, 36.46797236422545], [139.88755230532564, 36.46808817005135], [139.88778990979387, 36.46820617874625], [139.88802751426206, 36.468324187441155]]}}, {"type": "Feature", "properties": {"id": "北関東道-下り-1-63", "route": "北関東道", "direction": "下り", "from": "壬生IC", "to": "宇都宮上三川IC", "grade": -0.13, "elevation_start": 83.5, "elevation_end": 83.1, "quality": "measured", "structure": "normal", "chain_rank": 1, "cum_dist_start": 15750.0, "cum_dist_end": 16000.0, "anomaly": false}, "geometry": {"type": "LineString", "coordinates": [[139.88802751426206, 36.468324187441155], [139.8882651187303, 36.46844219613605], [139.88849977105394, 36.4685639888949], [139.88873406093876, 36.46868624622845], [139.88896835082357, 36.46880850356201], [139.88920249916012, 36.468930931614615], [139.88943164002688, 36.46905939909539], [139.88966078089362, 36.46918786657618], [139.88988958253626, 36.46931671593172], [139.8901136168906, 36.469450931966605], [139.89033765124492, 36.46958514800149]]}}, {"type": "Feature", "properties": {"id": "北関東道-下り-1-64", "route": "北関東道", "direction": "下り", "from": "壬生IC", "to": "宇都宮上三川IC", "grade": -0.1, "elevation_start": 83.1, "elevation_end": 82.9, "quality": "estimated", "structure": "bridge", "chain_rank": 1, "cum_dist_start": 16000.0, "cum_dist_end": 16250.0, "anomaly": false}, "geometry": {"type": "LineString", "coordinates": [[139.89033765124492, 36.46958514800149], [139.89056168559924, 36.46971936403638], [139.89078571995358, 36.46985358007127], [139.8910069600285, 36.46999073131337], [139.89122506926162, 36.47013117129943], [139.89144317849474, 36.47027161128548], [139.89166128772786, 36.47041205127154], [139.89187698589524, 36.47055485324247], [139.8920892257808, 36.47070104309664], [139.89230146566638, 36.47084723295082], [139.8925116855047, 36.47099528236633]]}}, {"type": "Feature", "properties": {"id": "北関東道-下り-1-65", "route": "北関東道", "direction": "下り", "from": "壬生IC", "to": "宇都宮上三川IC", "grade": -0.24, "elevation_start": 82.9, "elevation_end": 82.3, "quality": "estimated", "structure": "bridge", "chain_rank": 1, "cum_dist_start": 16250.0, "cum_dist_end": 16500.0, "anomaly": false}, "geometry": {"type": "LineString", "coordinates": [[139.8925116855047, 36.47099528236633], [139.89271870999323, 36.47114627327197], [139.89292573448176, 36.47129726417761], [139.8931327589703, 36.47144825508325], [139.8933395147138, 36.4715994797497], [139.8935412320994, 36.47175508690008], [139.8937419233252, 36.47191154980989], [139.89394088260693, 36.47206945706338], [139.89413984188866, 36.47222736431687], [139.89433693953706, 36.47238674809414], [139.89452877610927, 36.472550304607196]]}}, {"type": "Feature", "properties": {"id": "北関東道-下り-1-66", "route": "北関東道", "direction": "下り", "from": "壬生IC", "to": "宇都宮上三川IC", "grade": 0.27, "elevation_start": 82.3, "elevation_end": 83.0, "quality": "estimated", "structure": "normal", "chain_rank": 1, "cum_dist_start": 16500.0, "cum_dist_end": 16750.0, "anomaly": false}, "geometry": {"type": "LineString", "coordinates": [[139.89452877610927, 36.472550304607196], [139.89472061268148, 36.47271386112026], [139.8949124492537, 36.47287741763333], [139.8951019808863, 36.473042695056456], [139.89528876901934, 36.47321002082652], [139.8954755571524, 36.473377346596585], [139.89566234528544, 36.47354467236665], [139.89584380409354, 36.473715770131385], [139.8960246432974, 36.473887306440204], [139.89620282381972, 36.4740606384171], [139.89637982228027, 36.4742347687561]]}}, {"type": "Feature", "properties": {"id": "北関東道-下り-1-67", "route": "北関東道", "direction": "下り", "from": "壬生IC", "to": "宇都宮上三川IC", "grade": -0.07, "elevation_start": 83.0, "elevation_end": 82.8, "quality": "estimated", "structure": "bridge", "chain_rank": 1, "cum_dist_start": 16750.0, "cum_dist_end": 17000.0, "anomaly": false}, "geometry": {"type": "LineString", "coordinates": [[139.89637982228027, 36.4742347687561], [139.89655616397525, 36.474409325563144], [139.89672869498048, 36.47458635682603], [139.89690134571785, 36.474763312111556], [139.89707247505777, 36.47494118670631], [139.89723652613952, 36.47512338541065], [139.89740330204455, 36.47530397914106], [139.8975689603346, 36.475485222401225], [139.89772799508012, 36.475670315099144], [139.8978874221213, 36.47585518746517], [139.89804717787416, 36.47603987521108]]}}, {"type": "Feature", "properties": {"id": "北関東道-下り-1-68", "route": "北関東道", "direction": "下り", "from": "壬生IC", "to": "宇都宮上三川IC", "grade": -0.07, "elevation_start": 82.8, "elevation_end": 82.6, "quality": "estimated", "structure": "bridge", "chain_rank": 1, "cum_dist_start": 17000.0, "cum_dist_end": 17250.0, "anomaly": false}, "geometry": {"type": "LineString", "coordinates": [[139.89804717787416, 36.47603987521108], [139.89820693362705, 36.476224562956986], [139.8983621654734, 36.47641171732421], [139.89851434349748, 36.476600533038585], [139.89866602861602, 36.47678960769925], [139.89881695826597, 36.47697907496311], [139.89896709720222, 36.477168953146375], [139.8991110398308, 36.47736190836283], [139.89925307759745, 36.47755580951741], [139.8993951153641, 36.477749710671986], [139.89953645444893, 36.47794394399022]]}}, {"type": "Feature", "properties": {"id": "北関東道-下り-1-69", "route": "北関東道", "direction": "下り", "from": "壬生IC", "to": "宇都宮上三川IC", "grade": -0.07, "elevation_start": 82.6, "elevation_end": 82.4, "quality": "estimated", "structure": "bridge", "chain_rank": 1, "cum_dist_start": 17250.0, "cum_dist_end": 17500.0, "anomaly": false}, "geometry": {"type": "LineString", "coordinates": [[139.89953645444893, 36.47794394399022], [139.8996771628782, 36.47813847713147], [139.89981787130742, 36.47833301027272], [139.89995857973668, 36.47852754341397], [139.9000992881659, 36.47872207655522], [139.90023999659513, 36.47891660969647], [139.9003807050244, 36.47911114283772], [139.90052141345362, 36.47930567597897], [139.9006609044658, 36.47950077920571], [139.9007998741865, 36.47969612654002], [139.9009427354566, 36.47988963007243]]}}, {"type": "Feature", "properties": {"id": "北関東道-下り-1-70", "route": "北関東道", "direction": "下り", "from": "壬生IC", "to": "宇都宮上三川IC", "grade": 2.12, "elevation_start": 82.4, "elevation_end": 87.7, "quality": "estimated", "structure": "normal", "chain_rank": 1, "cum_dist_start": 17500.0, "cum_dist_end": 17750.0, "anomaly": false}, "geometry": {"type": "LineString", "coordinates": [[139.9009427354566, 36.47988963007243], [139.90108614370476, 36.480082874448605], [139.90122955195292, 36.48027611882478], [139.90137296020112, 36.48046936320096], [139.90151848310074, 36.48066155333015], [139.90166818713936, 36.48085165897722], [139.90181789117798, 36.481041764624294], [139.90197363292015, 36.481228626814975], [139.90213291232325, 36.481413588573], [139.90229056451886, 36.481599444237744], [139.90245586040072, 36.48178093147446]]}}, {"type": "Feature", "properties": {"id": "北関東道-下り-1-71", "route": "北関東道", "direction": "下り", "from": "壬生IC", "to": "宇都宮上三川IC", "grade": 0.3, "elevation_start": 87.7, "elevation_end": 88.5, "quality": "estimated", "structure": "normal", "chain_rank": 1, "cum_dist_start": 17750.0, "cum_dist_end": 18000.0, "anomaly": false}, "geometry": {"type": "LineString", "coordinates": [[139.90245586040072, 36.48178093147446], [139.9026211562826, 36.481962418711184], [139.90278645216446, 36.4821439059479], [139.90296374241578, 36.48231779863094], [139.90314257634017, 36.48249071389636], [139.90332472894534, 36.48266131106755], [139.9035108890118, 36.48282910903221], [139.90369704907832, 36.48299690699686], [139.90389002959228, 36.4831595400474], [139.90408546365546, 36.48332031510094], [139.90428999063204, 36.48347342822554]]}}, {"type": "Feature", "properties": {"id": "北関東道-下り-1-72", "route": "北関東道", "direction": "下り", "from": "壬生IC", "to": "宇都宮上三川IC", "grade": 0.37, "elevation_start": 88.5, "elevation_end": 89.4, "quality": "estimated", "structure": "bridge", "chain_rank": 1, "cum_dist_start": 18000.0, "cum_dist_end": 18250.0, "anomaly": false}, "geometry": {"type": "LineString", "coordinates": [[139.90428999063204, 36.48347342822554], [139.9044975911512, 36.48362392983627], [139.9047061116309, 36.48377360186195], [139.9049177828945, 36.48392032728772], [139.90513156225413, 36.484065081230895], [139.90535245552732, 36.4842026142849], [139.90557541725343, 36.48433803201917], [139.9058004333778, 36.48447121913328], [139.9060294700513, 36.48459985473217], [139.90626019901208, 36.48472647948775], [139.90649334566405, 36.48485021083513]]}}, {"type": "Feature", "properties": {"id": "北関東道-下り-1-73", "route": "北関東道", "direction": "下り", "from": "宇都宮上三川IC", "to": null, "grade": 0.37, "elevation_start": 89.4, "elevation_end": 90.4, "quality": "estimated", "structure": "bridge", "chain_rank": 1, "cum_dist_start": 18250.0, "cum_dist_end": 18500.0, "anomaly": false}, "geometry": {"type": "LineString", "coordinates": [[139.90649334566405, 36.48485021083513], [139.90673110201195, 36.4849680866636], [139.90697044216972, 36.485083777401776], [139.90721415126205, 36.48519344057518], [139.90746049524785, 36.48529912488576], [139.90770877607503, 36.48540188443821], [139.9079590959865, 36.48550131993341], [139.90821188385542, 36.48559660395802], [139.9084671385723, 36.48568750246494], [139.90872606985639, 36.48577139242269], [139.90898500114048, 36.48585528238044]]}}, {"type": "Feature", "properties": {"id": "北関東道-下り-1-74", "route": "北関東道", "direction": "下り", "from": "宇都宮上三川IC", "to": null, "grade": 0.35, "elevation_start": 90.4, "elevation_end": 91.2, "quality": "estimated", "structure": "bridge", "chain_rank": 1, "cum_dist_start": 18500.0, "cum_dist_end": 18750.0, "anomaly": false}, "geometry": {"type": "LineString", "coordinates": [[139.90898500114048, 36.48585528238044], [139.90924393242457, 36.48593917233819], [139.90950602540164, 36.4860162240259], [139.90977109323404, 36.486086516546884], [139.91003733906186, 36.48615383936421], [139.91030520943718, 36.48621669468397], [139.9105745035045, 36.4862755796343], [139.91084474567717, 36.48633157273956], [139.9111166687679, 36.48638177658767], [139.91138957226033, 36.48642860383003], [139.91166422398794, 36.48646810505878]]}}, {"type": "Feature", "properties": {"id": "北関東道-下り-1-75", "route": "北関東道", "direction": "下り", "from": "宇都宮上三川IC", "to": null, "grade": 0.23, "elevation_start": 91.2, "elevation_end": 91.8, "quality": "measured", "structure": "normal", "chain_rank": 1, "cum_dist_start": 18750.0, "cum_dist_end": 19000.0, "anomaly": false}, "geometry": {"type": "LineString", "coordinates": [[139.91166422398794, 36.48646810505878], [139.9119393578139, 36.48650545532074], [139.9122146576012, 36.486542011702234], [139.91249141145724, 36.486570097371654], [139.91276867837232, 36.48659512032357], [139.91304666115354, 36.48661431788879], [139.9133246990328, 36.48663284742037], [139.91360337978858, 36.48664358242637], [139.91388206054435, 36.48665431743237], [139.91416097685826, 36.48665622672306], [139.91443997164538, 36.48665519583873]]}}, {"type": "Feature", "properties": {"id": "北関東道-下り-1-76", "route": "北関東道", "direction": "下り", "from": "宇都宮上三川IC", "to": null, "grade": -0.27, "elevation_start": 91.8, "elevation_end": 91.1, "quality": "estimated", "structure": "normal", "chain_rank": 1, "cum_dist_start": 19000.0, "cum_dist_end": 19250.0, "anomaly": false}, "geometry": {"type": "LineString", "coordinates": [[139.91443997164538, 36.48665519583873], [139.91471881627766, 36.48664896582626], [139.9149975673149, 36.48663949507602], [139.91527613272808, 36.486627273928384], [139.91555449077205, 36.486612065138516], [139.91583217047796, 36.48659019425566], [139.91610924282438, 36.48656407800422], [139.91638578491677, 36.48653425534237], [139.91666141922278, 36.486499616398696], [139.9169364289601, 36.48646166379136], [139.91721048981464, 36.48641978754445]]}}, {"type": "Feature", "properties": {"id": "北関東道-下り-1-77", "route": "北関東道", "direction": "下り", "from": "宇都宮上三川IC", "to": null, "grade": -0.53, "elevation_start": 91.1, "elevation_end": 89.8, "quality": "estimated", "structure": "bridge", "chain_rank": 1, "cum_dist_start": 19250.0, "cum_dist_end": 19500.0, "anomaly": false}, "geometry": {"type": "LineString", "coordinates": [[139.91721048981464, 36.48641978754445], [139.9174829792189, 36.48637141333518], [139.91775426842096, 36.48631883506258], [139.91802464988436, 36.486263381145136], [139.91829328191648, 36.486202620146905], [139.91855978007135, 36.486135946703456], [139.91882627822622, 36.486069273260014], [139.91909217579237, 36.48600117173435], [139.9193538495579, 36.485923026838506], [139.91961552332344, 36.48584488194266], [139.91987633837198, 36.485764970461126]]}}, {"type": "Feature", "properties": {"id": "北関東道-下り-1-78", "route": "北関東道", "direction": "下り", "from": "宇都宮上三川IC", "to": null, "grade": -0.45, "elevation_start": 89.8, "elevation_end": 88.7, "quality": "estimated", "structure": "normal", "chain_rank": 1, "cum_dist_start": 19500.0, "cum_dist_end": 19750.0, "anomaly": false}, "geometry": {"type": "LineString", "coordinates": [[139.91987633837198, 36.485764970461126], [139.92013398497934, 36.485678540740075], [139.9203916315867, 36.48559211101903], [139.9206471650367, 36.485501737446064], [139.92090159154924, 36.485409297960885], [139.92115593059117, 36.485316709766934], [139.92140543135494, 36.48521589601538], [139.9216549321187, 36.48511508226383], [139.9219022014514, 36.48501075060232], [139.92214934246027, 36.48490621663504], [139.92239648346919, 36.48480168266776]]}}, {"type": "Feature", "properties": {"id": "北関東道-下り-1-79", "route": "北関東道", "direction": "下り", "from": "宇都宮上三川IC", "to": null, "grade": -0.45, "elevation_start": 88.7, "elevation_end": 87.6, "quality": "measured", "structure": "normal", "chain_rank": 1, "cum_dist_start": 19750.0, "cum_dist_end": 20000.0, "anomaly": false}, "geometry": {"type": "LineString", "coordinates": [[139.92239648346919, 36.48480168266776], [139.92263969821656, 36.48469131854347], [139.92288271230407, 36.48458065645675], [139.9231250297219, 36.48446902615911], [139.92336445893764, 36.48435338192398], [139.92360388815342, 36.48423773768885], [139.92384178900824, 36.48412007357926], [139.92407851595425, 36.48400085803744], [139.92431524290026, 36.48388164249561], [139.9245461489191, 36.4837552471691], [139.92477615634812, 36.48362774348285]]}}, {"type": "Feature", "properties": {"id": "北関東道-下り-1-80", "route": "北関東道", "direction": "下り", "from": "宇都宮上三川IC", "to": null, "grade": -0.09, "elevation_start": 87.6, "elevation_end": 87.4, "quality": "measured", "structure": "normal", "chain_rank": 1, "cum_dist_start": 20000.0, "cum_dist_end": 20250.0, "anomaly": false}, "geometry": {"type": "LineString", "coordinates": [[139.92477615634812, 36.48362774348285], [139.92500500079504, 36.48349890207851], [139.9252316879413, 36.48336757924287], [139.92545837508757, 36.48323625640724], [139.92568474990102, 36.483104595800775], [139.92590509406665, 36.48296641337898], [139.92612543823228, 36.48282823095718], [139.9263457823979, 36.48269004853539], [139.92656184271735, 36.482547603058045], [139.9267746970294, 36.48240196713287], [139.92698755134145, 36.482256331207694]]}}, {"type": "Feature", "properties": {"id": "北関東道-下り-2-0", "route": "北関東道", "direction": "下り", "from": null, "to": "前橋南IC", "grade": 0.0, "elevation_start": 86.9, "elevation_end": 86.9, "quality": "estimated", "structure": "bridge", "chain_rank": 2, "cum_dist_start": 0.0, "cum_dist_end": 250.0, "anomaly": false}, "geometry": {"type": "LineString", "coordinates": [[139.0769072, 36.3257421], [139.07698143303304, 36.32595924088538], [139.0770595296919, 36.326175452607934], [139.07714412959183, 36.32639009640526], [139.07723294115567, 36.32660357391336], [139.0773295725731, 36.326814866061355], [139.0774342931601, 36.32702360882533], [139.07754464998357, 36.32723042365576], [139.07765813358844, 36.327436156562165], [139.07777846872835, 36.32763931434739], [139.07790520983008, 36.32783984158507]]}}, {"type": "Feature", "properties": {"id": "北関東道-下り-2-1", "route": "北関東道", "direction": "下り", "from": null, "to": "前橋南IC", "grade": 0.0, "elevation_start": 86.9, "elevation_end": 86.9, "quality": "estimated", "structure": "bridge", "chain_rank": 2, "cum_dist_start": 250.0, "cum_dist_end": 500.0, "anomaly": false}, "geometry": {"type": "LineString", "coordinates": [[139.07790520983008, 36.32783984158507], [139.0780383013727, 36.32803773187391], [139.07818133899096, 36.32823100002098], [139.07832742243448, 36.32842278522602], [139.07847604348694, 36.328613301240615], [139.07863463687514, 36.328798456474296], [139.07879409479392, 36.328983146966394], [139.07896551039113, 36.32916064646166], [139.07914108136293, 36.32933548747491], [139.07931977711337, 36.329508253429914], [139.0795017364037, 36.32967878532521]]}}, {"type": "Feature", "properties": {"id": "北関東道-下り-2-2", "route": "北関東道", "direction": "下り", "from": null, "to": "前橋南IC", "grade": 0.0, "elevation_start": 86.9, "elevation_end": 86.9, "quality": "estimated", "structure": "bridge", "chain_rank": 2, "cum_dist_start": 500.0, "cum_dist_end": 750.0, "anomaly": false}, "geometry": {"type": "LineString", "coordinates": [[139.0795017364037, 36.32967878532521], [139.07969148012884, 36.32984359670959], [139.07988380907423, 36.33000650830533], [139.08008146561258, 36.33016514871156], [139.08028104420202, 36.330322248188395], [139.08048563734744, 36.33047497125645], [139.08069432878122, 36.330624117580044], [139.08090769096586, 36.3307688414895], [139.08112231800075, 36.33091236779887], [139.08134203418214, 36.33105070832737], [139.08156345625375, 36.33118731057363]]}}, {"type": "Feature", "properties": {"id": "北関東道-下り-2-3", "route": "北関東道", "direction": "下り", "from": null, "to": "前橋南IC", "grade": -0.02, "elevation_start": 86.9, "elevation_end": 86.8, "quality": "estimated", "structure": "bridge", "chain_rank": 2, "cum_dist_start": 750.0, "cum_dist_end": 1000.0, "anomaly": false}, "geometry": {"type": "LineString", "coordinates": [[139.08156345625375, 36.33118731057363], [139.08179099947617, 36.331317140634376], [139.08201900484346, 36.33144645939733], [139.08225311902052, 36.331568414337845], [139.0824896538695, 36.33168722535638], [139.08272874386813, 36.33180269841114], [139.08297154636745, 36.33191294833255], [139.08321631383572, 36.33202030942319], [139.08346382938626, 36.33212350942849], [139.08371460760742, 36.33222129067901], [139.08396761509618, 36.332315369485706]]}}, {"type": "Feature", "properties": {"id": "北関東道-下り-2-4", "route": "北関東道", "direction": "下り", "from": null, "to": "前橋南IC", "grade": -0.31, "elevation_start": 86.8, "elevation_end": 86.1, "quality": "measured", "structure": "normal", "chain_rank": 2, "cum_dist_start": 1000.0, "cum_dist_end": 1250.0, "anomaly": false}, "geometry": {"type": "LineString", "coordinates": [[139.08396761509618, 36.332315369485706], [139.08422228051805, 36.33240646496979], [139.08447814668347, 36.33249523276297], [139.08473835094097, 36.332575439609364], [139.08500022701074, 36.33265197601056], [139.08526338417795, 36.332725539609065], [139.08552840312726, 36.332794661863495], [139.0857946185927, 36.3328606635816], [139.08606164874305, 36.33292448070149], [139.08633152650657, 36.332979948536035], [139.08660269741074, 36.333031009054686]]}}, {"type": "Feature", "properties": {"id": "北関東道-下り-2-5", "route": "北関東道", "direction": "下り", "from": null, "to": "前橋南IC", "grade": -0.26, "elevation_start": 86.1, "elevation_end": 85.4, "quality": "measured", "structure": "normal", "chain_rank": 2, "cum_dist_start": 1250.0, "cum_dist_end": 1500.0, "anomaly": false}, "geometry": {"type": "LineString", "coordinates": [[139.08660269741074, 36.333031009054686], [139.08687525828103, 36.33307688697487], [139.08714949274696, 36.33311593780662], [139.08742394012097, 36.333153949721584], [139.08769907942576, 36.33318858525669], [139.08797556928943, 36.33321512586209], [139.0882522933056, 36.33324016719907], [139.0885290437843, 36.33326501886267], [139.08880634662904, 36.33328523382042], [139.08908388765664, 36.33330341489048], [139.0893615549004, 36.33332029547014]]}}, {"type": "Feature", "properties": {"id": "北関東道-下り-2-6", "route": "北関東道", "direction": "下り", "from": null, "to": "前橋南IC", "grade": -0.16, "elevation_start": 85.4, "elevation_end": 85.0, "quality": "measured", "structure": "normal", "chain_rank": 2, "cum_dist_start": 1500.0, "cum_dist_end": 1750.0, "anomaly": false}, "geometry": {"type": "LineString", "coordinates": [[139.0893615549004, 36.33332029547014], [139.08963927152718, 36.33333659751249], [139.08991717188124, 36.333350747133245], [139.0901950722353, 36.333364896754], [139.09047305089146, 36.33337800406637], [139.0907510301232, 36.33339110371739], [139.09102900935488, 36.33340420336841], [139.09130698858658, 36.33341730301943], [139.0915849678183, 36.33343040267045], [139.09186294705, 36.33344350232147], [139.09214092628173, 36.33345660197249]]}}, {"type": "Feature", "properties": {"id": "北関東道-下り-2-7", "route": "北関東道", "direction": "下り", "from": null, "to": "前橋南IC", "grade": 0.1, "elevation_start": 85.0, "elevation_end": 85.2, "quality": "measured", "structure": "normal", "chain_rank": 2, "cum_dist_start": 1750.0, "cum_dist_end": 2000.0, "anomaly": false}, "geometry": {"type": "LineString", "coordinates": [[139.09214092628173, 36.33345660197249], [139.09241890551343, 36.333469701623514], [139.09269689235495, 36.33348269629339], [139.0929748923491, 36.33349550951706], [139.09325289234323, 36.33350832274073], [139.09353089233736, 36.33352113596439], [139.0938088923315, 36.33353394918806], [139.09408689232563, 36.33354676241173], [139.09436489231976, 36.3335595756354], [139.09464289231389, 36.33357238885906], [139.09492095218965, 36.33358432099541]]}}, {"type": "Feature", "properties": {"id": "北関東道-下り-2-8", "route": "北関東道", "direction": "下り", "from": null, "to": "前橋南IC", "grade": -0.16, "elevation_start": 85.2, "elevation_end": 84.8, "quality": "estimated", "structure": "bridge", "chain_rank": 2, "cum_dist_start": 2000.0, "cum_dist_end": 2250.0, "anomaly": false}, "geometry": {"type": "LineString", "coordinates": [[139.09492095218965, 36.33358432099541], [139.0951990115848, 36.333596256252456], [139.09547692151585, 36.33361029492955], [139.0957548314469, 36.333624333606636], [139.09603274137794, 36.33363837228373], [139.09631065130898, 36.333652410960816], [139.0965887649116, 36.33366335049158], [139.09686678181762, 36.33367585616846], [139.0971447812865, 36.33368868332154], [139.09742276116324, 36.33370177887504], [139.09770053326923, 36.333717440630686]]}}, {"type": "Feature", "properties": {"id": "北関東道-下り-2-9", "route": "北関東道", "direction": "下り", "from": "前橋南IC", "to": "駒形IC", "grade": -0.19, "elevation_start": 84.8, "elevation_end": 84.4, "quality": "estimated", "structure": "bridge", "chain_rank": 2, "cum_dist_start": 2250.0, "cum_dist_end": 2500.0, "anomaly": false}, "geometry": {"type": "LineString", "coordinates": [[139.09770053326923, 36.333717440630686], [139.09797821876992, 36.333734139360516], [139.09825590427064, 36.33375083809035], [139.09853339914312, 36.33376949158307], [139.09881088236352, 36.33378826456024], [139.09908829726285, 36.33380766967085], [139.09936559290261, 36.3338281782183], [139.09964284578257, 36.333849062443356], [139.09991968544165, 36.33387325212207], [139.10019648774528, 36.333897740520875], [139.1004732900489, 36.33392222891969]]}}, {"type": "Feature", "properties": {"id": "北関東道-下り-2-10", "route": "北関東道", "direction": "下り", "from": "前橋南IC", "to": "駒形IC", "grade": -0.19, "elevation_start": 84.4, "elevation_end": 83.9, "quality": "estimated", "structure": "bridge", "chain_rank": 2, "cum_dist_start": 2500.0, "cum_dist_end": 2750.0, "anomaly": false}, "geometry": {"type": "LineString", "coordinates": [[139.1004732900489, 36.33392222891969], [139.1007500923525, 36.333946717318504], [139.10102689465614, 36.33397120571732], [139.10130338355012, 36.333997862822876], [139.1015796974811, 36.33402573091845], [139.10185603962145, 36.334053416488516], [139.10213238176178, 36.33408110205858], [139.10240755470733, 36.334115489740796], [139.10268256954257, 36.334150783750296], [139.10295753835626, 36.334186309345306], [139.10323234700545, 36.33422264090628]]}}, {"type": "Feature", "properties": {"id": "北関東道-下り-2-11", "route": "北関東道", "direction": "下り", "from": "前橋南IC", "to": "駒形IC", "grade": -0.24, "elevation_start": 83.9, "elevation_end": 83.3, "quality": "estimated", "structure": "bridge", "chain_rank": 2, "cum_dist_start": 2750.0, "cum_dist_end": 3000.0, "anomaly": false}, "geometry": {"type": "LineString", "coordinates": [[139.10323234700545, 36.33422264090628], [139.10350717430597, 36.334258880387345], [139.10378203043342, 36.33429497755247], [139.1040568865609, 36.33433107471759], [139.1043313132887, 36.33436920318886], [139.1046053651299, 36.33440910508828], [139.1048794169711, 36.3344490069877], [139.10515345057203, 36.33448899105578], [139.10542742821298, 36.334529227211846], [139.10570140585395, 36.33456946336792], [139.10597538349492, 36.33460969952399]]}}, {"type": "Feature", "properties": {"id": "北関東道-下り-2-12", "route": "北関東道", "direction": "下り", "from": "前橋南IC", "to": "駒形IC", "grade": -0.28, "elevation_start": 83.3, "elevation_end": 82.6, "quality": "measured", "structure": "normal", "chain_rank": 2, "cum_dist_start": 3000.0, "cum_dist_end": 3250.0, "anomaly": false}, "geometry": {"type": "LineString", "coordinates": [[139.10597538349492, 36.33460969952399], [139.10624834190244, 36.33465422133324], [139.10652120014186, 36.33469916432729], [139.1067940583813, 36.33474410732135], [139.10706691662074, 36.3347890503154], [139.10733915305528, 36.33483635742479], [139.1076109721599, 36.334885251231285], [139.10788279126453, 36.33493414503778], [139.10815423590572, 36.334984360492925], [139.10842521664438, 36.33503621326705], [139.10869619738307, 36.33508806604118]]}}, {"type": "Feature", "properties": {"id": "北関東道-下り-2-13", "route": "北関東道", "direction": "下り", "from": "前橋南IC", "to": "駒形IC", "grade": -0.22, "elevation_start": 82.6, "elevation_end": 82.0, "quality": "measured", "structure": "normal", "chain_rank": 2, "cum_dist_start": 3250.0, "cum_dist_end": 3500.0, "anomaly": false}, "geometry": {"type": "LineString", "coordinates": [[139.10869619738307, 36.33508806604118], [139.10896717812173, 36.33513991881531], [139.10923712080196, 36.335195191935945], [139.10950694328005, 36.335250861116116], [139.10977676575814, 36.335306530296286], [139.11004658823623, 36.33536219947646], [139.11031641071432, 36.33541786865663], [139.11058651009046, 36.33547264419891], [139.1108569291621, 36.33552638798228], [139.1111273482338, 36.33558013176564], [139.11139776730545, 36.335633875549]]}}, {"type": "Feature", "properties": {"id": "北関東道-下り-2-14", "route": "北関東道", "direction": "下り", "from": "前橋南IC", "to": "駒形IC", "grade": 0.24, "elevation_start": 82.0, "elevation_end": 82.6, "quality": "measured", "structure": "normal", "chain_rank": 2, "cum_dist_start": 3500.0, "cum_dist_end": 3750.0, "anomaly": false}, "geometry": {"type": "LineString", "coordinates": [[139.11139776730545, 36.335633875549], [139.11166862086915, 36.335686088655024], [139.1119409354369, 36.33573315477202], [139.1122132500047, 36.33578022088902], [139.11248556457244, 36.33582728700602], [139.11275802967475, 36.335873743389], [139.11303180414293, 36.335914896238926], [139.11330557861115, 36.33595604908884], [139.11357935307933, 36.33599720193876], [139.11385322764008, 36.3360379125742], [139.1141272851144, 36.33607781508742]]}}, {"type": "Feature", "properties": {"id": "北関東道-下り-2-15", "route": "北関東道", "direction": "下り", "from": "前橋南IC", "to": "駒形IC", "grade": -0.2, "elevation_start": 82.6, "elevation_end": 82.1, "quality": "estimated", "structure": "normal", "chain_rank": 2, "cum_dist_start": 3750.0, "cum_dist_end": 4000.0, "anomaly": false}, "geometry": {"type": "LineString", "coordinates": [[139.1141272851144, 36.33607781508742], [139.1144016639092, 36.33611621156368], [139.11467640274012, 36.33615292054223], [139.11495114157103, 36.33618962952078], [139.1152263313276, 36.33622400810812], [139.11550179813176, 36.33625695490871], [139.11577726493593, 36.3362899017093], [139.11605290127434, 36.336321876042184], [139.11632889262236, 36.33635181399931], [139.11660488397038, 36.336381751956424], [139.1168808753184, 36.33641168991355]]}}, {"type": "Feature", "properties": {"id": "北関東道-下り-2-16", "route": "北関東道", "direction": "下り", "from": "前橋南IC", "to": "駒形IC", "grade": -0.39, "elevation_start": 82.1, "elevation_end": 81.2, "quality": "estimated", "structure": "bridge", "chain_rank": 2, "cum_dist_start": 4000.0, "cum_dist_end": 4250.0, "anomaly": false}, "geometry": {"type": "LineString", "coordinates": [[139.1168808753184, 36.33641168991355], [139.11715717981417, 36.336439578967806], [139.11743387457568, 36.336464914541885], [139.11771062584796, 36.33648984410532], [139.117987377537, 36.336514770674825], [139.1182642997039, 36.33653833143777], [139.118541625854, 36.336558655635024], [139.1188189520041, 36.33657897983228], [139.1190962781542, 36.336599304029534], [139.11937372708348, 36.33661838656479], [139.11965152156736, 36.33663397451781]]}}, {"type": "Feature", "properties": {"id": "北関東道-下り-2-17", "route": "北関東道", "direction": "下り", "from": "前橋南IC", "to": "駒形IC", "grade": -0.02, "elevation_start": 81.2, "elevation_end": 81.1, "quality": "measured", "structure": "normal", "chain_rank": 2, "cum_dist_start": 4250.0, "cum_dist_end": 4500.0, "anomaly": false}, "geometry": {"type": "LineString", "coordinates": [[139.11965152156736, 36.33663397451781], [139.1199293160512, 36.336649562470825], [139.1202071105351, 36.33666515042385], [139.12048491946067, 36.33668055352284], [139.12076293074134, 36.33669336647575], [139.121040942022, 36.33670617942867], [139.12131905359587, 36.33671726162194], [139.1215973275404, 36.336725541784155], [139.12187560148493, 36.33673382194636], [139.1221539628071, 36.33673971335398], [139.12243235531736, 36.33674475213244]]}}, {"type": "Feature", "properties": {"id": "北関東道-下り-2-18", "route": "北関東道", "direction": "下り", "from": "前橋南IC", "to": "駒形IC", "grade": 0.23, "elevation_start": 81.1, "elevation_end": 81.7, "quality": "estimated", "structure": "normal", "chain_rank": 2, "cum_dist_start": 4500.0, "cum_dist_end": 4750.0, "anomaly": false}, "geometry": {"type": "LineString", "coordinates": [[139.12243235531736, 36.33674475213244], [139.12271074782763, 36.33674979091091], [139.1229891403379, 36.336754829689376], [139.12326753284816, 36.33675986846784], [139.12354591645982, 36.33676516425682], [139.12382422057487, 36.33677275607316], [139.12410252468993, 36.3367803478895], [139.12438082880502, 36.336787939705836], [139.12465875179302, 36.33680179815291], [139.12493663236464, 36.33681635402622], [139.12521441314982, 36.33683209552012]]}}, {"type": "Feature", "properties": {"id": "北関東道-下り-2-19", "route": "北関東道", "direction": "下り", "from": "前橋南IC", "to": "駒形IC", "grade": 0.25, "elevation_start": 81.7, "elevation_end": 82.3, "quality": "estimated", "structure": "bridge", "chain_rank": 2, "cum_dist_start": 4750.0, "cum_dist_end": 5000.0, "anomaly": false}, "geometry": {"type": "LineString", "coordinates": [[139.12521441314982, 36.33683209552012], [139.12549216529604, 36.336848177290555], [139.12576923634023, 36.33687054462694], [139.1260459581257, 36.33689559625238], [139.12632227155794, 36.336923529145224], [139.12659792782506, 36.3369554355978], [139.12687335758477, 36.33698851687511], [139.12714792577702, 36.33702606683942], [139.1274222243765, 36.33706482564349], [139.12769569422707, 36.33710730051351], [139.12796838134648, 36.337152811572274]]}}, {"type": "Feature", "properties": {"id": "北関東道-下り-2-20", "route": "北関東道", "direction": "下り", "from": "前橋南IC", "to": "駒形IC", "grade": -0.04, "elevation_start": 82.3, "elevation_end": 82.2, "quality": "estimated", "structure": "normal", "chain_rank": 2, "cum_dist_start": 5000.0, "cum_dist_end": 5250.0, "anomaly": false}, "geometry": {"type": "LineString", "coordinates": [[139.12796838134648, 36.337152811572274], [139.12824003200654, 36.33720234302318], [139.12851056652335, 36.33725558107609], [139.12877993030028, 36.337312707040724], [139.12904843718155, 36.33737234197605], [139.12931582975153, 36.337435239588906], [139.12958229501515, 36.33750061282889], [139.12984784982527, 36.33756841670404], [139.13011066268533, 36.33764284961198], [139.1303731607202, 36.337718043652075], [139.1306356587551, 36.33779323769217]]}}, {"type": "Feature", "properties": {"id": "北関東道-下り-2-21", "route": "北関東道", "direction": "下り", "from": "前橋南IC", "to": "駒形IC", "grade": -0.28, "elevation_start": 82.2, "elevation_end": 81.5, "quality": "measured", "structure": "normal", "chain_rank": 2, "cum_dist_start": 5250.0, "cum_dist_end": 5500.0, "anomaly": false}, "geometry": {"type": "LineString", "coordinates": [[139.1306356587551, 36.33779323769217], [139.13089354744596, 36.337878208248796], [139.13115124710225, 36.33796357975179], [139.13140803339044, 36.33805068923559], [139.1316627962512, 36.33814164895027], [139.13191755911197, 36.338232608664946], [139.13216753422262, 36.33833185368904], [139.13241715964432, 36.33843170385772], [139.13266184122182, 36.338539250629445], [139.1329048475988, 36.338649217958604], [139.1331447933485, 36.338763552351125]]}}, {"type": "Feature", "properties": {"id": "北関東道-下り-2-22", "route": "北関東道", "direction": "下り", "from": "前橋南IC", "to": "駒形IC", "grade": -0.11, "elevation_start": 81.5, "elevation_end": 81.2, "quality": "estimated", "structure": "normal", "chain_rank": 2, "cum_dist_start": 5500.0, "cum_dist_end": 5750.0, "anomaly": false}, "geometry": {"type": "LineString", "coordinates": [[139.1331447933485, 36.338763552351125], [139.13338268897508, 36.33888060829995], [139.13361824412965, 36.339000771245885], [139.1338529082043, 36.339122018539875], [139.13408099347242, 36.339251271531396], [139.13430907874053, 36.33938052452291], [139.1345295994689, 36.33951809457575], [139.13474938119447, 36.33965643158027], [139.13496543953642, 36.33979856939774], [139.13517903016395, 36.339943060760405], [139.13538757884092, 36.340092360807]]}}, {"type": "Feature", "properties": {"id": "北関東道-下り-2-23", "route": "北関東道", "direction": "下り", "from": "前橋南IC", "to": "駒形IC", "grade": -0.02, "elevation_start": 81.2, "elevation_end": 81.2, "quality": "estimated", "structure": "bridge", "chain_rank": 2, "cum_dist_start": 5750.0, "cum_dist_end": 6000.0, "anomaly": false}, "geometry": {"type": "LineString", "coordinates": [[139.13538757884092, 36.340092360807], [139.13559612751786, 36.34024166085359], [139.13579664583116, 36.34039795218909], [139.13599594068492, 36.34055530867678], [139.13619171675984, 36.34071541625531], [139.13637927196038, 36.34088195116946], [139.13656682716095, 36.3410484860836], [139.13675117012687, 36.34121728718771], [139.1369295528297, 36.3413902931803], [139.13710793553255, 36.341563299172876], [139.13727672267186, 36.34174247646918]]}}, {"type": "Feature", "properties": {"id": "北関東道-下り-2-24", "route": "北関東道", "direction": "下り", "from": "前橋南IC", "to": "駒形IC", "grade": -0.02, "elevation_start": 81.2, "elevation_end": 81.1, "quality": "estimated", "structure": "bridge", "chain_rank": 2, "cum_dist_start": 6000.0, "cum_dist_end": 6250.0, "anomaly": false}, "geometry": {"type": "LineString", "coordinates": [[139.13727672267186, 36.34174247646918], [139.13744481376384, 36.3419221014223], [139.13760815183545, 36.34210455402134], [139.13776995724797, 36.34228791842319], [139.13792603303463, 36.342474434619426], [139.1380772989242, 36.34266359667894], [139.1382283512478, 36.342852867307855], [139.13837336226445, 36.34304520912319], [139.1385183732811, 36.34323755093853], [139.13866338429776, 36.34342989275387], [139.13880744669822, 36.34362269960411]]}}, {"type": "Feature", "properties": {"id": "北関東道-下り-2-25", "route": "北関東道", "direction": "下り", "from": "前橋南IC", "to": "駒形IC", "grade": -0.02, "elevation_start": 81.1, "elevation_end": 81.0, "quality": "estimated", "structure": "bridge", "chain_rank": 2, "cum_dist_start": 6250.0, "cum_dist_end": 6500.0, "anomaly": false}, "geometry": {"type": "LineString", "coordinates": [[139.13880744669822, 36.34362269960411], [139.13895093258247, 36.34381578907674], [139.13909441846673, 36.34400887854937], [139.1392386811752, 36.344201588837954], [139.13938341911629, 36.34439406361913], [139.13953166016265, 36.34458478837999], [139.139679901209, 36.34477551314085], [139.13983362538463, 36.3449633744692], [139.139987738582, 36.34515102245706], [139.14015074154835, 36.34533369510517], [139.1403137445147, 36.34551636775327]]}}, {"type": "Feature", "properties": {"id": "北関東道-下り-2-26", "route": "北関東道", "direction": "下り", "from": "前橋南IC", "to": "駒形IC", "grade": -0.02, "elevation_start": 81.0, "elevation_end": 81.0, "quality": "estimated", "structure": "bridge", "chain_rank": 2, "cum_dist_start": 6500.0, "cum_dist_end": 6750.0, "anomaly": false}, "geometry": {"type": "LineString", "coordinates": [[139.1403137445147, 36.34551636775327], [139.1404819606948, 36.34569590147625], [139.14065191209767, 36.3458743820407], [139.14082589950416, 36.34605027653813], [139.1410030773647, 36.346224097500674], [139.14118406181933, 36.34639528958143], [139.1413686986157, 36.34656395481301], [139.14155541987375, 36.34673107857452], [139.1417462884996, 36.3468951410049], [139.14193868281617, 36.34705800189642], [139.14213477882285, 36.34721798055512]]}}, {"type": "Feature", "properties": {"id": "北関東道-下り-2-27", "route": "北関東道", "direction": "下り", "from": "前橋南IC", "to": "駒形IC", "grade": -0.02, "elevation_start": 81.0, "elevation_end": 80.9, "quality": "estimated", "structure": "bridge", "chain_rank": 2, "cum_dist_start": 6750.0, "cum_dist_end": 7000.0, "anomaly": false}, "geometry": {"type": "LineString", "coordinates": [[139.14213477882285, 36.34721798055512], [139.14233085770394, 36.347377973158984], [139.14253644826377, 36.34752987144658], [139.1427448558313, 36.34767930751789], [139.142955565099, 36.34782662778487], [139.1431684178043, 36.34797186048023], [139.14338612121207, 36.348112368900495], [139.1436051228807, 36.34825154223277], [139.14382525600465, 36.34838955201426], [139.1440453891286, 36.34852756179575], [139.14427360684766, 36.3486565801534]]}}, {"type": "Feature", "properties": {"id": "北関東道-下り-2-28", "route": "北関東道", "direction": "下り", "from": "駒形IC", "to": "波志江PA（東行き）;波志江スマートIC", "grade": -0.02, "elevation_start": 80.9, "elevation_end": 80.9, "quality": "estimated", "structure": "bridge", "chain_rank": 2, "cum_dist_start": 7000.0, "cum_dist_end": 7250.0, "anomaly": false}, "geometry": {"type": "LineString", "coordinates": [[139.14427360684766, 36.3486565801534], [139.14450373135196, 36.34878347784648], [139.14473839646803, 36.34890480737121], [139.14497444490704, 36.349024350107285], [139.14521243357413, 36.34914137318409], [139.14545146685546, 36.3492569557596], [139.1456938852521, 36.349367870331534], [139.14593826281822, 36.34947584587352], [139.14618603543354, 36.34957872836403], [139.14643380804884, 36.349681610854546], [139.1466844612897, 36.34977972818222]]}}, {"type": "Feature", "properties": {"id": "北関東道-下り-2-29", "route": "北関東道", "direction": "下り", "from": "駒形IC", "to": "波志江PA（東行き）;波志江スマートIC", "grade": -0.02, "elevation_start": 80.9, "elevation_end": 80.8, "quality": "estimated", "structure": "bridge", "chain_rank": 2, "cum_dist_start": 7250.0, "cum_dist_end": 7500.0, "anomaly": false}, "geometry": {"type": "LineString", "coordinates": [[139.1466844612897, 36.34977972818222], [139.14693699914045, 36.349874727967276], [139.14719209861067, 36.349965019007406], [139.14744929592476, 36.35005145381053], [139.14770743184746, 36.35013597072806], [139.1479680831095, 36.35021534798127], [139.148229973331, 36.350291921471154], [139.1484937741354, 36.35036417131492], [139.1487583837795, 36.35043442562903], [139.14902386766548, 36.35050252305648], [139.14929174314, 36.35056410389618]]}}, {"type": "Feature", "properties": {"id": "北関東道-下り-2-30", "route": "北関東道", "direction": "下り", "from": "駒形IC", "to": "波志江PA（東行き）;波志江スマートIC", "grade": -0.18, "elevation_start": 80.8, "elevation_end": 80.3, "quality": "estimated", "structure": "normal", "chain_rank": 2, "cum_dist_start": 7500.0, "cum_dist_end": 7750.0, "anomaly": false}, "geometry": {"type": "LineString", "coordinates": [[139.14929174314, 36.35056410389618], [139.1495603822523, 36.35062354955643], [139.14982942533055, 36.35068179540504], [139.1501007643483, 36.35073218543795], [139.15037343996897, 36.350778061844444], [139.15064591697225, 36.35082470900223], [139.150919460582, 36.35086676055208], [139.15119437776076, 36.35090283112426], [139.1514697367813, 36.350936638863445], [139.1517455975731, 36.35096748092649], [139.15202206196864, 36.35099475544085]]}}, {"type": "Feature", "properties": {"id": "北関東道-下り-2-31", "route": "北関東道", "direction": "下り", "from": "駒形IC", "to": "波志江PA（東行き）;波志江スマートIC", "grade": -0.84, "elevation_start": 80.3, "elevation_end": 78.2, "quality": "measured", "structure": "normal", "chain_rank": 2, "cum_dist_start": 7750.0, "cum_dist_end": 8000.0, "anomaly": false}, "geometry": {"type": "LineString", "coordinates": [[139.15202206196864, 36.35099475544085], [139.15229878837846, 36.351020021581704], [139.15257620182513, 36.3510400214961], [139.1528537415248, 36.35105867387499], [139.1531317134365, 36.3510727131285], [139.15340968534818, 36.35108675238201], [139.15368765725987, 36.351100791635524], [139.15396576119144, 36.35111279974847], [139.1542440213153, 36.35112240482544], [139.15452228143917, 36.351132009902415], [139.15480054156305, 36.35114161497938]]}}, {"type": "Feature", "properties": {"id": "北関東道-下り-2-32", "route": "北関東道", "direction": "下り", "from": "駒形IC", "to": "波志江PA（東行き）;波志江スマートIC", "grade": -0.05, "elevation_start": 78.2, "elevation_end": 78.1, "quality": "estimated", "structure": "normal", "chain_rank": 2, "cum_dist_start": 8000.0, "cum_dist_end": 8250.0, "anomaly": false}, "geometry": {"type": "LineString", "coordinates": [[139.15480054156305, 36.35114161497938], [139.15507881623918, 36.35115094080979], [139.15535709958135, 36.35116010034528], [139.15563538292355, 36.351169259880784], [139.15591366626575, 36.351178419416286], [139.15619194960794, 36.35118757895179], [139.15647023295014, 36.35119673848729], [139.15674851629234, 36.35120589802278], [139.15702679963454, 36.351215057558285], [139.15730508297673, 36.35122421709379], [139.15758336631893, 36.35123337662929]]}}, {"type": "Feature", "properties": {"id": "北関東道-下り-2-33", "route": "北関東道", "direction": "下り", "from": "駒形IC", "to": "波志江PA（東行き）;波志江スマートIC", "grade": -0.12, "elevation_start": 78.1, "elevation_end": 77.8, "quality": "estimated", "structure": "bridge", "chain_rank": 2, "cum_dist_start": 8250.0, "cum_dist_end": 8500.0, "anomaly": false}, "geometry": {"type": "LineString", "coordinates": [[139.15758336631893, 36.35123337662929], [139.15786164966113, 36.35124253616478], [139.15813993300333, 36.351251695700284], [139.15841822371823, 36.35126070983151], [139.15869651900167, 36.35126963386212], [139.15897481428513, 36.35127855789273], [139.15925310799173, 36.351287515551526], [139.1595313987093, 36.35129653695604], [139.15980968942688, 36.35130555836056], [139.16008798014445, 36.351314579765074], [139.160366270862, 36.35132360116959]]}}, {"type": "Feature", "properties": {"id": "北関東道-下り-2-34", "route": "北関東道", "direction": "下り", "from": "駒形IC", "to": "波志江PA（東行き）;波志江スマートIC", "grade": -0.12, "elevation_start": 77.8, "elevation_end": 77.5, "quality": "estimated", "structure": "bridge", "chain_rank": 2, "cum_dist_start": 8500.0, "cum_dist_end": 8750.0, "anomaly": false}, "geometry": {"type": "LineString", "coordinates": [[139.160366270862, 36.35132360116959], [139.16064456157957, 36.351332622574105], [139.16092285229715, 36.35134164397862], [139.16120114301472, 36.35135066538314], [139.16147943373227, 36.35135968678766], [139.16175772444984, 36.351368708192176], [139.16203601516742, 36.35137772959669], [139.16231431342456, 36.35138658773115], [139.16259266323644, 36.35139432944526], [139.1628709736469, 36.351402934607016], [139.16314926770565, 36.35141189810327]]}}, {"type": "Feature", "properties": {"id": "北関東道-下り-2-35", "route": "北関東道", "direction": "下り", "from": "駒形IC", "to": "波志江PA（東行き）;波志江スマートIC", "grade": -0.12, "elevation_start": 77.5, "elevation_end": 77.2, "quality": "estimated", "structure": "bridge", "chain_rank": 2, "cum_dist_start": 8750.0, "cum_dist_end": 9000.0, "anomaly": false}, "geometry": {"type": "LineString", "coordinates": [[139.16314926770565, 36.35141189810327], [139.1634275617644, 36.35142086159953], [139.1637058558231, 36.35142982509578], [139.16398414988186, 36.351438788592034], [139.16426244394057, 36.35144775208829], [139.16454073799932, 36.35145671558454], [139.16481903205806, 36.351465679080796], [139.16509732611678, 36.35147464257705], [139.16537562017552, 36.3514836060733], [139.16565391423427, 36.35149256956956], [139.165932208293, 36.351501533065814]]}}, {"type": "Feature", "properties": {"id": "北関東道-下り-2-36", "route": "北関東道", "direction": "下り", "from": "駒形IC", "to": "波志江PA（東行き）;波志江スマートIC", "grade": -0.12, "elevation_start": 77.2, "elevation_end": 76.9, "quality": "estimated", "structure": "bridge", "chain_rank": 2, "cum_dist_start": 9000.0, "cum_dist_end": 9250.0, "anomaly": false}, "geometry": {"type": "LineString", "coordinates": [[139.165932208293, 36.351501533065814], [139.16621050235173, 36.351510496562064], [139.16648879641045, 36.35151946005832], [139.1667670904692, 36.35152842355457], [139.16704538452794, 36.351537387050826], [139.1673236844084, 36.35154623173338], [139.16760200066753, 36.351554742149496], [139.16788031692664, 36.35156325256562], [139.16815863318578, 36.35157176298174], [139.1684369494449, 36.351580273397865], [139.16871526570404, 36.35158878381399]]}}, {"type": "Feature", "properties": {"id": "北関東道-下り-2-37", "route": "北関東道", "direction": "下り", "from": "駒形IC", "to": "波志江PA（東行き）;波志江スマートIC", "grade": 2.43, "elevation_start": 76.9, "elevation_end": 83.0, "quality": "estimated", "structure": "normal", "chain_rank": 2, "cum_dist_start": 9250.0, "cum_dist_end": 9500.0, "anomaly": false}, "geometry": {"type": "LineString", "coordinates": [[139.16871526570404, 36.35158878381399], [139.16899358196315, 36.3515972942301], [139.1692718982223, 36.351605804646226], [139.1695502144814, 36.35161431506235], [139.16982853074055, 36.35162282547847], [139.17010684699966, 36.351631335894595], [139.1703851632588, 36.35163984631071], [139.1706634795179, 36.351648356726834], [139.1709417955725, 36.351656871451034], [139.17122008590454, 36.351665927918546], [139.17149837623654, 36.351674984386065]]}}, {"type": "Feature", "properties": {"id": "北関東道-下り-2-38", "route": "北関東道", "direction": "下り", "from": "駒形IC", "to": "波志江PA（東行き）;波志江スマートIC", "grade": -0.21, "elevation_start": 83.0, "elevation_end": 82.5, "quality": "estimated", "structure": "normal", "chain_rank": 2, "cum_dist_start": 9500.0, "cum_dist_end": 9750.0, "anomaly": false}, "geometry": {"type": "LineString", "coordinates": [[139.17149837623654, 36.351674984386065], [139.17177666656858, 36.35168404085358], [139.1720549569006, 36.351693097321096], [139.17233324723264, 36.35170215378861], [139.17261153756468, 36.35171121025613], [139.1728898278967, 36.35172026672364], [139.17316811822872, 36.35172932319116], [139.17344640856075, 36.35173837965867], [139.17372469889278, 36.35174743612619], [139.17400298922482, 36.3517564925937], [139.17428127955685, 36.35176554906122]]}}, {"type": "Feature", "properties": {"id": "北関東道-下り-2-39", "route": "北関東道", "direction": "下り", "from": "駒形IC", "to": "波志江PA（東行き）;波志江スマートIC", "grade": -0.01, "elevation_start": 82.5, "elevation_end": 82.4, "quality": "estimated", "structure": "bridge", "chain_rank": 2, "cum_dist_start": 9750.0, "cum_dist_end": 10000.0, "anomaly": false}, "geometry": {"type": "LineString", "coordinates": [[139.17428127955685, 36.35176554906122], [139.17455956993436, 36.35177460452602], [139.1748379347745, 36.35178201848357], [139.17511629961464, 36.35178943244111], [139.17539457492657, 36.35179878298588], [139.1756728455685, 36.35180823454818], [139.1759511162104, 36.351817686110486], [139.1762293868523, 36.35182713767279], [139.17650765749423, 36.3518365892351], [139.17678592813613, 36.351846040797405], [139.17706419877803, 36.35185549235971]]}}, {"type": "Feature", "properties": {"id": "北関東道-下り-2-40", "route": "北関東道", "direction": "下り", "from": "駒形IC", "to": "波志江PA（東行き）;波志江スマートIC", "grade": 2.11, "elevation_start": 82.4, "elevation_end": 87.7, "quality": "estimated", "structure": "bridge", "chain_rank": 2, "cum_dist_start": 10000.0, "cum_dist_end": 10250.0, "anomaly": false}, "geometry": {"type": "LineString", "coordinates": [[139.17706419877803, 36.35185549235971], [139.17734238984312, 36.35186628791347], [139.17762050193997, 36.351878417179776], [139.17789861403682, 36.35189054644608], [139.17817659456443, 36.351904487706875], [139.17845454827662, 36.351918798274404], [139.17873236785266, 36.35193458605198], [139.1790099223909, 36.351953292628856], [139.1792874038352, 36.35197266888704], [139.1795647141714, 36.351993612824984], [139.17984177386603, 36.35201649820134]]}}, {"type": "Feature", "properties": {"id": "北関東道-下り-2-41", "route": "北関東道", "direction": "下り", "from": "駒形IC", "to": "波志江PA（東行き）;波志江スマートIC", "grade": 0.23, "elevation_start": 87.7, "elevation_end": 88.3, "quality": "measured", "structure": "normal", "chain_rank": 2, "cum_dist_start": 10250.0, "cum_dist_end": 10500.0, "anomaly": false}, "geometry": {"type": "LineString", "coordinates": [[139.17984177386603, 36.35201649820134], [139.18011844842988, 36.35204236675271], [139.18039512299373, 36.35206823530409], [139.18067129857846, 36.35209731015174], [139.1809472640691, 36.35212773500384], [139.18122269277507, 36.35216117416542], [139.18149804416063, 36.352195044209964], [139.18177274566114, 36.3522322097071], [139.18204735000486, 36.3522698155694], [139.18232098167985, 36.352311830074036], [139.18259458408087, 36.35235396529842]]}}, {"type": "Feature", "properties": {"id": "北関東道-下り-2-42", "route": "北関東道", "direction": "下り", "from": "駒形IC", "to": "波志江PA（東行き）;波志江スマートIC", "grade": 0.37, "elevation_start": 88.3, "elevation_end": 89.2, "quality": "measured", "structure": "normal", "chain_rank": 2, "cum_dist_start": 10500.0, "cum_dist_end": 10750.0, "anomaly": false}, "geometry": {"type": "LineString", "coordinates": [[139.18259458408087, 36.35235396529842], [139.182867548975, 36.35239872947184], [139.18314051386912, 36.35244349364525], [139.18341325296575, 36.35248910136658], [139.18368465268162, 36.35253971282798], [139.18395605239746, 36.35259032428939], [139.18422745211333, 36.35264093575079], [139.18449709754552, 36.35269731907726], [139.18476656067995, 36.35275430219164], [139.1850358085459, 36.35281192210986], [139.18530361072456, 36.352873818638265]]}}, {"type": "Feature", "properties": {"id": "北関東道-下り-2-43", "route": "北関東道", "direction": "下り", "from": "波志江PA（東行き）;波志江スマートIC", "to": "波志江スマートIC", "grade": 0.16, "elevation_start": 89.2, "elevation_end": 89.6, "quality": "measured", "structure": "normal", "chain_rank": 2, "cum_dist_start": 10750.0, "cum_dist_end": 11000.0, "anomaly": false}, "geometry": {"type": "LineString", "coordinates": [[139.18530361072456, 36.352873818638265], [139.1855714129032, 36.35293571516667], [139.1858388664762, 36.35299856645483], [139.18610525017513, 36.3530643479095], [139.1863716338741, 36.35313012936418], [139.18663773078217, 36.35319665831791], [139.1869033188307, 36.35326451357592], [139.18716823333253, 36.3533340478068], [139.1874324517292, 36.353405317242746], [139.18769667012586, 36.35347658667869], [139.1879607184045, 36.35354826873892]]}}, {"type": "Feature", "properties": {"id": "北関東道-下り-2-44", "route": "北関東道", "direction": "下り", "from": "波志江PA (東行き)", "to": "波志江PA（西行き）;波志江スマートIC", "grade": -0.05, "elevation_start": 89.6, "elevation_end": 89.5, "quality": "measured", "structure": "normal", "chain_rank": 2, "cum_dist_start": 11000.0, "cum_dist_end": 11250.0, "anomaly": false}, "geometry": {"type": "LineString", "coordinates": [[139.1879607184045, 36.35354826873892], [139.18822468398218, 36.35362015139176], [139.18848864955987, 36.3536920340446], [139.18875261513756, 36.35376391669744], [139.18901658071522, 36.35383579935028], [139.1892805462929, 36.35390768200312], [139.1895445118706, 36.353979564655965], [139.18980844818503, 36.35405151935162], [139.19007237096244, 36.354123507374], [139.19033737889535, 36.35419281189147], [139.19060289282396, 36.35426086512108]]}}, {"type": "Feature", "properties": {"id": "北関東道-下り-2-45", "route": "北関東道", "direction": "下り", "from": "波志江PA (東行き)", "to": "波志江PA（西行き）;波志江スマートIC", "grade": 1.0, "elevation_start": 89.5, "elevation_end": 92.0, "quality": "measured", "structure": "normal", "chain_rank": 2, "cum_dist_start": 11250.0, "cum_dist_end": 11500.0, "anomaly": false}, "geometry": {"type": "LineString", "coordinates": [[139.19060289282396, 36.35426086512108], [139.19086842401325, 36.35432887528598], [139.1911339594877, 36.35439687475952], [139.19139998157146, 36.354463596143404], [139.19166682625197, 36.354528156959745], [139.19193367093246, 36.35459271777608], [139.19220111649122, 36.35465559211509], [139.19246952676474, 36.35471575880156], [139.19273793703823, 36.35477592548803], [139.19300687956553, 36.35483448032553], [139.19327664723596, 36.35489053634339]]}}, {"type": "Feature", "properties": {"id": "北関東道-下り-2-46", "route": "北関東道", "direction": "下り", "from": "波志江PA（西行き）;波志江スマートIC", "to": "伊勢崎IC", "grade": 0.55, "elevation_start": 92.0, "elevation_end": 93.4, "quality": "measured", "structure": "normal", "chain_rank": 2, "cum_dist_start": 11500.0, "cum_dist_end": 11750.0, "anomaly": false}, "geometry": {"type": "LineString", "coordinates": [[139.19327664723596, 36.35489053634339], [139.1935464149064, 36.35494659236125], [139.1938163587242, 36.35500206945679], [139.19408748864686, 36.3550536483247], [139.1943586185695, 36.3551052271926], [139.1946299163491, 36.35515619820515], [139.19490241921622, 36.35520280526996], [139.19517492208334, 36.35524941233477], [139.1954475179907, 36.35529565156674], [139.195720766009, 36.355339312690376], [139.19599401402735, 36.35538297381401]]}}, {"type": "Feature", "properties": {"id": "北関東道-下り-2-47", "route": "北関東道", "direction": "下り", "from": "波志江PA（西行き）;波志江スマートIC", "to": "伊勢崎IC", "grade": -0.59, "elevation_start": 93.4, "elevation_end": 91.9, "quality": "estimated", "structure": "bridge", "chain_rank": 2, "cum_dist_start": 11750.0, "cum_dist_end": 12000.0, "anomaly": false}, "geometry": {"type": "LineString", "coordinates": [[139.19599401402735, 36.35538297381401], [139.19626784776693, 36.355424145963525], [139.19654182572089, 36.3554647052861], [139.19681634791786, 36.35550277792527], [139.1970908982652, 36.35554072194334], [139.19736549448405, 36.35557843570417], [139.19764088731927, 36.35561215075391], [139.1979164966758, 36.35564468319727], [139.19819215922502, 36.355676925110146], [139.1984680289943, 36.35570789111256], [139.19874463694467, 36.35573431193305]]}}, {"type": "Feature", "properties": {"id": "北関東道-下り-2-48", "route": "北関東道", "direction": "下り", "from": "波志江PA（西行き）;波志江スマートIC", "to": "伊勢崎IC", "grade": -0.75, "elevation_start": 91.9, "elevation_end": 90.0, "quality": "estimated", "structure": "bridge", "chain_rank": 2, "cum_dist_start": 12000.0, "cum_dist_end": 12250.0, "anomaly": false}, "geometry": {"type": "LineString", "coordinates": [[139.19874463694467, 36.35573431193305], [139.199021244895, 36.35576073275353], [139.19929785284535, 36.35578715357401], [139.1995744607957, 36.3558135743945], [139.19985142535108, 36.35583740093196], [139.20012845779823, 36.35586073356041], [139.20040549024537, 36.35588406618887], [139.20068322417274, 36.35590095470807], [139.20096103606272, 36.35591712702817], [139.2012388479527, 36.35593329934827], [139.2015166598427, 36.355949471668374]]}}, {"type": "Feature", "properties": {"id": "北関東道-下り-2-49", "route": "北関東道", "direction": "下り", "from": "波志江PA（西行き）;波志江スマートIC", "to": "伊勢崎IC", "grade": 0.6, "elevation_start": 90.0, "elevation_end": 91.5, "quality": "measured", "structure": "normal", "chain_rank": 2, "cum_dist_start": 12250.0, "cum_dist_end": 12500.0, "anomaly": false}, "geometry": {"type": "LineString", "coordinates": [[139.2015166598427, 36.355949471668374], [139.20179473972698, 36.355962274037736], [139.20207282516483, 36.35597500657233], [139.2023509277698, 36.355987449024425], [139.20262924596153, 36.35599624858268], [139.20290756415326, 36.35600504814092], [139.20318588234497, 36.356013847699174], [139.20346422085123, 36.35602215307584], [139.20374264756205, 36.35602831274337], [139.20402107427287, 36.3560344724109], [139.2042995009837, 36.356040632078425]]}}, {"type": "Feature", "properties": {"id": "北関東道-下り-2-50", "route": "北関東道", "direction": "下り", "from": "波志江PA（西行き）;波志江スマートIC", "to": "伊勢崎IC", "grade": 1.22, "elevation_start": 91.5, "elevation_end": 94.6, "quality": "estimated", "structure": "normal", "chain_rank": 2, "cum_dist_start": 12500.0, "cum_dist_end": 12750.0, "anomaly": false}, "geometry": {"type": "LineString", "coordinates": [[139.2042995009837, 36.356040632078425], [139.20457793585138, 36.35604636810728], [139.2048564647359, 36.356047221227016], [139.20513499362042, 36.356048074346745], [139.20541352250495, 36.35604892746648], [139.20569204723446, 36.356048031157854], [139.20597057001353, 36.35604631364843], [139.2062490927926, 36.356044596139], [139.20652761557167, 36.35604287862957], [139.2068061193248, 36.35604038964417], [139.20708450531035, 36.35603312534125]]}}, {"type": "Feature", "properties": {"id": "北関東道-下り-2-51", "route": "北関東道", "direction": "下り", "from": "波志江PA（西行き）;波志江スマートIC", "to": "伊勢崎IC", "grade": 0.0, "elevation_start": 94.6, "elevation_end": 94.6, "quality": "estimated", "structure": "bridge", "chain_rank": 2, "cum_dist_start": 12750.0, "cum_dist_end": 13000.0, "anomaly": false}, "geometry": {"type": "LineString", "coordinates": [[139.20708450531035, 36.35603312534125], [139.2073628912959, 36.356025861038326], [139.20764127728145, 36.356018596735396], [139.2079196258615, 36.35601052701151], [139.2081979017285, 36.356000891619736], [139.20847617759551, 36.35599125622796], [139.20875441801664, 36.35598098930029], [139.20903263039145, 36.355970222674024], [139.20931084276626, 36.35595945604775], [139.20958890614048, 36.35594651127305], [139.20986688968486, 36.35593239951486]]}}, {"type": "Feature", "properties": {"id": "北関東道-下り-2-52", "route": "北関東道", "direction": "下り", "from": "波志江PA（西行き）;波志江スマートIC", "to": "伊勢崎IC", "grade": 0.0, "elevation_start": 94.6, "elevation_end": 94.6, "quality": "estimated", "structure": "bridge", "chain_rank": 2, "cum_dist_start": 13000.0, "cum_dist_end": 13250.0, "anomaly": false}, "geometry": {"type": "LineString", "coordinates": [[139.20986688968486, 36.35593239951486], [139.21014487322924, 36.35591828775667], [139.21042273915776, 36.355902848249485], [139.21070037135465, 36.355884770177425], [139.21097789368005, 36.35586562844191], [139.21125538896777, 36.35584622495462], [139.21153283884038, 36.35582640727043], [139.21181023140525, 36.35580606692545], [139.21208756726145, 36.355785250437094], [139.21236466203405, 36.35576240973793], [139.21264175680668, 36.35573956903876]]}}, {"type": "Feature", "properties": {"id": "北関東道-下り-2-53", "route": "北関東道", "direction": "下り", "from": "波志江PA（西行き）;波志江スマートIC", "to": "伊勢崎IC", "grade": 0.0, "elevation_start": 94.6, "elevation_end": 94.6, "quality": "estimated", "structure": "bridge", "chain_rank": 2, "cum_dist_start": 13250.0, "cum_dist_end": 13500.0, "anomaly": false}, "geometry": {"type": "LineString", "coordinates": [[139.21264175680668, 36.35573956903876], [139.2129185687921, 36.35571463883422], [139.21319521413454, 36.35568847731044], [139.213471859477, 36.35566231578665], [139.21374850481948, 36.35563615426287], [139.21402478442738, 36.35560758795355], [139.21430102786837, 36.355578783838745], [139.21457727130937, 36.35554997972394], [139.21485347666902, 36.355520949653354], [139.21512917826817, 36.35548893051898], [139.21540487986735, 36.3554569113846]]}}, {"type": "Feature", "properties": {"id": "北関東道-下り-2-54", "route": "北関東道", "direction": "下り", "from": "波志江PA（西行き）;波志江スマートIC", "to": "伊勢崎IC", "grade": -0.23, "elevation_start": 94.6, "elevation_end": 94.0, "quality": "estimated", "structure": "normal", "chain_rank": 2, "cum_dist_start": 13500.0, "cum_dist_end": 13750.0, "anomaly": false}, "geometry": {"type": "LineString", "coordinates": [[139.21540487986735, 36.3554569113846], [139.21568021984268, 36.35542299924711], [139.21595501738912, 36.355386247640425], [139.21622981493553, 36.35534949603374], [139.21650461248194, 36.35531274442706], [139.21677941002838, 36.355275992820374], [139.21705386789273, 36.35523764301433], [139.21732807543071, 36.35519811542638], [139.21760228296873, 36.355158587838446], [139.21787606530356, 36.35511719843349], [139.21814964663392, 36.35507492889985]]}}, {"type": "Feature", "properties": {"id": "北関東道-下り-2-55", "route": "北関東道", "direction": "下り", "from": "波志江PA（西行き）;波志江スマートIC", "to": "伊勢崎IC", "grade": -0.33, "elevation_start": 94.0, "elevation_end": 93.2, "quality": "measured", "structure": "normal", "chain_rank": 2, "cum_dist_start": 13750.0, "cum_dist_end": 14000.0, "anomaly": false}, "geometry": {"type": "LineString", "coordinates": [[139.21814964663392, 36.35507492889985], [139.2184232279643, 36.355032659366216], [139.2186961289892, 36.35498768421446], [139.2189683978606, 36.35494019494817], [139.21924066673202, 36.354892705681884], [139.21951293560343, 36.3548452164156], [139.21978520447485, 36.35479772714931], [139.22005690389105, 36.354748154875075], [139.22032857660398, 36.35469848492311], [139.2206002493169, 36.35464881497114], [139.22087192202983, 36.35459914501917]]}}, {"type": "Feature", "properties": {"id": "北関東道-下り-3-0", "route": "北関東道", "direction": "下り", "from": null, "to": "太田桐生IC", "grade": 0.0, "elevation_start": 56.4, "elevation_end": 56.4, "quality": "estimated", "structure": "bridge", "chain_rank": 3, "cum_dist_start": 0.0, "cum_dist_end": 250.0, "anomaly": false}, "geometry": {"type": "LineString", "coordinates": [[139.3840614, 36.3298821], [139.38433958053733, 36.32987241934496], [139.3846177998906, 36.32986352747916], [139.38489615898527, 36.329859079142246], [139.38517458422191, 36.32985695285703], [139.38545281729915, 36.32986510051935], [139.38573103549217, 36.329874043977064], [139.38600844959421, 36.32989326382602], [139.38628545991284, 36.32991577731163], [139.3865617117255, 36.329943795163686], [139.38683695144871, 36.329977844915575]]}}, {"type": "Feature", "properties": {"id": "北関東道-下り-3-1", "route": "北関東道", "direction": "下り", "from": null, "to": "太田桐生IC", "grade": -0.38, "elevation_start": 56.4, "elevation_end": 55.5, "quality": "measured", "structure": "normal", "chain_rank": 3, "cum_dist_start": 250.0, "cum_dist_end": 500.0, "anomaly": false}, "geometry": {"type": "LineString", "coordinates": [[139.38683695144871, 36.329977844915575], [139.38711184285708, 36.330013552255494], [139.38738552095384, 36.3300550335982], [139.38765865313727, 36.330098597464506], [139.38792957464477, 36.3301505945098], [139.3881999888703, 36.33020418294357], [139.388468188713, 36.33026471809213], [139.3887363885557, 36.330325253240694], [139.38900060546115, 36.33039601486536], [139.38926323550322, 36.330470850875194], [139.3895258655453, 36.33054568688504]]}}, {"type": "Feature", "properties": {"id": "北関東道-下り-3-2", "route": "北関東道", "direction": "下り", "from": "太田桐生IC", "to": null, "grade": -2.42, "elevation_start": 55.5, "elevation_end": 49.4, "quality": "measured", "structure": "normal", "chain_rank": 3, "cum_dist_start": 500.0, "cum_dist_end": 750.0, "anomaly": false}, "geometry": {"type": "LineString", "coordinates": [[139.3895258655453, 36.33054568688504], [139.38978420187877, 36.330629659615425], [139.39004192042893, 36.33071494694678], [139.3902996389791, 36.33080023427813], [139.39055507030517, 36.33088971670319], [139.39080665870532, 36.330986247599924], [139.39105183523142, 36.33109298661002], [139.39129649865552, 36.33120054251135], [139.39153692617697, 36.33131416385442], [139.39177636433493, 36.33142916061938], [139.39201131344058, 36.33154993540212]]}}, {"type": "Feature", "properties": {"id": "北関東道-下り-3-3", "route": "北関東道", "direction": "下り", "from": "太田桐生IC", "to": null, "grade": -0.22, "elevation_start": 49.4, "elevation_end": 48.9, "quality": "estimated", "structure": "bridge", "chain_rank": 3, "cum_dist_start": 750.0, "cum_dist_end": 1000.0, "anomaly": false}, "geometry": {"type": "LineString", "coordinates": [[139.39201131344058, 36.33154993540212], [139.3922429660117, 36.33167493943528], [139.39246720436435, 36.33180848449757], [139.39269111052667, 36.33194241223633], [139.39291501668902, 36.33207633997508], [139.39313689619388, 36.33221239725825], [139.3933541116747, 36.332353355343095], [139.39357132715554, 36.33249431342794], [139.39377864995623, 36.3326446724817], [139.39398525085844, 36.332795717552266], [139.39419185176067, 36.33294676262284]]}}, {"type": "Feature", "properties": {"id": "北関東道-下り-3-4", "route": "北関東道", "direction": "下り", "from": "太田桐生IC", "to": null, "grade": -0.09, "elevation_start": 48.9, "elevation_end": 48.6, "quality": "estimated", "structure": "bridge", "chain_rank": 3, "cum_dist_start": 1000.0, "cum_dist_end": 1250.0, "anomaly": false}, "geometry": {"type": "LineString", "coordinates": [[139.39419185176067, 36.33294676262284], [139.3943962062277, 36.333099760568196], [139.39459717142213, 36.33325570488161], [139.3947981288008, 36.33341165572972], [139.39499721654795, 36.3335691697555], [139.39519630429507, 36.333726683781286], [139.3953953920422, 36.333884197807066], [139.39559447978934, 36.334041711832846], [139.395797902475, 36.33419553086165], [139.3960027220895, 36.33434815918204], [139.39621210184202, 36.33449664849268]]}}, {"type": "Feature", "properties": {"id": "北関東道-下り-3-5", "route": "北関東道", "direction": "下り", "from": "太田桐生IC", "to": null, "grade": 0.11, "elevation_start": 48.6, "elevation_end": 48.9, "quality": "measured", "structure": "normal", "chain_rank": 3, "cum_dist_start": 1250.0, "cum_dist_end": 1500.0, "anomaly": false}, "geometry": {"type": "LineString", "coordinates": [[139.39621210184202, 36.33449664849268], [139.39642296908283, 36.33464378768443], [139.3966353634597, 36.33478944850379], [139.39685178892285, 36.33493120695533], [139.3970690150118, 36.335072107292824], [139.39729682942047, 36.33520165902561], [139.39752599085486, 36.33532961828187], [139.39775775248185, 36.3354545035466], [139.39799405741547, 36.33557357486901], [139.39823344215324, 36.335688646591066], [139.39847559824625, 36.3357998759178]]}}, {"type": "Feature", "properties": {"id": "北関東道-下り-3-6", "route": "北関東道", "direction": "下り", "from": "太田桐生IC", "to": null, "grade": 0.05, "elevation_start": 48.9, "elevation_end": 49.1, "quality": "estimated", "structure": "normal", "chain_rank": 3, "cum_dist_start": 1500.0, "cum_dist_end": 1750.0, "anomaly": false}, "geometry": {"type": "LineString", "coordinates": [[139.39847559824625, 36.3357998759178], [139.3987194203909, 36.335908634333386], [139.39896610680287, 36.33601314477147], [139.39921973206168, 36.336105972803736], [139.3994755805455, 36.33619484156027], [139.3997343309654, 36.336278095468735], [139.39999516859845, 36.33635688087002], [139.40025745694743, 36.33643252038632], [139.40052323697515, 36.336499735026536], [139.40079020319746, 36.336563702536544], [139.40105844784537, 36.336624170439904]]}}, {"type": "Feature", "properties": {"id": "北関東道-下り-3-7", "route": "北関東道", "direction": "下り", "from": "太田桐生IC", "to": null, "grade": 0.48, "elevation_start": 49.1, "elevation_end": 50.2, "quality": "estimated", "structure": "bridge", "chain_rank": 3, "cum_dist_start": 1750.0, "cum_dist_end": 2000.0, "anomaly": false}, "geometry": {"type": "LineString", "coordinates": [[139.40105844784537, 36.336624170439904], [139.4013294255529, 36.3366758515898], [139.4016015917727, 36.33672336633396], [139.40187527537648, 36.33676490669192], [139.40215024599948, 36.33680047318029], [139.4024252166225, 36.33683603966867], [139.40270050833874, 36.33686985674233], [139.4029763921246, 36.336900448038264], [139.40325227591046, 36.336931039334196], [139.40352815969632, 36.33696163063013], [139.40380285190903, 36.336998565375445]]}}, {"type": "Feature", "properties": {"id": "北関東道-下り-3-8", "route": "北関東道", "direction": "下り", "from": "太田桐生IC", "to": null, "grade": 0.48, "elevation_start": 50.2, "elevation_end": 51.4, "quality": "estimated", "structure": "bridge", "chain_rank": 3, "cum_dist_start": 2000.0, "cum_dist_end": 2250.0, "anomaly": false}, "geometry": {"type": "LineString", "coordinates": [[139.40380285190903, 36.336998565375445], [139.40407727881424, 36.33703670116121], [139.4043503177374, 36.33708095308359], [139.4046221105338, 36.337129921201296], [139.4048936430099, 36.33717987454904], [139.4051628481205, 36.33723734635109], [139.405431424433, 36.337296849458504], [139.40569584891225, 36.33736727782421], [139.40595841286694, 36.33744211823847], [139.40621469972967, 36.337530226998325], [139.4064673743593, 36.33762488886984]]}}, {"type": "Feature", "properties": {"id": "北関東道-下り-3-9", "route": "北関東道", "direction": "下り", "from": "太田桐生IC", "to": null, "grade": 0.48, "elevation_start": 51.4, "elevation_end": 52.6, "quality": "estimated", "structure": "normal", "chain_rank": 3, "cum_dist_start": 2250.0, "cum_dist_end": 2500.0, "anomaly": false}, "geometry": {"type": "LineString", "coordinates": [[139.4064673743593, 36.33762488886984], [139.40671971851484, 36.33772015702765], [139.40696674656888, 36.33782399288194], [139.4072087530718, 36.337935251009135], [139.4074455987892, 36.338053737949465], [139.4076764429519, 36.33817967208404], [139.40790050742066, 36.33831315952344], [139.4081159113905, 36.338455934973965], [139.40833005442448, 36.33859995415473], [139.40853135173316, 36.33875552553578], [139.40873092453612, 36.33891264777015]]}}, {"type": "Feature", "properties": {"id": "北関東道-下り-3-10", "route": "北関東道", "direction": "下り", "from": "太田桐生IC", "to": null, "grade": 0.48, "elevation_start": 52.6, "elevation_end": 53.8, "quality": "estimated", "structure": "bridge", "chain_rank": 3, "cum_dist_start": 2500.0, "cum_dist_end": 2750.0, "anomaly": false}, "geometry": {"type": "LineString", "coordinates": [[139.40873092453612, 36.33891264777015], [139.40892880055432, 36.33907116381364], [139.40912014695172, 36.339234787140434], [139.40930832195366, 36.33940085467936], [139.40949242866867, 36.339569888537156], [139.40967653538368, 36.33973892239494], [139.4098606420987, 36.33990795625273], [139.41004474881373, 36.34007699011052], [139.41022885552874, 36.34024602396831], [139.41041296224375, 36.3404150578261], [139.41059706895877, 36.34058409168389]]}}, {"type": "Feature", "properties": {"id": "北関東道-下り-3-11", "route": "北関東道", "direction": "下り", "from": "太田桐生IC", "to": null, "grade": 0.48, "elevation_start": 53.8, "elevation_end": 55.0, "quality": "estimated", "structure": "bridge", "chain_rank": 3, "cum_dist_start": 2750.0, "cum_dist_end": 3000.0, "anomaly": false}, "geometry": {"type": "LineString", "coordinates": [[139.41059706895877, 36.34058409168389], [139.4107811756738, 36.340753125541674], [139.41096528238882, 36.34092215939946], [139.41114938910383, 36.341091193257256], [139.41133349581884, 36.34126022711504], [139.41151581563398, 36.341430523202696], [139.4116977040439, 36.34160112402625], [139.41187959245377, 36.3417717248498], [139.41206148086368, 36.34194232567335], [139.4122433692736, 36.34211292649691], [139.41242514461896, 36.34228360554281]]}}, {"type": "Feature", "properties": {"id": "北関東道-下り-3-12", "route": "北関東道", "direction": "下り", "from": "太田桐生IC", "to": null, "grade": 0.48, "elevation_start": 55.0, "elevation_end": 56.2, "quality": "estimated", "structure": "bridge", "chain_rank": 3, "cum_dist_start": 3000.0, "cum_dist_end": 3250.0, "anomaly": false}, "geometry": {"type": "LineString", "coordinates": [[139.41242514461896, 36.34228360554281], [139.41260500844058, 36.342455607053665], [139.41278487226222, 36.34262760856453], [139.41296473608384, 36.34279961007539], [139.41314459990548, 36.34297161158625], [139.4133244637271, 36.343143613097105], [139.41350393447823, 36.34331588317103], [139.41368298778573, 36.343488438460824], [139.41386204109324, 36.343660993750625], [139.41404109440074, 36.34383354904042], [139.4142120325148, 36.34401140857651]]}}, {"type": "Feature", "properties": {"id": "北関東道-下り-3-13", "route": "北関東道", "direction": "下り", "from": "太田桐生IC", "to": null, "grade": 0.48, "elevation_start": 56.2, "elevation_end": 57.4, "quality": "estimated", "structure": "bridge", "chain_rank": 3, "cum_dist_start": 3250.0, "cum_dist_end": 3500.0, "anomaly": false}, "geometry": {"type": "LineString", "coordinates": [[139.4142120325148, 36.34401140857651], [139.41438290181225, 36.34418931309246], [139.4145537711097, 36.3443672176084], [139.41472464040714, 36.344545122124345], [139.4148955097046, 36.34472302664029], [139.41506637900207, 36.34490093115623], [139.41523140359007, 36.34508239661897], [139.41539551811658, 36.34526441654564], [139.41555869048906, 36.345446974674594], [139.4157157871937, 36.34563300350809], [139.41587288389834, 36.34581903234159]]}}, {"type": "Feature", "properties": {"id": "北関東道-下り-3-14", "route": "北関東道", "direction": "下り", "from": "太田桐生IC", "to": null, "grade": 0.48, "elevation_start": 57.4, "elevation_end": 58.6, "quality": "estimated", "structure": "bridge", "chain_rank": 3, "cum_dist_start": 3500.0, "cum_dist_end": 3750.0, "anomaly": false}, "geometry": {"type": "LineString", "coordinates": [[139.41587288389834, 36.34581903234159], [139.41602649349744, 36.346006912197296], [139.4161748782501, 36.346197565501235], [139.41632326300277, 36.34638821880517], [139.41647164775543, 36.346578872109106], [139.41662003250812, 36.34676952541304], [139.4167645536976, 36.34696208512121], [139.41690612303736, 36.34715610136539], [139.4170476923771, 36.34735011760957], [139.41718926171686, 36.34754413385375], [139.4173308310566, 36.34773815009793]]}}, {"type": "Feature", "properties": {"id": "北関東道-下り-3-15", "route": "北関東道", "direction": "下り", "from": "太田桐生IC", "to": null, "grade": 0.46, "elevation_start": 58.6, "elevation_end": 59.8, "quality": "estimated", "structure": "bridge", "chain_rank": 3, "cum_dist_start": 3750.0, "cum_dist_end": 4000.0, "anomaly": false}, "geometry": {"type": "LineString", "coordinates": [[139.4173308310566, 36.34773815009793], [139.41747240039635, 36.34793216634211], [139.4176139697361, 36.34812618258629], [139.41775378439766, 36.34832102960416], [139.4178933249028, 36.3485160064247], [139.41803286540792, 36.34871098324525], [139.41817240591305, 36.34890596006579], [139.4183119464182, 36.34910093688634], [139.41845148692335, 36.349295913706875], [139.41859102742848, 36.34949089052742], [139.4187304266406, 36.349685933897376]]}}, {"type": "Feature", "properties": {"id": "北関東道-下り-3-16", "route": "北関東道", "direction": "下り", "from": "太田桐生IC", "to": null, "grade": 0.41, "elevation_start": 59.8, "elevation_end": 60.8, "quality": "measured", "structure": "normal", "chain_rank": 3, "cum_dist_start": 4000.0, "cum_dist_end": 4250.0, "anomaly": false}, "geometry": {"type": "LineString", "coordinates": [[139.4187304266406, 36.349685933897376], [139.4188696812723, 36.34988104536511], [139.419008935904, 36.350076156832834], [139.4191481905357, 36.35027126830057], [139.4192874451674, 36.3504663797683], [139.41942465233728, 36.35066243507954], [139.41956106146884, 36.35085885827227], [139.4196974706004, 36.351055281465], [139.41983387973198, 36.35125170465773], [139.41997028886354, 36.35144812785045], [139.42010738800306, 36.35164423474442]]}}, {"type": "Feature", "properties": {"id": "北関東道-下り-3-17", "route": "北関東道", "direction": "下り", "from": "太田桐生IC", "to": null, "grade": 0.32, "elevation_start": 60.8, "elevation_end": 61.6, "quality": "measured", "structure": "normal", "chain_rank": 3, "cum_dist_start": 4250.0, "cum_dist_end": 4500.0, "anomaly": false}, "geometry": {"type": "LineString", "coordinates": [[139.42010738800306, 36.35164423474442], [139.4202457829441, 36.35183974764465], [139.42038417788515, 36.35203526054488], [139.4205225728262, 36.35223077344511], [139.42066096776725, 36.35242628634534], [139.42080018967428, 36.35262141299041], [139.42094047124243, 36.35281604469423], [139.42108075281055, 36.35301067639805], [139.4212255339936, 36.35320313685539], [139.42137065116935, 36.353395435182634], [139.42151793337823, 36.35358663952727]]}}, {"type": "Feature", "properties": {"id": "北関東道-下り-3-18", "route": "北関東道", "direction": "下り", "from": "太田桐生IC", "to": null, "grade": 1.98, "elevation_start": 61.6, "elevation_end": 66.5, "quality": "measured", "structure": "normal", "chain_rank": 3, "cum_dist_start": 4500.0, "cum_dist_end": 4750.0, "anomaly": false}, "geometry": {"type": "LineString", "coordinates": [[139.42151793337823, 36.35358663952727], [139.42166796979043, 36.35377645218393], [139.42181800620264, 36.353966264840594], [139.42196804261485, 36.35415607749725], [139.42212403140687, 36.35434266795984], [139.42228376681066, 36.3545272302739], [139.4224440304548, 36.35471147883514], [139.42261392925397, 36.354890004514765], [139.4227847811459, 36.35506790277486], [139.42296639014873, 36.35523871964516], [139.42314897096287, 36.35540882359981]]}}, {"type": "Feature", "properties": {"id": "北関東道-下り-3-19", "route": "北関東道", "direction": "下り", "from": "太田桐生IC", "to": null, "grade": 3.31, "elevation_start": 66.5, "elevation_end": 74.8, "quality": "measured", "structure": "normal", "chain_rank": 3, "cum_dist_start": 4750.0, "cum_dist_end": 5000.0, "anomaly": false}, "geometry": {"type": "LineString", "coordinates": [[139.42314897096287, 36.35540882359981], [139.4233414749608, 36.35557164795906], [139.42353496018256, 36.35573368879086], [139.42373378600422, 36.355891465043655], [139.42393496364633, 36.35604718314326], [139.42414505379162, 36.35619510162688], [139.42435549691427, 36.35634269009907], [139.42456679790695, 36.35648947651716], [139.4247796496976, 36.35663476925288], [139.42499494690426, 36.35677770663677], [139.42521554675392, 36.35691500497366]]}}, {"type": "Feature", "properties": {"id": "北関東道-下り-3-20", "route": "北関東道", "direction": "下り", "from": "太田桐生IC", "to": null, "grade": 5.32, "elevation_start": 74.8, "elevation_end": 88.1, "quality": "measured", "structure": "normal", "chain_rank": 3, "cum_dist_start": 5000.0, "cum_dist_end": 5250.0, "anomaly": false}, "geometry": {"type": "LineString", "coordinates": [[139.42521554675392, 36.35691500497366], [139.42544334224002, 36.35704465117703], [139.42567155009576, 36.35717379289415], [139.4259082598336, 36.35729253354836], [139.42614496957142, 36.357411274202576], [139.42638480134045, 36.35752576746217], [139.4266268593116, 36.35763723206564], [139.4268711391787, 36.35774541421937], [139.42711765980962, 36.35785028604955], [139.4273657841821, 36.35795259593814], [139.42761621998093, 36.35805121337438]]}}, {"type": "Feature", "properties": {"id": "北関東道-下り-3-21", "route": "北関東道", "direction": "下り", "from": "太田桐生IC", "to": null, "grade": -0.85, "elevation_start": 88.1, "elevation_end": 86.0, "quality": "estimated", "structure": "normal", "chain_rank": 3, "cum_dist_start": 5250.0, "cum_dist_end": 5500.0, "anomaly": false}, "geometry": {"type": "LineString", "coordinates": [[139.42761621998093, 36.35805121337438], [139.42786760916033, 36.358148138501704], [139.42812394672694, 36.35823627993829], [139.42838028429355, 36.358324421374874], [139.42864000593838, 36.35840568079459], [139.4289011729081, 36.358484000935164], [139.42916511827747, 36.35855582833652], [139.42943026914253, 36.35862483865957], [139.42969831676749, 36.3586860489475], [139.42996666677334, 36.358746430439574], [139.4302351353127, 36.3588064674213]]}}, {"type": "Feature", "properties": {"id": "北関東道-下り-3-22", "route": "北関東道", "direction": "下り", "from": "太田桐生IC", "to": null, "grade": 0.46, "elevation_start": 86.0, "elevation_end": 87.1, "quality": "estimated", "structure": "tunnel", "chain_rank": 3, "cum_dist_start": 5500.0, "cum_dist_end": 5750.0, "anomaly": false}, "geometry": {"type": "LineString", "coordinates": [[139.4302351353127, 36.3588064674213], [139.43050655437392, 36.35885697292386], [139.4307784286162, 36.35890595909497], [139.43105097742617, 36.35895243991243], [139.43132363050088, 36.35899848749377], [139.43159783859159, 36.35903807374401], [139.43187204668232, 36.35907765999424], [139.43214694293786, 36.35911362044188], [139.4324232076013, 36.35914237102249], [139.43269947226472, 36.359171121603104], [139.43297573692814, 36.359199872183716]]}}, {"type": "Feature", "properties": {"id": "北関東道-下り-3-23", "route": "北関東道", "direction": "下り", "from": "太田桐生IC", "to": null, "grade": 0.46, "elevation_start": 87.1, "elevation_end": 88.3, "quality": "estimated", "structure": "tunnel", "chain_rank": 3, "cum_dist_start": 5750.0, "cum_dist_end": 6000.0, "anomaly": false}, "geometry": {"type": "LineString", "coordinates": [[139.43297573692814, 36.359199872183716], [139.43325200159157, 36.359228622764334], [139.43352789406524, 36.35925956008467], [139.43380348032647, 36.359292296505764], [139.4340790665877, 36.35932503292686], [139.43435442238066, 36.35935897442398], [139.43462935082704, 36.35939515043694], [139.43490357407052, 36.35943420307379], [139.43517476537247, 36.35948562343547], [139.43544595667444, 36.35953704379714], [139.4357171422215, 36.35958848359559]]}}, {"type": "Feature", "properties": {"id": "北関東道-下り-3-24", "route": "北関東道", "direction": "下り", "from": "太田桐生IC", "to": null, "grade": 0.46, "elevation_start": 88.3, "elevation_end": 89.4, "quality": "estimated", "structure": "tunnel", "chain_rank": 3, "cum_dist_start": 6000.0, "cum_dist_end": 6250.0, "anomaly": false}, "geometry": {"type": "LineString", "coordinates": [[139.4357171422215, 36.35958848359559], [139.43598792856034, 36.359641268583715], [139.43625769203945, 36.359697256271986], [139.4365265856782, 36.3597560454402], [139.4367954793169, 36.359814834608414], [139.4370608528155, 36.359883253544886], [139.43732603266952, 36.35995220221951], [139.43758802827602, 36.360028633539024], [139.43784924893532, 36.36010681410669], [139.4381059292041, 36.3601943127359], [139.43836051894414, 36.36028563766041]]}}, {"type": "Feature", "properties": {"id": "北関東道-下り-3-25", "route": "北関東道", "direction": "下り", "from": "太田桐生IC", "to": null, "grade": 0.46, "elevation_start": 89.4, "elevation_end": 90.5, "quality": "estimated", "structure": "bridge", "chain_rank": 3, "cum_dist_start": 6250.0, "cum_dist_end": 6500.0, "anomaly": false}, "geometry": {"type": "LineString", "coordinates": [[139.43836051894414, 36.36028563766041], [139.43861311922944, 36.360380573527706], [139.43886160652363, 36.360482376937895], [139.439108425181, 36.360586686200946], [139.43935024565405, 36.36069850141969], [139.43959206612712, 36.360810316638435], [139.4398338866002, 36.36092213185718], [139.4400706760989, 36.36104067083012], [139.44030529810044, 36.36116210660136], [139.440539920102, 36.361283542372604], [139.44077084093917, 36.36140943505279]]}}, {"type": "Feature", "properties": {"id": "北関東道-下り-3-26", "route": "北関東道", "direction": "下り", "from": "太田桐生IC", "to": null, "grade": 0.35, "elevation_start": 90.5, "elevation_end": 91.4, "quality": "estimated", "structure": "normal", "chain_rank": 3, "cum_dist_start": 6500.0, "cum_dist_end": 6750.0, "anomaly": false}, "geometry": {"type": "LineString", "coordinates": [[139.44077084093917, 36.36140943505279], [139.4409985459418, 36.36153920021209], [139.44122625094442, 36.36166896537139], [139.4414493351556, 36.36180378703941], [139.44166950069214, 36.36194180259833], [139.4418896662287, 36.36207981815724], [139.4421087380776, 36.36221894888943], [139.44232494528208, 36.362361000542336], [139.4425411524866, 36.362503052195244], [139.44275735969111, 36.36264510384815], [139.44297356689563, 36.36278715550105]]}}, {"type": "Feature", "properties": {"id": "北関東道-下り-3-27", "route": "北関東道", "direction": "下り", "from": "太田桐生IC", "to": null, "grade": -1.92, "elevation_start": 91.4, "elevation_end": 86.6, "quality": "estimated", "structure": "tunnel", "chain_rank": 3, "cum_dist_start": 6750.0, "cum_dist_end": 7000.0, "anomaly": false}, "geometry": {"type": "LineString", "coordinates": [[139.44297356689563, 36.36278715550105], [139.4431900748884, 36.36292890875032], [139.4434066642462, 36.363070581279636], [139.443623253604, 36.363212253808946], [139.44383984296178, 36.363353926338256], [139.44405643231957, 36.363495598867566], [139.44427302167736, 36.363637271396875], [139.44448961103515, 36.363778943926185], [139.4447098189136, 36.36391691223396], [139.44493042534717, 36.364054472547245], [139.44515103178074, 36.36419203286053]]}}, {"type": "Feature", "properties": {"id": "北関東道-下り-3-28", "route": "北関東道", "direction": "下り", "from": "太田桐生IC", "to": null, "grade": -2.14, "elevation_start": 86.6, "elevation_end": 81.3, "quality": "estimated", "structure": "tunnel", "chain_rank": 3, "cum_dist_start": 7000.0, "cum_dist_end": 7250.0, "anomaly": false}, "geometry": {"type": "LineString", "coordinates": [[139.44515103178074, 36.36419203286053], [139.44537533208992, 36.36432556831653], [139.4456020317163, 36.36445648946976], [139.4458287313427, 36.36458741062299], [139.44605982194065, 36.36471307364933], [139.44629467209282, 36.3648342346622], [139.446529522245, 36.36495539567506], [139.44676437239715, 36.36507655668793], [139.44700428622522, 36.36519102834908], [139.4472445314926, 36.365305062163415], [139.44748610280624, 36.36541719371956]]}}, {"type": "Feature", "properties": {"id": "北関東道-下り-3-29", "route": "北関東道", "direction": "下り", "from": "太田桐生IC", "to": null, "grade": -2.14, "elevation_start": 81.3, "elevation_end": 75.9, "quality": "estimated", "structure": "tunnel", "chain_rank": 3, "cum_dist_start": 7250.0, "cum_dist_end": 7500.0, "anomaly": false}, "geometry": {"type": "LineString", "coordinates": [[139.44748610280624, 36.36541719371956], [139.44773111884032, 36.36552438370786], [139.44797613487438, 36.365631573696156], [139.44822487785376, 36.36573278740431], [139.4484771096508, 36.365828406677885], [139.4487293414479, 36.36592402595146], [139.4489841534684, 36.36601494827793], [139.44924097579587, 36.36610221111296], [139.44949779812336, 36.36618947394799], [139.44975830698738, 36.36626921715206], [139.4500192997977, 36.36634797322429]]}}, {"type": "Feature", "properties": {"id": "北関東道-下り-3-30", "route": "北関東道", "direction": "下り", "from": "太田桐生IC", "to": null, "grade": -2.14, "elevation_start": 75.9, "elevation_end": 70.6, "quality": "estimated", "structure": "tunnel", "chain_rank": 3, "cum_dist_start": 7500.0, "cum_dist_end": 7750.0, "anomaly": false}, "geometry": {"type": "LineString", "coordinates": [[139.4500192997977, 36.36634797322429], [139.450280292608, 36.36642672929652], [139.4505428951819, 36.36650188820348], [139.45080578062428, 36.36657641501471], [139.45106866606665, 36.36665094182594], [139.45133459042043, 36.36671795874384], [139.45160110136814, 36.36678352604471], [139.45186770325196, 36.36684884240664], [139.4521358285724, 36.366909954833616], [139.45240395389285, 36.3669710672606], [139.45267233356915, 36.36703144141887]]}}, {"type": "Feature", "properties": {"id": "北関東道-下り-3-31", "route": "北関東道", "direction": "下り", "from": "太田桐生IC", "to": null, "grade": -1.75, "elevation_start": 70.6, "elevation_end": 66.2, "quality": "estimated", "structure": "normal", "chain_rank": 3, "cum_dist_start": 7750.0, "cum_dist_end": 8000.0, "anomaly": false}, "geometry": {"type": "LineString", "coordinates": [[139.45267233356915, 36.36703144141887], [139.45294093454604, 36.367091173251474], [139.45321052057838, 36.36714792707119], [139.45348054123292, 36.36720327551454], [139.45375153192978, 36.36725547437079], [139.45402252262664, 36.367307673227046], [139.45429430036583, 36.36735711193288], [139.45456654358316, 36.3674048603114], [139.45483878680045, 36.36745260868993], [139.45511103001775, 36.36750035706846], [139.4553837090549, 36.367546424284505]]}}, {"type": "Feature", "properties": {"id": "北関東道-下り-3-32", "route": "北関東道", "direction": "下り", "from": "太田桐生IC", "to": null, "grade": -0.68, "elevation_start": 66.2, "elevation_end": 64.5, "quality": "estimated", "structure": "normal", "chain_rank": 3, "cum_dist_start": 8000.0, "cum_dist_end": 8250.0, "anomaly": false}, "geometry": {"type": "LineString", "coordinates": [[139.4553837090549, 36.367546424284505], [139.45565675247732, 36.367591085895], [139.45592988193636, 36.36763539643186], [139.4562040945235, 36.36767509952463], [139.45647830711067, 36.367714802617414], [139.45675251969783, 36.367754505710195], [139.4570272771057, 36.36779165754655], [139.45730252747668, 36.36782632799991], [139.45757795491048, 36.36786008778736], [139.45785342588798, 36.36789361584076], [139.45812921141592, 36.36792537272273]]}}, {"type": "Feature", "properties": {"id": "北関東道-下り-3-33", "route": "北関東道", "direction": "下り", "from": "太田桐生IC", "to": null, "grade": 0.0, "elevation_start": 64.5, "elevation_end": 64.5, "quality": "estimated", "structure": "bridge", "chain_rank": 3, "cum_dist_start": 8250.0, "cum_dist_end": 8500.0, "anomaly": false}, "geometry": {"type": "LineString", "coordinates": [[139.45812921141592, 36.36792537272273], [139.4584052192658, 36.36795587775383], [139.45868161173308, 36.36798396234832], [139.45895819239402, 36.36801086262087], [139.45923477305496, 36.36803776289343], [139.45951140995496, 36.36806425166519], [139.45978858084155, 36.36808683326173], [139.46006576665528, 36.36810929539121], [139.46034355771144, 36.36812611029605], [139.4606213891371, 36.36814254852896], [139.46089958709157, 36.36815421109898]]}}, {"type": "Feature", "properties": {"id": "北関東道-下り-3-34", "route": "北関東道", "direction": "下り", "from": "太田桐生IC", "to": null, "grade": 0.0, "elevation_start": 64.5, "elevation_end": 64.5, "quality": "estimated", "structure": "tunnel", "chain_rank": 3, "cum_dist_start": 8500.0, "cum_dist_end": 8750.0, "anomaly": false}, "geometry": {"type": "LineString", "coordinates": [[139.46089958709157, 36.36815421109898], [139.46117780017158, 36.36816567659211], [139.4614560132516, 36.368177142085244], [139.46173445028134, 36.3681830457555], [139.46201299650028, 36.36818623769774], [139.4622915427192, 36.36818942963999], [139.46257008893812, 36.36819262158223], [139.46284863515706, 36.36819581352447], [139.463127181376, 36.368199005466714], [139.46340572759493, 36.368202197408955], [139.46368427381387, 36.368205389351196]]}}, {"type": "Feature", "properties": {"id": "北関東道-下り-3-35", "route": "北関東道", "direction": "下り", "from": "太田桐生IC", "to": null, "grade": 0.0, "elevation_start": 64.5, "elevation_end": 64.5, "quality": "estimated", "structure": "tunnel", "chain_rank": 3, "cum_dist_start": 8750.0, "cum_dist_end": 9000.0, "anomaly": false}, "geometry": {"type": "LineString", "coordinates": [[139.46368427381387, 36.368205389351196], [139.46396282003278, 36.36820858129344], [139.4642413662517, 36.36821177323568], [139.46451990744697, 36.36821523280196], [139.46479844403612, 36.36821893774671], [139.4650769806253, 36.36822264269147], [139.46535550434078, 36.368225487887266], [139.46563384832393, 36.3682163299225], [139.46591219230706, 36.36820717195773], [139.46619053629018, 36.36819801399296], [139.466468503622, 36.36818369597685]]}}, {"type": "Feature", "properties": {"id": "北関東道-下り-3-36", "route": "北関東道", "direction": "下り", "from": "太田桐生IC", "to": null, "grade": 0.0, "elevation_start": 64.5, "elevation_end": 64.5, "quality": "estimated", "structure": "tunnel", "chain_rank": 3, "cum_dist_start": 9000.0, "cum_dist_end": 9250.0, "anomaly": false}, "geometry": {"type": "LineString", "coordinates": [[139.466468503622, 36.36818369597685], [139.46674624708692, 36.36816631102735], [139.46702399055187, 36.36814892607785], [139.46730105172898, 36.36812549419654], [139.46757809986428, 36.368101946729006], [139.46785441114358, 36.368073663346145], [139.46813003714428, 36.368040975545654], [139.46840381766455, 36.36799947380377], [139.46867624337787, 36.36795266020741], [139.4689472475587, 36.36790049932648], [139.46921818195227, 36.36784810591921]]}}, {"type": "Feature", "properties": {"id": "北関東道-下り-4-0", "route": "北関東道", "direction": "下り", "from": null, "to": "太田藪塚IC", "grade": -0.88, "elevation_start": 87.2, "elevation_end": 85.0, "quality": "measured", "structure": "normal", "chain_rank": 4, "cum_dist_start": 0.0, "cum_dist_end": 250.0, "anomaly": false}, "geometry": {"type": "LineString", "coordinates": [[139.2513418, 36.3449294], [139.25160075148088, 36.34484649798558], [139.25186080573332, 36.34476590203113], [139.25212131431354, 36.34468625908837], [139.25238340798956, 36.34461009511414], [139.252646146906, 36.34453547784043], [139.2529116847307, 36.34446756980657], [139.25317831371953, 36.34440252649203], [139.2534460529805, 36.344340571863164], [139.2537151765323, 36.344282758939535], [139.25398591880497, 36.34422998997816]]}}, {"type": "Feature", "properties": {"id": "北関東道-下り-4-1", "route": "北関東道", "direction": "下り", "from": null, "to": "太田藪塚IC", "grade": -0.26, "elevation_start": 85.0, "elevation_end": 84.3, "quality": "measured", "structure": "normal", "chain_rank": 4, "cum_dist_start": 250.0, "cum_dist_end": 500.0, "anomaly": false}, "geometry": {"type": "LineString", "coordinates": [[139.25398591880497, 36.34422998997816], [139.25425741211941, 36.34417982327226], [139.25452954027023, 36.3441320575963], [139.25480300529878, 36.34408945953973], [139.25507647032734, 36.344046861483164], [139.25535179038897, 36.34401330788481], [139.25562760467, 36.34398216391834], [139.25590357336384, 36.34395204190891], [139.25618053811652, 36.34392851216001], [139.25645779289786, 36.34390777761181], [139.2567357301072, 36.343893620080586]]}}, {"type": "Feature", "properties": {"id": "北関東道-下り-4-2", "route": "北関東道", "direction": "下り", "from": null, "to": "太田藪塚IC", "grade": 0.35, "elevation_start": 84.3, "elevation_end": 85.2, "quality": "measured", "structure": "normal", "chain_rank": 4, "cum_dist_start": 500.0, "cum_dist_end": 750.0, "anomaly": false}, "geometry": {"type": "LineString", "coordinates": [[139.2567357301072, 36.343893620080586], [139.25701372500257, 36.34388033341704], [139.25729194023924, 36.343870373177275], [139.25757026862885, 36.343864154651264], [139.25784875303526, 36.34386309524978], [139.2581272077407, 36.343863964021516], [139.25840557228483, 36.343870654357296], [139.25868380587102, 36.34388027349598], [139.2589617859985, 36.3438936965238], [139.25923941400796, 36.34391129381077], [139.25951664980005, 36.34393251674747]]}}, {"type": "Feature", "properties": {"id": "北関東道-下り-4-3", "route": "北関東道", "direction": "下り", "from": null, "to": "太田藪塚IC", "grade": 0.38, "elevation_start": 85.2, "elevation_end": 86.1, "quality": "measured", "structure": "normal", "chain_rank": 4, "cum_dist_start": 750.0, "cum_dist_end": 1000.0, "anomaly": false}, "geometry": {"type": "LineString", "coordinates": [[139.25951664980005, 36.34393251674747], [139.2597936652739, 36.34395565259701], [139.26007056434344, 36.34397952743894], [139.2603452867085, 36.344016451845555], [139.2606200090736, 36.34405337625217], [139.26089405852562, 36.34409333562733], [139.26116751323354, 36.34413597741384], [139.2614402832605, 36.34418124372599], [139.26171171316682, 36.34423164700131], [139.26198139214478, 36.34428784931887], [139.26225097384136, 36.34434437383041]]}}, {"type": "Feature", "properties": {"id": "北関東道-下り-4-4", "route": "北関東道", "direction": "下り", "from": null, "to": "太田藪塚IC", "grade": 0.33, "elevation_start": 86.1, "elevation_end": 86.9, "quality": "measured", "structure": "normal", "chain_rank": 4, "cum_dist_start": 1000.0, "cum_dist_end": 1250.0, "anomaly": false}, "geometry": {"type": "LineString", "coordinates": [[139.26225097384136, 36.34434437383041], [139.2625188635527, 36.344405790665455], [139.26278555571972, 36.34447067016339], [139.26305216828786, 36.3445357477678], [139.26331503406345, 36.34461015043145], [139.26357789983905, 36.34468455309509], [139.26384076561462, 36.34475895575874], [139.26410349316924, 36.34483366810168], [139.26436443972173, 36.34491237071825], [139.26462538627422, 36.34499107333481], [139.2648863328267, 36.34506977595138]]}}, {"type": "Feature", "properties": {"id": "北関東道-下り-4-5", "route": "北関東道", "direction": "下り", "from": null, "to": "太田藪塚IC", "grade": 0.48, "elevation_start": 86.9, "elevation_end": 88.1, "quality": "measured", "structure": "normal", "chain_rank": 4, "cum_dist_start": 1250.0, "cum_dist_end": 1500.0, "anomaly": false}, "geometry": {"type": "LineString", "coordinates": [[139.2648863328267, 36.34506977595138], [139.26514727937916, 36.34514847856794], [139.26540822593165, 36.34522718118451], [139.26566846555355, 36.34530739662435], [139.26592843229687, 36.34538819602111], [139.2661883990402, 36.345468995417875], [139.26644836578353, 36.34554979481464], [139.26670873031094, 36.345629753246136], [139.26696911180412, 36.34570967580985], [139.2672294932973, 36.345789598373564], [139.26749106964647, 36.34586691722154]]}}, {"type": "Feature", "properties": {"id": "北関東道-下り-4-6", "route": "北関東道", "direction": "下り", "from": null, "to": "太田藪塚IC", "grade": 0.32, "elevation_start": 88.1, "elevation_end": 88.9, "quality": "measured", "structure": "normal", "chain_rank": 4, "cum_dist_start": 1500.0, "cum_dist_end": 1750.0, "anomaly": false}, "geometry": {"type": "LineString", "coordinates": [[139.26749106964647, 36.34586691722154], [139.26775287388432, 36.3459437394764], [139.2680154163826, 36.34601884616457], [139.2682796074345, 36.346090121950645], [139.2685443194744, 36.34616008022328], [139.26881060875104, 36.34622604986159], [139.26907689802772, 36.346292019499906], [139.26934491571095, 36.346353117754724], [139.26961392699047, 36.34641141563323], [139.26988293827003, 36.34646971351174], [139.27015268477714, 36.34652563563993]]}}, {"type": "Feature", "properties": {"id": "北関東道-下り-4-7", "route": "北関東道", "direction": "下り", "from": null, "to": "太田藪塚IC", "grade": 0.4, "elevation_start": 88.9, "elevation_end": 89.9, "quality": "estimated", "structure": "bridge", "chain_rank": 4, "cum_dist_start": 1750.0, "cum_dist_end": 2000.0, "anomaly": false}, "geometry": {"type": "LineString", "coordinates": [[139.27015268477714, 36.34652563563993], [139.27042392713983, 36.346576724190975], [139.27069516950252, 36.346627812742014], [139.27096668207417, 36.34667789757041], [139.27123962843459, 36.34672265642378], [139.27151257479503, 36.34676741527714], [139.27178642773063, 36.34680836145494], [139.27206042875466, 36.34684868483479], [139.27233522530975, 36.3468851100833], [139.27261071088498, 36.346918159107844], [139.27288626617613, 36.346950822003976]]}}, {"type": "Feature", "properties": {"id": "北関東道-下り-4-8", "route": "北関東道", "direction": "下り", "from": null, "to": "太田藪塚IC", "grade": 0.42, "elevation_start": 89.9, "elevation_end": 91.0, "quality": "estimated", "structure": "bridge", "chain_rank": 4, "cum_dist_start": 2000.0, "cum_dist_end": 2250.0, "anomaly": false}, "geometry": {"type": "LineString", "coordinates": [[139.27288626617613, 36.346950822003976], [139.2731622065241, 36.34698123584904], [139.27343847686603, 36.347009678466726], [139.2737156884358, 36.34703130196089], [139.27399291076745, 36.34705284748597], [139.27427063588158, 36.34706957996738], [139.2745483973416, 36.347085964516204], [139.27482632258847, 36.34710037104523], [139.27510439619707, 36.34711265979872], [139.2753826455728, 36.34712219789788], [139.27566100686371, 36.347129184173646]]}}, {"type": "Feature", "properties": {"id": "北関東道-下り-4-9", "route": "北関東道", "direction": "下り", "from": null, "to": "太田藪塚IC", "grade": 0.3, "elevation_start": 91.0, "elevation_end": 91.8, "quality": "measured", "structure": "normal", "chain_rank": 4, "cum_dist_start": 2250.0, "cum_dist_end": 2500.0, "anomaly": false}, "geometry": {"type": "LineString", "coordinates": [[139.27566100686371, 36.347129184173646], [139.2759393924644, 36.347135616153125], [139.27621785444697, 36.34713617858779], [139.27649634574317, 36.34713448842554], [139.27677483703934, 36.34713279826328], [139.2770532866354, 36.34712931864707], [139.2773316588573, 36.34712251871494], [139.27760983149838, 36.34711190053778], [139.2778879198729, 36.34709967022967], [139.27816587830083, 36.347085725215805], [139.27844344736204, 36.34706752630566]]}}, {"type": "Feature", "properties": {"id": "北関東道-下り-4-10", "route": "北関東道", "direction": "下り", "from": "太田藪塚IC", "to": null, "grade": -0.26, "elevation_start": 91.8, "elevation_end": 91.1, "quality": "estimated", "structure": "bridge", "chain_rank": 4, "cum_dist_start": 2500.0, "cum_dist_end": 2750.0, "anomaly": false}, "geometry": {"type": "LineString", "coordinates": [[139.27844344736204, 36.34706752630566], [139.2787206977141, 36.34704623886074], [139.2789977660142, 36.34702343339575], [139.27927431689844, 36.34699686366129], [139.27955081368748, 36.34696989967553], [139.2798273132668, 36.34694295504778], [139.28010326895446, 36.34691278876401], [139.2803785760636, 36.34687878072787], [139.28065384385292, 36.3468445759517], [139.28092837681461, 36.346806694407604], [139.2812027299036, 36.34676800396691]]}}, {"type": "Feature", "properties": {"id": "北関東道-下り-4-11", "route": "北関東道", "direction": "下り", "from": "太田藪塚IC", "to": null, "grade": -0.31, "elevation_start": 91.1, "elevation_end": 90.3, "quality": "estimated", "structure": "bridge", "chain_rank": 4, "cum_dist_start": 2750.0, "cum_dist_end": 3000.0, "anomaly": false}, "geometry": {"type": "LineString", "coordinates": [[139.2812027299036, 36.34676800396691], [139.2814763764681, 36.346726136250325], [139.2817500211569, 36.3466842609377], [139.28202366096986, 36.34664236587901], [139.28229730078277, 36.34660047082033], [139.28257054076792, 36.346556965641575], [139.28284296005353, 36.34651015547776], [139.2831153793391, 36.346463345313936], [139.28338776747216, 36.346416417626656], [139.28366001031725, 36.34636894183765], [139.28393287306073, 36.34632387354511]]}}, {"type": "Feature", "properties": {"id": "北関東道-下り-4-12", "route": "北関東道", "direction": "下り", "from": "太田藪塚IC", "to": null, "grade": -0.31, "elevation_start": 90.3, "elevation_end": 89.5, "quality": "estimated", "structure": "normal", "chain_rank": 4, "cum_dist_start": 3000.0, "cum_dist_end": 3250.0, "anomaly": false}, "geometry": {"type": "LineString", "coordinates": [[139.28393287306073, 36.34632387354511], [139.28420589378294, 36.34627941879382], [139.28447891450517, 36.34623496404254], [139.28475193522738, 36.34619050929125], [139.28502556961988, 36.3461486087646], [139.28529928194408, 36.34610703260622], [139.2855729942683, 36.34606545644783], [139.28584752856264, 36.34602767830861], [139.28612241446857, 36.345991524836194], [139.2863973003745, 36.345955371363786], [139.28667247068572, 36.345920724692064]]}}, {"type": "Feature", "properties": {"id": "北関東道-下り-4-13", "route": "北関東道", "direction": "下り", "from": "太田藪塚IC", "to": null, "grade": -0.31, "elevation_start": 89.5, "elevation_end": 88.8, "quality": "estimated", "structure": "bridge", "chain_rank": 4, "cum_dist_start": 3250.0, "cum_dist_end": 3500.0, "anomaly": false}, "geometry": {"type": "LineString", "coordinates": [[139.28667247068572, 36.345920724692064], [139.28694816101594, 36.345888833120306], [139.2872238513462, 36.34585694154855], [139.28749954167645, 36.34582504997679], [139.2877756071542, 36.34579540436102], [139.2880520983609, 36.34576845386261], [139.28832870643294, 36.34574227751495], [139.28860532557474, 36.34571618711152], [139.2888826601841, 36.345695651489734], [139.2891599947935, 36.34567511586795], [139.28943732940286, 36.34565458024616]]}}, {"type": "Feature", "properties": {"id": "北関東道-下り-4-14", "route": "北関東道", "direction": "下り", "from": "太田藪塚IC", "to": null, "grade": -0.21, "elevation_start": 88.8, "elevation_end": 88.2, "quality": "estimated", "structure": "normal", "chain_rank": 4, "cum_dist_start": 3500.0, "cum_dist_end": 3750.0, "anomaly": false}, "geometry": {"type": "LineString", "coordinates": [[139.28943732940286, 36.34565458024616], [139.28971466401222, 36.345634044624376], [139.28999231575435, 36.34561667698153], [139.29027011919388, 36.3456008247108], [139.29054792263338, 36.34558497244007], [139.2908259573441, 36.34557218921069], [139.29110408294784, 36.3455606121595], [139.29138220855157, 36.34554903510832], [139.29166045970115, 36.34554007440025], [139.29193885738766, 36.34553416748425], [139.2922172550742, 36.34552826056825]]}}, {"type": "Feature", "properties": {"id": "北関東道-下り-4-15", "route": "北関東道", "direction": "下り", "from": "太田藪塚IC", "to": null, "grade": 0.25, "elevation_start": 88.2, "elevation_end": 88.9, "quality": "estimated", "structure": "bridge", "chain_rank": 4, "cum_dist_start": 3750.0, "cum_dist_end": 4000.0, "anomaly": false}, "geometry": {"type": "LineString", "coordinates": [[139.2922172550742, 36.34552826056825], [139.29249565276072, 36.34552235365226], [139.29277409166033, 36.345518562056], [139.2930525810989, 36.34551736444042], [139.29333107053742, 36.34551616682483], [139.29360955906935, 36.34551509719672], [139.2938880132455, 36.34551887769267], [139.29416646742166, 36.345522658188614], [139.2944449215978, 36.34552643868456], [139.29472330314624, 36.34553275353485], [139.29500162007886, 36.34554072037032]]}}, {"type": "Feature", "properties": {"id": "北関東道-下り-4-16", "route": "北関東道", "direction": "下り", "from": "太田藪塚IC", "to": null, "grade": 0.19, "elevation_start": 88.9, "elevation_end": 89.3, "quality": "estimated", "structure": "normal", "chain_rank": 4, "cum_dist_start": 4000.0, "cum_dist_end": 4250.0, "anomaly": false}, "geometry": {"type": "LineString", "coordinates": [[139.29500162007886, 36.34554072037032], [139.29527990930472, 36.34554934771018], [139.29555819853059, 36.345557975050035], [139.29583641896113, 36.345567687084696], [139.29611433778993, 36.34558215447061], [139.2963922566187, 36.34559662185654], [139.296670077, 36.34561218378651], [139.2969476558442, 36.34563043113776], [139.29722523468843, 36.34564867848901], [139.29750256319687, 36.34566907297529], [139.2977794628747, 36.34569314555067]]}}, {"type": "Feature", "properties": {"id": "北関東道-下り-4-17", "route": "北関東道", "direction": "下り", "from": "太田藪塚IC", "to": null, "grade": -0.2, "elevation_start": 89.3, "elevation_end": 88.8, "quality": "measured", "structure": "normal", "chain_rank": 4, "cum_dist_start": 4250.0, "cum_dist_end": 4500.0, "anomaly": false}, "geometry": {"type": "LineString", "coordinates": [[139.2977794628747, 36.34569314555067], [139.29805637754686, 36.34571710092582], [139.29833351498624, 36.34573931508415], [139.2986106524256, 36.345761529242495], [139.29888778986498, 36.34578374340083], [139.29916492730433, 36.34580595755917], [139.29944206474372, 36.34582817171751], [139.2997192021831, 36.34585038587584], [139.29999633962245, 36.345872600034184], [139.30027347706184, 36.34589481419252], [139.3005506145012, 36.34591702835086]]}}, {"type": "Feature", "properties": {"id": "北関東道-下り-4-18", "route": "北関東道", "direction": "下り", "from": "太田藪塚IC", "to": null, "grade": -0.3, "elevation_start": 88.8, "elevation_end": 88.1, "quality": "measured", "structure": "normal", "chain_rank": 4, "cum_dist_start": 4500.0, "cum_dist_end": 4750.0, "anomaly": false}, "geometry": {"type": "LineString", "coordinates": [[139.3005506145012, 36.34591702835086], [139.30082775194057, 36.345939242509196], [139.30110488222996, 36.34596151729363], [139.30138199683793, 36.345983925044315], [139.30165911144593, 36.34600633279501], [139.3019362260539, 36.34602874054569], [139.30221334066187, 36.34605114829638], [139.30249045526983, 36.34607355604707], [139.3027675698778, 36.34609596379776], [139.30304468448577, 36.34611837154844], [139.30332179909374, 36.346140779299134]]}}, {"type": "Feature", "properties": {"id": "北関東道-下り-4-19", "route": "北関東道", "direction": "下り", "from": "太田藪塚IC", "to": null, "grade": -0.29, "elevation_start": 88.1, "elevation_end": 87.3, "quality": "measured", "structure": "normal", "chain_rank": 4, "cum_dist_start": 4750.0, "cum_dist_end": 5000.0, "anomaly": false}, "geometry": {"type": "LineString", "coordinates": [[139.30332179909374, 36.346140779299134], [139.3035989137017, 36.34616318704982], [139.30387602830967, 36.34618559480051], [139.30415314291764, 36.346208002551194], [139.3044302575256, 36.346230410301885], [139.30470737213358, 36.34625281805257], [139.30498448494058, 36.346275241846115], [139.30526158952415, 36.34629773889184], [139.30553869410772, 36.34632023593757], [139.30581579869133, 36.34634273298329], [139.3060929032749, 36.346365230029015]]}}, {"type": "Feature", "properties": {"id": "北関東道-下り-4-20", "route": "北関東道", "direction": "下り", "from": "太田藪塚IC", "to": null, "grade": -0.32, "elevation_start": 87.3, "elevation_end": 86.6, "quality": "measured", "structure": "normal", "chain_rank": 4, "cum_dist_start": 5000.0, "cum_dist_end": 5250.0, "anomaly": false}, "geometry": {"type": "LineString", "coordinates": [[139.3060929032749, 36.346365230029015], [139.30637000785848, 36.34638772707474], [139.30664711244208, 36.34641022412047], [139.30692421702565, 36.346432721166195], [139.30720132160926, 36.34645521821192], [139.30747842619283, 36.34647771525765], [139.3077555307764, 36.346500212303376], [139.30803263536, 36.3465227093491], [139.30830974108227, 36.34654520055619], [139.3085868486082, 36.34656768251505], [139.3088639561341, 36.34659016447391]]}}, {"type": "Feature", "properties": {"id": "北関東道-下り-4-21", "route": "北関東道", "direction": "下り", "from": "太田藪塚IC", "to": null, "grade": -0.03, "elevation_start": 86.6, "elevation_end": 86.5, "quality": "measured", "structure": "normal", "chain_rank": 4, "cum_dist_start": 5250.0, "cum_dist_end": 5500.0, "anomaly": false}, "geometry": {"type": "LineString", "coordinates": [[139.3088639561341, 36.34659016447391], [139.30914106366, 36.346612646432774], [139.30941817118594, 36.34663512839163], [139.30969527871184, 36.34665761035049], [139.30997238623777, 36.346680092309356], [139.31024949376368, 36.346702574268214], [139.3105266012896, 36.34672505622708], [139.3108037088155, 36.34674753818594], [139.31108081634144, 36.346770020144795], [139.31135792386735, 36.34679250210366], [139.31163503139325, 36.34681498406252]]}}, {"type": "Feature", "properties": {"id": "北関東道-下り-4-22", "route": "北関東道", "direction": "下り", "from": "太田藪塚IC", "to": null, "grade": 0.32, "elevation_start": 86.5, "elevation_end": 87.3, "quality": "measured", "structure": "normal", "chain_rank": 4, "cum_dist_start": 5500.0, "cum_dist_end": 5750.0, "anomaly": false}, "geometry": {"type": "LineString", "coordinates": [[139.31163503139325, 36.34681498406252], [139.31191213891918, 36.346837466021384], [139.3121892464451, 36.34685994798024], [139.31246635776574, 36.346882402006116], [139.31274347855972, 36.34690478629869], [139.3130205993537, 36.34692717059126], [139.31329772014772, 36.34694955488383], [139.3135748409417, 36.3469719391764], [139.31385196173568, 36.34699432346897], [139.3141290825297, 36.34701670776154], [139.31440620332367, 36.34703909205411]]}}, {"type": "Feature", "properties": {"id": "北関東道-下り-4-23", "route": "北関東道", "direction": "下り", "from": "太田藪塚IC", "to": null, "grade": -0.13, "elevation_start": 87.3, "elevation_end": 87.0, "quality": "estimated", "structure": "normal", "chain_rank": 4, "cum_dist_start": 5750.0, "cum_dist_end": 6000.0, "anomaly": false}, "geometry": {"type": "LineString", "coordinates": [[139.31440620332367, 36.34703909205411], [139.31468332411765, 36.34706147634668], [139.31496044491163, 36.34708386063925], [139.31523756570564, 36.34710624493182], [139.31551468649963, 36.34712862922439], [139.3157918072936, 36.34715101351697], [139.3160689280876, 36.34717339780954], [139.3163460488816, 36.34719578210211], [139.3166234086986, 36.34721603902935], [139.31690098420808, 36.347234376239584], [139.31717855971752, 36.34725271344982]]}}, {"type": "Feature", "properties": {"id": "北関東道-下り-4-24", "route": "北関東道", "direction": "下り", "from": "太田藪塚IC", "to": null, "grade": -0.65, "elevation_start": 87.0, "elevation_end": 85.3, "quality": "estimated", "structure": "bridge", "chain_rank": 4, "cum_dist_start": 6000.0, "cum_dist_end": 6250.0, "anomaly": false}, "geometry": {"type": "LineString", "coordinates": [[139.31717855971752, 36.34725271344982], [139.31745613522696, 36.347271050660055], [139.31773392407132, 36.34728692435697], [139.31801194985994, 36.34730006190837], [139.3182901823819, 36.34730985330932], [139.3185684927405, 36.347317634595335], [139.31884697701807, 36.34732001308834], [139.31912546129564, 36.34732239158135], [139.3194039455732, 36.34732477007436], [139.31968237355102, 36.347321140700245], [139.31996074106615, 36.34731429913968]]}}, {"type": "Feature", "properties": {"id": "北関東道-下り-4-25", "route": "北関東道", "direction": "下り", "from": "太田藪塚IC", "to": null, "grade": -0.31, "elevation_start": 85.3, "elevation_end": 84.5, "quality": "estimated", "structure": "normal", "chain_rank": 4, "cum_dist_start": 6250.0, "cum_dist_end": 6500.0, "anomaly": false}, "geometry": {"type": "LineString", "coordinates": [[139.31996074106615, 36.34731429913968], [139.32023905757777, 36.34730612749772], [139.32051712602208, 36.347293606294], [139.3207949661948, 36.34727822495622], [139.32107270545177, 36.34726158804313], [139.32134996216533, 36.34724035917131], [139.32162707543355, 36.347217978485375], [139.3219037172146, 36.347192000935344], [139.3221803589957, 36.34716602338532], [139.32245644786937, 36.34713683122638], [139.32273134953738, 36.34710073664248]]}}, {"type": "Feature", "properties": {"id": "北関東道-下り-4-26", "route": "北関東道", "direction": "下り", "from": "太田藪塚IC", "to": null, "grade": 0.0, "elevation_start": 84.5, "elevation_end": 84.5, "quality": "estimated", "structure": "bridge", "chain_rank": 4, "cum_dist_start": 6500.0, "cum_dist_end": 6750.0, "anomaly": false}, "geometry": {"type": "LineString", "coordinates": [[139.32273134953738, 36.34710073664248], [139.32300585765313, 36.34706281301174], [139.3232796714693, 36.34702166260147], [139.32355326465694, 36.346979605822796], [139.32382592746217, 36.3469337269217], [139.32409846661918, 36.346887386950414], [139.32437012573263, 36.34683776539701], [139.32464046440026, 36.34678379195259], [139.32490965619237, 36.34672603866546], [139.3251788479845, 36.34666828537833], [139.3254467655573, 36.34660692091159]]}}, {"type": "Feature", "properties": {"id": "北関東道-下り-5-0", "route": "北関東道", "direction": "下り", "from": null, "to": "足利ＩＣ", "grade": -0.56, "elevation_start": 54.4, "elevation_end": 53.0, "quality": "measured", "structure": "normal", "chain_rank": 5, "cum_dist_start": 0.0, "cum_dist_end": 250.0, "anomaly": false}, "geometry": {"type": "LineString", "coordinates": [[139.4795993, 36.3632386], [139.4798566550355, 36.3631523886684], [139.480114010071, 36.36306617733679], [139.48037539161064, 36.36298835835575], [139.4806382969502, 36.36291401014504], [139.48090363148063, 36.36284542659974], [139.48116896601107, 36.36277684305445], [139.48143621468216, 36.36271369218469], [139.48170638621252, 36.36265883691541], [139.4819774892832, 36.362607171923145], [139.4822494526384, 36.36255845317583]]}}, {"type": "Feature", "properties": {"id": "北関東道-下り-5-1", "route": "北関東道", "direction": "下り", "from": null, "to": "足利ＩＣ", "grade": 0.04, "elevation_start": 53.0, "elevation_end": 53.1, "quality": "measured", "structure": "normal", "chain_rank": 5, "cum_dist_start": 250.0, "cum_dist_end": 500.0, "anomaly": false}, "geometry": {"type": "LineString", "coordinates": [[139.4822494526384, 36.36255845317583], [139.48252240287533, 36.362513879846716], [139.48279728624098, 36.36247742666711], [139.48307216960663, 36.362440973487516], [139.48334878394212, 36.36241462300979], [139.4836255633396, 36.362389235906306], [139.4839028846006, 36.36236898524453], [139.48418098024408, 36.36235607512096], [139.48445907588754, 36.36234316499738], [139.4847373891818, 36.36233622089458], [139.48501594208167, 36.36233584461703]]}}, {"type": "Feature", "properties": {"id": "北関東道-下り-5-2", "route": "北関東道", "direction": "下り", "from": "足利ＩＣ", "to": null, "grade": 1.54, "elevation_start": 53.1, "elevation_end": 57.0, "quality": "measured", "structure": "normal", "chain_rank": 5, "cum_dist_start": 500.0, "cum_dist_end": 750.0, "anomaly": false}, "geometry": {"type": "LineString", "coordinates": [[139.48501594208167, 36.36233584461703], [139.48529438422682, 36.3623406898663], [139.48557273632395, 36.36234912554696], [139.485850680022, 36.36236402332918], [139.4861284170493, 36.36238119470023], [139.48640575815912, 36.36240203116651], [139.48668281611904, 36.362425346088585], [139.48695793955, 36.362460381347205], [139.48723285595116, 36.362496670895126], [139.48750629037954, 36.36253956992869], [139.48777945272505, 36.36258368243096]]}}, {"type": "Feature", "properties": {"id": "北関東道-下り-5-3", "route": "北関東道", "direction": "下り", "from": "足利ＩＣ", "to": null, "grade": 1.49, "elevation_start": 57.0, "elevation_end": 60.7, "quality": "measured", "structure": "normal", "chain_rank": 5, "cum_dist_start": 750.0, "cum_dist_end": 1000.0, "anomaly": false}, "geometry": {"type": "LineString", "coordinates": [[139.48777945272505, 36.36258368243096], [139.48805007131367, 36.36263707219185], [139.4883206772939, 36.362690507936286], [139.48858965072682, 36.36274858000931], [139.4888544578349, 36.3628184841749], [139.48911926494296, 36.36288838834049], [139.48938182166938, 36.36296354283783], [139.48964329538697, 36.36304122408692], [139.4899025345396, 36.36312349953192], [139.49015935520168, 36.36321074731801], [139.49041617586377, 36.3632979951041]]}}, {"type": "Feature", "properties": {"id": "北関東道-下り-5-4", "route": "北関東道", "direction": "下り", "from": "足利ＩＣ", "to": null, "grade": 1.96, "elevation_start": 60.7, "elevation_end": 65.6, "quality": "measured", "structure": "normal", "chain_rank": 5, "cum_dist_start": 1000.0, "cum_dist_end": 1250.0, "anomaly": false}, "geometry": {"type": "LineString", "coordinates": [[139.49041617586377, 36.3632979951041], [139.49066669015716, 36.36339649619779], [139.49091708627302, 36.36349520817164], [139.49116420346093, 36.363598972299975], [139.49140686001857, 36.36370960934331], [139.4916495165762, 36.363820246386645], [139.49188954317424, 36.36393450536272], [139.49212718155766, 36.36405205334473], [139.4923648199411, 36.36416960132674], [139.49260245832448, 36.36428714930876], [139.49283721114492, 36.36440839309879]]}}, {"type": "Feature", "properties": {"id": "北関東道-下り-5-5", "route": "北関東道", "direction": "下り", "from": "足利ＩＣ", "to": null, "grade": -0.89, "elevation_start": 65.6, "elevation_end": 63.4, "quality": "measured", "structure": "normal", "chain_rank": 5, "cum_dist_start": 1250.0, "cum_dist_end": 1500.0, "anomaly": false}, "geometry": {"type": "LineString", "coordinates": [[139.49283721114492, 36.36440839309879], [139.49307053944213, 36.36453146140776], [139.49330386773934, 36.36465452971672], [139.49353719603656, 36.364777598025675], [139.49377022000547, 36.36490104095399], [139.49400229427633, 36.36502565293314], [139.4942343685472, 36.3651502649123], [139.49446644281807, 36.365274876891455], [139.49469851708895, 36.36539948887061], [139.4949305913598, 36.36552410084976], [139.49516293800227, 36.36564838094305]]}}, {"type": "Feature", "properties": {"id": "北関東道-下り-5-6", "route": "北関東道", "direction": "下り", "from": "足利ＩＣ", "to": null, "grade": 3.97, "elevation_start": 63.4, "elevation_end": 73.3, "quality": "measured", "structure": "normal", "chain_rank": 5, "cum_dist_start": 1500.0, "cum_dist_end": 1750.0, "anomaly": false}, "geometry": {"type": "LineString", "coordinates": [[139.49516293800227, 36.36564838094305], [139.4953957467177, 36.36577209799854], [139.49562855543311, 36.36589581505402], [139.49586136414857, 36.3660195321095], [139.496094172864, 36.36614324916498], [139.49632698157944, 36.366266966220465], [139.49655979029487, 36.366390683275945], [139.4967925990103, 36.366514400331425], [139.49702540772574, 36.366638117386906], [139.49725821644117, 36.366761834442386], [139.49749102515662, 36.36688555149787]]}}, {"type": "Feature", "properties": {"id": "北関東道-下り-5-7", "route": "北関東道", "direction": "下り", "from": "足利ＩＣ", "to": null, "grade": 2.59, "elevation_start": 73.3, "elevation_end": 79.8, "quality": "measured", "structure": "normal", "chain_rank": 5, "cum_dist_start": 1750.0, "cum_dist_end": 2000.0, "anomaly": false}, "geometry": {"type": "LineString", "coordinates": [[139.49749102515662, 36.36688555149787], [139.49772383387204, 36.36700926855335], [139.49795664258747, 36.36713298560883], [139.49818945130292, 36.367256702664314], [139.49842303224105, 36.367379462626836], [139.49865714220252, 36.36750156691774], [139.498891252164, 36.36762367120865], [139.4991251317701, 36.36774606340035], [139.49935855528778, 36.36786902561667], [139.49959197880543, 36.367991987832994], [139.49982615996043, 36.368114001263145]]}}, {"type": "Feature", "properties": {"id": "北関東道-下り-5-8", "route": "北関東道", "direction": "下り", "from": "足利ＩＣ", "to": null, "grade": 1.5, "elevation_start": 79.8, "elevation_end": 83.5, "quality": "estimated", "structure": "normal", "chain_rank": 5, "cum_dist_start": 2000.0, "cum_dist_end": 2250.0, "anomaly": false}, "geometry": {"type": "LineString", "coordinates": [[139.49982615996043, 36.368114001263145], [139.50006111886984, 36.368235031880445], [139.5002979676115, 36.368353634534095], [139.50053481635314, 36.36847223718775], [139.50077203107492, 36.368590361125236], [139.501009499105, 36.36870814931159], [139.50124829817628, 36.36882416771074], [139.5014873638639, 36.36893982220717], [139.5017281209244, 36.369053158880895], [139.50197100119323, 36.36916349862801], [139.502213881462, 36.36927383837513]]}}, {"type": "Feature", "properties": {"id": "北関東道-下り-5-9", "route": "北関東道", "direction": "下り", "from": "足利ＩＣ", "to": null, "grade": 1.87, "elevation_start": 83.5, "elevation_end": 88.2, "quality": "estimated", "structure": "tunnel", "chain_rank": 5, "cum_dist_start": 2250.0, "cum_dist_end": 2500.0, "anomaly": false}, "geometry": {"type": "LineString", "coordinates": [[139.502213881462, 36.36927383837513], [139.50245829430028, 36.36938194279797], [139.50270274210956, 36.3694899962139], [139.50294718991887, 36.369598049629836], [139.5031937329863, 36.369702819513634], [139.50344428271504, 36.36980131045684], [139.50369483244378, 36.36989980140005], [139.50394538217253, 36.36999829234326], [139.50419690272955, 36.37009510716539], [139.5044508816736, 36.37018767761762], [139.5047048606176, 36.370280248069854]]}}, {"type": "Feature", "properties": {"id": "北関東道-下り-5-10", "route": "北関東道", "direction": "下り", "from": "足利ＩＣ", "to": null, "grade": 1.87, "elevation_start": 88.2, "elevation_end": 92.9, "quality": "estimated", "structure": "tunnel", "chain_rank": 5, "cum_dist_start": 2500.0, "cum_dist_end": 2750.0, "anomaly": false}, "geometry": {"type": "LineString", "coordinates": [[139.5047048606176, 36.370280248069854], [139.50495883956162, 36.37037281852208], [139.5052157593332, 36.37045984097875], [139.50547380821158, 36.37054473332762], [139.50573185708996, 36.37062962567649], [139.50598990596833, 36.370714518025366], [139.50624928833344, 36.37079670363006], [139.5065088750768, 36.37087847438265], [139.5067684618202, 36.370960245135244], [139.5070280485636, 36.37104201588783], [139.5072897753406, 36.37111906812916]]}}, {"type": "Feature", "properties": {"id": "北関東道-下り-5-11", "route": "北関東道", "direction": "下り", "from": "足利ＩＣ", "to": null, "grade": 1.87, "elevation_start": 92.9, "elevation_end": 97.5, "quality": "estimated", "structure": "tunnel", "chain_rank": 5, "cum_dist_start": 2750.0, "cum_dist_end": 3000.0, "anomaly": false}, "geometry": {"type": "LineString", "coordinates": [[139.5072897753406, 36.37111906812916], [139.5075531923538, 36.3711923936073], [139.507816609367, 36.37126571908544], [139.508081338936, 36.371335847079244], [139.50834670244794, 36.37140443074046], [139.50861206595988, 36.37147301440168], [139.50887904868756, 36.37153725028362], [139.50914712090656, 36.37159856075679], [139.50941519312556, 36.37165987122995], [139.50968395166564, 36.3717191091034], [139.50995404867874, 36.3717743049637]]}}, {"type": "Feature", "properties": {"id": "北関東道-下り-5-12", "route": "北関東道", "direction": "下り", "from": "足利ＩＣ", "to": null, "grade": 1.87, "elevation_start": 97.5, "elevation_end": 102.2, "quality": "estimated", "structure": "tunnel", "chain_rank": 5, "cum_dist_start": 3000.0, "cum_dist_end": 3250.0, "anomaly": false}, "geometry": {"type": "LineString", "coordinates": [[139.50995404867874, 36.3717743049637], [139.51022414569184, 36.371829500824], [139.51049424270494, 36.3718846966843], [139.51076443321426, 36.37193956669188], [139.51103699641394, 36.37198616740876], [139.5113095596136, 36.372032768125635], [139.51158212281328, 36.37207936884251], [139.51185468601295, 36.37212596955939], [139.51212724921263, 36.37217257027626], [139.5124014116885, 36.37221253364361], [139.51267567755497, 36.372252067917074]]}}, {"type": "Feature", "properties": {"id": "北関東道-下り-5-13", "route": "北関東道", "direction": "下り", "from": "足利ＩＣ", "to": null, "grade": 1.87, "elevation_start": 102.2, "elevation_end": 106.9, "quality": "estimated", "structure": "tunnel", "chain_rank": 5, "cum_dist_start": 3250.0, "cum_dist_end": 3500.0, "anomaly": false}, "geometry": {"type": "LineString", "coordinates": [[139.51267567755497, 36.372252067917074], [139.51294994342143, 36.372291602190536], [139.5132242092879, 36.372331136464], [139.51349952377538, 36.3723655691835], [139.51377486167905, 36.37239988798288], [139.5140504547083, 36.37243281795123], [139.51432652889432, 36.37246299480072], [139.51460283572513, 36.37249174417449], [139.5148797690839, 36.37251627423139], [139.51515670244268, 36.37254080428829], [139.5154338905064, 36.37256319222071]]}}, {"type": "Feature", "properties": {"id": "北関東道-下り-5-14", "route": "北関東道", "direction": "下り", "from": "足利ＩＣ", "to": null, "grade": -0.99, "elevation_start": 106.9, "elevation_end": 104.4, "quality": "estimated", "structure": "normal", "chain_rank": 5, "cum_dist_start": 3500.0, "cum_dist_end": 3750.0, "anomaly": false}, "geometry": {"type": "LineString", "coordinates": [[139.5154338905064, 36.37256319222071], [139.51571153109654, 36.37258177430589], [139.5159891716867, 36.372600356391075], [139.5162669374346, 36.37261766763029], [139.51654471950334, 36.37263481314874], [139.51682250157205, 36.37265195866719], [139.5171000349087, 36.37267148203846], [139.51737742943035, 36.372692332467096], [139.5176545191299, 36.372715637290426], [139.51793149778328, 36.37273983624556], [139.51820847643666, 36.372764035200696]]}}, {"type": "Feature", "properties": {"id": "北関東道-下り-5-15", "route": "北関東道", "direction": "下り", "from": "足利ＩＣ", "to": null, "grade": -1.53, "elevation_start": 104.4, "elevation_end": 100.6, "quality": "estimated", "structure": "bridge", "chain_rank": 5, "cum_dist_start": 3750.0, "cum_dist_end": 4000.0, "anomaly": false}, "geometry": {"type": "LineString", "coordinates": [[139.51820847643666, 36.372764035200696], [139.51848505473856, 36.37279095657624], [139.51876132281717, 36.372819987493834], [139.51903759089575, 36.372849018411436], [139.51931360867454, 36.37287951412448], [139.51958925298902, 36.3729121954116], [139.5198648973035, 36.37294487669873], [139.520140541618, 36.37297755798586], [139.5204161972517, 36.37301016710748], [139.52069197438698, 36.3730421095477], [139.52096775152228, 36.37307405198791]]}}, {"type": "Feature", "properties": {"id": "北関東道-下り-5-16", "route": "北関東道", "direction": "下り", "from": "足利ＩＣ", "to": null, "grade": -0.62, "elevation_start": 100.6, "elevation_end": 99.1, "quality": "estimated", "structure": "bridge", "chain_rank": 5, "cum_dist_start": 4000.0, "cum_dist_end": 4250.0, "anomaly": false}, "geometry": {"type": "LineString", "coordinates": [[139.52096775152228, 36.37307405198791], [139.5212435041752, 36.37310613345575], [139.52151922845098, 36.373138376068525], [139.52179495272674, 36.37317061868129], [139.5220706770025, 36.37320286129407], [139.52234640127827, 36.37323510390684], [139.52262212555402, 36.37326734651962], [139.52289784982977, 36.373299589132394], [139.5231735853896, 36.37333177189024], [139.52344932461813, 36.37336393518773], [139.52372506384668, 36.37339609848523]]}}, {"type": "Feature", "properties": {"id": "北関東道-下り-5-17", "route": "北関東道", "direction": "下り", "from": "足利ＩＣ", "to": null, "grade": -2.08, "elevation_start": 99.1, "elevation_end": 93.9, "quality": "measured", "structure": "normal", "chain_rank": 5, "cum_dist_start": 4250.0, "cum_dist_end": 4500.0, "anomaly": false}, "geometry": {"type": "LineString", "coordinates": [[139.52372506384668, 36.37339609848523], [139.5240008030752, 36.37342826178273], [139.52427654230374, 36.37346042508022], [139.5245522815323, 36.373492588377715], [139.52482802076082, 36.373524751675205], [139.5251037530067, 36.37355695676577], [139.52537948036183, 36.3735891911288], [139.52565520771697, 36.373621425491834], [139.52593093507207, 36.37365365985487], [139.5262066624272, 36.37368589421791], [139.52648238978233, 36.37371812858094]]}}, {"type": "Feature", "properties": {"id": "北関東道-下り-5-18", "route": "北関東道", "direction": "下り", "from": "足利ＩＣ", "to": null, "grade": -1.18, "elevation_start": 93.9, "elevation_end": 90.9, "quality": "estimated", "structure": "normal", "chain_rank": 5, "cum_dist_start": 4500.0, "cum_dist_end": 4750.0, "anomaly": false}, "geometry": {"type": "LineString", "coordinates": [[139.52648238978233, 36.37371812858094], [139.52675811713746, 36.37375036294397], [139.5270339346497, 36.37378208317397], [139.5273098964232, 36.3738129807345], [139.52758578547096, 36.373844299928464], [139.527861647722, 36.37387577447873], [139.52813804830626, 36.373903914660445], [139.5284146586598, 36.37393075555729], [139.52869146773932, 36.373956206476585], [139.52896835888123, 36.37398108341511], [139.52924584865303, 36.374000935192974]]}}, {"type": "Feature", "properties": {"id": "北関東道-下り-5-19", "route": "北関東道", "direction": "下り", "from": "足利ＩＣ", "to": null, "grade": -0.82, "elevation_start": 90.9, "elevation_end": 88.8, "quality": "estimated", "structure": "bridge", "chain_rank": 5, "cum_dist_start": 4750.0, "cum_dist_end": 5000.0, "anomaly": false}, "geometry": {"type": "LineString", "coordinates": [[139.52924584865303, 36.374000935192974], [139.52952353738138, 36.37401906962748], [139.52980160550737, 36.37403291853576], [139.53007986977426, 36.37404327663866], [139.53035834530326, 36.37404987481589], [139.53063689307237, 36.3740531795518], [139.53091548282464, 36.374054570265486], [139.53119402016333, 36.37405155587507], [139.5314725252535, 36.37404583115695], [139.53175070489493, 36.37403451331868], [139.53202864430492, 36.374019066893716]]}}, {"type": "Feature", "properties": {"id": "北関東道-下り-5-20", "route": "北関東道", "direction": "下り", "from": "足利ＩＣ", "to": null, "grade": -0.07, "elevation_start": 88.8, "elevation_end": 88.7, "quality": "estimated", "structure": "normal", "chain_rank": 5, "cum_dist_start": 5000.0, "cum_dist_end": 5250.0, "anomaly": false}, "geometry": {"type": "LineString", "coordinates": [[139.53202864430492, 36.374019066893716], [139.5323062698232, 36.37400054684754], [139.5325835778789, 36.37397891821459], [139.53286024331243, 36.37395268524618], [139.53313653761063, 36.373923793123595], [139.5334119255938, 36.373889828265604], [139.5336868227215, 36.37385326731661], [139.53396141550363, 36.37381521982083], [139.53423458324298, 36.37377107073232], [139.53450723867928, 36.373724830369106], [139.5347788933992, 36.37367486060348]]}}, {"type": "Feature", "properties": {"id": "北関東道-下り-5-21", "route": "北関東道", "direction": "下り", "from": "足利ＩＣ", "to": null, "grade": -0.48, "elevation_start": 88.7, "elevation_end": 87.5, "quality": "measured", "structure": "normal", "chain_rank": 5, "cum_dist_start": 5250.0, "cum_dist_end": 5500.0, "anomaly": false}, "geometry": {"type": "LineString", "coordinates": [[139.5347788933992, 36.37367486060348], [139.53505035708994, 36.37362424307912], [139.53532066908045, 36.37356972026616], [139.53559098107092, 36.373515197453195], [139.53586017930286, 36.373457238198355], [139.53612881958935, 36.37339755743295], [139.53639683718217, 36.37333608498025], [139.53666397632404, 36.37327219494216], [139.53692998232768, 36.37320524258362], [139.53719520184407, 36.37313630302174], [139.53745877018457, 36.37306340784364]]}}, {"type": "Feature", "properties": {"id": "北関東道-下り-6-0", "route": "北関東道", "direction": "下り", "from": null, "to": null, "grade": 0.04, "elevation_start": 62.6, "elevation_end": 62.7, "quality": "estimated", "structure": "bridge", "chain_rank": 6, "cum_dist_start": 0.0, "cum_dist_end": 250.0, "anomaly": false}, "geometry": {"type": "LineString", "coordinates": [[139.9802382, 36.4237275], [139.98002900464226, 36.42387641085431], [139.97982029192966, 36.424025760584435], [139.97961283167885, 36.42417624919529], [139.97940546927012, 36.42432682417845], [139.97920174818617, 36.42448061362417], [139.97899802710222, 36.42463440306989], [139.97880213319263, 36.42479469037793], [139.97860645350474, 36.42495515552577], [139.97841077381685, 36.425115620673616], [139.97822341526148, 36.42528241775307]]}}, {"type": "Feature", "properties": {"id": "北関東道-下り-6-1", "route": "北関東道", "direction": "下り", "from": null, "to": null, "grade": 1.71, "elevation_start": 62.7, "elevation_end": 66.9, "quality": "measured", "structure": "normal", "chain_rank": 6, "cum_dist_start": 250.0, "cum_dist_end": 500.0, "anomaly": false}, "geometry": {"type": "LineString", "coordinates": [[139.97822341526148, 36.42528241775307], [139.97803700263228, 36.42544993463113], [139.97785059000304, 36.4256174515092], [139.97766577792765, 36.42578612024622], [139.9774825553814, 36.425955885371785], [139.97730950686395, 36.42613251967244], [139.97713645834648, 36.4263091539731], [139.97696475621666, 36.426486622507646], [139.97679862337756, 36.42666754182478], [139.9766324905385, 36.42684846114191], [139.97646819946567, 36.427030472877924]]}}, {"type": "Feature", "properties": {"id": "北関東道-下り-6-2", "route": "北関東道", "direction": "下り", "from": null, "to": null, "grade": -0.61, "elevation_start": 66.9, "elevation_end": 65.4, "quality": "estimated", "structure": "normal", "chain_rank": 6, "cum_dist_start": 500.0, "cum_dist_end": 750.0, "anomaly": false}, "geometry": {"type": "LineString", "coordinates": [[139.97646819946567, 36.427030472877924], [139.97630451166606, 36.42721284243729], [139.97614117538393, 36.42739541210541], [139.97598382719252, 36.427581390620205], [139.9758264790011, 36.427767369135], [139.9756694921567, 36.42795354415335], [139.97551561739917, 36.42814141155078], [139.97536174264164, 36.42832927894821], [139.97521373168544, 36.428520168938356], [139.97506782543576, 36.42871214383406], [139.9749219191861, 36.42890411872977]]}}, {"type": "Feature", "properties": {"id": "北関東道-下り-6-3", "route": "北関東道", "direction": "下り", "from": null, "to": null, "grade": 0.37, "elevation_start": 65.4, "elevation_end": 66.3, "quality": "estimated", "structure": "bridge", "chain_rank": 6, "cum_dist_start": 750.0, "cum_dist_end": 1000.0, "anomaly": false}, "geometry": {"type": "LineString", "coordinates": [[139.9749219191861, 36.42890411872977], [139.97477601293642, 36.429096093625475], [139.97463124906687, 36.429288632892685], [139.97448650521727, 36.429481182050395], [139.9743434908916, 36.4296745732991], [139.9742005684946, 36.42986800930713], [139.97405709532012, 36.430061178196915], [139.9739129304039, 36.43025401160309], [139.97376876548773, 36.43044684500927], [139.97363001053918, 36.43064221278367], [139.97349459907457, 36.43083914685569]]}}, {"type": "Feature", "properties": {"id": "北関東道-下り-6-4", "route": "北関東道", "direction": "下り", "from": null, "to": null, "grade": -0.26, "elevation_start": 66.3, "elevation_end": 65.7, "quality": "estimated", "structure": "normal", "chain_rank": 6, "cum_dist_start": 1000.0, "cum_dist_end": 1250.0, "anomaly": false}, "geometry": {"type": "LineString", "coordinates": [[139.97349459907457, 36.43083914685569], [139.97335918760996, 36.431036080927704], [139.97322377614532, 36.43123301499973], [139.9730883646807, 36.43142994907174], [139.9729598129986, 36.431629831479164], [139.97283345094755, 36.43183065499029], [139.9727074001411, 36.43203160647974], [139.97258139592017, 36.43223257712435], [139.97245539169924, 36.43243354776896], [139.97232938747834, 36.43263451841357], [139.97220552657157, 36.432836355818466]]}}, {"type": "Feature", "properties": {"id": "北関東道-下り-6-5", "route": "北関東道", "direction": "下り", "from": null, "to": null, "grade": -0.55, "elevation_start": 65.7, "elevation_end": 64.3, "quality": "measured", "structure": "normal", "chain_rank": 6, "cum_dist_start": 1250.0, "cum_dist_end": 1500.0, "anomaly": false}, "geometry": {"type": "LineString", "coordinates": [[139.97220552657157, 36.432836355818466], [139.97208205778895, 36.43303835179911], [139.9719600820686, 36.4332409359256], [139.9718392577265, 36.433443973602074], [139.97172174054714, 36.43364827038608], [139.97160494158422, 36.43385284061042], [139.97148814262127, 36.434057410834754], [139.9713732921654, 36.43426269596561], [139.97125961265172, 36.43446841071471], [139.97114593313802, 36.434674125463815], [139.97103474793417, 36.43488071344898]]}}, {"type": "Feature", "properties": {"id": "北関東道-下り-6-6", "route": "北関東道", "direction": "下り", "from": null, "to": null, "grade": 0.31, "elevation_start": 64.3, "elevation_end": 65.1, "quality": "estimated", "structure": "normal", "chain_rank": 6, "cum_dist_start": 1500.0, "cum_dist_end": 1750.0, "anomaly": false}, "geometry": {"type": "LineString", "coordinates": [[139.97103474793417, 36.43488071344898], [139.97092677985304, 36.43508842772072], [139.97082455718768, 36.435298022456415], [139.97072321023202, 36.43550790381028], [139.9706259077391, 36.43571898385018], [139.97053528068682, 36.43593204233764], [139.97044677142233, 36.43614567144413], [139.97036102230135, 36.43636004424665], [139.97027997365925, 36.436575587388866], [139.97020153607806, 36.43679178064105], [139.9701321703223, 36.437009946309054]]}}, {"type": "Feature", "properties": {"id": "北関東道-下り-6-7", "route": "北関東道", "direction": "下り", "from": null, "to": null, "grade": 0.34, "elevation_start": 65.1, "elevation_end": 65.9, "quality": "estimated", "structure": "bridge", "chain_rank": 6, "cum_dist_start": 1750.0, "cum_dist_end": 2000.0, "anomaly": false}, "geometry": {"type": "LineString", "coordinates": [[139.9701321703223, 36.437009946309054], [139.97006575223395, 36.437228752865245], [139.97000361477868, 36.43744836908867], [139.9699433725143, 36.43766833319506], [139.96989286713568, 36.43788989828112], [139.9698423617571, 36.438111463367186], [139.96979856485225, 36.43833393001222], [139.96975963311397, 36.43855701211913], [139.9697217565803, 36.438780214420376], [139.96969067534252, 36.43900410220191], [139.96966399544266, 36.43922834543976]]}}, {"type": "Feature", "properties": {"id": "北関東道-下り-6-8", "route": "北関東道", "direction": "下り", "from": null, "to": null, "grade": 1.27, "elevation_start": 65.9, "elevation_end": 69.1, "quality": "estimated", "structure": "normal", "chain_rank": 6, "cum_dist_start": 2000.0, "cum_dist_end": 2250.0, "anomaly": false}, "geometry": {"type": "LineString", "coordinates": [[139.96966399544266, 36.43922834543976], [139.96963967873555, 36.439452778213685], [139.9696234272566, 36.43967768707364], [139.9696071757777, 36.43990259593359], [139.96959634802104, 36.44012771510943], [139.96958586671968, 36.44035284771978], [139.96957903236742, 36.44057806846066], [139.9695728389591, 36.4408033046903], [139.96956664555074, 36.44102854091994], [139.9695605145204, 36.44125377803235], [139.96955693397922, 36.44147905123895]]}}, {"type": "Feature", "properties": {"id": "北関東道-下り-6-9", "route": "北関東道", "direction": "下り", "from": null, "to": null, "grade": 4.64, "elevation_start": 69.1, "elevation_end": 80.7, "quality": "measured", "structure": "normal", "chain_rank": 6, "cum_dist_start": 2250.0, "cum_dist_end": 2500.0, "anomaly": false}, "geometry": {"type": "LineString", "coordinates": [[139.96955693397922, 36.44147905123895], [139.96955335343807, 36.44170432444556], [139.96954977289693, 36.44192959765217], [139.9695426515978, 36.44215480815209], [139.96953401538346, 36.442379991822925], [139.9695253791691, 36.44260517549376], [139.96951247178555, 36.44283020697495], [139.96949654144365, 36.443055130742565], [139.96947192107712, 36.443279492847495], [139.96944339301518, 36.44350360238621], [139.96941486495325, 36.443727711924915]]}}, {"type": "Feature", "properties": {"id": "北関東道-下り-6-10", "route": "北関東道", "direction": "下り", "from": null, "to": null, "grade": 0.64, "elevation_start": 80.7, "elevation_end": 82.3, "quality": "measured", "structure": "normal", "chain_rank": 6, "cum_dist_start": 2500.0, "cum_dist_end": 2750.0, "anomaly": false}, "geometry": {"type": "LineString", "coordinates": [[139.96941486495325, 36.443727711924915], [139.9693784759597, 36.44395105381734], [139.96934009611752, 36.444174201296725], [139.96929316210503, 36.44439627432686], [139.969245148467, 36.4446182001096], [139.9691944368335, 36.44483970604934], [139.96913318949422, 36.44505949610885], [139.96907282798884, 36.44527944554347], [139.96900171697962, 36.44549719908683], [139.9689255805283, 36.445713930445294], [139.96884909294837, 36.44593058107037]]}}, {"type": "Feature", "properties": {"id": "北関東道-下り-6-11", "route": "北関東道", "direction": "下り", "from": null, "to": null, "grade": 0.32, "elevation_start": 82.3, "elevation_end": 83.1, "quality": "measured", "structure": "normal", "chain_rank": 6, "cum_dist_start": 2750.0, "cum_dist_end": 3000.0, "anomaly": false}, "geometry": {"type": "LineString", "coordinates": [[139.96884909294837, 36.44593058107037], [139.96877247442623, 36.446147201588495], [139.96868752430228, 36.44636175450607], [139.9686004141292, 36.446575771378015], [139.9685042047092, 36.44678722715633], [139.96840785591698, 36.446998643706635], [139.96830602578171, 36.447208318108395], [139.96819824404065, 36.44741610089684], [139.96808774132774, 36.44762294746987], [139.96797353472468, 36.44782845708274], [139.9678561216449, 36.44803280512074]]}}, {"type": "Feature", "properties": {"id": "北関東道-下り-6-12", "route": "北関東道", "direction": "下り", "from": null, "to": null, "grade": 0.26, "elevation_start": 83.1, "elevation_end": 83.7, "quality": "measured", "structure": "normal", "chain_rank": 6, "cum_dist_start": 3000.0, "cum_dist_end": 3250.0, "anomaly": false}, "geometry": {"type": "LineString", "coordinates": [[139.9678561216449, 36.44803280512074], [139.967730257416, 36.44823376544431], [139.96759985498147, 36.448432906589865], [139.96746945254694, 36.44863204773542], [139.9673301734569, 36.44882720008251], [139.96718952278295, 36.44902173609705], [139.96704240850116, 36.449213094608865], [139.96689316736217, 36.44940340755995], [139.96674340603352, 36.449593440139395], [139.96658319003646, 36.44977783786543], [139.9664229740394, 36.44996223559147]]}}, {"type": "Feature", "properties": {"id": "北関東道-下り-6-13", "route": "北関東道", "direction": "下り", "from": null, "to": null, "grade": 0.34, "elevation_start": 83.7, "elevation_end": 84.6, "quality": "measured", "structure": "normal", "chain_rank": 6, "cum_dist_start": 3250.0, "cum_dist_end": 3500.0, "anomaly": false}, "geometry": {"type": "LineString", "coordinates": [[139.9664229740394, 36.44996223559147], [139.96625895333113, 36.45014443632797], [139.96609482080922, 36.45032657249886], [139.96592389159758, 36.450504533369966], [139.96575048684605, 36.45068097348294], [139.9655753471312, 36.45085624296895], [139.96539131832813, 36.451025514745346], [139.96520728952507, 36.45119478652174], [139.96502172911713, 36.45136295915148], [139.96483526501794, 36.451530483252874], [139.96464880091878, 36.451698007354274]]}}, {"type": "Feature", "properties": {"id": "北関東道-下り-6-14", "route": "北関東道", "direction": "下り", "from": null, "to": null, "grade": -0.32, "elevation_start": 84.6, "elevation_end": 83.8, "quality": "estimated", "structure": "normal", "chain_rank": 6, "cum_dist_start": 3500.0, "cum_dist_end": 3750.0, "anomaly": false}, "geometry": {"type": "LineString", "coordinates": [[139.96464880091878, 36.451698007354274], [139.96445772556635, 36.451862090844514], [139.96426574487768, 36.45202549883294], [139.96407376418904, 36.45218890682136], [139.96388178350037, 36.45235231480979], [139.9636898028117, 36.45251572279821], [139.96349598169155, 36.45267770125353], [139.9633012401561, 36.452838964787325], [139.9631064986207, 36.45300022832113], [139.9629117570853, 36.45316149185493], [139.96271701554986, 36.45332275538873]]}}, {"type": "Feature", "properties": {"id": "北関東道-下り-6-15", "route": "北関東道", "direction": "下り", "from": null, "to": null, "grade": -0.79, "elevation_start": 83.8, "elevation_end": 81.8, "quality": "estimated", "structure": "bridge", "chain_rank": 6, "cum_dist_start": 3750.0, "cum_dist_end": 4000.0, "anomaly": false}, "geometry": {"type": "LineString", "coordinates": [[139.96271701554986, 36.45332275538873], [139.96252227401445, 36.45348401892253], [139.9623301686153, 36.45364732191147], [139.96213923352062, 36.45381153031013], [139.9619458293226, 36.453973839319666], [139.96175179064926, 36.45413566025101], [139.96155775197593, 36.45429748118235], [139.96136371330257, 36.4544593021137], [139.96116967462925, 36.454621123045044], [139.96097563595592, 36.45478294397639], [139.9607815972826, 36.45494476490773]]}}, {"type": "Feature", "properties": {"id": "北関東道-下り-6-16", "route": "北関東道", "direction": "下り", "from": null, "to": null, "grade": -1.24, "elevation_start": 81.8, "elevation_end": 78.7, "quality": "measured", "structure": "normal", "chain_rank": 6, "cum_dist_start": 4000.0, "cum_dist_end": 4250.0, "anomaly": false}, "geometry": {"type": "LineString", "coordinates": [[139.9607815972826, 36.45494476490773], [139.96058755860926, 36.455106585839076], [139.96039351993593, 36.45526840677042], [139.9601994812626, 36.45543022770177], [139.96000544258925, 36.455592048633115], [139.95981140391592, 36.455753869564454], [139.9596173652426, 36.4559156904958], [139.95942332656927, 36.45607751142715], [139.95922928789594, 36.45623933235849], [139.9590352492226, 36.45640115328983], [139.95884121054928, 36.45656297422118]]}}, {"type": "Feature", "properties": {"id": "北関東道-下り-6-17", "route": "北関東道", "direction": "下り", "from": null, "to": null, "grade": -0.03, "elevation_start": 78.7, "elevation_end": 78.6, "quality": "measured", "structure": "normal", "chain_rank": 6, "cum_dist_start": 4250.0, "cum_dist_end": 4500.0, "anomaly": false}, "geometry": {"type": "LineString", "coordinates": [[139.95884121054928, 36.45656297422118], [139.95864717187592, 36.456724795152525], [139.9584531332026, 36.45688661608387], [139.95825909452927, 36.45704843701521], [139.95806505585594, 36.45721025794656], [139.9578710171826, 36.4573720788779], [139.95767697850928, 36.45753389980925], [139.95748293983596, 36.45769572074059], [139.9572889011626, 36.457857541671935], [139.9570951851296, 36.45801961914008], [139.95690154818683, 36.458181759494266]]}}, {"type": "Feature", "properties": {"id": "北関東道-下り-6-18", "route": "北関東道", "direction": "下り", "from": null, "to": null, "grade": 0.38, "elevation_start": 78.6, "elevation_end": 79.6, "quality": "measured", "structure": "normal", "chain_rank": 6, "cum_dist_start": 4500.0, "cum_dist_end": 4750.0, "anomaly": false}, "geometry": {"type": "LineString", "coordinates": [[139.95690154818683, 36.458181759494266], [139.9567079112441, 36.45834389984845], [139.95651427430138, 36.458506040202636], [139.95632063735866, 36.45866818055682], [139.9561270004159, 36.458830320911], [139.95593336347318, 36.45899246126518], [139.95573972653045, 36.45915460161937], [139.9555460895877, 36.45931674197355], [139.95535245264497, 36.45947888232774], [139.95515881570225, 36.45964102268192], [139.9549651787595, 36.459803163036106]]}}, {"type": "Feature", "properties": {"id": "北関東道-下り-6-19", "route": "北関東道", "direction": "下り", "from": null, "to": null, "grade": -3.84, "elevation_start": 79.6, "elevation_end": 70.0, "quality": "measured", "structure": "normal", "chain_rank": 6, "cum_dist_start": 4750.0, "cum_dist_end": 5000.0, "anomaly": false}, "geometry": {"type": "LineString", "coordinates": [[139.9549651787595, 36.459803163036106], [139.95477142283517, 36.45996521828611], [139.95457766078673, 36.46012726915574], [139.9543838987383, 36.46028932002537], [139.9541901366899, 36.460451370894994], [139.95399637464146, 36.46061342176462], [139.95380261259305, 36.46077547263425], [139.95360885054464, 36.46093752350388], [139.95341508849623, 36.461099574373506], [139.9532213264478, 36.46126162524313], [139.95302756439938, 36.461423676112766]]}}, {"type": "Feature", "properties": {"id": "北関東道-下り-6-20", "route": "北関東道", "direction": "下り", "from": null, "to": null, "grade": 0.59, "elevation_start": 70.0, "elevation_end": 71.5, "quality": "measured", "structure": "normal", "chain_rank": 6, "cum_dist_start": 5000.0, "cum_dist_end": 5250.0, "anomaly": false}, "geometry": {"type": "LineString", "coordinates": [[139.95302756439938, 36.461423676112766], [139.95283380235097, 36.46158572698239], [139.95264004030253, 36.46174777785202], [139.95244627825411, 36.461909828721645], [139.9522525162057, 36.46207187959128], [139.95205875415726, 36.462233930460904], [139.95186499210885, 36.46239598133053], [139.95167123006044, 36.46255803220016], [139.951477468012, 36.46272008306979], [139.9512837059636, 36.46288213393942], [139.95108994391518, 36.46304418480904]]}}, {"type": "Feature", "properties": {"id": "北関東道-下り-6-21", "route": "北関東道", "direction": "下り", "from": null, "to": null, "grade": 0.69, "elevation_start": 71.5, "elevation_end": 73.2, "quality": "measured", "structure": "normal", "chain_rank": 6, "cum_dist_start": 5250.0, "cum_dist_end": 5500.0, "anomaly": false}, "geometry": {"type": "LineString", "coordinates": [[139.95108994391518, 36.46304418480904], [139.95089618186674, 36.46320623567867], [139.95070241981833, 36.4633682865483], [139.95050865776992, 36.46353033741793], [139.95031489572148, 36.463692388287555], [139.95012113367306, 36.46385443915719], [139.94992737162465, 36.464016490026815], [139.94973360957624, 36.46417854089644], [139.9495398475278, 36.46434059176607], [139.9493460854794, 36.4645026426357], [139.94915232343098, 36.46466469350533]]}}, {"type": "Feature", "properties": {"id": "北関東道-下り-6-22", "route": "北関東道", "direction": "下り", "from": null, "to": null, "grade": 0.09, "elevation_start": 73.2, "elevation_end": 73.4, "quality": "estimated", "structure": "normal", "chain_rank": 6, "cum_dist_start": 5500.0, "cum_dist_end": 5750.0, "anomaly": false}, "geometry": {"type": "LineString", "coordinates": [[139.94915232343098, 36.46466469350533], [139.94895856138254, 36.46482674437495], [139.94876479933413, 36.46498879524458], [139.94857103728572, 36.46515084611421], [139.94837727523728, 36.46531289698384], [139.94818351318887, 36.465474947853465], [139.94798975114045, 36.46563699872309], [139.94779598909201, 36.465799049592725], [139.9476022270436, 36.46596110046235], [139.9474084649952, 36.46612315133198], [139.94721470294675, 36.466285202201604]]}}, {"type": "Feature", "properties": {"id": "北関東道-下り-6-23", "route": "北関東道", "direction": "下り", "from": null, "to": null, "grade": 0.48, "elevation_start": 73.4, "elevation_end": 74.6, "quality": "estimated", "structure": "bridge", "chain_rank": 6, "cum_dist_start": 5750.0, "cum_dist_end": 6000.0, "anomaly": false}, "geometry": {"type": "LineString", "coordinates": [[139.94721470294675, 36.466285202201604], [139.94702039038285, 36.466446828040404], [139.94682592172575, 36.466608333365954], [139.94663145306862, 36.466769838691505], [139.94643698441152, 36.466931344017055], [139.94624251575442, 36.467092849342606], [139.94604804709732, 36.46725435466816], [139.94585357844022, 36.46741585999371], [139.9456591097831, 36.46757736531926], [139.94546404849206, 36.46773839266424], [139.94526428320404, 36.46789562606658]]}}, {"type": "Feature", "properties": {"id": "北関東道-下り-6-24", "route": "北関東道", "direction": "下り", "from": null, "to": null, "grade": 0.48, "elevation_start": 74.6, "elevation_end": 75.8, "quality": "estimated", "structure": "bridge", "chain_rank": 6, "cum_dist_start": 6000.0, "cum_dist_end": 6250.0, "anomaly": false}, "geometry": {"type": "LineString", "coordinates": [[139.94526428320404, 36.46789562606658], [139.945064517916, 36.46805285946891], [139.94486475262795, 36.46821009287125], [139.94466269223088, 36.4683654000505], [139.94446042311205, 36.4685205320552], [139.94425368350855, 36.468671721942606], [139.9440446128241, 36.46882085625989], [139.9438359953401, 36.468970401148134], [139.9436252985606, 36.469117993046986], [139.94341216064836, 36.46926332411206], [139.9431963170232, 36.469406010998505]]}}, {"type": "Feature", "properties": {"id": "北関東道-下り-6-25", "route": "北関東道", "direction": "下り", "from": null, "to": null, "grade": 0.39, "elevation_start": 75.8, "elevation_end": 76.8, "quality": "estimated", "structure": "bridge", "chain_rank": 6, "cum_dist_start": 6250.0, "cum_dist_end": 6500.0, "anomaly": false}, "geometry": {"type": "LineString", "coordinates": [[139.9431963170232, 36.469406010998505], [139.94297942894664, 36.46954767718685], [139.94276052376088, 36.469687297713584], [139.94254086145241, 36.469826144463454], [139.9423165303791, 36.46996003802582], [139.94209219930576, 36.47009393158819], [139.94186720682657, 36.47022709011437], [139.94164019422155, 36.47035800362635], [139.94141318161655, 36.47048891713833], [139.94118616901153, 36.470619830650314], [139.9409580488756, 36.47074946556463]]}}, {"type": "Feature", "properties": {"id": "北関東道-下り-7-0", "route": "北関東道", "direction": "下り", "from": null, "to": null, "grade": -0.82, "elevation_start": 80.0, "elevation_end": 77.9, "quality": "measured", "structure": "normal", "chain_rank": 7, "cum_dist_start": 0.0, "cum_dist_end": 250.0, "anomaly": false}, "geometry": {"type": "LineString", "coordinates": [[140.0332938, 36.3793647], [140.0330865001503, 36.37951522746726], [140.0328792003006, 36.379665754934514], [140.03267333464618, 36.37981755283306], [140.03246916437416, 36.37997085252627], [140.03226499410212, 36.38012415221948], [140.0320629156559, 36.3802792515403], [140.03186123024636, 36.380434688996175], [140.0316595448368, 36.380590126452056], [140.03145785942726, 36.38074556390793], [140.0312561740177, 36.38090100136381]]}}, {"type": "Feature", "properties": {"id": "北関東道-下り-7-1", "route": "北関東道", "direction": "下り", "from": null, "to": null, "grade": -3.37, "elevation_start": 77.9, "elevation_end": 69.5, "quality": "measured", "structure": "normal", "chain_rank": 7, "cum_dist_start": 250.0, "cum_dist_end": 500.0, "anomaly": false}, "geometry": {"type": "LineString", "coordinates": [[140.0312561740177, 36.38090100136381], [140.03105448860816, 36.381056438819684], [140.03085280319863, 36.38121187627556], [140.03065111778906, 36.38136731373144], [140.03044950099337, 36.38152280979957], [140.03024819714764, 36.38167857320011], [140.03004689330194, 36.381834336600654], [140.02984558945622, 36.3819901000012], [140.02964428561052, 36.38214586340174], [140.0294429817648, 36.38230162680228], [140.0292416779191, 36.38245739020282]]}}, {"type": "Feature", "properties": {"id": "北関東道-下り-7-2", "route": "北関東道", "direction": "下り", "from": null, "to": null, "grade": -6.43, "elevation_start": 69.5, "elevation_end": 53.4, "quality": "measured", "structure": "normal", "chain_rank": 7, "cum_dist_start": 500.0, "cum_dist_end": 750.0, "anomaly": false}, "geometry": {"type": "LineString", "coordinates": [[140.0292416779191, 36.38245739020282], [140.02904037407336, 36.382613153603366], [140.02883907022766, 36.38276891700391], [140.02863707067544, 36.38292409093197], [140.028434759531, 36.383079000847744], [140.02823244838652, 36.38323391076351], [140.02803013724204, 36.38338882067927], [140.02782682370577, 36.38354286768705], [140.02762266685423, 36.383696188727754], [140.0274185100027, 36.38384950976847], [140.02721435315118, 36.38400283080917]]}}, {"type": "Feature", "properties": {"id": "北関東道-下り-7-3", "route": "北関東道", "direction": "下り", "from": null, "to": null, "grade": -0.31, "elevation_start": 53.4, "elevation_end": 52.6, "quality": "estimated", "structure": "normal", "chain_rank": 7, "cum_dist_start": 750.0, "cum_dist_end": 1000.0, "anomaly": false}, "geometry": {"type": "LineString", "coordinates": [[140.02721435315118, 36.38400283080917], [140.02701019629964, 36.38415615184988], [140.0268060394481, 36.384309472890585], [140.02660188259657, 36.38446279393129], [140.02639772574506, 36.384616114972], [140.02619356889352, 36.384769436012704], [140.02598941204198, 36.38492275705341], [140.0257845908277, 36.38507549482932], [140.02557848925503, 36.38522710853861], [140.02537238768232, 36.385378722247886], [140.02516628610962, 36.38553033595717]]}}, {"type": "Feature", "properties": {"id": "北関東道-下り-7-4", "route": "北関東道", "direction": "下り", "from": null, "to": null, "grade": 0.08, "elevation_start": 52.6, "elevation_end": 52.8, "quality": "estimated", "structure": "bridge", "chain_rank": 7, "cum_dist_start": 1000.0, "cum_dist_end": 1250.0, "anomaly": false}, "geometry": {"type": "LineString", "coordinates": [[140.02516628610962, 36.38553033595717], [140.02496018453695, 36.385681949666456], [140.02475408296425, 36.38583356337574], [140.02454798139158, 36.385985177085026], [140.02434187981888, 36.38613679079431], [140.0241357702353, 36.38628839731418], [140.02392765947064, 36.386438207868984], [140.02371954870603, 36.386588018423794], [140.02350763867446, 36.386734288901955], [140.02329484834829, 36.38687973914024], [140.0230774728698, 36.38702068488944]]}}, {"type": "Feature", "properties": {"id": "北関東道-下り-7-5", "route": "北関東道", "direction": "下り", "from": null, "to": null, "grade": 0.2, "elevation_start": 52.8, "elevation_end": 53.3, "quality": "estimated", "structure": "normal", "chain_rank": 7, "cum_dist_start": 1250.0, "cum_dist_end": 1500.0, "anomaly": false}, "geometry": {"type": "LineString", "coordinates": [[140.0230774728698, 36.38702068488944], [140.02285997236336, 36.38716150781023], [140.02264247185693, 36.387302330731], [140.0224250597256, 36.387443243238906], [140.0222078231488, 36.387584333708844], [140.02199058657195, 36.38772542417879], [140.02177334999513, 36.38786651464873], [140.02155354210143, 36.38800492748427], [140.02133061071837, 36.388140087681975], [140.02110767933527, 36.38827524787968], [140.0208847479522, 36.3884104080774]]}}, {"type": "Feature", "properties": {"id": "北関東道-下り-7-6", "route": "北関東道", "direction": "下り", "from": null, "to": null, "grade": 0.45, "elevation_start": 53.3, "elevation_end": 54.5, "quality": "measured", "structure": "normal", "chain_rank": 7, "cum_dist_start": 1500.0, "cum_dist_end": 1750.0, "anomaly": false}, "geometry": {"type": "LineString", "coordinates": [[140.0208847479522, 36.3884104080774], [140.02066062165179, 36.38854425726421], [140.02043479426257, 36.388676240091065], [140.02020896687335, 36.38880822291792], [140.01998313948417, 36.388940205744774], [140.01975731209495, 36.38907218857163], [140.01953148470574, 36.38920417139849], [140.01930565731652, 36.38933615422534], [140.01907982992734, 36.3894681370522], [140.01885400253812, 36.389600119879056], [140.0186281751489, 36.38973210270591]]}}, {"type": "Feature", "properties": {"id": "北関東道-下り-7-7", "route": "北関東道", "direction": "下り", "from": null, "to": null, "grade": 0.13, "elevation_start": 54.5, "elevation_end": 54.8, "quality": "measured", "structure": "normal", "chain_rank": 7, "cum_dist_start": 1750.0, "cum_dist_end": 2000.0, "anomaly": false}, "geometry": {"type": "LineString", "coordinates": [[140.0186281751489, 36.38973210270591], [140.0184016622364, 36.38986331634401], [140.01817492448026, 36.389994277697184], [140.01794818672414, 36.39012523905036], [140.01772253009474, 36.390257397962046], [140.0174992040119, 36.390392138408174], [140.01727587792908, 36.39052687885431], [140.01705255184626, 36.39066161930044], [140.0168359595634, 36.390803283810115], [140.01662135265622, 36.39094698979232], [140.01640674574907, 36.391090695774515]]}}, {"type": "Feature", "properties": {"id": "北関東道-下り-7-8", "route": "北関東道", "direction": "下り", "from": null, "to": null, "grade": 0.19, "elevation_start": 54.8, "elevation_end": 55.3, "quality": "measured", "structure": "normal", "chain_rank": 7, "cum_dist_start": 2000.0, "cum_dist_end": 2250.0, "anomaly": false}, "geometry": {"type": "LineString", "coordinates": [[140.01640674574907, 36.391090695774515], [140.01619265375373, 36.39123489743706], [140.01598060710322, 36.391381068052524], [140.0157685604527, 36.39152723866799], [140.01555651380215, 36.391673409283456], [140.0153483828547, 36.39182308852235], [140.01514684211077, 36.39197867284188], [140.01494530136682, 36.392134257161416], [140.01474376062285, 36.392289841480945], [140.01455060084177, 36.39245218379476], [140.01435872427177, 36.39261556082657]]}}, {"type": "Feature", "properties": {"id": "北関東道-下り-7-9", "route": "北関東道", "direction": "下り", "from": null, "to": null, "grade": 0.25, "elevation_start": 55.3, "elevation_end": 55.9, "quality": "measured", "structure": "normal", "chain_rank": 7, "cum_dist_start": 2250.0, "cum_dist_end": 2500.0, "anomaly": false}, "geometry": {"type": "LineString", "coordinates": [[140.01435872427177, 36.39261556082657], [140.01416684770177, 36.39277893785838], [140.01397959538664, 36.392945731474754], [140.01379560378146, 36.393114934234106], [140.01361161217628, 36.393284136993465], [140.01343185582425, 36.39345623962797], [140.0132557530177, 36.393630843842786], [140.01307965021113, 36.39380544805759], [140.01290962385613, 36.3939839188799], [140.0127411074408, 36.39416335051692], [140.01257451822212, 36.39434393429418]]}}, {"type": "Feature", "properties": {"id": "北関東道-下り-7-10", "route": "北関東道", "direction": "下り", "from": null, "to": null, "grade": 0.0, "elevation_start": 55.9, "elevation_end": 55.9, "quality": "measured", "structure": "normal", "chain_rank": 7, "cum_dist_start": 2500.0, "cum_dist_end": 2750.0, "anomaly": false}, "geometry": {"type": "LineString", "coordinates": [[140.01257451822212, 36.39434393429418], [140.01241172866526, 36.39452678963167], [140.0122489391084, 36.394709644969154], [140.0120880466465, 36.39489357889196], [140.0119302991303, 36.39507930086031], [140.01177255161411, 36.39526502282865], [140.01161799284955, 36.3954524232299], [140.01147175711432, 36.395644204544986], [140.01132552137906, 36.39583598586007], [140.01118117198652, 36.39602867527547], [140.01104230910875, 36.39622400594248]]}}, {"type": "Feature", "properties": {"id": "北関東道-下り-7-11", "route": "北関東道", "direction": "下り", "from": null, "to": null, "grade": 0.62, "elevation_start": 55.9, "elevation_end": 57.4, "quality": "measured", "structure": "normal", "chain_rank": 7, "cum_dist_start": 2750.0, "cum_dist_end": 3000.0, "anomaly": false}, "geometry": {"type": "LineString", "coordinates": [[140.01104230910875, 36.39622400594248], [140.01090656003106, 36.396420744376606], [140.0107734276986, 36.39661866585643], [140.01064256064961, 36.396817559814465], [140.01051433971318, 36.39701758973928], [140.01038723596776, 36.39721807369112], [140.0102651679418, 36.397420604162036], [140.01014309991587, 36.397623134632944], [140.0100347616436, 36.397830606682746], [140.00993028569465, 36.39803946885038], [140.00982580974568, 36.39824833101801]]}}, {"type": "Feature", "properties": {"id": "北関東道-下り-7-12", "route": "北関東道", "direction": "下り", "from": null, "to": null, "grade": 0.17, "elevation_start": 57.4, "elevation_end": 57.9, "quality": "measured", "structure": "normal", "chain_rank": 7, "cum_dist_start": 3000.0, "cum_dist_end": 3250.0, "anomaly": false}, "geometry": {"type": "LineString", "coordinates": [[140.00982580974568, 36.39824833101801], [140.00972366074058, 36.39845793164917], [140.009624508415, 36.39866848328674], [140.00952535608937, 36.39887903492431], [140.00942692703921, 36.39908980163008], [140.00933370337125, 36.39930211617239], [140.0092404797033, 36.3995144307147], [140.00914977785501, 36.39972743940798], [140.00906337957093, 36.39994163269161], [140.00897698128685, 36.400155825975226], [140.00889058300277, 36.40037001925885]]}}, {"type": "Feature", "properties": {"id": "北関東道-下り-7-13", "route": "北関東道", "direction": "下り", "from": null, "to": null, "grade": -0.17, "elevation_start": 57.9, "elevation_end": 57.4, "quality": "estimated", "structure": "bridge", "chain_rank": 7, "cum_dist_start": 3250.0, "cum_dist_end": 3500.0, "anomaly": false}, "geometry": {"type": "LineString", "coordinates": [[140.00889058300277, 36.40037001925885], [140.00881194321317, 36.40058615572481], [140.00873342037286, 36.40080232148173], [140.00865487342898, 36.40101848154119], [140.00857625150834, 36.40123462387807], [140.0084976295877, 36.40145076621494], [140.00841875665603, 36.4016668487887], [140.00833904350506, 36.4018827259708], [140.0082560214099, 36.40209779060467], [140.00817299931472, 36.40231285523854], [140.00808997721956, 36.40252791987242]]}}, {"type": "Feature", "properties": {"id": "北関東道-下り-7-14", "route": "北関東道", "direction": "下り", "from": null, "to": null, "grade": 0.01, "elevation_start": 57.4, "elevation_end": 57.5, "quality": "estimated", "structure": "bridge", "chain_rank": 7, "cum_dist_start": 3500.0, "cum_dist_end": 3750.0, "anomaly": false}, "geometry": {"type": "LineString", "coordinates": [[140.00808997721956, 36.40252791987242], [140.00800629906124, 36.4027428178843], [140.00792217538103, 36.40295760274588], [140.00783867745454, 36.40317254641516], [140.00775590880684, 36.40338767516538], [140.00767314015914, 36.403602803915604], [140.00759037151144, 36.403817932665824], [140.0074991487878, 36.40403077153224], [140.007404851879, 36.40424277772023], [140.00731055497016, 36.404454783908214], [140.00721625806136, 36.4046667900962]]}}, {"type": "Feature", "properties": {"id": "北関東道-下り-7-15", "route": "北関東道", "direction": "下り", "from": null, "to": null, "grade": 0.13, "elevation_start": 57.5, "elevation_end": 57.8, "quality": "measured", "structure": "normal", "chain_rank": 7, "cum_dist_start": 3750.0, "cum_dist_end": 4000.0, "anomaly": false}, "geometry": {"type": "LineString", "coordinates": [[140.00721625806136, 36.4046667900962], [140.00712196115256, 36.40487879628418], [140.0070274989157, 36.40509075181003], [140.0069242203748, 36.40530000572031], [140.00682094183387, 36.4055092596306], [140.00671761162633, 36.40571849655598], [140.00661086069124, 36.405926608949564], [140.00650410975612, 36.40613472134316], [140.00639735882103, 36.406342833736744], [140.00628618102513, 36.406549381537104], [140.0061696444027, 36.40675403535793]]}}, {"type": "Feature", "properties": {"id": "北関東道-下り-7-16", "route": "北関東道", "direction": "下り", "from": null, "to": null, "grade": 0.52, "elevation_start": 57.8, "elevation_end": 59.1, "quality": "measured", "structure": "normal", "chain_rank": 7, "cum_dist_start": 4000.0, "cum_dist_end": 4250.0, "anomaly": false}, "geometry": {"type": "LineString", "coordinates": [[140.0061696444027, 36.40675403535793], [140.00605310778025, 36.40695868917875], [140.00593657115778, 36.40716334299958], [140.00581109398368, 36.4073644994162], [140.00568483499688, 36.4075653499999], [140.0055585760101, 36.4077662005836], [140.005428168197, 36.40796530249795], [140.00529667005227, 36.408163944853534], [140.00516517190752, 36.40836258720912], [140.0050336737628, 36.408561229564704], [140.00489269434158, 36.40875554194945]]}}, {"type": "Feature", "properties": {"id": "北関東道-下り-7-17", "route": "北関東道", "direction": "下り", "from": null, "to": null, "grade": 1.59, "elevation_start": 59.1, "elevation_end": 63.1, "quality": "measured", "structure": "normal", "chain_rank": 7, "cum_dist_start": 4250.0, "cum_dist_end": 4500.0, "anomaly": false}, "geometry": {"type": "LineString", "coordinates": [[140.00489269434158, 36.40875554194945], [140.0047500368577, 36.40894908798567], [140.0046073793738, 36.40914263402188], [140.00446334708334, 36.409335495254425], [140.00431355204725, 36.409525486010885], [140.00416375701113, 36.40971547676734], [140.004013961975, 36.4099054675238], [140.0038630723461, 36.410094882977674], [140.00370893192792, 36.41028258986238], [140.0035547915097, 36.4104702967471], [140.0034006510915, 36.410658003631816]]}}, {"type": "Feature", "properties": {"id": "北関東道-下り-7-18", "route": "北関東道", "direction": "下り", "from": null, "to": null, "grade": -0.65, "elevation_start": 63.1, "elevation_end": 61.4, "quality": "measured", "structure": "normal", "chain_rank": 7, "cum_dist_start": 4500.0, "cum_dist_end": 4750.0, "anomaly": false}, "geometry": {"type": "LineString", "coordinates": [[140.0034006510915, 36.410658003631816], [140.00324503360406, 36.410844896578716], [140.00308514224008, 36.411029434409436], [140.0029252508761, 36.41121397224015], [140.0027609313327, 36.411395854079096], [140.0025887351087, 36.411573011538835], [140.00241653888472, 36.41175016899857], [140.00224434266073, 36.41192732645831], [140.0020695525269, 36.41210281677609], [140.00189469210977, 36.41227826192179], [140.0017198316926, 36.41245370706749]]}}, {"type": "Feature", "properties": {"id": "北関東道-下り-7-19", "route": "北関東道", "direction": "下り", "from": null, "to": null, "grade": -1.1, "elevation_start": 61.4, "elevation_end": 58.7, "quality": "measured", "structure": "normal", "chain_rank": 7, "cum_dist_start": 4750.0, "cum_dist_end": 5000.0, "anomaly": false}, "geometry": {"type": "LineString", "coordinates": [[140.0017198316926, 36.41245370706749], [140.00154259272568, 36.41262751773713], [140.00135646968812, 36.412795223510045], [140.00117034665058, 36.412962929282955], [140.00098422361302, 36.413130635055865], [140.00079548389505, 36.41329640486357], [140.00060515509816, 36.41346099898264], [140.00041482630127, 36.41362559310171], [140.00022386415526, 36.413789693137424], [140.00002705533657, 36.41394923211263], [139.9998302465179, 36.414108771087825]]}}, {"type": "Feature", "properties": {"id": "北関東道-下り-7-20", "route": "北関東道", "direction": "下り", "from": null, "to": null, "grade": 0.67, "elevation_start": 58.7, "elevation_end": 60.4, "quality": "measured", "structure": "normal", "chain_rank": 7, "cum_dist_start": 5000.0, "cum_dist_end": 5250.0, "anomaly": false}, "geometry": {"type": "LineString", "coordinates": [[139.9998302465179, 36.414108771087825], [139.99963343769917, 36.41426831006303], [139.9994297775203, 36.414422067772925], [139.99922407835973, 36.41457410496402], [139.99901837919919, 36.41472614215511], [139.9988104173094, 36.4148761276121], [139.998599945367, 36.415023837074], [139.9983894734246, 36.41517154653591], [139.9981790014822, 36.415319255997815], [139.99796493133593, 36.4154635427091], [139.9977505185123, 36.415607503452435]]}}, {"type": "Feature", "properties": {"id": "北関東道-下り-8-0", "route": "北関東道", "direction": "下り", "from": null, "to": "岩舟JCT", "grade": 0.0, "elevation_start": 63.1, "elevation_end": 63.1, "quality": "estimated", "structure": "bridge", "chain_rank": 8, "cum_dist_start": 0.0, "cum_dist_end": 250.0, "anomaly": false}, "geometry": {"type": "LineString", "coordinates": [[139.576652, 36.3540839], [139.57690954113673, 36.3539981120981], [139.57716708227346, 36.353912324196195], [139.57742654290726, 36.35383044574889], [139.57768757974088, 36.353751914638885], [139.5779500078377, 36.3536764529073], [139.57821444212587, 36.353605707388006], [139.5784803609489, 36.35353874911095], [139.57874686925098, 36.35347329467196], [139.57901540703992, 36.35341357131365], [139.57928433236322, 36.353354942316095]]}}, {"type": "Feature", "properties": {"id": "北関東道-下り-8-1", "route": "北関東道", "direction": "下り", "from": null, "to": "岩舟JCT", "grade": 0.0, "elevation_start": 63.1, "elevation_end": 63.1, "quality": "estimated", "structure": "bridge", "chain_rank": 8, "cum_dist_start": 250.0, "cum_dist_end": 500.0, "anomaly": false}, "geometry": {"type": "LineString", "coordinates": [[139.57928433236322, 36.353354942316095], [139.5795549583759, 36.3533017175564], [139.57982651187055, 36.35325177361431], [139.58009941455379, 36.353206750682645], [139.58037239659674, 36.35316204480969], [139.58064624702595, 36.35312114109378], [139.58092140441238, 36.35308634144542], [139.58119718285332, 36.35305480741374], [139.58147296129428, 36.353023273382064], [139.58174873973522, 36.35299173935039], [139.58202514789238, 36.3529641360668]]}}, {"type": "Feature", "properties": {"id": "北関東道-下り-8-2", "route": "北関東道", "direction": "下り", "from": null, "to": "岩舟JCT", "grade": 0.0, "elevation_start": 63.1, "elevation_end": 63.1, "quality": "estimated", "structure": "bridge", "chain_rank": 8, "cum_dist_start": 500.0, "cum_dist_end": 750.0, "anomaly": false}, "geometry": {"type": "LineString", "coordinates": [[139.58202514789238, 36.3529641360668], [139.58230175047748, 36.35293774642088], [139.5825783198741, 36.352911131254984], [139.5828548993107, 36.352884585629646], [139.58313149524915, 36.35285815307878], [139.5834080911876, 36.35283172052791], [139.5836846871261, 36.35280528797704], [139.5839613561084, 36.35277936393145], [139.5842378734481, 36.35275240273545], [139.58451438188865, 36.35272538046694], [139.58479089032923, 36.35269835819843]]}}, {"type": "Feature", "properties": {"id": "北関東道-下り-8-3", "route": "北関東道", "direction": "下り", "from": null, "to": "岩舟JCT", "grade": -0.06, "elevation_start": 63.1, "elevation_end": 63.0, "quality": "estimated", "structure": "normal", "chain_rank": 8, "cum_dist_start": 750.0, "cum_dist_end": 1000.0, "anomaly": false}, "geometry": {"type": "LineString", "coordinates": [[139.58479089032923, 36.35269835819843], [139.58506768396467, 36.35267333325429], [139.58534452084837, 36.3526486111935], [139.58562135773204, 36.35262388913272], [139.58589845888733, 36.352601232862476], [139.58617568389948, 36.352579544771714], [139.58645290891167, 36.35255785668096], [139.5867302496835, 36.35253719352198], [139.58700773809917, 36.3525178375955], [139.58728522651484, 36.352498481669016], [139.5875627149305, 36.35247912574253]]}}, {"type": "Feature", "properties": {"id": "北関東道-下り-8-4", "route": "北関東道", "direction": "下り", "from": null, "to": "岩舟JCT", "grade": -0.65, "elevation_start": 63.0, "elevation_end": 61.3, "quality": "estimated", "structure": "bridge", "chain_rank": 8, "cum_dist_start": 1000.0, "cum_dist_end": 1250.0, "anomaly": false}, "geometry": {"type": "LineString", "coordinates": [[139.5875627149305, 36.35247912574253], [139.58784020334616, 36.35245976981605], [139.58811769176182, 36.35244041388957], [139.58839504448076, 36.352419834417596], [139.58867236916808, 36.35239900219127], [139.5889496938554, 36.35237816996494], [139.58922657336012, 36.35235378797509], [139.58950342396395, 36.352329175537676], [139.5897802745678, 36.35230456310027], [139.59005712517165, 36.35227995066286], [139.59033397577548, 36.352255338225454]]}}, {"type": "Feature", "properties": {"id": "北関東道-下り-8-5", "route": "北関東道", "direction": "下り", "from": null, "to": "岩舟JCT", "grade": -0.65, "elevation_start": 61.3, "elevation_end": 59.7, "quality": "estimated", "structure": "tunnel", "chain_rank": 8, "cum_dist_start": 1250.0, "cum_dist_end": 1500.0, "anomaly": false}, "geometry": {"type": "LineString", "coordinates": [[139.59033397577548, 36.352255338225454], [139.59061069047934, 36.35222975058287], [139.59088738160972, 36.35220399377941], [139.5911640352915, 36.352177988570176], [139.59144063510755, 36.35215162605584], [139.59171723492355, 36.3521252635415], [139.59199383473955, 36.35209890102716], [139.5922704345556, 36.35207253851283], [139.5925470343716, 36.35204617599849], [139.5928236341876, 36.35201981348415], [139.59310023400363, 36.351993450969815]]}}, {"type": "Feature", "properties": {"id": "北関東道-下り-8-6", "route": "北関東道", "direction": "下り", "from": null, "to": "岩舟JCT", "grade": -0.65, "elevation_start": 59.7, "elevation_end": 58.1, "quality": "estimated", "structure": "tunnel", "chain_rank": 8, "cum_dist_start": 1500.0, "cum_dist_end": 1750.0, "anomaly": false}, "geometry": {"type": "LineString", "coordinates": [[139.59310023400363, 36.351993450969815], [139.59337683381963, 36.351967088455474], [139.59365343363567, 36.351940725941134], [139.59393003345167, 36.3519143634268], [139.59420663326767, 36.35188800091246], [139.5944832330837, 36.35186163839812], [139.5947598328997, 36.351835275883786], [139.59503643271572, 36.351808913369446], [139.59531303253175, 36.351782550855106], [139.59558963234775, 36.35175618834077], [139.59586623216376, 36.35172982582643]]}}, {"type": "Feature", "properties": {"id": "北関東道-下り-8-7", "route": "北関東道", "direction": "下り", "from": null, "to": "岩舟JCT", "grade": -0.65, "elevation_start": 58.1, "elevation_end": 56.5, "quality": "estimated", "structure": "tunnel", "chain_rank": 8, "cum_dist_start": 1750.0, "cum_dist_end": 2000.0, "anomaly": false}, "geometry": {"type": "LineString", "coordinates": [[139.59586623216376, 36.35172982582643], [139.5961428319798, 36.35170346331209], [139.5964194317958, 36.35167710079776], [139.59669603161183, 36.35165073828342], [139.59697263142783, 36.35162437576908], [139.59724923124384, 36.351598013254744], [139.59752583105987, 36.351571650740404], [139.59780243087587, 36.35154528822606], [139.59807903069188, 36.35151892571173], [139.5983556305079, 36.35149256319739], [139.59863223032391, 36.35146620068305]]}}, {"type": "Feature", "properties": {"id": "北関東道-下り-8-8", "route": "北関東道", "direction": "下り", "from": null, "to": "岩舟JCT", "grade": -0.65, "elevation_start": 56.5, "elevation_end": 54.8, "quality": "estimated", "structure": "tunnel", "chain_rank": 8, "cum_dist_start": 2000.0, "cum_dist_end": 2250.0, "anomaly": false}, "geometry": {"type": "LineString", "coordinates": [[139.59863223032391, 36.35146620068305], [139.59890883013992, 36.351439838168716], [139.59918542995595, 36.351413475654375], [139.59946202977196, 36.351387113140035], [139.59973862958796, 36.3513607506257], [139.600015229404, 36.35133438811136], [139.60029182922, 36.35130802559702], [139.60056842903603, 36.35128166308269], [139.60084502885204, 36.35125530056835], [139.60112162866804, 36.35122893805401], [139.60139822848407, 36.35120257553967]]}}, {"type": "Feature", "properties": {"id": "北関東道-下り-8-9", "route": "北関東道", "direction": "下り", "from": null, "to": "岩舟JCT", "grade": -0.65, "elevation_start": 54.8, "elevation_end": 53.2, "quality": "estimated", "structure": "tunnel", "chain_rank": 8, "cum_dist_start": 2250.0, "cum_dist_end": 2500.0, "anomaly": false}, "geometry": {"type": "LineString", "coordinates": [[139.60139822848407, 36.35120257553967], [139.60167482830008, 36.35117621302533], [139.60195142811608, 36.35114985051099], [139.6022280279321, 36.35112348799666], [139.60250462774812, 36.35109712548232], [139.60278122756412, 36.35107076296798], [139.60305782738016, 36.351044400453645], [139.60333442719616, 36.351018037939305], [139.60361102701216, 36.350991675424964], [139.6038876268282, 36.35096531291063], [139.6041642266442, 36.35093895039629]]}}, {"type": "Feature", "properties": {"id": "北関東道-下り-8-10", "route": "北関東道", "direction": "下り", "from": null, "to": "岩舟JCT", "grade": -0.65, "elevation_start": 53.2, "elevation_end": 51.6, "quality": "estimated", "structure": "tunnel", "chain_rank": 8, "cum_dist_start": 2500.0, "cum_dist_end": 2750.0, "anomaly": false}, "geometry": {"type": "LineString", "coordinates": [[139.6041642266442, 36.35093895039629], [139.60444082646023, 36.35091258788195], [139.60471742627624, 36.35088622536762], [139.60499402609224, 36.35085986285328], [139.60527062590828, 36.350833500338936], [139.60554722572428, 36.3508071378246], [139.60582382554028, 36.35078077531026], [139.60610042535632, 36.35075441279592], [139.60637702517232, 36.35072805028159], [139.60665362498833, 36.35070168776725], [139.60693022480436, 36.35067532525291]]}}, {"type": "Feature", "properties": {"id": "北関東道-下り-8-11", "route": "北関東道", "direction": "下り", "from": null, "to": "岩舟JCT", "grade": -0.65, "elevation_start": 51.6, "elevation_end": 50.0, "quality": "estimated", "structure": "tunnel", "chain_rank": 8, "cum_dist_start": 2750.0, "cum_dist_end": 3000.0, "anomaly": false}, "geometry": {"type": "LineString", "coordinates": [[139.60693022480436, 36.35067532525291], [139.60720682462036, 36.350648962738575], [139.6074834244364, 36.350622600224234], [139.6077600242524, 36.350596237709894], [139.6080366240684, 36.35056987519556], [139.60831322388444, 36.35054351268122], [139.60858982370044, 36.35051715016688], [139.60886642351645, 36.35049078765255], [139.60914302333248, 36.350464425138206], [139.60941962314848, 36.350438062623866], [139.6096962229645, 36.35041170010953]]}}, {"type": "Feature", "properties": {"id": "北関東道-下り-8-12", "route": "北関東道", "direction": "下り", "from": null, "to": "岩舟JCT", "grade": -0.65, "elevation_start": 50.0, "elevation_end": 48.3, "quality": "estimated", "structure": "tunnel", "chain_rank": 8, "cum_dist_start": 3000.0, "cum_dist_end": 3250.0, "anomaly": false}, "geometry": {"type": "LineString", "coordinates": [[139.6096962229645, 36.35041170010953], [139.60997282278052, 36.35038533759519], [139.61024942259652, 36.35035897508085], [139.61052602241253, 36.35033261256652], [139.61080262222856, 36.35030625005218], [139.61107922204457, 36.35027988753784], [139.6113558218606, 36.350253525023504], [139.6116324216766, 36.350227162509164], [139.6119090214926, 36.35020079999482], [139.61218562130864, 36.35017443748049], [139.61246222112464, 36.35014807496615]]}}, {"type": "Feature", "properties": {"id": "北関東道-下り-8-13", "route": "北関東道", "direction": "下り", "from": null, "to": "岩舟JCT", "grade": -0.65, "elevation_start": 48.3, "elevation_end": 46.7, "quality": "estimated", "structure": "tunnel", "chain_rank": 8, "cum_dist_start": 3250.0, "cum_dist_end": 3500.0, "anomaly": false}, "geometry": {"type": "LineString", "coordinates": [[139.61246222112464, 36.35014807496615], [139.61273882094065, 36.35012171245181], [139.61301542075668, 36.350095349937476], [139.6132920205727, 36.350068987423136], [139.6135686203887, 36.350042624908795], [139.61384522020472, 36.35001626239446], [139.61412182002073, 36.34998989988012], [139.61439841983673, 36.34996353736578], [139.61467501965276, 36.34993717485145], [139.614951615692, 36.349910801696154], [139.6152282077824, 36.3498844174151]]}}, {"type": "Feature", "properties": {"id": "北関東道-下り-8-14", "route": "北関東道", "direction": "下り", "from": null, "to": "岩舟JCT", "grade": -0.65, "elevation_start": 46.7, "elevation_end": 45.1, "quality": "estimated", "structure": "tunnel", "chain_rank": 8, "cum_dist_start": 3500.0, "cum_dist_end": 3750.0, "anomaly": false}, "geometry": {"type": "LineString", "coordinates": [[139.6152282077824, 36.3498844174151], [139.61550479987278, 36.34985803313403], [139.61578139196317, 36.34983164885298], [139.61605798405355, 36.34980526457191], [139.61633457614394, 36.349778880290856], [139.61661116823433, 36.34975249600979], [139.61688776032472, 36.349726111728735], [139.6171643524151, 36.34969972744767], [139.6174409445055, 36.349673343166614], [139.61771753659588, 36.34964695888555], [139.61799412868626, 36.34962057460449]]}}, {"type": "Feature", "properties": {"id": "北関東道-下り-8-15", "route": "北関東道", "direction": "下り", "from": null, "to": "岩舟JCT", "grade": -1.12, "elevation_start": 45.1, "elevation_end": 42.3, "quality": "estimated", "structure": "tunnel", "chain_rank": 8, "cum_dist_start": 3750.0, "cum_dist_end": 4000.0, "anomaly": false}, "geometry": {"type": "LineString", "coordinates": [[139.61799412868626, 36.34962057460449], [139.61827088114376, 36.349595327783845], [139.61854768790897, 36.349570466159705], [139.6188244946742, 36.349545604535564], [139.61910130143937, 36.349520742911416], [139.6193781082046, 36.349495881287275], [139.6196549488903, 36.34947131039878], [139.619932615889, 36.349453821914125], [139.6202102828877, 36.34943633342947], [139.62048794988644, 36.349418844944815], [139.62076569272153, 36.34940217333861]]}}, {"type": "Feature", "properties": {"id": "北関東道-下り-8-16", "route": "北関東道", "direction": "下り", "from": null, "to": "岩舟JCT", "grade": -1.44, "elevation_start": 42.3, "elevation_end": 38.7, "quality": "measured", "structure": "normal", "chain_rank": 8, "cum_dist_start": 4000.0, "cum_dist_end": 4250.0, "anomaly": false}, "geometry": {"type": "LineString", "coordinates": [[139.62076569272153, 36.34940217333861], [139.62104346984262, 36.349385871047254], [139.6213216021577, 36.34937422097718], [139.62159974736642, 36.34936273978366], [139.62187789257513, 36.34935125859014], [139.6221562777859, 36.34934533685387], [139.62243468127636, 36.34934697267942], [139.62271213021103, 36.34936416607325], [139.62298571605476, 36.34940477026306], [139.62324567392886, 36.34948493851765], [139.62348604682984, 36.3495977080979]]}}, {"type": "Feature", "properties": {"id": "北関東道-下り-8-17", "route": "北関東道", "direction": "下り", "from": "岩舟JCT", "to": null, "grade": 1.0, "elevation_start": 38.7, "elevation_end": 41.2, "quality": "measured", "structure": "normal", "chain_rank": 8, "cum_dist_start": 4250.0, "cum_dist_end": 4500.0, "anomaly": false}, "geometry": {"type": "LineString", "coordinates": [[139.62348604682984, 36.3495977080979], [139.62369574593183, 36.34974543798162], [139.62387915888178, 36.349914446152724], [139.62402433921332, 36.35010629851849], [139.62413431590335, 36.35031301614688], [139.6242164383553, 36.35052819471507], [139.62428572920842, 36.350746378314625], [139.6243484212531, 36.350965891681604], [139.6244157067262, 36.35118449468462], [139.62448655471647, 36.351402366800535], [139.62456482120592, 36.35161858344321]]}}, {"type": "Feature", "properties": {"id": "北関東道-下り-8-18", "route": "北関東道", "direction": "下り", "from": "岩舟JCT", "to": null, "grade": 0.94, "elevation_start": 41.2, "elevation_end": 43.5, "quality": "measured", "structure": "normal", "chain_rank": 8, "cum_dist_start": 4500.0, "cum_dist_end": 4750.0, "anomaly": false}, "geometry": {"type": "LineString", "coordinates": [[139.62456482120592, 36.35161858344321], [139.62464428855992, 36.35183450742942], [139.6247267160516, 36.35204971001582], [139.62480941864897, 36.352264840784244], [139.62489806982654, 36.35247841864009], [139.6249890221359, 36.35269135497893], [139.62508201961614, 36.352903720096414], [139.62517562517215, 36.35311590909963], [139.62527085761562, 36.353327625298895], [139.62536357961287, 36.35354006520208], [139.62545531628615, 36.35375278915151]]}}, {"type": "Feature", "properties": {"id": "北関東道-下り-9-0", "route": "北関東道", "direction": "下り", "from": null, "to": "太田強戸ＰA ／ スマートＩＣ", "grade": 0.18, "elevation_start": 69.7, "elevation_end": 70.2, "quality": "measured", "structure": "normal", "chain_rank": 9, "cum_dist_start": 0.0, "cum_dist_end": 250.0, "anomaly": false}, "geometry": {"type": "LineString", "coordinates": [[139.3516846, 36.3370344], [139.35143400405255, 36.33713263951712], [139.35118454771947, 36.33723269389734], [139.35093872007565, 36.337338527051905], [139.35069529913721, 36.3374478911963], [139.35045642893837, 36.33756361993194], [139.35021940478237, 36.33768186951619], [139.34998297179004, 36.3378008752389], [139.3497496948374, 36.33792390335392], [139.34952133885034, 36.33805281638037], [139.34929516697528, 36.33818424554589]]}}, {"type": "Feature", "properties": {"id": "北関東道-下り-9-1", "route": "北関東道", "direction": "下り", "from": null, "to": "太田強戸ＰA ／ スマートＩＣ", "grade": 0.57, "elevation_start": 70.2, "elevation_end": 71.6, "quality": "measured", "structure": "normal", "chain_rank": 9, "cum_dist_start": 250.0, "cum_dist_end": 500.0, "anomaly": false}, "geometry": {"type": "LineString", "coordinates": [[139.34929516697528, 36.33818424554589], [139.34907040726645, 36.338317253603286], [139.348845221427, 36.33844978975984], [139.34862378001603, 36.338586389062634], [139.34840299627112, 36.3387236868497], [139.348182730847, 36.33886153037318], [139.3479643129738, 36.3390012839693], [139.3477459821122, 36.33914112804857], [139.34752694740786, 36.33928025097136], [139.3473079127035, 36.33941937389417], [139.3470886106552, 36.33955821445737]]}}, {"type": "Feature", "properties": {"id": "北関東道-下り-9-2", "route": "北関東道", "direction": "下り", "from": "太田強戸PA", "to": null, "grade": 0.52, "elevation_start": 71.6, "elevation_end": 72.9, "quality": "measured", "structure": "normal", "chain_rank": 9, "cum_dist_start": 500.0, "cum_dist_end": 750.0, "anomaly": false}, "geometry": {"type": "LineString", "coordinates": [[139.3470886106552, 36.33955821445737], [139.34686548730343, 36.339693019090205], [139.3466423639517, 36.33982782372304], [139.34641924059997, 36.33996262835587], [139.34619611724824, 36.340097432988706], [139.3459717283442, 36.34023085004388], [139.34574536759646, 36.34036204819203], [139.34551605761084, 36.34048987888207], [139.34528015946995, 36.34060959625282], [139.34504887840862, 36.34073505494866], [139.34481484198398, 36.34085711535126]]}}, {"type": "Feature", "properties": {"id": "北関東道-下り-9-3", "route": "北関東道", "direction": "下り", "from": "太田強戸PA", "to": null, "grade": 0.5, "elevation_start": 72.9, "elevation_end": 74.1, "quality": "measured", "structure": "normal", "chain_rank": 9, "cum_dist_start": 750.0, "cum_dist_end": 1000.0, "anomaly": false}, "geometry": {"type": "LineString", "coordinates": [[139.34481484198398, 36.34085711535126], [139.34457949980938, 36.340977556400794], [139.34434211901134, 36.34109535265585], [139.3441024598269, 36.3412099616596], [139.343857854446, 36.341317651393126], [139.34361324906507, 36.34142534112665], [139.34336818578865, 36.341532337510706], [139.34312151986143, 36.34163690714663], [139.3428748539342, 36.34174147678256], [139.34262471163774, 36.34184047920233], [139.3423742882312, 36.34193903143964]]}}, {"type": "Feature", "properties": {"id": "北関東道-下り-9-4", "route": "北関東道", "direction": "下り", "from": "太田強戸PA", "to": null, "grade": 0.45, "elevation_start": 74.1, "elevation_end": 75.3, "quality": "measured", "structure": "normal", "chain_rank": 9, "cum_dist_start": 1000.0, "cum_dist_end": 1250.0, "anomaly": false}, "geometry": {"type": "LineString", "coordinates": [[139.3423742882312, 36.34193903143964], [139.342120227683, 36.34203120660505], [139.34186502392342, 36.34212137735551], [139.34160808784796, 36.342208223150145], [139.34135008212374, 36.34229301589256], [139.34109175409148, 36.34237715169586], [139.34083207260585, 36.34245852884466], [139.34057239112025, 36.34253990599347], [139.34030973226112, 36.342614683630714], [139.3400462991747, 36.34268774515076], [139.33978136059932, 36.34275701985426]]}}, {"type": "Feature", "properties": {"id": "北関東道-下り-9-5", "route": "北関東道", "direction": "下り", "from": "太田強戸PA", "to": null, "grade": 0.54, "elevation_start": 75.3, "elevation_end": 76.6, "quality": "measured", "structure": "normal", "chain_rank": 9, "cum_dist_start": 1250.0, "cum_dist_end": 1500.0, "anomaly": false}, "geometry": {"type": "LineString", "coordinates": [[139.33978136059932, 36.34275701985426], [139.33951466426228, 36.34282187318979], [139.33924796792527, 36.34288672652532], [139.33898000254942, 36.34294797811719], [139.3387111103291, 36.34300659916996], [139.33844221810875, 36.34306522022274], [139.33817180918737, 36.343118970061994], [139.33790066841507, 36.34317036940376], [139.3376295276428, 36.34322176874552], [139.3373582375181, 36.34327264677976], [139.33708674888524, 36.34332283193095]]}}, {"type": "Feature", "properties": {"id": "北関東道-下り-9-6", "route": "北関東道", "direction": "下り", "from": "太田強戸PA", "to": null, "grade": 0.51, "elevation_start": 76.6, "elevation_end": 77.9, "quality": "measured", "structure": "normal", "chain_rank": 9, "cum_dist_start": 1500.0, "cum_dist_end": 1750.0, "anomaly": false}, "geometry": {"type": "LineString", "coordinates": [[139.33708674888524, 36.34332283193095], [139.33681526025242, 36.343373017082136], [139.33654339812398, 36.343421825684544], [139.33627087404238, 36.34346819460448], [139.3359983499608, 36.343514563524415], [139.3357258258792, 36.343560932444355], [139.335454050575, 36.343610080168965], [139.3351824121769, 36.34365973596867], [139.33491077377874, 36.34370939176838], [139.33463977655256, 36.34376128663837], [139.33436883715785, 36.34381338346468]]}}, {"type": "Feature", "properties": {"id": "北関東道-下り-9-7", "route": "北関東道", "direction": "下り", "from": "太田強戸PA", "to": null, "grade": 0.78, "elevation_start": 77.9, "elevation_end": 79.8, "quality": "measured", "structure": "normal", "chain_rank": 9, "cum_dist_start": 1750.0, "cum_dist_end": 2000.0, "anomaly": false}, "geometry": {"type": "LineString", "coordinates": [[139.33436883715785, 36.34381338346468], [139.33409911182272, 36.34386938745145], [139.33382993519663, 36.34392715732706], [139.33356132931712, 36.34398659709029], [139.333293713331, 36.34404893307918], [139.33302688764854, 36.3441134419587], [139.33276123687253, 36.34418095726026], [139.33249742962298, 36.344253142456104], [139.33223544177906, 36.34432947046551], [139.33197448171873, 36.34440813875328], [139.3317141045525, 36.344488061525176]]}}, {"type": "Feature", "properties": {"id": "北関東道-下り-9-8", "route": "北関東道", "direction": "下り", "from": "太田強戸PA", "to": null, "grade": 1.49, "elevation_start": 79.8, "elevation_end": 83.6, "quality": "measured", "structure": "normal", "chain_rank": 9, "cum_dist_start": 2000.0, "cum_dist_end": 2250.0, "anomaly": false}, "geometry": {"type": "LineString", "coordinates": [[139.3317141045525, 36.344488061525176], [139.3314540777223, 36.344568708959045], [139.33119598873392, 36.34465335132633], [139.33093815100062, 36.34473848774139], [139.33068119965915, 36.34482536708626], [139.3304242483177, 36.34491224643112], [139.3301684255654, 36.34500125369581], [139.32991358168124, 36.34509210658602], [139.3296587377971, 36.345182959476226], [139.32940389391294, 36.345273812366436], [139.3291488154356, 36.345364230674775]]}}, {"type": "Feature", "properties": {"id": "北関東道-下り-9-9", "route": "北関東道", "direction": "下り", "from": "太田強戸PA", "to": null, "grade": 0.16, "elevation_start": 83.6, "elevation_end": 84.0, "quality": "estimated", "structure": "bridge", "chain_rank": 9, "cum_dist_start": 2250.0, "cum_dist_end": 2500.0, "anomaly": false}, "geometry": {"type": "LineString", "coordinates": [[139.3291488154356, 36.345364230674775], [139.32889313128916, 36.34545352698628], [139.32863744714274, 36.345542823297784], [139.32838163766255, 36.345631885201016], [139.32812536886382, 36.34572007333297], [139.32786844730592, 36.34580701320628], [139.32760986318996, 36.34589064246422], [139.3273493515036, 36.34597028934921], [139.3270888398173, 36.34604993623421], [139.32682832813094, 36.3461295831192], [139.32656681551288, 36.34620701188655]]}}, {"type": "Feature", "properties": {"id": "北関東道-下り-10-0", "route": "北関東道", "direction": "下り", "from": null, "to": "佐野田沼IC", "grade": 0.0, "elevation_start": 62.4, "elevation_end": 62.4, "quality": "estimated", "structure": "bridge", "chain_rank": 10, "cum_dist_start": 0.0, "cum_dist_end": 250.0, "anomaly": false}, "geometry": {"type": "LineString", "coordinates": [[139.5766633, 36.3539668], [139.5764107390262, 36.35406178330571], [139.57615824523788, 36.35415688243121], [139.57590718123922, 36.354254400562674], [139.57565874719458, 36.354356257842376], [139.57541214718887, 36.354460971550466], [139.57516801013614, 36.354569369337376], [139.57492594703044, 36.35468081184503], [139.5746868937215, 36.35479642945169], [139.57444986129804, 36.35491471958989], [139.57421409621605, 36.3550346652871]]}}, {"type": "Feature", "properties": {"id": "北関東道-下り-10-1", "route": "北関東道", "direction": "下り", "from": null, "to": "佐野田沼IC", "grade": 0.0, "elevation_start": 62.4, "elevation_end": 62.4, "quality": "estimated", "structure": "bridge", "chain_rank": 10, "cum_dist_start": 250.0, "cum_dist_end": 500.0, "anomaly": false}, "geometry": {"type": "LineString", "coordinates": [[139.57421409621605, 36.3550346652871], [139.57398116283048, 36.35515818727815], [139.57375177329047, 36.355285936819584], [139.5735249742669, 36.355416673921866], [139.5733027687828, 36.3555525144598], [139.57308067730565, 36.35568847743828], [139.5728603712289, 36.355826315567406], [139.5726411716644, 36.355965315832066], [139.57243067230254, 36.356112822034554], [139.5722215608919, 36.35626164096571], [139.57201584593895, 36.356413435329294]]}}, {"type": "Feature", "properties": {"id": "北関東道-下り-10-2", "route": "北関東道", "direction": "下り", "from": null, "to": "佐野田沼IC", "grade": 0.22, "elevation_start": 62.4, "elevation_end": 63.0, "quality": "estimated", "structure": "normal", "chain_rank": 10, "cum_dist_start": 500.0, "cum_dist_end": 750.0, "anomaly": false}, "geometry": {"type": "LineString", "coordinates": [[139.57201584593895, 36.356413435329294], [139.57181928957039, 36.356573062471604], [139.57162238596993, 36.356732409838365], [139.57142542733857, 36.35689171286502], [139.57123020252848, 36.357052383220484], [139.57103833839932, 36.35721570388128], [139.5708490746402, 36.357380994679545], [139.57066042159767, 36.35754674310472], [139.5704740104012, 36.357714145264715], [139.57029491763942, 36.35788650165395], [139.5701240443224, 36.35806442221298]]}}, {"type": "Feature", "properties": {"id": "北関東道-下り-10-3", "route": "北関東道", "direction": "下り", "from": "佐野田沼IC", "to": null, "grade": 0.33, "elevation_start": 63.0, "elevation_end": 63.8, "quality": "estimated", "structure": "normal", "chain_rank": 10, "cum_dist_start": 750.0, "cum_dist_end": 1000.0, "anomaly": false}, "geometry": {"type": "LineString", "coordinates": [[139.5701240443224, 36.35806442221298], [139.56995317100535, 36.35824234277202], [139.56978229768833, 36.358420263331055], [139.5696114243713, 36.35859818389009], [139.56943708716892, 36.35877389248038], [139.56926163335916, 36.35894886862516], [139.56908656904247, 36.35912408266536], [139.568915645912, 36.359301973362925], [139.56874472278153, 36.359479864060496], [139.56857235177907, 36.359656838981294], [139.56839997803718, 36.359833812169406]]}}, {"type": "Feature", "properties": {"id": "北関東道-下り-10-4", "route": "北関東道", "direction": "下り", "from": "佐野田沼IC", "to": null, "grade": 0.67, "elevation_start": 63.8, "elevation_end": 65.5, "quality": "estimated", "structure": "bridge", "chain_rank": 10, "cum_dist_start": 1000.0, "cum_dist_end": 1250.0, "anomaly": false}, "geometry": {"type": "LineString", "coordinates": [[139.56839997803718, 36.359833812169406], [139.56822346546699, 36.36000806474881], [139.5680445039724, 36.36018070755739], [139.5678630244372, 36.36035161190451], [139.56767969955018, 36.360521219484255], [139.5674893751394, 36.36068572098505], [139.56729852203495, 36.36084982045566], [139.56710396648342, 36.36101102565722], [139.56690497446428, 36.36116866479595], [139.5667048743776, 36.36132539483776], [139.5665017266144, 36.36147950776032]]}}, {"type": "Feature", "properties": {"id": "北関東道-下り-10-5", "route": "北関東道", "direction": "下り", "from": "佐野田沼IC", "to": null, "grade": 0.59, "elevation_start": 65.5, "elevation_end": 67.0, "quality": "estimated", "structure": "normal", "chain_rank": 10, "cum_dist_start": 1250.0, "cum_dist_end": 1500.0, "anomaly": false}, "geometry": {"type": "LineString", "coordinates": [[139.5665017266144, 36.36147950776032], [139.5662962969533, 36.361631661157666], [139.56608720852486, 36.36178039511372], [139.56587152942174, 36.36192296950211], [139.56565585031862, 36.3620655438905], [139.5654388915166, 36.36220677945368], [139.56521395946154, 36.36233967337313], [139.56498902740648, 36.362472567292585], [139.56476217084995, 36.36260321969873], [139.5645296182554, 36.362727237791866], [139.56429591709286, 36.36284979786038]]}}, {"type": "Feature", "properties": {"id": "北関東道-下り-10-6", "route": "北関東道", "direction": "下り", "from": "佐野田沼IC", "to": null, "grade": 0.65, "elevation_start": 67.0, "elevation_end": 68.6, "quality": "measured", "structure": "normal", "chain_rank": 10, "cum_dist_start": 1500.0, "cum_dist_end": 1750.0, "anomaly": false}, "geometry": {"type": "LineString", "coordinates": [[139.56429591709286, 36.36284979786038], [139.56405865654787, 36.362967839548126], [139.56382139600285, 36.363085881235875], [139.56357943011847, 36.3631974296437], [139.56333614038792, 36.36330715116866], [139.56308969800227, 36.363412049823516], [139.56284058212333, 36.36351285862058], [139.56258937240517, 36.3636101090431], [139.5623355203888, 36.36370286901266], [139.56208166837249, 36.363795628982224], [139.56182499908797, 36.363883096539]]}}, {"type": "Feature", "properties": {"id": "北関東道-下り-11-0", "route": "北関東道", "direction": "下り", "from": null, "to": null, "grade": 1.64, "elevation_start": 54.8, "elevation_end": 58.9, "quality": "measured", "structure": "normal", "chain_rank": 11, "cum_dist_start": 0.0, "cum_dist_end": 250.0, "anomaly": false}, "geometry": {"type": "LineString", "coordinates": [[139.3840604, 36.3297634], [139.38378254764115, 36.329777996565795], [139.38350478031487, 36.329793356889546], [139.38322822914873, 36.32981952138854], [139.38295203155468, 36.32984804133505], [139.3826769434273, 36.32988284435552], [139.38240192821047, 36.3299180602793], [139.38212926921702, 36.32996336390327], [139.38185734136275, 36.33001179775369], [139.38158633464485, 36.33006327931233], [139.381317476939, 36.33012187117713]]}}, {"type": "Feature", "properties": {"id": "北関東道-下り-11-1", "route": "北関東道", "direction": "下り", "from": null, "to": null, "grade": 0.55, "elevation_start": 58.9, "elevation_end": 60.2, "quality": "measured", "structure": "normal", "chain_rank": 11, "cum_dist_start": 250.0, "cum_dist_end": 500.0, "anomaly": false}, "geometry": {"type": "LineString", "coordinates": [[139.381317476939, 36.33012187117713], [139.38104861923316, 36.33018046304193], [139.38078184712114, 36.33024496150162], [139.3805153234627, 36.33031016360472], [139.3802506907418, 36.33037998319536], [139.3799887907411, 36.33045647582563], [139.37972708851862, 36.330533372046034], [139.37947157604532, 36.330622899190395], [139.37921606357204, 36.330712426334756], [139.37896688348553, 36.33081291203244], [139.37871854726117, 36.330914788698315]]}}, {"type": "Feature", "properties": {"id": "北関東道-下り-11-2", "route": "北関東道", "direction": "下り", "from": null, "to": null, "grade": 0.98, "elevation_start": 60.2, "elevation_end": 62.7, "quality": "measured", "structure": "normal", "chain_rank": 11, "cum_dist_start": 500.0, "cum_dist_end": 750.0, "anomaly": false}, "geometry": {"type": "LineString", "coordinates": [[139.37871854726117, 36.330914788698315], [139.37847321824873, 36.331021346895916], [139.37822957747565, 36.33113034884087], [139.37798889632032, 36.3312436348691], [139.37775219735244, 36.331362207688215], [139.37751746608973, 36.33148339285196], [139.37728308919148, 36.33160502077364], [139.37705045499294, 36.33172882609817], [139.37681782079443, 36.331852631422706], [139.3765874151393, 36.33197913633228], [139.376357089064, 36.33210573764223]]}}, {"type": "Feature", "properties": {"id": "北関東道-下り-11-3", "route": "北関東道", "direction": "下り", "from": null, "to": null, "grade": 0.52, "elevation_start": 62.7, "elevation_end": 64.0, "quality": "measured", "structure": "normal", "chain_rank": 11, "cum_dist_start": 750.0, "cum_dist_end": 1000.0, "anomaly": false}, "geometry": {"type": "LineString", "coordinates": [[139.376357089064, 36.33210573764223], [139.3761267629887, 36.332232338952174], [139.37589643691337, 36.332358940262125], [139.37566611083807, 36.332485541572076], [139.37543578476274, 36.33261214288203], [139.37520545868742, 36.33273874419198], [139.37497516215407, 36.33286538078699], [139.37474518740578, 36.33299240172355], [139.37451521265749, 36.33311942266012], [139.3742847283071, 36.333245839640966], [139.37405423878, 36.33337225048666]]}}, {"type": "Feature", "properties": {"id": "北関東道-下り-11-4", "route": "北関東道", "direction": "下り", "from": null, "to": null, "grade": 0.35, "elevation_start": 64.0, "elevation_end": 64.9, "quality": "measured", "structure": "normal", "chain_rank": 11, "cum_dist_start": 1000.0, "cum_dist_end": 1250.0, "anomaly": false}, "geometry": {"type": "LineString", "coordinates": [[139.37405423878, 36.33337225048666], [139.37382374925292, 36.33349866133235], [139.37359325972582, 36.333625072178044], [139.37336277019872, 36.33375148302374], [139.37313228067163, 36.333877893869435], [139.37290179114456, 36.33400430471512], [139.3726712910655, 36.33413070299991], [139.37244035920554, 36.334256587298256], [139.37220942734558, 36.3343824715966], [139.3719784954856, 36.33450835589495], [139.37174756362563, 36.334634240193296]]}}, {"type": "Feature", "properties": {"id": "北関東道-下り-11-5", "route": "北関東道", "direction": "下り", "from": null, "to": null, "grade": 2.04, "elevation_start": 64.9, "elevation_end": 70.0, "quality": "measured", "structure": "normal", "chain_rank": 11, "cum_dist_start": 1250.0, "cum_dist_end": 1500.0, "anomaly": false}, "geometry": {"type": "LineString", "coordinates": [[139.37174756362563, 36.334634240193296], [139.37151663176567, 36.33476012449164], [139.37128512845158, 36.33488531113812], [139.37105177518353, 36.33500823929403], [139.37081644734081, 36.33512862859018], [139.37057804190383, 36.33524501634882], [139.37033510606122, 36.33535512496365], [139.37009035177775, 36.33546254237037], [139.36984398111514, 36.3355674879723], [139.36959272634482, 36.335664611665024], [139.3693393685937, 36.335757984836974]]}}, {"type": "Feature", "properties": {"id": "北関東道-下り-11-6", "route": "北関東道", "direction": "下り", "from": null, "to": null, "grade": 0.05, "elevation_start": 70.0, "elevation_end": 70.1, "quality": "measured", "structure": "normal", "chain_rank": 11, "cum_dist_start": 1500.0, "cum_dist_end": 1750.0, "anomaly": false}, "geometry": {"type": "LineString", "coordinates": [[139.3693393685937, 36.335757984836974], [139.36908335980488, 36.33584659295372], [139.3688237016613, 36.33592797341448], [139.36856166267648, 36.33600415631178], [139.36829790502748, 36.33607633102767], [139.36803300216766, 36.3361457721694], [139.36776499111917, 36.33620681395584], [139.3674950480237, 36.33626199696975], [139.36722370535773, 36.33631244507654], [139.3669503990165, 36.33635559243612], [139.36667617842215, 36.33639457393256]]}}, {"type": "Feature", "properties": {"id": "北関東道-下り-12-0", "route": "北関東道", "direction": "下り", "from": null, "to": "伊勢崎IC", "grade": 0.0, "elevation_start": 86.4, "elevation_end": 86.4, "quality": "estimated", "structure": "bridge", "chain_rank": 12, "cum_dist_start": 0.0, "cum_dist_end": 250.0, "anomaly": false}, "geometry": {"type": "LineString", "coordinates": [[139.2512923, 36.3448379], [139.25103520326843, 36.34492449776034], [139.25078054243306, 36.345015628150406], [139.25052691541686, 36.34510868223481], [139.25027538252402, 36.345205382384115], [139.250024886169, 36.345303823967996], [139.24977567629176, 36.34540435272262], [139.24952905229318, 36.345509006592316], [139.2492824282946, 36.34561366046202], [139.24903580429603, 36.34571831433172], [139.24878918029745, 36.345822968201425]]}}, {"type": "Feature", "properties": {"id": "北関東道-下り-12-1", "route": "北関東道", "direction": "下り", "from": null, "to": "伊勢崎IC", "grade": 0.0, "elevation_start": 86.4, "elevation_end": 86.4, "quality": "estimated", "structure": "bridge", "chain_rank": 12, "cum_dist_start": 250.0, "cum_dist_end": 500.0, "anomaly": false}, "geometry": {"type": "LineString", "coordinates": [[139.24878918029745, 36.345822968201425], [139.24854255629887, 36.34592762207112], [139.24829888241828, 36.346036694591646], [139.24805553328773, 36.34614625351881], [139.24781218415717, 36.346255812445975], [139.2475688350266, 36.34636537137313], [139.24732548589606, 36.346474930300296], [139.2470821367655, 36.34658448922746], [139.24683772673842, 36.346692490644834], [139.24659308684645, 36.34680015459588], [139.24634844695447, 36.34690781854693]]}}, {"type": "Feature", "properties": {"id": "北関東道-下り-12-2", "route": "北関東道", "direction": "下り", "from": null, "to": "伊勢崎IC", "grade": 0.0, "elevation_start": 86.4, "elevation_end": 86.4, "quality": "estimated", "structure": "bridge", "chain_rank": 12, "cum_dist_start": 500.0, "cum_dist_end": 750.0, "anomaly": false}, "geometry": {"type": "LineString", "coordinates": [[139.24634844695447, 36.34690781854693], [139.2461038070625, 36.34701548249798], [139.2458588346006, 36.34712264387255], [139.2456123343243, 36.34722749642865], [139.24536583404802, 36.34733234898475], [139.2451193337717, 36.347437201540856], [139.2448728334954, 36.347542054096955], [139.2446244961023, 36.347644018346884], [139.24437566114887, 36.34774520033493], [139.24412682619547, 36.34784638232297], [139.24387799124207, 36.34794756431101]]}}, {"type": "Feature", "properties": {"id": "北関東道-下り-12-3", "route": "北関東道", "direction": "下り", "from": null, "to": "伊勢崎IC", "grade": 0.0, "elevation_start": 86.4, "elevation_end": 86.4, "quality": "estimated", "structure": "bridge", "chain_rank": 12, "cum_dist_start": 750.0, "cum_dist_end": 1000.0, "anomaly": false}, "geometry": {"type": "LineString", "coordinates": [[139.24387799124207, 36.34794756431101], [139.24362915628865, 36.34804874629906], [139.24338004283302, 36.34814946662096], [139.24312828114827, 36.3482457970401], [139.24287651946352, 36.34834212745924], [139.2426247577788, 36.34843845787838], [139.24237299609405, 36.34853478829752], [139.24212003308833, 36.34862901468928], [139.24186608870733, 36.34872152227278], [139.24161214432633, 36.348814029856285], [139.24135819994532, 36.348906537439795]]}}, {"type": "Feature", "properties": {"id": "北関東道-下り-12-4", "route": "北関東道", "direction": "下り", "from": null, "to": "伊勢崎IC", "grade": 3.01, "elevation_start": 86.4, "elevation_end": 93.9, "quality": "estimated", "structure": "bridge", "chain_rank": 12, "cum_dist_start": 1000.0, "cum_dist_end": 1250.0, "anomaly": false}, "geometry": {"type": "LineString", "coordinates": [[139.24135819994532, 36.348906537439795], [139.24110282656056, 36.34899640724432], [139.24084657291883, 36.34908465219423], [139.2405903192771, 36.34917289714414], [139.24033406563535, 36.34926114209406], [139.24007781199361, 36.34934938704397], [139.23982155835188, 36.34943763199388], [139.23956499914263, 36.34952528381184], [139.2393070577695, 36.349610252734756], [139.2390491163964, 36.34969522165766], [139.2387900948925, 36.34977799214206]]}}, {"type": "Feature", "properties": {"id": "北関東道-下り-12-5", "route": "北関東道", "direction": "下り", "from": null, "to": "伊勢崎IC", "grade": 0.3, "elevation_start": 93.9, "elevation_end": 94.7, "quality": "measured", "structure": "normal", "chain_rank": 12, "cum_dist_start": 1250.0, "cum_dist_end": 1500.0, "anomaly": false}, "geometry": {"type": "LineString", "coordinates": [[139.2387900948925, 36.34977799214206], [139.23853038484478, 36.34985936120251], [139.2382706747971, 36.349940730262965], [139.2380109647494, 36.35002209932342], [139.2377508886219, 36.35010267833493], [139.23748901509802, 36.35017937832595], [139.23722714157418, 36.35025607831697], [139.2369652680503, 36.35033277830798], [139.23670330520267, 36.35040927764258], [139.23644098617225, 36.35048497685024], [139.23617866714181, 36.350560676057896]]}}, {"type": "Feature", "properties": {"id": "北関東道-下り-12-6", "route": "北関東道", "direction": "下り", "from": null, "to": "伊勢崎IC", "grade": 0.2, "elevation_start": 94.7, "elevation_end": 95.2, "quality": "estimated", "structure": "normal", "chain_rank": 12, "cum_dist_start": 1500.0, "cum_dist_end": 1750.0, "anomaly": false}, "geometry": {"type": "LineString", "coordinates": [[139.23617866714181, 36.350560676057896], [139.2359155731302, 36.350634558460506], [139.2356513353769, 36.35070575956487], [139.23538709762357, 36.35077696066923], [139.23512285987024, 36.35084816177359], [139.23485862211695, 36.35091936287795], [139.23459451544306, 36.350990878053935], [139.23433108476482, 36.35106401294251], [139.23406765408654, 36.35113714783109], [139.2338042234083, 36.35121028271966], [139.23354079273005, 36.35128341760824]]}}, {"type": "Feature", "properties": {"id": "北関東道-下り-12-7", "route": "北関東道", "direction": "下り", "from": null, "to": "伊勢崎IC", "grade": 0.13, "elevation_start": 95.2, "elevation_end": 95.5, "quality": "estimated", "structure": "bridge", "chain_rank": 12, "cum_dist_start": 1750.0, "cum_dist_end": 2000.0, "anomaly": false}, "geometry": {"type": "LineString", "coordinates": [[139.23354079273005, 36.35128341760824], [139.23327736205178, 36.35135655249681], [139.2330131482116, 36.351427808766836], [139.2327491234365, 36.351499532338146], [139.23248519606165, 36.35157149288603], [139.23222126868683, 36.35164345343392], [139.23195734131198, 36.35171541398181], [139.23169341393714, 36.35178737452969], [139.2314294865623, 36.351859335077584], [139.23116555918747, 36.35193129562547], [139.23090163181263, 36.35200325617336]]}}, {"type": "Feature", "properties": {"id": "北関東道-下り-12-8", "route": "北関東道", "direction": "下り", "from": null, "to": "伊勢崎IC", "grade": -0.27, "elevation_start": 95.5, "elevation_end": 94.8, "quality": "measured", "structure": "normal", "chain_rank": 12, "cum_dist_start": 2000.0, "cum_dist_end": 2250.0, "anomaly": false}, "geometry": {"type": "LineString", "coordinates": [[139.23090163181263, 36.35200325617336], [139.23063770443778, 36.352075216721246], [139.23037377706294, 36.35214717726913], [139.23010984968812, 36.35221913781702], [139.22984592231327, 36.35229109836491], [139.22958199493843, 36.3523630589128], [139.22931806756358, 36.352435019460685], [139.22905414018877, 36.35250698000858], [139.22879021281392, 36.35257894055646], [139.22852626689846, 36.3526508575808], [139.22826221247104, 36.35272251987639]]}}, {"type": "Feature", "properties": {"id": "北関東道-下り-12-9", "route": "北関東道", "direction": "下り", "from": null, "to": "伊勢崎IC", "grade": -0.18, "elevation_start": 94.8, "elevation_end": 94.4, "quality": "measured", "structure": "normal", "chain_rank": 12, "cum_dist_start": 2250.0, "cum_dist_end": 2500.0, "anomaly": false}, "geometry": {"type": "LineString", "coordinates": [[139.22826221247104, 36.35272251987639], [139.2279981580436, 36.35279418217197], [139.22773410361614, 36.35286584446755], [139.2274700491887, 36.35293750676314], [139.22720599476125, 36.35300916905872], [139.2269419403338, 36.35308083135431], [139.22667788590635, 36.353152493649894], [139.2264138314789, 36.353224155945476], [139.2261489020465, 36.35329364228637], [139.22588320691395, 36.35336122449076], [139.2256175117814, 36.35342880669516]]}}, {"type": "Feature", "properties": {"id": "北関東道-下り-12-10", "route": "北関東道", "direction": "下り", "from": null, "to": "伊勢崎IC", "grade": -0.27, "elevation_start": 94.4, "elevation_end": 93.7, "quality": "measured", "structure": "normal", "chain_rank": 12, "cum_dist_start": 2500.0, "cum_dist_end": 2750.0, "anomaly": false}, "geometry": {"type": "LineString", "coordinates": [[139.2256175117814, 36.35342880669516], [139.2253518166488, 36.35349638889956], [139.22508612151626, 36.35356397110395], [139.22482033781338, 36.35363131964413], [139.2245534342408, 36.35369571376857], [139.2242865306682, 36.353760107893024], [139.2240196270956, 36.35382450201747], [139.22375262442856, 36.353888614936814], [139.22348384192955, 36.353947677141484], [139.22321505943057, 36.35400673934615], [139.22294627693157, 36.35406580155082]]}}, {"type": "Feature", "properties": {"id": "北関東道-下り-12-11", "route": "北関東道", "direction": "下り", "from": null, "to": "伊勢崎IC", "grade": -0.24, "elevation_start": 93.7, "elevation_end": 93.1, "quality": "measured", "structure": "normal", "chain_rank": 12, "cum_dist_start": 2750.0, "cum_dist_end": 3000.0, "anomaly": false}, "geometry": {"type": "LineString", "coordinates": [[139.22294627693157, 36.35406580155082], [139.2226774944326, 36.35412486375548], [139.22240822639955, 36.35418245395301], [139.2221387566375, 36.35423943256303], [139.22186928687543, 36.35429641117305], [139.22159936284046, 36.35435195926214], [139.22132927664651, 36.35440699670722], [139.22105852660496, 36.354459808901034], [139.22078711826165, 36.35451041443363], [139.22051570991835, 36.35456101996623], [139.22024430157504, 36.35461162549883]]}}, {"type": "Feature", "properties": {"id": "北関東道-下り-12-12", "route": "北関東道", "direction": "下り", "from": "伊勢崎IC", "to": null, "grade": 0.49, "elevation_start": 93.1, "elevation_end": 94.3, "quality": "measured", "structure": "normal", "chain_rank": 12, "cum_dist_start": 3000.0, "cum_dist_end": 3250.0, "anomaly": false}, "geometry": {"type": "LineString", "coordinates": [[139.22024430157504, 36.35461162549883], [139.21997289323173, 36.354662231031426], [139.21970094547515, 36.35471083830547], [139.219428147006, 36.354756294111354], [139.21915534853682, 36.354801749917236], [139.21888255006766, 36.35484720572312], [139.21860975159848, 36.354892661529], [139.2183368132043, 36.354937564358536], [139.21806380699647, 36.354982199192065], [139.21779080078863, 36.3550268340256], [139.21751713180353, 36.35506857653999]]}}, {"type": "Feature", "properties": {"id": "北関東道-下り-13-0", "route": "北関東道", "direction": "下り", "from": null, "to": null, "grade": -0.76, "elevation_start": 62.4, "elevation_end": 60.5, "quality": "estimated", "structure": "normal", "chain_rank": 13, "cum_dist_start": 0.0, "cum_dist_end": 250.0, "anomaly": false}, "geometry": {"type": "LineString", "coordinates": [[139.9803305, 36.4238154], [139.98054322108456, 36.42366978841242], [139.98075594216908, 36.42352417682484], [139.98097553891472, 36.42338548543983], [139.98119739191964, 36.42324906493049], [139.98141968791322, 36.42311311860522], [139.9816426609643, 36.422977897016075], [139.98186563401535, 36.42284267542692], [139.982095603673, 36.422715376735404], [139.98232747447156, 36.42259033683154], [139.98256184992454, 36.422468359768665]]}}, {"type": "Feature", "properties": {"id": "北関東道-下り-13-1", "route": "北関東道", "direction": "下り", "from": null, "to": null, "grade": 0.04, "elevation_start": 60.5, "elevation_end": 60.6, "quality": "estimated", "structure": "bridge", "chain_rank": 13, "cum_dist_start": 250.0, "cum_dist_end": 500.0, "anomaly": false}, "geometry": {"type": "LineString", "coordinates": [[139.98256184992454, 36.422468359768665], [139.98279622893386, 36.42234638729491], [139.98303430272173, 36.42222918256684], [139.98327252673778, 36.42211217887586], [139.9835116349098, 36.421996358372596], [139.9837541123245, 36.421885224986326], [139.98399702158054, 36.421774692355484], [139.98423993083657, 36.421664159724635], [139.98448740421446, 36.421560479032415], [139.98473529982917, 36.421457432227875], [139.98498319544387, 36.421354385423335]]}}, {"type": "Feature", "properties": {"id": "北関東道-下り-13-2", "route": "北関東道", "direction": "下り", "from": null, "to": null, "grade": 0.04, "elevation_start": 60.6, "elevation_end": 60.7, "quality": "estimated", "structure": "bridge", "chain_rank": 13, "cum_dist_start": 500.0, "cum_dist_end": 750.0, "anomaly": false}, "geometry": {"type": "LineString", "coordinates": [[139.98498319544387, 36.421354385423335], [139.98523375059688, 36.4212556748428], [139.98548543414827, 36.42115881523075], [139.9857383166783, 36.421064015966245], [139.98599119920829, 36.42096921670174], [139.98624408173828, 36.42087441743724], [139.98649696426827, 36.42077961817274], [139.98675090158912, 36.42068672064342], [139.98700669557317, 36.42059717107993], [139.98726248177027, 36.420507608188906], [139.9875182679674, 36.42041804529787]]}}, {"type": "Feature", "properties": {"id": "北関東道-下り-13-3", "route": "北関東道", "direction": "下り", "from": null, "to": null, "grade": 0.04, "elevation_start": 60.7, "elevation_end": 60.8, "quality": "estimated", "structure": "bridge", "chain_rank": 13, "cum_dist_start": 750.0, "cum_dist_end": 1000.0, "anomaly": false}, "geometry": {"type": "LineString", "coordinates": [[139.9875182679674, 36.42041804529787], [139.98777405416453, 36.420328482406845], [139.98802984036163, 36.42023891951582], [139.98828562655876, 36.42014935662479], [139.9885414127559, 36.42005979373376], [139.9887981731589, 36.41997207463094], [139.98905401851192, 36.41988263804623], [139.98930933514478, 36.419792208348284], [139.98956465177764, 36.41970177865034], [139.98981996841053, 36.419611348952394], [139.9900752850434, 36.41952091925445]]}}, {"type": "Feature", "properties": {"id": "北関東道-下り-13-4", "route": "北関東道", "direction": "下り", "from": null, "to": null, "grade": 0.04, "elevation_start": 60.8, "elevation_end": 60.9, "quality": "estimated", "structure": "bridge", "chain_rank": 13, "cum_dist_start": 1000.0, "cum_dist_end": 1250.0, "anomaly": false}, "geometry": {"type": "LineString", "coordinates": [[139.9900752850434, 36.41952091925445], [139.99033060167628, 36.41943048955651], [139.99058467489888, 36.419337837197304], [139.9908373790586, 36.419242737566144], [139.99109008321832, 36.41914763793498], [139.99134278737804, 36.419052538303816], [139.99159372575, 36.41895448218309], [139.99184308219597, 36.418853777415826], [139.99209243864195, 36.41875307264857], [139.9923400838626, 36.41864969996966], [139.99258565349473, 36.41854309132861]]}}, {"type": "Feature", "properties": {"id": "北関東道-下り-13-5", "route": "北関東道", "direction": "下り", "from": null, "to": null, "grade": 0.04, "elevation_start": 60.9, "elevation_end": 61.0, "quality": "estimated", "structure": "bridge", "chain_rank": 13, "cum_dist_start": 1250.0, "cum_dist_end": 1500.0, "anomaly": false}, "geometry": {"type": "LineString", "coordinates": [[139.99258565349473, 36.41854309132861], [139.99283122409062, 36.41843648442025], [139.9930758184972, 36.418328432527545], [139.99331959240465, 36.41821916643144], [139.99356244749526, 36.41810861013308], [139.99380181802542, 36.41799316081606], [139.99404075371362, 36.417877129392046], [139.99427871361382, 36.417759791716364], [139.99451667351406, 36.417642454040674], [139.9947519519128, 36.41752167189001], [139.99498584582219, 36.417399111318176]]}}, {"type": "Feature", "properties": {"id": "北関東道-下り-14-0", "route": "北関東道", "direction": "下り", "from": null, "to": null, "grade": 0.26, "elevation_start": 76.8, "elevation_end": 77.4, "quality": "estimated", "structure": "normal", "chain_rank": 14, "cum_dist_start": 0.0, "cum_dist_end": 250.0, "anomaly": false}, "geometry": {"type": "LineString", "coordinates": [[139.9392761, 36.471683], [139.93904904397314, 36.471813868912626], [139.93882198794626, 36.471944737825254], [139.93859538222387, 36.472076115015184], [139.9383689497595, 36.4722076877686], [139.93814430491832, 36.47234120672425], [139.937922756174, 36.47247809642969], [139.93770120742965, 36.472614986135135], [139.93748096378047, 36.472753227939535], [139.93726258401935, 36.47289340076103], [139.93704958300435, 36.47303883540832]]}}, {"type": "Feature", "properties": {"id": "北関東道-下り-14-1", "route": "北関東道", "direction": "下り", "from": null, "to": null, "grade": 2.03, "elevation_start": 77.4, "elevation_end": 82.5, "quality": "estimated", "structure": "bridge", "chain_rank": 14, "cum_dist_start": 250.0, "cum_dist_end": 500.0, "anomaly": false}, "geometry": {"type": "LineString", "coordinates": [[139.93704958300435, 36.47303883540832], [139.93683783586627, 36.47318549667639], [139.9366272154981, 36.47333320321564], [139.93641826178887, 36.473482455865096], [139.9362093080796, 36.47363170851455], [139.93600708201325, 36.47378686201322], [139.9358057375012, 36.473942788727626], [139.93560439298918, 36.474098715442025], [139.93540304847716, 36.47425464215643], [139.93520627568753, 36.47441426606957], [139.9350129706785, 36.47457669441242]]}}, {"type": "Feature", "properties": {"id": "北関東道-下り-14-2", "route": "北関東道", "direction": "下り", "from": null, "to": null, "grade": 1.47, "elevation_start": 82.5, "elevation_end": 86.2, "quality": "estimated", "structure": "normal", "chain_rank": 14, "cum_dist_start": 500.0, "cum_dist_end": 750.0, "anomaly": false}, "geometry": {"type": "LineString", "coordinates": [[139.9350129706785, 36.47457669441242], [139.9348218496713, 36.474740766281656], [139.9346348994864, 36.47490797681892], [139.93444794930153, 36.47507518735618], [139.9342632638528, 36.47524401282454], [139.9340810179867, 36.47541457790295], [139.93389952670955, 36.47558565525503], [139.93372284220638, 36.47575999581922], [139.93354615770323, 36.4759343363834], [139.93337082429477, 36.47610956183538], [139.93319618313694, 36.476285240670904]]}}, {"type": "Feature", "properties": {"id": "北関東道-下り-14-3", "route": "北関東道", "direction": "下り", "from": null, "to": null, "grade": 0.27, "elevation_start": 86.2, "elevation_end": 86.9, "quality": "measured", "structure": "normal", "chain_rank": 14, "cum_dist_start": 750.0, "cum_dist_end": 1000.0, "anomaly": false}, "geometry": {"type": "LineString", "coordinates": [[139.93319618313694, 36.476285240670904], [139.93302759099547, 36.47646469414845], [139.9328611928427, 36.476645516695214], [139.93269479468992, 36.476826339241974], [139.93252939815255, 36.47700776027192], [139.9323641981508, 36.477189298735404], [139.932198998149, 36.47737083719889], [139.93203379814724, 36.47755237566238], [139.9318673117677, 36.477733143451275], [139.93169994775778, 36.47791338544796], [139.93153258374787, 36.47809362744465]]}}, {"type": "Feature", "properties": {"id": "北関東道-下り-14-4", "route": "北関東道", "direction": "下り", "from": null, "to": null, "grade": 0.25, "elevation_start": 86.9, "elevation_end": 87.5, "quality": "measured", "structure": "normal", "chain_rank": 14, "cum_dist_start": 1000.0, "cum_dist_end": 1250.0, "anomaly": false}, "geometry": {"type": "LineString", "coordinates": [[139.93153258374787, 36.47809362744465], [139.93136521973796, 36.47827386944133], [139.93119787610942, 36.4784541242301], [139.9310305472496, 36.478634388288185], [139.93086321838976, 36.47881465234627], [139.93069022459733, 36.47899137206487], [139.93051585388773, 36.47916723029713], [139.9303414831781, 36.47934308852938], [139.93016590377476, 36.479518139104506], [139.92998459730012, 36.47968936281262], [139.92980329082545, 36.47986058652074]]}}, {"type": "Feature", "properties": {"id": "北関東道-下り-15-0", "route": "北関東道", "direction": "下り", "from": "出流原PA/スマートIC（西行き）", "to": "出流原PA (西行き)", "grade": 2.16, "elevation_start": 59.9, "elevation_end": 65.2, "quality": "measured", "structure": "normal", "chain_rank": 15, "cum_dist_start": 0.0, "cum_dist_end": 250.0, "anomaly": false}, "geometry": {"type": "LineString", "coordinates": [[139.5510113, 36.3659976], [139.55074895773564, 36.366073365002016], [139.5504866154713, 36.36614913000404], [139.55022535476084, 36.366227195095725], [139.5499670701301, 36.366311589275575], [139.54970878549932, 36.36639598345543], [139.54945207370164, 36.36648337197214], [139.5491976728375, 36.36657516001061], [139.54894327197331, 36.36666694804908], [139.54869158590662, 36.366763447170726], [139.54844108857014, 36.36686200913756]]}}, {"type": "Feature", "properties": {"id": "北関東道-下り-15-1", "route": "北関東道", "direction": "下り", "from": "出流原PA (東行き)", "to": "出流原PA/スマートIC（東行き）", "grade": 0.33, "elevation_start": 65.2, "elevation_end": 66.1, "quality": "estimated", "structure": "normal", "chain_rank": 15, "cum_dist_start": 250.0, "cum_dist_end": 500.0, "anomaly": false}, "geometry": {"type": "LineString", "coordinates": [[139.54844108857014, 36.36686200913756], [139.54819059123363, 36.36696057110439], [139.54794349676118, 36.36706455314235], [139.5476973196579, 36.36716999636303], [139.54745114255462, 36.36727543958372], [139.54720845823417, 36.367386003078046], [139.54696690308504, 36.367498221890365], [139.5467253479359, 36.367610440702684], [139.5464897475931, 36.36773062851718], [139.54625460800088, 36.36785143292976], [139.54601946840864, 36.367972237342336]]}}, {"type": "Feature", "properties": {"id": "北関東道-下り-15-2", "route": "北関東道", "direction": "下り", "from": "出流原PA (東行き)", "to": "出流原PA/スマートIC（東行き）", "grade": 0.0, "elevation_start": 66.1, "elevation_end": 66.1, "quality": "estimated", "structure": "bridge", "chain_rank": 15, "cum_dist_start": 500.0, "cum_dist_end": 750.0, "anomaly": false}, "geometry": {"type": "LineString", "coordinates": [[139.54601946840864, 36.367972237342336], [139.54578783682888, 36.36809739603692], [139.54555815912892, 36.36822487173194], [139.54532964118206, 36.36835372167533], [139.5451011232352, 36.368482571618706], [139.54487448776803, 36.36861349893343], [139.5446537636909, 36.36875094963979], [139.54443303961375, 36.36888840034615], [139.5442153849422, 36.36902901245342], [139.5439979789026, 36.36916988064456], [139.543780572863, 36.369310748835716]]}}, {"type": "Feature", "properties": {"id": "北関東道-下り-15-3", "route": "北関東道", "direction": "下り", "from": "出流原PA/スマートIC（東行き）", "to": null, "grade": 0.0, "elevation_start": 66.1, "elevation_end": 66.1, "quality": "estimated", "structure": "bridge", "chain_rank": 15, "cum_dist_start": 750.0, "cum_dist_end": 1000.0, "anomaly": false}, "geometry": {"type": "LineString", "coordinates": [[139.543780572863, 36.369310748835716], [139.54356398822912, 36.36945242586429], [139.54335091313325, 36.3695975587315], [139.54313810143577, 36.369742943212145], [139.54292606255868, 36.36988906593559], [139.54271129518983, 36.37003254189988], [139.54249536237913, 36.37017488733334], [139.5422794295684, 36.37031723276681], [139.54206349675766, 36.37045957820027], [139.54184686165607, 36.37060122207681], [139.54162957286363, 36.370742212945665]]}}, {"type": "Feature", "properties": {"id": "北関東道-下り-15-4", "route": "北関東道", "direction": "下り", "from": "出流原PA/スマートIC（東行き）", "to": null, "grade": 0.0, "elevation_start": 66.1, "elevation_end": 66.1, "quality": "estimated", "structure": "tunnel", "chain_rank": 15, "cum_dist_start": 1000.0, "cum_dist_end": 1250.0, "anomaly": false}, "geometry": {"type": "LineString", "coordinates": [[139.54162957286363, 36.370742212945665], [139.54141228407119, 36.37088320381452], [139.54119289785586, 36.37102201308304], [139.54097034668882, 36.37115753037843], [139.54074716587448, 36.37129234707361], [139.5405190550313, 36.371421678190714], [139.5402909441881, 36.371551009307815], [139.54005795134418, 36.37167451148919], [139.53982478693564, 36.37179780882843], [139.53958872215006, 36.37191742586857], [139.53935202776125, 36.37203624400286]]}}, {"type": "Feature", "properties": {"id": "北関東道-下り-16-0", "route": "北関東道", "direction": "下り", "from": null, "to": null, "grade": 0.0, "elevation_start": 0.0, "elevation_end": 0.0, "quality": "estimated", "structure": "bridge", "chain_rank": 16, "cum_dist_start": 0.0, "cum_dist_end": 250.0, "anomaly": false}, "geometry": {"type": "LineString", "coordinates": [[139.3554276, 36.3362062], [139.35570330032203, 36.33617455918282], [139.35597919636203, 36.336144090146284], [139.3562559046835, 36.33611911323448], [139.35653328612506, 36.33609944518464], [139.35681111094, 36.33608452930032], [139.35708927589155, 36.33607416464452], [139.35736764732547, 36.336068841795736], [139.35764608134141, 36.33606590982189], [139.3579245410216, 36.336066040800105], [139.3582027911098, 36.3360725694339]]}}, {"type": "Feature", "properties": {"id": "北関東道-下り-16-1", "route": "北関東道", "direction": "下り", "from": null, "to": null, "grade": 0.0, "elevation_start": 0.0, "elevation_end": 0.0, "quality": "estimated", "structure": "normal", "chain_rank": 16, "cum_dist_start": 250.0, "cum_dist_end": 500.0, "anomaly": false}, "geometry": {"type": "LineString", "coordinates": [[139.3582027911098, 36.3360725694339], [139.35848086418858, 36.336084437000075], [139.35875889974236, 36.33609686931849], [139.35903693529613, 36.3361093016369], [139.35931457092676, 36.336126291022566], [139.3595919876107, 36.336145775273536], [139.3598692461681, 36.33616651581874], [139.36014582094526, 36.336192688903765], [139.36042239572242, 36.33621886198878], [139.3606988203328, 36.3362460036518], [139.36097481154863, 36.3362759407155]]}}, {"type": "Feature", "properties": {"id": "北関東道-下り-16-2", "route": "北関東道", "direction": "下り", "from": null, "to": null, "grade": 0.0, "elevation_start": 0.0, "elevation_end": 0.0, "quality": "estimated", "structure": "bridge", "chain_rank": 16, "cum_dist_start": 500.0, "cum_dist_end": 750.0, "anomaly": false}, "geometry": {"type": "LineString", "coordinates": [[139.36097481154863, 36.3362759407155], [139.3612508027645, 36.33630587777921], [139.36152679398035, 36.33633581484291], [139.36180241803785, 36.33636786722071], [139.3620780547713, 36.336399858112294], [139.36235390416468, 36.336430641977365], [139.36262975355802, 36.33646142584244], [139.36290568001934, 36.336491733389884], [139.36318203314892, 36.33651940391988], [139.3634584753586, 36.3365464489118], [139.36373536732765, 36.33657033560532]]}}, {"type": "Feature", "properties": {"id": "北関東道-下り-17-0", "route": "北関東道", "direction": "下り", "from": "出流原PA/スマートIC（東行き）", "to": "出流原PA (東行き)", "grade": -1.85, "elevation_start": 69.7, "elevation_end": 65.0, "quality": "measured", "structure": "normal", "chain_rank": 17, "cum_dist_start": 0.0, "cum_dist_end": 250.0, "anomaly": false}, "geometry": {"type": "LineString", "coordinates": [[139.5459622, 36.3681194], [139.54619791171586, 36.367999326472], [139.5464336234317, 36.367879252944014], [139.54667019796952, 36.36776032892404], [139.54691065759098, 36.367646580867614], [139.54715111721248, 36.367532832811186], [139.5473937057475, 36.36742212128376], [139.54763782252948, 36.367313589537744], [139.54788193931142, 36.36720505779172], [139.5481260560934, 36.3670965260457], [139.54837559444573, 36.366996488021584]]}}, {"type": "Feature", "properties": {"id": "北関東道-下り-17-1", "route": "北関東道", "direction": "下り", "from": "出流原PA (西行き)", "to": "出流原PA/スマートIC（西行き）", "grade": -2.05, "elevation_start": 65.0, "elevation_end": 59.9, "quality": "estimated", "structure": "normal", "chain_rank": 17, "cum_dist_start": 250.0, "cum_dist_end": 500.0, "anomaly": false}, "geometry": {"type": "LineString", "coordinates": [[139.54837559444573, 36.366996488021584], [139.5486263595283, 36.366898371858575], [139.54887717763435, 36.366800348957035], [139.5491324891133, 36.36671022931777], [139.54938780059226, 36.36662010967849], [139.5496431120712, 36.366529990039226], [139.5499039079418, 36.36645082442436], [139.55016480862838, 36.36637186815943], [139.5504263624263, 36.3662943569305], [139.55068868416345, 36.36621854479899], [139.5509510059006, 36.36614273266748]]}}, {"type": "Feature", "properties": {"id": "北関東道-下り-17-2", "route": "北関東道", "direction": "下り", "from": "出流原PA/スマートIC（西行き）", "to": null, "grade": 0.16, "elevation_start": 59.9, "elevation_end": 60.3, "quality": "estimated", "structure": "bridge", "chain_rank": 17, "cum_dist_start": 500.0, "cum_dist_end": 750.0, "anomaly": false}, "geometry": {"type": "LineString", "coordinates": [[139.5509510059006, 36.36614273266748], [139.55121332763773, 36.366066920535964], [139.5514783970617, 36.36599778250759], [139.55174454155335, 36.365931255807716], [139.55201085565497, 36.36586520061139], [139.55227958167686, 36.36580585038112], [139.55254840010747, 36.36574679606555], [139.55281973797494, 36.36569580958137], [139.5530910758424, 36.365644823097185], [139.55336241370986, 36.365593836613], [139.55363391909412, 36.36554343884436]]}}, {"type": "Feature", "properties": {"id": "北関東道-下り-17-3", "route": "北関東道", "direction": "下り", "from": "出流原PA/スマートIC（西行き）", "to": null, "grade": 0.16, "elevation_start": 60.3, "elevation_end": 60.7, "quality": "estimated", "structure": "bridge", "chain_rank": 17, "cum_dist_start": 750.0, "cum_dist_end": 1000.0, "anomaly": false}, "geometry": {"type": "LineString", "coordinates": [[139.55363391909412, 36.36554343884436], [139.55390544911273, 36.365493127649785], [139.55417753687576, 36.36544487861605], [139.55445023203796, 36.36539887533282], [139.55472310468585, 36.3653536558186], [139.5549982532875, 36.36531848681573], [139.55527340188914, 36.36528331781286], [139.55554855049078, 36.36524814880998], [139.55582369909243, 36.36521297980711], [139.55609884769407, 36.36517781080424], [139.55637399629572, 36.36514264180136]]}}, {"type": "Feature", "properties": {"id": "北関東道-下り-17-4", "route": "北関東道", "direction": "下り", "from": "出流原PA/スマートIC（西行き）", "to": null, "grade": 3.27, "elevation_start": 60.7, "elevation_end": 68.9, "quality": "measured", "structure": "normal", "chain_rank": 17, "cum_dist_start": 1000.0, "cum_dist_end": 1250.0, "anomaly": false}, "geometry": {"type": "LineString", "coordinates": [[139.55637399629572, 36.36514264180136], [139.55664914489736, 36.36510747279849], [139.556924293499, 36.36507230379562], [139.55719855547775, 36.36503289824247], [139.5574727003313, 36.36499293302988], [139.55774684518485, 36.364952967817295], [139.5580209900384, 36.36491300260471], [139.5582940456718, 36.36486855775524], [139.5585664942475, 36.364821616258666], [139.5588389428232, 36.364774674762096], [139.5591102911737, 36.3647238601591]]}}, {"type": "Feature", "properties": {"id": "北関東道-下り-18-0", "route": "北関東道", "direction": "下り", "from": null, "to": null, "grade": 0.0, "elevation_start": 56.0, "elevation_end": 56.0, "quality": "estimated", "structure": "bridge", "chain_rank": 18, "cum_dist_start": 0.0, "cum_dist_end": 250.0, "anomaly": false}, "geometry": {"type": "LineString", "coordinates": [[139.4788269, 36.3634192], [139.47858205707038, 36.363526639219465], [139.47833721414077, 36.36363407843893], [139.4780948612375, 36.36374502277097], [139.4778568052785, 36.36386201574312], [139.47761874931948, 36.36397900871527], [139.4773859262583, 36.36410265900452], [139.4771539497632, 36.36422738629905], [139.4769219732681, 36.364352113593576], [139.47669209429378, 36.36447932670797], [139.47646398554937, 36.36460863776235]]}}, {"type": "Feature", "properties": {"id": "北関東道-下り-18-1", "route": "北関東道", "direction": "下り", "from": null, "to": null, "grade": -0.02, "elevation_start": 56.0, "elevation_end": 56.0, "quality": "estimated", "structure": "bridge", "chain_rank": 18, "cum_dist_start": 250.0, "cum_dist_end": 500.0, "anomaly": false}, "geometry": {"type": "LineString", "coordinates": [[139.47646398554937, 36.36460863776235], [139.47623587680496, 36.36473794881673], [139.47600776806055, 36.36486725987111], [139.47577966011258, 36.36499657200985], [139.47555156004378, 36.36512589487631], [139.47532345997496, 36.36525521774276], [139.47509535990613, 36.365384540609206], [139.47486638325316, 36.365512823626105], [139.47463415543373, 36.36563724994099], [139.4744019276143, 36.36576167625587], [139.4741688517746, 36.365885017572]]}}, {"type": "Feature", "properties": {"id": "北関東道-下り-18-2", "route": "北関東道", "direction": "下り", "from": null, "to": null, "grade": -0.61, "elevation_start": 56.0, "elevation_end": 54.5, "quality": "measured", "structure": "normal", "chain_rank": 18, "cum_dist_start": 500.0, "cum_dist_end": 750.0, "anomaly": false}, "geometry": {"type": "LineString", "coordinates": [[139.4741688517746, 36.365885017572], [139.47393023004005, 36.366001263198015], [139.47369160830547, 36.36611750882403], [139.47345298657092, 36.36623375445004], [139.47320948543694, 36.36634306223749], [139.47296396335796, 36.366449496517504], [139.47271844127894, 36.36655593079752], [139.47247290990012, 36.366662350206305], [139.4722213917214, 36.36675919621917], [139.4719681986838, 36.36685307196647], [139.4717128587597, 36.36694314033443]]}}, {"type": "Feature", "properties": {"id": "北関東道-上り-0-0", "route": "北関東道", "direction": "上り", "from": "水戸南IC", "to": "茨城町東IC", "grade": -0.24, "elevation_start": 36.0, "elevation_end": 35.4, "quality": "measured", "structure": "normal", "chain_rank": 0, "cum_dist_start": 0.0, "cum_dist_end": 250.0, "anomaly": false}, "geometry": {"type": "LineString", "coordinates": [[140.4883938, 36.3295961], [140.48815632608512, 36.329478473272765], [140.48791885217025, 36.32936084654553], [140.48768137825536, 36.329243219818295], [140.48744678221348, 36.32912193963026], [140.48721471528623, 36.3289974487303], [140.48698744410942, 36.32886730014214], [140.48676031365133, 36.32873698554399], [140.48653412245488, 36.32860562037993], [140.48631003456165, 36.32847190266736], [140.48608594666842, 36.328338184954795]]}}, {"type": "Feature", "properties": {"id": "北関東道-上り-0-1", "route": "北関東道", "direction": "上り", "from": "水戸南IC", "to": "茨城町東IC", "grade": -0.13, "elevation_start": 35.4, "elevation_end": 35.1, "quality": "measured", "structure": "normal", "chain_rank": 0, "cum_dist_start": 250.0, "cum_dist_end": 500.0, "anomaly": false}, "geometry": {"type": "LineString", "coordinates": [[140.48608594666842, 36.328338184954795], [140.48586221409423, 36.32820408434901], [140.4856409656881, 36.32806730679389], [140.48542194876293, 36.327928222244715], [140.4852046760437, 36.327787334465846], [140.48498740332448, 36.32764644668698], [140.48477125810902, 36.327504429100266], [140.48455514878682, 36.32736237554693], [140.48434122300537, 36.327218197035705], [140.48412913791444, 36.3270722272184], [140.4839171224169, 36.326926192265596]]}}, {"type": "Feature", "properties": {"id": "北関東道-上り-0-2", "route": "北関東道", "direction": "上り", "from": "水戸南IC", "to": "茨城町東IC", "grade": 0.34, "elevation_start": 35.1, "elevation_end": 35.9, "quality": "measured", "structure": "normal", "chain_rank": 0, "cum_dist_start": 500.0, "cum_dist_end": 750.0, "anomaly": false}, "geometry": {"type": "LineString", "coordinates": [[140.4839171224169, 36.326926192265596], [140.4837079048634, 36.32677753859469], [140.4834986873099, 36.32662888492379], [140.48328986212525, 36.326479876111286], [140.4830838726355, 36.326328300649294], [140.48287788314576, 36.32617672518731], [140.482671893656, 36.326025149725325], [140.48246590416628, 36.32587357426334], [140.4822613570585, 36.325720730330076], [140.4820574070022, 36.32556736133293], [140.4818534569459, 36.325413992335776]]}}, {"type": "Feature", "properties": {"id": "北関東道-上り-0-3", "route": "北関東道", "direction": "上り", "from": "水戸南IC", "to": "茨城町東IC", "grade": 0.03, "elevation_start": 35.9, "elevation_end": 36.0, "quality": "measured", "structure": "normal", "chain_rank": 0, "cum_dist_start": 750.0, "cum_dist_end": 1000.0, "anomaly": false}, "geometry": {"type": "LineString", "coordinates": [[140.4818534569459, 36.325413992335776], [140.48164950688965, 36.32526062333862], [140.48144555683336, 36.32510725434147], [140.48124427594868, 36.32495160682618], [140.48104400677573, 36.32479509567084], [140.4808437376028, 36.32463858451549], [140.48064346842986, 36.324482073360144], [140.4804431992569, 36.3243255622048], [140.48024293008396, 36.32416905104945], [140.4800420227661, 36.32401307824272], [140.47984103536558, 36.32385717299489]]}}, {"type": "Feature", "properties": {"id": "北関東道-上り-0-4", "route": "北関東道", "direction": "上り", "from": "水戸南IC", "to": "茨城町東IC", "grade": -0.39, "elevation_start": 36.0, "elevation_end": 35.0, "quality": "measured", "structure": "normal", "chain_rank": 0, "cum_dist_start": 1000.0, "cum_dist_end": 1250.0, "anomaly": false}, "geometry": {"type": "LineString", "coordinates": [[140.47984103536558, 36.32385717299489], [140.4796400479651, 36.323701267747055], [140.4794390605646, 36.323545362499225], [140.47923807316408, 36.323389457251395], [140.47903712956085, 36.323233516074744], [140.47883623043955, 36.32307753840755], [140.4786353313183, 36.32292156074037], [140.478434432197, 36.322765583073185], [140.47823353307572, 36.322609605406], [140.47803263395443, 36.32245362773882], [140.47783173483316, 36.32229765007163]]}}, {"type": "Feature", "properties": {"id": "北関東道-上り-0-5", "route": "北関東道", "direction": "上り", "from": "水戸南IC", "to": "茨城町東IC", "grade": -0.07, "elevation_start": 35.0, "elevation_end": 34.8, "quality": "measured", "structure": "normal", "chain_rank": 0, "cum_dist_start": 1250.0, "cum_dist_end": 1500.0, "anomaly": false}, "geometry": {"type": "LineString", "coordinates": [[140.47783173483316, 36.32229765007163], [140.47762799979478, 36.32214414101961], [140.4774212128272, 36.321993288617406], [140.47721442585967, 36.3218424362152], [140.4770076388921, 36.321691583813], [140.47680085192454, 36.32154073141079], [140.476594064957, 36.321389879008585], [140.47638703926492, 36.32123924376765], [140.47617796920176, 36.32109046823618], [140.47596889913856, 36.3209416927047], [140.4757598290754, 36.32079291717322]]}}, {"type": "Feature", "properties": {"id": "北関東道-上り-0-6", "route": "北関東道", "direction": "上り", "from": "水戸南IC", "to": "茨城町東IC", "grade": 0.26, "elevation_start": 34.8, "elevation_end": 35.5, "quality": "measured", "structure": "normal", "chain_rank": 0, "cum_dist_start": 1500.0, "cum_dist_end": 1750.0, "anomaly": false}, "geometry": {"type": "LineString", "coordinates": [[140.4757598290754, 36.32079291717322], [140.4755487005798, 36.32064608738061], [140.47533487209228, 36.3205018097627], [140.47512098071735, 36.32035759352014], [140.47490691818945, 36.320213544315386], [140.47469285566154, 36.32006949511064], [140.4744760918356, 36.319928185876165], [140.47425501233562, 36.31979125409974], [140.474033482599, 36.319654801492625], [140.47381149213834, 36.31951883921616], [140.4735895016777, 36.31938287693969]]}}, {"type": "Feature", "properties": {"id": "北関東道-上り-0-7", "route": "北関東道", "direction": "上り", "from": "水戸南IC", "to": "茨城町東IC", "grade": 0.32, "elevation_start": 35.5, "elevation_end": 36.3, "quality": "measured", "structure": "normal", "chain_rank": 0, "cum_dist_start": 1750.0, "cum_dist_end": 2000.0, "anomaly": false}, "geometry": {"type": "LineString", "coordinates": [[140.4735895016777, 36.31938287693969], [140.47336641963847, 36.31924809110247], [140.47314328122468, 36.31911336602245], [140.472914779545, 36.318984673607844], [140.4726860293596, 36.31885626071546], [140.47245582838016, 36.31872956135558], [140.4722253362886, 36.3186032058282], [140.47199397253587, 36.31847791313039], [140.4717606084738, 36.318355059439895], [140.47152451007145, 36.31823572985016], [140.47128641430515, 36.3181189745237]]}}, {"type": "Feature", "properties": {"id": "北関東道-上り-0-8", "route": "北関東道", "direction": "上り", "from": "水戸南IC", "to": "茨城町東IC", "grade": -0.22, "elevation_start": 36.3, "elevation_end": 35.7, "quality": "measured", "structure": "normal", "chain_rank": 0, "cum_dist_start": 2000.0, "cum_dist_end": 2250.0, "anomaly": false}, "geometry": {"type": "LineString", "coordinates": [[140.47128641430515, 36.3181189745237], [140.4710483185389, 36.31800221919724], [140.47080766431125, 36.31788896488978], [140.470566250286, 36.31777676762726], [140.47032336119358, 36.31766667023086], [140.47008043508748, 36.317556627801075], [140.46983447545605, 36.317451090259176], [140.4695877166314, 36.31734680266086], [140.46933922010425, 36.31724523284089], [140.46909072357712, 36.31714366302093], [140.4688394875623, 36.31704662582943]]}}, {"type": "Feature", "properties": {"id": "北関東道-上り-0-9", "route": "北関東道", "direction": "上り", "from": "水戸南IC", "to": "茨城町東IC", "grade": -0.23, "elevation_start": 35.7, "elevation_end": 35.2, "quality": "measured", "structure": "normal", "chain_rank": 0, "cum_dist_start": 2250.0, "cum_dist_end": 2500.0, "anomaly": false}, "geometry": {"type": "LineString", "coordinates": [[140.4688394875623, 36.31704662582943], [140.4685878892717, 36.316950188042505], [140.46833613384146, 36.316854029394186], [140.46808112991687, 36.31676364128265], [140.4678261259923, 36.31667325317112], [140.46757013704897, 36.31658475770592], [140.46731208765942, 36.31650022124744], [140.46705403826988, 36.31641568478895], [140.46679455521576, 36.316334140756304], [140.46653355352416, 36.31625576650961], [140.4662725518326, 36.31617739226292]]}}, {"type": "Feature", "properties": {"id": "北関東道-上り-0-10", "route": "北関東道", "direction": "上り", "from": "水戸南IC", "to": "茨城町東IC", "grade": 0.23, "elevation_start": 35.2, "elevation_end": 35.8, "quality": "measured", "structure": "normal", "chain_rank": 0, "cum_dist_start": 2500.0, "cum_dist_end": 2750.0, "anomaly": false}, "geometry": {"type": "LineString", "coordinates": [[140.4662725518326, 36.31617739226292], [140.4660097379099, 36.3161031652456], [140.46574589454946, 36.316031294061666], [140.46548205118899, 36.31595942287773], [140.46521590404112, 36.31589342817398], [140.46494913263666, 36.31582902581831], [140.4646823612322, 36.31576462346265], [140.46441474325107, 36.31570257713354], [140.46414692292984, 36.315641093917776], [140.46387910260862, 36.31557961070201], [140.46360912030536, 36.31552467710304]]}}, {"type": "Feature", "properties": {"id": "北関東道-上り-0-11", "route": "北関東道", "direction": "上り", "from": "水戸南IC", "to": "茨城町東IC", "grade": 0.29, "elevation_start": 35.8, "elevation_end": 36.5, "quality": "measured", "structure": "normal", "chain_rank": 0, "cum_dist_start": 2750.0, "cum_dist_end": 3000.0, "anomaly": false}, "geometry": {"type": "LineString", "coordinates": [[140.46360912030536, 36.31552467710304], [140.46333910186803, 36.31546985297051], [140.46306836082348, 36.31541751956302], [140.46279641656815, 36.315369333453155], [140.46252447231285, 36.31532114734329], [140.46225252805752, 36.315272961233426], [140.46197873528052, 36.31523229207406], [140.46170472075616, 36.3151925246427], [140.46143027502904, 36.3151548066521], [140.46115544560197, 36.31511891232882], [140.4608803929572, 36.31508423497841]]}}, {"type": "Feature", "properties": {"id": "北関東道-上り-0-12", "route": "北関東道", "direction": "上り", "from": "水戸南IC", "to": "茨城町東IC", "grade": -0.86, "elevation_start": 36.5, "elevation_end": 34.3, "quality": "estimated", "structure": "normal", "chain_rank": 0, "cum_dist_start": 3000.0, "cum_dist_end": 3250.0, "anomaly": false}, "geometry": {"type": "LineString", "coordinates": [[140.4608803929572, 36.31508423497841], [140.46060453394207, 36.31505395392275], [140.46032867492696, 36.31502367286709], [140.460052446725, 36.31499588049987], [140.4597755721598, 36.31497244526745], [140.45949852164574, 36.314950447473585], [140.45922135021854, 36.31492943749614], [140.45894417879134, 36.314908427518695], [140.4586664450824, 36.314893503926925], [140.45838849555153, 36.31488091648682], [140.4581105460207, 36.314868329046725]]}}, {"type": "Feature", "properties": {"id": "北関東道-上り-0-13", "route": "北関東道", "direction": "上り", "from": "茨城町東IC", "to": "茨城町JCT", "grade": -1.77, "elevation_start": 34.3, "elevation_end": 29.9, "quality": "estimated", "structure": "bridge", "chain_rank": 0, "cum_dist_start": 3250.0, "cum_dist_end": 3500.0, "anomaly": false}, "geometry": {"type": "LineString", "coordinates": [[140.4581105460207, 36.314868329046725], [140.4578325596093, 36.314856445184866], [140.45755429176143, 36.31484993035123], [140.4572759839085, 36.314844908777516], [140.45699762806257, 36.31484210548875], [140.45671926402454, 36.314844820031674], [140.45644089998652, 36.3148475345746], [140.45616253594847, 36.31485024911752], [140.45588417901172, 36.31485315446958], [140.45560611777918, 36.31486400529815], [140.45532815385872, 36.314876323189964]]}}, {"type": "Feature", "properties": {"id": "北関東道-上り-0-14", "route": "北関東道", "direction": "上り", "from": "茨城町東IC", "to": "茨城町JCT", "grade": -1.61, "elevation_start": 29.9, "elevation_end": 25.9, "quality": "measured", "structure": "normal", "chain_rank": 0, "cum_dist_start": 3500.0, "cum_dist_end": 3750.0, "anomaly": false}, "geometry": {"type": "LineString", "coordinates": [[140.45532815385872, 36.314876323189964], [140.45505025617888, 36.314889639715474], [140.454772358499, 36.314902956240985], [140.45449499815533, 36.31492203809211], [140.4542177772568, 36.31494261611399], [140.45394064696654, 36.314963932721994], [140.45366384095087, 36.31498789262681], [140.4533870349352, 36.31501185253162], [140.45311089404186, 36.315040186531256], [140.4528351712097, 36.315071269858215], [140.45255944837754, 36.315102353185175]]}}, {"type": "Feature", "properties": {"id": "北関東道-上り-0-15", "route": "北関東道", "direction": "上り", "from": "茨城町東IC", "to": "茨城町JCT", "grade": -1.73, "elevation_start": 25.9, "elevation_end": 21.6, "quality": "measured", "structure": "normal", "chain_rank": 0, "cum_dist_start": 3750.0, "cum_dist_end": 4000.0, "anomaly": false}, "geometry": {"type": "LineString", "coordinates": [[140.45255944837754, 36.315102353185175], [140.45228421724784, 36.31513590865912], [140.45201037283078, 36.31517643614985], [140.45173652841373, 36.31521696364058], [140.4514626839967, 36.315257491131305], [140.45118883957966, 36.31529801862204], [140.45091656097304, 36.315344926047366], [140.45064437143998, 36.315392196405156], [140.4503733331684, 36.31544357641168], [140.45010257700855, 36.315495963470255], [140.44983182084871, 36.315548350528836]]}}, {"type": "Feature", "properties": {"id": "北関東道-上り-0-16", "route": "北関東道", "direction": "上り", "from": "茨城町東IC", "to": "茨城町JCT", "grade": -0.44, "elevation_start": 21.6, "elevation_end": 20.5, "quality": "measured", "structure": "normal", "chain_rank": 0, "cum_dist_start": 4000.0, "cum_dist_end": 4250.0, "anomaly": false}, "geometry": {"type": "LineString", "coordinates": [[140.44983182084871, 36.315548350528836], [140.44956106468888, 36.31560073758742], [140.449291049999, 36.3156555256122], [140.44902169488248, 36.31571244941245], [140.44875233976595, 36.31576937321271], [140.44848298464942, 36.31582629701297], [140.4482136295329, 36.31588322081323], [140.4479447734142, 36.31594166848925], [140.4476759998327, 36.3160003682233], [140.44740722625124, 36.31605906795735], [140.44713845266975, 36.316117767691395]]}}, {"type": "Feature", "properties": {"id": "北関東道-上り-0-17", "route": "北関東道", "direction": "上り", "from": "茨城町東IC", "to": "茨城町JCT", "grade": -0.25, "elevation_start": 20.5, "elevation_end": 19.8, "quality": "measured", "structure": "normal", "chain_rank": 0, "cum_dist_start": 4250.0, "cum_dist_end": 4500.0, "anomaly": false}, "geometry": {"type": "LineString", "coordinates": [[140.44713845266975, 36.316117767691395], [140.44686967908825, 36.31617646742544], [140.44660090550678, 36.31623516715949], [140.44633171297752, 36.3162925921481], [140.44606234634168, 36.31634948737711], [140.44579297970586, 36.31640638260612], [140.44552361307, 36.31646327783513], [140.44525424643416, 36.31652017306414], [140.4449848797983, 36.31657706829315], [140.44471467157683, 36.31663122180553], [140.44444370157322, 36.316682893585174]]}}, {"type": "Feature", "properties": {"id": "北関東道-上り-0-18", "route": "北関東道", "direction": "上り", "from": "茨城町東IC", "to": "茨城町JCT", "grade": -0.34, "elevation_start": 19.8, "elevation_end": 19.0, "quality": "measured", "structure": "normal", "chain_rank": 0, "cum_dist_start": 4500.0, "cum_dist_end": 4750.0, "anomaly": false}, "geometry": {"type": "LineString", "coordinates": [[140.44444370157322, 36.316682893585174], [140.44417273156964, 36.31673456536482], [140.4439013194167, 36.31678461914084], [140.44362868628417, 36.31683020485746], [140.44335605315163, 36.31687579057409], [140.44308342001912, 36.31692137629071], [140.44280909962205, 36.31695965012448], [140.44253450746686, 36.31699674627467], [140.44225991531167, 36.317033842424856], [140.44198426817618, 36.31706508516135], [140.44170802043442, 36.31709299551616]]}}, {"type": "Feature", "properties": {"id": "北関東道-上り-0-19", "route": "北関東道", "direction": "上り", "from": "茨城町東IC", "to": "茨城町JCT", "grade": -0.36, "elevation_start": 19.0, "elevation_end": 18.1, "quality": "measured", "structure": "normal", "chain_rank": 0, "cum_dist_start": 4750.0, "cum_dist_end": 5000.0, "anomaly": false}, "geometry": {"type": "LineString", "coordinates": [[140.44170802043442, 36.31709299551616], [140.44143177269265, 36.31712090587098], [140.44115533511143, 36.31714744410671], [140.4408782984614, 36.31716965240033], [140.4406011453779, 36.31719063658806], [140.44032317208354, 36.31720299761007], [140.44004519878916, 36.31721535863208], [140.4397669249915, 36.31722089703897], [140.4394885695304, 36.31722458136376], [140.4392102118047, 36.31722344911583], [140.43893185295974, 36.317219936336066]]}}, {"type": "Feature", "properties": {"id": "北関東道-上り-0-20", "route": "北関東道", "direction": "上り", "from": "茨城町東IC", "to": "茨城町JCT", "grade": -0.25, "elevation_start": 18.1, "elevation_end": 17.5, "quality": "measured", "structure": "normal", "chain_rank": 0, "cum_dist_start": 5000.0, "cum_dist_end": 5250.0, "anomaly": false}, "geometry": {"type": "LineString", "coordinates": [[140.43893185295974, 36.317219936336066], [140.4386535505235, 36.317215398975875], [140.4383759084658, 36.31719886681703], [140.43809826640808, 36.31718233465819], [140.43782065934386, 36.31716551945369], [140.43754447267384, 36.31713721534995], [140.4372682860038, 36.31710891124622], [140.43699223831118, 36.31707983621296], [140.4367175687434, 36.3170431165024], [140.43644289917563, 36.31700639679183], [140.43616935239797, 36.316964856322514]]}}, {"type": "Feature", "properties": {"id": "北関東道-上り-0-21", "route": "北関東道", "direction": "上り", "from": "茨城町東IC", "to": "茨城町JCT", "grade": -0.29, "elevation_start": 17.5, "elevation_end": 16.8, "quality": "measured", "structure": "normal", "chain_rank": 0, "cum_dist_start": 5250.0, "cum_dist_end": 5500.0, "anomaly": false}, "geometry": {"type": "LineString", "coordinates": [[140.43616935239797, 36.316964856322514], [140.43589700911335, 36.31691814859199], [140.43562493884764, 36.31687050659497], [140.43535558961764, 36.31681355325562], [140.43508642813447, 36.316756043045174], [140.43481865135703, 36.31669442569431], [140.43455087457957, 36.31663280834345], [140.4342880789546, 36.31655846966411], [140.4340253165604, 36.31648404611701], [140.43376500888783, 36.31640430625466], [140.43350631733927, 36.31632106627048]]}}, {"type": "Feature", "properties": {"id": "北関東道-上り-0-22", "route": "北関東道", "direction": "上り", "from": "茨城町東IC", "to": "茨城町JCT", "grade": -0.34, "elevation_start": 16.8, "elevation_end": 15.9, "quality": "measured", "structure": "normal", "chain_rank": 0, "cum_dist_start": 5500.0, "cum_dist_end": 5750.0, "anomaly": false}, "geometry": {"type": "LineString", "coordinates": [[140.43350631733927, 36.31632106627048], [140.43324762579073, 36.316237826286304], [140.4329907218935, 36.316151140190904], [140.432736116831, 36.31606002256011], [140.43248151176851, 36.31596890492932], [140.43223204839572, 36.31586894820906], [140.43198303316123, 36.31576822109335], [140.4317373677356, 36.31566240513167], [140.43149514074463, 36.315551365688556], [140.4312538229948, 36.31543906311491], [140.43101496433806, 36.31532334433441]]}}, {"type": "Feature", "properties": {"id": "北関東道-上り-0-23", "route": "北関東道", "direction": "上り", "from": "茨城町東IC", "to": "茨城町JCT", "grade": -0.28, "elevation_start": 15.9, "elevation_end": 15.2, "quality": "measured", "structure": "normal", "chain_rank": 0, "cum_dist_start": 5750.0, "cum_dist_end": 6000.0, "anomaly": false}, "geometry": {"type": "LineString", "coordinates": [[140.43101496433806, 36.31532334433441], [140.43077610568136, 36.3152076255539], [140.43054282367356, 36.3150847202243], [140.43031026741627, 36.31496087963022], [140.43008185459232, 36.31483222610053], [140.4298577294412, 36.31469859208933], [140.42963360429007, 36.31456495807814], [140.42941471418277, 36.3144257936203], [140.42919691000753, 36.31428548195347], [140.42897927764827, 36.31414499986938], [140.4287656809755, 36.314000514951886]]}}, {"type": "Feature", "properties": {"id": "北関東道-上り-0-24", "route": "北関東道", "direction": "上り", "from": "茨城町東IC", "to": "茨城町JCT", "grade": -0.31, "elevation_start": 15.2, "elevation_end": 14.5, "quality": "measured", "structure": "normal", "chain_rank": 0, "cum_dist_start": 6000.0, "cum_dist_end": 6250.0, "anomaly": false}, "geometry": {"type": "LineString", "coordinates": [[140.4287656809755, 36.314000514951886], [140.42855208430268, 36.313856030034394], [140.4283384876299, 36.3137115451169], [140.42812911136605, 36.313563118204634], [140.4279219579173, 36.31341261511311], [140.42771480446856, 36.31326211202158], [140.4275084949741, 36.313110877867004], [140.42730886134058, 36.31295386084526], [140.4271092277071, 36.31279684382352], [140.4269095940736, 36.31263982680178], [140.4267099604401, 36.312482809780036]]}}, {"type": "Feature", "properties": {"id": "北関東道-上り-0-25", "route": "北関東道", "direction": "上り", "from": "茨城町東IC", "to": "茨城町JCT", "grade": 0.3, "elevation_start": 14.5, "elevation_end": 15.2, "quality": "estimated", "structure": "bridge", "chain_rank": 0, "cum_dist_start": 6250.0, "cum_dist_end": 6500.0, "anomaly": false}, "geometry": {"type": "LineString", "coordinates": [[140.4267099604401, 36.312482809780036], [140.42651062675037, 36.31232554606585], [140.4263132896849, 36.31216664020341], [140.42611595261943, 36.312007734340966], [140.42591861555397, 36.311848828478524], [140.425727847408, 36.31168478289102], [140.42553824378493, 36.311519826144945], [140.42534864016181, 36.31135486939887], [140.42515903653873, 36.31118991265279], [140.42496943291562, 36.31102495590672], [140.4247769471128, 36.310862208559236]]}}, {"type": "Feature", "properties": {"id": "北関東道-上り-0-26", "route": "北関東道", "direction": "上り", "from": "茨城町東IC", "to": "茨城町JCT", "grade": 0.47, "elevation_start": 15.2, "elevation_end": 16.4, "quality": "estimated", "structure": "bridge", "chain_rank": 0, "cum_dist_start": 6500.0, "cum_dist_end": 6750.0, "anomaly": false}, "geometry": {"type": "LineString", "coordinates": [[140.4247769471128, 36.310862208559236], [140.4245838731826, 36.31069991205381], [140.4243907992524, 36.31053761554839], [140.42419772532222, 36.31037531904297], [140.424004651392, 36.31021302253755], [140.4238115774618, 36.31005072603213], [140.4236185035316, 36.30988842952671], [140.4234254296014, 36.309726133021286], [140.42323218537558, 36.30956397144399], [140.42303599321545, 36.30940414556553], [140.4228398010553, 36.30924431968707]]}}, {"type": "Feature", "properties": {"id": "北関東道-上り-0-27", "route": "北関東道", "direction": "上り", "from": "茨城町東IC", "to": "茨城町JCT", "grade": 0.47, "elevation_start": 16.4, "elevation_end": 17.5, "quality": "estimated", "structure": "bridge", "chain_rank": 0, "cum_dist_start": 6750.0, "cum_dist_end": 7000.0, "anomaly": false}, "geometry": {"type": "LineString", "coordinates": [[140.4228398010553, 36.30924431968707], [140.42264360889516, 36.309084493808605], [140.422447416735, 36.30892466793015], [140.42225122457484, 36.30876484205169], [140.42205475011647, 36.308605244483566], [140.4218579389087, 36.30844591926352], [140.4216611277009, 36.308286594043466], [140.4214551771433, 36.30813506912036], [140.4212481854353, 36.30798443280336], [140.42104007332736, 36.30783481511097], [140.42083134711964, 36.30768575573455]]}}, {"type": "Feature", "properties": {"id": "北関東道-上り-0-28", "route": "北関東道", "direction": "上り", "from": "茨城町東IC", "to": "茨城町JCT", "grade": 0.36, "elevation_start": 17.5, "elevation_end": 18.4, "quality": "estimated", "structure": "normal", "chain_rank": 0, "cum_dist_start": 7000.0, "cum_dist_end": 7250.0, "anomaly": false}, "geometry": {"type": "LineString", "coordinates": [[140.42083134711964, 36.30768575573455], [140.42062156223093, 36.307537685426794], [140.42040957580724, 36.307391671894685], [140.42019176464095, 36.307251483436005], [140.41997115618645, 36.30711409242445], [140.41975054773192, 36.3069767014129], [140.4195257475641, 36.306843907308576], [140.41929854148808, 36.306713751680675], [140.41906984548933, 36.306585351533926], [140.4188382524334, 36.30646036480533], [140.4186056676127, 36.30633661415929]]}}, {"type": "Feature", "properties": {"id": "北関東道-上り-0-29", "route": "北関東道", "direction": "上り", "from": "茨城町東IC", "to": "茨城町JCT", "grade": 0.4, "elevation_start": 18.4, "elevation_end": 19.4, "quality": "measured", "structure": "normal", "chain_rank": 0, "cum_dist_start": 7250.0, "cum_dist_end": 7500.0, "anomaly": false}, "geometry": {"type": "LineString", "coordinates": [[140.4186056676127, 36.30633661415929], [140.41837043109908, 36.306216168441324], [140.41813519458546, 36.30609572272336], [140.41789538933222, 36.3059813718177], [140.41765477489616, 36.30586810038199], [140.417411095602, 36.305759256609235], [140.41716612373793, 36.30565228015416], [140.41692115187385, 36.305545303699084], [140.41667250431513, 36.305444165289394], [140.4164216170534, 36.305346584163146], [140.41617048904934, 36.305249410761995]]}}, {"type": "Feature", "properties": {"id": "北関東道-上り-0-30", "route": "北関東道", "direction": "上り", "from": "茨城町東IC", "to": "茨城町JCT", "grade": 0.45, "elevation_start": 19.4, "elevation_end": 20.5, "quality": "measured", "structure": "normal", "chain_rank": 0, "cum_dist_start": 7500.0, "cum_dist_end": 7750.0, "anomaly": false}, "geometry": {"type": "LineString", "coordinates": [[140.41617048904934, 36.305249410761995], [140.4159173310549, 36.305155884298756], [140.41566080261575, 36.305068440517225], [140.41540427417658, 36.3049809967357], [140.4151477457374, 36.30489355295417], [140.41489069725134, 36.30480711777167], [140.41463186577846, 36.304724354429744], [140.41437078916533, 36.30464622811369], [140.4141077303821, 36.30457284648203], [140.4138416580068, 36.30450667843079], [140.41357558563146, 36.30444051037955]]}}, {"type": "Feature", "properties": {"id": "北関東道-上り-0-31", "route": "北関東道", "direction": "上り", "from": "茨城町東IC", "to": "茨城町JCT", "grade": 0.36, "elevation_start": 20.5, "elevation_end": 21.4, "quality": "measured", "structure": "normal", "chain_rank": 0, "cum_dist_start": 7750.0, "cum_dist_end": 8000.0, "anomaly": false}, "geometry": {"type": "LineString", "coordinates": [[140.41357558563146, 36.30444051037955], [140.41330711498446, 36.3043810753484], [140.41303836917268, 36.304322412827716], [140.4127690259332, 36.30426570839097], [140.41249744226823, 36.304216347003496], [140.41222571759067, 36.304167517506485], [140.41195303158875, 36.304122314062425], [140.41168034558686, 36.30407711061837], [140.41140616259293, 36.304038370668], [140.41113176746333, 36.304000546646115], [140.41085648237336, 36.30396723692966]]}}, {"type": "Feature", "properties": {"id": "北関東道-上り-0-32", "route": "北関東道", "direction": "上り", "from": "茨城町JCT", "to": "茨城町西IC", "grade": 0.36, "elevation_start": 21.4, "elevation_end": 22.3, "quality": "measured", "structure": "normal", "chain_rank": 0, "cum_dist_start": 8000.0, "cum_dist_end": 8250.0, "anomaly": false}, "geometry": {"type": "LineString", "coordinates": [[140.41085648237336, 36.30396723692966], [140.41058117443797, 36.30393404309589], [140.41030480490286, 36.30390735154958], [140.41002818051632, 36.30388237336199], [140.40975127749903, 36.30385946831789], [140.4094740448998, 36.30383936125294], [140.40919649003305, 36.303822529264], [140.40891865616186, 36.30380901709129], [140.40864056040238, 36.30380029994164], [140.40836224798346, 36.30379685458853], [140.40808393556458, 36.30379340923543]]}}, {"type": "Feature", "properties": {"id": "北関東道-上り-0-33", "route": "北関東道", "direction": "上り", "from": "茨城町JCT", "to": "茨城町西IC", "grade": 0.44, "elevation_start": 22.3, "elevation_end": 23.4, "quality": "measured", "structure": "normal", "chain_rank": 0, "cum_dist_start": 8250.0, "cum_dist_end": 8500.0, "anomaly": false}, "geometry": {"type": "LineString", "coordinates": [[140.40808393556458, 36.30379340923543], [140.40780565889264, 36.303797342515836], [140.4075273884206, 36.30380255553433], [140.40724911794854, 36.30380776855283], [140.40697084747652, 36.303812981571326], [140.40669275008915, 36.303821691534345], [140.4064148564222, 36.3038345173959], [140.4061372098169, 36.303850349338525], [140.4058596781298, 36.30386755860709], [140.40558222737724, 36.303885606374486], [140.40530504176556, 36.30390583198815]]}}, {"type": "Feature", "properties": {"id": "北関東道-上り-0-34", "route": "北関東道", "direction": "上り", "from": "茨城町JCT", "to": "茨城町西IC", "grade": 0.29, "elevation_start": 23.4, "elevation_end": 24.1, "quality": "measured", "structure": "normal", "chain_rank": 0, "cum_dist_start": 8500.0, "cum_dist_end": 8750.0, "anomaly": false}, "geometry": {"type": "LineString", "coordinates": [[140.40530504176556, 36.30390583198815], [140.40502857681042, 36.30393197701842], [140.4047521118553, 36.303958122048684], [140.40447564690018, 36.30398426707895], [140.40419918194505, 36.304010412109214], [140.40392288060877, 36.304037664845325], [140.403646844029, 36.30406655601379], [140.4033712530789, 36.304098177690285], [140.4030956621288, 36.304129799366784], [140.4028200711787, 36.30416142104328], [140.40254448022858, 36.30419304271978]]}}, {"type": "Feature", "properties": {"id": "北関東道-上り-0-35", "route": "北関東道", "direction": "上り", "from": "茨城町JCT", "to": "茨城町西IC", "grade": 0.37, "elevation_start": 24.1, "elevation_end": 25.1, "quality": "measured", "structure": "normal", "chain_rank": 0, "cum_dist_start": 8750.0, "cum_dist_end": 9000.0, "anomaly": false}, "geometry": {"type": "LineString", "coordinates": [[140.40254448022858, 36.30419304271978], [140.4022688892785, 36.30422466439628], [140.4019932983284, 36.30425628607278], [140.40171778958936, 36.30428837671011], [140.40144229898186, 36.30432057077627], [140.40116680837434, 36.30435276484243], [140.40089131776685, 36.304384958908585], [140.40061582715936, 36.304417152974736], [140.40034033655186, 36.304449347040894], [140.40006484594437, 36.30448154110705], [140.39978935533685, 36.30451373517321]]}}, {"type": "Feature", "properties": {"id": "北関東道-上り-0-36", "route": "北関東道", "direction": "上り", "from": "茨城町JCT", "to": "茨城町西IC", "grade": 0.28, "elevation_start": 25.1, "elevation_end": 25.8, "quality": "measured", "structure": "normal", "chain_rank": 0, "cum_dist_start": 9000.0, "cum_dist_end": 9250.0, "anomaly": false}, "geometry": {"type": "LineString", "coordinates": [[140.39978935533685, 36.30451373517321], [140.39951385535247, 36.30454588003447], [140.3992383480934, 36.30457798672212], [140.39896284083432, 36.30461009340978], [140.39868733357525, 36.30464220009744], [140.39841182631616, 36.304674306785095], [140.3981363190571, 36.30470641347275], [140.397860811798, 36.304738520160406], [140.39758530453895, 36.30477062684806], [140.3973097972799, 36.304802733535716], [140.3970342900208, 36.30483484022338]]}}, {"type": "Feature", "properties": {"id": "北関東道-上り-0-37", "route": "北関東道", "direction": "上り", "from": "茨城町JCT", "to": "茨城町西IC", "grade": 0.3, "elevation_start": 25.8, "elevation_end": 26.5, "quality": "measured", "structure": "normal", "chain_rank": 0, "cum_dist_start": 9250.0, "cum_dist_end": 9500.0, "anomaly": false}, "geometry": {"type": "LineString", "coordinates": [[140.3970342900208, 36.30483484022338], [140.39675878276174, 36.304866946911034], [140.39648327199066, 36.30489903852907], [140.39620775871896, 36.30493111941713], [140.39593224544723, 36.304963200305174], [140.39565673217552, 36.30499528119322], [140.39538121890382, 36.305027362081276], [140.39510570563212, 36.30505944296932], [140.39483019236042, 36.30509152385738], [140.39455467908869, 36.305123604745425], [140.39427916581698, 36.30515568563348]]}}, {"type": "Feature", "properties": {"id": "北関東道-上り-0-38", "route": "北関東道", "direction": "上り", "from": "茨城町JCT", "to": "茨城町西IC", "grade": 0.32, "elevation_start": 26.5, "elevation_end": 27.3, "quality": "measured", "structure": "normal", "chain_rank": 0, "cum_dist_start": 9500.0, "cum_dist_end": 9750.0, "anomaly": false}, "geometry": {"type": "LineString", "coordinates": [[140.39427916581698, 36.30515568563348], [140.39400365254528, 36.30518776652153], [140.39372813927358, 36.30521984740958], [140.39345262600187, 36.30525192829763], [140.39317711273014, 36.305284009185684], [140.39290159945844, 36.30531609007373], [140.39262611323608, 36.30534832399754], [140.3923506887752, 36.305380907346176], [140.3920752643143, 36.305413490694804], [140.3917998398534, 36.30544607404344], [140.3915244153925, 36.305478657392065]]}}, {"type": "Feature", "properties": {"id": "北関東道-上り-0-39", "route": "北関東道", "direction": "上り", "from": "茨城町JCT", "to": "茨城町西IC", "grade": 0.32, "elevation_start": 27.3, "elevation_end": 28.1, "quality": "measured", "structure": "normal", "chain_rank": 0, "cum_dist_start": 9750.0, "cum_dist_end": 10000.0, "anomaly": false}, "geometry": {"type": "LineString", "coordinates": [[140.3915244153925, 36.305478657392065], [140.39124899093162, 36.3055112407407], [140.3909735664707, 36.30554382408933], [140.39069816837662, 36.30557655320044], [140.39042284372687, 36.3056096883311], [140.39014751907712, 36.30564282346177], [140.38987219442737, 36.30567595859243], [140.38959686977765, 36.305709093723095], [140.3893214019874, 36.30574141827836], [140.3890456225438, 36.30577197800405], [140.38876984310016, 36.30580253772974]]}}, {"type": "Feature", "properties": {"id": "北関東道-上り-0-40", "route": "北関東道", "direction": "上り", "from": "茨城町JCT", "to": "茨城町西IC", "grade": 0.25, "elevation_start": 28.1, "elevation_end": 28.7, "quality": "measured", "structure": "normal", "chain_rank": 0, "cum_dist_start": 10000.0, "cum_dist_end": 10250.0, "anomaly": false}, "geometry": {"type": "LineString", "coordinates": [[140.38876984310016, 36.30580253772974], [140.38849421056403, 36.30583394343114], [140.38821873451397, 36.305866250267044], [140.38794325846393, 36.30589855710295], [140.38766778241387, 36.30593086393886], [140.3873923063638, 36.30596317077477], [140.38711683031377, 36.30599547761067], [140.3868413542637, 36.30602778444658], [140.38656587821364, 36.30606009128249], [140.38629040216358, 36.306092398118395], [140.38601492611355, 36.3061247049543]]}}, {"type": "Feature", "properties": {"id": "北関東道-上り-0-41", "route": "北関東道", "direction": "上り", "from": "茨城町西IC", "to": "友部JCT", "grade": 0.51, "elevation_start": 28.7, "elevation_end": 30.0, "quality": "estimated", "structure": "normal", "chain_rank": 0, "cum_dist_start": 10250.0, "cum_dist_end": 10500.0, "anomaly": false}, "geometry": {"type": "LineString", "coordinates": [[140.38601492611355, 36.3061247049543], [140.3857394925282, 36.30615724216581], [140.38546438608418, 36.306191554154616], [140.38518927964017, 36.306225866143414], [140.38491371806137, 36.30625764340513], [140.384637919949, 36.306288103369035], [140.3843621218366, 36.30631856333294], [140.38408634905747, 36.30634916522495], [140.38381118174019, 36.306383159184016], [140.38353579105595, 36.30641593909917], [140.38326045278782, 36.306448993699625]]}}, {"type": "Feature", "properties": {"id": "北関東道-上り-0-42", "route": "北関東道", "direction": "上り", "from": "茨城町西IC", "to": "友部JCT", "grade": 0.64, "elevation_start": 30.0, "elevation_end": 31.6, "quality": "estimated", "structure": "bridge", "chain_rank": 0, "cum_dist_start": 10500.0, "cum_dist_end": 10750.0, "anomaly": false}, "geometry": {"type": "LineString", "coordinates": [[140.38326045278782, 36.306448993699625], [140.38298521405767, 36.30648257686083], [140.382709694812, 36.30651465159203], [140.38243402812418, 36.30654587919744], [140.38215827273092, 36.30657659714777], [140.38188254416218, 36.30660746787625], [140.3816071446904, 36.306640212968084], [140.38133174521863, 36.30667295805991], [140.38105634574683, 36.30670570315175], [140.38078094627505, 36.306738448243586], [140.38050580214164, 36.30677256778711]]}}, {"type": "Feature", "properties": {"id": "北関東道-上り-0-43", "route": "北関東道", "direction": "上り", "from": "茨城町西IC", "to": "友部JCT", "grade": 0.45, "elevation_start": 31.6, "elevation_end": 32.7, "quality": "measured", "structure": "normal", "chain_rank": 0, "cum_dist_start": 10750.0, "cum_dist_end": 11000.0, "anomaly": false}, "geometry": {"type": "LineString", "coordinates": [[140.38050580214164, 36.30677256778711], [140.3802307035002, 36.30680693220767], [140.3799556048587, 36.30684129662824], [140.37968050621726, 36.306875661048814], [140.37940599569646, 36.30691286235856], [140.3791321126854, 36.306953090556604], [140.37885822967434, 36.30699331875465], [140.37858434666325, 36.307033546952695], [140.37831058170738, 36.30707426191242], [140.3780382430587, 36.30712085778039], [140.37776590441004, 36.30716745364837]]}}, {"type": "Feature", "properties": {"id": "北関東道-上り-0-44", "route": "北関東道", "direction": "上り", "from": "茨城町西IC", "to": "友部JCT", "grade": 0.09, "elevation_start": 32.7, "elevation_end": 33.0, "quality": "estimated", "structure": "bridge", "chain_rank": 0, "cum_dist_start": 11000.0, "cum_dist_end": 11250.0, "anomaly": false}, "geometry": {"type": "LineString", "coordinates": [[140.37776590441004, 36.30716745364837], [140.37749356576137, 36.30721404951634], [140.3772212271127, 36.30726064538432], [140.37694933657892, 36.307308865750215], [140.37667838613262, 36.307360494104145], [140.37640743568633, 36.30741212245807], [140.37613650483598, 36.307463816076336], [140.37586651717513, 36.30751865098894], [140.37559652951427, 36.30757348590155], [140.37532662103266, 36.30762856629322], [140.37505798141146, 36.30768758052874]]}}, {"type": "Feature", "properties": {"id": "北関東道-上り-0-45", "route": "北関東道", "direction": "上り", "from": "茨城町西IC", "to": "友部JCT", "grade": 0.03, "elevation_start": 33.0, "elevation_end": 33.0, "quality": "estimated", "structure": "bridge", "chain_rank": 0, "cum_dist_start": 11250.0, "cum_dist_end": 11500.0, "anomaly": false}, "geometry": {"type": "LineString", "coordinates": [[140.37505798141146, 36.30768758052874], [140.3747900219391, 36.30774854040788], [140.3745230143101, 36.307812223143934], [140.37425600668112, 36.30787590587999], [140.3739895819109, 36.30794116928953], [140.3737231682788, 36.308006462904785], [140.37345699995097, 36.30807239309379], [140.37319198437046, 36.308141314704365], [140.37292696878998, 36.30821023631494], [140.37266251788358, 36.30828051138754], [140.37240005775396, 36.30835556673382]]}}, {"type": "Feature", "properties": {"id": "北関東道-上り-0-46", "route": "北関東道", "direction": "上り", "from": "茨城町西IC", "to": "友部JCT", "grade": 0.69, "elevation_start": 33.0, "elevation_end": 34.7, "quality": "estimated", "structure": "normal", "chain_rank": 0, "cum_dist_start": 11500.0, "cum_dist_end": 11750.0, "anomaly": false}, "geometry": {"type": "LineString", "coordinates": [[140.37240005775396, 36.30835556673382], [140.3721373942233, 36.30843015597113], [140.37187473069264, 36.308504745208445], [140.37161266692092, 36.308580671562005], [140.37135208078587, 36.30865989219232], [140.37109149465078, 36.30873911282263], [140.37083090851573, 36.30881833345294], [140.37057171568287, 36.308900468397255], [140.37031314912755, 36.30898391330099], [140.37005458257227, 36.309067358204736], [140.36979641568882, 36.30915159553123]]}}, {"type": "Feature", "properties": {"id": "北関東道-上り-0-47", "route": "北関東道", "direction": "上り", "from": "茨城町西IC", "to": "友部JCT", "grade": -0.34, "elevation_start": 34.7, "elevation_end": 33.9, "quality": "measured", "structure": "normal", "chain_rank": 0, "cum_dist_start": 11750.0, "cum_dist_end": 12000.0, "anomaly": false}, "geometry": {"type": "LineString", "coordinates": [[140.36979641568882, 36.30915159553123], [140.3695396041402, 36.30923852005728], [140.36928279259152, 36.30932544458333], [140.36902598104288, 36.30941236910938], [140.36877253779318, 36.30950551772282], [140.36851948505986, 36.309599387949156], [140.36826643232652, 36.3096932581755], [140.36801355505702, 36.309787437470575], [140.36776092112603, 36.30988204539159], [140.36750828719505, 36.3099766533126], [140.3672587886343, 36.310076499099004]]}}, {"type": "Feature", "properties": {"id": "北関東道-上り-0-48", "route": "北関東道", "direction": "上り", "from": "茨城町西IC", "to": "友部JCT", "grade": 0.13, "elevation_start": 33.9, "elevation_end": 34.2, "quality": "measured", "structure": "normal", "chain_rank": 0, "cum_dist_start": 12000.0, "cum_dist_end": 12250.0, "anomaly": false}, "geometry": {"type": "LineString", "coordinates": [[140.3672587886343, 36.310076499099004], [140.36701049387105, 36.31017835591722], [140.3667621991078, 36.31028021273544], [140.36651402476602, 36.31038225825962], [140.36626775086805, 36.31048728186576], [140.36602147697005, 36.3105923054719], [140.36577520307208, 36.31069732907804], [140.36552892917408, 36.31080235268417], [140.365282739239, 36.31090750177128], [140.36503953112648, 36.31101710713476], [140.36479632301393, 36.31112671249824]]}}, {"type": "Feature", "properties": {"id": "北関東道-上り-0-49", "route": "北関東道", "direction": "上り", "from": "茨城町西IC", "to": "友部JCT", "grade": 0.32, "elevation_start": 34.2, "elevation_end": 35.0, "quality": "measured", "structure": "normal", "chain_rank": 0, "cum_dist_start": 12250.0, "cum_dist_end": 12500.0, "anomaly": false}, "geometry": {"type": "LineString", "coordinates": [[140.36479632301393, 36.31112671249824], [140.36455479241528, 36.31123869171725], [140.3643147921077, 36.311352836456244], [140.36407479180014, 36.31146698119524], [140.36383479149254, 36.31158112593424], [140.36359614835305, 36.311697082429525], [140.36336015401656, 36.31181657495359], [140.36312415968007, 36.31193606747765], [140.36288816534358, 36.31205556000172], [140.36265456195417, 36.31217806573233], [140.36242218625176, 36.31230211866346]]}}, {"type": "Feature", "properties": {"id": "北関東道-上り-0-50", "route": "北関東道", "direction": "上り", "from": "茨城町西IC", "to": "友部JCT", "grade": 0.28, "elevation_start": 35.0, "elevation_end": 35.7, "quality": "measured", "structure": "normal", "chain_rank": 0, "cum_dist_start": 12500.0, "cum_dist_end": 12750.0, "anomaly": false}, "geometry": {"type": "LineString", "coordinates": [[140.36242218625176, 36.31230211866346], [140.36218981054935, 36.31242617159459], [140.36195743484694, 36.312550224525715], [140.36172505914453, 36.31267427745684], [140.36149361091452, 36.3127994292144], [140.3612663646673, 36.31292955928695], [140.36103911842008, 36.31305968935949], [140.36081280099677, 36.31319086278726], [140.3605884176, 36.313324208722356], [140.3603640342033, 36.313457554657454], [140.36013965080653, 36.31359090059255]]}}, {"type": "Feature", "properties": {"id": "北関東道-上り-0-51", "route": "北関東道", "direction": "上り", "from": "茨城町西IC", "to": "友部JCT", "grade": 0.33, "elevation_start": 35.7, "elevation_end": 36.5, "quality": "measured", "structure": "normal", "chain_rank": 0, "cum_dist_start": 12750.0, "cum_dist_end": 13000.0, "anomaly": false}, "geometry": {"type": "LineString", "coordinates": [[140.36013965080653, 36.31359090059255], [140.35991526740978, 36.31372424652765], [140.35969125410776, 36.3138579995417], [140.3594675524205, 36.313992095310724], [140.35924385073324, 36.31412619107975], [140.35902011315463, 36.31426024740394], [140.35879520427963, 36.31439301646506], [140.35857029540463, 36.31452578552618], [140.35834538652963, 36.3146585545873], [140.35812047765464, 36.314791323648414], [140.35789556877964, 36.31492409270953]]}}, {"type": "Feature", "properties": {"id": "北関東道-上り-0-52", "route": "北関東道", "direction": "上り", "from": "茨城町西IC", "to": "友部JCT", "grade": 0.26, "elevation_start": 36.5, "elevation_end": 37.2, "quality": "measured", "structure": "normal", "chain_rank": 0, "cum_dist_start": 13000.0, "cum_dist_end": 13250.0, "anomaly": false}, "geometry": {"type": "LineString", "coordinates": [[140.35789556877964, 36.31492409270953], [140.35767065990464, 36.31505686177065], [140.35744575102964, 36.31518963083177], [140.35722084215462, 36.315322399892885], [140.35699328458603, 36.31545216654646], [140.35676496708325, 36.31558107178212], [140.35653664958045, 36.31570997701778], [140.35630833207767, 36.31583888225345], [140.35608001457487, 36.315967787489114], [140.35585059989822, 36.31609538045785], [140.35561777716515, 36.316218897245115]]}}, {"type": "Feature", "properties": {"id": "北関東道-上り-0-53", "route": "北関東道", "direction": "上り", "from": "茨城町西IC", "to": "友部JCT", "grade": -0.88, "elevation_start": 37.2, "elevation_end": 34.9, "quality": "estimated", "structure": "normal", "chain_rank": 0, "cum_dist_start": 13250.0, "cum_dist_end": 13500.0, "anomaly": false}, "geometry": {"type": "LineString", "coordinates": [[140.35561777716515, 36.316218897245115], [140.35538495443205, 36.316342414032384], [140.35515213169896, 36.31646593081965], [140.3549164650363, 36.31658578608496], [140.35467795345045, 36.31670197854904], [140.35443944186463, 36.316818171013125], [140.35420093027878, 36.3169343634772], [140.3539583845185, 36.317044892405946], [140.35371457977377, 36.31715365385956], [140.35347077502905, 36.31726241531318], [140.353225494092, 36.31736891684686]]}}, {"type": "Feature", "properties": {"id": "北関東道-上り-0-54", "route": "北関東道", "direction": "上り", "from": "茨城町西IC", "to": "友部JCT", "grade": -1.65, "elevation_start": 34.9, "elevation_end": 30.8, "quality": "estimated", "structure": "bridge", "chain_rank": 0, "cum_dist_start": 13500.0, "cum_dist_end": 13750.0, "anomaly": false}, "geometry": {"type": "LineString", "coordinates": [[140.353225494092, 36.31736891684686], [140.35297711216305, 36.31747067103613], [140.35272832757343, 36.317571768391], [140.352477919837, 36.31767021801125], [140.35222493762188, 36.31776424007445], [140.35197156435981, 36.31785758961994], [140.35171819109775, 36.31795093916542], [140.35146361726618, 36.31804206845966], [140.35120693692582, 36.31812930212056], [140.35094919886734, 36.31821439318816], [140.35068889101413, 36.31829427868645]]}}, {"type": "Feature", "properties": {"id": "北関東道-上り-0-55", "route": "北関東道", "direction": "上り", "from": "友部JCT", "to": "友部IC", "grade": -1.34, "elevation_start": 30.8, "elevation_end": 27.5, "quality": "measured", "structure": "normal", "chain_rank": 0, "cum_dist_start": 13750.0, "cum_dist_end": 14000.0, "anomaly": false}, "geometry": {"type": "LineString", "coordinates": [[140.35068889101413, 36.31829427868645], [140.35042796231608, 36.318372796193074], [140.35016562715228, 36.318448214643], [140.34990219479516, 36.31852104996847], [140.34963784870982, 36.31859172117889], [140.34937339914177, 36.31866213949882], [140.3491082975471, 36.31873085130247], [140.3488408776622, 36.31879349556249], [140.34857345777735, 36.31885613982251], [140.34830506083463, 36.31891595531625], [140.3480361559753, 36.318974283829284]]}}, {"type": "Feature", "properties": {"id": "北関東道-上り-0-56", "route": "北関東道", "direction": "上り", "from": "友部JCT", "to": "友部IC", "grade": 0.68, "elevation_start": 27.5, "elevation_end": 29.2, "quality": "estimated", "structure": "tunnel", "chain_rank": 0, "cum_dist_start": 14000.0, "cum_dist_end": 14250.0, "anomaly": false}, "geometry": {"type": "LineString", "coordinates": [[140.3480361559753, 36.318974283829284], [140.34776653592323, 36.319030415636476], [140.34749691587112, 36.31908654744366], [140.3472255294835, 36.31913659742271], [140.34695323549371, 36.31918352235553], [140.3466804459165, 36.31922850001664], [140.34640739063465, 36.31927243366615], [140.3461330963445, 36.3193108966267], [140.34585853182477, 36.31934816642206], [140.34558396730506, 36.319385436217416], [140.34530885932102, 36.31941962292181]]}}, {"type": "Feature", "properties": {"id": "北関東道-上り-0-57", "route": "北関東道", "direction": "上り", "from": "友部JCT", "to": "友部IC", "grade": 1.26, "elevation_start": 29.2, "elevation_end": 32.3, "quality": "estimated", "structure": "tunnel", "chain_rank": 0, "cum_dist_start": 14250.0, "cum_dist_end": 14500.0, "anomaly": false}, "geometry": {"type": "LineString", "coordinates": [[140.34530885932102, 36.31941962292181], [140.3450323668764, 36.31944595553558], [140.3447558744318, 36.31947228814935], [140.344479090944, 36.31949653445574], [140.34420189346244, 36.31951742426026], [140.3439246414315, 36.31953787077865], [140.34364738940053, 36.31955831729704], [140.34336934422288, 36.31956963500471], [140.3430912839165, 36.31958077858683], [140.3428132236101, 36.31959192216895], [140.34253498428043, 36.319598591314715]]}}, {"type": "Feature", "properties": {"id": "北関東道-上り-0-58", "route": "北関東道", "direction": "上り", "from": "友部JCT", "to": "友部IC", "grade": 1.26, "elevation_start": 32.3, "elevation_end": 35.5, "quality": "estimated", "structure": "bridge", "chain_rank": 0, "cum_dist_start": 14500.0, "cum_dist_end": 14750.0, "anomaly": false}, "geometry": {"type": "LineString", "coordinates": [[140.34253498428043, 36.319598591314715], [140.3422566154313, 36.319602023302565], [140.34197824658216, 36.31960545529041], [140.34169989548033, 36.31960536942942], [140.3414215705363, 36.319600098610614], [140.34114324559226, 36.31959482779181], [140.3408650033427, 36.31958775349931], [140.34058696087436, 36.31957632220297], [140.340308918406, 36.319564890906626], [140.34003151853784, 36.31954621194265], [140.33975430700042, 36.31952540886077]]}}, {"type": "Feature", "properties": {"id": "北関東道-上り-0-59", "route": "北関東道", "direction": "上り", "from": "友部JCT", "to": "友部IC", "grade": 1.08, "elevation_start": 35.5, "elevation_end": 38.2, "quality": "estimated", "structure": "bridge", "chain_rank": 0, "cum_dist_start": 14750.0, "cum_dist_end": 15000.0, "anomaly": false}, "geometry": {"type": "LineString", "coordinates": [[140.33975430700042, 36.31952540886077], [140.33947709546297, 36.31950460577889], [140.33920052157706, 36.31947888662023], [140.33892401199782, 36.31945267167891], [140.33864750241858, 36.31942645673758], [140.33837169929566, 36.31939593079649], [140.33809630146362, 36.319362931653956], [140.33782098945443, 36.31932949850746], [140.3375466149619, 36.31929132436297], [140.33727224046936, 36.319253150218486], [140.3369981403309, 36.319213779683345]]}}, {"type": "Feature", "properties": {"id": "北関東道-上り-0-60", "route": "北関東道", "direction": "上り", "from": "友部JCT", "to": "友部IC", "grade": -0.68, "elevation_start": 38.2, "elevation_end": 36.5, "quality": "estimated", "structure": "normal", "chain_rank": 0, "cum_dist_start": 15000.0, "cum_dist_end": 15250.0, "anomaly": false}, "geometry": {"type": "LineString", "coordinates": [[140.3369981403309, 36.319213779683345], [140.3367251044543, 36.31916976816387], [140.3364520685777, 36.31912575664439], [140.33618010165557, 36.319077702217186], [140.33590870760466, 36.31902748112564], [140.33563731355378, 36.31897726003409], [140.33536591950286, 36.31892703894253], [140.33509452545195, 36.318876817850985], [140.33482337582495, 36.318825777730865], [140.3345535548685, 36.31877028543071], [140.33428373391203, 36.31871479313056]]}}, {"type": "Feature", "properties": {"id": "北関東道-上り-0-61", "route": "北関東道", "direction": "上り", "from": "友部JCT", "to": "友部IC", "grade": -1.87, "elevation_start": 36.5, "elevation_end": 31.8, "quality": "estimated", "structure": "bridge", "chain_rank": 0, "cum_dist_start": 15250.0, "cum_dist_end": 15500.0, "anomaly": false}, "geometry": {"type": "LineString", "coordinates": [[140.33428373391203, 36.31871479313056], [140.33401391295558, 36.318659300830404], [140.33374409199914, 36.318603808530256], [140.3334745643184, 36.31854740738406], [140.33320564331504, 36.31848912617664], [140.3329372135886, 36.31842939147714], [140.33266903908995, 36.31836890166053], [140.33240086459134, 36.318308411843915], [140.3321326900927, 36.318247922027304], [140.33186451559405, 36.31818743221069], [140.3315964031664, 36.318126767043914]]}}, {"type": "Feature", "properties": {"id": "北関東道-上り-0-62", "route": "北関東道", "direction": "上り", "from": "友部JCT", "to": "友部IC", "grade": -2.2, "elevation_start": 31.8, "elevation_end": 26.3, "quality": "estimated", "structure": "normal", "chain_rank": 0, "cum_dist_start": 15500.0, "cum_dist_end": 15750.0, "anomaly": false}, "geometry": {"type": "LineString", "coordinates": [[140.3315964031664, 36.318126767043914], [140.3313292278842, 36.31806345444607], [140.331062052602, 36.31800014184822], [140.33079487731982, 36.31793682925038], [140.3305277020376, 36.31787351665254], [140.33026052675544, 36.317810204054695], [140.32999335147323, 36.31774689145685], [140.32972617619103, 36.317683578859004], [140.32945900090886, 36.317620266261166], [140.32919182562665, 36.31755695366332], [140.32892465034445, 36.317493641065475]]}}, {"type": "Feature", "properties": {"id": "北関東道-上り-0-63", "route": "北関東道", "direction": "上り", "from": "友部JCT", "to": "友部IC", "grade": -1.19, "elevation_start": 26.3, "elevation_end": 23.3, "quality": "measured", "structure": "normal", "chain_rank": 0, "cum_dist_start": 15750.0, "cum_dist_end": 16000.0, "anomaly": false}, "geometry": {"type": "LineString", "coordinates": [[140.32892465034445, 36.317493641065475], [140.32865747506227, 36.31743032846763], [140.32839029978007, 36.31736701586979], [140.3281231244979, 36.317303703271946], [140.3278559492157, 36.3172403906741], [140.32758877393348, 36.317177078076256], [140.3273215986513, 36.31711376547842], [140.3270544233691, 36.31705045288057], [140.32678692621135, 36.316988046848586], [140.3265191543558, 36.31692641450585], [140.32625138250023, 36.316864782163115]]}}, {"type": "Feature", "properties": {"id": "北関東道-上り-0-64", "route": "北関東道", "direction": "上り", "from": "友部JCT", "to": "友部IC", "grade": -0.32, "elevation_start": 23.3, "elevation_end": 22.5, "quality": "measured", "structure": "normal", "chain_rank": 0, "cum_dist_start": 16000.0, "cum_dist_end": 16250.0, "anomaly": false}, "geometry": {"type": "LineString", "coordinates": [[140.32625138250023, 36.316864782163115], [140.32598361064467, 36.31680314982039], [140.3257158387891, 36.31674151747765], [140.32544806693355, 36.31667988513492], [140.32518029507798, 36.31661825279218], [140.32491209503584, 36.31655788165302], [140.3246430345708, 36.31650004484916], [140.3243739741058, 36.3164422080453], [140.3241049136408, 36.31638437124145], [140.323833491295, 36.31633432545632], [140.32356191351272, 36.316284792401696]]}}, {"type": "Feature", "properties": {"id": "北関東道-上り-0-65", "route": "北関東道", "direction": "上り", "from": "友部JCT", "to": "友部IC", "grade": -0.29, "elevation_start": 22.5, "elevation_end": 21.8, "quality": "measured", "structure": "normal", "chain_rank": 0, "cum_dist_start": 16250.0, "cum_dist_end": 16500.0, "anomaly": false}, "geometry": {"type": "LineString", "coordinates": [[140.32356191351272, 36.316284792401696], [140.32329033573046, 36.31623525934707], [140.3230178215586, 36.31618938001518], [140.3227443090636, 36.31614739606607], [140.32247079656864, 36.31610541211696], [140.3221957487971, 36.316070636242564], [140.32192065538294, 36.316036074658996], [140.321644925005, 36.31600505925696], [140.32136906150183, 36.31597478500584], [140.32109213061761, 36.31595232754467], [140.32081475634763, 36.315933117146386]]}}, {"type": "Feature", "properties": {"id": "北関東道-上り-0-66", "route": "北関東道", "direction": "上り", "from": "友部JCT", "to": "友部IC", "grade": -0.27, "elevation_start": 21.8, "elevation_end": 21.1, "quality": "measured", "structure": "normal", "chain_rank": 0, "cum_dist_start": 16500.0, "cum_dist_end": 16750.0, "anomaly": false}, "geometry": {"type": "LineString", "coordinates": [[140.32081475634763, 36.315933117146386], [140.32053738207765, 36.3159139067481], [140.3202593265295, 36.31590349459503], [140.31998115924557, 36.31589452543385], [140.3197029919616, 36.31588555627267], [140.31942469462481, 36.31588321736205], [140.31914631575216, 36.3158850352476], [140.3188679368795, 36.31588685313314], [140.31858965856713, 36.31589154085795], [140.31831159983645, 36.31590249511597], [140.3180336760688, 36.31591507555535]]}}, {"type": "Feature", "properties": {"id": "北関東道-上り-0-67", "route": "北関東道", "direction": "上り", "from": "友部JCT", "to": "友部IC", "grade": -0.29, "elevation_start": 21.1, "elevation_end": 20.4, "quality": "measured", "structure": "normal", "chain_rank": 0, "cum_dist_start": 16750.0, "cum_dist_end": 17000.0, "anomaly": false}, "geometry": {"type": "LineString", "coordinates": [[140.3180336760688, 36.31591507555535], [140.3177563051757, 36.31593431762656], [140.31747903189714, 36.31595431680759], [140.3172027284069, 36.315981837778395], [140.3169264249167, 36.316009358749206], [140.31665069738355, 36.31603997538054], [140.31637663280944, 36.31607953010171], [140.31610256823532, 36.31611908482288], [140.3158287964888, 36.316159830588724], [140.31555690114752, 36.316208208430254], [140.3152850058062, 36.31625658627179]]}}, {"type": "Feature", "properties": {"id": "北関東道-上り-0-68", "route": "北関東道", "direction": "上り", "from": "友部JCT", "to": "友部IC", "grade": 0.77, "elevation_start": 20.4, "elevation_end": 22.3, "quality": "measured", "structure": "normal", "chain_rank": 0, "cum_dist_start": 17000.0, "cum_dist_end": 17250.0, "anomaly": false}, "geometry": {"type": "LineString", "coordinates": [[140.3152850058062, 36.31625658627179], [140.31501311046492, 36.31630496411332], [140.31474395424263, 36.31636228119157], [140.31447563626833, 36.316422333929275], [140.314207318294, 36.31648238666698], [140.31394147338656, 36.31654909608987], [140.31367673067862, 36.3166187722724], [140.31341198797065, 36.316688448454926], [140.31315090479887, 36.31676643982528], [140.3128913526129, 36.31684790989728], [140.3126318004269, 36.31692937996928]]}}, {"type": "Feature", "properties": {"id": "北関東道-上り-0-69", "route": "北関東道", "direction": "上り", "from": "友部JCT", "to": "友部IC", "grade": 1.13, "elevation_start": 22.3, "elevation_end": 25.1, "quality": "measured", "structure": "normal", "chain_rank": 0, "cum_dist_start": 17250.0, "cum_dist_end": 17500.0, "anomaly": false}, "geometry": {"type": "LineString", "coordinates": [[140.3126318004269, 36.31692937996928], [140.3123735596876, 36.31701335729419], [140.31212062319074, 36.31710747538805], [140.31186768669392, 36.317201593481904], [140.31161478473942, 36.31729577008344], [140.31136541466051, 36.31739592895937], [140.31111604458158, 36.3174960878353], [140.31086667450268, 36.31759624671123], [140.31062288567446, 36.31770492510777], [140.31038052026548, 36.3178157762878], [140.31013815485647, 36.31792662746784]]}}, {"type": "Feature", "properties": {"id": "北関東道-上り-0-70", "route": "北関東道", "direction": "上り", "from": "友部JCT", "to": "友部IC", "grade": 0.35, "elevation_start": 25.1, "elevation_end": 26.0, "quality": "measured", "structure": "normal", "chain_rank": 0, "cum_dist_start": 17500.0, "cum_dist_end": 17750.0, "anomaly": false}, "geometry": {"type": "LineString", "coordinates": [[140.31013815485647, 36.31792662746784], [140.30989858996006, 36.31804131268536], [140.30966176035005, 36.31815974264261], [140.30942493074002, 36.31827817259986], [140.30918920380992, 36.318397991189464], [140.30895772570196, 36.318523160426906], [140.308726247594, 36.318648329664356], [140.30849476948603, 36.3187734989018], [140.30826477795227, 36.318900436729976], [140.30803596305194, 36.31902877440951], [140.30780714815157, 36.31915711208905]]}}, {"type": "Feature", "properties": {"id": "北関東道-上り-0-71", "route": "北関東道", "direction": "上り", "from": "友部JCT", "to": "友部IC", "grade": 0.21, "elevation_start": 26.0, "elevation_end": 26.5, "quality": "measured", "structure": "normal", "chain_rank": 0, "cum_dist_start": 17750.0, "cum_dist_end": 18000.0, "anomaly": false}, "geometry": {"type": "LineString", "coordinates": [[140.30780714815157, 36.31915711208905], [140.30757833325123, 36.31928544976859], [140.30735337902064, 36.31941816876015], [140.3071289376798, 36.31955146980878], [140.30690449633897, 36.3196847708574], [140.30668242976762, 36.31982062709308], [140.30646196171273, 36.319958203288756], [140.30624149365784, 36.320095779484426], [140.30602162029697, 36.32023397323396], [140.30580310695277, 36.32037357927865], [140.30558459360856, 36.320513185323335]]}}, {"type": "Feature", "properties": {"id": "北関東道-上り-0-72", "route": "北関東道", "direction": "上り", "from": "友部JCT", "to": "友部IC", "grade": 0.39, "elevation_start": 26.5, "elevation_end": 27.5, "quality": "measured", "structure": "normal", "chain_rank": 0, "cum_dist_start": 18000.0, "cum_dist_end": 18250.0, "anomaly": false}, "geometry": {"type": "LineString", "coordinates": [[140.30558459360856, 36.320513185323335], [140.30536608026438, 36.320652791368026], [140.30514756692017, 36.32079239741271], [140.30492905357596, 36.3209320034574], [140.30471054023175, 36.321071609502084], [140.30449202688754, 36.321211215546775], [140.30427351354336, 36.32135082159146], [140.30405500019916, 36.32149042763614], [140.30383649490435, 36.32163004633819], [140.30361799001994, 36.321769665685565], [140.30339948513554, 36.32190928503293]]}}, {"type": "Feature", "properties": {"id": "北関東道-上り-0-73", "route": "北関東道", "direction": "上り", "from": "友部JCT", "to": "友部IC", "grade": 0.2, "elevation_start": 27.5, "elevation_end": 28.0, "quality": "measured", "structure": "normal", "chain_rank": 0, "cum_dist_start": 18250.0, "cum_dist_end": 18500.0, "anomaly": false}, "geometry": {"type": "LineString", "coordinates": [[140.30339948513554, 36.32190928503293], [140.30318098025114, 36.3220489043803], [140.30296247536674, 36.32218852372767], [140.30274397048234, 36.32232814307503], [140.30252546559794, 36.322467762422406], [140.30230696071354, 36.32260738176977], [140.30208845582914, 36.32274700111714], [140.3018699509447, 36.32288662046451], [140.3016514460603, 36.32302623981188], [140.3014329411759, 36.323165859159246], [140.3012144362915, 36.32330547850661]]}}, {"type": "Feature", "properties": {"id": "北関東道-上り-0-74", "route": "北関東道", "direction": "上り", "from": "友部JCT", "to": "友部IC", "grade": 0.55, "elevation_start": 28.0, "elevation_end": 29.4, "quality": "measured", "structure": "normal", "chain_rank": 0, "cum_dist_start": 18500.0, "cum_dist_end": 18750.0, "anomaly": false}, "geometry": {"type": "LineString", "coordinates": [[140.3012144362915, 36.32330547850661], [140.3009959314071, 36.323445097853984], [140.30077769409735, 36.323584995166215], [140.30055948012875, 36.323724916726], [140.3003412661602, 36.323864838285786], [140.3001230521916, 36.32400475984557], [140.29990483822303, 36.32414468140536], [140.29968662425446, 36.32428460296514], [140.29946841028587, 36.32442452452493], [140.2992501963173, 36.324564446084715], [140.2990319823487, 36.3247043676445]]}}, {"type": "Feature", "properties": {"id": "北関東道-上り-0-75", "route": "北関東道", "direction": "上り", "from": "友部JCT", "to": "友部IC", "grade": 1.18, "elevation_start": 29.4, "elevation_end": 32.3, "quality": "measured", "structure": "normal", "chain_rank": 0, "cum_dist_start": 18750.0, "cum_dist_end": 19000.0, "anomaly": false}, "geometry": {"type": "LineString", "coordinates": [[140.2990319823487, 36.3247043676445], [140.29881371342609, 36.32484423549614], [140.2985954191009, 36.32498407852117], [140.29837712477573, 36.325123921546194], [140.29815883045052, 36.325263764571226], [140.29794053612534, 36.32540360759626], [140.29772224180016, 36.32554345062129], [140.29750394747498, 36.32568329364632], [140.2972856531498, 36.32582313667135], [140.29706735882462, 36.32596297969638], [140.29685293143356, 36.3261066784994]]}}, {"type": "Feature", "properties": {"id": "北関東道-上り-0-76", "route": "北関東道", "direction": "上り", "from": "友部JCT", "to": "友部IC", "grade": 0.65, "elevation_start": 32.3, "elevation_end": 34.0, "quality": "estimated", "structure": "bridge", "chain_rank": 0, "cum_dist_start": 19000.0, "cum_dist_end": 19250.0, "anomaly": false}, "geometry": {"type": "LineString", "coordinates": [[140.29685293143356, 36.3261066784994], [140.29663897631525, 36.326250848212624], [140.2964250211969, 36.32639501792585], [140.29621106607857, 36.32653918763907], [140.2959996213846, 36.32668574549079], [140.29578952240698, 36.32683358350739], [140.2955794234294, 36.32698142152398], [140.2953693244518, 36.32712925954058], [140.29515922547418, 36.32727709755717], [140.29495303875922, 36.327428494922124], [140.2947471512261, 36.3275801644806]]}}, {"type": "Feature", "properties": {"id": "北関東道-上り-0-77", "route": "北関東道", "direction": "上り", "from": "友部JCT", "to": "友部IC", "grade": 0.31, "elevation_start": 34.0, "elevation_end": 34.7, "quality": "estimated", "structure": "bridge", "chain_rank": 0, "cum_dist_start": 19250.0, "cum_dist_end": 19500.0, "anomaly": false}, "geometry": {"type": "LineString", "coordinates": [[140.2947471512261, 36.3275801644806], [140.294541263693, 36.32773183403907], [140.2943353761599, 36.32788350359755], [140.2941303024719, 36.32803588405656], [140.29392779922313, 36.32819050981578], [140.29372529597435, 36.328345135575], [140.29352279272555, 36.328499761334214], [140.29332028947678, 36.32865438709344], [140.293117786228, 36.32880901285265], [140.29291627145443, 36.328964481080426], [140.29271521643133, 36.32912034114942]]}}, {"type": "Feature", "properties": {"id": "北関東道-上り-0-78", "route": "北関東道", "direction": "上り", "from": "友部JCT", "to": "友部IC", "grade": 0.31, "elevation_start": 34.7, "elevation_end": 35.5, "quality": "estimated", "structure": "bridge", "chain_rank": 0, "cum_dist_start": 19500.0, "cum_dist_end": 19750.0, "anomaly": false}, "geometry": {"type": "LineString", "coordinates": [[140.29271521643133, 36.32912034114942], [140.29251416140823, 36.329276201218406], [140.29231310638514, 36.3294320612874], [140.29211205136207, 36.329587921356385], [140.2919109855419, 36.32974377251271], [140.291709802852, 36.32989952719629], [140.29150862016215, 36.33005528187987], [140.29130743747226, 36.330211036563455], [140.29110625478236, 36.33036679124704], [140.2909050720925, 36.33052254593062], [140.2907038894026, 36.33067830061421]]}}, {"type": "Feature", "properties": {"id": "北関東道-上り-0-79", "route": "北関東道", "direction": "上り", "from": "友部JCT", "to": "友部IC", "grade": 0.31, "elevation_start": 35.5, "elevation_end": 36.3, "quality": "estimated", "structure": "bridge", "chain_rank": 0, "cum_dist_start": 19750.0, "cum_dist_end": 20000.0, "anomaly": false}, "geometry": {"type": "LineString", "coordinates": [[140.2907038894026, 36.33067830061421], [140.29050270671272, 36.33083405529779], [140.29030152402282, 36.330989809981375], [140.29010034133296, 36.33114556466496], [140.28989972421294, 36.3313017973374], [140.28969937241058, 36.33145825424191], [140.28949902060825, 36.33161471114641], [140.28929866880588, 36.33177116805091], [140.28909831700355, 36.33192762495541], [140.28889796520122, 36.33208408185992], [140.28869705000187, 36.33224006383685]]}}, {"type": "Feature", "properties": {"id": "北関東道-上り-0-80", "route": "北関東道", "direction": "上り", "from": "友部JCT", "to": "友部IC", "grade": 1.73, "elevation_start": 36.3, "elevation_end": 40.6, "quality": "measured", "structure": "normal", "chain_rank": 0, "cum_dist_start": 20000.0, "cum_dist_end": 20250.0, "anomaly": false}, "geometry": {"type": "LineString", "coordinates": [[140.28869705000187, 36.33224006383685], [140.28849521270598, 36.33239526851277], [140.28829337541012, 36.33255047318868], [140.28809153811423, 36.3327056778646], [140.28788970081837, 36.33286088254052], [140.28768786352248, 36.333016087216436], [140.28748602622662, 36.333171291892356], [140.28728418893073, 36.33332649656827], [140.28708235163487, 36.33348170124419], [140.28688051433897, 36.33363690592011], [140.28667890584518, 36.333792303928554]]}}, {"type": "Feature", "properties": {"id": "北関東道-上り-0-81", "route": "北関東道", "direction": "上り", "from": "友部JCT", "to": "友部IC", "grade": 0.48, "elevation_start": 40.6, "elevation_end": 41.8, "quality": "estimated", "structure": "normal", "chain_rank": 0, "cum_dist_start": 20250.0, "cum_dist_end": 20500.0, "anomaly": false}, "geometry": {"type": "LineString", "coordinates": [[140.28667890584518, 36.333792303928554], [140.28647884316672, 36.333949008115646], [140.28627878048826, 36.33410571230274], [140.2860787178098, 36.33426241648983], [140.28587865513134, 36.33441912067693], [140.28567859245288, 36.33457582486402], [140.28547272352574, 36.33472751900501], [140.2852665267591, 36.33487893026266], [140.28506032999246, 36.33503034152031], [140.2848541332258, 36.33518175277796], [140.28464793645915, 36.33533316403561]]}}, {"type": "Feature", "properties": {"id": "北関東道-上り-0-82", "route": "北関東道", "direction": "上り", "from": "友部JCT", "to": "友部IC", "grade": 0.07, "elevation_start": 41.8, "elevation_end": 42.0, "quality": "estimated", "structure": "bridge", "chain_rank": 0, "cum_dist_start": 20500.0, "cum_dist_end": 20750.0, "anomaly": false}, "geometry": {"type": "LineString", "coordinates": [[140.28464793645915, 36.33533316403561], [140.2844386688276, 36.33548179235903], [140.284229361423, 36.33563038463863], [140.28401561071286, 36.33577475038095], [140.28380072586202, 36.33591803731202], [140.28358295318458, 36.3360584087105], [140.28336326378866, 36.33619684500136], [140.28314365063747, 36.33633536076772], [140.28292414647845, 36.33647399014465], [140.28270277281567, 36.33661058175035], [140.28247519978987, 36.336740416010116]]}}, {"type": "Feature", "properties": {"id": "北関東道-上り-0-83", "route": "北関東道", "direction": "上り", "from": "友部JCT", "to": "友部IC", "grade": 0.07, "elevation_start": 42.0, "elevation_end": 42.2, "quality": "estimated", "structure": "bridge", "chain_rank": 0, "cum_dist_start": 20750.0, "cum_dist_end": 21000.0, "anomaly": false}, "geometry": {"type": "LineString", "coordinates": [[140.28247519978987, 36.336740416010116], [140.2822472757237, 36.33686984191042], [140.28201758777934, 36.33699721592029], [140.28178789983497, 36.33712458993017], [140.2815559813148, 36.33724928628877], [140.2813235167587, 36.337373305708674], [140.28108574385448, 36.33749056876817], [140.28084728957617, 36.33760690336341], [140.28060619191388, 36.33771963599099], [140.28036437387703, 36.33783134588428], [140.28012156179452, 36.33794164450539]]}}, {"type": "Feature", "properties": {"id": "北関東道-上り-0-84", "route": "北関東道", "direction": "上り", "from": "友部JCT", "to": "友部IC", "grade": 0.07, "elevation_start": 42.2, "elevation_end": 42.4, "quality": "estimated", "structure": "bridge", "chain_rank": 0, "cum_dist_start": 21000.0, "cum_dist_end": 21250.0, "anomaly": false}, "geometry": {"type": "LineString", "coordinates": [[140.28012156179452, 36.33794164450539], [140.27987628817132, 36.33804826788636], [140.27962947414255, 36.33815259134181], [140.2793804669085, 36.338253365772125], [140.27912920274534, 36.3383504880601], [140.2788771558873, 36.338446249400846], [140.27862347159453, 36.33853916357534], [140.27836856208597, 36.33862975662455], [140.27811016933558, 36.33871375080271], [140.2778517875066, 36.33879776724277], [140.2775934318277, 36.338881836986545]]}}, {"type": "Feature", "properties": {"id": "北関東道-上り-0-85", "route": "北関東道", "direction": "上り", "from": "友部JCT", "to": "友部IC", "grade": -0.04, "elevation_start": 42.4, "elevation_end": 42.3, "quality": "estimated", "structure": "bridge", "chain_rank": 0, "cum_dist_start": 21250.0, "cum_dist_end": 21500.0, "anomaly": false}, "geometry": {"type": "LineString", "coordinates": [[140.2775934318277, 36.338881836986545], [140.2773329343504, 36.33896143433415], [140.27707155059392, 36.33903911727737], [140.2768089358617, 36.339114054931606], [140.27654564155443, 36.33918737200044], [140.27628086827295, 36.339257162153295], [140.27601504152685, 36.33932423883836], [140.27574848600665, 36.3393894383792], [140.27547977253855, 36.33944832562877], [140.27520968527742, 36.339503194346825], [140.27493970006125, 36.339558387855874]]}}, {"type": "Feature", "properties": {"id": "北関東道-上り-0-86", "route": "北関東道", "direction": "上り", "from": "友部JCT", "to": "友部IC", "grade": -0.48, "elevation_start": 42.3, "elevation_end": 41.1, "quality": "measured", "structure": "normal", "chain_rank": 0, "cum_dist_start": 21500.0, "cum_dist_end": 21750.0, "anomaly": false}, "geometry": {"type": "LineString", "coordinates": [[140.27493970006125, 36.339558387855874], [140.27467004141903, 36.33961462079172], [140.27439947032815, 36.33966780173933], [140.27412784983684, 36.33971747261788], [140.2738556451642, 36.33976494160741], [140.2735827488444, 36.33980980364919], [140.27330973480588, 36.33985417870946], [140.27303604620454, 36.3398957632238], [140.27276232850707, 36.33993721949809], [140.27248821502533, 36.339976931368305], [140.27221410075057, 36.34001663949232]]}}, {"type": "Feature", "properties": {"id": "北関東道-上り-0-87", "route": "北関東道", "direction": "上り", "from": "友部IC", "to": "笠間PA（西行き）", "grade": -0.47, "elevation_start": 41.1, "elevation_end": 39.9, "quality": "measured", "structure": "normal", "chain_rank": 0, "cum_dist_start": 21750.0, "cum_dist_end": 22000.0, "anomaly": false}, "geometry": {"type": "LineString", "coordinates": [[140.27221410075057, 36.34001663949232], [140.27193925892658, 36.34005291070995], [140.27166441710258, 36.34008918192759], [140.27138957527862, 36.34012545314522], [140.27111473345462, 36.34016172436286], [140.27083989163063, 36.34019799558049], [140.27056504980663, 36.34023426679813], [140.27029020798264, 36.34027053801576], [140.27001536615865, 36.3403068092334], [140.26974052433468, 36.34034308045103], [140.2694659391213, 36.34038057099804]]}}, {"type": "Feature", "properties": {"id": "北関東道-上り-0-88", "route": "北関東道", "direction": "上り", "from": "友部IC", "to": "笠間PA（西行き）", "grade": 0.35, "elevation_start": 39.9, "elevation_end": 40.8, "quality": "estimated", "structure": "bridge", "chain_rank": 0, "cum_dist_start": 22000.0, "cum_dist_end": 22250.0, "anomaly": false}, "geometry": {"type": "LineString", "coordinates": [[140.2694659391213, 36.34038057099804], [140.2691917644275, 36.34042001219932], [140.26891779394202, 36.340460340278696], [140.26864446232207, 36.34050344295503], [140.26837154316826, 36.340548126668594], [140.26809999910634, 36.34059808129161], [140.2678292685184, 36.340650725959335], [140.26755989338102, 36.340707852912715], [140.26729205715668, 36.34076939101021], [140.2670255560223, 36.3408347436083], [140.26676179439158, 36.340907011109444]]}}, {"type": "Feature", "properties": {"id": "北関東道-上り-0-89", "route": "北関東道", "direction": "上り", "from": "友部IC", "to": "笠間PA（西行き）", "grade": 0.47, "elevation_start": 40.8, "elevation_end": 41.9, "quality": "estimated", "structure": "bridge", "chain_rank": 0, "cum_dist_start": 22250.0, "cum_dist_end": 22500.0, "anomaly": false}, "geometry": {"type": "LineString", "coordinates": [[140.26676179439158, 36.340907011109444], [140.26649869330402, 36.34098080031105], [140.26623700907496, 36.34105785354496], [140.26597727206263, 36.3411389518888], [140.2657201061684, 36.34122539142311], [140.2654648902803, 36.34131548193794], [140.26521087317374, 36.341407816921745], [140.2649568560672, 36.34150015190555], [140.26470283896063, 36.34159248688936], [140.26444882185407, 36.341684821873166], [140.26419480474752, 36.34177715685698]]}}, {"type": "Feature", "properties": {"id": "北関東道-上り-0-90", "route": "北関東道", "direction": "上り", "from": "友部IC", "to": "笠間PA（西行き）", "grade": 0.47, "elevation_start": 41.9, "elevation_end": 43.1, "quality": "estimated", "structure": "bridge", "chain_rank": 0, "cum_dist_start": 22500.0, "cum_dist_end": 22750.0, "anomaly": false}, "geometry": {"type": "LineString", "coordinates": [[140.26419480474752, 36.34177715685698], [140.263940787641, 36.34186949184078], [140.26368584073506, 36.34196012165868], [140.26343022269444, 36.34204952067774], [140.26317394762452, 36.342137674974374], [140.26291731720744, 36.34222515607641], [140.26265758283307, 36.34230639471436], [140.26239754700828, 36.34238702709603], [140.26213737181197, 36.342467360922434], [140.26187632896372, 36.34254583610437], [140.261614928586, 36.34262350509417]]}}, {"type": "Feature", "properties": {"id": "北関東道-上り-0-91", "route": "北関東道", "direction": "上り", "from": "友部IC", "to": "笠間PA（西行き）", "grade": 0.62, "elevation_start": 43.1, "elevation_end": 44.6, "quality": "estimated", "structure": "normal", "chain_rank": 0, "cum_dist_start": 22750.0, "cum_dist_end": 23000.0, "anomaly": false}, "geometry": {"type": "LineString", "coordinates": [[140.261614928586, 36.34262350509417], [140.26135174581114, 36.34269715496198], [140.26108790438514, 36.34276920579762], [140.26082270916842, 36.34283796998447], [140.26055648142236, 36.3429039964346], [140.26028899837138, 36.342966694461744], [140.26002065786557, 36.34302690775315], [140.25975170161482, 36.34308533673661], [140.25948139897753, 36.34313947879415], [140.25921058145488, 36.343191981444804], [140.25893830499194, 36.34323925304736]]}}, {"type": "Feature", "properties": {"id": "北関東道-上り-0-92", "route": "北関東道", "direction": "上り", "from": "笠間PA（西行き）", "to": "笠間PA", "grade": 1.05, "elevation_start": 44.6, "elevation_end": 47.3, "quality": "measured", "structure": "normal", "chain_rank": 0, "cum_dist_start": 23000.0, "cum_dist_end": 23250.0, "anomaly": false}, "geometry": {"type": "LineString", "coordinates": [[140.25893830499194, 36.34323925304736], [140.25866577918646, 36.34328559939213], [140.25839230508686, 36.343328148029585], [140.25811859329843, 36.343369619185566], [140.25784380520997, 36.343406211300774], [140.25756884598187, 36.34344192789861], [140.2572935038695, 36.34347568573502], [140.25701775005678, 36.3435069751296], [140.25674119345345, 36.34353345121343], [140.2564643654419, 36.34355786869385], [140.25618712624865, 36.34357916740354]]}}, {"type": "Feature", "properties": {"id": "北関東道-上り-0-93", "route": "北関東道", "direction": "上り", "from": "笠間PA（西行き）", "to": "笠間PA", "grade": 1.09, "elevation_start": 47.3, "elevation_end": 50.0, "quality": "measured", "structure": "normal", "chain_rank": 0, "cum_dist_start": 23250.0, "cum_dist_end": 23500.0, "anomaly": false}, "geometry": {"type": "LineString", "coordinates": [[140.25618712624865, 36.34357916740354], [140.25590960273124, 36.34359781033083], [140.25563194422998, 36.34361512434198], [140.25535378815775, 36.34362609829329], [140.25507557701042, 36.34363591831147], [140.25479720292302, 36.34364232440972], [140.25451877849576, 36.34364669532365], [140.25424031040419, 36.343649300937884], [140.25396188323109, 36.34364618621688], [140.2536834710613, 36.34364097406063], [140.2534052216152, 36.343632216482725]]}}, {"type": "Feature", "properties": {"id": "北関東道-上り-0-94", "route": "北関東道", "direction": "上り", "from": "笠間PA", "to": "笠間PA（東行き）", "grade": 0.23, "elevation_start": 50.0, "elevation_end": 50.6, "quality": "measured", "structure": "normal", "chain_rank": 0, "cum_dist_start": 23500.0, "cum_dist_end": 23750.0, "anomaly": false}, "geometry": {"type": "LineString", "coordinates": [[140.2534052216152, 36.343632216482725], [140.2531270981158, 36.34362071477913], [140.25284921685878, 36.34360623737326], [140.25257163051774, 36.3435881372228], [140.25229427964314, 36.34356793212827], [140.25201718528106, 36.34354543394913], [140.25174117354823, 36.34351591617394], [140.25146574017936, 36.343482648378576], [140.2511911618587, 36.34344516945496], [140.25091704423158, 36.34340542160724], [140.25064391849045, 36.343361498753715]]}}, {"type": "Feature", "properties": {"id": "北関東道-上り-0-95", "route": "北関東道", "direction": "上り", "from": "笠間PA（東行き）", "to": "笠間西IC", "grade": 0.76, "elevation_start": 50.6, "elevation_end": 52.4, "quality": "measured", "structure": "normal", "chain_rank": 0, "cum_dist_start": 23750.0, "cum_dist_end": 24000.0, "anomaly": false}, "geometry": {"type": "LineString", "coordinates": [[140.25064391849045, 36.343361498753715], [140.25037111389264, 36.34331622415699], [140.2500989443789, 36.34326853379736], [140.2498269672001, 36.34322011182487], [140.24955763909057, 36.343163169504095], [140.24928970708876, 36.343101736804705], [140.2490224021753, 36.34303854597099], [140.24875722709066, 36.342969783950814], [140.24849366782234, 36.342897089431915], [140.24823158441143, 36.342820915731835], [140.2479697111182, 36.34274428865856]]}}, {"type": "Feature", "properties": {"id": "北関東道-上り-0-96", "route": "北関東道", "direction": "上り", "from": "笠間PA（東行き）", "to": "笠間西IC", "grade": 5.38, "elevation_start": 52.4, "elevation_end": 65.9, "quality": "measured", "structure": "normal", "chain_rank": 0, "cum_dist_start": 24000.0, "cum_dist_end": 24250.0, "anomaly": false}, "geometry": {"type": "LineString", "coordinates": [[140.2479697111182, 36.34274428865856], [140.24771031409998, 36.342662318500196], [140.24745091708172, 36.342580348341826], [140.24719243654073, 36.342496512075066], [140.2469341931111, 36.342412193008016], [140.24667619335355, 36.34232740011394], [140.24642020130165, 36.34223870318211], [140.24616420924974, 36.342150006250286], [140.24590821719784, 36.34206130931846], [140.24565181395062, 36.34197339824155], [140.2453950057495, 36.341886261091375]]}}, {"type": "Feature", "properties": {"id": "北関東道-上り-0-97", "route": "北関東道", "direction": "上り", "from": "笠間PA（東行き）", "to": "笠間西IC", "grade": 0.99, "elevation_start": 65.9, "elevation_end": 68.4, "quality": "estimated", "structure": "tunnel", "chain_rank": 0, "cum_dist_start": 24250.0, "cum_dist_end": 24500.0, "anomaly": false}, "geometry": {"type": "LineString", "coordinates": [[140.2453950057495, 36.341886261091375], [140.24513819754836, 36.3417991239412], [140.24488076297925, 36.34171329331532], [140.24461850398612, 36.3416375258274], [140.24435624499299, 36.34156175833948], [140.24409398599985, 36.34148599085156], [140.24383172700672, 36.341410223363646], [140.24356699988283, 36.341340302292515], [140.2433022687338, 36.341270390755966], [140.24303753758477, 36.34120047921942], [140.24277280643574, 36.341130567682875]]}}, {"type": "Feature", "properties": {"id": "北関東道-上り-0-98", "route": "北関東道", "direction": "上り", "from": "笠間PA（東行き）", "to": "笠間西IC", "grade": 0.99, "elevation_start": 68.4, "elevation_end": 70.8, "quality": "estimated", "structure": "tunnel", "chain_rank": 0, "cum_dist_start": 24500.0, "cum_dist_end": 24750.0, "anomaly": false}, "geometry": {"type": "LineString", "coordinates": [[140.24277280643574, 36.341130567682875], [140.242508013625, 36.341060817737976], [140.24224066006227, 36.3409977785409], [140.24197330649955, 36.34093473934383], [140.2417059529368, 36.34087170014676], [140.24143859937405, 36.34080866094968], [140.2411712458113, 36.34074562175261], [140.24090093896393, 36.340691524067815], [140.24063036539218, 36.34063823393108], [140.24035979182042, 36.34058494379435], [140.24008921824867, 36.340531653657614]]}}, {"type": "Feature", "properties": {"id": "北関東道-上り-0-99", "route": "北関東道", "direction": "上り", "from": "笠間PA（東行き）", "to": "笠間西IC", "grade": 0.99, "elevation_start": 70.8, "elevation_end": 73.3, "quality": "estimated", "structure": "tunnel", "chain_rank": 0, "cum_dist_start": 24750.0, "cum_dist_end": 25000.0, "anomaly": false}, "geometry": {"type": "LineString", "coordinates": [[140.24008921824867, 36.340531653657614], [140.23981864467692, 36.34047836352088], [140.23954710372584, 36.34042860688233], [140.23927403086975, 36.34038444575651], [140.2390009580137, 36.3403402846307], [140.23872788515763, 36.340296123504885], [140.2384548014316, 36.34025200984365], [140.2381803067762, 36.34021405712823], [140.23790581212077, 36.340176104412805], [140.23763131746534, 36.34013815169738], [140.23735682280991, 36.34010019898196]]}}, {"type": "Feature", "properties": {"id": "北関東道-上り-0-100", "route": "北関東道", "direction": "上り", "from": "笠間PA（東行き）", "to": "笠間西IC", "grade": 0.99, "elevation_start": 73.3, "elevation_end": 75.8, "quality": "estimated", "structure": "tunnel", "chain_rank": 0, "cum_dist_start": 25000.0, "cum_dist_end": 25250.0, "anomaly": false}, "geometry": {"type": "LineString", "coordinates": [[140.23735682280991, 36.34010019898196], [140.23708132582746, 36.34006739300349], [140.23680571079353, 36.34003519319424], [140.2365300957596, 36.34000299338499], [140.23625384048583, 36.339974913482116], [140.23597695338836, 36.339950899327974], [140.23570006629086, 36.33992688517383], [140.2354231791934, 36.33990287101969], [140.23514576740402, 36.339883265580404], [140.2348683060936, 36.33986407624098], [140.23459084478316, 36.33984488690156]]}}, {"type": "Feature", "properties": {"id": "北関東道-上り-0-101", "route": "北関東道", "direction": "上り", "from": "笠間PA（東行き）", "to": "笠間西IC", "grade": 0.99, "elevation_start": 75.8, "elevation_end": 78.3, "quality": "estimated", "structure": "tunnel", "chain_rank": 0, "cum_dist_start": 25250.0, "cum_dist_end": 25500.0, "anomaly": false}, "geometry": {"type": "LineString", "coordinates": [[140.23459084478316, 36.33984488690156], [140.234313210134, 36.33982756316383], [140.2340353225138, 36.33981296209089], [140.2337574348936, 36.33979836101795], [140.23347954727336, 36.33978375994501], [140.23320121276967, 36.33977673100018], [140.23292287016582, 36.33976983930654], [140.23264452756197, 36.3397629476129], [140.23236608104506, 36.339762111830616], [140.23208760926974, 36.33976274807312], [140.23180913749442, 36.339763384315624]]}}, {"type": "Feature", "properties": {"id": "北関東道-上り-0-102", "route": "北関東道", "direction": "上り", "from": "笠間PA（東行き）", "to": "笠間西IC", "grade": 5.98, "elevation_start": 78.3, "elevation_end": 93.2, "quality": "estimated", "structure": "normal", "chain_rank": 0, "cum_dist_start": 25500.0, "cum_dist_end": 25750.0, "anomaly": false}, "geometry": {"type": "LineString", "coordinates": [[140.23180913749442, 36.339763384315624], [140.23153072460084, 36.33976653675872], [140.2312524226813, 36.339774431467745], [140.23097412076174, 36.339782326176774], [140.23069581884218, 36.339790220885796], [140.23041762090025, 36.33980011097343], [140.23013948597432, 36.33981121036754], [140.2298613510484, 36.33982230976166], [140.22958321612248, 36.33983340915578], [140.22930533449895, 36.33984768946436], [140.2290277393591, 36.33986556737148]]}}, {"type": "Feature", "properties": {"id": "北関東道-上り-0-103", "route": "北関東道", "direction": "上り", "from": "笠間PA（東行き）", "to": "笠間西IC", "grade": -3.71, "elevation_start": 93.2, "elevation_end": 83.9, "quality": "measured", "structure": "normal", "chain_rank": 0, "cum_dist_start": 25750.0, "cum_dist_end": 26000.0, "anomaly": false}, "geometry": {"type": "LineString", "coordinates": [[140.2290277393591, 36.33986556737148], [140.2287501442193, 36.339883445278616], [140.22847254907947, 36.33990132318575], [140.2281953480865, 36.33992253917963], [140.22791859170908, 36.33994752068695], [140.22764183533167, 36.33997250219427], [140.22736507895425, 36.339997483701595], [140.22708860722605, 36.34002425310312], [140.22681306324642, 36.340056849734246], [140.22653751926677, 36.34008944636538], [140.22626197528714, 36.34012204299652]]}}, {"type": "Feature", "properties": {"id": "北関東道-上り-0-104", "route": "北関東道", "direction": "上り", "from": "笠間PA（東行き）", "to": "笠間西IC", "grade": 2.24, "elevation_start": 83.9, "elevation_end": 89.5, "quality": "estimated", "structure": "normal", "chain_rank": 0, "cum_dist_start": 26000.0, "cum_dist_end": 26250.0, "anomaly": false}, "geometry": {"type": "LineString", "coordinates": [[140.22626197528714, 36.34012204299652], [140.22598643130752, 36.34015463962765], [140.22571088732786, 36.340187236258785], [140.22543689136253, 36.34022736769466], [140.2251631346619, 36.34026866372749], [140.22488937796126, 36.34030995976033], [140.22461562126063, 36.34035125579317], [140.22434240533505, 36.340394745389055], [140.22407002274855, 36.34044161528487], [140.22379764016205, 36.34048848518068], [140.22352525757557, 36.34053535507649]]}}, {"type": "Feature", "properties": {"id": "北関東道-上り-0-105", "route": "北関東道", "direction": "上り", "from": "笠間PA（東行き）", "to": "笠間西IC", "grade": 0.58, "elevation_start": 89.5, "elevation_end": 91.0, "quality": "estimated", "structure": "bridge", "chain_rank": 0, "cum_dist_start": 26250.0, "cum_dist_end": 26500.0, "anomaly": false}, "geometry": {"type": "LineString", "coordinates": [[140.22352525757557, 36.34053535507649], [140.22325402325754, 36.340586314707615], [140.222983353297, 36.34063928438504], [140.22271268333645, 36.34069225406247], [140.2224420133759, 36.340745223739894], [140.2221716476193, 36.34079915094203], [140.22190296860796, 36.34085838741297], [140.22163428959666, 36.340917623883904], [140.22136561058534, 36.34097686035484], [140.221096931574, 36.34103609682578], [140.22082827841538, 36.34109540793116]]}}, {"type": "Feature", "properties": {"id": "北関東道-上り-0-106", "route": "北関東道", "direction": "上り", "from": "笠間PA（東行き）", "to": "笠間西IC", "grade": 0.58, "elevation_start": 91.0, "elevation_end": 92.4, "quality": "estimated", "structure": "bridge", "chain_rank": 0, "cum_dist_start": 26500.0, "cum_dist_end": 26750.0, "anomaly": false}, "geometry": {"type": "LineString", "coordinates": [[140.22082827841538, 36.34109540793116], [140.22056074800176, 36.34115796030368], [140.22029321758814, 36.34122051267621], [140.2200256871745, 36.34128306504874], [140.2197581567609, 36.34134561742127], [140.21949062634727, 36.3414081697938], [140.21922309593364, 36.34147072216633], [140.21895556552002, 36.341533274538854], [140.2186880351064, 36.34159582691139], [140.21842050469277, 36.34165837928391], [140.21815297427915, 36.34172093165645]]}}, {"type": "Feature", "properties": {"id": "北関東道-上り-0-107", "route": "北関東道", "direction": "上り", "from": "笠間PA（東行き）", "to": "笠間西IC", "grade": 0.58, "elevation_start": 92.4, "elevation_end": 93.9, "quality": "estimated", "structure": "bridge", "chain_rank": 0, "cum_dist_start": 26750.0, "cum_dist_end": 27000.0, "anomaly": false}, "geometry": {"type": "LineString", "coordinates": [[140.21815297427915, 36.34172093165645], [140.21788544386553, 36.34178348402897], [140.21761791345187, 36.3418460364015], [140.21735038303825, 36.34190858877403], [140.21708285262463, 36.34197114114656], [140.2168152028723, 36.34203336046875], [140.21654743766496, 36.34209525757915], [140.2162796724576, 36.34215715468955], [140.21601190725025, 36.34221905179996], [140.2157441420429, 36.34228094891036], [140.21547621028634, 36.342342374178735]]}}, {"type": "Feature", "properties": {"id": "北関東道-上り-0-108", "route": "北関東道", "direction": "上り", "from": "笠間PA（東行き）", "to": "笠間西IC", "grade": -2.06, "elevation_start": 93.9, "elevation_end": 88.8, "quality": "estimated", "structure": "normal", "chain_rank": 0, "cum_dist_start": 27000.0, "cum_dist_end": 27250.0, "anomaly": false}, "geometry": {"type": "LineString", "coordinates": [[140.21547621028634, 36.342342374178735], [140.21520825982017, 36.34240374644194], [140.21493888185253, 36.34246070366451], [140.21466809785906, 36.34251331226718], [140.2143973138656, 36.34256592086985], [140.21412652987212, 36.34261852947253], [140.21385497749498, 36.34266840495712], [140.2135826928898, 36.342715675928126], [140.21331040828463, 36.342762946899136], [140.21303812367944, 36.34281021787014], [140.21276522419961, 36.3428549461105]]}}, {"type": "Feature", "properties": {"id": "北関東道-上り-0-109", "route": "北関東道", "direction": "上り", "from": "笠間PA（東行き）", "to": "笠間西IC", "grade": -2.56, "elevation_start": 88.8, "elevation_end": 82.4, "quality": "measured", "structure": "normal", "chain_rank": 0, "cum_dist_start": 27250.0, "cum_dist_end": 27500.0, "anomaly": false}, "geometry": {"type": "LineString", "coordinates": [[140.21276522419961, 36.3428549461105], [140.21249098741288, 36.34289414409951], [140.2122167506261, 36.342933342088514], [140.21194251383935, 36.342972540077525], [140.21166792033398, 36.34300996399261], [140.2113924610807, 36.34304308227138], [140.21111692821782, 36.3430757605374], [140.21084049404956, 36.34310305111269], [140.21056405988134, 36.34313034168798], [140.21028762571308, 36.34315763226328], [140.21001052050414, 36.34317995075825]]}}, {"type": "Feature", "properties": {"id": "北関東道-上り-0-110", "route": "北関東道", "direction": "上り", "from": "笠間PA（東行き）", "to": "笠間西IC", "grade": 0.62, "elevation_start": 82.4, "elevation_end": 83.9, "quality": "measured", "structure": "normal", "chain_rank": 0, "cum_dist_start": 27500.0, "cum_dist_end": 27750.0, "anomaly": false}, "geometry": {"type": "LineString", "coordinates": [[140.21001052050414, 36.34317995075825], [140.20973331761616, 36.3432015454996], [140.20945611472817, 36.34322314024096], [140.20917864774268, 36.343242261056055], [140.20890097097637, 36.343259416754925], [140.20862329421004, 36.3432765724538], [140.20834531290515, 36.34328957515718], [140.20806707605237, 36.343299092951455], [140.20778883919957, 36.34330861074574], [140.20751047955147, 36.34331509604374], [140.2072320689997, 36.34332032424836]]}}, {"type": "Feature", "properties": {"id": "北関東道-上り-0-111", "route": "北関東道", "direction": "上り", "from": "笠間PA（東行き）", "to": "笠間西IC", "grade": 2.47, "elevation_start": 83.9, "elevation_end": 90.1, "quality": "measured", "structure": "normal", "chain_rank": 0, "cum_dist_start": 27750.0, "cum_dist_end": 28000.0, "anomaly": false}, "geometry": {"type": "LineString", "coordinates": [[140.2072320689997, 36.34332032424836], [140.20695365844793, 36.343325552452974], [140.2066751894281, 36.343325561597126], [140.20639670746604, 36.343324415473624], [140.20611822550399, 36.34332326935013], [140.20583974354193, 36.34332212322663], [140.20556152547786, 36.34331233071102], [140.2052833128724, 36.34330235934863], [140.20500510026696, 36.34329238798623], [140.20472712946344, 36.34327906791343], [140.20444937321284, 36.343262776500374]]}}, {"type": "Feature", "properties": {"id": "北関東道-上り-0-112", "route": "北関東道", "direction": "上り", "from": "笠間PA（東行き）", "to": "笠間西IC", "grade": 2.48, "elevation_start": 90.1, "elevation_end": 96.3, "quality": "measured", "structure": "normal", "chain_rank": 0, "cum_dist_start": 28000.0, "cum_dist_end": 28250.0, "anomaly": false}, "geometry": {"type": "LineString", "coordinates": [[140.20444937321284, 36.343262776500374], [140.20417161696224, 36.34324648508732], [140.20389386071164, 36.343230193674266], [140.20361610446108, 36.34321390226122], [140.20333896137836, 36.343192151206125], [140.20306212249685, 36.34316769154591], [140.20278528361533, 36.3431432318857], [140.20250844473384, 36.34311877222548], [140.20223209433232, 36.343091162495305], [140.20195636304078, 36.34305956029908], [140.20168063174924, 36.343027958102866]]}}, {"type": "Feature", "properties": {"id": "北関東道-上り-0-113", "route": "北関東道", "direction": "上り", "from": "笠間PA（東行き）", "to": "笠間西IC", "grade": 2.07, "elevation_start": 96.3, "elevation_end": 101.4, "quality": "measured", "structure": "normal", "chain_rank": 0, "cum_dist_start": 28250.0, "cum_dist_end": 28500.0, "anomaly": false}, "geometry": {"type": "LineString", "coordinates": [[140.20168063174924, 36.343027958102866], [140.20140490045773, 36.34299635590665], [140.20113002489398, 36.3429602307628], [140.2008552246294, 36.34292370762554], [140.2005804243648, 36.342887184488276], [140.2003056241002, 36.342850661351015], [140.2000308238356, 36.342814138213754], [140.199756023571, 36.34277761507649], [140.19948089342466, 36.342742903304895], [140.19920475565615, 36.34271372434063], [140.19892861788765, 36.342684545376365]]}}, {"type": "Feature", "properties": {"id": "北関東道-上り-0-114", "route": "北関東道", "direction": "上り", "from": "笠間PA（東行き）", "to": "笠間西IC", "grade": -0.15, "elevation_start": 101.4, "elevation_end": 101.0, "quality": "measured", "structure": "normal", "chain_rank": 0, "cum_dist_start": 28500.0, "cum_dist_end": 28750.0, "anomaly": false}, "geometry": {"type": "LineString", "coordinates": [[140.19892861788765, 36.342684545376365], [140.19865248011914, 36.3426553664121], [140.19837634235063, 36.34262618744784], [140.1980997387139, 36.34260026987399], [140.19782265639222, 36.342577703416126], [140.19754557407055, 36.342555136958254], [140.19726849174887, 36.34253257050039], [140.19699140942723, 36.34251000404252], [140.1967141195028, 36.342489299936766], [140.1964365202264, 36.34247137095012], [140.19615892094998, 36.34245344196348]]}}, {"type": "Feature", "properties": {"id": "北関東道-上り-0-115", "route": "北関東道", "direction": "上り", "from": "笠間PA（東行き）", "to": "笠間西IC", "grade": -2.73, "elevation_start": 101.0, "elevation_end": 94.2, "quality": "measured", "structure": "normal", "chain_rank": 0, "cum_dist_start": 28750.0, "cum_dist_end": 29000.0, "anomaly": false}, "geometry": {"type": "LineString", "coordinates": [[140.19615892094998, 36.34245344196348], [140.19588132167357, 36.34243551297684], [140.19560355638689, 36.3424199112889], [140.19532525113584, 36.342411879363524], [140.19504694588483, 36.342403847438156], [140.19476864063378, 36.34239581551279], [140.19449033538277, 36.34238778358742], [140.19421202339157, 36.342379978553815], [140.19393356272653, 36.34237717826555], [140.1936551020615, 36.342374377977286], [140.1933766413965, 36.34237157768902]]}}, {"type": "Feature", "properties": {"id": "北関東道-上り-0-116", "route": "北関東道", "direction": "上り", "from": "笠間PA（東行き）", "to": "笠間西IC", "grade": -2.18, "elevation_start": 94.2, "elevation_end": 88.8, "quality": "estimated", "structure": "normal", "chain_rank": 0, "cum_dist_start": 29000.0, "cum_dist_end": 29250.0, "anomaly": false}, "geometry": {"type": "LineString", "coordinates": [[140.1933766413965, 36.34237157768902], [140.19309818073148, 36.34236877740076], [140.19281972006644, 36.34236597711249], [140.19254131851267, 36.34236940068749], [140.19226294391805, 36.34237566281126], [140.19198456932347, 36.342381924935026], [140.1917062294923, 36.34238898489711], [140.1914280012894, 36.34239860678199], [140.1911497730865, 36.34240822866687], [140.1908715448836, 36.34241785055175], [140.19059347644176, 36.34242998512092]]}}, {"type": "Feature", "properties": {"id": "北関東道-上り-0-117", "route": "北関東道", "direction": "上り", "from": "笠間PA（東行き）", "to": "笠間西IC", "grade": -2.46, "elevation_start": 88.8, "elevation_end": 82.6, "quality": "estimated", "structure": "bridge", "chain_rank": 0, "cum_dist_start": 29250.0, "cum_dist_end": 29500.0, "anomaly": false}, "geometry": {"type": "LineString", "coordinates": [[140.19059347644176, 36.34242998512092], [140.1903154972819, 36.34244352389639], [140.19003751812204, 36.34245706267187], [140.18975953896216, 36.342470601447346], [140.18948179889554, 36.34248695130682], [140.18920414869464, 36.34250435774218], [140.18892688780622, 36.34252532836214], [140.18864976850847, 36.34254759525551], [140.18837264921072, 36.34256986214888], [140.1880958834196, 36.34259484013514], [140.1878191247192, 36.34261987250103]]}}, {"type": "Feature", "properties": {"id": "北関東道-上り-0-118", "route": "北関東道", "direction": "上り", "from": "笠間PA（東行き）", "to": "笠間西IC", "grade": -2.46, "elevation_start": 82.6, "elevation_end": 76.5, "quality": "estimated", "structure": "bridge", "chain_rank": 0, "cum_dist_start": 29500.0, "cum_dist_end": 29750.0, "anomaly": false}, "geometry": {"type": "LineString", "coordinates": [[140.1878191247192, 36.34261987250103], [140.18754256842982, 36.342646199677375], [140.1872668221094, 36.342677708173326], [140.1869909525564, 36.34270849751385], [140.1867150983496, 36.342739367689354], [140.18643953635205, 36.342771916662656], [140.18616397435454, 36.34280446563596], [140.18588913509706, 36.34284060248494], [140.18561506061312, 36.34288053587525], [140.1853409861292, 36.34292046926557], [140.18506706015322, 36.342961059879855]]}}, {"type": "Feature", "properties": {"id": "北関東道-上り-0-119", "route": "北関東道", "direction": "上り", "from": "笠間PA（東行き）", "to": "笠間西IC", "grade": -1.46, "elevation_start": 76.5, "elevation_end": 72.8, "quality": "estimated", "structure": "normal", "chain_rank": 0, "cum_dist_start": 29750.0, "cum_dist_end": 30000.0, "anomaly": false}, "geometry": {"type": "LineString", "coordinates": [[140.18506706015322, 36.342961059879855], [140.18479327212648, 36.34300226099067], [140.18451948409978, 36.343043462101484], [140.18424692777663, 36.34308969002631], [140.18397442244543, 36.34313612605889], [140.18370191711423, 36.343182562091464], [140.18342994357195, 36.34323099245327], [140.1831580290368, 36.343279644105316], [140.18288619768, 36.34332859634449], [140.18261462333038, 36.343378477347486], [140.1823441872961, 36.34343220997676]]}}, {"type": "Feature", "properties": {"id": "北関東道-上り-0-120", "route": "北関東道", "direction": "上り", "from": "笠間PA（東行き）", "to": "笠間西IC", "grade": 0.28, "elevation_start": 72.8, "elevation_end": 73.5, "quality": "measured", "structure": "normal", "chain_rank": 0, "cum_dist_start": 30000.0, "cum_dist_end": 30250.0, "anomaly": false}, "geometry": {"type": "LineString", "coordinates": [[140.1823441872961, 36.34343220997676], [140.18207410096448, 36.343487125866744], [140.18180448160672, 36.343543489033564], [140.18153568771544, 36.343602410541415], [140.18126697984775, 36.34366158111454], [140.18099938363622, 36.343723970280806], [140.1807317874247, 36.34378635944708], [140.18046419121316, 36.34384874861335], [140.18019730844915, 36.3439130866955], [140.17993089801354, 36.343978715031454], [140.17966448757795, 36.3440443433674]]}}, {"type": "Feature", "properties": {"id": "北関東道-上り-0-121", "route": "北関東道", "direction": "上り", "from": "笠間PA（東行き）", "to": "笠間西IC", "grade": 1.68, "elevation_start": 73.5, "elevation_end": 77.7, "quality": "measured", "structure": "normal", "chain_rank": 0, "cum_dist_start": 30250.0, "cum_dist_end": 30500.0, "anomaly": false}, "geometry": {"type": "LineString", "coordinates": [[140.17966448757795, 36.3440443433674], [140.17939896567214, 36.34411225361837], [140.17913417630885, 36.344182045179075], [140.17886963764855, 36.344252451133094], [140.1786055642953, 36.344323997406924], [140.17834204694344, 36.34439682832543], [140.17808050030712, 36.3444742125949], [140.17781895367077, 36.34455159686438], [140.17755740703444, 36.34462898113386], [140.17729656667268, 36.34470786935148], [140.17703750824663, 36.3447905520408]]}}, {"type": "Feature", "properties": {"id": "北関東道-上り-0-122", "route": "北関東道", "direction": "上り", "from": "笠間PA（東行き）", "to": "笠間西IC", "grade": 1.24, "elevation_start": 77.7, "elevation_end": 80.8, "quality": "measured", "structure": "normal", "chain_rank": 0, "cum_dist_start": 30500.0, "cum_dist_end": 30750.0, "anomaly": false}, "geometry": {"type": "LineString", "coordinates": [[140.17703750824663, 36.3447905520408], [140.17677844982055, 36.344873234730116], [140.1765193913945, 36.34495591741944], [140.17626071059482, 36.34503937203234], [140.17600204940948, 36.34512286673985], [140.17574338822416, 36.34520636144735], [140.17548472703882, 36.345289856154864], [140.17522599132906, 36.34537320212151], [140.1749672464541, 36.345456529795655], [140.17470850157912, 36.3455398574698], [140.17444975670415, 36.34562318514395]]}}, {"type": "Feature", "properties": {"id": "北関東道-上り-0-123", "route": "北関東道", "direction": "上り", "from": "笠間西IC", "to": "桜川筑西IC", "grade": 1.26, "elevation_start": 80.8, "elevation_end": 84.0, "quality": "estimated", "structure": "normal", "chain_rank": 0, "cum_dist_start": 30750.0, "cum_dist_end": 31000.0, "anomaly": false}, "geometry": {"type": "LineString", "coordinates": [[140.17444975670415, 36.34562318514395], [140.17419101182918, 36.3457065128181], [140.1739322669542, 36.345789840492245], [140.17367326991754, 36.345872655703666], [140.17341420360094, 36.345955330119054], [140.17315513728437, 36.34603800453444], [140.1728960709678, 36.34612067894982], [140.1726371895449, 36.34620373144726], [140.17237857343343, 36.34628732646985], [140.17211995732197, 36.346370921492436], [140.17186134121047, 36.346454516515024]]}}, {"type": "Feature", "properties": {"id": "北関東道-上り-0-124", "route": "北関東道", "direction": "上り", "from": "笠間西IC", "to": "桜川筑西IC", "grade": 1.57, "elevation_start": 84.0, "elevation_end": 87.9, "quality": "estimated", "structure": "bridge", "chain_rank": 0, "cum_dist_start": 31000.0, "cum_dist_end": 31250.0, "anomaly": false}, "geometry": {"type": "LineString", "coordinates": [[140.17186134121047, 36.346454516515024], [140.171602725099, 36.34653811153761], [140.17134410898754, 36.3466217065602], [140.17108549287607, 36.34670530158278], [140.17082679809252, 36.34678873606785], [140.17056744275612, 36.34687082263442], [140.17030808741976, 36.34695290920099], [140.17004873208336, 36.347034995767565], [140.16978937674696, 36.347117082334144], [140.16953002141057, 36.347199168900715], [140.16927066607417, 36.34728125546729]]}}, {"type": "Feature", "properties": {"id": "北関東道-上り-0-125", "route": "北関東道", "direction": "上り", "from": "笠間西IC", "to": "桜川筑西IC", "grade": 1.57, "elevation_start": 87.9, "elevation_end": 91.8, "quality": "estimated", "structure": "bridge", "chain_rank": 0, "cum_dist_start": 31250.0, "cum_dist_end": 31500.0, "anomaly": false}, "geometry": {"type": "LineString", "coordinates": [[140.16927066607417, 36.34728125546729], [140.16901054849097, 36.34736170515649], [140.1687486744308, 36.347438382921005], [140.1684868003706, 36.347515060685524], [140.16822263123885, 36.34758640095006], [140.16795844888202, 36.347657710457916], [140.16769352540925, 36.34772708397357], [140.16742575278508, 36.34778901474688], [140.1671579801609, 36.347850945520186], [140.16688812770062, 36.347906519011474], [140.16661753510465, 36.34795983018451]]}}, {"type": "Feature", "properties": {"id": "北関東道-上り-0-126", "route": "北関東道", "direction": "上り", "from": "笠間西IC", "to": "桜川筑西IC", "grade": -0.1, "elevation_start": 91.8, "elevation_end": 91.6, "quality": "measured", "structure": "normal", "chain_rank": 0, "cum_dist_start": 31500.0, "cum_dist_end": 31750.0, "anomaly": false}, "geometry": {"type": "LineString", "coordinates": [[140.16661753510465, 36.34795983018451], [140.16634604315055, 36.34800993329977], [140.1660734888863, 36.34805624709867], [140.16580058348003, 36.34810109173819], [140.1655263282543, 36.34814028880443], [140.1652511809862, 36.34817495137943], [140.16497543060797, 36.34820654818327], [140.16469962635932, 36.348237768724964], [140.16442224712566, 36.34825798866011], [140.16414486789196, 36.34827820859525], [140.16386709854424, 36.348294231351176]]}}, {"type": "Feature", "properties": {"id": "北関東道-上り-0-127", "route": "北関東道", "direction": "上り", "from": "笠間西IC", "to": "桜川筑西IC", "grade": -2.57, "elevation_start": 91.6, "elevation_end": 85.2, "quality": "measured", "structure": "normal", "chain_rank": 0, "cum_dist_start": 31750.0, "cum_dist_end": 32000.0, "anomaly": false}, "geometry": {"type": "LineString", "coordinates": [[140.16386709854424, 36.348294231351176], [140.16358909959405, 36.348307783847986], [140.16331108820606, 36.34832102701608], [140.1630325880941, 36.3483221155875], [140.16275408798214, 36.348323204158916], [140.162475605339, 36.348321205699435], [140.16219712921512, 36.34831805518292], [140.16191893898477, 36.348308304354184], [140.1616408731458, 36.34829568174983], [140.16136321249726, 36.348278674493095], [140.16108591682396, 36.34825771776066]]}}, {"type": "Feature", "properties": {"id": "北関東道-上り-0-128", "route": "北関東道", "direction": "上り", "from": "笠間西IC", "to": "桜川筑西IC", "grade": 6.97, "elevation_start": 85.2, "elevation_end": 102.6, "quality": "measured", "structure": "normal", "chain_rank": 0, "cum_dist_start": 32000.0, "cum_dist_end": 32250.0, "anomaly": false}, "geometry": {"type": "LineString", "coordinates": [[140.16108591682396, 36.34825771776066], [140.16080906861185, 36.34823349212901], [140.16053282197691, 36.34820487171356], [140.16025706177288, 36.34817337594813], [140.15998214687363, 36.34813760499399], [140.15970843003373, 36.34809601840789], [140.15943471319383, 36.34805443182178], [140.1591631922553, 36.34800436462203], [140.1588918501547, 36.3479536067466], [140.1586213923746, 36.34789985712512], [140.15835118758557, 36.34784533548984]]}}, {"type": "Feature", "properties": {"id": "北関東道-上り-0-129", "route": "北関東道", "direction": "上り", "from": "笠間西IC", "to": "桜川筑西IC", "grade": -12.45, "elevation_start": 102.6, "elevation_end": 71.4, "quality": "estimated", "structure": "normal", "chain_rank": 0, "cum_dist_start": 32250.0, "cum_dist_end": 32500.0, "anomaly": true}, "geometry": {"type": "LineString", "coordinates": [[140.15835118758557, 36.34784533548984], [140.15808499338803, 36.34777910125305], [140.15781891736745, 36.34771255918928], [140.1575531259573, 36.34764527577315], [140.15728901958352, 36.34757392837613], [140.1570268265068, 36.34749796647787], [140.15676683952844, 36.34741722125294], [140.1565076200641, 36.34733487106326], [140.1562499884275, 36.34724930455008], [140.15599463365595, 36.34715946400905], [140.15574080999292, 36.34706674934051]]}}, {"type": "Feature", "properties": {"id": "北関東道-上り-0-130", "route": "北関東道", "direction": "上り", "from": "笠間西IC", "to": "桜川筑西IC", "grade": -1.49, "elevation_start": 71.4, "elevation_end": 67.7, "quality": "measured", "structure": "normal", "chain_rank": 0, "cum_dist_start": 32500.0, "cum_dist_end": 32750.0, "anomaly": false}, "geometry": {"type": "LineString", "coordinates": [[140.15574080999292, 36.34706674934051], [140.15549009267372, 36.346968730182425], [140.15524061522981, 36.34686859377456], [140.15499148803926, 36.34676790412134], [140.1547452157755, 36.34666270494655], [140.15449894351173, 36.34655750577176], [140.15425307264212, 36.34645171442179], [140.15401098393588, 36.34634034326119], [140.15376889522963, 36.34622897210058], [140.1535268065234, 36.34611760093998], [140.15328471781714, 36.34600622977938]]}}, {"type": "Feature", "properties": {"id": "北関東道-上り-0-131", "route": "北関東道", "direction": "上り", "from": "笠間西IC", "to": "桜川筑西IC", "grade": -0.22, "elevation_start": 67.7, "elevation_end": 67.2, "quality": "estimated", "structure": "bridge", "chain_rank": 0, "cum_dist_start": 32750.0, "cum_dist_end": 33000.0, "anomaly": false}, "geometry": {"type": "LineString", "coordinates": [[140.15328471781714, 36.34600622977938], [140.1530436689375, 36.345893396420664], [140.15280280775937, 36.345780299117216], [140.15256194658122, 36.34566720181377], [140.15232108540306, 36.34555410451032], [140.1520802242249, 36.34544100720687], [140.15183645717335, 36.3453320980243], [140.1515917062322, 36.34522460688296], [140.1513469552911, 36.34511711574161], [140.15110152522874, 36.34501065055353], [140.15085534503754, 36.34490531859036]]}}, {"type": "Feature", "properties": {"id": "北関東道-上り-0-132", "route": "北関東道", "direction": "上り", "from": "笠間西IC", "to": "桜川筑西IC", "grade": 0.45, "elevation_start": 67.2, "elevation_end": 68.3, "quality": "estimated", "structure": "bridge", "chain_rank": 0, "cum_dist_start": 33000.0, "cum_dist_end": 33250.0, "anomaly": false}, "geometry": {"type": "LineString", "coordinates": [[140.15085534503754, 36.34490531859036], [140.15060916484634, 36.34479998662718], [140.15035854732184, 36.34470180206006], [140.15010744408804, 36.34460437713335], [140.1498569723914, 36.34450589095106], [140.1496049267172, 36.34441011947232], [140.1493512049044, 36.34431723889842], [140.1490974830916, 36.344224358324524], [140.1488431819439, 36.34413256562719], [140.14858548084072, 36.34404715737517], [140.14832777973754, 36.34396174912315]]}}, {"type": "Feature", "properties": {"id": "北関東道-上り-0-133", "route": "北関東道", "direction": "上り", "from": "笠間西IC", "to": "桜川筑西IC", "grade": 1.15, "elevation_start": 68.3, "elevation_end": 71.2, "quality": "measured", "structure": "normal", "chain_rank": 0, "cum_dist_start": 33250.0, "cum_dist_end": 33500.0, "anomaly": false}, "geometry": {"type": "LineString", "coordinates": [[140.14832777973754, 36.34396174912315], [140.14807007863436, 36.34387634087114], [140.14781083331798, 36.34379405222133], [140.1475515270943, 36.34371188661583], [140.14729064716204, 36.34363310749196], [140.1470286681931, 36.34355669339792], [140.1467665643346, 36.343480562224265], [140.14650408363212, 36.34340528473978], [140.1462412430004, 36.34333087177379], [140.1459759669526, 36.343262308463636], [140.1457106909048, 36.34319374515348]]}}, {"type": "Feature", "properties": {"id": "北関東道-上り-0-134", "route": "北関東道", "direction": "上り", "from": "笠間西IC", "to": "桜川筑西IC", "grade": 1.52, "elevation_start": 71.2, "elevation_end": 74.9, "quality": "measured", "structure": "normal", "chain_rank": 0, "cum_dist_start": 33500.0, "cum_dist_end": 33750.0, "anomaly": false}, "geometry": {"type": "LineString", "coordinates": [[140.1457106909048, 36.34319374515348], [140.14544541485697, 36.34312518184332], [140.14517895736114, 36.343059749787294], [140.14491158718417, 36.34299673665829], [140.14464409089533, 36.34293408554518], [140.14437541293535, 36.34287482652856], [140.1441067349754, 36.34281556751193], [140.1438379732501, 36.34275657269049], [140.143567219672, 36.34270386015785], [140.1432964660939, 36.34265114762521], [140.1430257125158, 36.34259843509257]]}}, {"type": "Feature", "properties": {"id": "北関東道-上り-0-135", "route": "北関東道", "direction": "上り", "from": "笠間西IC", "to": "桜川筑西IC", "grade": 0.34, "elevation_start": 74.9, "elevation_end": 75.8, "quality": "measured", "structure": "normal", "chain_rank": 0, "cum_dist_start": 33750.0, "cum_dist_end": 34000.0, "anomaly": false}, "geometry": {"type": "LineString", "coordinates": [[140.1430257125158, 36.34259843509257], [140.14275356872253, 36.342550690062005], [140.14248116381526, 36.34250387804131], [140.142208758908, 36.342457066020614], [140.1419361904858, 36.342410890972396], [140.1416632963504, 36.3423659847403], [140.14139040221497, 36.3423210785082], [140.14111744563732, 36.342276425882304], [140.14084414081697, 36.34223318762904], [140.14057083599658, 36.34218994937578], [140.14029753117623, 36.34214671112252]]}}, {"type": "Feature", "properties": {"id": "北関東道-上り-0-136", "route": "北関東道", "direction": "上り", "from": "笠間西IC", "to": "桜川筑西IC", "grade": -0.23, "elevation_start": 75.8, "elevation_end": 75.2, "quality": "estimated", "structure": "normal", "chain_rank": 0, "cum_dist_start": 34000.0, "cum_dist_end": 34250.0, "anomaly": false}, "geometry": {"type": "LineString", "coordinates": [[140.14029753117623, 36.34214671112252], [140.14002422635585, 36.342103472869255], [140.13975002047442, 36.34206421697207], [140.1394755118894, 36.342026298912764], [140.13920090667415, 36.34198884302829], [140.13892630017054, 36.341951393306026], [140.1386512279127, 36.34191647225758], [140.138375057971, 36.341887510756806], [140.13809888802925, 36.34185854925604], [140.13782216267703, 36.341833464210715], [140.1375451284912, 36.34181053465124]]}}, {"type": "Feature", "properties": {"id": "北関東道-上り-0-137", "route": "北関東道", "direction": "上り", "from": "笠間西IC", "to": "桜川筑西IC", "grade": -0.43, "elevation_start": 75.2, "elevation_end": 74.1, "quality": "estimated", "structure": "tunnel", "chain_rank": 0, "cum_dist_start": 34250.0, "cum_dist_end": 34500.0, "anomaly": false}, "geometry": {"type": "LineString", "coordinates": [[140.1375451284912, 36.34181053465124], [140.13726772460265, 36.34179103072986], [140.1369899717066, 36.341774760685745], [140.13671221881057, 36.341758490641624], [140.1364344659145, 36.3417422205975], [140.13615659881702, 36.341727643990495], [140.1358783072658, 36.3417193614005], [140.1356000157146, 36.3417110788105], [140.1353217241634, 36.3417027962205], [140.13504343261218, 36.3416945136305], [140.13476514106097, 36.3416862310405]]}}, {"type": "Feature", "properties": {"id": "北関東道-上り-0-138", "route": "北関東道", "direction": "上り", "from": "笠間西IC", "to": "桜川筑西IC", "grade": -0.43, "elevation_start": 74.1, "elevation_end": 73.0, "quality": "estimated", "structure": "tunnel", "chain_rank": 0, "cum_dist_start": 34500.0, "cum_dist_end": 34750.0, "anomaly": false}, "geometry": {"type": "LineString", "coordinates": [[140.13476514106097, 36.3416862310405], [140.13448676546994, 36.34168214391237], [140.13420828837744, 36.34168312397253], [140.13392981128496, 36.34168410403268], [140.13365133419248, 36.34168508409284], [140.13337285709997, 36.34168606415299], [140.1330943800075, 36.341687044213145], [140.13281601672657, 36.34169288541052], [140.13253769363976, 36.341700443383864], [140.13225937055293, 36.341708001357205], [140.13198104746613, 36.34171555933055]]}}, {"type": "Feature", "properties": {"id": "北関東道-上り-0-139", "route": "北関東道", "direction": "上り", "from": "笠間西IC", "to": "桜川筑西IC", "grade": -0.43, "elevation_start": 73.0, "elevation_end": 72.0, "quality": "estimated", "structure": "tunnel", "chain_rank": 0, "cum_dist_start": 34750.0, "cum_dist_end": 35000.0, "anomaly": false}, "geometry": {"type": "LineString", "coordinates": [[140.13198104746613, 36.34171555933055], [140.1317027243793, 36.34172311730389], [140.1314244012925, 36.34173067527724], [140.13114607820566, 36.34173823325058], [140.13086792572105, 36.34174902060309], [140.13058982150335, 36.34176072161393], [140.13031171728565, 36.341772422624764], [140.13003361306792, 36.341784123635605], [140.12975550885022, 36.34179582464644], [140.12947740463252, 36.34180752565728], [140.12919952864652, 36.341822137665005]]}}, {"type": "Feature", "properties": {"id": "北関東道-上り-0-140", "route": "北関東道", "direction": "上り", "from": "笠間西IC", "to": "桜川筑西IC", "grade": -0.43, "elevation_start": 72.0, "elevation_end": 70.9, "quality": "estimated", "structure": "tunnel", "chain_rank": 0, "cum_dist_start": 35000.0, "cum_dist_end": 35250.0, "anomaly": false}, "geometry": {"type": "LineString", "coordinates": [[140.12919952864652, 36.341822137665005], [140.128921827428, 36.34183897875612], [140.12864412620948, 36.34185581984725], [140.12836642499096, 36.341872660938364], [140.12808872377244, 36.34188950202948], [140.12781113004323, 36.341907347266016], [140.1275339870023, 36.34192940274986], [140.12725684396133, 36.3419514582337], [140.1269797009204, 36.34197351371755], [140.12670255787947, 36.34199556920139], [140.12642534686506, 36.34201705973317]]}}, {"type": "Feature", "properties": {"id": "北関東道-上り-0-141", "route": "北関東道", "direction": "上り", "from": "笠間西IC", "to": "桜川筑西IC", "grade": -0.43, "elevation_start": 70.9, "elevation_end": 69.8, "quality": "estimated", "structure": "tunnel", "chain_rank": 0, "cum_dist_start": 35250.0, "cum_dist_end": 35500.0, "anomaly": false}, "geometry": {"type": "LineString", "coordinates": [[140.12642534686506, 36.34201705973317], [140.12614812664464, 36.34203847375021], [140.12587090642418, 36.342059887767235], [140.12559368620376, 36.34208130178426], [140.1253171746612, 36.342107801244744], [140.12504102196, 36.342136875735534], [140.12476486925874, 36.34216595022632], [140.1244887393831, 36.34219515477532], [140.12421350240757, 36.342229446993635], [140.12393826543203, 36.34226373921196], [140.1236630284565, 36.34229803143028]]}}, {"type": "Feature", "properties": {"id": "北関東道-上り-0-142", "route": "北関東道", "direction": "上り", "from": "笠間西IC", "to": "桜川筑西IC", "grade": -0.43, "elevation_start": 69.8, "elevation_end": 68.7, "quality": "estimated", "structure": "tunnel", "chain_rank": 0, "cum_dist_start": 35500.0, "cum_dist_end": 35750.0, "anomaly": false}, "geometry": {"type": "LineString", "coordinates": [[140.1236630284565, 36.34229803143028], [140.12338779148095, 36.3423323236486], [140.12311412859157, 36.34237399033653], [140.12284062082978, 36.342416383785], [140.122567113068, 36.34245877723346], [140.1222936053062, 36.34250117068192], [140.12202142644983, 36.34254883158896], [140.12174927085556, 36.34259658470126], [140.12147711526129, 36.342644337813574], [140.12120495966698, 36.34269209092589], [140.12093312356984, 36.34274093941825]]}}, {"type": "Feature", "properties": {"id": "北関東道-上り-0-143", "route": "北関東道", "direction": "上り", "from": "笠間西IC", "to": "桜川筑西IC", "grade": -0.43, "elevation_start": 68.7, "elevation_end": 67.6, "quality": "estimated", "structure": "tunnel", "chain_rank": 0, "cum_dist_start": 35750.0, "cum_dist_end": 36000.0, "anomaly": false}, "geometry": {"type": "LineString", "coordinates": [[140.12093312356984, 36.34274093941825], [140.12066329940782, 36.342796685730654], [140.1203934752458, 36.34285243204306], [140.1201236510838, 36.34290817835547], [140.1198542032962, 36.34296503291385], [140.1195870605882, 36.34302867484911], [140.1193199178802, 36.343092316784364], [140.1190527751722, 36.34315595871962], [140.11878737804884, 36.343224048382574], [140.11852379591946, 36.34329676262735], [140.11826021379008, 36.34336947687212]]}}, {"type": "Feature", "properties": {"id": "北関東道-上り-0-144", "route": "北関東道", "direction": "上り", "from": "笠間西IC", "to": "桜川筑西IC", "grade": -0.43, "elevation_start": 67.6, "elevation_end": 66.5, "quality": "estimated", "structure": "tunnel", "chain_rank": 0, "cum_dist_start": 36000.0, "cum_dist_end": 36250.0, "anomaly": false}, "geometry": {"type": "LineString", "coordinates": [[140.11826021379008, 36.34336947687212], [140.1179966316607, 36.34344219111689], [140.11773460141706, 36.3435184819962], [140.117472700885, 36.343595071822186], [140.11721080035298, 36.343671661648166], [140.1169500691348, 36.343750746302156], [140.11669126197006, 36.343833936083676], [140.11643245480533, 36.343917125865204], [140.1161736476406, 36.34400031564673], [140.115916337993, 36.34408637801142], [140.11566207657452, 36.34417828758245]]}}, {"type": "Feature", "properties": {"id": "北関東道-上り-0-145", "route": "北関東道", "direction": "上り", "from": "笠間西IC", "to": "桜川筑西IC", "grade": -0.43, "elevation_start": 66.5, "elevation_end": 65.5, "quality": "estimated", "structure": "tunnel", "chain_rank": 0, "cum_dist_start": 36250.0, "cum_dist_end": 36500.0, "anomaly": false}, "geometry": {"type": "LineString", "coordinates": [[140.11566207657452, 36.34417828758245], [140.11540781515603, 36.34427019715348], [140.11515355373754, 36.3443621067245], [140.11489929231905, 36.344454016295536], [140.11464653824592, 36.34454859230675], [140.11439434996876, 36.34464416919085], [140.11414216169157, 36.34473974607495], [140.11388997341442, 36.34483532295905], [140.11364342279055, 36.3449400468606], [140.11339732299126, 36.345045502219016], [140.11315122319198, 36.34515095757743]]}}, {"type": "Feature", "properties": {"id": "北関東道-上り-0-146", "route": "北関東道", "direction": "上り", "from": "笠間西IC", "to": "桜川筑西IC", "grade": -0.43, "elevation_start": 65.5, "elevation_end": 64.4, "quality": "estimated", "structure": "tunnel", "chain_rank": 0, "cum_dist_start": 36500.0, "cum_dist_end": 36750.0, "anomaly": false}, "geometry": {"type": "LineString", "coordinates": [[140.11315122319198, 36.34515095757743], [140.11290595670985, 36.34525765917357], [140.11266223115513, 36.3453666652486], [140.11241850560037, 36.345475671323626], [140.11217478004565, 36.345584677398655], [140.1119349775263, 36.345699171437936], [140.11169665252635, 36.34581573239045], [140.11145832752644, 36.34593229334297], [140.11122158089998, 36.346050880777796], [140.11098877173285, 36.34617452353804], [140.11075596256572, 36.34629816629829]]}}, {"type": "Feature", "properties": {"id": "北関東道-上り-0-147", "route": "北関東道", "direction": "上り", "from": "笠間西IC", "to": "桜川筑西IC", "grade": -0.43, "elevation_start": 64.4, "elevation_end": 63.3, "quality": "estimated", "structure": "tunnel", "chain_rank": 0, "cum_dist_start": 36750.0, "cum_dist_end": 37000.0, "anomaly": false}, "geometry": {"type": "LineString", "coordinates": [[140.11075596256572, 36.34629816629829], [140.11052315339856, 36.34642180905854], [140.11029345201092, 36.346549174019685], [140.11006479013892, 36.34667778401317], [140.1098361282669, 36.34680639400665], [140.10960746639486, 36.34693500400013], [140.10937880452283, 36.34706361399361], [140.10915061217008, 36.34719276040903], [140.10892480889046, 36.347324636321076], [140.10869900561087, 36.347456512233116], [140.10847320233125, 36.34758838814516]]}}, {"type": "Feature", "properties": {"id": "北関東道-上り-0-148", "route": "北関東道", "direction": "上り", "from": "笠間西IC", "to": "桜川筑西IC", "grade": -0.43, "elevation_start": 63.3, "elevation_end": 62.2, "quality": "estimated", "structure": "tunnel", "chain_rank": 0, "cum_dist_start": 37000.0, "cum_dist_end": 37250.0, "anomaly": false}, "geometry": {"type": "LineString", "coordinates": [[140.10847320233125, 36.34758838814516], [140.10824739905163, 36.34772026405721], [140.10802619335846, 36.347857134139524], [140.1078067199546, 36.34799580748192], [140.10758973790544, 36.34813704439663], [140.1073727558563, 36.34827828131133], [140.10715819740892, 36.348421917422904], [140.1069439468223, 36.348565858295146], [140.1067295779483, 36.34870968102269], [140.10651096068935, 36.34884926048897], [140.10629234343037, 36.34898883995525]]}}, {"type": "Feature", "properties": {"id": "北関東道-上り-0-149", "route": "北関東道", "direction": "上り", "from": "笠間西IC", "to": "桜川筑西IC", "grade": -0.31, "elevation_start": 62.2, "elevation_end": 61.4, "quality": "estimated", "structure": "normal", "chain_rank": 0, "cum_dist_start": 37250.0, "cum_dist_end": 37500.0, "anomaly": false}, "geometry": {"type": "LineString", "coordinates": [[140.10629234343037, 36.34898883995525], [140.10607372617142, 36.349128419421525], [140.10585510891244, 36.34926799888781], [140.10562939406438, 36.349399962483886], [140.10540331004336, 36.349531529949225], [140.10517722602236, 36.34966309741456], [140.10495092584048, 36.34979441954912], [140.10472329322576, 36.34992422944512], [140.10449566061104, 36.350054039341124], [140.10426802799634, 36.350183849237126], [140.10403606810917, 36.350308542276785]]}}, {"type": "Feature", "properties": {"id": "北関東道-上り-0-150", "route": "北関東道", "direction": "上り", "from": "笠間西IC", "to": "桜川筑西IC", "grade": -0.55, "elevation_start": 61.4, "elevation_end": 60.1, "quality": "measured", "structure": "normal", "chain_rank": 0, "cum_dist_start": 37500.0, "cum_dist_end": 37750.0, "anomaly": false}, "geometry": {"type": "LineString", "coordinates": [[140.10403606810917, 36.350308542276785], [140.1038039723874, 36.35043307469651], [140.10357187666563, 36.35055760711623], [140.10333538940336, 36.35067653834999], [140.10309716535335, 36.3507932543996], [140.10285894130334, 36.35090997044921], [140.10261959389274, 36.351025156018295], [140.1023788183124, 36.35113839583106], [140.10213804273204, 36.35125163564382], [140.1018966428956, 36.35136397778697], [140.1016519564519, 36.351471593844714]]}}, {"type": "Feature", "properties": {"id": "北関東道-上り-0-151", "route": "北関東道", "direction": "上り", "from": "笠間西IC", "to": "桜川筑西IC", "grade": -0.85, "elevation_start": 60.1, "elevation_end": 57.9, "quality": "estimated", "structure": "normal", "chain_rank": 0, "cum_dist_start": 37750.0, "cum_dist_end": 38000.0, "anomaly": false}, "geometry": {"type": "LineString", "coordinates": [[140.1016519564519, 36.351471593844714], [140.1014071252833, 36.351578990658226], [140.10116041874662, 36.351683546469715], [140.10091371220994, 36.351788102281205], [140.10066478713648, 36.351889105788565], [140.10041433676417, 36.351987666999115], [140.10016388639187, 36.352086228209664], [140.09991279369177, 36.35218369663562], [140.0996601594675, 36.352278542484775], [140.0994075252432, 36.35237338833393], [140.0991537023303, 36.35246609040508]]}}, {"type": "Feature", "properties": {"id": "北関東道-上り-0-152", "route": "北関東道", "direction": "上り", "from": "笠間西IC", "to": "桜川筑西IC", "grade": -0.53, "elevation_start": 57.9, "elevation_end": 56.6, "quality": "estimated", "structure": "bridge", "chain_rank": 0, "cum_dist_start": 38000.0, "cum_dist_end": 38250.0, "anomaly": false}, "geometry": {"type": "LineString", "coordinates": [[140.0991537023303, 36.35246609040508], [140.09889810387304, 36.35255559031466], [140.09864240434203, 36.35264489670672], [140.09838487717272, 36.35273070387187], [140.09812759570747, 36.352816984211415], [140.0978716062167, 36.35290575262253], [140.09761561672593, 36.35299452103365], [140.09735962723516, 36.35308328944477], [140.09710367130702, 36.35317211888007], [140.09685079220043, 36.353266542651], [140.09659791309383, 36.35336096642194]]}}, {"type": "Feature", "properties": {"id": "北関東道-上り-0-153", "route": "北関東道", "direction": "上り", "from": "笠間西IC", "to": "桜川筑西IC", "grade": -1.26, "elevation_start": 56.6, "elevation_end": 53.5, "quality": "estimated", "structure": "normal", "chain_rank": 0, "cum_dist_start": 38250.0, "cum_dist_end": 38500.0, "anomaly": false}, "geometry": {"type": "LineString", "coordinates": [[140.09659791309383, 36.35336096642194], [140.0963450339872, 36.35345539019287], [140.09609308754392, 36.353551416148065], [140.09584207368184, 36.35364904414645], [140.09559105981975, 36.353746672144844], [140.09534004595767, 36.35384430014324], [140.0950894882122, 36.353942672408415], [140.094841497797, 36.35404523390614], [140.0945935073818, 36.35414779540387], [140.0943455169666, 36.354250356901595], [140.0940975265514, 36.35435291839932]]}}, {"type": "Feature", "properties": {"id": "北関東道-上り-0-154", "route": "北関東道", "direction": "上り", "from": "笠間西IC", "to": "桜川筑西IC", "grade": -1.18, "elevation_start": 53.5, "elevation_end": 50.5, "quality": "estimated", "structure": "normal", "chain_rank": 0, "cum_dist_start": 38500.0, "cum_dist_end": 38750.0, "anomaly": false}, "geometry": {"type": "LineString", "coordinates": [[140.0940975265514, 36.35435291839932], [140.0938506744398, 36.35445722613953], [140.09360600257114, 36.354564878534596], [140.09336133070246, 36.354672530929655], [140.0931166588338, 36.35478018332472], [140.0928737594762, 36.35489040819048], [140.09263192560883, 36.3550021794175], [140.09239009174146, 36.35511395064452], [140.09214890349082, 36.35522660736356], [140.09191100816065, 36.355343780469354], [140.0916731128305, 36.35546095357515]]}}, {"type": "Feature", "properties": {"id": "北関東道-上り-0-155", "route": "北関東道", "direction": "上り", "from": "笠間西IC", "to": "桜川筑西IC", "grade": 0.14, "elevation_start": 50.5, "elevation_end": 50.9, "quality": "estimated", "structure": "bridge", "chain_rank": 0, "cum_dist_start": 38750.0, "cum_dist_end": 39000.0, "anomaly": false}, "geometry": {"type": "LineString", "coordinates": [[140.0916731128305, 36.35546095357515], [140.09143521750033, 36.355578126680946], [140.0911973221702, 36.35569529978674], [140.09095942684002, 36.35581247289253], [140.09072326070384, 36.35593187318799], [140.09048952192055, 36.35605439989694], [140.09025578313728, 36.35617692660589], [140.090022044354, 36.35629945331483], [140.08978830557072, 36.35642198002378], [140.08955456678743, 36.35654450673273], [140.08932342790018, 36.3566701781053]]}}, {"type": "Feature", "properties": {"id": "北関東道-上り-0-156", "route": "北関東道", "direction": "上り", "from": "笠間西IC", "to": "桜川筑西IC", "grade": 0.14, "elevation_start": 50.9, "elevation_end": 51.2, "quality": "estimated", "structure": "bridge", "chain_rank": 0, "cum_dist_start": 39000.0, "cum_dist_end": 39250.0, "anomaly": false}, "geometry": {"type": "LineString", "coordinates": [[140.08932342790018, 36.3566701781053], [140.0890942183522, 36.356798183079974], [140.0888650088042, 36.35692618805466], [140.0886357992562, 36.35705419302934], [140.0884065897082, 36.357182198004026], [140.08817769769402, 36.35731057149026], [140.08795003934014, 36.35744037669202], [140.0877223809863, 36.35757018189377], [140.08749331549384, 36.35769833424551], [140.08726214369293, 36.357824012489836], [140.087030971892, 36.35794969073416]]}}, {"type": "Feature", "properties": {"id": "北関東道-上り-0-157", "route": "北関東道", "direction": "上り", "from": "笠間西IC", "to": "桜川筑西IC", "grade": 0.14, "elevation_start": 51.2, "elevation_end": 51.6, "quality": "estimated", "structure": "bridge", "chain_rank": 0, "cum_dist_start": 39250.0, "cum_dist_end": 39500.0, "anomaly": false}, "geometry": {"type": "LineString", "coordinates": [[140.087030971892, 36.35794969073416], [140.08679870415563, 36.358074030775065], [140.0865653925779, 36.358197096222646], [140.0863320810002, 36.358320161670235], [140.08609531609196, 36.35843876468118], [140.08585648716297, 36.35855470053886], [140.08561827575144, 36.35867146415185], [140.0853802779742, 36.358788514132314], [140.08514228019695, 36.358905564112774], [140.08490330910973, 36.35902128320098], [140.08466182886056, 36.359133571291466]]}}, {"type": "Feature", "properties": {"id": "北関東道-上り-0-158", "route": "北関東道", "direction": "上り", "from": "笠間西IC", "to": "桜川筑西IC", "grade": 0.14, "elevation_start": 51.6, "elevation_end": 51.9, "quality": "estimated", "structure": "bridge", "chain_rank": 0, "cum_dist_start": 39500.0, "cum_dist_end": 39750.0, "anomaly": false}, "geometry": {"type": "LineString", "coordinates": [[140.08466182886056, 36.359133571291466], [140.08442029402633, 36.35924578207349], [140.08417792022013, 36.35935680462422], [140.08393554641395, 36.35946782717495], [140.08369089489906, 36.359575519402355], [140.08344578580054, 36.359682542579506], [140.08320067670198, 36.35978956575665], [140.0829547555909, 36.35989536188961], [140.08270829009874, 36.360000314641056], [140.08245902456497, 36.36010086395858], [140.08220975903117, 36.3602014132761]]}}, {"type": "Feature", "properties": {"id": "北関東道-上り-0-159", "route": "北関東道", "direction": "上り", "from": "桜川筑西IC", "to": null, "grade": 1.2, "elevation_start": 51.9, "elevation_end": 54.9, "quality": "measured", "structure": "normal", "chain_rank": 0, "cum_dist_start": 39750.0, "cum_dist_end": 40000.0, "anomaly": false}, "geometry": {"type": "LineString", "coordinates": [[140.08220975903117, 36.3602014132761], [140.08195986584198, 36.36030092786376], [140.08170894658616, 36.36039875091528], [140.08145802733037, 36.3604965739668], [140.0812070483305, 36.36059429398143], [140.08095358475725, 36.36068772900423], [140.080700121184, 36.360781164027046], [140.08044529584197, 36.360872132566506], [140.08019006260835, 36.36096236231848], [140.07993383459004, 36.361050714506376], [140.07967698384283, 36.36113789135114]]}}, {"type": "Feature", "properties": {"id": "北関東道-上り-0-160", "route": "北関東道", "direction": "上り", "from": "桜川筑西IC", "to": null, "grade": 0.16, "elevation_start": 54.9, "elevation_end": 55.3, "quality": "measured", "structure": "normal", "chain_rank": 0, "cum_dist_start": 40000.0, "cum_dist_end": 40250.0, "anomaly": false}, "geometry": {"type": "LineString", "coordinates": [[140.07967698384283, 36.36113789135114], [140.07942013309565, 36.36122506819591], [140.0791629530888, 36.36131160501651], [140.07890537465016, 36.36139736735424], [140.07864764586904, 36.36148282171926], [140.0783870894534, 36.361562483747754], [140.07812653303776, 36.361642145776244], [140.07786595923682, 36.361721769893244], [140.0776041526461, 36.36179870571319], [140.07734234605542, 36.361875641533146], [140.07708053946473, 36.361952577353094]]}}, {"type": "Feature", "properties": {"id": "北関東道-上り-0-161", "route": "北関東道", "direction": "上り", "from": "桜川筑西IC", "to": null, "grade": -0.15, "elevation_start": 55.3, "elevation_end": 54.9, "quality": "measured", "structure": "normal", "chain_rank": 0, "cum_dist_start": 40250.0, "cum_dist_end": 40500.0, "anomaly": false}, "geometry": {"type": "LineString", "coordinates": [[140.07708053946473, 36.361952577353094], [140.0768170287486, 36.362025539306046], [140.07655253072392, 36.362096198944485], [140.07628803269927, 36.362166858582924], [140.07602353467462, 36.36223751822136], [140.07575769279967, 36.36230478933366], [140.07549170358206, 36.36237168892061], [140.0752252188691, 36.362437266009216], [140.07495803676863, 36.36250098174065], [140.07469085466818, 36.362564697472095], [140.07442221149194, 36.36262424595495]]}}, {"type": "Feature", "properties": {"id": "北関東道-上り-0-162", "route": "北関東道", "direction": "上り", "from": "桜川筑西IC", "to": null, "grade": -0.57, "elevation_start": 54.9, "elevation_end": 53.5, "quality": "measured", "structure": "normal", "chain_rank": 0, "cum_dist_start": 40500.0, "cum_dist_end": 40750.0, "anomaly": false}, "geometry": {"type": "LineString", "coordinates": [[140.07442221149194, 36.36262424595495], [140.0741534329518, 36.36268340835582], [140.07388465441164, 36.3627425707567], [140.07361566690594, 36.362801108848565], [140.07334656072544, 36.3628592923857], [140.07307745454494, 36.36291747592283], [140.07280834836448, 36.36297565945996], [140.07253924218398, 36.36303384299709], [140.07227013600348, 36.36309202653422], [140.072001029823, 36.36315021007135], [140.07173192364252, 36.36320839360848]]}}, {"type": "Feature", "properties": {"id": "北関東道-上り-0-163", "route": "北関東道", "direction": "上り", "from": "桜川筑西IC", "to": null, "grade": 0.4, "elevation_start": 53.5, "elevation_end": 54.5, "quality": "measured", "structure": "normal", "chain_rank": 0, "cum_dist_start": 40750.0, "cum_dist_end": 41000.0, "anomaly": false}, "geometry": {"type": "LineString", "coordinates": [[140.07173192364252, 36.36320839360848], [140.07146280514166, 36.36326654027798], [140.07119357699014, 36.36332435882684], [140.07092434883862, 36.3633821773757], [140.07065512068712, 36.36343999592455], [140.0703858925356, 36.36349781447341], [140.07011666438407, 36.363555633022266], [140.06984743623255, 36.363613451571126], [140.06957820808103, 36.36367127011998], [140.0693089799295, 36.36372908866884], [140.0690397090933, 36.36378677726371]]}}, {"type": "Feature", "properties": {"id": "北関東道-上り-0-164", "route": "北関東道", "direction": "上り", "from": "桜川筑西IC", "to": null, "grade": 0.84, "elevation_start": 54.5, "elevation_end": 56.6, "quality": "measured", "structure": "normal", "chain_rank": 0, "cum_dist_start": 41000.0, "cum_dist_end": 41250.0, "anomaly": false}, "geometry": {"type": "LineString", "coordinates": [[140.0690397090933, 36.36378677726371], [140.06877026831833, 36.36384394847822], [140.0685008275434, 36.36390111969272], [140.06823138676845, 36.36395829090723], [140.0679619459935, 36.364015462121735], [140.06769255823377, 36.36407279668519], [140.06742333656337, 36.364130642997736], [140.06715411489293, 36.36418848931029], [140.06688489322252, 36.36424633562283], [140.06661567155209, 36.364304181935374], [140.06634644988168, 36.364362028247925]]}}, {"type": "Feature", "properties": {"id": "北関東道-上り-0-165", "route": "北関東道", "direction": "上り", "from": "桜川筑西IC", "to": null, "grade": 0.37, "elevation_start": 56.6, "elevation_end": 57.5, "quality": "measured", "structure": "normal", "chain_rank": 0, "cum_dist_start": 41250.0, "cum_dist_end": 41500.0, "anomaly": false}, "geometry": {"type": "LineString", "coordinates": [[140.06634644988168, 36.364362028247925], [140.06607722821127, 36.36441987456047], [140.06580800654083, 36.36447772087301], [140.06553871996638, 36.364535370898956], [140.06526935590458, 36.36459278658321], [140.0649999918428, 36.36465020226746], [140.064730627781, 36.364707617951716], [140.0644612637192, 36.36476503363597], [140.0641918996574, 36.36482244932022], [140.06392253559562, 36.364879865004475], [140.06365319643925, 36.364937356822885]]}}, {"type": "Feature", "properties": {"id": "北関東道-上り-0-166", "route": "北関東道", "direction": "上り", "from": "桜川筑西IC", "to": null, "grade": -0.28, "elevation_start": 57.5, "elevation_end": 56.9, "quality": "measured", "structure": "normal", "chain_rank": 0, "cum_dist_start": 41500.0, "cum_dist_end": 41750.0, "anomaly": false}, "geometry": {"type": "LineString", "coordinates": [[140.06365319643925, 36.364937356822885], [140.06338413148976, 36.36499568687222], [140.06311506654026, 36.365054016921555], [140.06284600159077, 36.36511234697089], [140.06257693664128, 36.365170677020224], [140.06230787169176, 36.36522900706955], [140.06203880674227, 36.365287337118886], [140.0617702066328, 36.36534703976785], [140.06150198987038, 36.36540787438072], [140.061233773108, 36.365468708993596], [140.0609655563456, 36.36552954360647]]}}, {"type": "Feature", "properties": {"id": "北関東道-上り-0-167", "route": "北関東道", "direction": "上り", "from": "桜川筑西IC", "to": null, "grade": -0.39, "elevation_start": 56.9, "elevation_end": 55.9, "quality": "measured", "structure": "normal", "chain_rank": 0, "cum_dist_start": 41750.0, "cum_dist_end": 42000.0, "anomaly": false}, "geometry": {"type": "LineString", "coordinates": [[140.0609655563456, 36.36552954360647], [140.06069824679582, 36.365592927130365], [140.06043111265123, 36.365656803473954], [140.06016443702538, 36.36572190250629], [140.05989846145317, 36.36578886830598], [140.05963248588097, 36.365855834105666], [140.0593666258696, 36.36592308846007], [140.05910263460765, 36.36599500907159], [140.05883864334572, 36.366066929683114], [140.05857465208376, 36.36613885029464], [140.0583108220847, 36.36621115461321]]}}, {"type": "Feature", "properties": {"id": "北関東道-上り-0-168", "route": "北関東道", "direction": "上り", "from": "桜川筑西IC", "to": null, "grade": 2.2, "elevation_start": 55.9, "elevation_end": 61.4, "quality": "measured", "structure": "normal", "chain_rank": 0, "cum_dist_start": 42000.0, "cum_dist_end": 42250.0, "anomaly": false}, "geometry": {"type": "LineString", "coordinates": [[140.0583108220847, 36.36621115461321], [140.05804740581556, 36.36628444335593], [140.05778398954638, 36.36635773209864], [140.0575205732772, 36.366431020841354], [140.05725846009057, 36.366507287982294], [140.056996707329, 36.366584378930945], [140.05673495456742, 36.3666614698796], [140.05647320180586, 36.36673856082825], [140.05621182525107, 36.36681647396342], [140.05595114458688, 36.366895907942556], [140.05569046392267, 36.366975341921695]]}}, {"type": "Feature", "properties": {"id": "北関東道-上り-0-169", "route": "北関東道", "direction": "上り", "from": "桜川筑西IC", "to": null, "grade": 3.11, "elevation_start": 61.4, "elevation_end": 69.2, "quality": "measured", "structure": "normal", "chain_rank": 0, "cum_dist_start": 42250.0, "cum_dist_end": 42500.0, "anomaly": false}, "geometry": {"type": "LineString", "coordinates": [[140.05569046392267, 36.366975341921695], [140.05542978325846, 36.36705477590083], [140.05516918296726, 36.36713437937454], [140.05490972773399, 36.36721639760283], [140.0546502725007, 36.36729841583113], [140.05439110328308, 36.36738101095454], [140.05413349023527, 36.36746674488056], [140.05387587718747, 36.36755247880658], [140.05361826413963, 36.3676382127326], [140.05336338202093, 36.36772912925754], [140.05310851551215, 36.36782007540606]]}}, {"type": "Feature", "properties": {"id": "北関東道-上り-0-170", "route": "北関東道", "direction": "上り", "from": "桜川筑西IC", "to": null, "grade": 3.08, "elevation_start": 69.2, "elevation_end": 76.9, "quality": "measured", "structure": "normal", "chain_rank": 0, "cum_dist_start": 42500.0, "cum_dist_end": 42750.0, "anomaly": false}, "geometry": {"type": "LineString", "coordinates": [[140.05310851551215, 36.36782007540606], [140.05285440079123, 36.367912385219654], [140.05260049158744, 36.368005067819965], [140.05234658238365, 36.36809775042027], [140.0520927527683, 36.368190572555534], [140.05184081956853, 36.36828671949844], [140.05158888636873, 36.368382866441344], [140.05133695316897, 36.368479013384245], [140.05108501996918, 36.368575160327154], [140.05083466249695, 36.36867395250222], [140.05058473309109, 36.368773463288115]]}}, {"type": "Feature", "properties": {"id": "北関東道-上り-0-171", "route": "北関東道", "direction": "上り", "from": "桜川筑西IC", "to": null, "grade": 2.34, "elevation_start": 76.9, "elevation_end": 82.7, "quality": "measured", "structure": "normal", "chain_rank": 0, "cum_dist_start": 42750.0, "cum_dist_end": 43000.0, "anomaly": false}, "geometry": {"type": "LineString", "coordinates": [[140.05058473309109, 36.368773463288115], [140.05033480368522, 36.368872974074016], [140.05008487427935, 36.36897248485991], [140.04983710125347, 36.369075444827615], [140.04958988480436, 36.3691792950533], [140.0493434256762, 36.36928430485315], [140.04909804057976, 36.36939095915977], [140.04885342259308, 36.36949874171627], [140.04861065028828, 36.369609238865], [140.04836787798345, 36.36971973601374], [140.0481257971623, 36.369831203899615]]}}, {"type": "Feature", "properties": {"id": "北関東道-上り-0-172", "route": "北関東道", "direction": "上り", "from": "桜川筑西IC", "to": null, "grade": 0.01, "elevation_start": 82.7, "elevation_end": 82.7, "quality": "estimated", "structure": "tunnel", "chain_rank": 0, "cum_dist_start": 43000.0, "cum_dist_end": 43250.0, "anomaly": false}, "geometry": {"type": "LineString", "coordinates": [[140.0481257971623, 36.369831203899615], [140.04788585127395, 36.36994566890395], [140.04764670047064, 36.37006119701378], [140.04740996661403, 36.370179956814766], [140.04717323275744, 36.37029871661575], [140.04694015752295, 36.370422031093504], [140.04670978746302, 36.37054871328604], [140.04647941740305, 36.37067539547857], [140.0462490473431, 36.3708020776711], [140.04602403368224, 36.37093486407366], [140.04580014710467, 36.371068934912444]]}}, {"type": "Feature", "properties": {"id": "北関東道-上り-0-173", "route": "北関東道", "direction": "上り", "from": "桜川筑西IC", "to": null, "grade": 0.0, "elevation_start": 82.7, "elevation_end": 82.7, "quality": "estimated", "structure": "tunnel", "chain_rank": 0, "cum_dist_start": 43250.0, "cum_dist_end": 43500.0, "anomaly": false}, "geometry": {"type": "LineString", "coordinates": [[140.04580014710467, 36.371068934912444], [140.04557626052713, 36.371203005751234], [140.04535273695384, 36.37133746117533], [140.04513382841986, 36.37147680600795], [140.04491491988588, 36.37161615084057], [140.0446960113519, 36.37175549567319], [140.04448038792208, 36.371898147854644], [140.04426537721096, 36.37204141690375], [140.04405036649987, 36.37218468595285], [140.04383535578876, 36.37232795500196], [140.04362034507767, 36.37247122405106]]}}, {"type": "Feature", "properties": {"id": "北関東道-上り-0-174", "route": "北関東道", "direction": "上り", "from": "桜川筑西IC", "to": null, "grade": 0.0, "elevation_start": 82.7, "elevation_end": 82.7, "quality": "estimated", "structure": "tunnel", "chain_rank": 0, "cum_dist_start": 43500.0, "cum_dist_end": 43750.0, "anomaly": false}, "geometry": {"type": "LineString", "coordinates": [[140.04362034507767, 36.37247122405106], [140.04340533436655, 36.372614493100166], [140.04319032365544, 36.37275776214927], [140.04297531294435, 36.372901031198374], [140.04276030223323, 36.37304430024748], [140.04254529152212, 36.37318756929658], [140.04233028081103, 36.37333083834569], [140.0421152700999, 36.37347410739479], [140.0419002593888, 36.373617376443896], [140.0416852486777, 36.373760645493], [140.0414702379666, 36.373903914542105]]}}, {"type": "Feature", "properties": {"id": "北関東道-上り-0-175", "route": "北関東道", "direction": "上り", "from": "桜川筑西IC", "to": null, "grade": 0.0, "elevation_start": 82.7, "elevation_end": 82.7, "quality": "estimated", "structure": "tunnel", "chain_rank": 0, "cum_dist_start": 43750.0, "cum_dist_end": 44000.0, "anomaly": false}, "geometry": {"type": "LineString", "coordinates": [[140.0414702379666, 36.373903914542105], [140.04125522725548, 36.37404718359121], [140.0410402165444, 36.37419045264031], [140.04082520583327, 36.37433372168942], [140.04061019512218, 36.37447699073852], [140.04039518441107, 36.374620259787626], [140.04018017369995, 36.37476352883673], [140.03996516298886, 36.374906797885835], [140.03975015227775, 36.37505006693494], [140.03953514156663, 36.375193335984044], [140.03932013085554, 36.37533660503315]]}}, {"type": "Feature", "properties": {"id": "北関東道-上り-0-176", "route": "北関東道", "direction": "上り", "from": "桜川筑西IC", "to": null, "grade": 0.0, "elevation_start": 82.7, "elevation_end": 82.7, "quality": "estimated", "structure": "tunnel", "chain_rank": 0, "cum_dist_start": 44000.0, "cum_dist_end": 44250.0, "anomaly": false}, "geometry": {"type": "LineString", "coordinates": [[140.03932013085554, 36.37533660503315], [140.03910512014443, 36.37547987408225], [140.0388901094333, 36.37562314313136], [140.03867509872222, 36.37576641218046], [140.0384600880111, 36.375909681229565], [140.0382450773, 36.37605295027867], [140.0380300665889, 36.376196219327774], [140.0378150558778, 36.37633948837688], [140.0376000451667, 36.37648275742598], [140.03738503445558, 36.37662602647509], [140.03717002374447, 36.37676929552419]]}}, {"type": "Feature", "properties": {"id": "北関東道-上り-0-177", "route": "北関東道", "direction": "上り", "from": "桜川筑西IC", "to": null, "grade": 0.0, "elevation_start": 82.7, "elevation_end": 82.7, "quality": "estimated", "structure": "tunnel", "chain_rank": 0, "cum_dist_start": 44250.0, "cum_dist_end": 44500.0, "anomaly": false}, "geometry": {"type": "LineString", "coordinates": [[140.03717002374447, 36.37676929552419], [140.03695501303338, 36.376912564573296], [140.03674000232226, 36.3770558336224], [140.03652499161115, 36.377199102671504], [140.03630998090006, 36.37734237172061], [140.03609497018894, 36.37748564076971], [140.03587995947782, 36.37762890981882], [140.03566494876674, 36.37777217886792], [140.03544993805562, 36.377915447917026], [140.0352349273445, 36.37805871696613], [140.03501991663342, 36.378201986015235]]}}, {"type": "Feature", "properties": {"id": "北関東道-上り-1-0", "route": "北関東道", "direction": "上り", "from": null, "to": "宇都宮上三川IC", "grade": -0.25, "elevation_start": 87.9, "elevation_end": 87.3, "quality": "measured", "structure": "normal", "chain_rank": 1, "cum_dist_start": 0.0, "cum_dist_end": 250.0, "anomaly": false}, "geometry": {"type": "LineString", "coordinates": [[139.9283911, 36.4810832], [139.92819012085403, 36.48123944949502], [139.92798914170803, 36.48139569899004], [139.9277862196648, 36.48155027362802], [139.92758000178458, 36.481702007119445], [139.92737378390433, 36.48185374061087], [139.92716418103115, 36.48200235613369], [139.92695088601482, 36.48214757076718], [139.92673759099853, 36.48229278540068], [139.9265242959822, 36.48243800003417], [139.92630951400082, 36.48258173539032]]}}, {"type": "Feature", "properties": {"id": "北関東道-上り-1-1", "route": "北関東道", "direction": "上り", "from": null, "to": "宇都宮上三川IC", "grade": 0.24, "elevation_start": 87.3, "elevation_end": 87.9, "quality": "measured", "structure": "normal", "chain_rank": 1, "cum_dist_start": 250.0, "cum_dist_end": 500.0, "anomaly": false}, "geometry": {"type": "LineString", "coordinates": [[139.92630951400082, 36.48258173539032], [139.92608963872314, 36.482720403783], [139.9258697634455, 36.48285907217567], [139.9256498881678, 36.482997740568344], [139.9254245332785, 36.48313048311814], [139.92519740815374, 36.48326131127369], [139.92497028302898, 36.483392139429235], [139.92474163061559, 36.48352119726196], [139.92451091610653, 36.483647864862114], [139.92428016553743, 36.483774488131786], [139.9240445525601, 36.483895133787115]]}}, {"type": "Feature", "properties": {"id": "北関東道-上り-1-2", "route": "北関東道", "direction": "上り", "from": null, "to": "宇都宮上三川IC", "grade": 0.46, "elevation_start": 87.9, "elevation_end": 89.0, "quality": "measured", "structure": "normal", "chain_rank": 1, "cum_dist_start": 500.0, "cum_dist_end": 750.0, "anomaly": false}, "geometry": {"type": "LineString", "coordinates": [[139.9240445525601, 36.483895133787115], [139.92380893958276, 36.484015779442444], [139.9235720242759, 36.484134721632664], [139.92333285050415, 36.484250709719525], [139.92309367673238, 36.48436669780638], [139.9228523578463, 36.48447969034731], [139.92260854091768, 36.48458919449557], [139.92236472398906, 36.484698698643825], [139.9221178681145, 36.48480365002272], [139.9218705261081, 36.484907873107566], [139.9216231841017, 36.48501209619241]]}}, {"type": "Feature", "properties": {"id": "北関東道-上り-1-3", "route": "北関東道", "direction": "上り", "from": null, "to": "宇都宮上三川IC", "grade": 0.42, "elevation_start": 89.0, "elevation_end": 90.1, "quality": "estimated", "structure": "normal", "chain_rank": 1, "cum_dist_start": 750.0, "cum_dist_end": 1000.0, "anomaly": false}, "geometry": {"type": "LineString", "coordinates": [[139.9216231841017, 36.48501209619241], [139.92137390686202, 36.48511326518009], [139.92112449233733, 36.485214217510794], [139.920870861018, 36.48530803096692], [139.9206167306852, 36.48540099961208], [139.92036127027603, 36.48549150058004], [139.92010381303453, 36.48557829684524], [139.919846355793, 36.485665093110434], [139.9195856973218, 36.485745287933405], [139.91932369918118, 36.48582272014605], [139.91906170104056, 36.48590015235868]]}}, {"type": "Feature", "properties": {"id": "北関東道-上り-1-4", "route": "北関東道", "direction": "上り", "from": null, "to": "宇都宮上三川IC", "grade": 0.55, "elevation_start": 90.1, "elevation_end": 91.5, "quality": "estimated", "structure": "bridge", "chain_rank": 1, "cum_dist_start": 1000.0, "cum_dist_end": 1250.0, "anomaly": false}, "geometry": {"type": "LineString", "coordinates": [[139.91906170104056, 36.48590015235868], [139.91879617470448, 36.485969258507055], [139.91853034409385, 36.48603764660865], [139.9182644087155, 36.48610574938453], [139.91799537193234, 36.48616540575692], [139.91772466508917, 36.48621989111609], [139.91745375188526, 36.486273712520294], [139.91718071462117, 36.48632002728108], [139.91690653281742, 36.4863615843922], [139.91663187656204, 36.4864011692915], [139.9163562417041, 36.48643555187078]]}}, {"type": "Feature", "properties": {"id": "北関東道-上り-1-5", "route": "北関東道", "direction": "上り", "from": null, "to": "宇都宮上三川IC", "grade": 0.1, "elevation_start": 91.5, "elevation_end": 91.7, "quality": "estimated", "structure": "normal", "chain_rank": 1, "cum_dist_start": 1250.0, "cum_dist_end": 1500.0, "anomaly": false}, "geometry": {"type": "LineString", "coordinates": [[139.9163562417041, 36.48643555187078], [139.91607941576856, 36.486463602597716], [139.91580215132885, 36.48648848533539], [139.91552440591025, 36.486509687071475], [139.91524602838723, 36.486524694466866], [139.91496746949767, 36.48653710665735], [139.91468876801795, 36.48654747850113], [139.91440992907965, 36.486552609303516], [139.91413093366225, 36.48655177384893], [139.91385201308447, 36.48654826917865], [139.9135732566722, 36.48653890941103]]}}, {"type": "Feature", "properties": {"id": "北関東道-上り-1-6", "route": "北関東道", "direction": "上り", "from": null, "to": "宇都宮上三川IC", "grade": -0.26, "elevation_start": 91.7, "elevation_end": 91.0, "quality": "estimated", "structure": "normal", "chain_rank": 1, "cum_dist_start": 1500.0, "cum_dist_end": 1750.0, "anomaly": false}, "geometry": {"type": "LineString", "coordinates": [[139.9135732566722, 36.48653890941103], [139.91329450478958, 36.486529493320525], [139.91301659030333, 36.48650966482671], [139.9127387594781, 36.486489177999125], [139.9124616488386, 36.486463023985564], [139.9121849809709, 36.48643425588419], [139.9119093492864, 36.486399370243085], [139.91163457781025, 36.48636045836335], [139.91136077933555, 36.486317237851395], [139.91108786881475, 36.486270438709255], [139.91081601250335, 36.48621992790503]]}}, {"type": "Feature", "properties": {"id": "北関東道-上り-1-7", "route": "北関東道", "direction": "上り", "from": null, "to": "宇都宮上三川IC", "grade": -0.41, "elevation_start": 91.0, "elevation_end": 90.0, "quality": "estimated", "structure": "bridge", "chain_rank": 1, "cum_dist_start": 1750.0, "cum_dist_end": 2000.0, "anomaly": false}, "geometry": {"type": "LineString", "coordinates": [[139.91081601250335, 36.48621992790503], [139.91054530281255, 36.48616546228687], [139.9102765764872, 36.48610490048409], [139.91000904895483, 36.48604103754027], [139.90974317408822, 36.48597285438568], [139.90947963344925, 36.48589891329889], [139.90921652065632, 36.48582407390506], [139.90895953279053, 36.48573637459199], [139.90870254492478, 36.48564867527891], [139.908445557059, 36.48556097596584], [139.90819113566795, 36.485468568136845]]}}, {"type": "Feature", "properties": {"id": "北関東道-上り-1-8", "route": "北関東道", "direction": "上り", "from": null, "to": "宇都宮上三川IC", "grade": -0.41, "elevation_start": 90.0, "elevation_end": 89.0, "quality": "estimated", "structure": "normal", "chain_rank": 1, "cum_dist_start": 2000.0, "cum_dist_end": 2250.0, "anomaly": false}, "geometry": {"type": "LineString", "coordinates": [[139.90819113566795, 36.485468568136845], [139.90793609573842, 36.485377251789814], [139.90768661412372, 36.48527667761665], [139.90743973919967, 36.48517173303677], [139.90719471920843, 36.48506400972301], [139.90695042223655, 36.48495520330893], [139.90671377944088, 36.48483592091615], [139.9064778307311, 36.484715703033935], [139.90624393332192, 36.4845928971969], [139.90601436664886, 36.48446491856608], [139.9057864488563, 36.48433499043599]]}}, {"type": "Feature", "properties": {"id": "北関東道-上り-1-9", "route": "北関東道", "direction": "上り", "from": "宇都宮上三川IC", "to": "壬生IC", "grade": -0.41, "elevation_start": 89.0, "elevation_end": 88.0, "quality": "estimated", "structure": "bridge", "chain_rank": 1, "cum_dist_start": 2250.0, "cum_dist_end": 2500.0, "anomaly": false}, "geometry": {"type": "LineString", "coordinates": [[139.9057864488563, 36.48433499043599], [139.90556046793665, 36.48420292060119], [139.90533979312255, 36.48406507905065], [139.90512319461422, 36.48392318782153], [139.90491099947272, 36.48377692198915], [139.90470072892015, 36.483628860221025], [139.9044909840579, 36.48348030899334], [139.90428712121732, 36.48332651042856], [139.90408767973693, 36.483169041996625], [139.9038916792331, 36.48300871744659], [139.90370071709407, 36.482844574314726]]}}, {"type": "Feature", "properties": {"id": "北関東道-上り-1-10", "route": "北関東道", "direction": "上り", "from": "宇都宮上三川IC", "to": "壬生IC", "grade": -0.41, "elevation_start": 88.0, "elevation_end": 86.9, "quality": "estimated", "structure": "bridge", "chain_rank": 1, "cum_dist_start": 2500.0, "cum_dist_end": 2750.0, "anomaly": false}, "geometry": {"type": "LineString", "coordinates": [[139.90370071709407, 36.482844574314726], [139.90351497962286, 36.4826764714018], [139.90332924215167, 36.48250836848888], [139.90315261954373, 36.48233398645372], [139.9029763034178, 36.48215939328669], [139.90280511656135, 36.48198157159593], [139.9026384819117, 36.48180088460283], [139.9024718472621, 36.48162019760973], [139.90230934863447, 36.48143712262542], [139.90215128837974, 36.48125148012765], [139.90199306367057, 36.48106592902308]]}}, {"type": "Feature", "properties": {"id": "北関東道-上り-1-11", "route": "北関東道", "direction": "上り", "from": "宇都宮上三川IC", "to": "壬生IC", "grade": -0.41, "elevation_start": 86.9, "elevation_end": 85.9, "quality": "estimated", "structure": "bridge", "chain_rank": 1, "cum_dist_start": 2750.0, "cum_dist_end": 3000.0, "anomaly": false}, "geometry": {"type": "LineString", "coordinates": [[139.90199306367057, 36.48106592902308], [139.90184064397076, 36.48087724107031], [139.90168857700846, 36.48068836250907], [139.90153849262535, 36.48049848912532], [139.9013961228403, 36.48030474469528], [139.9012537530553, 36.48011100026524], [139.90111138327026, 36.4799172558352], [139.90096901348525, 36.47972351140516], [139.90082842384632, 36.479528930629776], [139.90069017795122, 36.479333248720465], [139.90055042222536, 36.47913827164599]]}}, {"type": "Feature", "properties": {"id": "北関東道-上り-1-12", "route": "北関東道", "direction": "上り", "from": "宇都宮上三川IC", "to": "壬生IC", "grade": -0.41, "elevation_start": 85.9, "elevation_end": 84.9, "quality": "estimated", "structure": "bridge", "chain_rank": 1, "cum_dist_start": 3000.0, "cum_dist_end": 3250.0, "anomaly": false}, "geometry": {"type": "LineString", "coordinates": [[139.90055042222536, 36.47913827164599], [139.90040956944551, 36.478943806709665], [139.90026871666566, 36.47874934177333], [139.9001278638858, 36.478554876836995], [139.89998701110596, 36.47836041190067], [139.89984615832608, 36.47816594696433], [139.89970530554623, 36.477971482028], [139.89956397544753, 36.4777772465785], [139.89941953644865, 36.477584505835615], [139.89927509744976, 36.47739176509274], [139.89913065845084, 36.47719902434986]]}}, {"type": "Feature", "properties": {"id": "北関東道-上り-1-13", "route": "北関東道", "direction": "上り", "from": "宇都宮上三川IC", "to": "壬生IC", "grade": -0.41, "elevation_start": 84.9, "elevation_end": 83.8, "quality": "estimated", "structure": "bridge", "chain_rank": 1, "cum_dist_start": 3250.0, "cum_dist_end": 3500.0, "anomaly": false}, "geometry": {"type": "LineString", "coordinates": [[139.89913065845084, 36.47719902434986], [139.8989844060501, 36.47700717868498], [139.89883798697207, 36.4768154152904], [139.89868561255662, 36.47662670782986], [139.89853310550984, 36.476438066725535], [139.89838360278506, 36.47624786210043], [139.89822554825537, 36.476062268116216], [139.89806538232142, 36.47587781247963], [139.89790521638747, 36.475693356843045], [139.89774505045352, 36.47550890120646], [139.89758239455216, 36.47532589558228]]}}, {"type": "Feature", "properties": {"id": "北関東道-上り-1-14", "route": "北関東道", "direction": "上り", "from": "宇都宮上三川IC", "to": "壬生IC", "grade": -0.38, "elevation_start": 83.8, "elevation_end": 82.9, "quality": "estimated", "structure": "bridge", "chain_rank": 1, "cum_dist_start": 3500.0, "cum_dist_end": 3750.0, "anomaly": false}, "geometry": {"type": "LineString", "coordinates": [[139.89758239455216, 36.47532589558228], [139.89741632170683, 36.475144879787784], [139.89724922081157, 36.47496448552773], [139.89708069795117, 36.47478495356202], [139.89691157213932, 36.47460579372285], [139.89673861138616, 36.47442903627023], [139.89656469416778, 36.47425289663029], [139.89638926611406, 36.47407773288916], [139.8962138380603, 36.473902569148024], [139.89603293483535, 36.47373111106267], [139.89585010066952, 36.47356095985923]]}}, {"type": "Feature", "properties": {"id": "北関東道-上り-1-15", "route": "北関東道", "direction": "上り", "from": "宇都宮上三川IC", "to": "壬生IC", "grade": 0.26, "elevation_start": 82.9, "elevation_end": 83.6, "quality": "measured", "structure": "normal", "chain_rank": 1, "cum_dist_start": 3750.0, "cum_dist_end": 4000.0, "anomaly": false}, "geometry": {"type": "LineString", "coordinates": [[139.89585010066952, 36.47356095985923], [139.89566462156364, 36.4733927007301], [139.89547761616672, 36.47322553344278], [139.89529061076976, 36.473058366155456], [139.8951034800604, 36.472891292236305], [139.89491228598493, 36.47272724586327], [139.89472109190942, 36.47256319949023], [139.8945298978339, 36.472399153117195], [139.8943373633041, 36.47223617252952], [139.89413730001547, 36.47207917800249], [139.89393723672686, 36.47192218347546]]}}, {"type": "Feature", "properties": {"id": "北関東道-上り-1-16", "route": "北関東道", "direction": "上り", "from": "宇都宮上三川IC", "to": "壬生IC", "grade": -0.1, "elevation_start": 83.6, "elevation_end": 83.3, "quality": "estimated", "structure": "bridge", "chain_rank": 1, "cum_dist_start": 4000.0, "cum_dist_end": 4250.0, "anomaly": false}, "geometry": {"type": "LineString", "coordinates": [[139.89393723672686, 36.47192218347546], [139.89373717343824, 36.47176518894844], [139.89353480356993, 36.471610140222076], [139.8933317589003, 36.47145566690106], [139.8931252747336, 36.471304194434275], [139.8929187905669, 36.471152721967485], [139.89271230640023, 36.4710012495007], [139.89250582223352, 36.47084977703392], [139.89229491531768, 36.470702372151074], [139.89208231286176, 36.47055652664935], [139.89186971040584, 36.47041068114761]]}}, {"type": "Feature", "properties": {"id": "北関東道-上り-1-17", "route": "北関東道", "direction": "上り", "from": "宇都宮上三川IC", "to": "壬生IC", "grade": -0.1, "elevation_start": 83.3, "elevation_end": 83.0, "quality": "estimated", "structure": "bridge", "chain_rank": 1, "cum_dist_start": 4250.0, "cum_dist_end": 4500.0, "anomaly": false}, "geometry": {"type": "LineString", "coordinates": [[139.89186971040584, 36.47041068114761], [139.89165056969898, 36.470271303815274], [139.89143113962768, 36.47013221274574], [139.8912117095564, 36.46999312167621], [139.89099227948512, 36.469854030606676], [139.89076925106167, 36.46971873421141], [139.89054588193144, 36.4695837971115], [139.89032251280125, 36.46944886001159], [139.89009914367105, 36.469313922911674], [139.8898743636444, 36.469180574965804], [139.88964449997053, 36.4690529529529]]}}, {"type": "Feature", "properties": {"id": "北関東道-上り-1-18", "route": "北関東道", "direction": "上り", "from": "宇都宮上三川IC", "to": "壬生IC", "grade": 0.21, "elevation_start": 83.0, "elevation_end": 83.6, "quality": "measured", "structure": "normal", "chain_rank": 1, "cum_dist_start": 4500.0, "cum_dist_end": 4750.0, "anomaly": false}, "geometry": {"type": "LineString", "coordinates": [[139.88964449997053, 36.4690529529529], [139.88941463629666, 36.46892533094], [139.8891835015923, 36.46879924723766], [139.88894942365627, 36.468676725687686], [139.88871534572024, 36.46855420413771], [139.88848126778421, 36.468431682587735], [139.88824608859727, 36.468310561262676], [139.88800936705405, 36.46819140102179], [139.88777264551084, 36.468072240780906], [139.88753592396762, 36.46795308054002], [139.88729489120672, 36.46783983734974]]}}, {"type": "Feature", "properties": {"id": "北関東道-上り-1-19", "route": "北関東道", "direction": "上り", "from": "宇都宮上三川IC", "to": "壬生IC", "grade": 0.45, "elevation_start": 83.6, "elevation_end": 84.7, "quality": "estimated", "structure": "normal", "chain_rank": 1, "cum_dist_start": 4750.0, "cum_dist_end": 5000.0, "anomaly": false}, "geometry": {"type": "LineString", "coordinates": [[139.88729489120672, 36.46783983734974], [139.88705100270084, 36.46773051360604], [139.88680711419497, 36.46762118986235], [139.88656210169654, 36.46751353483752], [139.88631603192655, 36.467407449475246], [139.88606996215654, 36.46730136411296], [139.88582389238653, 36.46719527875068], [139.8855745126026, 36.467094389172686], [139.8853246346021, 36.46699428165352], [139.88507475660165, 36.466894174134346], [139.88482487860117, 36.46679406661518]]}}, {"type": "Feature", "properties": {"id": "北関東道-上り-1-20", "route": "北関東道", "direction": "上り", "from": "宇都宮上三川IC", "to": "壬生IC", "grade": 0.76, "elevation_start": 84.7, "elevation_end": 86.6, "quality": "estimated", "structure": "bridge", "chain_rank": 1, "cum_dist_start": 5000.0, "cum_dist_end": 5250.0, "anomaly": false}, "geometry": {"type": "LineString", "coordinates": [[139.88482487860117, 36.46679406661518], [139.88457445917317, 36.46669487931034], [139.8843205784142, 36.46660157490958], [139.88406453192485, 36.46651221887879], [139.88380842151443, 36.466422979383275], [139.8835514245826, 36.466335451328526], [139.8832929707936, 36.46625073575489], [139.8830345170046, 36.46616602018126], [139.88277603587886, 36.46608136087595], [139.8825152555194, 36.46600143417041], [139.88225447515995, 36.46592150746488]]}}, {"type": "Feature", "properties": {"id": "北関東道-上り-1-21", "route": "北関東道", "direction": "上り", "from": "宇都宮上三川IC", "to": "壬生IC", "grade": 0.15, "elevation_start": 86.6, "elevation_end": 87.0, "quality": "estimated", "structure": "normal", "chain_rank": 1, "cum_dist_start": 5250.0, "cum_dist_end": 5500.0, "anomaly": false}, "geometry": {"type": "LineString", "coordinates": [[139.88225447515995, 36.46592150746488], [139.88199369480049, 36.465841580759346], [139.88173199394666, 36.46576369754528], [139.88146861808082, 36.46568953284677], [139.881205242215, 36.465615368148256], [139.8809416606437, 36.465541709748415], [139.8806751041415, 36.46547537348626], [139.8804085476393, 36.465409037224106], [139.88014152172565, 36.465343970978665], [139.87987358733295, 36.46528136266995], [139.87960565294028, 36.46521875436124]]}}, {"type": "Feature", "properties": {"id": "北関東道-上り-1-22", "route": "北関東道", "direction": "上り", "from": "宇都宮上三川IC", "to": "壬生IC", "grade": -0.18, "elevation_start": 87.0, "elevation_end": 86.5, "quality": "estimated", "structure": "bridge", "chain_rank": 1, "cum_dist_start": 5500.0, "cum_dist_end": 5750.0, "anomaly": false}, "geometry": {"type": "LineString", "coordinates": [[139.87960565294028, 36.46521875436124], [139.8793361019425, 36.46516111839324], [139.87906465978332, 36.46510929924406], [139.87879321762412, 36.465057480094885], [139.87852114046555, 36.4650079089118], [139.87824859239697, 36.46496004657512], [139.87797528538607, 36.4649150779024], [139.87770197837514, 36.464870109229665], [139.87742846472892, 36.46482601393931], [139.87715389510677, 36.46478638192666], [139.87687932548462, 36.464746749914006]]}}, {"type": "Feature", "properties": {"id": "北関東道-上り-1-23", "route": "北関東道", "direction": "上り", "from": "宇都宮上三川IC", "to": "壬生IC", "grade": -0.18, "elevation_start": 86.5, "elevation_end": 86.1, "quality": "estimated", "structure": "bridge", "chain_rank": 1, "cum_dist_start": 5750.0, "cum_dist_end": 6000.0, "anomaly": false}, "geometry": {"type": "LineString", "coordinates": [[139.87687932548462, 36.464746749914006], [139.87660475586247, 36.464707117901355], [139.87632962045788, 36.46467015533014], [139.87605437368944, 36.464633718189184], [139.87577870654297, 36.46459943064135], [139.87550296755444, 36.46456551045624], [139.87522722856588, 36.46453159027113], [139.87495148957734, 36.46449767008602], [139.87467568882536, 36.46446408366024], [139.87439974935765, 36.4644312468312], [139.8741238098899, 36.464398410002154]]}}, {"type": "Feature", "properties": {"id": "北関東道-上り-1-24", "route": "北関東道", "direction": "上り", "from": "宇都宮上三川IC", "to": "壬生IC", "grade": -0.18, "elevation_start": 86.1, "elevation_end": 85.6, "quality": "estimated", "structure": "bridge", "chain_rank": 1, "cum_dist_start": 6000.0, "cum_dist_end": 6250.0, "anomaly": false}, "geometry": {"type": "LineString", "coordinates": [[139.8741238098899, 36.464398410002154], [139.8738478464461, 36.46436570646538], [139.87357179803737, 36.464333475281876], [139.87329574962862, 36.46430124409837], [139.8730197012199, 36.464269012914876], [139.87274365281115, 36.46423678173137], [139.8724676044024, 36.46420455054787], [139.8721920692644, 36.46416959010383], [139.8719166120975, 36.4641342150569], [139.87164115493061, 36.464098840009974], [139.8713657006824, 36.4640634503451]]}}, {"type": "Feature", "properties": {"id": "北関東道-上り-1-25", "route": "北関東道", "direction": "上り", "from": "宇都宮上三川IC", "to": "壬生IC", "grade": -0.18, "elevation_start": 85.6, "elevation_end": 85.2, "quality": "estimated", "structure": "bridge", "chain_rank": 1, "cum_dist_start": 6250.0, "cum_dist_end": 6500.0, "anomaly": false}, "geometry": {"type": "LineString", "coordinates": [[139.8713657006824, 36.4640634503451], [139.87109036715975, 36.46402745603167], [139.8708150336371, 36.463991461718244], [139.87053970011445, 36.463955467404816], [139.8702643665918, 36.46391947309139], [139.86998903306917, 36.46388347877796], [139.86971369954654, 36.46384748446453], [139.86943843698657, 36.46381114164581], [139.8691632468819, 36.46377444299129], [139.86888805677725, 36.463737744336754], [139.8686128666726, 36.46370104568223]]}}, {"type": "Feature", "properties": {"id": "北関東道-上り-1-26", "route": "北関東道", "direction": "上り", "from": "宇都宮上三川IC", "to": "壬生IC", "grade": -0.18, "elevation_start": 85.2, "elevation_end": 84.7, "quality": "estimated", "structure": "bridge", "chain_rank": 1, "cum_dist_start": 6500.0, "cum_dist_end": 6750.0, "anomaly": false}, "geometry": {"type": "LineString", "coordinates": [[139.8686128666726, 36.46370104568223], [139.86833767656796, 36.4636643470277], [139.8680624864633, 36.463627648373176], [139.86778729635864, 36.46359094971865], [139.86751197884357, 36.463554888940415], [139.86723651608108, 36.46351955533862], [139.8669610533186, 36.46348422173683], [139.8666855905561, 36.463448888135034], [139.8664101277936, 36.46341355453323], [139.86613466503115, 36.46337822093144], [139.86585920226867, 36.463342887329645]]}}, {"type": "Feature", "properties": {"id": "北関東道-上り-1-27", "route": "北関東道", "direction": "上り", "from": "宇都宮上三川IC", "to": "壬生IC", "grade": -0.18, "elevation_start": 84.7, "elevation_end": 84.3, "quality": "estimated", "structure": "bridge", "chain_rank": 1, "cum_dist_start": 6750.0, "cum_dist_end": 7000.0, "anomaly": false}, "geometry": {"type": "LineString", "coordinates": [[139.86585920226867, 36.463342887329645], [139.86558373950618, 36.46330755372785], [139.8653082767437, 36.46327222012606], [139.86503277766073, 36.46323707408903], [139.86475718544483, 36.46320240900543], [139.8644818070948, 36.4631667144548], [139.86420729620815, 36.463126844272935], [139.8639327853215, 36.46308697409107], [139.86365827443487, 36.463047103909204], [139.86338355642246, 36.4630081986445], [139.86310846259192, 36.46297104416802]]}}, {"type": "Feature", "properties": {"id": "北関東道-上り-1-28", "route": "北関東道", "direction": "上り", "from": "宇都宮上三川IC", "to": "壬生IC", "grade": -0.18, "elevation_start": 84.3, "elevation_end": 83.8, "quality": "estimated", "structure": "bridge", "chain_rank": 1, "cum_dist_start": 7000.0, "cum_dist_end": 7250.0, "anomaly": false}, "geometry": {"type": "LineString", "coordinates": [[139.86310846259192, 36.46297104416802], [139.86283289036137, 36.46293633230399], [139.8625570372627, 36.46290305449522], [139.862281184164, 36.46286977668645], [139.86200558322412, 36.46283520539511], [139.86173041228207, 36.462798428371826], [139.86145524088604, 36.46276165412987], [139.86118014022995, 36.462724553038086], [139.86090580729646, 36.46268389850151], [139.860631474363, 36.46264324396493], [139.86035714142952, 36.46260258942836]]}}, {"type": "Feature", "properties": {"id": "北関東道-上り-1-29", "route": "北関東道", "direction": "上り", "from": "宇都宮上三川IC", "to": "壬生IC", "grade": -0.18, "elevation_start": 83.8, "elevation_end": 83.4, "quality": "estimated", "structure": "bridge", "chain_rank": 1, "cum_dist_start": 7250.0, "cum_dist_end": 7500.0, "anomaly": false}, "geometry": {"type": "LineString", "coordinates": [[139.86035714142952, 36.46260258942836], [139.86008322059686, 36.462560254720856], [139.85981037118364, 36.462513541230244], [139.8595373430551, 36.46246751405842], [139.85926431492655, 36.46242148688659], [139.85899128679802, 36.462375459714764], [139.8587183607238, 36.4623290568515], [139.85844654715893, 36.46227855852094], [139.85817473359407, 36.46222806019038], [139.85790292082288, 36.462177560517944], [139.85763110810112, 36.462127060761944]]}}, {"type": "Feature", "properties": {"id": "北関東道-上り-1-30", "route": "北関東道", "direction": "上り", "from": "宇都宮上三川IC", "to": "壬生IC", "grade": -0.18, "elevation_start": 83.4, "elevation_end": 82.9, "quality": "estimated", "structure": "bridge", "chain_rank": 1, "cum_dist_start": 7500.0, "cum_dist_end": 7750.0, "anomaly": false}, "geometry": {"type": "LineString", "coordinates": [[139.85763110810112, 36.462127060761944], [139.85735938522268, 36.46207625387548], [139.85708823309903, 36.4620234974889], [139.85681631436086, 36.46197337557522], [139.85654439562268, 36.46192325366153], [139.85627247688447, 36.46187313174785], [139.8560005581463, 36.46182300983416], [139.8557286394081, 36.461772887920475], [139.8554567206699, 36.461722766006794], [139.85518480193173, 36.461672644093106], [139.85491288319355, 36.461622522179425]]}}, {"type": "Feature", "properties": {"id": "北関東道-上り-1-31", "route": "北関東道", "direction": "上り", "from": "宇都宮上三川IC", "to": "壬生IC", "grade": -0.18, "elevation_start": 82.9, "elevation_end": 82.5, "quality": "estimated", "structure": "bridge", "chain_rank": 1, "cum_dist_start": 7750.0, "cum_dist_end": 8000.0, "anomaly": false}, "geometry": {"type": "LineString", "coordinates": [[139.85491288319355, 36.461622522179425], [139.85464119965954, 36.461571579256216], [139.85436952858834, 36.46152059282997], [139.85409785751716, 36.46146960640372], [139.85382618644599, 36.46141861997747], [139.85355451537478, 36.46136763355122], [139.85328275858103, 36.46131695088771], [139.85301071876495, 36.46126727112982], [139.85273867894887, 36.46121759137192], [139.85246663913279, 36.46116791161403], [139.8521945993167, 36.461118231856126]]}}, {"type": "Feature", "properties": {"id": "北関東道-上り-1-32", "route": "北関東道", "direction": "上り", "from": "宇都宮上三川IC", "to": "壬生IC", "grade": -0.18, "elevation_start": 82.5, "elevation_end": 82.0, "quality": "estimated", "structure": "bridge", "chain_rank": 1, "cum_dist_start": 8000.0, "cum_dist_end": 8250.0, "anomaly": false}, "geometry": {"type": "LineString", "coordinates": [[139.8521945993167, 36.461118231856126], [139.85192255950065, 36.46106855209823], [139.85165051968457, 36.46101887234034], [139.8513784798685, 36.46096919258244], [139.8511064400524, 36.460919512824546], [139.85083440023632, 36.460869833066646], [139.85056236042024, 36.46082015330875], [139.85029032060416, 36.46077047355085], [139.85001828078808, 36.46072079379296], [139.849746240972, 36.460671114035065], [139.8494742011559, 36.460621434277165]]}}, {"type": "Feature", "properties": {"id": "北関東道-上り-1-33", "route": "北関東道", "direction": "上り", "from": "宇都宮上三川IC", "to": "壬生IC", "grade": -0.18, "elevation_start": 82.0, "elevation_end": 81.6, "quality": "estimated", "structure": "bridge", "chain_rank": 1, "cum_dist_start": 8250.0, "cum_dist_end": 8500.0, "anomaly": false}, "geometry": {"type": "LineString", "coordinates": [[139.8494742011559, 36.460621434277165], [139.84920216133983, 36.46057175451927], [139.84893012152375, 36.46052207476137], [139.84865808170767, 36.46047239500348], [139.8483861345152, 36.460422392795145], [139.84811423212042, 36.460372234632686], [139.84784232972564, 36.46032207647022], [139.84757042733085, 36.46027191830776], [139.8472985249361, 36.460221760145295], [139.8470266225413, 36.460171601982836], [139.84675472014652, 36.46012144382037]]}}, {"type": "Feature", "properties": {"id": "北関東道-上り-1-34", "route": "北関東道", "direction": "上り", "from": "宇都宮上三川IC", "to": "壬生IC", "grade": -0.18, "elevation_start": 81.6, "elevation_end": 81.2, "quality": "estimated", "structure": "bridge", "chain_rank": 1, "cum_dist_start": 8500.0, "cum_dist_end": 8750.0, "anomaly": false}, "geometry": {"type": "LineString", "coordinates": [[139.84675472014652, 36.46012144382037], [139.84648281775176, 36.46007128565791], [139.84621091535698, 36.460021127495445], [139.8459390129622, 36.45997096933298], [139.84566711056743, 36.45992081117052], [139.84539520817265, 36.45987065300805], [139.84512330577786, 36.459820494845594], [139.8448514033831, 36.45977033668313], [139.84457950098832, 36.45972017852067], [139.84430767084712, 36.45966977202969], [139.84403590583506, 36.45961914169623]]}}, {"type": "Feature", "properties": {"id": "北関東道-上り-1-35", "route": "北関東道", "direction": "上り", "from": "宇都宮上三川IC", "to": "壬生IC", "grade": -0.18, "elevation_start": 81.2, "elevation_end": 80.7, "quality": "estimated", "structure": "bridge", "chain_rank": 1, "cum_dist_start": 8750.0, "cum_dist_end": 9000.0, "anomaly": false}, "geometry": {"type": "LineString", "coordinates": [[139.84403590583506, 36.45961914169623], [139.84376414082297, 36.45956851136276], [139.8434923758109, 36.4595178810293], [139.84322061079885, 36.45946725069583], [139.84294884578676, 36.45941662036237], [139.8426770807747, 36.4593659900289], [139.84240531576265, 36.45931535969544], [139.8421335507506, 36.459264729361976], [139.8418617857385, 36.45921409902851], [139.84159002072644, 36.459163468695046], [139.84131825571438, 36.45911283836158]]}}, {"type": "Feature", "properties": {"id": "北関東道-上り-1-36", "route": "北関東道", "direction": "上り", "from": "宇都宮上三川IC", "to": "壬生IC", "grade": -0.18, "elevation_start": 80.7, "elevation_end": 80.3, "quality": "estimated", "structure": "bridge", "chain_rank": 1, "cum_dist_start": 9000.0, "cum_dist_end": 9250.0, "anomaly": false}, "geometry": {"type": "LineString", "coordinates": [[139.84131825571438, 36.45911283836158], [139.8410464907023, 36.459062208028115], [139.84077472569024, 36.45901157769465], [139.84050296067818, 36.458960947361184], [139.84023119566612, 36.45891031702772], [139.83995943065403, 36.458859686694254], [139.83968766564197, 36.45880905636079], [139.83941590062992, 36.45875842602733], [139.83914413561783, 36.45870779569386], [139.83887237060577, 36.4586571653604], [139.8386006055937, 36.45860653502693]]}}, {"type": "Feature", "properties": {"id": "北関東道-上り-1-37", "route": "北関東道", "direction": "上り", "from": "宇都宮上三川IC", "to": "壬生IC", "grade": -0.18, "elevation_start": 80.3, "elevation_end": 79.8, "quality": "estimated", "structure": "bridge", "chain_rank": 1, "cum_dist_start": 9250.0, "cum_dist_end": 9500.0, "anomaly": false}, "geometry": {"type": "LineString", "coordinates": [[139.8386006055937, 36.45860653502693], [139.83832765259905, 36.458560291414955], [139.83805458555094, 36.4585144689546], [139.83778151850282, 36.45846864649423], [139.8375084514547, 36.458422824033875], [139.83723538440657, 36.45837700157351], [139.83696189284146, 36.458332917234024], [139.83668775820465, 36.4582914658548], [139.8364136235678, 36.458250014475574], [139.83613948893097, 36.45820856309634], [139.83586535429413, 36.45816711171712]]}}, {"type": "Feature", "properties": {"id": "北関東道-上り-1-38", "route": "北関東道", "direction": "上り", "from": "宇都宮上三川IC", "to": "壬生IC", "grade": -0.18, "elevation_start": 79.8, "elevation_end": 79.4, "quality": "estimated", "structure": "bridge", "chain_rank": 1, "cum_dist_start": 9500.0, "cum_dist_end": 9750.0, "anomaly": false}, "geometry": {"type": "LineString", "coordinates": [[139.83586535429413, 36.45816711171712], [139.83559061728485, 36.45812839092355], [139.83531564305648, 36.45809074545648], [139.8350406688281, 36.45805309998941], [139.83476524060734, 36.45801776017423], [139.83448938292932, 36.45798460140652], [139.8342135252513, 36.457951442638816], [139.83393686852492, 36.45792298619106], [139.83366015659914, 36.45789485458633], [139.8333831176702, 36.45786898522751], [139.83310582997217, 36.45784483688213]]}}, {"type": "Feature", "properties": {"id": "北関東道-上り-1-39", "route": "北関東道", "direction": "上り", "from": "宇都宮上三川IC", "to": "壬生IC", "grade": -0.18, "elevation_start": 79.4, "elevation_end": 78.9, "quality": "estimated", "structure": "bridge", "chain_rank": 1, "cum_dist_start": 9750.0, "cum_dist_end": 10000.0, "anomaly": false}, "geometry": {"type": "LineString", "coordinates": [[139.83310582997217, 36.45784483688213], [139.83282854227411, 36.45782068853675], [139.8325512545761, 36.45779654019137], [139.83227313245058, 36.45777981930946], [139.83199499483217, 36.45776323633392], [139.8317168572138, 36.45774665335837], [139.83143871959538, 36.45773007038283], [139.83116034373813, 36.45771663638337], [139.8308817772818, 36.45770572167028], [139.83060321082547, 36.45769480695719], [139.83032464436914, 36.457683892244106]]}}, {"type": "Feature", "properties": {"id": "北関東道-上り-1-40", "route": "北関東道", "direction": "上り", "from": "宇都宮上三川IC", "to": "壬生IC", "grade": -0.18, "elevation_start": 78.9, "elevation_end": 78.5, "quality": "estimated", "structure": "bridge", "chain_rank": 1, "cum_dist_start": 10000.0, "cum_dist_end": 10250.0, "anomaly": false}, "geometry": {"type": "LineString", "coordinates": [[139.83032464436914, 36.457683892244106], [139.83004607132793, 36.457673090558465], [139.82976747253275, 36.457662730931716], [139.8294888737376, 36.45765237130497], [139.8292102421926, 36.45764279101226], [139.82893141543855, 36.457637856025464], [139.82865258868452, 36.457632921038666], [139.8283737619305, 36.45762798605187], [139.82809493517644, 36.45762305106507], [139.8278161084224, 36.45761811607827], [139.82753728166838, 36.45761318109148]]}}, {"type": "Feature", "properties": {"id": "北関東道-上り-1-41", "route": "北関東道", "direction": "上り", "from": "宇都宮上三川IC", "to": "壬生IC", "grade": -0.18, "elevation_start": 78.5, "elevation_end": 78.0, "quality": "estimated", "structure": "bridge", "chain_rank": 1, "cum_dist_start": 10250.0, "cum_dist_end": 10500.0, "anomaly": false}, "geometry": {"type": "LineString", "coordinates": [[139.82753728166838, 36.45761318109148], [139.82725845491433, 36.457608246104684], [139.8269796281603, 36.457603311117886], [139.82670080598913, 36.45759821516689], [139.82642201774772, 36.45759213338123], [139.82614329610854, 36.45758422479481], [139.8258645744694, 36.45757631620838], [139.82558585229856, 36.457568420236484], [139.82530712740584, 36.457560588843535], [139.8250284025131, 36.45755275745058], [139.82474968830502, 36.45754470166793]]}}, {"type": "Feature", "properties": {"id": "北関東道-上り-1-42", "route": "北関東道", "direction": "上り", "from": "宇都宮上三川IC", "to": "壬生IC", "grade": -0.21, "elevation_start": 78.0, "elevation_end": 77.5, "quality": "estimated", "structure": "bridge", "chain_rank": 1, "cum_dist_start": 10500.0, "cum_dist_end": 10750.0, "anomaly": false}, "geometry": {"type": "LineString", "coordinates": [[139.82474968830502, 36.45754470166793], [139.8244710413267, 36.457535233982455], [139.8241923943484, 36.45752576629698], [139.8239139090638, 36.457513887859264], [139.8236356264568, 36.45749898762593], [139.82335734384978, 36.45748408739261], [139.82307917865344, 36.45746782631251], [139.82280102456087, 36.457451436534505], [139.82252287046833, 36.4574350467565], [139.8222452303262, 36.457413748026845], [139.8219676181832, 36.45739218186613]]}}, {"type": "Feature", "properties": {"id": "北関東道-上り-1-43", "route": "北関東道", "direction": "上り", "from": "壬生IC", "to": "壬生PA（西行き）", "grade": -0.93, "elevation_start": 77.5, "elevation_end": 75.2, "quality": "estimated", "structure": "normal", "chain_rank": 1, "cum_dist_start": 10750.0, "cum_dist_end": 11000.0, "anomaly": false}, "geometry": {"type": "LineString", "coordinates": [[139.8219676181832, 36.45739218186613], [139.82169003975258, 36.457370354441224], [139.82141288651826, 36.4573452318298], [139.82113573328394, 36.45732010921838], [139.82085881838907, 36.45729341807425], [139.82058236848286, 36.45726366679863], [139.82030597579902, 36.45723359757331], [139.82003047991907, 36.45719854535555], [139.81975498403912, 36.457163493137806], [139.8194799864735, 36.45712600629817], [139.8192051793813, 36.457087588859885]]}}, {"type": "Feature", "properties": {"id": "北関東道-上り-1-44", "route": "北関東道", "direction": "上り", "from": "壬生IC", "to": "壬生PA（西行き）", "grade": -1.55, "elevation_start": 75.2, "elevation_end": 71.3, "quality": "estimated", "structure": "bridge", "chain_rank": 1, "cum_dist_start": 11000.0, "cum_dist_end": 11250.0, "anomaly": false}, "geometry": {"type": "LineString", "coordinates": [[139.8192051793813, 36.457087588859885], [139.8189303143899, 36.45704944415623], [139.81865541070735, 36.45701148170765], [139.81838126966204, 36.45697024822363], [139.81810810160843, 36.45692484147055], [139.8178350302381, 36.45687907022278], [139.81756280319368, 36.456830115877274], [139.81729057614925, 36.456781161531765], [139.8170185065005, 36.45673164908213], [139.81674687249168, 36.45668059191095], [139.81647523848287, 36.45662953473978]]}}, {"type": "Feature", "properties": {"id": "北関東道-上り-1-45", "route": "北関東道", "direction": "上り", "from": "壬生IC", "to": "壬生PA（西行き）", "grade": -0.86, "elevation_start": 71.3, "elevation_end": 69.1, "quality": "estimated", "structure": "normal", "chain_rank": 1, "cum_dist_start": 11250.0, "cum_dist_end": 11500.0, "anomaly": false}, "geometry": {"type": "LineString", "coordinates": [[139.81647523848287, 36.45662953473978], [139.81620513558835, 36.4565734759914], [139.81593534433966, 36.456516399212774], [139.81566626785468, 36.45645717631095], [139.81539742585497, 36.45639724935233], [139.81512858385526, 36.4563373223937], [139.81486094891238, 36.45627397153507], [139.81459333910382, 36.45621054938123], [139.81432572929523, 36.456147127227396], [139.81405962015398, 36.45607976632101], [139.81379416388566, 36.4560106918403]]}}, {"type": "Feature", "properties": {"id": "北関東道-上り-1-46", "route": "北関東道", "direction": "上り", "from": "壬生IC", "to": "壬生PA（西行き）", "grade": 0.47, "elevation_start": 69.1, "elevation_end": 70.3, "quality": "measured", "structure": "normal", "chain_rank": 1, "cum_dist_start": 11500.0, "cum_dist_end": 11750.0, "anomaly": false}, "geometry": {"type": "LineString", "coordinates": [[139.81379416388566, 36.4560106918403], [139.81352902224282, 36.455940846903026], [139.81326476782283, 36.45586882932963], [139.81300051340287, 36.45579681175623], [139.8127377341945, 36.45572137601991], [139.81247531133502, 36.45564511459975], [139.8122128884755, 36.455568853179585], [139.81195288691126, 36.45548737418599], [139.81169305717037, 36.4554055249356], [139.8114332274295, 36.45532367568521], [139.81117441439213, 36.45523975891551]]}}, {"type": "Feature", "properties": {"id": "北関東道-上り-1-47", "route": "北関東道", "direction": "上り", "from": "壬生IC", "to": "壬生PA（西行き）", "grade": 2.39, "elevation_start": 70.3, "elevation_end": 76.3, "quality": "estimated", "structure": "bridge", "chain_rank": 1, "cum_dist_start": 11750.0, "cum_dist_end": 12000.0, "anomaly": false}, "geometry": {"type": "LineString", "coordinates": [[139.81117441439213, 36.45523975891551], [139.81091583840976, 36.455155360082244], [139.81065726242738, 36.455070961248985], [139.81040188520663, 36.454980505937655], [139.81014750539904, 36.454888162142076], [139.80989312559143, 36.454795818346504], [139.80963874578384, 36.454703474550925], [139.80938436597623, 36.454611130755346], [139.8091299861686, 36.454518786959774], [139.80887740348578, 36.45442333042528], [139.80862641802557, 36.454325114893976]]}}, {"type": "Feature", "properties": {"id": "北関東道-上り-1-48", "route": "北関東道", "direction": "上り", "from": "道の駅みぶ", "to": "壬生PA", "grade": 1.82, "elevation_start": 76.3, "elevation_end": 80.8, "quality": "estimated", "structure": "normal", "chain_rank": 1, "cum_dist_start": 12000.0, "cum_dist_end": 12250.0, "anomaly": false}, "geometry": {"type": "LineString", "coordinates": [[139.80862641802557, 36.454325114893976], [139.80837555565097, 36.45422669493247], [139.8081246932764, 36.45412827497097], [139.8078738309018, 36.454029855009466], [139.80762296852723, 36.45393143504796], [139.80737337373253, 36.45383093860617], [139.80712391966955, 36.45373021162531], [139.8068744656066, 36.45362948464446], [139.8066260271873, 36.453527136715294], [139.80637770676876, 36.45342460045916], [139.80612938635022, 36.453322064203014]]}}, {"type": "Feature", "properties": {"id": "北関東道-上り-1-49", "route": "北関東道", "direction": "上り", "from": "壬生PA", "to": "壬生PA（東行き）", "grade": 0.24, "elevation_start": 80.8, "elevation_end": 81.4, "quality": "measured", "structure": "normal", "chain_rank": 1, "cum_dist_start": 12250.0, "cum_dist_end": 12500.0, "anomaly": false}, "geometry": {"type": "LineString", "coordinates": [[139.80612938635022, 36.453322064203014], [139.8058810659317, 36.45321952794688], [139.80563274551315, 36.453116991690734], [139.80538442509462, 36.45301445543459], [139.8051361476272, 36.452911851905185], [139.8048880351348, 36.45280898997945], [139.80463992264245, 36.45270612805373], [139.80439137857056, 36.45260395000896], [139.8041428066834, 36.452501816040325], [139.80389423479622, 36.45239968207169], [139.8036459376819, 36.45229711746315]]}}, {"type": "Feature", "properties": {"id": "北関東道-上り-1-50", "route": "北関東道", "direction": "上り", "from": "壬生PA", "to": "壬生PA（東行き）", "grade": -0.12, "elevation_start": 81.4, "elevation_end": 81.1, "quality": "estimated", "structure": "normal", "chain_rank": 1, "cum_dist_start": 12500.0, "cum_dist_end": 12750.0, "anomaly": false}, "geometry": {"type": "LineString", "coordinates": [[139.8036459376819, 36.45229711746315], [139.8033985325901, 36.45219315482531], [139.80315112749835, 36.45208919218748], [139.80290372240657, 36.45198522954964], [139.80265631731478, 36.451881266911805], [139.802408912223, 36.45177730427397], [139.80216150713122, 36.45167334163613], [139.80191410203943, 36.4515693789983], [139.80166669694768, 36.45146541636046], [139.8014192918559, 36.451361453722626], [139.8011718867641, 36.45125749108479]]}}, {"type": "Feature", "properties": {"id": "北関東道-上り-1-51", "route": "北関東道", "direction": "上り", "from": "壬生PA（東行き）", "to": "都賀IC", "grade": -0.69, "elevation_start": 81.1, "elevation_end": 79.4, "quality": "estimated", "structure": "bridge", "chain_rank": 1, "cum_dist_start": 12750.0, "cum_dist_end": 13000.0, "anomaly": false}, "geometry": {"type": "LineString", "coordinates": [[139.8011718867641, 36.45125749108479], [139.80092448167233, 36.45115352844695], [139.80067585144965, 36.45105149810898], [139.80042716993094, 36.45094955331605], [139.8001784884122, 36.45084760852313], [139.7999298068935, 36.450745663730196], [139.79968112537478, 36.450643718937265], [139.79943244385603, 36.45054177414434], [139.79918376233732, 36.45043982935141], [139.79893508081858, 36.450337884558486], [139.79868639929987, 36.450235939765555]]}}, {"type": "Feature", "properties": {"id": "北関東道-上り-1-52", "route": "北関東道", "direction": "上り", "from": "壬生PA（東行き）", "to": "都賀IC", "grade": -0.69, "elevation_start": 79.4, "elevation_end": 77.7, "quality": "estimated", "structure": "bridge", "chain_rank": 1, "cum_dist_start": 13000.0, "cum_dist_end": 13250.0, "anomaly": false}, "geometry": {"type": "LineString", "coordinates": [[139.79868639929987, 36.450235939765555], [139.79843771778116, 36.450133994972624], [139.79818903626241, 36.4500320501797], [139.7979403547437, 36.44993010538677], [139.79769167322496, 36.44982816059384], [139.79744299170625, 36.449726215800915], [139.79719431018754, 36.449624271007984], [139.7969456286688, 36.44952232621506], [139.79669694715008, 36.44942038142213], [139.79644826563134, 36.4493184366292], [139.79619958411263, 36.449216491836275]]}}, {"type": "Feature", "properties": {"id": "北関東道-上り-1-53", "route": "北関東道", "direction": "上り", "from": "壬生PA（東行き）", "to": "都賀IC", "grade": -0.69, "elevation_start": 77.7, "elevation_end": 76.0, "quality": "estimated", "structure": "bridge", "chain_rank": 1, "cum_dist_start": 13250.0, "cum_dist_end": 13500.0, "anomaly": false}, "geometry": {"type": "LineString", "coordinates": [[139.79619958411263, 36.449216491836275], [139.79595090259392, 36.449114547043344], [139.79570222107517, 36.44901260225041], [139.79545353955646, 36.44891065745749], [139.79520485803772, 36.44880871266456], [139.794956176519, 36.448706767871634], [139.7947074950003, 36.4486048230787], [139.79445881348155, 36.44850287828577], [139.79421013196284, 36.44840093349285], [139.7939614504441, 36.44829898869992], [139.7937127689254, 36.44819704390699]]}}, {"type": "Feature", "properties": {"id": "北関東道-上り-1-54", "route": "北関東道", "direction": "上り", "from": "壬生PA（東行き）", "to": "都賀IC", "grade": -0.69, "elevation_start": 76.0, "elevation_end": 74.3, "quality": "estimated", "structure": "bridge", "chain_rank": 1, "cum_dist_start": 13500.0, "cum_dist_end": 13750.0, "anomaly": false}, "geometry": {"type": "LineString", "coordinates": [[139.7937127689254, 36.44819704390699], [139.79346405570848, 36.448095150541], [139.79321501113992, 36.4479937947578], [139.7929659665714, 36.447892438974606], [139.79271692200285, 36.44779108319141], [139.7924678774343, 36.44768972740821], [139.79221883286576, 36.44758837162502], [139.79196972368482, 36.447487121760545], [139.7917205927019, 36.447385907635926], [139.791471461719, 36.44728469351131], [139.79122233073608, 36.44718347938669]]}}, {"type": "Feature", "properties": {"id": "北関東道-上り-1-55", "route": "北関東道", "direction": "上り", "from": "壬生PA（東行き）", "to": "都賀IC", "grade": -0.82, "elevation_start": 74.3, "elevation_end": 72.2, "quality": "estimated", "structure": "bridge", "chain_rank": 1, "cum_dist_start": 13750.0, "cum_dist_end": 14000.0, "anomaly": false}, "geometry": {"type": "LineString", "coordinates": [[139.79122233073608, 36.44718347938669], [139.79097319975315, 36.44708226526206], [139.79072406877026, 36.44698105113744], [139.79047517588415, 36.446879458637746], [139.79022637746775, 36.44677771601018], [139.7899775790513, 36.44667597338262], [139.78972878063487, 36.446574230755054], [139.78947998221847, 36.44647248812749], [139.78923118380203, 36.44637074549993], [139.78898238538562, 36.44626900287236], [139.7887335869692, 36.4461672602448]]}}, {"type": "Feature", "properties": {"id": "北関東道-上り-1-56", "route": "北関東道", "direction": "上り", "from": "壬生PA（東行き）", "to": "都賀IC", "grade": 0.92, "elevation_start": 72.2, "elevation_end": 74.5, "quality": "measured", "structure": "normal", "chain_rank": 1, "cum_dist_start": 14000.0, "cum_dist_end": 14250.0, "anomaly": false}, "geometry": {"type": "LineString", "coordinates": [[139.7887335869692, 36.4461672602448], [139.78848478855278, 36.446065517617235], [139.788235896465, 36.445963927821175], [139.78798503743326, 36.44586554723562], [139.78773417840148, 36.445767166650064], [139.78748331936973, 36.4456687860645], [139.78723246033798, 36.445570405478946], [139.78698126357168, 36.44547259590756], [139.78672903579118, 36.44537652949141], [139.7864768080107, 36.44528046307526], [139.7862245802302, 36.44518439665911]]}}, {"type": "Feature", "properties": {"id": "北関東道-上り-1-57", "route": "北関東道", "direction": "上り", "from": "壬生PA（東行き）", "to": "都賀IC", "grade": 0.35, "elevation_start": 74.5, "elevation_end": 75.4, "quality": "estimated", "structure": "normal", "chain_rank": 1, "cum_dist_start": 14250.0, "cum_dist_end": 14500.0, "anomaly": false}, "geometry": {"type": "LineString", "coordinates": [[139.7862245802302, 36.44518439665911], [139.78597235244973, 36.44508833024295], [139.7857191969709, 36.444993905267005], [139.78546419597112, 36.44490274569763], [139.78520919497134, 36.44481158612825], [139.7849541939716, 36.44472042655888], [139.78469919297183, 36.4446292669895], [139.78444240153186, 36.44454148474115], [139.7841848299048, 36.44445517416564], [139.78392725827774, 36.44436886359013], [139.7836696866507, 36.44428255301462]]}}, {"type": "Feature", "properties": {"id": "北関東道-上り-1-58", "route": "北関東道", "direction": "上り", "from": "壬生PA（東行き）", "to": "都賀IC", "grade": 0.19, "elevation_start": 75.4, "elevation_end": 75.9, "quality": "estimated", "structure": "bridge", "chain_rank": 1, "cum_dist_start": 14500.0, "cum_dist_end": 14750.0, "anomaly": false}, "geometry": {"type": "LineString", "coordinates": [[139.7836696866507, 36.44428255301462], [139.78341179380993, 36.444196881547356], [139.78315270368094, 36.44411359228453], [139.78289145314824, 36.44403486535815], [139.7826297398945, 36.44395711560521], [139.78236802664077, 36.44387936585226], [139.782106313387, 36.44380161609932], [139.78184460013327, 36.44372386634638], [139.7815817340795, 36.44364874188405], [139.78131792585663, 36.44357576303909], [139.78105411763372, 36.44350278419414]]}}, {"type": "Feature", "properties": {"id": "北関東道-上り-1-59", "route": "北関東道", "direction": "上り", "from": "壬生PA（東行き）", "to": "都賀IC", "grade": -0.05, "elevation_start": 75.9, "elevation_end": 75.8, "quality": "estimated", "structure": "normal", "chain_rank": 1, "cum_dist_start": 14750.0, "cum_dist_end": 15000.0, "anomaly": false}, "geometry": {"type": "LineString", "coordinates": [[139.78105411763372, 36.44350278419414], [139.78079030941083, 36.44342980534918], [139.78052650118795, 36.44335682650423], [139.7802608474052, 36.44328837002292], [139.77999507445253, 36.44322020555588], [139.77972879157602, 36.443153386415766], [139.77946137587878, 36.44308955598521], [139.77919396018152, 36.44302572555465], [139.77892654448425, 36.44296189512409], [139.778659128787, 36.44289806469353], [139.77839092059526, 36.44283653330535]]}}, {"type": "Feature", "properties": {"id": "北関東道-上り-1-60", "route": "北関東道", "direction": "上り", "from": "壬生PA（東行き）", "to": "都賀IC", "grade": -0.03, "elevation_start": 75.8, "elevation_end": 75.7, "quality": "measured", "structure": "normal", "chain_rank": 1, "cum_dist_start": 15000.0, "cum_dist_end": 15250.0, "anomaly": false}, "geometry": {"type": "LineString", "coordinates": [[139.77839092059526, 36.44283653330535], [139.77812118082022, 36.44277944507078], [139.77785144104521, 36.44272235683621], [139.7775817012702, 36.44266526860164], [139.77731187731214, 36.44260844244768], [139.77704203554435, 36.442551671739345], [139.77677219377657, 36.442494901031004], [139.77650110067873, 36.44244221319079], [139.776229665027, 36.44239064304321], [139.77595822937522, 36.442339072895635], [139.77568679372348, 36.44228750274806]]}}, {"type": "Feature", "properties": {"id": "北関東道-上り-1-61", "route": "北関東道", "direction": "上り", "from": "壬生PA（東行き）", "to": "都賀IC", "grade": 0.19, "elevation_start": 75.7, "elevation_end": 76.2, "quality": "measured", "structure": "normal", "chain_rank": 1, "cum_dist_start": 15250.0, "cum_dist_end": 15500.0, "anomaly": false}, "geometry": {"type": "LineString", "coordinates": [[139.77568679372348, 36.44228750274806], [139.77541464107253, 36.44223851106666], [139.77514200363728, 36.442191262762464], [139.774869366202, 36.44214401445826], [139.77459656952627, 36.442097399858525], [139.77432272515662, 36.44205495460238], [139.77404888078698, 36.442012509346235], [139.7737750364173, 36.44197006409009], [139.77350119204766, 36.441927618833944], [139.7732272153277, 36.441885745554046], [139.77295293298377, 36.441845193084376]]}}, {"type": "Feature", "properties": {"id": "北関東道-上り-1-62", "route": "北関東道", "direction": "上り", "from": "壬生PA（東行き）", "to": "都賀IC", "grade": -0.18, "elevation_start": 76.2, "elevation_end": 75.7, "quality": "measured", "structure": "normal", "chain_rank": 1, "cum_dist_start": 15500.0, "cum_dist_end": 15750.0, "anomaly": false}, "geometry": {"type": "LineString", "coordinates": [[139.77295293298377, 36.441845193084376], [139.77267865063985, 36.4418046406147], [139.77240436829592, 36.44176408814502], [139.77213008595203, 36.44172353567535], [139.7718558036081, 36.44168298320567], [139.77158152126418, 36.441642430735996], [139.77130723892026, 36.441601878266326], [139.77103295657633, 36.44156132579665], [139.7707586742324, 36.44152077332698], [139.7704843523664, 36.441480398950716], [139.77020999020246, 36.441440206164124]]}}, {"type": "Feature", "properties": {"id": "北関東道-上り-1-63", "route": "北関東道", "direction": "上り", "from": "壬生PA（東行き）", "to": "都賀IC", "grade": -4.43, "elevation_start": 75.7, "elevation_end": 64.6, "quality": "measured", "structure": "normal", "chain_rank": 1, "cum_dist_start": 15750.0, "cum_dist_end": 16000.0, "anomaly": false}, "geometry": {"type": "LineString", "coordinates": [[139.77020999020246, 36.441440206164124], [139.76993562803852, 36.44140001337753], [139.76966126587456, 36.44135982059094], [139.76938690371063, 36.44131962780435], [139.76911254154666, 36.441279435017755], [139.76883817938273, 36.44123924223116], [139.7685638172188, 36.44119904944457], [139.76828939957088, 36.4411591095998], [139.76801491842843, 36.44111945921577], [139.767740437286, 36.44107980883174], [139.76746595614352, 36.4410401584477]]}}, {"type": "Feature", "properties": {"id": "北関東道-上り-1-64", "route": "北関東道", "direction": "上り", "from": "壬生PA（東行き）", "to": "都賀IC", "grade": -0.77, "elevation_start": 64.6, "elevation_end": 62.7, "quality": "estimated", "structure": "normal", "chain_rank": 1, "cum_dist_start": 16000.0, "cum_dist_end": 16250.0, "anomaly": false}, "geometry": {"type": "LineString", "coordinates": [[139.76746595614352, 36.4410401584477], [139.76719147500108, 36.44100050806367], [139.76691699385864, 36.440960857679634], [139.76664251271617, 36.440921207295595], [139.76636803157373, 36.44088155691156], [139.7660935504313, 36.44084190652753], [139.76581906928885, 36.4408022561435], [139.76554458814638, 36.44076260575946], [139.76527010700394, 36.44072295537543], [139.7649956258615, 36.440683304991396], [139.76472114471903, 36.440643654607356]]}}, {"type": "Feature", "properties": {"id": "北関東道-上り-1-65", "route": "北関東道", "direction": "上り", "from": "壬生PA（東行き）", "to": "都賀IC", "grade": 2.83, "elevation_start": 62.7, "elevation_end": 69.8, "quality": "estimated", "structure": "bridge", "chain_rank": 1, "cum_dist_start": 16250.0, "cum_dist_end": 16500.0, "anomaly": false}, "geometry": {"type": "LineString", "coordinates": [[139.76472114471903, 36.440643654607356], [139.7644466635766, 36.440604004223324], [139.76417218243415, 36.44056435383929], [139.7638977012917, 36.44052470345526], [139.76362322014924, 36.44048505307122], [139.7633487390068, 36.44044540268719], [139.76307435139375, 36.44040533857929], [139.76280005073266, 36.440364889842506], [139.76252575007157, 36.44032444110572], [139.76225144941048, 36.44028399236895], [139.76197714874942, 36.440243543632164]]}}, {"type": "Feature", "properties": {"id": "北関東道-上り-1-66", "route": "北関東道", "direction": "上り", "from": "壬生PA（東行き）", "to": "都賀IC", "grade": 2.83, "elevation_start": 69.8, "elevation_end": 76.8, "quality": "estimated", "structure": "bridge", "chain_rank": 1, "cum_dist_start": 16500.0, "cum_dist_end": 16750.0, "anomaly": false}, "geometry": {"type": "LineString", "coordinates": [[139.76197714874942, 36.440243543632164], [139.76170284808833, 36.44020309489538], [139.76142854742724, 36.440162646158605], [139.76115424676615, 36.44012219742182], [139.7608799461051, 36.44008174868504], [139.76060559056563, 36.440041549175135], [139.7603309004763, 36.440002869003415], [139.76005621038698, 36.43996418883169], [139.75978152029768, 36.43992550865997], [139.75950683020835, 36.43988682848824], [139.75923214011902, 36.43984814831652]]}}, {"type": "Feature", "properties": {"id": "北関東道-上り-1-67", "route": "北関東道", "direction": "上り", "from": "壬生PA（東行き）", "to": "都賀IC", "grade": 0.5, "elevation_start": 76.8, "elevation_end": 78.1, "quality": "estimated", "structure": "normal", "chain_rank": 1, "cum_dist_start": 16750.0, "cum_dist_end": 17000.0, "anomaly": false}, "geometry": {"type": "LineString", "coordinates": [[139.75923214011902, 36.43984814831652], [139.75895762183598, 36.43980868608591], [139.75868317051967, 36.43976891902393], [139.75840871920335, 36.439729151961956], [139.75813426788704, 36.43968938489998], [139.75785981657071, 36.439649617838], [139.7575853652544, 36.43960985077602], [139.7573109139381, 36.439570083714045], [139.75703646262178, 36.43953031665207], [139.75676187162844, 36.43949119066115], [139.75648715518386, 36.439452640449474]]}}, {"type": "Feature", "properties": {"id": "北関東道-上り-1-68", "route": "北関東道", "direction": "上り", "from": "都賀IC", "to": "栃木都賀JCT", "grade": -0.21, "elevation_start": 78.1, "elevation_end": 77.6, "quality": "estimated", "structure": "bridge", "chain_rank": 1, "cum_dist_start": 17000.0, "cum_dist_end": 17250.0, "anomaly": false}, "geometry": {"type": "LineString", "coordinates": [[139.75648715518386, 36.439452640449474], [139.75621324893353, 36.43941051188502], [139.75593960492085, 36.43936727502084], [139.75566611524272, 36.43932340048891], [139.75539262556458, 36.439279525956984], [139.75511933649906, 36.439234863642874], [139.75484671068466, 36.439187628246], [139.75457536984757, 36.43913577173313], [139.75430441756436, 36.43908263187189], [139.75403477039976, 36.43902535861815], [139.7537661375499, 36.43896499750945]]}}, {"type": "Feature", "properties": {"id": "北関東道-上り-1-69", "route": "北関東道", "direction": "上り", "from": "都賀IC", "to": "栃木都賀JCT", "grade": -0.23, "elevation_start": 77.6, "elevation_end": 77.0, "quality": "estimated", "structure": "bridge", "chain_rank": 1, "cum_dist_start": 17250.0, "cum_dist_end": 17500.0, "anomaly": false}, "geometry": {"type": "LineString", "coordinates": [[139.7537661375499, 36.43896499750945], [139.75349750470002, 36.43890463640076], [139.75322887185013, 36.438844275292055], [139.75296048336253, 36.43878323090208], [139.752693389242, 36.43871856722667], [139.7524262951215, 36.43865390355127], [139.75216040277195, 36.43858614433783], [139.75189544004647, 36.43851599058604], [139.751630477321, 36.43844583683425], [139.75136711501523, 36.438371866514466], [139.7511046162391, 36.43829594593634]]}}, {"type": "Feature", "properties": {"id": "北関東道-上り-1-70", "route": "北関東道", "direction": "上り", "from": "都賀IC", "to": "栃木都賀JCT", "grade": -0.23, "elevation_start": 77.0, "elevation_end": 76.4, "quality": "estimated", "structure": "bridge", "chain_rank": 1, "cum_dist_start": 17500.0, "cum_dist_end": 17750.0, "anomaly": false}, "geometry": {"type": "LineString", "coordinates": [[139.7511046162391, 36.43829594593634], [139.75084364556915, 36.43821662441957], [139.75058267489922, 36.43813730290279], [139.75032243057768, 36.43805650757492], [139.7500654011198, 36.43796918906666], [139.7498083716619, 36.437881870558414], [139.74955200584998, 36.43779329355977], [139.7492959712524, 36.43770408847004], [139.74904123197783, 36.437612519011694], [139.7487873444754, 36.43751939480337], [139.74853345697298, 36.43742627059505]]}}, {"type": "Feature", "properties": {"id": "北関東道-上り-1-71", "route": "北関東道", "direction": "上り", "from": "都賀IC", "to": "栃木都賀JCT", "grade": -0.23, "elevation_start": 76.4, "elevation_end": 75.8, "quality": "estimated", "structure": "bridge", "chain_rank": 1, "cum_dist_start": 17750.0, "cum_dist_end": 18000.0, "anomaly": false}, "geometry": {"type": "LineString", "coordinates": [[139.74853345697298, 36.43742627059505], [139.74828351675512, 36.43732648641711], [139.74803488271976, 36.43722453399008], [139.74778734487936, 36.4371208503771], [139.74753980703892, 36.437017166764115], [139.74729226919848, 36.43691348315113], [139.74704473135807, 36.436809799538146], [139.74680010779701, 36.43670176309526], [139.7465572269239, 36.436591123736484], [139.74631706138567, 36.436476751993936], [139.7460792710784, 36.43635911536001]]}}, {"type": "Feature", "properties": {"id": "北関東道-上り-1-72", "route": "北関東道", "direction": "上り", "from": "都賀IC", "to": "栃木都賀JCT", "grade": -0.4, "elevation_start": 75.8, "elevation_end": 74.8, "quality": "estimated", "structure": "normal", "chain_rank": 1, "cum_dist_start": 18000.0, "cum_dist_end": 18250.0, "anomaly": false}, "geometry": {"type": "LineString", "coordinates": [[139.7460792710784, 36.43635911536001], [139.74584148077113, 36.43624147872609], [139.74560560331255, 36.43612137215256], [139.74537065569137, 36.43600006493931], [139.7451357080702, 36.43587875772605], [139.74490114383696, 36.435756970708304], [139.74466749714972, 36.435634035394884], [139.74443385046249, 36.43551110008146], [139.74420020377525, 36.43538816476805], [139.74396872601434, 36.43526258208715], [139.74373727079947, 36.435136971886806]]}}, {"type": "Feature", "properties": {"id": "北関東道-上り-1-73", "route": "北関東道", "direction": "上り", "from": "都賀IC", "to": "栃木都賀JCT", "grade": -0.23, "elevation_start": 74.8, "elevation_end": 74.3, "quality": "estimated", "structure": "normal", "chain_rank": 1, "cum_dist_start": 18250.0, "cum_dist_end": 18500.0, "anomaly": false}, "geometry": {"type": "LineString", "coordinates": [[139.74373727079947, 36.435136971886806], [139.74350581558463, 36.43501136168646], [139.74327436036975, 36.434885751486114], [139.74304290515488, 36.43476014128577], [139.74281144994, 36.43463453108543], [139.74257999472516, 36.43450892088509], [139.7423485395103, 36.434383310684744], [139.74211512669743, 36.43426014143302], [139.74187876336572, 36.434140651212914], [139.74164240003404, 36.43402116099281], [139.74140603670233, 36.433901670772705]]}}, {"type": "Feature", "properties": {"id": "北関東道-上り-1-74", "route": "北関東道", "direction": "上り", "from": "都賀IC", "to": "栃木都賀JCT", "grade": -0.49, "elevation_start": 74.3, "elevation_end": 73.0, "quality": "estimated", "structure": "bridge", "chain_rank": 1, "cum_dist_start": 18500.0, "cum_dist_end": 18750.0, "anomaly": false}, "geometry": {"type": "LineString", "coordinates": [[139.74140603670233, 36.433901670772705], [139.74116967337062, 36.433782180552605], [139.74093331003894, 36.4336626903325], [139.74069351978085, 36.433547755629405], [139.7404534905172, 36.43343313864366], [139.74021346125355, 36.43331852165791], [139.7399734319899, 36.43320390467217], [139.739729401234, 36.43309497587421], [139.73948476310372, 36.432986910469026], [139.73923910364218, 36.432880395813285], [139.7389915728173, 36.43277672256242]]}}, {"type": "Feature", "properties": {"id": "北関東道-上り-1-75", "route": "北関東道", "direction": "上り", "from": "都賀IC", "to": "栃木都賀JCT", "grade": -0.28, "elevation_start": 73.0, "elevation_end": 72.3, "quality": "estimated", "structure": "normal", "chain_rank": 1, "cum_dist_start": 18750.0, "cum_dist_end": 19000.0, "anomaly": false}, "geometry": {"type": "LineString", "coordinates": [[139.7389915728173, 36.43277672256242], [139.73874404199245, 36.43267304931156], [139.73849651116757, 36.43256937606069], [139.73824896550332, 36.43246572628116], [139.73800003250756, 36.432364270830874], [139.73775109951183, 36.4322628153806], [139.73750160837798, 36.432162303448706], [139.73724759227662, 36.43206944086058], [139.73699357617525, 36.431976578272455], [139.7367395600739, 36.43188371568433], [139.7364855439725, 36.4317908530962]]}}, {"type": "Feature", "properties": {"id": "北関東道-上り-1-76", "route": "北関東道", "direction": "上り", "from": "都賀IC", "to": "栃木都賀JCT", "grade": -0.31, "elevation_start": 72.3, "elevation_end": 71.5, "quality": "measured", "structure": "normal", "chain_rank": 1, "cum_dist_start": 19000.0, "cum_dist_end": 19250.0, "anomaly": false}, "geometry": {"type": "LineString", "coordinates": [[139.7364855439725, 36.4317908530962], [139.7362303312534, 36.43170018884118], [139.73597401019066, 36.43161156074906], [139.7357176891279, 36.43152293265694], [139.73546136806516, 36.431434304564824], [139.73520305677985, 36.43134956190851], [139.73494426954085, 36.43126574843859], [139.7346854823018, 36.43118193496868], [139.73442669506278, 36.431098121498756], [139.73416790782377, 36.431014308028836], [139.73390912058474, 36.43093049455892]]}}, {"type": "Feature", "properties": {"id": "北関東道-上り-1-77", "route": "北関東道", "direction": "上り", "from": "都賀IC", "to": "栃木都賀JCT", "grade": -0.29, "elevation_start": 71.5, "elevation_end": 70.8, "quality": "measured", "structure": "normal", "chain_rank": 1, "cum_dist_start": 19250.0, "cum_dist_end": 19500.0, "anomaly": false}, "geometry": {"type": "LineString", "coordinates": [[139.73390912058474, 36.43093049455892], [139.73365033334574, 36.430846681089], [139.7333915461067, 36.43076286761908], [139.73313275886767, 36.43067905414917], [139.73287397162866, 36.430595240679246], [139.73261518438963, 36.43051142720933], [139.73235644530513, 36.43042751905483], [139.73209777823422, 36.430343469302485], [139.7318391111633, 36.43025941955014], [139.7315804440924, 36.430175369797794], [139.7313217770215, 36.43009132004545]]}}, {"type": "Feature", "properties": {"id": "北関東道-上り-1-78", "route": "北関東道", "direction": "上り", "from": "都賀IC", "to": "栃木都賀JCT", "grade": -0.14, "elevation_start": 70.8, "elevation_end": 70.5, "quality": "measured", "structure": "normal", "chain_rank": 1, "cum_dist_start": 19500.0, "cum_dist_end": 19750.0, "anomaly": false}, "geometry": {"type": "LineString", "coordinates": [[139.7313217770215, 36.43009132004545], [139.73106310995058, 36.4300072702931], [139.73080444287967, 36.42992322054076], [139.73054577580876, 36.42983917078841], [139.73028710873785, 36.429755121036074], [139.7300285854802, 36.42967078830986], [139.72977011079695, 36.42958636000637], [139.72951163611367, 36.42950193170287], [139.72925316143042, 36.429417503399385], [139.72899468674714, 36.42933307509589], [139.7287362120639, 36.429248646792395]]}}, {"type": "Feature", "properties": {"id": "北関東道-上り-1-79", "route": "北関東道", "direction": "上り", "from": "都賀IC", "to": "栃木都賀JCT", "grade": -0.03, "elevation_start": 70.5, "elevation_end": 70.4, "quality": "estimated", "structure": "normal", "chain_rank": 1, "cum_dist_start": 19750.0, "cum_dist_end": 20000.0, "anomaly": false}, "geometry": {"type": "LineString", "coordinates": [[139.7287362120639, 36.429248646792395], [139.72847773738064, 36.4291642184889], [139.72821926269737, 36.429079790185405], [139.72796078801412, 36.42899536188191], [139.72770231333084, 36.428910933578415], [139.7274438386476, 36.42882650527492], [139.7271853639643, 36.428742076971425], [139.72692688928106, 36.42865764866793], [139.7266684145978, 36.428573220364434], [139.72640993991453, 36.42848879206094], [139.72615146523128, 36.428404363757444]]}}, {"type": "Feature", "properties": {"id": "北関東道-上り-1-80", "route": "北関東道", "direction": "上り", "from": "都賀IC", "to": "栃木都賀JCT", "grade": 0.0, "elevation_start": 70.4, "elevation_end": 70.4, "quality": "estimated", "structure": "bridge", "chain_rank": 1, "cum_dist_start": 20000.0, "cum_dist_end": 20250.0, "anomaly": false}, "geometry": {"type": "LineString", "coordinates": [[139.72615146523128, 36.428404363757444], [139.7258928829108, 36.42832015517196], [139.72563315874916, 36.4282382770894], [139.72537437333224, 36.428154479583796], [139.7251155879153, 36.42807068207819], [139.72485680249835, 36.42798688457259], [139.72459801708143, 36.42790308706699], [139.7243392316645, 36.42781928956139], [139.72408111372735, 36.42773420631943], [139.72382577928116, 36.42764376136377], [139.723570444835, 36.42755331640811]]}}, {"type": "Feature", "properties": {"id": "北関東道-上り-2-0", "route": "北関東道", "direction": "上り", "from": null, "to": "波志江PA（西行き）;波志江スマートIC", "grade": -0.06, "elevation_start": 95.0, "elevation_end": 94.8, "quality": "estimated", "structure": "normal", "chain_rank": 2, "cum_dist_start": 0.0, "cum_dist_end": 250.0, "anomaly": false}, "geometry": {"type": "LineString", "coordinates": [[139.2165599, 36.3551991], [139.21628526811688, 36.35523665140236], [139.21601063623376, 36.355274202804715], [139.21573579458024, 36.35531070323217], [139.21546049819275, 36.3553449253877], [139.21518520180524, 36.35537914754322], [139.21490990541776, 36.355413369698745], [139.21463375793735, 36.35544257490685], [139.2143572373395, 36.35546958069527], [139.21408071674168, 36.35549658648368], [139.21380419614383, 36.3555235922721]]}}, {"type": "Feature", "properties": {"id": "北関東道-上り-2-1", "route": "北関東道", "direction": "上り", "from": null, "to": "波志江PA（西行き）;波志江スマートIC", "grade": -0.22, "elevation_start": 94.8, "elevation_end": 94.3, "quality": "estimated", "structure": "bridge", "chain_rank": 2, "cum_dist_start": 250.0, "cum_dist_end": 500.0, "anomaly": false}, "geometry": {"type": "LineString", "coordinates": [[139.21380419614383, 36.3555235922721], [139.21352770227767, 36.35555077770914], [139.2132512244013, 36.35557807060464], [139.2129747465249, 36.35560536350014], [139.21269820786623, 36.355632203131734], [139.21242092327486, 36.355653480217796], [139.21214363868353, 36.35567475730385], [139.21186640364644, 36.35569645079462], [139.21158920384974, 36.35571844041091], [139.21131192572858, 36.355739747291196], [139.21103445384378, 36.35575936517946]]}}, {"type": "Feature", "properties": {"id": "北関東道-上り-2-2", "route": "北関東道", "direction": "上り", "from": null, "to": "波志江PA（西行き）;波志江スマートIC", "grade": -0.22, "elevation_start": 94.3, "elevation_end": 93.7, "quality": "estimated", "structure": "bridge", "chain_rank": 2, "cum_dist_start": 500.0, "cum_dist_end": 750.0, "anomaly": false}, "geometry": {"type": "LineString", "coordinates": [[139.21103445384378, 36.35575936517946], [139.21075697529326, 36.35577891538993], [139.21047916204094, 36.3557950673232], [139.21020130618717, 36.355810723124996], [139.20992339628216, 36.355825749451604], [139.20964548637718, 36.35584077577821], [139.20936752598075, 36.355855111846076], [139.20908936335292, 36.355866683245594], [139.20881120072508, 36.35587825464511], [139.20853299325347, 36.35588903155493], [139.20825468346212, 36.355897995682355]]}}, {"type": "Feature", "properties": {"id": "北関東道-上り-2-3", "route": "北関東道", "direction": "上り", "from": null, "to": "波志江PA（西行き）;波志江スマートIC", "grade": -0.36, "elevation_start": 93.7, "elevation_end": 92.8, "quality": "estimated", "structure": "bridge", "chain_rank": 2, "cum_dist_start": 750.0, "cum_dist_end": 1000.0, "anomaly": false}, "geometry": {"type": "LineString", "coordinates": [[139.20825468346212, 36.355897995682355], [139.20797637367073, 36.35590695980977], [139.20769801285527, 36.35591470919768], [139.2074195921538, 36.35592103286786], [139.20714117145232, 36.35592735653805], [139.20686275075084, 36.35593368020823], [139.2065842704537, 36.355937000055235], [139.20630574219615, 36.355937902536425], [139.20602721393863, 36.355938805017615], [139.20574868568107, 36.355939707498806], [139.20547015727854, 36.35594057558825]]}}, {"type": "Feature", "properties": {"id": "北関東道-上り-2-4", "route": "北関東道", "direction": "上り", "from": null, "to": "波志江PA（西行き）;波志江スマートIC", "grade": -1.06, "elevation_start": 92.8, "elevation_end": 90.2, "quality": "measured", "structure": "normal", "chain_rank": 2, "cum_dist_start": 1000.0, "cum_dist_end": 1250.0, "anomaly": false}, "geometry": {"type": "LineString", "coordinates": [[139.20547015727854, 36.35594057558825], [139.20519162783103, 36.35594119585531], [139.20491309838354, 36.35594181612237], [139.20463456893603, 36.355942436389434], [139.20435609675891, 36.35593865452602], [139.20407764510057, 36.35593329547039], [139.20379919344222, 36.35592793641477], [139.20352074178388, 36.355922577359145], [139.20324239346002, 36.35591466932821], [139.2029641055583, 36.35590527085017], [139.20268581765654, 36.355895872372145]]}}, {"type": "Feature", "properties": {"id": "北関東道-上り-2-5", "route": "北関東道", "direction": "上り", "from": null, "to": "波志江PA（西行き）;波志江スマートIC", "grade": 0.14, "elevation_start": 90.2, "elevation_end": 90.6, "quality": "estimated", "structure": "normal", "chain_rank": 2, "cum_dist_start": 1250.0, "cum_dist_end": 1500.0, "anomaly": false}, "geometry": {"type": "LineString", "coordinates": [[139.20268581765654, 36.355895872372145], [139.20240752975482, 36.35588647389411], [139.202129413203, 36.35587429983328], [139.2018513513395, 36.35586123991281], [139.20157328947602, 36.355848179992336], [139.20129550353573, 36.35583181287103], [139.20101779221312, 36.35581455138619], [139.2007400808905, 36.35579728990134], [139.20046236956793, 36.35578002841649], [139.20018489401795, 36.3557604667117], [139.19990745706784, 36.3557405284232]]}}, {"type": "Feature", "properties": {"id": "北関東道-上り-2-6", "route": "北関東道", "direction": "上り", "from": null, "to": "波志江PA（西行き）;波志江スマートIC", "grade": 0.69, "elevation_start": 90.6, "elevation_end": 92.3, "quality": "estimated", "structure": "bridge", "chain_rank": 2, "cum_dist_start": 1500.0, "cum_dist_end": 1750.0, "anomaly": false}, "geometry": {"type": "LineString", "coordinates": [[139.19990745706784, 36.3557405284232], [139.1996300201177, 36.355720590134695], [139.1993536369488, 36.35569270375518], [139.19907728033746, 36.355664617066935], [139.19880092372608, 36.35563653037869], [139.1985245671147, 36.35560844369044], [139.1982487265758, 36.35557732155084], [139.19797325148045, 36.355544049933606], [139.1976977763851, 36.35551077831638], [139.19742208307645, 36.355478712419455], [139.1971470434133, 36.35544321436321]]}}, {"type": "Feature", "properties": {"id": "北関東道-上り-2-7", "route": "北関東道", "direction": "上り", "from": null, "to": "波志江PA（西行き）;波志江スマートIC", "grade": 0.21, "elevation_start": 92.3, "elevation_end": 92.8, "quality": "estimated", "structure": "normal", "chain_rank": 2, "cum_dist_start": 1750.0, "cum_dist_end": 2000.0, "anomaly": false}, "geometry": {"type": "LineString", "coordinates": [[139.1971470434133, 36.35544321436321], [139.19687219724153, 36.35540670022764], [139.19659735106976, 36.35537018609207], [139.19632335930658, 36.35532971300384], [139.1960495300437, 36.35528851161046], [139.1957762890886, 36.35524482301554], [139.1955030481335, 36.35520113442062], [139.19523049312383, 36.35515476441172], [139.1949582459944, 36.35510719087512], [139.19468599886497, 36.355059617338505], [139.1944148426988, 36.35500818059526]]}}, {"type": "Feature", "properties": {"id": "北関東道-上り-2-8", "route": "北関東道", "direction": "上り", "from": "波志江PA（西行き）;波志江スマートIC", "to": "波志江スマートIC", "grade": -0.96, "elevation_start": 92.8, "elevation_end": 90.4, "quality": "measured", "structure": "normal", "chain_rank": 2, "cum_dist_start": 2000.0, "cum_dist_end": 2250.0, "anomaly": false}, "geometry": {"type": "LineString", "coordinates": [[139.1944148426988, 36.35500818059526], [139.19414405116424, 36.354955452656], [139.19387325962973, 36.35490272471674], [139.19360313121982, 36.354847830246186], [139.1933331841895, 36.35479234318038], [139.19306323715918, 36.35473685611457], [139.1927943185624, 36.3546782725702], [139.19252632373536, 36.35461690767617], [139.1922583289083, 36.35455554278213], [139.19199033408125, 36.3544941778881], [139.19172233925423, 36.35443281299407]]}}, {"type": "Feature", "properties": {"id": "北関東道-上り-2-9", "route": "北関東道", "direction": "上り", "from": "波志江PA（西行き）;波志江スマートIC", "to": "波志江スマートIC", "grade": -0.37, "elevation_start": 90.4, "elevation_end": 89.5, "quality": "measured", "structure": "normal", "chain_rank": 2, "cum_dist_start": 2250.0, "cum_dist_end": 2500.0, "anomaly": false}, "geometry": {"type": "LineString", "coordinates": [[139.19172233925423, 36.35443281299407], [139.19145539880213, 36.35436852784756], [139.19118867134435, 36.354303652780864], [139.19092194388656, 36.35423877771417], [139.1906571789542, 36.35416886759277], [139.19039266969926, 36.354098301505566], [139.19012827643843, 36.35402745382944], [139.1898642440522, 36.353955730089275], [139.18960018974818, 36.35388405989251], [139.1893360750296, 36.353812537283765], [139.189071960311, 36.35374101467502]]}}, {"type": "Feature", "properties": {"id": "北関東道-上り-2-10", "route": "北関東道", "direction": "上り", "from": "波志江PA (東行き)", "to": "波志江PA（東行き）;波志江スマートIC", "grade": -0.07, "elevation_start": 89.5, "elevation_end": 89.3, "quality": "measured", "structure": "normal", "chain_rank": 2, "cum_dist_start": 2500.0, "cum_dist_end": 2750.0, "anomaly": false}, "geometry": {"type": "LineString", "coordinates": [[139.189071960311, 36.35374101467502], [139.18880784559238, 36.35366949206628], [139.1885437308738, 36.35359796945753], [139.18827961615517, 36.35352644684879], [139.18801550143658, 36.35345492424005], [139.18775149080537, 36.3533831525543], [139.18748754452287, 36.3533112268846], [139.18722336396002, 36.3532398782017], [139.18695812134305, 36.35317114515052], [139.18669287872606, 36.35310241209935], [139.18642704175684, 36.35303520989083]]}}, {"type": "Feature", "properties": {"id": "北関東道-上り-2-11", "route": "北関東道", "direction": "上り", "from": "波志江PA（東行き）;波志江スマートIC", "to": "駒形IC", "grade": -0.2, "elevation_start": 89.3, "elevation_end": 88.8, "quality": "measured", "structure": "normal", "chain_rank": 2, "cum_dist_start": 2750.0, "cum_dist_end": 3000.0, "anomaly": false}, "geometry": {"type": "LineString", "coordinates": [[139.18642704175684, 36.35303520989083], [139.1861608732386, 36.352968861636036], [139.18589423630866, 36.35290378481484], [139.18562660779816, 36.35284139949097], [139.18535897928763, 36.352779014167105], [139.18509135077713, 36.35271662884324], [139.1848221838568, 36.35265878922391], [139.18455260292424, 36.35260217293083], [139.18428302199172, 36.35254555663774], [139.1840116411634, 36.35249488184182], [139.18374025213916, 36.352444234100936]]}}, {"type": "Feature", "properties": {"id": "北関東道-上り-2-12", "route": "北関東道", "direction": "上り", "from": "波志江PA（東行き）;波志江スマートIC", "to": "駒形IC", "grade": -0.37, "elevation_start": 88.8, "elevation_end": 87.9, "quality": "measured", "structure": "normal", "chain_rank": 2, "cum_dist_start": 3000.0, "cum_dist_end": 3250.0, "anomaly": false}, "geometry": {"type": "LineString", "coordinates": [[139.18374025213916, 36.352444234100936], [139.18346886311488, 36.35239358636005], [139.18319649844977, 36.3523465366608], [139.18292382798785, 36.35230061470193], [139.18265115752595, 36.35225469274307], [139.18237751772494, 36.35221272878081], [139.18210380549456, 36.35217106056155], [139.1818292284072, 36.352133351937354], [139.18155444068978, 36.35209660764554], [139.18127896885366, 36.35206343714339], [139.18100331542135, 36.35203121528743]]}}, {"type": "Feature", "properties": {"id": "北関東道-上り-2-13", "route": "北関東道", "direction": "上り", "from": "波志江PA（東行き）;波志江スマートIC", "to": "駒形IC", "grade": -0.35, "elevation_start": 87.9, "elevation_end": 87.0, "quality": "measured", "structure": "normal", "chain_rank": 2, "cum_dist_start": 3250.0, "cum_dist_end": 3500.0, "anomaly": false}, "geometry": {"type": "LineString", "coordinates": [[139.18100331542135, 36.35203121528743], [139.18072727078228, 36.35200128688378], [139.18045107813398, 36.351972264656], [139.18017440813523, 36.35194636666506], [139.1798977381365, 36.351920468674116], [139.17962087506825, 36.35189601391758], [139.17934376372673, 36.3518734150551], [139.17906638508413, 36.35185320071013], [139.17878876967072, 36.35183509853068], [139.17851101213927, 36.35181856732266], [139.1782330977078, 36.35180377048582]]}}, {"type": "Feature", "properties": {"id": "北関東道-上り-2-14", "route": "北関東道", "direction": "上り", "from": "波志江PA（東行き）;波志江スマートIC", "to": "駒形IC", "grade": -1.06, "elevation_start": 87.0, "elevation_end": 84.4, "quality": "estimated", "structure": "normal", "chain_rank": 2, "cum_dist_start": 3500.0, "cum_dist_end": 3750.0, "anomaly": false}, "geometry": {"type": "LineString", "coordinates": [[139.1782330977078, 36.35180377048582], [139.1779551832763, 36.35178897364898], [139.1776771227822, 36.351776099458206], [139.17739906155742, 36.35176323488498], [139.1771209291142, 36.351751552075584], [139.1768426405282, 36.35174246022284], [139.17656435194223, 36.351733368370084], [139.17628606335626, 36.35172427651733], [139.17600777477028, 36.351715184664585], [139.1757294861843, 36.35170609281183], [139.17545119759833, 36.351697000959085]]}}, {"type": "Feature", "properties": {"id": "北関東道-上り-2-15", "route": "北関東道", "direction": "上り", "from": "波志江PA（東行き）;波志江スマートIC", "to": "駒形IC", "grade": -0.49, "elevation_start": 84.4, "elevation_end": 83.2, "quality": "estimated", "structure": "bridge", "chain_rank": 2, "cum_dist_start": 3750.0, "cum_dist_end": 4000.0, "anomaly": false}, "geometry": {"type": "LineString", "coordinates": [[139.17545119759833, 36.351697000959085], [139.17517290901236, 36.35168790910633], [139.17489461495876, 36.351678930233184], [139.17461632006652, 36.35166996868958], [139.17433802019931, 36.35166111293784], [139.1740597191938, 36.35165228139252], [139.17378141818827, 36.351643449847195], [139.17350311718275, 36.35163461830187], [139.17322481617722, 36.35162578675654], [139.1729465151717, 36.35161695521122], [139.17266821416615, 36.3516081236659]]}}, {"type": "Feature", "properties": {"id": "北関東道-上り-2-16", "route": "北関東道", "direction": "上り", "from": "波志江PA（東行き）;波志江スマートIC", "to": "駒形IC", "grade": -0.25, "elevation_start": 83.2, "elevation_end": 82.5, "quality": "measured", "structure": "normal", "chain_rank": 2, "cum_dist_start": 4000.0, "cum_dist_end": 4250.0, "anomaly": false}, "geometry": {"type": "LineString", "coordinates": [[139.17266821416615, 36.3516081236659], [139.17238991316063, 36.35159929212057], [139.1721116121551, 36.351590460575245], [139.17183331114958, 36.35158162902992], [139.17155501014406, 36.3515727974846], [139.17127670913854, 36.35156396593927], [139.17099840813302, 36.35155513439395], [139.17072010584255, 36.35154633597397], [139.17044180316748, 36.351537547468446], [139.17016350049244, 36.351528758962914], [139.16988519781736, 36.35151997045739]]}}, {"type": "Feature", "properties": {"id": "北関東道-上り-2-17", "route": "北関東道", "direction": "上り", "from": "波志江PA（東行き）;波志江スマートIC", "to": "駒形IC", "grade": -0.49, "elevation_start": 82.5, "elevation_end": 81.3, "quality": "measured", "structure": "normal", "chain_rank": 2, "cum_dist_start": 4250.0, "cum_dist_end": 4500.0, "anomaly": false}, "geometry": {"type": "LineString", "coordinates": [[139.16988519781736, 36.35151997045739], [139.16960689514232, 36.35151118195186], [139.16932859246728, 36.35150239344633], [139.1690502897922, 36.351493604940806], [139.16877198711717, 36.351484816435274], [139.1684936844421, 36.35147602792975], [139.16821538176706, 36.35146723942422], [139.16793707909198, 36.35145845091869], [139.16765877641694, 36.35144966241317], [139.1673804737419, 36.351440873907634], [139.1671021748311, 36.35143201277434]]}}, {"type": "Feature", "properties": {"id": "北関東道-上り-2-18", "route": "北関東道", "direction": "上り", "from": "波志江PA（東行き）;波志江スマートIC", "to": "駒形IC", "grade": -0.29, "elevation_start": 81.3, "elevation_end": 80.6, "quality": "estimated", "structure": "normal", "chain_rank": 2, "cum_dist_start": 4500.0, "cum_dist_end": 4750.0, "anomaly": false}, "geometry": {"type": "LineString", "coordinates": [[139.1671021748311, 36.35143201277434], [139.16682387982354, 36.35142307633161], [139.166545584816, 36.35141413988888], [139.16626728980845, 36.35140520344615], [139.16598899480087, 36.35139626700342], [139.16571069979332, 36.35138733056069], [139.16543240478578, 36.351378394117965], [139.16515410977823, 36.35136945767523], [139.16487581477065, 36.3513605212325], [139.1645975197631, 36.351351584789775], [139.16431922475556, 36.35134264834704]]}}, {"type": "Feature", "properties": {"id": "北関東道-上り-2-19", "route": "北関東道", "direction": "上り", "from": "波志江PA（東行き）;波志江スマートIC", "to": "駒形IC", "grade": -0.36, "elevation_start": 80.6, "elevation_end": 79.7, "quality": "estimated", "structure": "bridge", "chain_rank": 2, "cum_dist_start": 4750.0, "cum_dist_end": 5000.0, "anomaly": false}, "geometry": {"type": "LineString", "coordinates": [[139.16431922475556, 36.35134264834704], [139.164040929748, 36.35133371190432], [139.16376263474046, 36.351324775461585], [139.1634843397329, 36.35131583901886], [139.16320604472534, 36.35130690257613], [139.1629277497178, 36.351297966133394], [139.16264944979676, 36.3512891353366], [139.16237111727014, 36.35128100560269], [139.16209281091076, 36.35127231768481], [139.16181451202243, 36.35126347039983], [139.16153621313407, 36.35125462311485]]}}, {"type": "Feature", "properties": {"id": "北関東道-上り-2-20", "route": "北関東道", "direction": "上り", "from": "波志江PA（東行き）;波志江スマートIC", "to": "駒形IC", "grade": -0.36, "elevation_start": 79.7, "elevation_end": 78.8, "quality": "estimated", "structure": "bridge", "chain_rank": 2, "cum_dist_start": 5000.0, "cum_dist_end": 5250.0, "anomaly": false}, "geometry": {"type": "LineString", "coordinates": [[139.16153621313407, 36.35125462311485], [139.16125791424574, 36.35124577582986], [139.16097961535738, 36.35123692854488], [139.16070131646904, 36.3512280812599], [139.16042301758068, 36.351219233974916], [139.16014471869235, 36.351210386689935], [139.159866419804, 36.351201539404954], [139.15958812091566, 36.35119269211997], [139.1593098220273, 36.35118384483499], [139.15903152181718, 36.351175028391744], [139.15875322120974, 36.3511662212196]]}}, {"type": "Feature", "properties": {"id": "北関東道-上り-2-21", "route": "北関東道", "direction": "上り", "from": "波志江PA（東行き）;波志江スマートIC", "to": "駒形IC", "grade": -0.28, "elevation_start": 78.8, "elevation_end": 78.1, "quality": "estimated", "structure": "bridge", "chain_rank": 2, "cum_dist_start": 5250.0, "cum_dist_end": 5500.0, "anomaly": false}, "geometry": {"type": "LineString", "coordinates": [[139.15875322120974, 36.3511662212196], [139.1584749206023, 36.35115741404746], [139.15819662435376, 36.35114852001567], [139.15791833336027, 36.35113952126728], [139.15764004236678, 36.35113052251889], [139.1573617513733, 36.35112152377051], [139.1570834603798, 36.35111252502212], [139.15680516938627, 36.35110352627373], [139.15652687839278, 36.35109452752534], [139.1562485873993, 36.351085528776956], [139.1559702964058, 36.35107653002857]]}}, {"type": "Feature", "properties": {"id": "北関東道-上り-2-22", "route": "北関東道", "direction": "上り", "from": "波志江PA（東行き）;波志江スマートIC", "to": "駒形IC", "grade": 0.39, "elevation_start": 78.1, "elevation_end": 79.1, "quality": "measured", "structure": "normal", "chain_rank": 2, "cum_dist_start": 5500.0, "cum_dist_end": 5750.0, "anomaly": false}, "geometry": {"type": "LineString", "coordinates": [[139.1559702964058, 36.35107653002857], [139.1556920054123, 36.35106753128018], [139.1554137144188, 36.351058532531795], [139.15513542342532, 36.35104953378341], [139.1548571372004, 36.351040441895925], [139.15457886804512, 36.351031016608], [139.15430059888982, 36.35102159132007], [139.15402232973454, 36.35101216603214], [139.15374419109486, 36.35100074042358], [139.15346624069196, 36.35098642984195], [139.15318829028908, 36.35097211926033]]}}, {"type": "Feature", "properties": {"id": "北関東道-上り-2-23", "route": "北関東道", "direction": "上り", "from": "波志江PA（東行き）;波志江スマートIC", "to": "駒形IC", "grade": -2.08, "elevation_start": 79.1, "elevation_end": 73.9, "quality": "measured", "structure": "normal", "chain_rank": 2, "cum_dist_start": 5750.0, "cum_dist_end": 6000.0, "anomaly": false}, "geometry": {"type": "LineString", "coordinates": [[139.15318829028908, 36.35097211926033], [139.15291033988618, 36.35095780867871], [139.1526327855958, 36.35093937480711], [139.1523554381135, 36.35091878818987], [139.15207846169028, 36.35089530106432], [139.15180177854677, 36.350869521419156], [139.15152561325945, 36.35084061135537], [139.15125028433002, 36.350806645543514], [139.1509756404284, 36.35076931669755], [139.1507017742469, 36.350728383010285], [139.15042839991992, 36.35068530953773]]}}, {"type": "Feature", "properties": {"id": "北関東道-上り-2-24", "route": "北関東道", "direction": "上り", "from": "波志江PA（東行き）;波志江スマートIC", "to": "駒形IC", "grade": 0.37, "elevation_start": 73.9, "elevation_end": 74.8, "quality": "estimated", "structure": "bridge", "chain_rank": 2, "cum_dist_start": 6000.0, "cum_dist_end": 6250.0, "anomaly": false}, "geometry": {"type": "LineString", "coordinates": [[139.15042839991992, 36.35068530953773], [139.1501560940745, 36.35063821798854], [139.1498853992393, 36.35058525832725], [139.14961568028895, 36.35052909622205], [139.14934658112068, 36.35047104508711], [139.14907831077355, 36.35041058556237], [139.14881275804157, 36.35034266472388], [139.1485484453952, 36.35027165955647], [139.1482842928144, 36.35020025627554], [139.14802337983778, 36.35012150525215], [139.14776297956203, 36.35004159137259]]}}, {"type": "Feature", "properties": {"id": "北関東道-上り-2-25", "route": "北関東道", "direction": "上り", "from": "波志江PA（東行き）;波志江スマートIC", "to": "駒形IC", "grade": 0.37, "elevation_start": 74.8, "elevation_end": 75.7, "quality": "estimated", "structure": "normal", "chain_rank": 2, "cum_dist_start": 6250.0, "cum_dist_end": 6500.0, "anomaly": false}, "geometry": {"type": "LineString", "coordinates": [[139.14776297956203, 36.35004159137259], [139.14750499850962, 36.34995677121161], [139.14724808023664, 36.349869795691575], [139.14699271541676, 36.34977996702317], [139.14673994426175, 36.34968537470232], [139.14648879255438, 36.34958808932603], [139.14624074683306, 36.34948563885966], [139.14599270111174, 36.34938318839329], [139.14574811504167, 36.34927552979701], [139.145505593501, 36.349164763275496], [139.14526689075313, 36.349048734527685]]}}, {"type": "Feature", "properties": {"id": "北関東道-上り-2-26", "route": "北関東道", "direction": "上り", "from": "波志江PA（東行き）;波志江スマートIC", "to": "駒形IC", "grade": 0.37, "elevation_start": 75.7, "elevation_end": 76.7, "quality": "estimated", "structure": "bridge", "chain_rank": 2, "cum_dist_start": 6500.0, "cum_dist_end": 6750.0, "anomaly": false}, "geometry": {"type": "LineString", "coordinates": [[139.14526689075313, 36.349048734527685], [139.14502910581962, 36.34893144104855], [139.14479416194453, 36.348810471649735], [139.1445609787965, 36.34868733943294], [139.1443328779274, 36.348558073167965], [139.1441062867271, 36.3484271089152], [139.14388219359745, 36.34829333497761], [139.1436581004678, 36.34815956104003], [139.1434407288954, 36.34801881573786], [139.14322575393592, 36.34787558475242], [139.14301406291756, 36.34772920377383]]}}, {"type": "Feature", "properties": {"id": "北関東道-上り-2-27", "route": "北関東道", "direction": "上り", "from": "駒形IC", "to": "前橋南IC", "grade": 0.37, "elevation_start": 76.7, "elevation_end": 77.6, "quality": "estimated", "structure": "bridge", "chain_rank": 2, "cum_dist_start": 6750.0, "cum_dist_end": 7000.0, "anomaly": false}, "geometry": {"type": "LineString", "coordinates": [[139.14301406291756, 36.34772920377383], [139.14280323773977, 36.347581992271245], [139.14259619356363, 36.34743132542776], [139.14239161433855, 36.34727848597023], [139.14219090587721, 36.34712229555108], [139.14199723305777, 36.34696047774772], [139.14180643398066, 36.34679636141176], [139.14161532154944, 36.346632484280924], [139.14142833540544, 36.34646553407057], [139.14124507940053, 36.346295979414855], [139.1410676650918, 36.34612231632236]]}}, {"type": "Feature", "properties": {"id": "北関東道-上り-2-28", "route": "北関東道", "direction": "上り", "from": "駒形IC", "to": "前橋南IC", "grade": 0.37, "elevation_start": 77.6, "elevation_end": 78.6, "quality": "estimated", "structure": "bridge", "chain_rank": 2, "cum_dist_start": 7000.0, "cum_dist_end": 7250.0, "anomaly": false}, "geometry": {"type": "LineString", "coordinates": [[139.1410676650918, 36.34612231632236], [139.1408907140913, 36.345948343873886], [139.14071668737017, 36.34577246423717], [139.14054540709486, 36.345594818238716], [139.14037492513762, 36.34541668321705], [139.14021504414941, 36.34523221379037], [139.14005656926446, 36.345046966607576], [139.1399020746252, 36.34485951783656], [139.13974952707767, 36.34467105174474], [139.13960185055123, 36.34448004063102], [139.13945477691087, 36.3442887284411]]}}, {"type": "Feature", "properties": {"id": "北関東道-上り-2-29", "route": "北関東道", "direction": "上り", "from": "駒形IC", "to": "前橋南IC", "grade": 0.37, "elevation_start": 78.6, "elevation_end": 79.5, "quality": "estimated", "structure": "bridge", "chain_rank": 2, "cum_dist_start": 7250.0, "cum_dist_end": 7500.0, "anomaly": false}, "geometry": {"type": "LineString", "coordinates": [[139.13945477691087, 36.3442887284411], [139.13930983764666, 36.34409635036186], [139.13916557923974, 36.343903639047554], [139.13902209974768, 36.343710546505456], [139.1388786202556, 36.343517453963365], [139.1387341327363, 36.34332485535117], [139.1385892235059, 36.34313246337596], [139.13844431427552, 36.342940071400754], [139.1382975259636, 36.34274863932188], [139.13814513502987, 36.34256006924561], [139.13799274409612, 36.342371499169325]]}}, {"type": "Feature", "properties": {"id": "北関東道-上り-2-30", "route": "北関東道", "direction": "上り", "from": "駒形IC", "to": "前橋南IC", "grade": 0.37, "elevation_start": 79.5, "elevation_end": 80.4, "quality": "estimated", "structure": "bridge", "chain_rank": 2, "cum_dist_start": 7500.0, "cum_dist_end": 7750.0, "anomaly": false}, "geometry": {"type": "LineString", "coordinates": [[139.13799274409612, 36.342371499169325], [139.13783432433127, 36.34218623504243], [139.1376742865945, 36.34200185814114], [139.1375102321135, 36.34181984696469], [139.13734253717715, 36.34163997989185], [139.1371713014265, 36.34146239209429], [139.13699235171663, 36.34128976988798], [139.13681340200677, 36.341117147681665], [139.1366276242714, 36.34094935747654], [139.13643998708812, 36.34078288315029], [139.13625234990485, 36.34061640882405]]}}, {"type": "Feature", "properties": {"id": "北関東道-上り-2-31", "route": "北関東道", "direction": "上り", "from": "駒形IC", "to": "前橋南IC", "grade": 0.36, "elevation_start": 80.4, "elevation_end": 81.3, "quality": "estimated", "structure": "bridge", "chain_rank": 2, "cum_dist_start": 7750.0, "cum_dist_end": 8000.0, "anomaly": false}, "geometry": {"type": "LineString", "coordinates": [[139.13625234990485, 36.34061640882405], [139.13605460500114, 36.3404578487845], [139.13585509838612, 36.34030066815471], [139.13565205885425, 36.34014653783752], [139.13544525637744, 36.339995656438624], [139.13523845390063, 36.33984477503974], [139.13502216505879, 36.33970290687543], [139.1348051100689, 36.33956176664772], [139.13458554176836, 36.33942319515598], [139.13436400240315, 36.339286773135456], [139.13413640895158, 36.339156954176175]]}}, {"type": "Feature", "properties": {"id": "北関東道-上り-2-32", "route": "北関東道", "direction": "上り", "from": "駒形IC", "to": "前橋南IC", "grade": 0.23, "elevation_start": 81.3, "elevation_end": 81.9, "quality": "measured", "structure": "normal", "chain_rank": 2, "cum_dist_start": 8000.0, "cum_dist_end": 8250.0, "anomaly": false}, "geometry": {"type": "LineString", "coordinates": [[139.13413640895158, 36.339156954176175], [139.1339088155, 36.33902713521689], [139.13367358661517, 36.338906593911496], [139.13343777976237, 36.338786754882804], [139.1331994986545, 36.338670215546024], [139.13295921844957, 36.338556342225544], [139.13271567370003, 36.338447164122776], [139.13247063553624, 36.33834013391684], [139.13222110225462, 36.338240134278514], [139.1319712003309, 36.33814076463815], [139.13171725546573, 36.338048320336775]]}}, {"type": "Feature", "properties": {"id": "北関東道-上り-2-33", "route": "北関東道", "direction": "上り", "from": "駒形IC", "to": "前橋南IC", "grade": 0.2, "elevation_start": 81.9, "elevation_end": 82.4, "quality": "measured", "structure": "normal", "chain_rank": 2, "cum_dist_start": 8250.0, "cum_dist_end": 8500.0, "anomaly": false}, "geometry": {"type": "LineString", "coordinates": [[139.13171725546573, 36.338048320336775], [139.13146331060057, 36.3379558760354], [139.13120694023354, 36.33786800157308], [139.1309492312194, 36.33778264922865], [139.13069152220527, 36.33769729688422], [139.13042880199123, 36.33762268959219], [139.13016564819122, 36.33754901199845], [139.1299024943912, 36.3374753344047], [139.1296374810936, 36.33740615918449], [139.12937164865374, 36.33733913945409], [139.12910435678, 36.337275963282906]]}}, {"type": "Feature", "properties": {"id": "北関東道-上り-2-34", "route": "北関東道", "direction": "上り", "from": "駒形IC", "to": "前橋南IC", "grade": -0.17, "elevation_start": 82.4, "elevation_end": 82.0, "quality": "estimated", "structure": "bridge", "chain_rank": 2, "cum_dist_start": 8500.0, "cum_dist_end": 8750.0, "anomaly": false}, "geometry": {"type": "LineString", "coordinates": [[139.12910435678, 36.337275963282906], [139.12883575455365, 36.337216705593306], [139.1285655593241, 36.33716221162438], [139.12829498975495, 36.33710897280949], [139.12802382231513, 36.33705773864429], [139.12775168864994, 36.337010170437054], [139.12747828076726, 36.33696743674111], [139.1272044198374, 36.336926678791535], [139.12693026723744, 36.33688719281999], [139.12665500525236, 36.33685345481146], [139.12637902691685, 36.336823428368554]]}}, {"type": "Feature", "properties": {"id": "北関東道-上り-2-35", "route": "北関東道", "direction": "上り", "from": "駒形IC", "to": "前橋南IC", "grade": -0.22, "elevation_start": 82.0, "elevation_end": 81.4, "quality": "estimated", "structure": "bridge", "chain_rank": 2, "cum_dist_start": 8750.0, "cum_dist_end": 9000.0, "anomaly": false}, "geometry": {"type": "LineString", "coordinates": [[139.12637902691685, 36.336823428368554], [139.12610281824595, 36.336794832040034], [139.1258260900586, 36.33677003806113], [139.12554876533758, 36.33674969507699], [139.12527119177062, 36.336731719604934], [139.12499359889668, 36.33671394053867], [139.12471566472564, 36.33670007556334], [139.12443773055463, 36.336686210588006], [139.1241594372405, 36.336678445251984], [139.1238811329664, 36.33667086605887], [139.1236028286923, 36.33666328686575]]}}, {"type": "Feature", "properties": {"id": "北関東道-上り-2-36", "route": "北関東道", "direction": "上り", "from": "駒形IC", "to": "前橋南IC", "grade": -0.17, "elevation_start": 81.4, "elevation_end": 81.0, "quality": "measured", "structure": "normal", "chain_rank": 2, "cum_dist_start": 9000.0, "cum_dist_end": 9250.0, "anomaly": false}, "geometry": {"type": "LineString", "coordinates": [[139.1236028286923, 36.33666328686575], [139.12332446360307, 36.33665744664595], [139.1230460754065, 36.336652267166784], [139.12276768720997, 36.336647087687616], [139.1224892990134, 36.33664190820845], [139.12221091081685, 36.33663672872928], [139.12193252798733, 36.33663140316439], [139.12165425065223, 36.336623206144466], [139.1213759733171, 36.33661500912455], [139.12109779205844, 36.33660509141031], [139.12081973422266, 36.3365929632374]]}}, {"type": "Feature", "properties": {"id": "北関東道-上り-2-37", "route": "北関東道", "direction": "上り", "from": "駒形IC", "to": "前橋南IC", "grade": 0.29, "elevation_start": 81.0, "elevation_end": 81.8, "quality": "estimated", "structure": "normal", "chain_rank": 2, "cum_dist_start": 9250.0, "cum_dist_end": 9500.0, "anomaly": false}, "geometry": {"type": "LineString", "coordinates": [[139.12081973422266, 36.3365929632374], [139.1205416763869, 36.336580835064495], [139.12026382555078, 36.336566008599306], [139.11998604687625, 36.336550241489356], [139.11970826820172, 36.336534474379405], [139.1194304895272, 36.336518707269455], [139.119152989121, 36.33650016898806], [139.11887570565716, 36.336479470258304], [139.11859842219332, 36.33645877152854], [139.11832113872944, 36.33643807279878], [139.11804411982374, 36.33641525849641]]}}, {"type": "Feature", "properties": {"id": "北関東道-上り-2-38", "route": "北関東道", "direction": "上り", "from": "駒形IC", "to": "前橋南IC", "grade": 0.43, "elevation_start": 81.8, "elevation_end": 82.8, "quality": "estimated", "structure": "bridge", "chain_rank": 2, "cum_dist_start": 9500.0, "cum_dist_end": 9750.0, "anomaly": false}, "geometry": {"type": "LineString", "coordinates": [[139.11804411982374, 36.33641525849641], [139.117767328545, 36.33639062394627], [139.11749054547263, 36.33636592968832], [139.11721380460034, 36.33634092839164], [139.11693755501048, 36.33631266999373], [139.11666150136267, 36.33628311254044], [139.11638544771486, 36.336253555087154], [139.11610939406708, 36.336223997633866], [139.11583374745587, 36.336192121687475], [139.11555843372804, 36.33615834962701], [139.11528312000019, 36.336124577566544]]}}, {"type": "Feature", "properties": {"id": "北関東道-上り-2-39", "route": "北関東道", "direction": "上り", "from": "駒形IC", "to": "前橋南IC", "grade": -0.28, "elevation_start": 82.8, "elevation_end": 82.1, "quality": "measured", "structure": "normal", "chain_rank": 2, "cum_dist_start": 9750.0, "cum_dist_end": 10000.0, "anomaly": false}, "geometry": {"type": "LineString", "coordinates": [[139.11528312000019, 36.336124577566544], [139.11500791883515, 36.336090224977006], [139.11473303736375, 36.33605422360544], [139.11445815589238, 36.336018222233875], [139.11418366612867, 36.335980385179425], [139.1139097722529, 36.33593975558009], [139.1136360688074, 36.335898301857426], [139.1133625088015, 36.335856227372744], [139.1130889487956, 36.335814152888055], [139.11281538878967, 36.335772078403366], [139.11254274377708, 36.33572637591134]]}}, {"type": "Feature", "properties": {"id": "北関東道-上り-2-40", "route": "北関東道", "direction": "上り", "from": "駒形IC", "to": "前橋南IC", "grade": 0.03, "elevation_start": 82.1, "elevation_end": 82.2, "quality": "measured", "structure": "normal", "chain_rank": 2, "cum_dist_start": 10000.0, "cum_dist_end": 10250.0, "anomaly": false}, "geometry": {"type": "LineString", "coordinates": [[139.11254274377708, 36.33572637591134], [139.11227067040042, 36.33567840684603], [139.11199859702376, 36.335630437780715], [139.1117265236471, 36.33558246871541], [139.1114551861876, 36.335531894145646], [139.1111843514364, 36.335479539744256], [139.11091351668523, 36.33542718534286], [139.11064268193402, 36.33537483094146], [139.11037231213007, 36.33532095164693], [139.110102427369, 36.33526548155127], [139.1098325426079, 36.3352100114556]]}}, {"type": "Feature", "properties": {"id": "北関東道-上り-2-41", "route": "北関東道", "direction": "上り", "from": "駒形IC", "to": "前橋南IC", "grade": 0.35, "elevation_start": 82.2, "elevation_end": 83.1, "quality": "measured", "structure": "normal", "chain_rank": 2, "cum_dist_start": 10250.0, "cum_dist_end": 10500.0, "anomaly": false}, "geometry": {"type": "LineString", "coordinates": [[139.1098325426079, 36.3352100114556], [139.10956265784682, 36.33515454135994], [139.10929277308574, 36.335099071264274], [139.1090228487014, 36.335043731782605], [139.1087519167355, 36.33499171368927], [139.10848098476967, 36.33493969559593], [139.1082100528038, 36.33488767750259], [139.10793888765275, 36.3348364827529], [139.10766701103805, 36.334787800079816], [139.10739513442337, 36.33473911740673], [139.10712305327434, 36.334691204424004]]}}, {"type": "Feature", "properties": {"id": "北関東道-上り-2-42", "route": "北関東道", "direction": "上り", "from": "駒形IC", "to": "前橋南IC", "grade": 0.26, "elevation_start": 83.1, "elevation_end": 83.7, "quality": "estimated", "structure": "normal", "chain_rank": 2, "cum_dist_start": 10500.0, "cum_dist_end": 10750.0, "anomaly": false}, "geometry": {"type": "LineString", "coordinates": [[139.10712305327434, 36.334691204424004], [139.10685049302793, 36.33464509434954], [139.1065779327815, 36.33459898427508], [139.1063053725351, 36.33455287420062], [139.10603281228867, 36.334506764126154], [139.1057587200646, 36.33446708204863], [139.1054845187903, 36.33442785753319], [139.10521031751594, 36.33438863301775], [139.10493590550993, 36.33435039263302], [139.1046614002491, 36.334312587754354], [139.10438689498827, 36.33427478287569]]}}, {"type": "Feature", "properties": {"id": "北関東道-上り-2-43", "route": "北関東道", "direction": "上り", "from": "駒形IC", "to": "前橋南IC", "grade": 0.19, "elevation_start": 83.7, "elevation_end": 84.2, "quality": "estimated", "structure": "bridge", "chain_rank": 2, "cum_dist_start": 10750.0, "cum_dist_end": 11000.0, "anomaly": false}, "geometry": {"type": "LineString", "coordinates": [[139.10438689498827, 36.33427478287569], [139.10411233540708, 36.33423723988167], [139.10383764876713, 36.334200309452285], [139.10356296212717, 36.33416337902289], [139.1032889460927, 36.33412338311927], [139.10301427117784, 36.33408684926985], [139.10273842342798, 36.33405610713713], [139.10246259712446, 36.33402523827568], [139.1021867708209, 36.333994369414235], [139.10191094451739, 36.333963500552784], [139.10163511821384, 36.33393263169133]]}}, {"type": "Feature", "properties": {"id": "北関東道-上り-2-44", "route": "北関東道", "direction": "上り", "from": "駒形IC", "to": "前橋南IC", "grade": 0.19, "elevation_start": 84.2, "elevation_end": 84.6, "quality": "estimated", "structure": "bridge", "chain_rank": 2, "cum_dist_start": 11000.0, "cum_dist_end": 11250.0, "anomaly": false}, "geometry": {"type": "LineString", "coordinates": [[139.10163511821384, 36.33393263169133], [139.10135893786224, 36.333903937174426], [139.10108259269225, 36.33387628847859], [139.10080596651346, 36.33385053272319], [139.10052934033467, 36.33382477696778], [139.1002527141559, 36.33379902121238], [139.09997608797713, 36.33377326545697], [139.09969946179834, 36.33374750970157], [139.09942219219704, 36.33372690820259], [139.09914473252292, 36.33370791309153], [139.09886725795474, 36.333689059394175]]}}, {"type": "Feature", "properties": {"id": "北関東道-上り-2-45", "route": "北関東道", "direction": "上り", "from": "前橋南IC", "to": "高崎JCT", "grade": 0.19, "elevation_start": 84.6, "elevation_end": 85.1, "quality": "estimated", "structure": "bridge", "chain_rank": 2, "cum_dist_start": 11250.0, "cum_dist_end": 11500.0, "anomaly": false}, "geometry": {"type": "LineString", "coordinates": [[139.09886725795474, 36.333689059394175], [139.09858978565714, 36.33367018452851], [139.09831231335954, 36.33365130966284], [139.09803471647706, 36.33363368190442], [139.09775710391733, 36.33361621107676], [139.0974794336916, 36.3335994120716], [139.09720143871786, 36.33358656067294], [139.0969233800182, 36.33357461192839], [139.09664537916058, 36.33356180909816], [139.09636735873548, 36.33354928850191], [139.09608938025605, 36.33353617329171]]}}, {"type": "Feature", "properties": {"id": "北関東道-上り-2-46", "route": "北関東道", "direction": "上り", "from": "前橋南IC", "to": "高崎JCT", "grade": -0.03, "elevation_start": 85.1, "elevation_end": 85.0, "quality": "estimated", "structure": "normal", "chain_rank": 2, "cum_dist_start": 11500.0, "cum_dist_end": 11750.0, "anomaly": false}, "geometry": {"type": "LineString", "coordinates": [[139.09608938025605, 36.33353617329171], [139.09581140177664, 36.333523058081525], [139.0955334232972, 36.33350994287133], [139.09525541549303, 36.33349725993201], [139.09497733506083, 36.333485647588745], [139.09469925634605, 36.33347401027094], [139.09442129696075, 36.33346063765447], [139.09414333757547, 36.333447265038], [139.0938653781902, 36.33343389242152], [139.0935874188049, 36.333420519805046], [139.09330945941963, 36.333407147188574]]}}, {"type": "Feature", "properties": {"id": "北関東道-上り-2-47", "route": "北関東道", "direction": "上り", "from": "前橋南IC", "to": "高崎JCT", "grade": 0.03, "elevation_start": 85.0, "elevation_end": 85.1, "quality": "measured", "structure": "normal", "chain_rank": 2, "cum_dist_start": 11750.0, "cum_dist_end": 12000.0, "anomaly": false}, "geometry": {"type": "LineString", "coordinates": [[139.09330945941963, 36.333407147188574], [139.09303150003433, 36.333393774572095], [139.09275354064906, 36.33338040195562], [139.09247556443583, 36.33336726514163], [139.09219756972718, 36.33335438749675], [139.0919195750185, 36.33334150985187], [139.0916415803098, 36.33332863220699], [139.09136358560113, 36.33331575456211], [139.09108559089245, 36.33330287691723], [139.0908075961838, 36.33328999927235], [139.0905296014751, 36.33327712162747]]}}, {"type": "Feature", "properties": {"id": "北関東道-上り-2-48", "route": "北関東道", "direction": "上り", "from": "前橋南IC", "to": "高崎JCT", "grade": 0.28, "elevation_start": 85.1, "elevation_end": 85.8, "quality": "measured", "structure": "normal", "chain_rank": 2, "cum_dist_start": 12000.0, "cum_dist_end": 12250.0, "anomaly": false}, "geometry": {"type": "LineString", "coordinates": [[139.0905296014751, 36.33327712162747], [139.09025160676643, 36.33326424398259], [139.08997367877285, 36.33325046362404], [139.08969576192894, 36.33323653240095], [139.08941804842098, 36.3332202743582], [139.0891404729169, 36.33320243710562], [139.08886292736722, 36.333184299028545], [139.0885854480943, 36.33316557028708], [139.0883085231146, 36.33314202833722], [139.0880317255212, 36.33311762315898], [139.0877557337351, 36.33308775746021]]}}, {"type": "Feature", "properties": {"id": "北関東道-上り-2-49", "route": "北関東道", "direction": "上り", "from": "前橋南IC", "to": "高崎JCT", "grade": 0.29, "elevation_start": 85.8, "elevation_end": 86.5, "quality": "measured", "structure": "normal", "chain_rank": 2, "cum_dist_start": 12250.0, "cum_dist_end": 12500.0, "anomaly": false}, "geometry": {"type": "LineString", "coordinates": [[139.0877557337351, 36.33308775746021], [139.08747995969637, 36.333056606013834], [139.08720553439088, 36.33301873730387], [139.0869317715428, 36.33297757867557], [139.08665889019827, 36.332932851651435], [139.08638753971175, 36.33288257869715], [139.08611865231305, 36.33282404779902], [139.08584989346554, 36.332765132637846], [139.08558226755136, 36.33270314753606], [139.08531764605814, 36.33263303628721], [139.08505485328544, 36.33255862656377]]}}, {"type": "Feature", "properties": {"id": "北関東道-上り-2-50", "route": "北関東道", "direction": "上り", "from": "前橋南IC", "to": "高崎JCT", "grade": -1.93, "elevation_start": 86.5, "elevation_end": 81.7, "quality": "estimated", "structure": "normal", "chain_rank": 2, "cum_dist_start": 12500.0, "cum_dist_end": 12750.0, "anomaly": false}, "geometry": {"type": "LineString", "coordinates": [[139.08505485328544, 36.33255862656377], [139.0847932022671, 36.33248157432511], [139.0845329069079, 36.332401561921856], [139.08427677584663, 36.332313314135], [139.08402199895966, 36.33222242341883], [139.08376930394044, 36.332127796945144], [139.08351867678851, 36.33202974430243], [139.0832710603414, 36.331926703339775], [139.08302657114103, 36.331818939293164], [139.0827841325117, 36.33170815478992], [139.0825442484512, 36.3315937653505]]}}, {"type": "Feature", "properties": {"id": "北関東道-上り-2-51", "route": "北関東道", "direction": "上り", "from": "前橋南IC", "to": "高崎JCT", "grade": 0.46, "elevation_start": 81.7, "elevation_end": 82.8, "quality": "estimated", "structure": "bridge", "chain_rank": 2, "cum_dist_start": 12750.0, "cum_dist_end": 13000.0, "anomaly": false}, "geometry": {"type": "LineString", "coordinates": [[139.0825442484512, 36.3315937653505], [139.08230821580483, 36.33147435028541], [139.08207531901678, 36.33135088346975], [139.08184654381873, 36.33122245816143], [139.08162007553267, 36.33109146762504], [139.08139865784327, 36.33095486095225], [139.08117926175876, 36.33081619076878], [139.08096433507995, 36.3306729585336], [139.08075255301057, 36.33052677120591], [139.08054555974854, 36.33037608367906], [139.08034200149018, 36.330222399307175]]}}, {"type": "Feature", "properties": {"id": "北関東道-上り-2-52", "route": "北関東道", "direction": "上り", "from": "前橋南IC", "to": "高崎JCT", "grade": 0.46, "elevation_start": 82.8, "elevation_end": 84.0, "quality": "estimated", "structure": "bridge", "chain_rank": 2, "cum_dist_start": 13000.0, "cum_dist_end": 13250.0, "anomaly": false}, "geometry": {"type": "LineString", "coordinates": [[139.08034200149018, 36.330222399307175], [139.08014070856154, 36.33006673856411], [139.07994395461907, 36.32990739920984], [139.07975123392148, 36.329744791121264], [139.07956310453648, 36.32957879817343], [139.07938088181973, 36.32940845064494], [139.07920339477295, 36.32923486282477], [139.07903146960743, 36.32905768577419], [139.07886396005662, 36.328877753587555], [139.07870208576384, 36.32869444461292], [139.0785450679704, 36.32850849031829]]}}, {"type": "Feature", "properties": {"id": "北関東道-上り-2-53", "route": "北関東道", "direction": "上り", "from": "前橋南IC", "to": "高崎JCT", "grade": 0.46, "elevation_start": 84.0, "elevation_end": 85.1, "quality": "estimated", "structure": "normal", "chain_rank": 2, "cum_dist_start": 13250.0, "cum_dist_end": 13500.0, "anomaly": false}, "geometry": {"type": "LineString", "coordinates": [[139.0785450679704, 36.32850849031829], [139.0783960836818, 36.32831816019871], [139.07825215537196, 36.32812531502593], [139.07811320614059, 36.32793012049374], [139.07797934740836, 36.32773256933108], [139.0778539587986, 36.327531430494524], [139.07773540323316, 36.32732765262355], [139.0776233359069, 36.32712141203748], [139.07751715184708, 36.326913167175086], [139.07741638803193, 36.326703166160364], [139.07731972847452, 36.32649188318736]]}}, {"type": "Feature", "properties": {"id": "北関東道-上り-2-54", "route": "北関東道", "direction": "上り", "from": "前橋南IC", "to": "高崎JCT", "grade": 0.46, "elevation_start": 85.1, "elevation_end": 86.3, "quality": "estimated", "structure": "bridge", "chain_rank": 2, "cum_dist_start": 13500.0, "cum_dist_end": 13750.0, "anomaly": false}, "geometry": {"type": "LineString", "coordinates": [[139.07731972847452, 36.32649188318736], [139.07723297534898, 36.326277802680984], [139.0771532312553, 36.326061974003025], [139.07707999767135, 36.32584462232608], [139.07701192730835, 36.32562619418127], [139.07695079685445, 36.325406412603535], [139.07689840448913, 36.325185141294156], [139.07684987623483, 36.32496336306347], [139.07681319242488, 36.324740030995116], [139.0767794063191, 36.32451640518609], [139.07674863031366, 36.32429249195932]]}}, {"type": "Feature", "properties": {"id": "北関東道-上り-3-0", "route": "北関東道", "direction": "上り", "from": null, "to": "太田桐生IC", "grade": 0.0, "elevation_start": 65.7, "elevation_end": 65.7, "quality": "estimated", "structure": "tunnel", "chain_rank": 3, "cum_dist_start": 0.0, "cum_dist_end": 250.0, "anomaly": false}, "geometry": {"type": "LineString", "coordinates": [[139.4706292, 36.3672808], [139.47036620812483, 36.367354977066576], [139.47009932261776, 36.36741954614086], [139.46983185045656, 36.36748246399758], [139.46956328254427, 36.367542297714515], [139.46929341448904, 36.36759806686136], [139.46902218008736, 36.36764939734426], [139.4687502969877, 36.36769847259776], [139.4684779101947, 36.367745435200305], [139.46820292641584, 36.36778147658472], [139.4679274237506, 36.36781483270409]]}}, {"type": "Feature", "properties": {"id": "北関東道-上り-3-1", "route": "北関東道", "direction": "上り", "from": null, "to": "太田桐生IC", "grade": 0.0, "elevation_start": 65.7, "elevation_end": 65.7, "quality": "estimated", "structure": "tunnel", "chain_rank": 3, "cum_dist_start": 250.0, "cum_dist_end": 500.0, "anomaly": false}, "geometry": {"type": "LineString", "coordinates": [[139.4679274237506, 36.36781483270409], [139.46765176435636, 36.367847250658], [139.46737519233938, 36.367874205736406], [139.46709862032236, 36.3679011608148], [139.46682113360544, 36.36792024255958], [139.4665431930297, 36.367935417687754], [139.46626525245398, 36.36795059281592], [139.46598673283708, 36.367954200498666], [139.46570818491702, 36.3679572427719], [139.46542963699693, 36.367960285045136], [139.46515108419058, 36.367963019098525]]}}, {"type": "Feature", "properties": {"id": "北関東道-上り-3-2", "route": "北関東道", "direction": "上り", "from": null, "to": "太田桐生IC", "grade": 0.0, "elevation_start": 65.7, "elevation_end": 65.7, "quality": "estimated", "structure": "tunnel", "chain_rank": 3, "cum_dist_start": 500.0, "cum_dist_end": 750.0, "anomaly": false}, "geometry": {"type": "LineString", "coordinates": [[139.46515108419058, 36.367963019098525], [139.46487253081995, 36.36796571755822], [139.46459397744934, 36.36796841601792], [139.4643154396712, 36.36796875869637], [139.46403693796034, 36.36796365217699], [139.46375843624952, 36.36795854565761], [139.46347993453867, 36.367953439138226], [139.46320143282782, 36.367948332618845], [139.46292293111696, 36.36794322609946], [139.46264442940614, 36.36793811958008], [139.4623659276953, 36.36793301306071]]}}, {"type": "Feature", "properties": {"id": "北関東道-上り-3-3", "route": "北関東道", "direction": "上り", "from": null, "to": "太田桐生IC", "grade": 0.0, "elevation_start": 65.7, "elevation_end": 65.7, "quality": "estimated", "structure": "tunnel", "chain_rank": 3, "cum_dist_start": 750.0, "cum_dist_end": 1000.0, "anomaly": false}, "geometry": {"type": "LineString", "coordinates": [[139.4623659276953, 36.36793301306071], [139.46208742598444, 36.367927906541325], [139.46180892427358, 36.367922800021944], [139.46153045988135, 36.36791689255332], [139.46125227238147, 36.367905042290964], [139.4609740848816, 36.36789319202861], [139.46069607001968, 36.367879402534435], [139.46041865213044, 36.3678589072814], [139.4601412342412, 36.36783841202838], [139.45986409528166, 36.36781559549487], [139.45958678325545, 36.3677941996261]]}}, {"type": "Feature", "properties": {"id": "北関東道-上り-3-4", "route": "北関東道", "direction": "上り", "from": null, "to": "太田桐生IC", "grade": 0.0, "elevation_start": 65.7, "elevation_end": 65.7, "quality": "estimated", "structure": "bridge", "chain_rank": 3, "cum_dist_start": 1000.0, "cum_dist_end": 1250.0, "anomaly": false}, "geometry": {"type": "LineString", "coordinates": [[139.45958678325545, 36.3677941996261], [139.45930990434704, 36.36776951260458], [139.459033234034, 36.3677432284816], [139.45875679566723, 36.367715446725484], [139.4584806529324, 36.36768575613009], [139.45820451019756, 36.367656065534696], [139.45792854984384, 36.36762528807024], [139.45765259627905, 36.367594470148354], [139.45737709929227, 36.36756126137513], [139.4571024270574, 36.36752370900964], [139.45682730636432, 36.367488369679]]}}, {"type": "Feature", "properties": {"id": "北関東道-上り-3-5", "route": "北関東道", "direction": "上り", "from": null, "to": "太田桐生IC", "grade": 1.15, "elevation_start": 65.7, "elevation_end": 68.6, "quality": "estimated", "structure": "normal", "chain_rank": 3, "cum_dist_start": 1250.0, "cum_dist_end": 1500.0, "anomaly": false}, "geometry": {"type": "LineString", "coordinates": [[139.45682730636432, 36.367488369679], [139.45655328047704, 36.36744783630586], [139.45627925458976, 36.36740730293271], [139.45600530637833, 36.36736643174913], [139.45573161256442, 36.36732445869813], [139.45545798576387, 36.36728220067591], [139.455184893394, 36.36723783115668], [139.45491273715896, 36.36718976303645], [139.4546405809239, 36.36714169491622], [139.45436842468882, 36.36709362679599], [139.45409695268262, 36.36704313429887]]}}, {"type": "Feature", "properties": {"id": "北関東道-上り-3-6", "route": "北関東道", "direction": "上り", "from": null, "to": "太田桐生IC", "grade": 1.73, "elevation_start": 68.6, "elevation_end": 72.9, "quality": "estimated", "structure": "tunnel", "chain_rank": 3, "cum_dist_start": 1500.0, "cum_dist_end": 1750.0, "anomaly": false}, "geometry": {"type": "LineString", "coordinates": [[139.45409695268262, 36.36704313429887], [139.45382631288373, 36.366989763962344], [139.45355574950995, 36.36693613787589], [139.45328606979635, 36.36687968937689], [139.4530165660175, 36.366822681595224], [139.45274720237134, 36.36676524282245], [139.45247855777797, 36.3667056739695], [139.45221046120668, 36.36664448168777], [139.45194236463536, 36.36658328940605], [139.4516774685761, 36.36651363382393], [139.45141290695912, 36.36644309385662]]}}, {"type": "Feature", "properties": {"id": "北関東道-上り-3-7", "route": "北関東道", "direction": "上り", "from": null, "to": "太田桐生IC", "grade": 1.85, "elevation_start": 72.9, "elevation_end": 77.5, "quality": "estimated", "structure": "tunnel", "chain_rank": 3, "cum_dist_start": 1750.0, "cum_dist_end": 2000.0, "anomaly": false}, "geometry": {"type": "LineString", "coordinates": [[139.45141290695912, 36.36644309385662], [139.45114847073063, 36.36637225054268], [139.45088459232272, 36.366300057719066], [139.45062071391482, 36.36622786489544], [139.45035781817123, 36.36615345679099], [139.4500973622623, 36.36607354841681], [139.4498369063534, 36.36599364004262], [139.44957805259853, 36.365910538267606], [139.44932237941293, 36.36582109700688], [139.44906670622737, 36.36573165574615], [139.44881252083417, 36.365639500134364]]}}, {"type": "Feature", "properties": {"id": "北関東道-上り-3-8", "route": "北関東道", "direction": "上り", "from": null, "to": "太田桐生IC", "grade": 1.85, "elevation_start": 77.5, "elevation_end": 82.1, "quality": "estimated", "structure": "tunnel", "chain_rank": 3, "cum_dist_start": 2000.0, "cum_dist_end": 2250.0, "anomaly": false}, "geometry": {"type": "LineString", "coordinates": [[139.44881252083417, 36.365639500134364], [139.44855885215253, 36.36554640182612], [139.4483051834709, 36.36545330351788], [139.4480582989089, 36.36534908601108], [139.44781260537388, 36.36524291640647], [139.4475672294636, 36.365136291593956], [139.447327835358, 36.36502109388252], [139.44708844125242, 36.36490589617108], [139.4468506562744, 36.36478859827137], [139.44661652806943, 36.3646665276538], [139.44638239986443, 36.36454445703624]]}}, {"type": "Feature", "properties": {"id": "北関東道-上り-3-9", "route": "北関東道", "direction": "上り", "from": null, "to": "太田桐生IC", "grade": 1.85, "elevation_start": 82.1, "elevation_end": 86.7, "quality": "estimated", "structure": "tunnel", "chain_rank": 3, "cum_dist_start": 2250.0, "cum_dist_end": 2500.0, "anomaly": false}, "geometry": {"type": "LineString", "coordinates": [[139.44638239986443, 36.36454445703624], [139.44614827165947, 36.36442238641868], [139.44591998689793, 36.364293307564374], [139.445692280063, 36.36416353558338], [139.44546457322812, 36.36403376360238], [139.44524015090855, 36.36390031133125], [139.44501610250632, 36.36376644008677], [139.44479205410408, 36.36363256884229], [139.44457248187769, 36.36349402974521], [139.44435638058604, 36.363351871082585], [139.44414027929437, 36.36320971241996]]}}, {"type": "Feature", "properties": {"id": "北関東道-上り-3-10", "route": "北関東道", "direction": "上り", "from": null, "to": "太田桐生IC", "grade": 1.85, "elevation_start": 86.7, "elevation_end": 91.4, "quality": "estimated", "structure": "tunnel", "chain_rank": 3, "cum_dist_start": 2500.0, "cum_dist_end": 2750.0, "anomaly": false}, "geometry": {"type": "LineString", "coordinates": [[139.44414027929437, 36.36320971241996], [139.4439241780027, 36.36306755375733], [139.44370807671106, 36.362925395094706], [139.4434919754194, 36.36278323643209], [139.44327587412775, 36.36264107776946], [139.44305955569476, 36.362499137152774], [139.44284318476406, 36.36235724925254], [139.44262681383336, 36.3622153613523], [139.44241044290263, 36.36207347345206], [139.44219310166918, 36.36193258444681], [139.44197149885147, 36.36179608260342]]}}, {"type": "Feature", "properties": {"id": "北関東道-上り-3-11", "route": "北関東道", "direction": "上り", "from": null, "to": "太田桐生IC", "grade": -0.06, "elevation_start": 91.4, "elevation_end": 91.2, "quality": "estimated", "structure": "normal", "chain_rank": 3, "cum_dist_start": 2750.0, "cum_dist_end": 3000.0, "anomaly": false}, "geometry": {"type": "LineString", "coordinates": [[139.44197149885147, 36.36179608260342], [139.44174989603377, 36.36165958076002], [139.44152829321604, 36.36152307891662], [139.44130195279226, 36.36139179325809], [139.44107467837867, 36.36126153593824], [139.44084740396508, 36.36113127861838], [139.44061180220916, 36.36101112302719], [139.4403757645974, 36.36089149616384], [139.44013972698562, 36.36077186930049], [139.43989772687976, 36.360660424098114], [139.43965403262217, 36.36055130358991]]}}, {"type": "Feature", "properties": {"id": "北関東道-上り-3-12", "route": "北関東道", "direction": "上り", "from": null, "to": "太田桐生IC", "grade": -0.49, "elevation_start": 91.2, "elevation_end": 90.0, "quality": "estimated", "structure": "bridge", "chain_rank": 3, "cum_dist_start": 3000.0, "cum_dist_end": 3250.0, "anomaly": false}, "geometry": {"type": "LineString", "coordinates": [[139.43965403262217, 36.36055130358991], [139.43941033836455, 36.3604421830817], [139.43916591486436, 36.36033418730101], [139.43891638553802, 36.36023406635275], [139.43866685621168, 36.3601339454045], [139.43841308878237, 36.36004105852576], [139.43815832576203, 36.35995004313765], [139.43790020560593, 36.35986536296683], [139.43764208544982, 36.35978068279601], [139.4373812820617, 36.35970180689431], [139.4371178026929, 36.35962871957571]]}}, {"type": "Feature", "properties": {"id": "北関東道-上り-3-13", "route": "北関東道", "direction": "上り", "from": null, "to": "太田桐生IC", "grade": -0.49, "elevation_start": 90.0, "elevation_end": 88.7, "quality": "estimated", "structure": "tunnel", "chain_rank": 3, "cum_dist_start": 3250.0, "cum_dist_end": 3500.0, "anomaly": false}, "geometry": {"type": "LineString", "coordinates": [[139.4371178026929, 36.35962871957571], [139.43685406808066, 36.35955626839091], [139.43658774830516, 36.359490260112274], [139.4363213077861, 36.359424577842034], [139.43605389616584, 36.359361546668204], [139.4357835799294, 36.35930719749746], [139.43551249091394, 36.359255474790565], [139.4352408865822, 36.359205504389315], [139.43496850497263, 36.35915869597739], [139.43469392797536, 36.359120818468476], [139.4344193509781, 36.35908294095957]]}}, {"type": "Feature", "properties": {"id": "北関東道-上り-3-14", "route": "北関東道", "direction": "上り", "from": null, "to": "太田桐生IC", "grade": -0.49, "elevation_start": 88.7, "elevation_end": 87.5, "quality": "estimated", "structure": "tunnel", "chain_rank": 3, "cum_dist_start": 3500.0, "cum_dist_end": 3750.0, "anomaly": false}, "geometry": {"type": "LineString", "coordinates": [[139.4344193509781, 36.35908294095957], [139.43414428830224, 36.35904758214031], [139.433868495949, 36.35901600736844], [139.4335927035958, 36.358984432596564], [139.43331690467653, 36.35895289773976], [139.43304050643255, 36.35892500619473], [139.43276410818856, 36.3588971146497], [139.43248770994458, 36.35886922310467], [139.4322113117006, 36.35884133155964], [139.43193566083042, 36.35880918563792], [139.43166059371222, 36.358773716746164]]}}, {"type": "Feature", "properties": {"id": "北関東道-上り-3-15", "route": "北関東道", "direction": "上り", "from": null, "to": "太田桐生IC", "grade": -0.49, "elevation_start": 87.5, "elevation_end": 86.3, "quality": "estimated", "structure": "tunnel", "chain_rank": 3, "cum_dist_start": 3750.0, "cum_dist_end": 4000.0, "anomaly": false}, "geometry": {"type": "LineString", "coordinates": [[139.43166059371222, 36.358773716746164], [139.43138552659403, 36.358738247854404], [139.43111199949735, 36.35869581490044], [139.4308387826819, 36.35865197883766], [139.43056556586643, 36.35860814277488], [139.43029333645342, 36.35856051501099], [139.43002146413676, 36.358511515969894], [139.4297498020358, 36.35846177300677], [139.4294786030904, 36.35841039180153], [139.42920968802954, 36.35835172378714], [139.4289423211447, 36.35828877545526]]}}, {"type": "Feature", "properties": {"id": "北関東道-上り-3-16", "route": "北関東道", "direction": "上り", "from": null, "to": "太田桐生IC", "grade": -3.0, "elevation_start": 86.3, "elevation_end": 78.8, "quality": "estimated", "structure": "normal", "chain_rank": 3, "cum_dist_start": 4000.0, "cum_dist_end": 4250.0, "anomaly": false}, "geometry": {"type": "LineString", "coordinates": [[139.4289423211447, 36.35828877545526], [139.42867754838804, 36.358218824574124], [139.42841385012727, 36.35814639888555], [139.4281531344088, 36.358067103726505], [139.4278932833097, 36.35798610587714], [139.42763892079097, 36.357894299395014], [139.42738455827225, 36.35780249291288], [139.4271334974914, 36.35770496896817], [139.42688319207963, 36.357606136986774], [139.42663940994495, 36.35749732090636], [139.42639743463778, 36.35738573941457]]}}, {"type": "Feature", "properties": {"id": "北関東道-上り-3-17", "route": "北関東道", "direction": "上り", "from": null, "to": "太田桐生IC", "grade": -3.3, "elevation_start": 78.8, "elevation_end": 70.5, "quality": "measured", "structure": "normal", "chain_rank": 3, "cum_dist_start": 4250.0, "cum_dist_end": 4500.0, "anomaly": false}, "geometry": {"type": "LineString", "coordinates": [[139.42639743463778, 36.35738573941457], [139.42615865081575, 36.35726979646224], [139.42592127392183, 36.35715193081214], [139.4256866473451, 36.35703070335088], [139.42545971574248, 36.35690007004729], [139.42523278413987, 36.3567694367437], [139.4250120437899, 36.356632069577834], [139.4247920487881, 36.35649389174055], [139.4245781126963, 36.356349640666174], [139.424364775576, 36.35620479941883], [139.42415900113713, 36.35605296379056]]}}, {"type": "Feature", "properties": {"id": "北関東道-上り-3-18", "route": "北関東道", "direction": "上り", "from": null, "to": "太田桐生IC", "grade": -3.26, "elevation_start": 70.5, "elevation_end": 62.4, "quality": "measured", "structure": "normal", "chain_rank": 3, "cum_dist_start": 4500.0, "cum_dist_end": 4750.0, "anomaly": false}, "geometry": {"type": "LineString", "coordinates": [[139.42415900113713, 36.35605296379056], [139.4239547870348, 36.355899825826114], [139.42376069948324, 36.35573823572797], [139.42356712864347, 36.35557624774243], [139.42337710326984, 36.3554115296154], [139.42318954178717, 36.35524502055329], [139.42300727810905, 36.35507466066165], [139.42282827708996, 36.35490210318526], [139.42265412775473, 36.35472627782633], [139.42248537939153, 36.354547126561116], [139.42232218972038, 36.35436455226602]]}}, {"type": "Feature", "properties": {"id": "北関東道-上り-3-19", "route": "北関東道", "direction": "上り", "from": null, "to": "太田桐生IC", "grade": -0.51, "elevation_start": 62.4, "elevation_end": 61.1, "quality": "measured", "structure": "normal", "chain_rank": 3, "cum_dist_start": 4750.0, "cum_dist_end": 5000.0, "anomaly": false}, "geometry": {"type": "LineString", "coordinates": [[139.42232218972038, 36.35436455226602], [139.4221590000492, 36.35418197797092], [139.42200854623658, 36.35399241290402], [139.4218590670064, 36.35380231288429], [139.42170958777626, 36.35361221286456], [139.42156063649014, 36.35342184613557], [139.42141498975639, 36.35322980999729], [139.4212693430226, 36.35303777385901], [139.42112551468227, 36.35284484767161], [139.42098272174667, 36.3526514146846], [139.42084057905876, 36.35245767458193]]}}, {"type": "Feature", "properties": {"id": "北関東道-上り-3-20", "route": "北関東道", "direction": "上り", "from": null, "to": "太田桐生IC", "grade": -0.32, "elevation_start": 61.1, "elevation_end": 60.3, "quality": "measured", "structure": "normal", "chain_rank": 3, "cum_dist_start": 5000.0, "cum_dist_end": 5250.0, "anomaly": false}, "geometry": {"type": "LineString", "coordinates": [[139.42084057905876, 36.35245767458193], [139.42070245875618, 36.352262034683854], [139.42056433845363, 36.35206639478577], [139.42042621815105, 36.35187075488769], [139.42028809784847, 36.35167511498962], [139.42014986445142, 36.35147952764094], [139.42001124384723, 36.35128412020824], [139.41987262324307, 36.35108871277554], [139.41973400263888, 36.35089330534285], [139.4195953820347, 36.35069789791015], [139.4194567614305, 36.35050249047745]]}}, {"type": "Feature", "properties": {"id": "北関東道-上り-3-21", "route": "北関東道", "direction": "上り", "from": null, "to": "太田桐生IC", "grade": -0.34, "elevation_start": 60.3, "elevation_end": 59.5, "quality": "measured", "structure": "normal", "chain_rank": 3, "cum_dist_start": 5250.0, "cum_dist_end": 5500.0, "anomaly": false}, "geometry": {"type": "LineString", "coordinates": [[139.4194567614305, 36.35050249047745], [139.41931813788244, 36.35030708511174], [139.41917951397818, 36.350111679996104], [139.41904089007394, 36.34991627488048], [139.41890226616968, 36.349720869764845], [139.41876358514543, 36.34952549134893], [139.41862394055667, 36.34933056333366], [139.41848429596794, 36.34913563531838], [139.41834465137921, 36.348940707303115], [139.4182050067905, 36.348745779287846], [139.41806536220176, 36.34855085127258]]}}, {"type": "Feature", "properties": {"id": "北関東道-上り-3-22", "route": "北関東道", "direction": "上り", "from": null, "to": "太田桐生IC", "grade": -0.46, "elevation_start": 59.5, "elevation_end": 58.3, "quality": "estimated", "structure": "bridge", "chain_rank": 3, "cum_dist_start": 5500.0, "cum_dist_end": 5750.0, "anomaly": false}, "geometry": {"type": "LineString", "coordinates": [[139.41806536220176, 36.34855085127258], [139.41792571761303, 36.34835592325731], [139.41778607302427, 36.34816099524204], [139.4176453498266, 36.34796657713396], [139.41750432048346, 36.347772303754674], [139.41736329114033, 36.347578030375395], [139.41722226179718, 36.34738375699611], [139.41708123245405, 36.34718948361682], [139.4169402031109, 36.34699521023754], [139.41679917376777, 36.34680093685825], [139.41665279038625, 36.346609298783406]]}}, {"type": "Feature", "properties": {"id": "北関東道-上り-3-23", "route": "北関東道", "direction": "上り", "from": null, "to": "太田桐生IC", "grade": -0.47, "elevation_start": 58.3, "elevation_end": 57.1, "quality": "estimated", "structure": "bridge", "chain_rank": 3, "cum_dist_start": 5750.0, "cum_dist_end": 6000.0, "anomaly": false}, "geometry": {"type": "LineString", "coordinates": [[139.41665279038625, 36.346609298783406], [139.41650439124885, 36.346418652881226], [139.41635599211142, 36.346228006979054], [139.416207592974, 36.346037361076874], [139.41605770775155, 36.34584750835043], [139.4158994660663, 36.34566211576145], [139.41574122438104, 36.345476723172474], [139.41558162505223, 36.345292101807004], [139.4154198566876, 36.345108712584874], [139.415258088323, 36.34492532336274], [139.41508928426603, 36.344746199599506]]}}, {"type": "Feature", "properties": {"id": "北関東道-上り-3-24", "route": "北関東道", "direction": "上り", "from": null, "to": "太田桐生IC", "grade": -0.47, "elevation_start": 57.1, "elevation_end": 56.0, "quality": "estimated", "structure": "bridge", "chain_rank": 3, "cum_dist_start": 6000.0, "cum_dist_end": 6250.0, "anomaly": false}, "geometry": {"type": "LineString", "coordinates": [[139.41508928426603, 36.344746199599506], [139.41491715776513, 36.34456909010115], [139.41474503126423, 36.34439198060279], [139.41457290476333, 36.34421487110444], [139.41440077826243, 36.34403776160609], [139.41422865176153, 36.343860652107736], [139.4140538242091, 36.34368529970265], [139.4138770286269, 36.34351122754408], [139.41370023304472, 36.3433371553855], [139.41352321146047, 36.34316323657685], [139.41334219331463, 36.342992029568386]]}}, {"type": "Feature", "properties": {"id": "北関東道-上り-3-25", "route": "北関東道", "direction": "上り", "from": null, "to": "太田桐生IC", "grade": -0.47, "elevation_start": 56.0, "elevation_end": 54.8, "quality": "estimated", "structure": "bridge", "chain_rank": 3, "cum_dist_start": 6250.0, "cum_dist_end": 6500.0, "anomaly": false}, "geometry": {"type": "LineString", "coordinates": [[139.41334219331463, 36.342992029568386], [139.4131611751688, 36.34282082255992], [139.41298015702296, 36.34264961555146], [139.41279913887712, 36.34247840854299], [139.41261812073128, 36.342307201534524], [139.4124358602345, 36.342136867291465], [139.41225186333682, 36.341967752889424], [139.41206786643912, 36.34179863848738], [139.4118838695414, 36.34162952408534], [139.41169987264374, 36.34146040968331], [139.41151587574603, 36.341291295281266]]}}, {"type": "Feature", "properties": {"id": "北関東道-上り-3-26", "route": "北関東道", "direction": "上り", "from": null, "to": "太田桐生IC", "grade": -0.47, "elevation_start": 54.8, "elevation_end": 53.6, "quality": "estimated", "structure": "bridge", "chain_rank": 3, "cum_dist_start": 6500.0, "cum_dist_end": 6750.0, "anomaly": false}, "geometry": {"type": "LineString", "coordinates": [[139.41151587574603, 36.341291295281266], [139.41133309918618, 36.34112132000337], [139.41115060300126, 36.34095114693759], [139.41096810681637, 36.340780973871816], [139.41078561063145, 36.34061080080605], [139.41060311444653, 36.34044062774027], [139.41042061826164, 36.340270454674496], [139.41023812207672, 36.34010028160872], [139.4100556258918, 36.339930108542944], [139.4098731297069, 36.33975993547717], [139.409690633522, 36.3395897624114]]}}, {"type": "Feature", "properties": {"id": "北関東道-上り-3-27", "route": "北関東道", "direction": "上り", "from": null, "to": "太田桐生IC", "grade": -0.47, "elevation_start": 53.6, "elevation_end": 52.4, "quality": "estimated", "structure": "bridge", "chain_rank": 3, "cum_dist_start": 6750.0, "cum_dist_end": 7000.0, "anomaly": false}, "geometry": {"type": "LineString", "coordinates": [[139.409690633522, 36.3395897624114], [139.40950813733707, 36.339419589345624], [139.40932209696902, 36.339252011593565], [139.4091309950122, 36.33908814031215], [139.4089353776126, 36.338927857712704], [139.4087378955022, 36.338769017111964], [139.4085353115065, 36.33861448769812], [139.40832622388533, 36.33846572395637], [139.40811538245632, 36.33831855087996], [139.40789621804458, 36.33817964323207], [139.40767300819712, 36.33804501997286]]}}, {"type": "Feature", "properties": {"id": "北関東道-上り-3-28", "route": "北関東道", "direction": "上り", "from": null, "to": "太田桐生IC", "grade": -0.47, "elevation_start": 52.4, "elevation_end": 51.2, "quality": "estimated", "structure": "bridge", "chain_rank": 3, "cum_dist_start": 7000.0, "cum_dist_end": 7250.0, "anomaly": false}, "geometry": {"type": "LineString", "coordinates": [[139.40767300819712, 36.33804501997286], [139.40744478910966, 36.33791593605873], [139.40720932622418, 36.33779565907127], [139.4069668322088, 36.337685004353766], [139.40671916599817, 36.33758201363828], [139.4064643635489, 36.337491203183546], [139.4062088623013, 36.337401613758416], [139.4059502224474, 36.33731824420437], [139.4056878756357, 36.33724280765036], [139.40542148601403, 36.337177261887234], [139.40515280073393, 36.33711853358033]]}}, {"type": "Feature", "properties": {"id": "北関東道-上り-3-29", "route": "北関東道", "direction": "上り", "from": null, "to": "太田桐生IC", "grade": -0.47, "elevation_start": 51.2, "elevation_end": 50.0, "quality": "estimated", "structure": "bridge", "chain_rank": 3, "cum_dist_start": 7250.0, "cum_dist_end": 7500.0, "anomaly": false}, "geometry": {"type": "LineString", "coordinates": [[139.40515280073393, 36.33711853358033], [139.40488122809063, 36.33706872389794], [139.4046085616222, 36.337023060485954], [139.40433552382007, 36.33697880465741], [139.40406090504504, 36.336941568856], [139.403786124647, 36.33690505071251], [139.40351125592562, 36.33686898066183], [139.40323608061686, 36.336834466026865], [139.40296090530813, 36.336799951391896], [139.4026857299994, 36.33676543675693], [139.40241074670746, 36.336729966686136]]}}, {"type": "Feature", "properties": {"id": "北関東道-上り-3-30", "route": "北関東道", "direction": "上り", "from": null, "to": "太田桐生IC", "grade": -0.43, "elevation_start": 50.0, "elevation_end": 48.9, "quality": "estimated", "structure": "bridge", "chain_rank": 3, "cum_dist_start": 7500.0, "cum_dist_end": 7750.0, "anomaly": false}, "geometry": {"type": "LineString", "coordinates": [[139.40241074670746, 36.336729966686136], [139.402136222555, 36.336692212032126], [139.4018616984025, 36.33665445737811], [139.40158780109718, 36.33661393288767], [139.40131569943694, 36.33656631832851], [139.40104542960353, 36.33651211075659], [139.4007763614777, 36.33645408831965], [139.40050995543592, 36.33638869535405], [139.40024521806947, 36.33631886817402], [139.3999827546802, 36.3362437338505], [139.39972286194194, 36.33616284284327]]}}, {"type": "Feature", "properties": {"id": "北関東道-上り-3-31", "route": "北関東道", "direction": "上り", "from": null, "to": "太田桐生IC", "grade": -0.3, "elevation_start": 48.9, "elevation_end": 48.2, "quality": "measured", "structure": "normal", "chain_rank": 3, "cum_dist_start": 7750.0, "cum_dist_end": 8000.0, "anomaly": false}, "geometry": {"type": "LineString", "coordinates": [[139.39972286194194, 36.33616284284327], [139.39946535902828, 36.33607711298883], [139.39920981566013, 36.33598767552769], [139.39895800608312, 36.33589167704007], [139.39871129297742, 36.335787215153715], [139.39846684991073, 36.33567931062355], [139.39822240684404, 36.33557140609338], [139.39798472611014, 36.335454147631644], [139.39774865115615, 36.335334667990395], [139.39752055636006, 36.33520560051849], [139.3972949462192, 36.33507354783575]]}}, {"type": "Feature", "properties": {"id": "北関東道-上り-3-32", "route": "北関東道", "direction": "上り", "from": null, "to": "太田桐生IC", "grade": 0.03, "elevation_start": 48.2, "elevation_end": 48.3, "quality": "estimated", "structure": "normal", "chain_rank": 3, "cum_dist_start": 8000.0, "cum_dist_end": 8250.0, "anomaly": false}, "geometry": {"type": "LineString", "coordinates": [[139.3972949462192, 36.33507354783575], [139.39707330513474, 36.33493727522291], [139.39685584561653, 36.334796556737906], [139.39663838609832, 36.3346558382529], [139.39642919025664, 36.33450715312582], [139.39622016452205, 36.33435830400609], [139.39601158304157, 36.33420904862979], [139.39580330581276, 36.334059515024755], [139.39559999692474, 36.33390567558691], [139.39540130364225, 36.333747836015746], [139.39520261035975, 36.33358999644458]]}}, {"type": "Feature", "properties": {"id": "北関東道-上り-3-33", "route": "北関東道", "direction": "上り", "from": null, "to": "太田桐生IC", "grade": 0.34, "elevation_start": 48.3, "elevation_end": 49.1, "quality": "estimated", "structure": "bridge", "chain_rank": 3, "cum_dist_start": 8250.0, "cum_dist_end": 8500.0, "anomaly": false}, "geometry": {"type": "LineString", "coordinates": [[139.39520261035975, 36.33358999644458], [139.39500391707725, 36.333432156873414], [139.39480468310893, 36.333274767317185], [139.3946042075205, 36.33311841116632], [139.3944036805351, 36.33296209979562], [139.3941961863117, 36.33281185871036], [139.39398869208827, 36.33266161762509], [139.39378119786483, 36.332511376539834], [139.39357130111847, 36.33236338317416], [139.39335767489064, 36.33221887898585], [139.39314404866278, 36.332074374797536]]}}, {"type": "Feature", "properties": {"id": "北関東道-上り-3-34", "route": "北関東道", "direction": "上り", "from": null, "to": "太田桐生IC", "grade": 1.08, "elevation_start": 49.1, "elevation_end": 51.8, "quality": "estimated", "structure": "normal", "chain_rank": 3, "cum_dist_start": 8500.0, "cum_dist_end": 8750.0, "anomaly": false}, "geometry": {"type": "LineString", "coordinates": [[139.39314404866278, 36.332074374797536], [139.39292781196883, 36.33193251971731], [139.3927061476378, 36.331796172617935], [139.39248056708598, 36.33166423117817], [139.39224651739272, 36.33154226985802], [139.39201000601025, 36.3314233723255], [139.3917734946278, 36.33130447479299], [139.39153614048493, 36.331186752346625], [139.39129122481478, 36.33107957316489], [139.39104630914463, 36.33097239398317], [139.39079984259251, 36.330867607043665]]}}, {"type": "Feature", "properties": {"id": "北関東道-上り-3-35", "route": "北関東道", "direction": "上り", "from": null, "to": "太田桐生IC", "grade": 1.32, "elevation_start": 51.8, "elevation_end": 55.1, "quality": "measured", "structure": "normal", "chain_rank": 3, "cum_dist_start": 8750.0, "cum_dist_end": 9000.0, "anomaly": false}, "geometry": {"type": "LineString", "coordinates": [[139.39079984259251, 36.330867607043665], [139.39055166671622, 36.330765456744274], [139.39029517116634, 36.33067779413081], [139.39003864645943, 36.330590182290685], [139.38977981787633, 36.330507131033436], [139.3895209137293, 36.330424229356936], [139.38925942072044, 36.33034690652862], [139.38899707560807, 36.330271419934164], [139.3887305470146, 36.330206371390204], [139.3884633854797, 36.33014290207528], [139.38819465106337, 36.330083961297596]]}}, {"type": "Feature", "properties": {"id": "北関東道-上り-3-36", "route": "北関東道", "direction": "上り", "from": "太田桐生IC", "to": null, "grade": 1.12, "elevation_start": 55.1, "elevation_end": 57.9, "quality": "measured", "structure": "normal", "chain_rank": 3, "cum_dist_start": 9000.0, "cum_dist_end": 9250.0, "anomaly": false}, "geometry": {"type": "LineString", "coordinates": [[139.38819465106337, 36.330083961297596], [139.38792574934183, 36.330025502214255], [139.38765440276, 36.32997504068678], [139.38738283239311, 36.32992531119859], [139.38710877296043, 36.329885850148884], [139.38683410950867, 36.32984888093094], [139.3865594460569, 36.329811911712994], [139.38628228450702, 36.32979070862466], [139.3860045920687, 36.32977476846167], [139.38572653875062, 36.32976299517755], [139.38544822084594, 36.32975639880868]]}}, {"type": "Feature", "properties": {"id": "北関東道-上り-4-0", "route": "北関東道", "direction": "上り", "from": null, "to": null, "grade": -0.16, "elevation_start": 87.3, "elevation_end": 86.9, "quality": "estimated", "structure": "bridge", "chain_rank": 4, "cum_dist_start": 0.0, "cum_dist_end": 250.0, "anomaly": false}, "geometry": {"type": "LineString", "coordinates": [[139.9284802, 36.4811613], [139.92867449916963, 36.4809996347339], [139.92886879833927, 36.48083796946781], [139.92906175256059, 36.48067526195243], [139.9292534882655, 36.480511617642414], [139.92944203276284, 36.48034556913281], [139.9296276567426, 36.48017740299149], [139.9298110123736, 36.480007613879216], [139.92999227320254, 36.47983635854473], [139.93017353403152, 36.47966510321025], [139.9303533660068, 36.47949289540059]]}}, {"type": "Feature", "properties": {"id": "北関東道-上り-4-1", "route": "北関東道", "direction": "上り", "from": null, "to": null, "grade": -0.08, "elevation_start": 86.9, "elevation_end": 86.7, "quality": "measured", "structure": "normal", "chain_rank": 4, "cum_dist_start": 250.0, "cum_dist_end": 500.0, "anomaly": false}, "geometry": {"type": "LineString", "coordinates": [[139.9303533660068, 36.47949289540059], [139.93052726794312, 36.47931673462147], [139.93070116987946, 36.47914057384235], [139.93087507181576, 36.47896441306323], [139.93104506615867, 36.47878579826591], [139.93121369519764, 36.47860632604043], [139.93138232423664, 36.47842685381495], [139.9315492730053, 36.478246361735856], [139.93171599726355, 36.47806573338838], [139.93188272152182, 36.47788510504089], [139.93204944578008, 36.47770447669341]]}}, {"type": "Feature", "properties": {"id": "北関東道-上り-4-2", "route": "北関東道", "direction": "上り", "from": null, "to": null, "grade": -0.72, "elevation_start": 86.7, "elevation_end": 84.9, "quality": "measured", "structure": "normal", "chain_rank": 4, "cum_dist_start": 500.0, "cum_dist_end": 750.0, "anomaly": false}, "geometry": {"type": "LineString", "coordinates": [[139.93204944578008, 36.47770447669341], [139.93221547960098, 36.47752343505688], [139.93238141579445, 36.477342334981515], [139.93254735198792, 36.47716123490615], [139.93271328818136, 36.47698013483079], [139.9328805129043, 36.47679981469915], [139.93304907501502, 36.476620304085095], [139.93321763712575, 36.47644079347104], [139.93338798493022, 36.47626238821185], [139.93355913702595, 36.47608448993811], [139.9337354854332, 36.4759099274337]]}}, {"type": "Feature", "properties": {"id": "北関東道-上り-4-3", "route": "北関東道", "direction": "上り", "from": null, "to": null, "grade": -0.38, "elevation_start": 84.9, "elevation_end": 84.0, "quality": "estimated", "structure": "bridge", "chain_rank": 4, "cum_dist_start": 750.0, "cum_dist_end": 1000.0, "anomaly": false}, "geometry": {"type": "LineString", "coordinates": [[139.9337354854332, 36.4759099274337], [139.93391183384048, 36.47573536492929], [139.93409105256725, 36.47556275385897], [139.9342739337777, 36.47539263278863], [139.9344571157513, 36.47522272650188], [139.9346437349145, 36.47505527481071], [139.9348303540777, 36.47488782311954], [139.93501890227117, 36.47472181462028], [139.9352113491036, 36.474558722863335], [139.93540379593608, 36.47439563110639], [139.93560188334135, 36.474237111518626]]}}, {"type": "Feature", "properties": {"id": "北関東道-上り-4-4", "route": "北関東道", "direction": "上り", "from": null, "to": null, "grade": -0.33, "elevation_start": 84.0, "elevation_end": 83.2, "quality": "estimated", "structure": "bridge", "chain_rank": 4, "cum_dist_start": 1000.0, "cum_dist_end": 1250.0, "anomaly": false}, "geometry": {"type": "LineString", "coordinates": [[139.93560188334135, 36.474237111518626], [139.93580449957813, 36.47408226293814], [139.9360071158149, 36.47392741435765], [139.93620973205168, 36.47377256577716], [139.9364175101008, 36.47362228398428], [139.93662683283625, 36.47347336881497], [139.93683640448586, 36.47332468489229], [139.93704803722218, 36.47317791576374], [139.9372596699585, 36.473031146635186], [139.9374760871635, 36.47288903256119], [139.93769469978156, 36.47274911589595]]}}, {"type": "Feature", "properties": {"id": "北関東道-上り-4-5", "route": "北関東道", "direction": "上り", "from": null, "to": null, "grade": -0.33, "elevation_start": 83.2, "elevation_end": 82.4, "quality": "estimated", "structure": "bridge", "chain_rank": 4, "cum_dist_start": 1250.0, "cum_dist_end": 1500.0, "anomaly": false}, "geometry": {"type": "LineString", "coordinates": [[139.93769469978156, 36.47274911589595], [139.93791628143336, 36.472612260664576], [139.93813786308516, 36.472475405433194], [139.9383612389374, 36.47234050953066], [139.93858811825453, 36.47220943953271], [139.9388150517376, 36.472078431020314], [139.9390425163195, 36.471948025375355], [139.93926998090137, 36.4718176197304], [139.9395008131905, 36.47169116487631], [139.93972900295157, 36.47156159633096], [139.93995668269054, 36.471431438013546]]}}, {"type": "Feature", "properties": {"id": "北関東道-上り-4-6", "route": "北関東道", "direction": "上り", "from": null, "to": null, "grade": -0.33, "elevation_start": 82.4, "elevation_end": 81.5, "quality": "estimated", "structure": "normal", "chain_rank": 4, "cum_dist_start": 1500.0, "cum_dist_end": 1750.0, "anomaly": false}, "geometry": {"type": "LineString", "coordinates": [[139.93995668269054, 36.471431438013546], [139.94018620663752, 36.47130342527964], [139.94041659344538, 36.47117641285063], [139.94064698025326, 36.47104940042162], [139.94087736706112, 36.47092238799261], [139.9411069541407, 36.47079444866234], [139.94133433792928, 36.47066395567335], [139.94156172171787, 36.47053346268436], [139.94178910550644, 36.47040296969537], [139.94201575986835, 36.470271669090046], [139.94223909723948, 36.470136695934656]]}}, {"type": "Feature", "properties": {"id": "北関東道-上り-4-7", "route": "北関東道", "direction": "上り", "from": null, "to": null, "grade": -0.33, "elevation_start": 81.5, "elevation_end": 80.7, "quality": "estimated", "structure": "bridge", "chain_rank": 4, "cum_dist_start": 1750.0, "cum_dist_end": 2000.0, "anomaly": false}, "geometry": {"type": "LineString", "coordinates": [[139.94223909723948, 36.470136695934656], [139.9424624346106, 36.47000172277926], [139.94268475566105, 36.469865677433646], [139.94290440057938, 36.46972680884264], [139.9431240454977, 36.469587940251635], [139.94334118247068, 36.46944652303929], [139.94355579586423, 36.46930264975208], [139.94376791604577, 36.469156350362546], [139.94397880947872, 36.46900890299735], [139.94418656844547, 36.46885857739881], [139.94439432741223, 36.46870825180028]]}}, {"type": "Feature", "properties": {"id": "北関東道-上り-4-8", "route": "北関東道", "direction": "上り", "from": null, "to": null, "grade": -0.15, "elevation_start": 80.7, "elevation_end": 80.4, "quality": "estimated", "structure": "normal", "chain_rank": 4, "cum_dist_start": 2000.0, "cum_dist_end": 2250.0, "anomaly": false}, "geometry": {"type": "LineString", "coordinates": [[139.94439432741223, 36.46870825180028], [139.94459971434213, 36.46855583122602], [139.94480365857297, 36.46840213646431], [139.94500684603696, 36.4682478043403], [139.9452055411689, 36.46808968869527], [139.94540423630085, 36.46793157305025], [139.94560281319337, 36.46777336265565], [139.94579710170606, 36.46761171582507], [139.94599139021872, 36.46745006899449], [139.9461856787314, 36.467288422163904], [139.9463799672441, 36.46712677533332]]}}, {"type": "Feature", "properties": {"id": "北関東道-上り-4-9", "route": "北関東道", "direction": "上り", "from": null, "to": null, "grade": -0.09, "elevation_start": 80.4, "elevation_end": 80.1, "quality": "estimated", "structure": "bridge", "chain_rank": 4, "cum_dist_start": 2250.0, "cum_dist_end": 2500.0, "anomaly": false}, "geometry": {"type": "LineString", "coordinates": [[139.9463799672441, 36.46712677533332], [139.9465742557568, 36.466965128502736], [139.94676854426947, 36.46680348167216], [139.94696283278216, 36.466641834841575], [139.94715712129485, 36.46648018801099], [139.94735115448165, 36.466318344911436], [139.9475448702314, 36.466156257798076], [139.94773858598117, 36.46599417068471], [139.94793230173093, 36.46583208357135], [139.9481260174807, 36.46566999645798], [139.94831973323045, 36.46550790934462]]}}, {"type": "Feature", "properties": {"id": "北関東道-上り-4-10", "route": "北関東道", "direction": "上り", "from": null, "to": null, "grade": -0.09, "elevation_start": 80.1, "elevation_end": 79.9, "quality": "estimated", "structure": "bridge", "chain_rank": 4, "cum_dist_start": 2500.0, "cum_dist_end": 2750.0, "anomaly": false}, "geometry": {"type": "LineString", "coordinates": [[139.94831973323045, 36.46550790934462], [139.94851344898024, 36.46534582223126], [139.94870716473, 36.4651837351179], [139.94890088047975, 36.46502164800453], [139.94909459622951, 36.46485956089117], [139.94928831197927, 36.464697473777804], [139.94948202772903, 36.464535386664444], [139.94967574347882, 36.46437329955108], [139.94986945922858, 36.46421121243772], [139.95006317497834, 36.46404912532435], [139.9502568907281, 36.46388703821099]]}}, {"type": "Feature", "properties": {"id": "北関東道-上り-4-11", "route": "北関東道", "direction": "上り", "from": null, "to": null, "grade": -0.09, "elevation_start": 79.9, "elevation_end": 79.7, "quality": "estimated", "structure": "bridge", "chain_rank": 4, "cum_dist_start": 2750.0, "cum_dist_end": 3000.0, "anomaly": false}, "geometry": {"type": "LineString", "coordinates": [[139.9502568907281, 36.46388703821099], [139.95045060647786, 36.463724951097625], [139.95064432222762, 36.463562863984265], [139.9508380379774, 36.4634007768709], [139.95103175372716, 36.46323868975754], [139.95122546947692, 36.46307660264417], [139.95141918522668, 36.46291451553081], [139.95161290097644, 36.462752428417446], [139.9518066167262, 36.462590341304086], [139.952000332476, 36.46242825419072], [139.95219404822575, 36.46226616707736]]}}, {"type": "Feature", "properties": {"id": "北関東道-上り-4-12", "route": "北関東道", "direction": "上り", "from": null, "to": null, "grade": -0.09, "elevation_start": 79.7, "elevation_end": 79.5, "quality": "estimated", "structure": "bridge", "chain_rank": 4, "cum_dist_start": 3000.0, "cum_dist_end": 3250.0, "anomaly": false}, "geometry": {"type": "LineString", "coordinates": [[139.95219404822575, 36.46226616707736], [139.9523877639755, 36.46210407996399], [139.95258147972527, 36.46194199285063], [139.95277519547503, 36.461779905737274], [139.9529689112248, 36.46161781862391], [139.95316262697457, 36.46145573151055], [139.95335634272433, 36.46129364439718], [139.9535500584741, 36.46113155728382], [139.95374377422385, 36.460969470170454], [139.9539374899736, 36.460807383057094], [139.9541312057234, 36.46064529594373]]}}, {"type": "Feature", "properties": {"id": "北関東道-上り-4-13", "route": "北関東道", "direction": "上り", "from": null, "to": null, "grade": -0.09, "elevation_start": 79.5, "elevation_end": 79.2, "quality": "estimated", "structure": "bridge", "chain_rank": 4, "cum_dist_start": 3250.0, "cum_dist_end": 3500.0, "anomaly": false}, "geometry": {"type": "LineString", "coordinates": [[139.9541312057234, 36.46064529594373], [139.95432492147316, 36.46048320883037], [139.95451863722292, 36.460321121717], [139.95471235297268, 36.46015903460364], [139.95490606872244, 36.459996947490275], [139.9550999084847, 36.45983495958567], [139.95529406273778, 36.45967322327058], [139.95548821699086, 36.459511486955485], [139.95568237124397, 36.45934975064039], [139.95587652549705, 36.4591880143253], [139.95607067975013, 36.45902627801021]]}}, {"type": "Feature", "properties": {"id": "北関東道-上り-4-14", "route": "北関東道", "direction": "上り", "from": null, "to": null, "grade": -0.41, "elevation_start": 79.2, "elevation_end": 78.2, "quality": "estimated", "structure": "normal", "chain_rank": 4, "cum_dist_start": 3500.0, "cum_dist_end": 3750.0, "anomaly": false}, "geometry": {"type": "LineString", "coordinates": [[139.95607067975013, 36.45902627801021], [139.9562648340032, 36.458864541695114], [139.9564589882563, 36.45870280538002], [139.9566531425094, 36.45854106906493], [139.95684729676248, 36.458379332749836], [139.95704145101556, 36.45821759643474], [139.95723560526864, 36.45805586011965], [139.95742960122212, 36.45789400230785], [139.9576233571505, 36.45773196027415], [139.95781711307887, 36.457569918240445], [139.95801086900727, 36.457407876206744]]}}, {"type": "Feature", "properties": {"id": "北関東道-上り-4-15", "route": "北関東道", "direction": "上り", "from": null, "to": null, "grade": 0.94, "elevation_start": 78.2, "elevation_end": 80.6, "quality": "measured", "structure": "normal", "chain_rank": 4, "cum_dist_start": 3750.0, "cum_dist_end": 4000.0, "anomaly": false}, "geometry": {"type": "LineString", "coordinates": [[139.95801086900727, 36.457407876206744], [139.95820462493566, 36.45724583417304], [139.95839838086403, 36.457083792139336], [139.95859213679242, 36.45692175010563], [139.9587858927208, 36.45675970807193], [139.95897964864918, 36.45659766603822], [139.95917340457757, 36.45643562400452], [139.95936716050596, 36.45627358197082], [139.95956091643436, 36.45611153993711], [139.95975467236272, 36.45594949790341], [139.9599484282911, 36.455787455869704]]}}, {"type": "Feature", "properties": {"id": "北関東道-上り-4-16", "route": "北関東道", "direction": "上り", "from": null, "to": null, "grade": 0.79, "elevation_start": 80.6, "elevation_end": 82.6, "quality": "estimated", "structure": "normal", "chain_rank": 4, "cum_dist_start": 4000.0, "cum_dist_end": 4250.0, "anomaly": false}, "geometry": {"type": "LineString", "coordinates": [[139.9599484282911, 36.455787455869704], [139.9601421842195, 36.455625413836], [139.96033594014787, 36.455463371802296], [139.96052969607626, 36.455301329768595], [139.96072345200466, 36.45513928773489], [139.96091720793302, 36.45497724570119], [139.96111096386142, 36.45481520366748], [139.9613047197898, 36.45465316163378], [139.9614984757182, 36.45449111960007], [139.96169223164657, 36.45432907756637], [139.96188598757496, 36.45416703553266]]}}, {"type": "Feature", "properties": {"id": "北関東道-上り-4-17", "route": "北関東道", "direction": "上り", "from": null, "to": null, "grade": 0.44, "elevation_start": 82.6, "elevation_end": 83.7, "quality": "estimated", "structure": "bridge", "chain_rank": 4, "cum_dist_start": 4250.0, "cum_dist_end": 4500.0, "anomaly": false}, "geometry": {"type": "LineString", "coordinates": [[139.96188598757496, 36.45416703553266], [139.96207974350335, 36.45400499349896], [139.9622750214779, 36.45384415571714], [139.9624710813655, 36.453683936589506], [139.96266506577317, 36.45352207974802], [139.96285887551954, 36.45336008508528], [139.9630526852659, 36.45319809042253], [139.96324649501224, 36.45303609575979], [139.9634403047586, 36.45287410109705], [139.96363411450497, 36.452712106434305], [139.9638265032349, 36.4525490181644]]}}, {"type": "Feature", "properties": {"id": "北関東道-上り-4-18", "route": "北関東道", "direction": "上り", "from": null, "to": null, "grade": 0.15, "elevation_start": 83.7, "elevation_end": 84.0, "quality": "estimated", "structure": "normal", "chain_rank": 4, "cum_dist_start": 4500.0, "cum_dist_end": 4750.0, "anomaly": false}, "geometry": {"type": "LineString", "coordinates": [[139.9638265032349, 36.4525490181644], [139.96401756233072, 36.45238490661464], [139.9642086214265, 36.45222079506488], [139.96439968052232, 36.45205668351512], [139.96459073961813, 36.45189257196536], [139.9647808288115, 36.45172773120491], [139.96496990172045, 36.45156212636194], [139.96515897462942, 36.45139652151897], [139.96534544840202, 36.451229024061625], [139.96552981630524, 36.45105999317231], [139.96571307538548, 36.4508902221347]]}}, {"type": "Feature", "properties": {"id": "北関東道-上り-4-19", "route": "北関東道", "direction": "上り", "from": null, "to": null, "grade": -0.24, "elevation_start": 84.0, "elevation_end": 83.4, "quality": "measured", "structure": "normal", "chain_rank": 4, "cum_dist_start": 4750.0, "cum_dist_end": 5000.0, "anomaly": false}, "geometry": {"type": "LineString", "coordinates": [[139.96571307538548, 36.4508902221347], [139.9658838001679, 36.45071208435203], [139.96605452495032, 36.450533946569344], [139.96622392839694, 36.45035499446719], [139.96639153520286, 36.450174935122256], [139.9665576902395, 36.44999403659055], [139.96671455036613, 36.44980776519023], [139.96687110765887, 36.44962133259481], [139.96702109381022, 36.44943140225375], [139.96717107996153, 36.44924147191269], [139.96731733976685, 36.44904971237711]]}}, {"type": "Feature", "properties": {"id": "北関東道-上り-4-20", "route": "北関東道", "direction": "上り", "from": null, "to": null, "grade": -0.29, "elevation_start": 83.4, "elevation_end": 82.7, "quality": "measured", "structure": "normal", "chain_rank": 4, "cum_dist_start": 5000.0, "cum_dist_end": 5250.0, "anomaly": false}, "geometry": {"type": "LineString", "coordinates": [[139.96731733976685, 36.44904971237711], [139.9674569115194, 36.44885466979982], [139.9675950441424, 36.44865899186293], [139.96772285808686, 36.448458758344806], [139.96785067203132, 36.448258524826684], [139.96797571435545, 36.448057185206224], [139.96809488505747, 36.44785350233011], [139.96821086704992, 36.44764863681847], [139.9683231354102, 36.44744242367508], [139.96842971942118, 36.44723423798265], [139.96853065058286, 36.44702426068343]]}}, {"type": "Feature", "properties": {"id": "北関東道-上り-4-21", "route": "北関東道", "direction": "上り", "from": null, "to": null, "grade": -0.29, "elevation_start": 82.7, "elevation_end": 82.0, "quality": "measured", "structure": "normal", "chain_rank": 4, "cum_dist_start": 5250.0, "cum_dist_end": 5500.0, "anomaly": false}, "geometry": {"type": "LineString", "coordinates": [[139.96853065058286, 36.44702426068343], [139.96862771688956, 36.44681305846202], [139.9687244502419, 36.44660176204839], [139.96881167289462, 36.4463877750738], [139.9688970397519, 36.44617332110469], [139.9689756503969, 36.445957166994404], [139.96905215700798, 36.44574054489719], [139.96912155886298, 36.445522342534126], [139.96919090631147, 36.44530412890529], [139.96925731047884, 36.44508534878408], [139.96931691918374, 36.44486526483965]]}}, {"type": "Feature", "properties": {"id": "北関東道-上り-4-22", "route": "北関東道", "direction": "上り", "from": null, "to": null, "grade": -4.21, "elevation_start": 82.0, "elevation_end": 71.4, "quality": "measured", "structure": "normal", "chain_rank": 4, "cum_dist_start": 5500.0, "cum_dist_end": 5750.0, "anomaly": false}, "geometry": {"type": "LineString", "coordinates": [[139.96931691918374, 36.44486526483965], [139.96936709002114, 36.44464370440724], [139.96941407167583, 36.44442163417015], [139.96946181457523, 36.444199669253834], [139.9695035627267, 36.44397692127589], [139.96954319716653, 36.443753954381236], [139.96956735140938, 36.44352950950556], [139.96959150565223, 36.44330506462988], [139.96961436291315, 36.4430805386098], [139.96963326075195, 36.44285576487234], [139.96964941058187, 36.44263087199485]]}}, {"type": "Feature", "properties": {"id": "北関東道-上り-4-23", "route": "北関東道", "direction": "上り", "from": null, "to": null, "grade": -2.11, "elevation_start": 71.4, "elevation_end": 66.2, "quality": "measured", "structure": "normal", "chain_rank": 4, "cum_dist_start": 5750.0, "cum_dist_end": 6000.0, "anomaly": false}, "geometry": {"type": "LineString", "coordinates": [[139.96964941058187, 36.44263087199485], [139.96966039034322, 36.44240575496883], [139.9696713701046, 36.44218063794282], [139.96968085544825, 36.4419554884702], [139.96968485253467, 36.441730219837254], [139.96968884962112, 36.44150495120431], [139.96969284670757, 36.44127968257136], [139.96969762588463, 36.441054424000846], [139.9697025307152, 36.440829167047006], [139.9697074355458, 36.44060391009316], [139.96971255431032, 36.4403786584993]]}}, {"type": "Feature", "properties": {"id": "北関東道-上り-4-24", "route": "北関東道", "direction": "上り", "from": null, "to": null, "grade": -0.29, "elevation_start": 66.2, "elevation_end": 65.4, "quality": "estimated", "structure": "bridge", "chain_rank": 4, "cum_dist_start": 6000.0, "cum_dist_end": 6250.0, "anomaly": false}, "geometry": {"type": "LineString", "coordinates": [[139.96971255431032, 36.4403786584993], [139.9697249341133, 36.440153588826426], [139.96973731391628, 36.439928519153554], [139.96975152881228, 36.43970352041651], [139.96976580278084, 36.43947852396292], [139.9697896424234, 36.4392540715741], [139.96981614627063, 36.43902980950502], [139.96984670607452, 36.43880587486532], [139.96988131222105, 36.438582327086955], [139.96991844705298, 36.43835906108233], [139.96996319570985, 36.43813670709915]]}}, {"type": "Feature", "properties": {"id": "北関東道-上り-4-25", "route": "北関東道", "direction": "上り", "from": null, "to": null, "grade": -0.35, "elevation_start": 65.4, "elevation_end": 64.6, "quality": "estimated", "structure": "bridge", "chain_rank": 4, "cum_dist_start": 6250.0, "cum_dist_end": 6500.0, "anomaly": false}, "geometry": {"type": "LineString", "coordinates": [[139.96996319570985, 36.43813670709915], [139.9700144665916, 36.43791525682995], [139.9700657374734, 36.43769380656075], [139.97012544333987, 36.437473751287264], [139.97018760079573, 36.43725414276262], [139.97025518136533, 36.43703556872944], [139.97032485416807, 36.43681745515029], [139.97040378083327, 36.4366013781407], [139.9704847807151, 36.43638581415902], [139.97056912431603, 36.43617107759746], [139.97065830786477, 36.4359576596005]]}}, {"type": "Feature", "properties": {"id": "北関東道-上り-4-26", "route": "北関東道", "direction": "上り", "from": null, "to": null, "grade": -0.15, "elevation_start": 64.6, "elevation_end": 64.2, "quality": "measured", "structure": "normal", "chain_rank": 4, "cum_dist_start": 6500.0, "cum_dist_end": 6750.0, "anomaly": false}, "geometry": {"type": "LineString", "coordinates": [[139.97065830786477, 36.4359576596005], [139.97075208613828, 36.43574549336112], [139.97085050154539, 36.43553471541078], [139.97095043372823, 36.43532439156061], [139.97105182629187, 36.435114531065715], [139.97115567462848, 36.43490544974801], [139.97126810077376, 36.43469932359592], [139.97138288940417, 36.434494011350424], [139.9714976780346, 36.434288699104926], [139.97161340584756, 36.434083733028835], [139.97172993144062, 36.43387906100321]]}}, {"type": "Feature", "properties": {"id": "北関東道-上り-4-27", "route": "北関東道", "direction": "上り", "from": null, "to": null, "grade": 1.09, "elevation_start": 64.2, "elevation_end": 66.9, "quality": "measured", "structure": "normal", "chain_rank": 4, "cum_dist_start": 6750.0, "cum_dist_end": 7000.0, "anomaly": false}, "geometry": {"type": "LineString", "coordinates": [[139.97172993144062, 36.43387906100321], [139.97184645703365, 36.433674388977586], [139.97196434063076, 36.43347023124179], [139.9720844076948, 36.43326690040696], [139.9722069967371, 36.433064560576874], [139.9723307442315, 36.43286267595752], [139.97245482815154, 36.43266092713131], [139.97258012955223, 36.432459669722746], [139.97270543095289, 36.43225841231419], [139.97283073235357, 36.43205715490563], [139.97295827008728, 36.431856834462515]]}}, {"type": "Feature", "properties": {"id": "北関東道-上り-4-28", "route": "北関東道", "direction": "上り", "from": null, "to": null, "grade": -0.36, "elevation_start": 66.9, "elevation_end": 66.0, "quality": "estimated", "structure": "normal", "chain_rank": 4, "cum_dist_start": 7000.0, "cum_dist_end": 7250.0, "anomaly": false}, "geometry": {"type": "LineString", "coordinates": [[139.97295827008728, 36.431856834462515], [139.97308958034708, 36.43165809460983], [139.97322167802082, 36.43145969969198], [139.97335603016592, 36.431262292368665], [139.97349038231104, 36.431064885045345], [139.97362473445617, 36.43086747772203], [139.9737590866013, 36.43067007039872], [139.97390120384227, 36.430476302483235], [139.97404651011402, 36.43028402922844], [139.9741918163858, 36.43009175597364], [139.9743342648783, 36.42989809562521]]}}, {"type": "Feature", "properties": {"id": "北関東道-上り-4-29", "route": "北関東道", "direction": "上り", "from": null, "to": null, "grade": -1.04, "elevation_start": 66.0, "elevation_end": 63.4, "quality": "estimated", "structure": "bridge", "chain_rank": 4, "cum_dist_start": 7250.0, "cum_dist_end": 7500.0, "anomaly": false}, "geometry": {"type": "LineString", "coordinates": [[139.9743342648783, 36.42989809562521], [139.97447611135962, 36.42970414307578], [139.9746183869115, 36.42951039703635], [139.97476174896607, 36.42931717392646], [139.97490534922574, 36.42912406744485], [139.97505081784516, 36.428931875736524], [139.97519628646458, 36.4287396840282], [139.975341755084, 36.42854749231988], [139.9754913907381, 36.42835744199477], [139.97564504825863, 36.42816945845282], [139.97579878909212, 36.42798151985677]]}}, {"type": "Feature", "properties": {"id": "北関東道-上り-4-30", "route": "北関東道", "direction": "上り", "from": null, "to": null, "grade": 0.53, "elevation_start": 63.4, "elevation_end": 64.7, "quality": "measured", "structure": "normal", "chain_rank": 4, "cum_dist_start": 7500.0, "cum_dist_end": 7750.0, "anomaly": false}, "geometry": {"type": "LineString", "coordinates": [[139.97579878909212, 36.42798151985677], [139.9759546142638, 36.4277947057244], [139.9761104394355, 36.42760789159203], [139.9762678838972, 36.42742199402376], [139.9764318579256, 36.42723979237545], [139.97659583195403, 36.427057590727145], [139.97676114338125, 36.42687618498441], [139.97692770940927, 36.42669552587292], [139.97709514375612, 36.42651540708236], [139.97726867148666, 36.426339079966816], [139.97744219921722, 36.42616275285126]]}}, {"type": "Feature", "properties": {"id": "北関東道-上り-4-31", "route": "北関東道", "direction": "上り", "from": null, "to": null, "grade": -0.97, "elevation_start": 64.7, "elevation_end": 62.3, "quality": "measured", "structure": "normal", "chain_rank": 4, "cum_dist_start": 7750.0, "cum_dist_end": 8000.0, "anomaly": false}, "geometry": {"type": "LineString", "coordinates": [[139.97744219921722, 36.42616275285126], [139.97761711739605, 36.42598735021811], [139.9777977569167, 36.425815751595444], [139.97798229211602, 36.42564693147844], [139.97817050688442, 36.42548073573177], [139.97835872165285, 36.425314539985095], [139.97854997601146, 36.42515068370051], [139.9787461768819, 36.42499063456624], [139.97894237775233, 36.42483058543197], [139.97914054605087, 36.42467216157886], [139.97934281831894, 36.424517127991706]]}}, {"type": "Feature", "properties": {"id": "北関東道-上り-5-0", "route": "北関東道", "direction": "上り", "from": null, "to": "太田藪塚IC", "grade": -0.01, "elevation_start": 84.5, "elevation_end": 84.4, "quality": "estimated", "structure": "bridge", "chain_rank": 5, "cum_dist_start": 0.0, "cum_dist_end": 250.0, "anomaly": false}, "geometry": {"type": "LineString", "coordinates": [[139.3245152, 36.3467051], [139.32424372016092, 36.34675535813477], [139.32397166559994, 36.34680350846707], [139.3236992329903, 36.34685027229921], [139.32342663573297, 36.346896368929144], [139.32315288383236, 36.346937786594445], [139.32287913193178, 36.346979204259746], [139.3226040793832, 36.34701447462295], [139.32232878843757, 36.347048510574524], [139.3220522399459, 36.347075127802924], [139.32177569145418, 36.347101745031324]]}}, {"type": "Feature", "properties": {"id": "北関東道-上り-5-1", "route": "北関東道", "direction": "上り", "from": null, "to": "太田藪塚IC", "grade": 0.35, "elevation_start": 84.4, "elevation_end": 85.3, "quality": "estimated", "structure": "normal", "chain_rank": 5, "cum_dist_start": 250.0, "cum_dist_end": 500.0, "anomaly": false}, "geometry": {"type": "LineString", "coordinates": [[139.32177569145418, 36.347101745031324], [139.3214989889501, 36.34712717070866], [139.3212216143463, 36.34714739653703], [139.32094411812176, 36.347166454323286], [139.32066646781976, 36.34718403235388], [139.32038840639228, 36.3471962689599], [139.32011018120332, 36.347206251090654], [139.31983191636402, 36.34721544913554], [139.31955348848214, 36.34722055574172], [139.3192750278474, 36.34721916299322], [139.31899655775416, 36.347215893342295]]}}, {"type": "Feature", "properties": {"id": "北関東道-上り-5-2", "route": "北関東道", "direction": "上り", "from": null, "to": "太田藪塚IC", "grade": 0.72, "elevation_start": 85.3, "elevation_end": 87.1, "quality": "estimated", "structure": "bridge", "chain_rank": 5, "cum_dist_start": 500.0, "cum_dist_end": 750.0, "anomaly": false}, "geometry": {"type": "LineString", "coordinates": [[139.31899655775416, 36.347215893342295], [139.31871808766093, 36.34721262369136], [139.3184396660083, 36.34720780408348], [139.31816134733953, 36.34719968929478], [139.31788317503964, 36.347188910983], [139.3176050638207, 36.347177021161556], [139.31732763336584, 36.34715747479635], [139.31705028083292, 36.34713705204394], [139.3167729283, 36.34711662929154], [139.31649557576708, 36.347096206539135], [139.31621841070955, 36.34707419181397]]}}, {"type": "Feature", "properties": {"id": "北関東道-上り-5-3", "route": "北関東道", "direction": "上り", "from": null, "to": "太田藪塚IC", "grade": -0.04, "elevation_start": 87.1, "elevation_end": 87.0, "quality": "estimated", "structure": "normal", "chain_rank": 5, "cum_dist_start": 750.0, "cum_dist_end": 1000.0, "anomaly": false}, "geometry": {"type": "LineString", "coordinates": [[139.31621841070955, 36.34707419181397], [139.31594126274598, 36.34705203193316], [139.3156641147824, 36.34702987205236], [139.3153869668188, 36.34700771217155], [139.31510981885523, 36.34698555229075], [139.31483267089166, 36.34696339240995], [139.3145555229281, 36.34694123252914], [139.31427837496452, 36.34691907264833], [139.31400122700094, 36.346896912767534], [139.31372407903734, 36.34687475288673], [139.31344693107377, 36.34685259300592]]}}, {"type": "Feature", "properties": {"id": "北関東道-上り-5-4", "route": "北関東道", "direction": "上り", "from": null, "to": "太田藪塚IC", "grade": -0.28, "elevation_start": 87.0, "elevation_end": 86.3, "quality": "measured", "structure": "normal", "chain_rank": 5, "cum_dist_start": 1000.0, "cum_dist_end": 1250.0, "anomaly": false}, "geometry": {"type": "LineString", "coordinates": [[139.31344693107377, 36.34685259300592], [139.3131697831102, 36.34683043312512], [139.31289263514662, 36.346808273244314], [139.31261548718305, 36.34678611336351], [139.31233834219105, 36.34676393110319], [139.31206120937756, 36.34674165712473], [139.31178407656407, 36.346719383146265], [139.31150694375057, 36.346697109167806], [139.31122981093708, 36.34667483518935], [139.31095267812358, 36.34665256121089], [139.3106755453101, 36.34663028723243]]}}, {"type": "Feature", "properties": {"id": "北関東道-上り-5-5", "route": "北関東道", "direction": "上り", "from": null, "to": "太田藪塚IC", "grade": 0.19, "elevation_start": 86.3, "elevation_end": 86.8, "quality": "measured", "structure": "normal", "chain_rank": 5, "cum_dist_start": 1250.0, "cum_dist_end": 1500.0, "anomaly": false}, "geometry": {"type": "LineString", "coordinates": [[139.3106755453101, 36.34663028723243], [139.31039841249657, 36.34660801325397], [139.31012127968307, 36.34658573927551], [139.30984414686958, 36.34656346529705], [139.30956701405609, 36.34654119131859], [139.3092898812426, 36.346518917340134], [139.3090127484291, 36.34649664336167], [139.3087356156156, 36.34647436938321], [139.3084584828021, 36.34645209540475], [139.308181350251, 36.34642982017367], [139.3079042200024, 36.34640753395032]]}}, {"type": "Feature", "properties": {"id": "北関東道-上り-5-6", "route": "北関東道", "direction": "上り", "from": null, "to": "太田藪塚IC", "grade": 0.33, "elevation_start": 86.8, "elevation_end": 87.6, "quality": "measured", "structure": "normal", "chain_rank": 5, "cum_dist_start": 1500.0, "cum_dist_end": 1750.0, "anomaly": false}, "geometry": {"type": "LineString", "coordinates": [[139.3079042200024, 36.34640753395032], [139.3076270897538, 36.34638524772697], [139.3073499595052, 36.34636296150362], [139.30707282925658, 36.346340675280274], [139.30679569900798, 36.346318389056925], [139.3065185687594, 36.34629610283357], [139.3062414385108, 36.34627381661022], [139.3059643082622, 36.34625153038687], [139.30568717801359, 36.346229244163524], [139.30541004776498, 36.346206957940176], [139.30513291751637, 36.34618467171683]]}}, {"type": "Feature", "properties": {"id": "北関東道-上り-5-7", "route": "北関東道", "direction": "上り", "from": null, "to": "太田藪塚IC", "grade": 0.29, "elevation_start": 87.6, "elevation_end": 88.3, "quality": "measured", "structure": "normal", "chain_rank": 5, "cum_dist_start": 1750.0, "cum_dist_end": 2000.0, "anomaly": false}, "geometry": {"type": "LineString", "coordinates": [[139.30513291751637, 36.34618467171683], [139.30485580305856, 36.346162260807745], [139.30457872158902, 36.34613958941959], [139.30430164011946, 36.346116918031434], [139.3040245586499, 36.34609424664328], [139.30374747718037, 36.34607157525513], [139.3034703957108, 36.34604890386697], [139.30319331424127, 36.34602623247882], [139.3029162327717, 36.34600356109066], [139.30263915130215, 36.34598088970251], [139.3023620698326, 36.34595821831435]]}}, {"type": "Feature", "properties": {"id": "北関東道-上り-5-8", "route": "北関東道", "direction": "上り", "from": null, "to": "太田藪塚IC", "grade": 0.31, "elevation_start": 88.3, "elevation_end": 89.1, "quality": "measured", "structure": "normal", "chain_rank": 5, "cum_dist_start": 2000.0, "cum_dist_end": 2250.0, "anomaly": false}, "geometry": {"type": "LineString", "coordinates": [[139.3023620698326, 36.34595821831435], [139.30208498836305, 36.3459355469262], [139.30180790689352, 36.34591287553805], [139.30153082542395, 36.34589020414989], [139.30125374395442, 36.34586753276174], [139.30097665841055, 36.345844894708094], [139.30069953374948, 36.345822576696136], [139.3004224101435, 36.3458002511813], [139.30014528887477, 36.34577790904579], [139.29986816760606, 36.345755566910285], [139.29959104633735, 36.345733224774776]]}}, {"type": "Feature", "properties": {"id": "北関東道-上り-5-9", "route": "北関東道", "direction": "上り", "from": null, "to": "太田藪塚IC", "grade": 0.08, "elevation_start": 89.1, "elevation_end": 89.3, "quality": "measured", "structure": "normal", "chain_rank": 5, "cum_dist_start": 2250.0, "cum_dist_end": 2500.0, "anomaly": false}, "geometry": {"type": "LineString", "coordinates": [[139.29959104633735, 36.345733224774776], [139.29931392506865, 36.34571088263926], [139.2990368037999, 36.34568854050375], [139.2987596825312, 36.34566619836824], [139.2984825612625, 36.345643856232726], [139.29820543999378, 36.34562151409722], [139.29792835390634, 36.34559889207047], [139.2976513151336, 36.34557589362273], [139.29737418456477, 36.34555371249711], [139.29709656014148, 36.34553592848829], [139.29681893571822, 36.34551814447948]]}}, {"type": "Feature", "properties": {"id": "北関東道-上り-5-10", "route": "北関東道", "direction": "上り", "from": null, "to": "太田藪塚IC", "grade": -0.22, "elevation_start": 89.3, "elevation_end": 88.8, "quality": "estimated", "structure": "bridge", "chain_rank": 5, "cum_dist_start": 2500.0, "cum_dist_end": 2750.0, "anomaly": false}, "geometry": {"type": "LineString", "coordinates": [[139.29681893571822, 36.34551814447948], [139.29654126130737, 36.34550092616231], [139.29626333446154, 36.3454865645603], [139.29598540761572, 36.345472202958284], [139.29570736744188, 36.34545962833392], [139.29542908356626, 36.345450896446195], [139.29515079969065, 36.34544216455848], [139.29487251581503, 36.34543343267075], [139.29459416390887, 36.34542633688785], [139.29431574000768, 36.34542159448284], [139.29403727396817, 36.345418458385566]]}}, {"type": "Feature", "properties": {"id": "北関東道-上り-5-11", "route": "北関東道", "direction": "上り", "from": null, "to": "太田藪塚IC", "grade": -0.13, "elevation_start": 88.8, "elevation_end": 88.4, "quality": "estimated", "structure": "bridge", "chain_rank": 5, "cum_dist_start": 2750.0, "cum_dist_end": 3000.0, "anomaly": false}, "geometry": {"type": "LineString", "coordinates": [[139.29403727396817, 36.345418458385566], [139.29375880792867, 36.3454153222883], [139.29348033157862, 36.34541388847702], [139.2932018409275, 36.345414815782085], [139.29292335027642, 36.34541574308716], [139.29264486595235, 36.34541702437847], [139.29236645864964, 36.34542261488655], [139.29208805134692, 36.34542820539464], [139.2918096440442, 36.34543379590273], [139.29153124988665, 36.345439672213615], [139.2912530991665, 36.345450841361924]]}}, {"type": "Feature", "properties": {"id": "北関東道-上り-5-12", "route": "北関東道", "direction": "上り", "from": null, "to": "太田藪塚IC", "grade": 0.24, "elevation_start": 88.4, "elevation_end": 89.1, "quality": "estimated", "structure": "normal", "chain_rank": 5, "cum_dist_start": 3000.0, "cum_dist_end": 3250.0, "anomaly": false}, "geometry": {"type": "LineString", "coordinates": [[139.2912530991665, 36.345450841361924], [139.29097494844638, 36.34546201051023], [139.29069679772624, 36.34547317965853], [139.2904189015926, 36.34548776363431], [139.29014110860092, 36.345503731076896], [139.2898633156092, 36.34551969851949], [139.2895858708902, 36.34553912895942], [139.28930854263538, 36.345559717443855], [139.2890312143806, 36.34558030592829], [139.2887538861258, 36.34560089441272], [139.28847680364348, 36.3456234043381]]}}, {"type": "Feature", "properties": {"id": "北関東道-上り-5-13", "route": "北関東道", "direction": "上り", "from": null, "to": "太田藪塚IC", "grade": 0.26, "elevation_start": 89.1, "elevation_end": 89.7, "quality": "estimated", "structure": "bridge", "chain_rank": 5, "cum_dist_start": 3250.0, "cum_dist_end": 3500.0, "anomaly": false}, "geometry": {"type": "LineString", "coordinates": [[139.28847680364348, 36.3456234043381], [139.2882001426908, 36.3456492097675], [139.28792348173812, 36.3456750151969], [139.2876468131223, 36.345700767729696], [139.2873712360752, 36.34573314394847], [139.2870958926345, 36.345766937988586], [139.2868205491938, 36.34580073202871], [139.2865452057531, 36.34583452606882], [139.28627004952446, 36.345869305524566], [139.28599489768374, 36.34590410807665], [139.28571974584304, 36.34593891062874]]}}, {"type": "Feature", "properties": {"id": "北関東道-上り-5-14", "route": "北関東道", "direction": "上り", "from": null, "to": "太田藪塚IC", "grade": 0.26, "elevation_start": 89.7, "elevation_end": 90.3, "quality": "estimated", "structure": "bridge", "chain_rank": 5, "cum_dist_start": 3500.0, "cum_dist_end": 3750.0, "anomaly": false}, "geometry": {"type": "LineString", "coordinates": [[139.28571974584304, 36.34593891062874], [139.28544552602497, 36.34597815573466], [139.28517159300768, 36.346018767897114], [139.28489765999035, 36.346059380059565], [139.28462432798918, 36.346102487285826], [139.2843515978251, 36.34614809298406], [139.284078867661, 36.34619369868229], [139.28380613749692, 36.346239304380525], [139.28353351792597, 36.34628533639302], [139.28326116108877, 36.346332381191615], [139.2829887035793, 36.34637904383578]]}}, {"type": "Feature", "properties": {"id": "北関東道-上り-5-15", "route": "北関東道", "direction": "上り", "from": null, "to": "太田藪塚IC", "grade": 0.26, "elevation_start": 90.3, "elevation_end": 91.0, "quality": "estimated", "structure": "bridge", "chain_rank": 5, "cum_dist_start": 3750.0, "cum_dist_end": 4000.0, "anomaly": false}, "geometry": {"type": "LineString", "coordinates": [[139.2829887035793, 36.34637904383578], [139.28271624013541, 36.34642568395284], [139.28244316269323, 36.34646990766585], [139.28217003518975, 36.3465139343615], [139.28189690768625, 36.34655796105714], [139.28162345429445, 36.346600618205166], [139.28134962988213, 36.34664171613745], [139.28107548925792, 36.34668139097114], [139.28080095974704, 36.346719287151146], [139.2805260700295, 36.346755360074795], [139.28025061086197, 36.34678855061612]]}}, {"type": "Feature", "properties": {"id": "北関東道-上り-5-16", "route": "北関東道", "direction": "上り", "from": null, "to": "太田藪塚IC", "grade": 0.16, "elevation_start": 91.0, "elevation_end": 91.4, "quality": "estimated", "structure": "bridge", "chain_rank": 5, "cum_dist_start": 4000.0, "cum_dist_end": 4250.0, "anomaly": false}, "geometry": {"type": "LineString", "coordinates": [[139.28025061086197, 36.34678855061612], [139.27997515169443, 36.34682174115745], [139.27969945616564, 36.34685361053939], [139.27942360952738, 36.34688460206925], [139.27914703868137, 36.34691106245308], [139.27886995178844, 36.34693341986754], [139.27859245974227, 36.34695255600265], [139.27831496769613, 36.34697169213776], [139.27803733588752, 36.34698943908846], [139.2777592455694, 36.34700155256988], [139.27748112501925, 36.34701328858515]]}}, {"type": "Feature", "properties": {"id": "北関東道-上り-5-17", "route": "北関東道", "direction": "上り", "from": "太田藪塚IC", "to": null, "grade": -0.27, "elevation_start": 91.4, "elevation_end": 90.7, "quality": "measured", "structure": "normal", "chain_rank": 5, "cum_dist_start": 4250.0, "cum_dist_end": 4500.0, "anomaly": false}, "geometry": {"type": "LineString", "coordinates": [[139.27748112501925, 36.34701328858515], [139.27720290227978, 36.34702326724622], [139.27692461411203, 36.34703149923782], [139.27664611677895, 36.34703222299917], [139.27636761944586, 36.34703294676051], [139.27608912211278, 36.34703367052185], [139.27581067886965, 36.347029733468794], [139.27553224741126, 36.34702478095102], [139.2752539070211, 36.34701742221639], [139.27497567282452, 36.34700777232463], [139.27469769521724, 36.34699401273366]]}}, {"type": "Feature", "properties": {"id": "北関東道-上り-5-18", "route": "北関東道", "direction": "上り", "from": "太田藪塚IC", "to": null, "grade": -0.47, "elevation_start": 90.7, "elevation_end": 89.5, "quality": "estimated", "structure": "bridge", "chain_rank": 5, "cum_dist_start": 4500.0, "cum_dist_end": 4750.0, "anomaly": false}, "geometry": {"type": "LineString", "coordinates": [[139.27469769521724, 36.34699401273366], [139.27441996138128, 36.34697732794731], [139.27414231097106, 36.346959764344405], [139.27386499889192, 36.34693919159916], [139.27358802332094, 36.34691566351081], [139.273311454439, 36.346889308341154], [139.27303520379698, 36.34686074480279], [139.27275968444695, 36.34682788443295], [139.2724839178535, 36.34679640860446], [139.27220830577858, 36.34676414694342], [139.27193407478825, 36.34672486152187]]}}, {"type": "Feature", "properties": {"id": "北関東道-上り-5-19", "route": "北関東道", "direction": "上り", "from": "太田藪塚IC", "to": null, "grade": -0.35, "elevation_start": 89.5, "elevation_end": 88.6, "quality": "estimated", "structure": "normal", "chain_rank": 5, "cum_dist_start": 4750.0, "cum_dist_end": 5000.0, "anomaly": false}, "geometry": {"type": "LineString", "coordinates": [[139.27193407478825, 36.34672486152187], [139.27165984379795, 36.34668557610033], [139.2713863707464, 36.34664301676508], [139.27111314538345, 36.34659938753981], [139.27084076739297, 36.346552584984956], [139.27056963764628, 36.346501107875106], [139.2702985078996, 36.346449630765264], [139.27002796319456, 36.34639627692231], [139.2697590731832, 36.3463376150497], [139.2694901831718, 36.346278953177084], [139.26922132798413, 36.34622019329697]]}}, {"type": "Feature", "properties": {"id": "北関東道-上り-5-20", "route": "北関東道", "direction": "上り", "from": "太田藪塚IC", "to": null, "grade": -0.49, "elevation_start": 88.6, "elevation_end": 87.4, "quality": "measured", "structure": "normal", "chain_rank": 5, "cum_dist_start": 5000.0, "cum_dist_end": 5250.0, "anomaly": false}, "geometry": {"type": "LineString", "coordinates": [[139.26922132798413, 36.34622019329697], [139.26895496404578, 36.3461544220697], [139.2686886001074, 36.34608865084243], [139.268423183894, 36.34602049071464], [139.26815924344325, 36.34594861067835], [139.26789581332324, 36.345875542923245], [139.2676336476055, 36.34579953246012], [139.26737148188775, 36.34572352199699], [139.2671106129315, 36.345644668408], [139.26685022357282, 36.34556476331002], [139.26658983421416, 36.34548485821205]]}}, {"type": "Feature", "properties": {"id": "北関東道-上り-5-21", "route": "北関東道", "direction": "上り", "from": "太田藪塚IC", "to": null, "grade": -0.33, "elevation_start": 87.4, "elevation_end": 86.6, "quality": "measured", "structure": "normal", "chain_rank": 5, "cum_dist_start": 5250.0, "cum_dist_end": 5500.0, "anomaly": false}, "geometry": {"type": "LineString", "coordinates": [[139.26658983421416, 36.34548485821205], [139.26632962327008, 36.34540457545732], [139.26606950887944, 36.34532408832439], [139.26580939448877, 36.345243601191456], [139.26554928009813, 36.34516311405852], [139.26528850908585, 36.345084034380505], [139.26502762511277, 36.345005196831664], [139.26476674113965, 36.34492635928282], [139.26450585716657, 36.34484752173398], [139.26424497319346, 36.34476868418514], [139.2639833336708, 36.344691530641775]]}}, {"type": "Feature", "properties": {"id": "北関東道-上り-5-22", "route": "北関東道", "direction": "上り", "from": "太田藪塚IC", "to": null, "grade": -0.35, "elevation_start": 86.6, "elevation_end": 85.7, "quality": "measured", "structure": "normal", "chain_rank": 5, "cum_dist_start": 5500.0, "cum_dist_end": 5750.0, "anomaly": false}, "geometry": {"type": "LineString", "coordinates": [[139.2639833336708, 36.344691530641775], [139.2637207208193, 36.34461654650082], [139.2634581079678, 36.34454156235988], [139.26319549511632, 36.34446657821893], [139.26293056247255, 36.344397334391516], [139.2626639236074, 36.34433231259968], [139.26239728474224, 36.34426729080785], [139.2621280980122, 36.344209574300876], [139.26185877979879, 36.34415223478548], [139.26158758172002, 36.34410141373842], [139.26131463948934, 36.34405668152409]]}}, {"type": "Feature", "properties": {"id": "北関東道-上り-5-23", "route": "北関東道", "direction": "上り", "from": "太田藪塚IC", "to": null, "grade": -0.26, "elevation_start": 85.7, "elevation_end": 85.1, "quality": "measured", "structure": "normal", "chain_rank": 5, "cum_dist_start": 5750.0, "cum_dist_end": 6000.0, "anomaly": false}, "geometry": {"type": "LineString", "coordinates": [[139.26131463948934, 36.34405668152409], [139.26104120410344, 36.34401396019867], [139.2607677638343, 36.343971260885844], [139.26049303370928, 36.34393437600289], [139.26021830358422, 36.34389749111993], [139.25994280310772, 36.343864969135325], [139.25966594548706, 36.343840679279786], [139.2593889598668, 36.34381731348595], [139.2591112577524, 36.34380040823246], [139.25883336674528, 36.34378572590591], [139.2585552949349, 36.34377346356908]]}}, {"type": "Feature", "properties": {"id": "北関東道-上り-5-24", "route": "北関東道", "direction": "上り", "from": "太田藪塚IC", "to": null, "grade": -0.27, "elevation_start": 85.1, "elevation_end": 84.4, "quality": "measured", "structure": "normal", "chain_rank": 5, "cum_dist_start": 6000.0, "cum_dist_end": 6250.0, "anomaly": false}, "geometry": {"type": "LineString", "coordinates": [[139.2585552949349, 36.34377346356908], [139.25827704412495, 36.343764770515435], [139.25799862014028, 36.343760586508665], [139.2577201366431, 36.34376173612681], [139.25744165314586, 36.343762885744944], [139.2571634285084, 36.34377261842413], [139.25688527781412, 36.34378352550862], [139.25660735133553, 36.34379781563641], [139.25632955352518, 36.34381331322322], [139.256052704971, 36.34383771890158], [139.2557760365065, 36.3438633429636]]}}, {"type": "Feature", "properties": {"id": "北関東道-上り-5-25", "route": "北関東道", "direction": "上り", "from": "太田藪塚IC", "to": null, "grade": 0.56, "elevation_start": 84.4, "elevation_end": 85.8, "quality": "measured", "structure": "normal", "chain_rank": 5, "cum_dist_start": 6250.0, "cum_dist_end": 6500.0, "anomaly": false}, "geometry": {"type": "LineString", "coordinates": [[139.2557760365065, 36.3438633429636], [139.2554998828932, 36.3438924502158], [139.25522372927992, 36.343921557467986], [139.2549494564433, 36.3439600069289], [139.25467615934141, 36.34400330306687], [139.25440302620407, 36.34404722859365], [139.25413138034548, 36.34409686313746], [139.25386015362963, 36.34414796002348], [139.25358923779393, 36.3442001415355], [139.25332095730533, 36.34426057262604], [139.253053658413, 36.344323772737525]]}}, {"type": "Feature", "properties": {"id": "北関東道-上り-6-0", "route": "北関東道", "direction": "上り", "from": null, "to": "足利ＩＣ", "grade": -0.38, "elevation_start": 88.2, "elevation_end": 87.3, "quality": "measured", "structure": "normal", "chain_rank": 6, "cum_dist_start": 0.0, "cum_dist_end": 250.0, "anomaly": false}, "geometry": {"type": "LineString", "coordinates": [[139.5375798, 36.3727849], [139.5373261182648, 36.372878016952356], [139.53706919073792, 36.37296508308741], [139.5368094102899, 36.373046381189454], [139.53654844564412, 36.37312524695382], [139.5362854839227, 36.37319963473228], [139.5360217273797, 36.373272158408696], [139.5357573766486, 36.373343269692405], [139.53549080756304, 36.37340853962762], [139.5352226630289, 36.37346966110761], [139.53495415873437, 36.373529666157864]]}}, {"type": "Feature", "properties": {"id": "北関東道-上り-6-1", "route": "北関東道", "direction": "上り", "from": null, "to": "足利ＩＣ", "grade": -0.19, "elevation_start": 87.3, "elevation_end": 86.8, "quality": "measured", "structure": "normal", "chain_rank": 6, "cum_dist_start": 250.0, "cum_dist_end": 500.0, "anomaly": false}, "geometry": {"type": "LineString", "coordinates": [[139.53495415873437, 36.373529666157864], [139.53468322462305, 36.373582130856434], [139.53441206542587, 36.373633785563136], [139.5341394187531, 36.37368008745404], [139.53386594467457, 36.37372291334991], [139.5335915234944, 36.37376176039939], [139.53331642170266, 36.373797303801176], [139.53304070825146, 36.37382948431083], [139.5327644871472, 36.37385882830467], [139.53248750540627, 36.37388278214945], [139.53221020978833, 36.37390451174758]]}}, {"type": "Feature", "properties": {"id": "北関東道-上り-6-2", "route": "北関東道", "direction": "上り", "from": null, "to": "足利ＩＣ", "grade": 1.23, "elevation_start": 86.8, "elevation_end": 89.9, "quality": "estimated", "structure": "bridge", "chain_rank": 6, "cum_dist_start": 500.0, "cum_dist_end": 750.0, "anomaly": false}, "geometry": {"type": "LineString", "coordinates": [[139.53221020978833, 36.37390451174758], [139.5319323575619, 36.37392079655562], [139.531654413124, 36.37393617934262], [139.53137604417014, 36.37394434806741], [139.53109754922082, 36.37395037567233], [139.5308189833677, 36.37395127741299], [139.53054039135887, 36.3739502882704], [139.53026191489218, 36.373944494591754], [139.52998357875856, 36.3739352035624], [139.52970555603093, 36.37392077556079], [139.52942757926579, 36.373905796671146]]}}, {"type": "Feature", "properties": {"id": "北関東道-上り-6-3", "route": "北関東道", "direction": "上り", "from": null, "to": "足利ＩＣ", "grade": 2.5, "elevation_start": 89.9, "elevation_end": 96.1, "quality": "estimated", "structure": "bridge", "chain_rank": 6, "cum_dist_start": 750.0, "cum_dist_end": 1000.0, "anomaly": false}, "geometry": {"type": "LineString", "coordinates": [[139.52942757926579, 36.373905796671146], [139.52914981764724, 36.37388848832431], [139.52887258709978, 36.3738663193443], [139.5285955654649, 36.37384241418555], [139.52831871745101, 36.373817246525675], [139.52804196548314, 36.37379138045844], [139.52776575995466, 36.3737620597068], [139.52748986535508, 36.373730773208905], [139.52721392074392, 36.373699778001345], [139.52693794911661, 36.3736689401484], [139.5266622661503, 36.373636460743164]]}}, {"type": "Feature", "properties": {"id": "北関東道-上り-6-4", "route": "北関東道", "direction": "上り", "from": null, "to": "足利ＩＣ", "grade": 1.13, "elevation_start": 96.1, "elevation_end": 98.9, "quality": "measured", "structure": "normal", "chain_rank": 6, "cum_dist_start": 1000.0, "cum_dist_end": 1250.0, "anomaly": false}, "geometry": {"type": "LineString", "coordinates": [[139.5266622661503, 36.373636460743164], [139.5263865854496, 36.37360396845409], [139.52611090474886, 36.37357147616501], [139.52583522404814, 36.37353898387593], [139.5255595433474, 36.37350649158686], [139.52528386264666, 36.37347399929778], [139.52500818194594, 36.3734415070087], [139.52473246805414, 36.3734092033816], [139.52445674811588, 36.37337693412315], [139.52418102817762, 36.3733446648647], [139.5239053082394, 36.37331239560626]]}}, {"type": "Feature", "properties": {"id": "北関東道-上り-6-5", "route": "北関東道", "direction": "上り", "from": null, "to": "足利ＩＣ", "grade": 1.09, "elevation_start": 98.9, "elevation_end": 101.7, "quality": "estimated", "structure": "normal", "chain_rank": 6, "cum_dist_start": 1250.0, "cum_dist_end": 1500.0, "anomaly": false}, "geometry": {"type": "LineString", "coordinates": [[139.5239053082394, 36.37331239560626], [139.52362958830113, 36.373280126347815], [139.5233538683629, 36.37324785708937], [139.52307814842464, 36.37321558783092], [139.52280243612284, 36.3731832789648], [139.5225267273443, 36.37315095182467], [139.52225101856578, 36.37311862468454], [139.52197530978725, 36.373086297544404], [139.52169960100872, 36.373053970404264], [139.5214238922302, 36.37302164326413], [139.52114818345166, 36.372989316124]]}}, {"type": "Feature", "properties": {"id": "北関東道-上り-6-6", "route": "北関東道", "direction": "上り", "from": null, "to": "足利ＩＣ", "grade": 1.55, "elevation_start": 101.7, "elevation_end": 105.6, "quality": "estimated", "structure": "bridge", "chain_rank": 6, "cum_dist_start": 1500.0, "cum_dist_end": 1750.0, "anomaly": false}, "geometry": {"type": "LineString", "coordinates": [[139.52114818345166, 36.372989316124], [139.520872884736, 36.372954785707165], [139.52059760759934, 36.372920139345986], [139.5203223304627, 36.372885492984814], [139.5200462684951, 36.372855397080144], [139.51977022911774, 36.372824976772925], [139.51949418974039, 36.37279455646571], [139.51921815036303, 36.372764136158494], [139.51894186925352, 36.3727351891257], [139.5186655854429, 36.372706258555176], [139.51838930163228, 36.37267732798466]]}}, {"type": "Feature", "properties": {"id": "北関東道-上り-6-7", "route": "北関東道", "direction": "上り", "from": null, "to": "足利ＩＣ", "grade": 1.31, "elevation_start": 105.6, "elevation_end": 108.8, "quality": "estimated", "structure": "normal", "chain_rank": 6, "cum_dist_start": 1750.0, "cum_dist_end": 2000.0, "anomaly": false}, "geometry": {"type": "LineString", "coordinates": [[139.51838930163228, 36.37267732798466], [139.51811243859305, 36.37265235948658], [139.51783543256056, 36.37262836909888], [139.51755842652807, 36.37260437871117], [139.51728127721188, 36.37258151115539], [139.51700405649657, 36.37255920311326], [139.51672717327315, 36.37253436043404], [139.51645043194767, 36.37250845207054], [139.5161736906222, 36.37248254370704], [139.51589749145657, 36.372453285781184], [139.51562182528176, 36.372420734940775]]}}, {"type": "Feature", "properties": {"id": "北関東道-上り-6-8", "route": "北関東道", "direction": "上り", "from": null, "to": "足利ＩＣ", "grade": -0.17, "elevation_start": 108.8, "elevation_end": 108.4, "quality": "estimated", "structure": "normal", "chain_rank": 6, "cum_dist_start": 2000.0, "cum_dist_end": 2250.0, "anomaly": false}, "geometry": {"type": "LineString", "coordinates": [[139.51562182528176, 36.372420734940775], [139.51534615910694, 36.37238818410036], [139.51507109340318, 36.37235246770787], [139.51479603111486, 36.37231673330989], [139.51452123400543, 36.372279741825466], [139.51424707410055, 36.37223972965867], [139.5139738667093, 36.37219571235654], [139.51370198869145, 36.372146627265174], [139.51343051620552, 36.372096033177016], [139.51315904371955, 36.372045439088865], [139.51288684742678, 36.371997494253826]]}}, {"type": "Feature", "properties": {"id": "北関東道-上り-6-9", "route": "北関東道", "direction": "上り", "from": null, "to": "足利ＩＣ", "grade": -2.38, "elevation_start": 108.4, "elevation_end": 102.5, "quality": "estimated", "structure": "tunnel", "chain_rank": 6, "cum_dist_start": 2250.0, "cum_dist_end": 2500.0, "anomaly": false}, "geometry": {"type": "LineString", "coordinates": [[139.51288684742678, 36.371997494253826], [139.51261429961136, 36.371950836050225], [139.5123417517959, 36.37190417784662], [139.512070828998, 36.37185190186618], [139.51180096220943, 36.37179597520193], [139.5115310954209, 36.371740048537674], [139.51126122863235, 36.37168412187342], [139.51099136184382, 36.37162819520917], [139.5107221992179, 36.37157013232288], [139.51045369362825, 36.371510076181835], [139.51018518803863, 36.37145002004078]]}}, {"type": "Feature", "properties": {"id": "北関東道-上り-6-10", "route": "北関東道", "direction": "上り", "from": null, "to": "足利ＩＣ", "grade": -2.38, "elevation_start": 102.5, "elevation_end": 96.5, "quality": "estimated", "structure": "tunnel", "chain_rank": 6, "cum_dist_start": 2500.0, "cum_dist_end": 2750.0, "anomaly": false}, "geometry": {"type": "LineString", "coordinates": [[139.51018518803863, 36.37145002004078], [139.50991668244902, 36.37138996389973], [139.5096488340481, 36.371328103179906], [139.5093829263778, 36.37126091339511], [139.50911701870754, 36.37119372361031], [139.5088514820412, 36.37112560878833], [139.50858741185831, 36.37105383753149], [139.5083233416754, 36.37098206627466], [139.50805961010167, 36.370909519296305], [139.50779833169972, 36.37083135233327], [139.50753705329777, 36.37075318537023]]}}, {"type": "Feature", "properties": {"id": "北関東道-上り-6-11", "route": "北関東道", "direction": "上り", "from": null, "to": "足利ＩＣ", "grade": -2.38, "elevation_start": 96.5, "elevation_end": 90.6, "quality": "estimated", "structure": "tunnel", "chain_rank": 6, "cum_dist_start": 2750.0, "cum_dist_end": 3000.0, "anomaly": false}, "geometry": {"type": "LineString", "coordinates": [[139.50753705329777, 36.37075318537023], [139.5072758697016, 36.370674813030845], [139.50701503822168, 36.37059567790714], [139.50675420674176, 36.370516542783434], [139.50649337526187, 36.37043740765973], [139.50623267216451, 36.37035800708981], [139.50597464142098, 36.3702730811107], [139.50571661067747, 36.3701881551316], [139.50545857993393, 36.37010322915249], [139.50520057388826, 36.3700182544672], [139.50494285174298, 36.36993271990689]]}}, {"type": "Feature", "properties": {"id": "北関東道-上り-6-12", "route": "北関東道", "direction": "上り", "from": null, "to": "足利ＩＣ", "grade": -2.38, "elevation_start": 90.6, "elevation_end": 84.7, "quality": "estimated", "structure": "tunnel", "chain_rank": 6, "cum_dist_start": 3000.0, "cum_dist_end": 3250.0, "anomaly": false}, "geometry": {"type": "LineString", "coordinates": [[139.50494285174298, 36.36993271990689], [139.50468512959773, 36.369847185346586], [139.50442740745248, 36.36976165078628], [139.50417094313795, 36.369673717327906], [139.50391571817408, 36.36958342021614], [139.50366049321022, 36.36949312310437], [139.50340526824635, 36.3694028259926], [139.50315080078542, 36.36931115221006], [139.5028969310586, 36.36921839211755], [139.50264306133172, 36.36912563202505], [139.50238919160486, 36.369032871932546]]}}, {"type": "Feature", "properties": {"id": "北関東道-上り-6-13", "route": "北関東道", "direction": "上り", "from": null, "to": "足利ＩＣ", "grade": -2.38, "elevation_start": 84.7, "elevation_end": 78.7, "quality": "estimated", "structure": "tunnel", "chain_rank": 6, "cum_dist_start": 3250.0, "cum_dist_end": 3500.0, "anomaly": false}, "geometry": {"type": "LineString", "coordinates": [[139.50238919160486, 36.369032871932546], [139.50213874464393, 36.3689343101551], [139.50188985226842, 36.368833113311446], [139.5016409598929, 36.368731916467794], [139.50139377903375, 36.36862802189889], [139.50114700298485, 36.36852349297939], [139.50090211436364, 36.36841609923016], [139.50065759037014, 36.368308169844575], [139.5004143684668, 36.36819832769469], [139.50017114656347, 36.3680884855448], [139.49992893927222, 36.3679771896709]]}}, {"type": "Feature", "properties": {"id": "北関東道-上り-6-14", "route": "北関東道", "direction": "上り", "from": null, "to": "足利ＩＣ", "grade": -2.2, "elevation_start": 78.7, "elevation_end": 73.2, "quality": "measured", "structure": "normal", "chain_rank": 6, "cum_dist_start": 3500.0, "cum_dist_end": 3750.0, "anomaly": false}, "geometry": {"type": "LineString", "coordinates": [[139.49992893927222, 36.3679771896709], [139.4996880750951, 36.367864014612195], [139.49944817114684, 36.36774950113099], [139.49920826719858, 36.36763498764978], [139.49897075406304, 36.36751727917978], [139.49873398886717, 36.367398571192396], [139.4984972236713, 36.36727986320501], [139.4982619367024, 36.36715928207379], [139.49802904990622, 36.3670356595499], [139.49779616311002, 36.36691203702601], [139.49756327631383, 36.36678841450212]]}}, {"type": "Feature", "properties": {"id": "北関東道-上り-6-15", "route": "北関東道", "direction": "上り", "from": null, "to": "足利ＩＣ", "grade": -4.06, "elevation_start": 73.2, "elevation_end": 63.0, "quality": "measured", "structure": "normal", "chain_rank": 6, "cum_dist_start": 3750.0, "cum_dist_end": 4000.0, "anomaly": false}, "geometry": {"type": "LineString", "coordinates": [[139.49756327631383, 36.36678841450212], [139.49733038951763, 36.36666479197822], [139.49709763815562, 36.366541004284464], [139.49686506180907, 36.36641700314922], [139.4966324854625, 36.36629300201398], [139.49639990911595, 36.36616900087874], [139.49616733276937, 36.3660449997435], [139.49593475642283, 36.36592099860826], [139.49570218007625, 36.36579699747302], [139.49546960372967, 36.36567299633778], [139.49523702738313, 36.36554899520254]]}}, {"type": "Feature", "properties": {"id": "北関東道-上り-6-16", "route": "北関東道", "direction": "上り", "from": null, "to": "足利ＩＣ", "grade": 1.59, "elevation_start": 63.0, "elevation_end": 67.0, "quality": "measured", "structure": "normal", "chain_rank": 6, "cum_dist_start": 4000.0, "cum_dist_end": 4250.0, "anomaly": false}, "geometry": {"type": "LineString", "coordinates": [[139.49523702738313, 36.36554899520254], [139.4950051768721, 36.36542411247291], [139.49477367065734, 36.365298811563655], [139.49454216444255, 36.3651735106544], [139.49431065822776, 36.36504820974515], [139.494079152013, 36.364922908835894], [139.4938476457982, 36.36479760792664], [139.49361346281688, 36.364675615710006], [139.4933788821488, 36.36455411506529], [139.4931443014807, 36.36443261442058], [139.4929097208126, 36.36431111377587]]}}, {"type": "Feature", "properties": {"id": "北関東道-上り-6-17", "route": "北関東道", "direction": "上り", "from": null, "to": "足利ＩＣ", "grade": -2.47, "elevation_start": 67.0, "elevation_end": 60.8, "quality": "measured", "structure": "normal", "chain_rank": 6, "cum_dist_start": 4250.0, "cum_dist_end": 4500.0, "anomaly": false}, "geometry": {"type": "LineString", "coordinates": [[139.4929097208126, 36.36431111377587], [139.49267453214114, 36.36419039428344], [139.49243773884263, 36.364071736388276], [139.49220094554414, 36.363953078493104], [139.49196415224566, 36.36383442059794], [139.49172393288165, 36.363720521664234], [139.49147947460511, 36.36361251077372], [139.49123501632857, 36.363504499883206], [139.49098761997473, 36.363401078387746], [139.490737485815, 36.36330193345532], [139.49048735165528, 36.363202788522884]]}}, {"type": "Feature", "properties": {"id": "北関東道-上り-6-18", "route": "北関東道", "direction": "上り", "from": null, "to": "足利ＩＣ", "grade": -1.53, "elevation_start": 60.8, "elevation_end": 57.0, "quality": "measured", "structure": "normal", "chain_rank": 6, "cum_dist_start": 4500.0, "cum_dist_end": 4750.0, "anomaly": false}, "geometry": {"type": "LineString", "coordinates": [[139.49048735165528, 36.363202788522884], [139.49023156913404, 36.36311360967269], [139.48997544280726, 36.36302503743992], [139.4897174276013, 36.362940264573304], [139.4894567960052, 36.3628607544173], [139.48919470090297, 36.3627848521509], [139.48892649144952, 36.36272402321049], [139.48865828199607, 36.36266319427007], [139.48838964197378, 36.362603628262995], [139.48812081964448, 36.362544596994034], [139.48784942508811, 36.36249425415292]]}}, {"type": "Feature", "properties": {"id": "北関東道-上り-6-19", "route": "北関東道", "direction": "上り", "from": null, "to": "足利ＩＣ", "grade": -1.47, "elevation_start": 57.0, "elevation_end": 53.3, "quality": "measured", "structure": "normal", "chain_rank": 6, "cum_dist_start": 4750.0, "cum_dist_end": 5000.0, "anomaly": false}, "geometry": {"type": "LineString", "coordinates": [[139.48784942508811, 36.36249425415292], [139.4875767028062, 36.362448396082186], [139.48730370955886, 36.362403696713066], [139.48702912207548, 36.3623658146123], [139.48675371174062, 36.36233252055766], [139.48647713470146, 36.36230573179999], [139.48620034693474, 36.36228065268604], [139.48592267523273, 36.362262744984605], [139.48564494820022, 36.362245441933396], [139.48536704405436, 36.36223007437155], [139.4850891399085, 36.36221470680971]]}}, {"type": "Feature", "properties": {"id": "北関東道-上り-6-20", "route": "北関東道", "direction": "上り", "from": "足利ＩＣ", "to": null, "grade": -0.11, "elevation_start": 53.3, "elevation_end": 53.0, "quality": "measured", "structure": "normal", "chain_rank": 6, "cum_dist_start": 5000.0, "cum_dist_end": 5250.0, "anomaly": false}, "geometry": {"type": "LineString", "coordinates": [[139.4850891399085, 36.36221470680971], [139.48481066373114, 36.36221944299319], [139.4845321797506, 36.362224453414356], [139.48425410135067, 36.36223730823979], [139.4839760726131, 36.36225112359316], [139.48369866315585, 36.36227070952611], [139.4834218498809, 36.3622958508067], [139.4831453123323, 36.362322681543816], [139.48286991606287, 36.36235650523295], [139.48259451979342, 36.36239032892209], [139.48232178705575, 36.362436020495934]]}}, {"type": "Feature", "properties": {"id": "北関東道-上り-6-21", "route": "北関東道", "direction": "上り", "from": "足利ＩＣ", "to": null, "grade": 0.65, "elevation_start": 53.0, "elevation_end": 54.7, "quality": "measured", "structure": "normal", "chain_rank": 6, "cum_dist_start": 5250.0, "cum_dist_end": 5500.0, "anomaly": false}, "geometry": {"type": "LineString", "coordinates": [[139.48232178705575, 36.362436020495934], [139.48204935618418, 36.36248297406573], [139.481778740779, 36.36253637729138], [139.4815081253738, 36.36258978051702], [139.48123957784637, 36.362649442837764], [139.4809726241276, 36.36271371781687], [139.4807079159088, 36.36278386050955], [139.4804443331322, 36.36285672882604], [139.48018304298427, 36.36293471828746], [139.47992289079892, 36.3630152496657], [139.479662842988, 36.36309598411956]]}}, {"type": "Feature", "properties": {"id": "北関東道-上り-7-0", "route": "北関東道", "direction": "上り", "from": null, "to": "岩舟JCT", "grade": -0.89, "elevation_start": 47.3, "elevation_end": 45.0, "quality": "measured", "structure": "normal", "chain_rank": 7, "cum_dist_start": 0.0, "cum_dist_end": 250.0, "anomaly": false}, "geometry": {"type": "LineString", "coordinates": [[139.6269866, 36.3572975], [139.62695457749118, 36.3570736989039], [139.62691910514405, 36.356850276684845], [139.6268761933022, 36.35662767150517], [139.6268231366991, 36.35640660604459], [139.6267633637026, 36.35618655996325], [139.6266893018528, 36.355969399392826], [139.6266141977056, 36.355752449305385], [139.62653610715063, 36.355536213689966], [139.62645324377755, 36.355321119929684], [139.62637038040447, 36.3551060261694]]}}, {"type": "Feature", "properties": {"id": "北関東道-上り-7-1", "route": "北関東道", "direction": "上り", "from": null, "to": "岩舟JCT", "grade": -1.09, "elevation_start": 45.0, "elevation_end": 42.3, "quality": "measured", "structure": "normal", "chain_rank": 7, "cum_dist_start": 250.0, "cum_dist_end": 500.0, "anomaly": false}, "geometry": {"type": "LineString", "coordinates": [[139.62637038040447, 36.3551060261694], [139.62628751703136, 36.35489093240911], [139.62620181999563, 36.3546765870772], [139.62611180797725, 36.35446338142062], [139.62602179595885, 36.35425017576404], [139.62593174073444, 36.35403698209391], [139.62584137885628, 36.353823873497305], [139.62575101697814, 36.3536107649007], [139.62566065509998, 36.353397656304104], [139.62557295933436, 36.353183829167065], [139.625487946967, 36.352969295981644]]}}, {"type": "Feature", "properties": {"id": "北関東道-上り-7-2", "route": "北関東道", "direction": "上り", "from": null, "to": "岩舟JCT", "grade": -0.75, "elevation_start": 42.3, "elevation_end": 40.5, "quality": "estimated", "structure": "normal", "chain_rank": 7, "cum_dist_start": 500.0, "cum_dist_end": 750.0, "anomaly": false}, "geometry": {"type": "LineString", "coordinates": [[139.625487946967, 36.352969295981644], [139.62541186864354, 36.35275256865685], [139.62534464732317, 36.35253396081123], [139.62528939255623, 36.35231317891196], [139.62523923362917, 36.35209159323339], [139.62519503969673, 36.351869152401605], [139.6251571330411, 36.35164598934401], [139.62512900506331, 36.35142190252301], [139.6251093548318, 36.35119719566693], [139.62509857322766, 36.35097206933569], [139.62510015834619, 36.35074679024088]]}}, {"type": "Feature", "properties": {"id": "北関東道-上り-7-3", "route": "北関東道", "direction": "上り", "from": null, "to": "岩舟JCT", "grade": 0.77, "elevation_start": 40.5, "elevation_end": 42.4, "quality": "estimated", "structure": "bridge", "chain_rank": 7, "cum_dist_start": 750.0, "cum_dist_end": 1000.0, "anomaly": false}, "geometry": {"type": "LineString", "coordinates": [[139.62510015834619, 36.35074679024088], [139.62510243788927, 36.350521502568], [139.6250954797811, 36.35029635309758], [139.62506675764797, 36.35007256574234], [139.62500866470535, 36.349852420665364], [139.6249040150814, 36.34964393633176], [139.6247575293753, 36.349452947226204], [139.62457653102646, 36.349282087126646], [139.62435897510997, 36.349141868481354], [139.6241203280206, 36.349026633945265], [139.62385919898867, 36.348949097536185]]}}, {"type": "Feature", "properties": {"id": "北関東道-上り-7-4", "route": "北関東道", "direction": "上り", "from": "岩舟JCT", "to": null, "grade": 0.33, "elevation_start": 42.4, "elevation_end": 43.2, "quality": "estimated", "structure": "bridge", "chain_rank": 7, "cum_dist_start": 1000.0, "cum_dist_end": 1250.0, "anomaly": false}, "geometry": {"type": "LineString", "coordinates": [[139.62385919898867, 36.348949097536185], [139.62358733522854, 36.348901997997956], [139.62331054859763, 36.348879598736154], [139.6230321767142, 36.34888036642601], [139.62275424271914, 36.3488946158616], [139.6224773691311, 36.348918461469104], [139.62220080700928, 36.348945032450146], [139.62192424488748, 36.34897160343119], [139.62164768276565, 36.34899817441223], [139.62137112064386, 36.34902474539327], [139.62109455852203, 36.34905131637431]]}}, {"type": "Feature", "properties": {"id": "北関東道-上り-7-5", "route": "北関東道", "direction": "上り", "from": "岩舟JCT", "to": null, "grade": 1.26, "elevation_start": 43.2, "elevation_end": 46.4, "quality": "measured", "structure": "normal", "chain_rank": 7, "cum_dist_start": 1250.0, "cum_dist_end": 1500.0, "anomaly": false}, "geometry": {"type": "LineString", "coordinates": [[139.62109455852203, 36.34905131637431], [139.62081799640023, 36.34907788735535], [139.62054143427844, 36.34910445833639], [139.6202648721566, 36.349131029317434], [139.61998831899973, 36.34915766412529], [139.61971176890842, 36.349184320758646], [139.6194352188171, 36.349210977392], [139.61915863259128, 36.34923738898585], [139.61888203368963, 36.34926371462093], [139.61860543478798, 36.349290040256015], [139.61832883588633, 36.3493163658911]]}}, {"type": "Feature", "properties": {"id": "北関東道-上り-7-6", "route": "北関東道", "direction": "上り", "from": "岩舟JCT", "to": null, "grade": 0.79, "elevation_start": 46.4, "elevation_end": 48.3, "quality": "estimated", "structure": "normal", "chain_rank": 7, "cum_dist_start": 1500.0, "cum_dist_end": 1750.0, "anomaly": false}, "geometry": {"type": "LineString", "coordinates": [[139.61832883588633, 36.3493163658911], [139.61805223711661, 36.34934269249055], [139.6177756501285, 36.34936910521083], [139.61749906314034, 36.349395517931114], [139.6172224761522, 36.3494219306514], [139.61694588916404, 36.349448343371684], [139.6166693021759, 36.349474756091965], [139.61639271518774, 36.349501168812246], [139.6161161281996, 36.34952758153253], [139.61583954121144, 36.34955399425281], [139.61556295422332, 36.34958040697309]]}}, {"type": "Feature", "properties": {"id": "北関東道-上り-7-7", "route": "北関東道", "direction": "上り", "from": "岩舟JCT", "to": null, "grade": 0.57, "elevation_start": 48.3, "elevation_end": 49.8, "quality": "estimated", "structure": "tunnel", "chain_rank": 7, "cum_dist_start": 1750.0, "cum_dist_end": 2000.0, "anomaly": false}, "geometry": {"type": "LineString", "coordinates": [[139.61556295422332, 36.34958040697309], [139.61528636723517, 36.34960681969337], [139.61500978024702, 36.34963323241365], [139.61473319098852, 36.34965963449384], [139.61445658953366, 36.34968597941559], [139.6141799880788, 36.34971232433734], [139.61390338662395, 36.3497386692591], [139.6136267851691, 36.349765014180846], [139.61335018371423, 36.349791359102596], [139.61307358225937, 36.349817704024346], [139.61279698080455, 36.3498440489461]]}}, {"type": "Feature", "properties": {"id": "北関東道-上り-7-8", "route": "北関東道", "direction": "上り", "from": "岩舟JCT", "to": null, "grade": 0.57, "elevation_start": 49.8, "elevation_end": 51.2, "quality": "estimated", "structure": "tunnel", "chain_rank": 7, "cum_dist_start": 2000.0, "cum_dist_end": 2250.0, "anomaly": false}, "geometry": {"type": "LineString", "coordinates": [[139.61279698080455, 36.3498440489461], [139.6125203793497, 36.34987039386785], [139.61224377789483, 36.3498967387896], [139.61196717643998, 36.34992308371136], [139.61169057498512, 36.34994942863311], [139.61141397353026, 36.34997577355486], [139.6111373720754, 36.35000211847662], [139.61086077062058, 36.35002846339837], [139.61058416916572, 36.35005480832012], [139.61030756771086, 36.350081153241874], [139.610030966256, 36.350107498163624]]}}, {"type": "Feature", "properties": {"id": "北関東道-上り-7-9", "route": "北関東道", "direction": "上り", "from": "岩舟JCT", "to": null, "grade": 0.57, "elevation_start": 51.2, "elevation_end": 52.6, "quality": "estimated", "structure": "tunnel", "chain_rank": 7, "cum_dist_start": 2250.0, "cum_dist_end": 2500.0, "anomaly": false}, "geometry": {"type": "LineString", "coordinates": [[139.610030966256, 36.350107498163624], [139.60975436480115, 36.35013384308537], [139.6094777633463, 36.35016018800713], [139.60920116189143, 36.35018653292888], [139.60892456043658, 36.35021287785063], [139.60864795898175, 36.35023922277239], [139.6083713575269, 36.35026556769414], [139.60809475607203, 36.35029191261589], [139.60781815461718, 36.35031825753764], [139.60754155316232, 36.350344602459394], [139.60726495170746, 36.350370947381144]]}}, {"type": "Feature", "properties": {"id": "北関東道-上り-7-10", "route": "北関東道", "direction": "上り", "from": "岩舟JCT", "to": null, "grade": 0.57, "elevation_start": 52.6, "elevation_end": 54.1, "quality": "estimated", "structure": "tunnel", "chain_rank": 7, "cum_dist_start": 2500.0, "cum_dist_end": 2750.0, "anomaly": false}, "geometry": {"type": "LineString", "coordinates": [[139.60726495170746, 36.350370947381144], [139.6069883502526, 36.350397292302894], [139.60671174879778, 36.35042363722465], [139.60643514734292, 36.3504499821464], [139.60615854588806, 36.35047632706815], [139.6058819444332, 36.35050267198991], [139.60560534297835, 36.35052901691166], [139.6053287415235, 36.35055536183341], [139.60505214006864, 36.350581706755165], [139.6047755386138, 36.350608051676915], [139.60449893715895, 36.350634396598664]]}}, {"type": "Feature", "properties": {"id": "北関東道-上り-7-11", "route": "北関東道", "direction": "上り", "from": "岩舟JCT", "to": null, "grade": 0.57, "elevation_start": 54.1, "elevation_end": 55.5, "quality": "estimated", "structure": "tunnel", "chain_rank": 7, "cum_dist_start": 2750.0, "cum_dist_end": 3000.0, "anomaly": false}, "geometry": {"type": "LineString", "coordinates": [[139.60449893715895, 36.350634396598664], [139.6042223357041, 36.35066074152042], [139.60394573424924, 36.35068708644217], [139.60366913279438, 36.35071343136392], [139.60339253133952, 36.35073977628567], [139.60311592988467, 36.35076612120743], [139.6028393284298, 36.35079246612918], [139.60256272697498, 36.35081881105093], [139.60228612552012, 36.350845155972685], [139.60200952406527, 36.350871500894435], [139.6017329226104, 36.350897845816185]]}}, {"type": "Feature", "properties": {"id": "北関東道-上り-7-12", "route": "北関東道", "direction": "上り", "from": "岩舟JCT", "to": null, "grade": 0.57, "elevation_start": 55.5, "elevation_end": 56.9, "quality": "estimated", "structure": "tunnel", "chain_rank": 7, "cum_dist_start": 3000.0, "cum_dist_end": 3250.0, "anomaly": false}, "geometry": {"type": "LineString", "coordinates": [[139.6017329226104, 36.350897845816185], [139.60145632115555, 36.35092419073794], [139.6011797197007, 36.35095053565969], [139.60090311824584, 36.35097688058144], [139.600626516791, 36.3510032255032], [139.60034991533615, 36.35102957042495], [139.6000733138813, 36.3510559153467], [139.59979671242644, 36.351082260268456], [139.59952011097158, 36.351108605190205], [139.59924350951673, 36.351134950111955], [139.59896690806187, 36.351161295033705]]}}, {"type": "Feature", "properties": {"id": "北関東道-上り-7-13", "route": "北関東道", "direction": "上り", "from": "岩舟JCT", "to": null, "grade": 0.57, "elevation_start": 56.9, "elevation_end": 58.4, "quality": "estimated", "structure": "tunnel", "chain_rank": 7, "cum_dist_start": 3250.0, "cum_dist_end": 3500.0, "anomaly": false}, "geometry": {"type": "LineString", "coordinates": [[139.59896690806187, 36.351161295033705], [139.59869030660704, 36.35118763995546], [139.59841370515218, 36.35121398487721], [139.59813710369733, 36.35124032979896], [139.59786050224247, 36.35126667472072], [139.5975839007876, 36.35129301964247], [139.59730729933275, 36.35131936456422], [139.5970306978779, 36.351345709485976], [139.59675409642304, 36.351372054407726], [139.5964774949682, 36.351398399329476], [139.59620089351336, 36.35142474425123]]}}, {"type": "Feature", "properties": {"id": "北関東道-上り-7-14", "route": "北関東道", "direction": "上り", "from": "岩舟JCT", "to": null, "grade": 0.57, "elevation_start": 58.4, "elevation_end": 59.8, "quality": "estimated", "structure": "tunnel", "chain_rank": 7, "cum_dist_start": 3500.0, "cum_dist_end": 3750.0, "anomaly": false}, "geometry": {"type": "LineString", "coordinates": [[139.59620089351336, 36.35142474425123], [139.5959242920585, 36.35145108917298], [139.59564769060364, 36.35147743409473], [139.59537108914878, 36.35150377901649], [139.59509448769393, 36.35153012393824], [139.59481788623907, 36.35155646885999], [139.59454128478424, 36.35158281378175], [139.59426468332938, 36.351609158703496], [139.59398808187453, 36.351635503625246], [139.59371148041967, 36.351661848546996], [139.5934348789648, 36.35168819346875]]}}, {"type": "Feature", "properties": {"id": "北関東道-上り-7-15", "route": "北関東道", "direction": "上り", "from": "岩舟JCT", "to": null, "grade": 0.57, "elevation_start": 59.8, "elevation_end": 61.2, "quality": "estimated", "structure": "tunnel", "chain_rank": 7, "cum_dist_start": 3750.0, "cum_dist_end": 4000.0, "anomaly": false}, "geometry": {"type": "LineString", "coordinates": [[139.5934348789648, 36.35168819346875], [139.59315827750996, 36.3517145383905], [139.5928816760551, 36.35174088331225], [139.59260507460024, 36.35176722823401], [139.59232847314541, 36.35179357315576], [139.59205187169056, 36.35181991807751], [139.5917752702357, 36.35184626299927], [139.59149866878084, 36.35187260792102], [139.591222067326, 36.35189895284277], [139.59094546587113, 36.351925297764524], [139.5906687504422, 36.351950858420956]]}}, {"type": "Feature", "properties": {"id": "北関東道-上り-7-16", "route": "北関東道", "direction": "上り", "from": "岩舟JCT", "to": null, "grade": 0.57, "elevation_start": 61.2, "elevation_end": 62.7, "quality": "estimated", "structure": "bridge", "chain_rank": 7, "cum_dist_start": 4000.0, "cum_dist_end": 4250.0, "anomaly": false}, "geometry": {"type": "LineString", "coordinates": [[139.5906687504422, 36.351950858420956], [139.59039196637494, 36.35197594677136], [139.59011537167683, 36.35200232121392], [139.58983905179164, 36.352030562035885], [139.58956273190645, 36.352058802857854], [139.58928641202127, 36.35208704367983], [139.5890100921361, 36.3521152845018], [139.58873409294972, 36.35214545680234], [139.5884583602028, 36.352177233792716], [139.58818262745586, 36.35220901078309], [139.5879070808501, 36.35224182618533]]}}, {"type": "Feature", "properties": {"id": "北関東道-上り-7-17", "route": "北関東道", "direction": "上り", "from": "岩舟JCT", "to": null, "grade": 0.16, "elevation_start": 62.7, "elevation_end": 63.1, "quality": "estimated", "structure": "normal", "chain_rank": 7, "cum_dist_start": 4250.0, "cum_dist_end": 4500.0, "anomaly": false}, "geometry": {"type": "LineString", "coordinates": [[139.5879070808501, 36.35224182618533], [139.5876315705741, 36.35227484425757], [139.58735606029808, 36.352307862329816], [139.58708055002205, 36.35234088040206], [139.58680503974603, 36.352373898474305], [139.5865294495185, 36.35240646959543], [139.58625364967628, 36.352437868911686], [139.58597784983408, 36.35246926822794], [139.58570204467222, 36.35250063496885], [139.58542562050962, 36.35252821120215], [139.58514919634703, 36.35255578743545]]}}, {"type": "Feature", "properties": {"id": "北関東道-上り-7-18", "route": "北関東道", "direction": "上り", "from": "岩舟JCT", "to": null, "grade": 0.0, "elevation_start": 63.1, "elevation_end": 63.1, "quality": "estimated", "structure": "bridge", "chain_rank": 7, "cum_dist_start": 4500.0, "cum_dist_end": 4750.0, "anomaly": false}, "geometry": {"type": "LineString", "coordinates": [[139.58514919634703, 36.35255578743545], [139.58487277218447, 36.35258336366875], [139.58459617761096, 36.35260979496414], [139.58431954948523, 36.35263600083245], [139.5840429213595, 36.35266220670076], [139.58376637851762, 36.35268899317281], [139.58348996489974, 36.352716642500546], [139.5832135579036, 36.352744335699114], [139.58293715090747, 36.35277202889768], [139.58266069209034, 36.35279936496153], [139.5823838657344, 36.35282416805939]]}}, {"type": "Feature", "properties": {"id": "北関東道-上り-7-19", "route": "北関東道", "direction": "上り", "from": "岩舟JCT", "to": null, "grade": 0.0, "elevation_start": 63.1, "elevation_end": 63.1, "quality": "estimated", "structure": "bridge", "chain_rank": 7, "cum_dist_start": 4750.0, "cum_dist_end": 5000.0, "anomaly": false}, "geometry": {"type": "LineString", "coordinates": [[139.5823838657344, 36.35282416805939], [139.58210752928787, 36.35285230925522], [139.58183122064273, 36.35288063988134], [139.58155522148888, 36.35291087401498], [139.5812792611912, 36.35294134713107], [139.58100330089354, 36.35297182024717], [139.58072787122939, 36.353005026322705], [139.58045371986233, 36.35304476884374], [139.58017985857714, 36.35308579786413], [139.57990715416022, 36.35313159867014], [139.57963492480465, 36.35317913815431]]}}, {"type": "Feature", "properties": {"id": "北関東道-上り-7-20", "route": "北関東道", "direction": "上り", "from": "岩舟JCT", "to": null, "grade": 0.0, "elevation_start": 63.1, "elevation_end": 63.1, "quality": "estimated", "structure": "bridge", "chain_rank": 7, "cum_dist_start": 5000.0, "cum_dist_end": 5250.0, "anomaly": false}, "geometry": {"type": "LineString", "coordinates": [[139.57963492480465, 36.35317913815431], [139.5793637635792, 36.35323058689083], [139.57909451835727, 36.3532881549476], [139.57882577702722, 36.35334733233138], [139.5785583563295, 36.35341026648092], [139.57829133982966, 36.35347435044088], [139.57802710281797, 36.35354551993714], [139.57776373671797, 36.35361881493552], [139.57750135338898, 36.35369435446465], [139.57724136512974, 36.35377516678239], [139.576983436915, 36.353860167167966]]}}, {"type": "Feature", "properties": {"id": "北関東道-上り-8-0", "route": "北関東道", "direction": "上り", "from": null, "to": null, "grade": -0.69, "elevation_start": 62.3, "elevation_end": 60.6, "quality": "measured", "structure": "normal", "chain_rank": 8, "cum_dist_start": 0.0, "cum_dist_end": 250.0, "anomaly": false}, "geometry": {"type": "LineString", "coordinates": [[139.9963138, 36.4166651], [139.9965377291484, 36.416530934809465], [139.9967616582968, 36.41639676961893], [139.99698558744524, 36.41626260442839], [139.99720951659364, 36.416128439237845], [139.99742621640104, 36.41598675175607], [139.99764248577753, 36.41584461640132], [139.99785875515403, 36.415702481046566], [139.99807502453052, 36.415560345691816], [139.99828846182226, 36.41541552865716], [139.99849612802984, 36.41526524702604]]}}, {"type": "Feature", "properties": {"id": "北関東道-上り-8-1", "route": "北関東道", "direction": "上り", "from": null, "to": null, "grade": 0.53, "elevation_start": 60.6, "elevation_end": 61.9, "quality": "measured", "structure": "normal", "chain_rank": 8, "cum_dist_start": 250.0, "cum_dist_end": 500.0, "anomaly": false}, "geometry": {"type": "LineString", "coordinates": [[139.99849612802984, 36.41526524702604], [139.99870379423746, 36.41511496539493], [139.99891146044504, 36.41496468376381], [139.9991160935814, 36.41481174545802], [139.99931813229645, 36.41465653469213], [139.9995201710115, 36.414501323926245], [139.99972090670175, 36.41434503438002], [139.99991778441168, 36.414185550793874], [140.0001146621216, 36.414026067207736], [140.00031153983156, 36.41386658362159], [140.00050205185013, 36.413702154896676]]}}, {"type": "Feature", "properties": {"id": "北関東道-上り-8-2", "route": "北関東道", "direction": "上り", "from": null, "to": null, "grade": -0.17, "elevation_start": 61.9, "elevation_end": 61.5, "quality": "measured", "structure": "normal", "chain_rank": 8, "cum_dist_start": 500.0, "cum_dist_end": 750.0, "anomaly": false}, "geometry": {"type": "LineString", "coordinates": [[140.00050205185013, 36.413702154896676], [140.000691448178, 36.41353685945592], [140.00088084450584, 36.41337156401515], [140.00106945939945, 36.41320569124822], [140.00125627914952, 36.41303849222338], [140.00144309889956, 36.41287129319854], [140.00162991864963, 36.4127040941737], [140.00180880347176, 36.41253138636498], [140.00198512748372, 36.41235690072666], [140.0021614514957, 36.41218241508834], [140.00233776112745, 36.41200792019316]]}}, {"type": "Feature", "properties": {"id": "北関東道-上り-8-3", "route": "北関東道", "direction": "上り", "from": null, "to": null, "grade": 0.52, "elevation_start": 61.5, "elevation_end": 62.8, "quality": "measured", "structure": "normal", "chain_rank": 8, "cum_dist_start": 750.0, "cum_dist_end": 1000.0, "anomaly": false}, "geometry": {"type": "LineString", "coordinates": [[140.00233776112745, 36.41200792019316], [140.00250875277715, 36.411830002002205], [140.00267974442687, 36.41165208381125], [140.00285073607657, 36.4114741656203], [140.00301679945122, 36.411293270142856], [140.00317951541894, 36.41111035241842], [140.00334223138668, 36.41092743469398], [140.0034988582904, 36.41074114060149], [140.00365143804584, 36.41055260237714], [140.00380401780123, 36.410364064152795], [140.003956162226, 36.41017529992482]]}}, {"type": "Feature", "properties": {"id": "北関東道-上り-8-4", "route": "北関東道", "direction": "上り", "from": null, "to": null, "grade": -1.82, "elevation_start": 62.8, "elevation_end": 58.2, "quality": "measured", "structure": "normal", "chain_rank": 8, "cum_dist_start": 1000.0, "cum_dist_end": 1250.0, "anomaly": false}, "geometry": {"type": "LineString", "coordinates": [[140.003956162226, 36.41017529992482], [140.00410490198004, 36.40998476814857], [140.00425364173407, 36.409794236372306], [140.00440238148812, 36.40960370459605], [140.00455112124217, 36.40941317281979], [140.00469637745937, 36.40922090597793], [140.00484011397447, 36.409027882209124], [140.00498385048954, 36.408834858440315], [140.00512758700464, 36.408641834671506], [140.00526053423687, 36.40844382676111], [140.0053933436419, 36.40824575518103]]}}, {"type": "Feature", "properties": {"id": "北関東道-上り-8-5", "route": "北関東道", "direction": "上り", "from": null, "to": null, "grade": 1.48, "elevation_start": 58.2, "elevation_end": 61.9, "quality": "measured", "structure": "normal", "chain_rank": 8, "cum_dist_start": 1250.0, "cum_dist_end": 1500.0, "anomaly": false}, "geometry": {"type": "LineString", "coordinates": [[140.0053933436419, 36.40824575518103], [140.005526153047, 36.40804768360094], [140.00565892070577, 36.40784959446617], [140.0057833607545, 36.40764800349536], [140.0059078008032, 36.40744641252455], [140.0060322408519, 36.40724482155374], [140.00614999370967, 36.40704063731905], [140.00626666249045, 36.40683603268397], [140.0063833312712, 36.4066314280489], [140.00649775982748, 36.40642601639529], [140.00660800689016, 36.406219098400314]]}}, {"type": "Feature", "properties": {"id": "北関東道-上り-8-6", "route": "北関東道", "direction": "上り", "from": null, "to": null, "grade": -2.0, "elevation_start": 61.9, "elevation_end": 56.9, "quality": "measured", "structure": "normal", "chain_rank": 8, "cum_dist_start": 1500.0, "cum_dist_end": 1750.0, "anomaly": false}, "geometry": {"type": "LineString", "coordinates": [[140.00660800689016, 36.406219098400314], [140.0067182539528, 36.406012180405334], [140.0068285010155, 36.40580526241036], [140.00693143497745, 36.405595930506955], [140.0070318913092, 36.40538578078734], [140.00713234764098, 36.40517563106772], [140.00723270999123, 36.40496545329779], [140.007325324752, 36.40475296313329], [140.00741793951278, 36.40454047296878], [140.00751055427355, 36.40432798280428], [140.00760316903433, 36.40411549263978]]}}, {"type": "Feature", "properties": {"id": "北関東道-上り-8-7", "route": "北関東道", "direction": "上り", "from": null, "to": null, "grade": 0.13, "elevation_start": 56.9, "elevation_end": 57.2, "quality": "estimated", "structure": "bridge", "chain_rank": 8, "cum_dist_start": 1750.0, "cum_dist_end": 2000.0, "anomaly": false}, "geometry": {"type": "LineString", "coordinates": [[140.00760316903433, 36.40411549263978], [140.0076957837951, 36.40390300247528], [140.00777837836358, 36.40368783492192], [140.00786068165098, 36.40347258953844], [140.00794298493835, 36.40325734415496], [140.00802528822575, 36.40304209877148], [140.00811130777683, 36.40282780881026], [140.0081979013465, 36.40261366642473], [140.0082844949162, 36.402399524039204], [140.00837108848592, 36.40218538165367], [140.00845615746638, 36.40197085178402]]}}, {"type": "Feature", "properties": {"id": "北関東道-上り-8-8", "route": "北関東道", "direction": "上り", "from": null, "to": null, "grade": 0.15, "elevation_start": 57.2, "elevation_end": 57.6, "quality": "estimated", "structure": "bridge", "chain_rank": 8, "cum_dist_start": 2000.0, "cum_dist_end": 2250.0, "anomaly": false}, "geometry": {"type": "LineString", "coordinates": [[140.00845615746638, 36.40197085178402], [140.00853674524555, 36.401755182988325], [140.00861683639158, 36.401539393763976], [140.00869646515656, 36.40132349241678], [140.00877609392157, 36.40110759106958], [140.00885581529747, 36.40089171213535], [140.0089356437904, 36.400675859124725], [140.00901547228338, 36.400460006114095], [140.0090997607059, 36.400245275594635], [140.00918559298972, 36.400030933639734], [140.0092714252735, 36.39981659168484]]}}, {"type": "Feature", "properties": {"id": "北関東道-上り-8-9", "route": "北関東道", "direction": "上り", "from": null, "to": null, "grade": -0.34, "elevation_start": 57.6, "elevation_end": 56.8, "quality": "estimated", "structure": "normal", "chain_rank": 8, "cum_dist_start": 2250.0, "cum_dist_end": 2500.0, "anomaly": false}, "geometry": {"type": "LineString", "coordinates": [[140.0092714252735, 36.39981659168484], [140.00935963757325, 36.39960289717249], [140.00945153928754, 36.39939020630216], [140.00954344100182, 36.39917751543182], [140.0096373381129, 36.39896540030597], [140.00973275672075, 36.39875372418723], [140.00982817532864, 36.3985420480685], [140.00992932031514, 36.39833223061945], [140.0100414515962, 36.3981259791052], [140.0101535828773, 36.39791972759095], [140.01026660880268, 36.39771380458139]]}}, {"type": "Feature", "properties": {"id": "北関東道-上り-8-10", "route": "北関東道", "direction": "上り", "from": null, "to": null, "grade": -0.38, "elevation_start": 56.8, "elevation_end": 55.8, "quality": "measured", "structure": "normal", "chain_rank": 8, "cum_dist_start": 2500.0, "cum_dist_end": 2750.0, "anomaly": false}, "geometry": {"type": "LineString", "coordinates": [[140.01026660880268, 36.39771380458139], [140.01038492712132, 36.39750982488731], [140.01050324544, 36.39730584519323], [140.010625939022, 36.39710359102158], [140.01075194209298, 36.39690264205081], [140.01087945251945, 36.39670232590269], [140.01101027066537, 36.39650339841161], [140.01114198533807, 36.39630488028674], [140.0112851635117, 36.39611159655092], [140.01143053598065, 36.39591939398796], [140.0115773613455, 36.395727907295644]]}}, {"type": "Feature", "properties": {"id": "北関東道-上り-8-11", "route": "北関東道", "direction": "上り", "from": null, "to": null, "grade": 0.06, "elevation_start": 55.8, "elevation_end": 56.0, "quality": "measured", "structure": "normal", "chain_rank": 8, "cum_dist_start": 2750.0, "cum_dist_end": 3000.0, "anomaly": false}, "geometry": {"type": "LineString", "coordinates": [[140.0115773613455, 36.395727907295644], [140.01172418671032, 36.395536420603335], [140.01187528892928, 36.3953471506114], [140.0120292008076, 36.39515933687045], [140.0121831126859, 36.39497152312949], [140.01233975544974, 36.39478521034678], [140.01249912423293, 36.394600395847746], [140.01265849301612, 36.39441558134872], [140.01282387384245, 36.394234353953195], [140.0129953155878, 36.39405674282312], [140.01316736486723, 36.39387952474033]]}}, {"type": "Feature", "properties": {"id": "北関東道-上り-8-12", "route": "北関東道", "direction": "上り", "from": null, "to": null, "grade": -0.54, "elevation_start": 56.0, "elevation_end": 54.6, "quality": "measured", "structure": "normal", "chain_rank": 8, "cum_dist_start": 3000.0, "cum_dist_end": 3250.0, "anomaly": false}, "geometry": {"type": "LineString", "coordinates": [[140.01316736486723, 36.39387952474033], [140.0133440784121, 36.39370532422812], [140.013520791957, 36.39353112371591], [140.01370007183147, 36.39335868260128], [140.0138837297406, 36.39318924293422], [140.01406738764976, 36.393019803267165], [140.0142545556162, 36.39285295951828], [140.01444695506575, 36.39268998479516], [140.01463935451528, 36.392527010072044], [140.01483289830432, 36.39236496732937], [140.01503585547243, 36.39221059109227]]}}, {"type": "Feature", "properties": {"id": "北関東道-上り-8-13", "route": "北関東道", "direction": "上り", "from": null, "to": null, "grade": -0.07, "elevation_start": 54.6, "elevation_end": 54.4, "quality": "measured", "structure": "normal", "chain_rank": 8, "cum_dist_start": 3250.0, "cum_dist_end": 3500.0, "anomaly": false}, "geometry": {"type": "LineString", "coordinates": [[140.01503585547243, 36.39221059109227], [140.01523881264058, 36.392056214855174], [140.0154417698087, 36.39190183861807], [140.0156507034138, 36.39175288437066], [140.01586364158172, 36.39160756317387], [140.0160765797496, 36.39146224197708], [140.0162895179175, 36.39131692078029], [140.01650481792916, 36.39117389749914], [140.01672040648205, 36.391031154949275], [140.01693599503497, 36.39088841239941], [140.01715334726427, 36.39074747380554]]}}, {"type": "Feature", "properties": {"id": "北関東道-上り-8-14", "route": "北関東道", "direction": "上り", "from": null, "to": null, "grade": -0.23, "elevation_start": 54.4, "elevation_end": 53.9, "quality": "measured", "structure": "normal", "chain_rank": 8, "cum_dist_start": 3500.0, "cum_dist_end": 3750.0, "anomaly": false}, "geometry": {"type": "LineString", "coordinates": [[140.01715334726427, 36.39074747380554], [140.0173748691374, 36.3906108000835], [140.01759639101053, 36.390474126361454], [140.01781791288363, 36.390337452639415], [140.0180418654094, 36.39020341367698], [140.0182669856626, 36.39007064049848], [140.01849210591575, 36.38993786731997], [140.01871819995762, 36.38980619528047], [140.0189463057888, 36.389676798128455], [140.01917441161999, 36.38954740097644], [140.01940251745114, 36.389418003824424]]}}, {"type": "Feature", "properties": {"id": "北関東道-上り-8-15", "route": "北関東道", "direction": "上り", "from": null, "to": null, "grade": -0.28, "elevation_start": 53.9, "elevation_end": 53.2, "quality": "measured", "structure": "normal", "chain_rank": 8, "cum_dist_start": 3750.0, "cum_dist_end": 4000.0, "anomaly": false}, "geometry": {"type": "LineString", "coordinates": [[140.01940251745114, 36.389418003824424], [140.01963062328232, 36.38928860667241], [140.01985872911348, 36.389159209520386], [140.02008683494466, 36.38902981236837], [140.0203118081124, 36.38889689366233], [140.02053617740364, 36.38876329611421], [140.02076054669487, 36.3886296985661], [140.0209824702931, 36.38849347687228], [140.0212032131439, 36.388355988276516], [140.02142395599472, 36.38821849968075], [140.02164469884553, 36.388081011084985]]}}, {"type": "Feature", "properties": {"id": "北関東道-上り-8-16", "route": "北関東道", "direction": "上り", "from": null, "to": null, "grade": 0.95, "elevation_start": 53.2, "elevation_end": 55.5, "quality": "estimated", "structure": "normal", "chain_rank": 8, "cum_dist_start": 4000.0, "cum_dist_end": 4250.0, "anomaly": false}, "geometry": {"type": "LineString", "coordinates": [[140.02164469884553, 36.388081011084985], [140.0218642165644, 36.38794225325675], [140.0220829220817, 36.387802653990406], [140.02230162759895, 36.387663054724065], [140.02252033311623, 36.387523455457725], [140.0227362666332, 36.387381082221204], [140.02295107689807, 36.38723758493436], [140.02316588716295, 36.387094087647526], [140.02338060754963, 36.38695050358536], [140.02359311868676, 36.386804786543564], [140.0238048496766, 36.38665833723545]]}}, {"type": "Feature", "properties": {"id": "北関東道-上り-8-17", "route": "北関東道", "direction": "上り", "from": null, "to": null, "grade": 2.26, "elevation_start": 55.5, "elevation_end": 61.2, "quality": "estimated", "structure": "bridge", "chain_rank": 8, "cum_dist_start": 4250.0, "cum_dist_end": 4500.0, "anomaly": false}, "geometry": {"type": "LineString", "coordinates": [[140.0238048496766, 36.38665833723545], [140.02401460361304, 36.3865100322142], [140.0242242461521, 36.38636162599848], [140.02443086688206, 36.38621047474267], [140.024637487612, 36.38605932348686], [140.02484410834197, 36.38590817223105], [140.02505072907192, 36.385757020975234], [140.02525734980188, 36.38560586971943], [140.02546397053183, 36.38545471846361], [140.0256705912618, 36.38530356720781], [140.02587721199174, 36.38515241595199]]}}, {"type": "Feature", "properties": {"id": "北関東道-上り-8-18", "route": "北関東道", "direction": "上り", "from": null, "to": null, "grade": 2.26, "elevation_start": 61.2, "elevation_end": 66.8, "quality": "estimated", "structure": "bridge", "chain_rank": 8, "cum_dist_start": 4500.0, "cum_dist_end": 4750.0, "anomaly": false}, "geometry": {"type": "LineString", "coordinates": [[140.02587721199174, 36.38515241595199], [140.02608175583737, 36.38499943490377], [140.0262859863214, 36.38484617777533], [140.02649021680543, 36.3846929206469], [140.02669444728943, 36.38453966351846], [140.02689867777346, 36.38438640639002], [140.0271029082575, 36.38423314926159], [140.02730713874152, 36.38407989213315], [140.02751136922555, 36.38392663500471], [140.02771559970955, 36.38377337787628], [140.02791983019358, 36.38362012074784]]}}, {"type": "Feature", "properties": {"id": "北関東道-上り-8-19", "route": "北関東道", "direction": "上り", "from": null, "to": null, "grade": 2.04, "elevation_start": 66.8, "elevation_end": 72.0, "quality": "estimated", "structure": "bridge", "chain_rank": 8, "cum_dist_start": 4750.0, "cum_dist_end": 5000.0, "anomaly": false}, "geometry": {"type": "LineString", "coordinates": [[140.02791983019358, 36.38362012074784], [140.02812429319948, 36.38346706794923], [140.028329003067, 36.38331423208159], [140.02853371293452, 36.38316139621395], [140.02873842280204, 36.383008560346305], [140.0289421971982, 36.382854921736815], [140.02914316190206, 36.38269887208867], [140.0293441266059, 36.38254282244053], [140.02954509130973, 36.38238677279238], [140.02974605601358, 36.38223072314423], [140.02994702071743, 36.382074673496085]]}}, {"type": "Feature", "properties": {"id": "北関東道-上り-8-20", "route": "北関東道", "direction": "上り", "from": null, "to": null, "grade": 2.73, "elevation_start": 72.0, "elevation_end": 78.8, "quality": "measured", "structure": "normal", "chain_rank": 8, "cum_dist_start": 5000.0, "cum_dist_end": 5250.0, "anomaly": false}, "geometry": {"type": "LineString", "coordinates": [[140.02994702071743, 36.382074673496085], [140.03014798542125, 36.38191862384794], [140.0303489501251, 36.38176257419979], [140.03054991482895, 36.38160652455164], [140.03075346841163, 36.38145269115439], [140.0309573728524, 36.381299158114786], [140.0311612772932, 36.38114562507518], [140.03136518173397, 36.38099209203558], [140.03156908617478, 36.38083855899597], [140.03177299061556, 36.38068502595637], [140.03197689505635, 36.38053149291676]]}}, {"type": "Feature", "properties": {"id": "北関東道-上り-9-0", "route": "北関東道", "direction": "上り", "from": null, "to": "太田強戸PA", "grade": 0.0, "elevation_start": 83.1, "elevation_end": 83.1, "quality": "estimated", "structure": "bridge", "chain_rank": 9, "cum_dist_start": 0.0, "cum_dist_end": 250.0, "anomaly": false}, "geometry": {"type": "LineString", "coordinates": [[139.3265763, 36.3463145], [139.32683741358204, 36.3462361525692], [139.32709852716405, 36.3461578051384], [139.3273596407461, 36.346079457707596], [139.32762007644453, 36.34599968983676], [139.32787854636462, 36.34591580286586], [139.32813564100877, 36.345829208197465], [139.32839206149313, 36.345741305585996], [139.32864805986722, 36.345652598825595], [139.32890413188417, 36.345564032257364], [139.32916020390113, 36.345475465689134]]}}, {"type": "Feature", "properties": {"id": "北関東道-上り-9-1", "route": "北関東道", "direction": "上り", "from": null, "to": "太田強戸PA", "grade": -1.26, "elevation_start": 83.1, "elevation_end": 79.9, "quality": "measured", "structure": "normal", "chain_rank": 9, "cum_dist_start": 250.0, "cum_dist_end": 500.0, "anomaly": false}, "geometry": {"type": "LineString", "coordinates": [[139.32916020390113, 36.345475465689134], [139.32941548183538, 36.34538542188415], [139.32967024176233, 36.345294414427045], [139.32992500168928, 36.34520340696993], [139.33017976161622, 36.34511239951282], [139.33043511832756, 36.345022510009954], [139.33069163546722, 36.34493479433348], [139.33094815260685, 36.34484707865701], [139.3312058170003, 36.34476161105525], [139.33146408618322, 36.34467732855472], [139.33172345809092, 36.34459531452339]]}}, {"type": "Feature", "properties": {"id": "北関東道-上り-9-2", "route": "北関東道", "direction": "上り", "from": null, "to": "太田強戸PA", "grade": -0.84, "elevation_start": 79.9, "elevation_end": 77.8, "quality": "measured", "structure": "normal", "chain_rank": 9, "cum_dist_start": 500.0, "cum_dist_end": 750.0, "anomaly": false}, "geometry": {"type": "LineString", "coordinates": [[139.33172345809092, 36.34459531452339], [139.3319834890454, 36.344514656249515], [139.33224533177383, 36.34443794962576], [139.33250782232568, 36.34436271058152], [139.33277196741938, 36.34429133774244], [139.33303703990094, 36.344222295986626], [139.33330311647236, 36.34415579158378], [139.33357076604412, 36.344093549065576], [139.33383928572556, 36.34403385647335], [139.33410849184932, 36.343976175555156], [139.33437809291084, 36.34391976923075]]}}, {"type": "Feature", "properties": {"id": "北関東道-上り-9-3", "route": "北関東道", "direction": "上り", "from": null, "to": "太田強戸PA", "grade": -0.46, "elevation_start": 77.8, "elevation_end": 76.7, "quality": "measured", "structure": "normal", "chain_rank": 9, "cum_dist_start": 750.0, "cum_dist_end": 1000.0, "anomaly": false}, "geometry": {"type": "LineString", "coordinates": [[139.33437809291084, 36.34391976923075], [139.33464909200765, 36.34386787482489], [139.3349200952289, 36.34381599478794], [139.33519160443984, 36.34376587755121], [139.33546311365077, 36.34371576031449], [139.33573462286174, 36.34366564307776], [139.3360069568311, 36.343618582887046], [139.33627957497688, 36.34357257602337], [139.33655219312269, 36.34352656915969], [139.33682435493506, 36.343478853061185], [139.33709615737214, 36.34342979089258]]}}, {"type": "Feature", "properties": {"id": "北関東道-上り-9-4", "route": "北関東道", "direction": "上り", "from": null, "to": "太田強戸PA", "grade": -0.52, "elevation_start": 76.7, "elevation_end": 75.4, "quality": "measured", "structure": "normal", "chain_rank": 9, "cum_dist_start": 1000.0, "cum_dist_end": 1250.0, "anomaly": false}, "geometry": {"type": "LineString", "coordinates": [[139.33709615737214, 36.34342979089258], [139.33736795980923, 36.34338072872397], [139.33763923428407, 36.343329822896735], [139.33791003013332, 36.34327724569577], [139.33818082598256, 36.3432246684948], [139.33845108536082, 36.343170381893195], [139.33872009699434, 36.34311211950206], [139.33898910862783, 36.34305385711093], [139.33925764299667, 36.34299424883223], [139.3395239299052, 36.34292830271004], [139.33979021681375, 36.342862356587865]]}}, {"type": "Feature", "properties": {"id": "北関東道-上り-9-5", "route": "北関東道", "direction": "上り", "from": null, "to": "太田強戸PA", "grade": -0.48, "elevation_start": 75.4, "elevation_end": 74.2, "quality": "measured", "structure": "normal", "chain_rank": 9, "cum_dist_start": 1250.0, "cum_dist_end": 1500.0, "anomaly": false}, "geometry": {"type": "LineString", "coordinates": [[139.33979021681375, 36.342862356587865], [139.3400551069489, 36.34279294035931], [139.3403183427409, 36.34271941412489], [139.34058136580063, 36.34264540737059], [139.34084246248366, 36.34256704931344], [139.3411035591667, 36.34248869125628], [139.3413620459573, 36.3424049514701], [139.3416193601695, 36.34231879376838], [139.34187627701456, 36.34223188042798], [139.3421314731634, 36.34214169498813], [139.34238593504713, 36.34205021858581]]}}, {"type": "Feature", "properties": {"id": "北関東道-上り-9-6", "route": "北関東道", "direction": "上り", "from": null, "to": "太田強戸PA", "grade": -0.5, "elevation_start": 74.2, "elevation_end": 72.9, "quality": "measured", "structure": "normal", "chain_rank": 9, "cum_dist_start": 1500.0, "cum_dist_end": 1750.0, "anomaly": false}, "geometry": {"type": "LineString", "coordinates": [[139.34238593504713, 36.34205021858581], [139.34263662350492, 36.34195210786094], [139.34288731196273, 36.34185399713607], [139.34313485481857, 36.34175081322186], [139.34338197187876, 36.34164694258942], [139.3436274153814, 36.34154052639506], [139.34387203942055, 36.34143286375705], [139.34411597033707, 36.341324195393575], [139.3443573791301, 36.341211908517565], [139.34459399003762, 36.34109311002643], [139.34483146898773, 36.3409754596012]]}}, {"type": "Feature", "properties": {"id": "北関東道-上り-9-7", "route": "北関東道", "direction": "上り", "from": null, "to": "太田強戸PA", "grade": -0.51, "elevation_start": 72.9, "elevation_end": 71.7, "quality": "measured", "structure": "normal", "chain_rank": 9, "cum_dist_start": 1750.0, "cum_dist_end": 2000.0, "anomaly": false}, "geometry": {"type": "LineString", "coordinates": [[139.34483146898773, 36.3409754596012], [139.3450662089883, 36.34085425283011], [139.34529983029043, 36.340731636912125], [139.3455317901074, 36.340607013463796], [139.34576093188048, 36.340478985044555], [139.34598750798932, 36.34034803782719], [139.3462122550192, 36.3402150097794], [139.34643700204907, 36.340081981731615], [139.34666174907895, 36.33994895368382], [139.34688649610882, 36.33981592563603], [139.3471112431387, 36.33968289758825]]}}, {"type": "Feature", "properties": {"id": "北関東道-上り-9-8", "route": "北関東道", "direction": "上り", "from": "太田強戸ＰA ／ スマートＩＣ", "to": null, "grade": -0.59, "elevation_start": 71.7, "elevation_end": 70.2, "quality": "measured", "structure": "normal", "chain_rank": 9, "cum_dist_start": 2000.0, "cum_dist_end": 2250.0, "anomaly": false}, "geometry": {"type": "LineString", "coordinates": [[139.3471112431387, 36.33968289758825], [139.34733124034614, 36.3395448421279], [139.34754892200246, 36.33940433579049], [139.34776660365878, 36.33926382945308], [139.34798445383296, 36.33912349492859], [139.3482023879804, 36.33898324601927], [139.3484217343234, 36.33884445444535], [139.34864203186055, 36.33870664446982], [139.3488643555696, 36.3385710108837], [139.34908807670325, 36.338436861372664], [139.3493120785929, 36.338303023797906]]}}, {"type": "Feature", "properties": {"id": "北関東道-上り-9-9", "route": "北関東道", "direction": "上り", "from": "太田強戸ＰA ／ スマートＩＣ", "to": null, "grade": -0.21, "elevation_start": 70.2, "elevation_end": 69.7, "quality": "measured", "structure": "normal", "chain_rank": 9, "cum_dist_start": 2250.0, "cum_dist_end": 2500.0, "anomaly": false}, "geometry": {"type": "LineString", "coordinates": [[139.3493120785929, 36.338303023797906], [139.34953805157656, 36.33817137058343], [139.34976721627325, 36.338043377338806], [139.34999849787198, 36.33791790630444], [139.35023243778582, 36.337795704653495], [139.35046925234485, 36.33767720805242], [139.35070807718338, 36.33756137699216], [139.35095055959113, 36.33745064933962], [139.35119653975198, 36.33734504794961], [139.35144482485123, 36.337243084894524], [139.3516943975189, 36.33714315426046]]}}, {"type": "Feature", "properties": {"id": "北関東道-上り-9-10", "route": "北関東道", "direction": "上り", "from": "太田強戸ＰA ／ スマートＩＣ", "to": null, "grade": 0.61, "elevation_start": 69.7, "elevation_end": 71.2, "quality": "measured", "structure": "normal", "chain_rank": 9, "cum_dist_start": 2500.0, "cum_dist_end": 2750.0, "anomaly": false}, "geometry": {"type": "LineString", "coordinates": [[139.3516943975189, 36.33714315426046], [139.3519483378617, 36.337050763872796], [139.35220293450223, 36.336959506501344], [139.35246042775347, 36.336873770102315], [139.35271840678857, 36.336788959612775], [139.3529799134098, 36.336711690285775], [139.3532429908335, 36.336637895619], [139.35350948577073, 36.336572559454076], [139.35377598070792, 36.336507223289146], [139.35404455536715, 36.33644783458444], [139.35431394737614, 36.33639081671704]]}}, {"type": "Feature", "properties": {"id": "北関東道-上り-10-0", "route": "北関東道", "direction": "上り", "from": null, "to": "佐野田沼IC", "grade": -0.4, "elevation_start": 69.3, "elevation_end": 68.3, "quality": "measured", "structure": "normal", "chain_rank": 10, "cum_dist_start": 0.0, "cum_dist_end": 250.0, "anomaly": false}, "geometry": {"type": "LineString", "coordinates": [[139.5602391, 36.3644764], [139.5605043362645, 36.36440755489106], [139.560769572529, 36.36433870978211], [139.56103202821296, 36.3642633049437], [139.56129370864556, 36.364186071192634], [139.56155301811307, 36.36410393693337], [139.56181002268855, 36.36401703873122], [139.56206682927152, 36.363929779463774], [139.5623190002097, 36.36383406648932], [139.5625711711479, 36.36373835351486], [139.56282241819548, 36.363641122835915]]}}, {"type": "Feature", "properties": {"id": "北関東道-上り-10-1", "route": "北関東道", "direction": "上り", "from": null, "to": "佐野田沼IC", "grade": -0.8, "elevation_start": 68.3, "elevation_end": 66.3, "quality": "measured", "structure": "normal", "chain_rank": 10, "cum_dist_start": 250.0, "cum_dist_end": 500.0, "anomaly": false}, "geometry": {"type": "LineString", "coordinates": [[139.56282241819548, 36.363641122835915], [139.56306999771095, 36.363537867385475], [139.5633170118266, 36.36343375647198], [139.56356072201785, 36.3633246466443], [139.56380443220908, 36.36321553681663], [139.56404364276037, 36.36310014657149], [139.5642818901888, 36.362983412038034], [139.56451725475756, 36.36286301358085], [139.56474891938373, 36.36273791274167], [139.56497765696062, 36.36260944595758], [139.56520156165703, 36.36247542162805]]}}, {"type": "Feature", "properties": {"id": "北関東道-上り-10-2", "route": "北関東道", "direction": "上り", "from": null, "to": "佐野田沼IC", "grade": -0.55, "elevation_start": 66.3, "elevation_end": 64.9, "quality": "estimated", "structure": "bridge", "chain_rank": 10, "cum_dist_start": 500.0, "cum_dist_end": 750.0, "anomaly": false}, "geometry": {"type": "LineString", "coordinates": [[139.56520156165703, 36.36247542162805], [139.56542546635345, 36.36234139729852], [139.5656445899341, 36.36220236912762], [139.56586143184194, 36.362060952993495], [139.5660782737498, 36.361919536859375], [139.56629243729154, 36.3617756266039], [139.5664959326926, 36.36162178206905], [139.56669940230512, 36.36146791545295], [139.56690097407343, 36.36131242382114], [139.56710254584178, 36.36115693218934], [139.56730106237893, 36.36099890618763]]}}, {"type": "Feature", "properties": {"id": "北関東道-上り-10-3", "route": "北関東道", "direction": "上り", "from": null, "to": "佐野田沼IC", "grade": -0.55, "elevation_start": 64.9, "elevation_end": 63.5, "quality": "estimated", "structure": "bridge", "chain_rank": 10, "cum_dist_start": 750.0, "cum_dist_end": 1000.0, "anomaly": false}, "geometry": {"type": "LineString", "coordinates": [[139.56730106237893, 36.36099890618763], [139.5674936940551, 36.36083619137744], [139.5676821934801, 36.360670320735736], [139.56786844273896, 36.36050281884193], [139.56805176909407, 36.36033319799667], [139.5682330017719, 36.36016211595366], [139.56841366443274, 36.35999063609024], [139.56859233647344, 36.359817800544945], [139.56877055644034, 36.359644657121585], [139.56894422288394, 36.35946860228132], [139.56911138304562, 36.3592883874757]]}}, {"type": "Feature", "properties": {"id": "北関東道-上り-10-4", "route": "北関東道", "direction": "上り", "from": "佐野田沼IC", "to": null, "grade": -0.44, "elevation_start": 63.5, "elevation_end": 62.4, "quality": "measured", "structure": "normal", "chain_rank": 10, "cum_dist_start": 1000.0, "cum_dist_end": 1250.0, "anomaly": false}, "geometry": {"type": "LineString", "coordinates": [[139.56911138304562, 36.3592883874757], [139.5692785432073, 36.359108172670076], [139.56944602077175, 36.35892815300041], [139.56961587372675, 36.35874959369638], [139.56978572668174, 36.35857103439234], [139.56995778922527, 36.358393874922726], [139.57013138103758, 36.35821768428648], [139.570306390358, 36.358042419579], [139.57048395177094, 36.35786885131875], [139.57066527452264, 36.35769783160591], [139.57084854872699, 36.357528199762214]]}}, {"type": "Feature", "properties": {"id": "北関東道-上り-10-5", "route": "北関東道", "direction": "上り", "from": "佐野田沼IC", "to": null, "grade": 0.0, "elevation_start": 62.4, "elevation_end": 62.4, "quality": "estimated", "structure": "bridge", "chain_rank": 10, "cum_dist_start": 1250.0, "cum_dist_end": 1500.0, "anomaly": false}, "geometry": {"type": "LineString", "coordinates": [[139.57084854872699, 36.357528199762214], [139.57103501474592, 36.3573608379305], [139.57122401290735, 36.3571953587817], [139.57141573881162, 36.35703195971452], [139.57161318826422, 36.35687305457469], [139.57181063771685, 36.35671414943486], [139.57201345091403, 36.3565597869488], [139.572220046729, 36.356408692438315], [139.5724286291786, 36.356259385319554], [139.57263808463605, 36.356110879040884], [139.572852158992, 36.355966790837385]]}}, {"type": "Feature", "properties": {"id": "北関東道-上り-10-6", "route": "北関東道", "direction": "上り", "from": "佐野田沼IC", "to": null, "grade": 0.0, "elevation_start": 62.4, "elevation_end": 62.4, "quality": "estimated", "structure": "bridge", "chain_rank": 10, "cum_dist_start": 1500.0, "cum_dist_end": 1750.0, "anomaly": false}, "geometry": {"type": "LineString", "coordinates": [[139.572852158992, 36.355966790837385], [139.57306867865495, 36.35582509237124], [139.57329077289577, 36.355689132070765], [139.57351357767644, 36.35555393753724], [139.57373847926536, 36.35542106196948], [139.57396625507312, 36.35529140241006], [139.57419830833754, 36.35516680088611], [139.57443310004135, 36.35504563124349], [139.57466916255714, 36.35492606245235], [139.57490735367972, 36.35480928596292], [139.57514847155247, 36.35469654514013]]}}, {"type": "Feature", "properties": {"id": "北関東道-上り-11-0", "route": "北関東道", "direction": "上り", "from": null, "to": null, "grade": 0.63, "elevation_start": 68.7, "elevation_end": 70.3, "quality": "measured", "structure": "normal", "chain_rank": 11, "cum_dist_start": 0.0, "cum_dist_end": 250.0, "anomaly": false}, "geometry": {"type": "LineString", "coordinates": [[139.3642847, 36.3366036], [139.36456296458644, 36.33661207464589], [139.36484138090984, 36.33661481152401], [139.3651198054427, 36.336613221904976], [139.36539814511104, 36.33660690789413], [139.3656761658092, 36.33659423437963], [139.36595342884058, 36.33657390720146], [139.3662303988593, 36.33655062012028], [139.36650673948853, 36.33652294337407], [139.3667816722886, 36.33648719148318], [139.3670552211, 36.336445235943486]]}}, {"type": "Feature", "properties": {"id": "北関東道-上り-11-1", "route": "北関東道", "direction": "上り", "from": null, "to": null, "grade": -0.25, "elevation_start": 70.3, "elevation_end": 69.7, "quality": "measured", "structure": "normal", "chain_rank": 11, "cum_dist_start": 250.0, "cum_dist_end": 500.0, "anomaly": false}, "geometry": {"type": "LineString", "coordinates": [[139.3670552211, 36.336445235943486], [139.36732806066246, 36.33640025359256], [139.3675990078863, 36.33634827076575], [139.3678677757599, 36.33628954123053], [139.36813490766096, 36.33622596552201], [139.36840121599326, 36.33616013649605], [139.3686643710106, 36.33608661920037], [139.3689253253203, 36.33600806029139], [139.36918409384862, 36.3359248998773], [139.36943961638, 36.33583535957067], [139.36969244600917, 36.335741006435015]]}}, {"type": "Feature", "properties": {"id": "北関東道-上り-11-2", "route": "北関東道", "direction": "上り", "from": null, "to": null, "grade": -2.51, "elevation_start": 69.7, "elevation_end": 63.4, "quality": "measured", "structure": "normal", "chain_rank": 11, "cum_dist_start": 500.0, "cum_dist_end": 750.0, "anomaly": false}, "geometry": {"type": "LineString", "coordinates": [[139.36969244600917, 36.335741006435015], [139.36994395380657, 36.33564433381664], [139.37019058674653, 36.335539742556186], [139.37043309528016, 36.33542905229426], [139.370674778196, 36.33531715743774], [139.37091433589094, 36.335202306083836], [139.37114958847064, 36.33508183723091], [139.37138325603848, 36.33495930018646], [139.37161424744932, 36.33483349194558], [139.37184502162154, 36.33470741816339], [139.37207579579376, 36.334581344381206]]}}, {"type": "Feature", "properties": {"id": "北関東道-上り-11-3", "route": "北関東道", "direction": "上り", "from": null, "to": null, "grade": 0.18, "elevation_start": 63.4, "elevation_end": 63.9, "quality": "measured", "structure": "normal", "chain_rank": 11, "cum_dist_start": 750.0, "cum_dist_end": 1000.0, "anomaly": false}, "geometry": {"type": "LineString", "coordinates": [[139.37207579579376, 36.334581344381206], [139.37230656996599, 36.33445527059902], [139.3725373441382, 36.33432919681683], [139.372768061388, 36.334203055401076], [139.37299831466, 36.33407636270031], [139.373228567932, 36.33394966999954], [139.373458821204, 36.33382297729877], [139.373689074476, 36.333696284598005], [139.37391932774798, 36.33356959189724], [139.37414958102, 36.33344289919647], [139.374379834292, 36.3333162064957]]}}, {"type": "Feature", "properties": {"id": "北関東道-上り-11-4", "route": "北関東道", "direction": "上り", "from": null, "to": null, "grade": -0.55, "elevation_start": 63.9, "elevation_end": 62.5, "quality": "measured", "structure": "normal", "chain_rank": 11, "cum_dist_start": 1000.0, "cum_dist_end": 1250.0, "anomaly": false}, "geometry": {"type": "LineString", "coordinates": [[139.374379834292, 36.3333162064957], [139.37461011793178, 36.33318955030361], [139.37484057278266, 36.33306309994449], [139.37507111376877, 36.33293675317255], [139.37530189229562, 36.33281069206972], [139.3755326708225, 36.3326846309669], [139.37576344934936, 36.33255856986408], [139.37599422787622, 36.33243250876125], [139.37622500640308, 36.33230644765843], [139.37645578492996, 36.332180386555606], [139.37668656345681, 36.33205432545278]]}}, {"type": "Feature", "properties": {"id": "北関東道-上り-11-5", "route": "北関東道", "direction": "上り", "from": null, "to": null, "grade": -1.13, "elevation_start": 62.5, "elevation_end": 59.7, "quality": "measured", "structure": "normal", "chain_rank": 11, "cum_dist_start": 1250.0, "cum_dist_end": 1500.0, "anomaly": false}, "geometry": {"type": "LineString", "coordinates": [[139.37668656345681, 36.33205432545278], [139.3769182377549, 36.331929379594655], [139.3771542842306, 36.33180987714417], [139.37739033070633, 36.33169037469368], [139.37762969942114, 36.33157528854342], [139.37786928348618, 36.3314604886613], [139.37810942142386, 36.33134645482876], [139.3783504436875, 36.331233644088755], [139.37859529744793, 36.331126411686824], [139.37884124747208, 36.331020810571076], [139.37909091816874, 36.33092107309566]]}}, {"type": "Feature", "properties": {"id": "北関東道-上り-11-6", "route": "北関東道", "direction": "上り", "from": null, "to": null, "grade": -1.39, "elevation_start": 59.7, "elevation_end": 56.2, "quality": "measured", "structure": "normal", "chain_rank": 11, "cum_dist_start": 1500.0, "cum_dist_end": 1750.0, "anomaly": false}, "geometry": {"type": "LineString", "coordinates": [[139.37909091816874, 36.33092107309566], [139.37934129986124, 36.330822538502844], [139.3795939545588, 36.3307278494434], [139.3798485007276, 36.33063680032743], [139.38010886216313, 36.33055694209928], [139.38036922359862, 36.33047708387112], [139.38063376671946, 36.330406906271904], [139.38089891418232, 36.33033812772841], [139.38116586295254, 36.3302743365828], [139.38143505243835, 36.33021674945333], [139.381704959313, 36.3301616057007]]}}, {"type": "Feature", "properties": {"id": "北関東道-上り-12-0", "route": "北関東道", "direction": "上り", "from": "伊勢崎IC", "to": null, "grade": 0.24, "elevation_start": 93.3, "elevation_end": 93.9, "quality": "measured", "structure": "normal", "chain_rank": 12, "cum_dist_start": 0.0, "cum_dist_end": 250.0, "anomaly": false}, "geometry": {"type": "LineString", "coordinates": [[139.2212348, 36.3545328], [139.22150419532466, 36.35447558896435], [139.22177359064932, 36.3544183779287], [139.2220433516382, 36.35436230969218], [139.22231319557181, 36.354306500680245], [139.22258303950542, 36.35425069166831], [139.22285196058886, 36.354192057580846], [139.22312068773314, 36.3541328297971], [139.2233894148774, 36.354073602013365], [139.2236581420217, 36.35401437422962], [139.22392617406757, 36.35395316111146]]}}, {"type": "Feature", "properties": {"id": "北関東道-上り-12-1", "route": "北関東道", "direction": "上り", "from": "伊勢崎IC", "to": null, "grade": 0.35, "elevation_start": 93.9, "elevation_end": 94.8, "quality": "measured", "structure": "normal", "chain_rank": 12, "cum_dist_start": 250.0, "cum_dist_end": 500.0, "anomaly": false}, "geometry": {"type": "LineString", "coordinates": [[139.22392617406757, 36.35395316111146], [139.22419341246513, 36.35388968118143], [139.22446065086268, 36.35382620125139], [139.22472788926024, 36.35376272132135], [139.22499443281185, 36.35369739829056], [139.22526001663044, 36.353629529537805], [139.22552560044903, 36.353561660785054], [139.22579118426762, 36.353493792032296], [139.2260567680862, 36.353425923279545], [139.2263223442791, 36.353358035596884], [139.22658643001822, 36.35328644803312]]}}, {"type": "Feature", "properties": {"id": "北関東道-上り-12-2", "route": "北関東道", "direction": "上り", "from": "伊勢崎IC", "to": null, "grade": 0.12, "elevation_start": 94.8, "elevation_end": 95.1, "quality": "measured", "structure": "normal", "chain_rank": 12, "cum_dist_start": 500.0, "cum_dist_end": 750.0, "anomaly": false}, "geometry": {"type": "LineString", "coordinates": [[139.22658643001822, 36.35328644803312], [139.22685051575732, 36.35321486046935], [139.2271146014964, 36.353143272905584], [139.2273786872355, 36.35307168534182], [139.2276427729746, 36.35300009777805], [139.22790685871368, 36.352928510214284], [139.22817094445278, 36.35285692265052], [139.22843503019186, 36.35278533508675], [139.22869908051658, 36.35271366464352], [139.22896305815493, 36.35264182409414], [139.2292270357933, 36.35256998354477]]}}, {"type": "Feature", "properties": {"id": "北関東道-上り-12-3", "route": "北関東道", "direction": "上り", "from": "伊勢崎IC", "to": null, "grade": 0.19, "elevation_start": 95.1, "elevation_end": 95.6, "quality": "estimated", "structure": "normal", "chain_rank": 12, "cum_dist_start": 750.0, "cum_dist_end": 1000.0, "anomaly": false}, "geometry": {"type": "LineString", "coordinates": [[139.2292270357933, 36.35256998354477], [139.22949101343164, 36.352498142995394], [139.22975499107, 36.35242630244602], [139.23001896870835, 36.352354461896645], [139.23028294634668, 36.35228262134727], [139.23054692398503, 36.3522107807979], [139.23081090162339, 36.35213894024852], [139.23107487926174, 36.35206709969915], [139.2313388569001, 36.35199525914977], [139.23160283453845, 36.35192341860039], [139.2318668121768, 36.35185157805102]]}}, {"type": "Feature", "properties": {"id": "北関東道-上り-12-4", "route": "北関東道", "direction": "上り", "from": "伊勢崎IC", "to": null, "grade": -0.26, "elevation_start": 95.6, "elevation_end": 94.9, "quality": "estimated", "structure": "bridge", "chain_rank": 12, "cum_dist_start": 1000.0, "cum_dist_end": 1250.0, "anomaly": false}, "geometry": {"type": "LineString", "coordinates": [[139.2318668121768, 36.35185157805102], [139.23213078981516, 36.351779737501644], [139.2323947674535, 36.35170789695227], [139.23265874509187, 36.351636056402896], [139.23292272273022, 36.35156421585352], [139.2331859937302, 36.35149072213293], [139.23344915521264, 36.35141696900352], [139.23371289063851, 36.351344555655], [139.23397662606436, 36.35127214230647], [139.23424036149024, 36.35119972895794], [139.23450409691608, 36.35112731560941]]}}, {"type": "Feature", "properties": {"id": "北関東道-上り-12-5", "route": "北関東道", "direction": "上り", "from": "伊勢崎IC", "to": null, "grade": -0.25, "elevation_start": 94.9, "elevation_end": 94.3, "quality": "estimated", "structure": "bridge", "chain_rank": 12, "cum_dist_start": 1250.0, "cum_dist_end": 1500.0, "anomaly": false}, "geometry": {"type": "LineString", "coordinates": [[139.23450409691608, 36.35112731560941], [139.2347678487722, 36.351054942128236], [139.2350316398006, 36.35098266369716], [139.235295430829, 36.35091038526609], [139.23555933972975, 36.350838390269395], [139.23582329430414, 36.350766505098974], [139.2360871152137, 36.35069430421091], [139.23635016161654, 36.35062027393052], [139.23661298258548, 36.35054572382436], [139.23687560814938, 36.35047072313577], [139.23713734532248, 36.35039372086617]]}}, {"type": "Feature", "properties": {"id": "北関東道-上り-12-6", "route": "北関東道", "direction": "上り", "from": "伊勢崎IC", "to": null, "grade": -0.24, "elevation_start": 94.3, "elevation_end": 93.7, "quality": "measured", "structure": "normal", "chain_rank": 12, "cum_dist_start": 1500.0, "cum_dist_end": 1750.0, "anomaly": false}, "geometry": {"type": "LineString", "coordinates": [[139.23713734532248, 36.35039372086617], [139.23739899644494, 36.350316524720924], [139.23766007247326, 36.35023806677098], [139.2379211024377, 36.35015950775295], [139.23818111296328, 36.35007877101462], [139.23844104210676, 36.34999786042831], [139.23870097125027, 36.34991694984199], [139.23896078122604, 36.34983579539814], [139.23921887756248, 36.349751134267336], [139.2394769738989, 36.34966647313654], [139.2397345593608, 36.349580815313836]]}}, {"type": "Feature", "properties": {"id": "北関東道-上り-12-7", "route": "北関東道", "direction": "上り", "from": "伊勢崎IC", "to": null, "grade": -0.04, "elevation_start": 93.7, "elevation_end": 93.6, "quality": "estimated", "structure": "normal", "chain_rank": 12, "cum_dist_start": 1750.0, "cum_dist_end": 2000.0, "anomaly": false}, "geometry": {"type": "LineString", "coordinates": [[139.2397345593608, 36.349580815313836], [139.23999104712757, 36.349493015939906], [139.24024753489434, 36.34940521656597], [139.2405040226611, 36.34931741719204], [139.24076051042786, 36.34922961781811], [139.24101699819462, 36.349141818444174], [139.2412734859614, 36.349054019070245], [139.24152710042253, 36.34896092422675], [139.24178065409367, 36.348867717347936], [139.24203420776482, 36.34877451046913], [139.24228776143596, 36.34868130359031]]}}, {"type": "Feature", "properties": {"id": "北関東道-上り-12-8", "route": "北関東道", "direction": "上り", "from": "伊勢崎IC", "to": null, "grade": 0.0, "elevation_start": 93.6, "elevation_end": 93.6, "quality": "estimated", "structure": "bridge", "chain_rank": 12, "cum_dist_start": 2000.0, "cum_dist_end": 2250.0, "anomaly": false}, "geometry": {"type": "LineString", "coordinates": [[139.24228776143596, 36.34868130359031], [139.24253979698395, 36.34858544351882], [139.2427917923468, 36.34848951321653], [139.2430437877096, 36.348393582914234], [139.24329578307245, 36.34829765261193], [139.24354653159958, 36.34819964657852], [139.2437955425258, 36.34809874778847], [139.24404455345203, 36.347997848998425], [139.24429356437827, 36.34789695020837], [139.24454257530448, 36.34779605141833], [139.24479158623072, 36.347695152628276]]}}, {"type": "Feature", "properties": {"id": "北関東道-上り-12-9", "route": "北関東道", "direction": "上り", "from": "伊勢崎IC", "to": null, "grade": 0.0, "elevation_start": 93.6, "elevation_end": 93.6, "quality": "estimated", "structure": "bridge", "chain_rank": 12, "cum_dist_start": 2250.0, "cum_dist_end": 2500.0, "anomaly": false}, "geometry": {"type": "LineString", "coordinates": [[139.24479158623072, 36.347695152628276], [139.24503876193498, 36.34759137117474], [139.24528496919072, 36.34748606853667], [139.24553117644646, 36.347380765898606], [139.24577738370218, 36.34727546326054], [139.24602286634004, 36.347169068679136], [139.24626751124634, 36.34706141170078], [139.24651215615265, 36.34695375472243], [139.24675680105895, 36.34684609774407], [139.24700144596522, 36.34673844076572], [139.2472454730944, 36.34662987478999]]}}, {"type": "Feature", "properties": {"id": "北関東道-上り-12-10", "route": "北関東道", "direction": "上り", "from": "伊勢崎IC", "to": null, "grade": 0.0, "elevation_start": 93.6, "elevation_end": 93.6, "quality": "estimated", "structure": "bridge", "chain_rank": 12, "cum_dist_start": 2500.0, "cum_dist_end": 2750.0, "anomaly": false}, "geometry": {"type": "LineString", "coordinates": [[139.2472454730944, 36.34662987478999], [139.24748912558388, 36.3465207575693], [139.24773277807336, 36.34641164034862], [139.24797643056283, 36.34630252312793], [139.2482200830523, 36.34619340590725], [139.24846373554178, 36.34608428868656], [139.2487088453925, 36.34597735645449], [139.24895527662184, 36.345872405335356], [139.24920170785117, 36.345767454216215], [139.24944813908053, 36.34566250309708], [139.24969457030986, 36.34555755197795]]}}, {"type": "Feature", "properties": {"id": "北関東道-上り-13-0", "route": "北関東道", "direction": "上り", "from": null, "to": null, "grade": 0.0, "elevation_start": 70.2, "elevation_end": 70.2, "quality": "estimated", "structure": "bridge", "chain_rank": 13, "cum_dist_start": 0.0, "cum_dist_end": 250.0, "anomaly": false}, "geometry": {"type": "LineString", "coordinates": [[139.3642534, 36.3364973], [139.3639756231984, 36.33648151377739], [139.36369812103555, 36.3364631603391], [139.3634211222602, 36.33644010143156], [139.36314471603055, 36.336412788591126], [139.3628683720893, 36.33638508387697], [139.36259268571172, 36.33635336058599], [139.36231699933415, 36.336321637295], [139.36204131295656, 36.33628991400402], [139.3617654277047, 36.336259358783245], [139.3614894861961, 36.33622913082693]]}}, {"type": "Feature", "properties": {"id": "北関東道-上り-13-1", "route": "北関東道", "direction": "上り", "from": null, "to": null, "grade": 0.0, "elevation_start": 70.2, "elevation_end": 70.2, "quality": "estimated", "structure": "bridge", "chain_rank": 13, "cum_dist_start": 250.0, "cum_dist_end": 500.0, "anomaly": false}, "geometry": {"type": "LineString", "coordinates": [[139.3614894861961, 36.33622913082693], [139.36121369999236, 36.33619798369397], [139.36093791378863, 36.33616683656102], [139.36066212758493, 36.33613568942806], [139.36038541500713, 36.336110556431635], [139.3601086184317, 36.336085968758226], [139.35983182185626, 36.33606138108482], [139.35955434743158, 36.336042493663406], [139.35927683574778, 36.336023919565676], [139.358999155639, 36.3360071778304], [139.3587213022291, 36.33599232150647]]}}, {"type": "Feature", "properties": {"id": "北関東道-上り-13-2", "route": "北関東道", "direction": "上り", "from": null, "to": null, "grade": 0.0, "elevation_start": 70.2, "elevation_end": 70.2, "quality": "estimated", "structure": "bridge", "chain_rank": 13, "cum_dist_start": 500.0, "cum_dist_end": 750.0, "anomaly": false}, "geometry": {"type": "LineString", "coordinates": [[139.3587213022291, 36.33599232150647], [139.35844344765115, 36.33597748532502], [139.35816509583216, 36.33597122363207], [139.35788674401317, 36.33596496193913], [139.3576082903641, 36.335965353011545], [139.35732983926124, 36.33596662204989], [139.35705152041382, 36.3359726305283], [139.35677348533034, 36.33598506351512], [139.3564956773813, 36.33600035956321], [139.35621838313284, 36.33602077675986], [139.3559414251389, 36.33604412040097]]}}, {"type": "Feature", "properties": {"id": "北関東道-上り-13-3", "route": "北関東道", "direction": "上り", "from": null, "to": null, "grade": 0.0, "elevation_start": 70.2, "elevation_end": 70.2, "quality": "estimated", "structure": "bridge", "chain_rank": 13, "cum_dist_start": 750.0, "cum_dist_end": 1000.0, "anomaly": false}, "geometry": {"type": "LineString", "coordinates": [[139.3559414251389, 36.33604412040097], [139.35566554448465, 36.33607442060076], [139.35539012059917, 36.3361075980727], [139.3551155808067, 36.33614524176733], [139.35484278421822, 36.33619038687515], [139.35457017855148, 36.33623634224339], [139.35429765798105, 36.33628262776734], [139.35402920577138, 36.33634246318272], [139.3537608615709, 36.33640263854164], [139.35349300591784, 36.336464167743586], [139.35322745086748, 36.33653196209826]]}}, {"type": "Feature", "properties": {"id": "北関東道-上り-14-0", "route": "北関東道", "direction": "上り", "from": null, "to": null, "grade": 0.34, "elevation_start": 61.9, "elevation_end": 62.8, "quality": "estimated", "structure": "normal", "chain_rank": 14, "cum_dist_start": 0.0, "cum_dist_end": 250.0, "anomaly": false}, "geometry": {"type": "LineString", "coordinates": [[139.9960986, 36.4166633], [139.99587039614772, 36.41679267579717], [139.99564219229543, 36.416922051594334], [139.9954116542796, 36.41704869411127], [139.99518100377207, 36.4171752049017], [139.9949475178853, 36.41729823114089], [139.99471239560845, 36.41741924633163], [139.99447686157242, 36.41753973115532], [139.9942397022549, 36.417658122532636], [139.99400254293738, 36.41777651390995], [139.99376277107845, 36.41789135542865]]}}, {"type": "Feature", "properties": {"id": "北関東道-上り-14-1", "route": "北関東道", "direction": "上り", "from": null, "to": null, "grade": -0.24, "elevation_start": 62.8, "elevation_end": 62.2, "quality": "estimated", "structure": "bridge", "chain_rank": 14, "cum_dist_start": 250.0, "cum_dist_end": 500.0, "anomaly": false}, "geometry": {"type": "LineString", "coordinates": [[139.99376277107845, 36.41789135542865], [139.99352083038372, 36.41800324993015], [139.9932785182889, 36.41811461757065], [139.99303581345163, 36.41822542703692], [139.9927927449614, 36.41833570433524], [139.99254741265491, 36.418442668775974], [139.9923020803484, 36.4185496332167], [139.99205481414583, 36.418653578495295], [139.99180509903476, 36.41875370058394], [139.99155538392367, 36.41885382267259], [139.99130447382845, 36.41895193515398]]}}, {"type": "Feature", "properties": {"id": "北関東道-上り-14-2", "route": "北関東道", "direction": "上り", "from": null, "to": null, "grade": -0.24, "elevation_start": 62.2, "elevation_end": 61.6, "quality": "estimated", "structure": "bridge", "chain_rank": 14, "cum_dist_start": 500.0, "cum_dist_end": 750.0, "anomaly": false}, "geometry": {"type": "LineString", "coordinates": [[139.99130447382845, 36.41895193515398], [139.99105170225965, 36.41904691719144], [139.99079893069083, 36.4191418992289], [139.99054615912203, 36.41923688126636], [139.99029235306077, 36.41933000691297], [139.99003677918324, 36.419419960223365], [139.98978120530575, 36.41950991353376], [139.98952563142825, 36.41959986684415], [139.98927005755075, 36.419689820154545], [139.98901448367326, 36.41977977346494], [139.98875890164948, 36.4198697116243]]}}, {"type": "Feature", "properties": {"id": "北関東道-上り-14-3", "route": "北関東道", "direction": "上り", "from": null, "to": null, "grade": -0.24, "elevation_start": 61.6, "elevation_end": 61.0, "quality": "estimated", "structure": "bridge", "chain_rank": 14, "cum_dist_start": 750.0, "cum_dist_end": 1000.0, "anomaly": false}, "geometry": {"type": "LineString", "coordinates": [[139.98875890164948, 36.4198697116243], [139.98850292663664, 36.41995891887408], [139.98824708796496, 36.42004838274975], [139.98799127615158, 36.420137897178925], [139.9877354643382, 36.4202274116081], [139.98747965252477, 36.42031692603728], [139.98722384071138, 36.42040644046646], [139.986968028898, 36.420495954895635], [139.98671222206661, 36.420585480628795], [139.98645782187123, 36.42067754535786], [139.98620485089467, 36.420772189844]]}}, {"type": "Feature", "properties": {"id": "北関東道-上り-14-4", "route": "北関東道", "direction": "上り", "from": null, "to": null, "grade": -0.24, "elevation_start": 61.0, "elevation_end": 60.4, "quality": "estimated", "structure": "bridge", "chain_rank": 14, "cum_dist_start": 1000.0, "cum_dist_end": 1250.0, "anomaly": false}, "geometry": {"type": "LineString", "coordinates": [[139.98620485089467, 36.420772189844], [139.9859518799181, 36.42086683433015], [139.98569890894157, 36.420961478816295], [139.985445937965, 36.42105612330244], [139.98519522743945, 36.42115460065466], [139.98494552571196, 36.42125473718365], [139.98469812181563, 36.42135855252883], [139.98445071791926, 36.42146236787401], [139.98420342252484, 36.421566346748385], [139.98395955723726, 36.42167549532359], [139.98371569194964, 36.421784643898796]]}}, {"type": "Feature", "properties": {"id": "北関東道-上り-14-5", "route": "北関東道", "direction": "上り", "from": null, "to": null, "grade": 0.04, "elevation_start": 60.4, "elevation_end": 60.5, "quality": "estimated", "structure": "bridge", "chain_rank": 14, "cum_dist_start": 1250.0, "cum_dist_end": 1500.0, "anomaly": false}, "geometry": {"type": "LineString", "coordinates": [[139.98371569194964, 36.421784643898796], [139.9834719556068, 36.42189397486297], [139.98323180138934, 36.422008372648996], [139.98299384478656, 36.42212571972615], [139.98275643003802, 36.42224379399442], [139.98252087853382, 36.42236427844663], [139.98228551856047, 36.42248501065197], [139.9820528273598, 36.422609024798184], [139.9818224695137, 36.42273589726474], [139.98159760208046, 36.42286905390346], [139.9813727346472, 36.42300221054218]]}}, {"type": "Feature", "properties": {"id": "北関東道-上り-15-0", "route": "北関東道", "direction": "上り", "from": null, "to": null, "grade": 0.28, "elevation_start": 55.0, "elevation_end": 55.7, "quality": "measured", "structure": "normal", "chain_rank": 15, "cum_dist_start": 0.0, "cum_dist_end": 250.0, "anomaly": false}, "geometry": {"type": "LineString", "coordinates": [[139.4704792, 36.3675475], [139.47074013869616, 36.36746861853209], [139.4710010773923, 36.36738973706417], [139.47125941396314, 36.36730553752013], [139.4715164462592, 36.36721867237324], [139.47177099689483, 36.367127184750466], [139.47202497980146, 36.36703463964471], [139.47227665009518, 36.36693812168641], [139.4725266846726, 36.36683879372056], [139.4727720654023, 36.3667321607641], [139.47301645933322, 36.366624052883616]]}}, {"type": "Feature", "properties": {"id": "北関東道-上り-15-1", "route": "北関東道", "direction": "上り", "from": null, "to": null, "grade": 1.05, "elevation_start": 55.7, "elevation_end": 58.3, "quality": "measured", "structure": "normal", "chain_rank": 15, "cum_dist_start": 250.0, "cum_dist_end": 500.0, "anomaly": false}, "geometry": {"type": "LineString", "coordinates": [[139.47301645933322, 36.366624052883616], [139.47325960386624, 36.36651410619948], [139.47350190687615, 36.36640301538944], [139.47373743040583, 36.36628270726962], [139.47397295393552, 36.36616239914981], [139.4742084774652, 36.36604209102999], [139.47444022373776, 36.365917154765306], [139.47466960767585, 36.36578932401244], [139.47489899161394, 36.365661493259566], [139.47512671066062, 36.365531752281825], [139.4753527291218, 36.365400060125374]]}}, {"type": "Feature", "properties": {"id": "北関東道-上り-15-2", "route": "北関東道", "direction": "上り", "from": null, "to": null, "grade": 0.0, "elevation_start": 58.3, "elevation_end": 58.3, "quality": "estimated", "structure": "bridge", "chain_rank": 15, "cum_dist_start": 500.0, "cum_dist_end": 750.0, "anomaly": false}, "geometry": {"type": "LineString", "coordinates": [[139.4753527291218, 36.365400060125374], [139.47557874758297, 36.36526836796892], [139.47580476604418, 36.36513667581247], [139.4760306480798, 36.3650048317887], [139.47625643945548, 36.36487288684334], [139.47648223083118, 36.36474094189797], [139.47670802220688, 36.364608996952605], [139.4769345652232, 36.36447792513028], [139.47716588229653, 36.364352398962374], [139.47739719936988, 36.36422687279447], [139.47762851644322, 36.36410134662656]]}}, {"type": "Feature", "properties": {"id": "北関東道-上り-16-0", "route": "北関東道", "direction": "上り", "from": null, "to": "出流原PA/スマートIC（東行き）", "grade": 0.0, "elevation_start": 66.1, "elevation_end": 66.1, "quality": "estimated", "structure": "tunnel", "chain_rank": 16, "cum_dist_start": 0.0, "cum_dist_end": 250.0, "anomaly": false}, "geometry": {"type": "LineString", "coordinates": [[139.5381291, 36.3728557], [139.5383811781501, 36.37275977759634], [139.5386320331821, 36.372661813493785], [139.53888137935047, 36.372561330709516], [139.53912976364717, 36.372459441645994], [139.53936753765575, 36.37234204008897], [139.53960546199258, 36.372224839554825], [139.5398443848997, 36.37210897433526], [139.5400764265387, 36.37198474398655], [139.5403009032261, 36.37185131739724], [139.540520428179, 36.37171273897387]]}}, {"type": "Feature", "properties": {"id": "北関東道-上り-16-1", "route": "北関東道", "direction": "上り", "from": null, "to": "出流原PA/スマートIC（東行き）", "grade": 0.0, "elevation_start": 66.1, "elevation_end": 66.1, "quality": "estimated", "structure": "normal", "chain_rank": 16, "cum_dist_start": 250.0, "cum_dist_end": 500.0, "anomaly": false}, "geometry": {"type": "LineString", "coordinates": [[139.540520428179, 36.37171273897387], [139.54073571698623, 36.37156975322213], [139.54094916048453, 36.371425022731785], [139.54115722688246, 36.37127520819581], [139.5413652932804, 36.371125393659845], [139.5415714400182, 36.37097385677728], [139.54177731974434, 36.370822080328026], [139.54198319947045, 36.37067030387876], [139.54219457769986, 36.37052360799732], [139.54240783802499, 36.37037865115551], [139.5426210983501, 36.370233694313704]]}}, {"type": "Feature", "properties": {"id": "北関東道-上り-16-2", "route": "北関東道", "direction": "上り", "from": null, "to": "出流原PA/スマートIC（東行き）", "grade": 0.0, "elevation_start": 66.1, "elevation_end": 66.1, "quality": "estimated", "structure": "bridge", "chain_rank": 16, "cum_dist_start": 500.0, "cum_dist_end": 750.0, "anomaly": false}, "geometry": {"type": "LineString", "coordinates": [[139.5426210983501, 36.370233694313704], [139.54283435867524, 36.370088737471896], [139.5430478161584, 36.36994397141278], [139.54326097702585, 36.36979892312915], [139.54347257826177, 36.3696523864444], [139.5436845543185, 36.3695062153957], [139.54390178874948, 36.36936517386726], [139.54411902318043, 36.369224132338815], [139.54433625761138, 36.36908309081037], [139.54455547136814, 36.368944089416786], [139.54477649107935, 36.36880694946037]]}}, {"type": "Feature", "properties": {"id": "北関東道-上り-17-0", "route": "北関東道", "direction": "上り", "from": null, "to": "出流原PA/スマートIC（西行き）", "grade": -0.13, "elevation_start": 61.2, "elevation_end": 60.9, "quality": "estimated", "structure": "bridge", "chain_rank": 17, "cum_dist_start": 0.0, "cum_dist_end": 250.0, "anomaly": false}, "geometry": {"type": "LineString", "coordinates": [[139.560172, 36.3643774], [139.55990433373293, 36.364439791100125], [139.55963666746587, 36.36450218220025], [139.55936770034674, 36.36456066846115], [139.55909750357645, 36.36461546361037], [139.55882642232015, 36.364667133880864], [139.55855365562772, 36.3647128495254], [139.5582808889353, 36.36475856516993], [139.55800776032086, 36.36480279328788], [139.55773390373326, 36.36484402938117], [139.55746004714567, 36.364885265474456]]}}, {"type": "Feature", "properties": {"id": "北関東道-上り-17-1", "route": "北関東道", "direction": "上り", "from": null, "to": "出流原PA/スマートIC（西行き）", "grade": -0.27, "elevation_start": 60.9, "elevation_end": 60.2, "quality": "estimated", "structure": "normal", "chain_rank": 17, "cum_dist_start": 250.0, "cum_dist_end": 500.0, "anomaly": false}, "geometry": {"type": "LineString", "coordinates": [[139.55746004714567, 36.364885265474456], [139.55718619055807, 36.364926501567744], [139.5569122580667, 36.36496738950195], [139.55663746370413, 36.36500432416371], [139.55636266934155, 36.36504125882548], [139.556087874979, 36.36507819348724], [139.55581308061642, 36.36511512814901], [139.55553828625384, 36.36515206281077], [139.55526349189128, 36.365188997472536], [139.5549886975287, 36.3652259321343], [139.55471390316612, 36.365262866796066]]}}, {"type": "Feature", "properties": {"id": "北関東道-上り-17-2", "route": "北関東道", "direction": "上り", "from": null, "to": "出流原PA/スマートIC（西行き）", "grade": 0.0, "elevation_start": 60.2, "elevation_end": 60.2, "quality": "estimated", "structure": "bridge", "chain_rank": 17, "cum_dist_start": 500.0, "cum_dist_end": 750.0, "anomaly": false}, "geometry": {"type": "LineString", "coordinates": [[139.55471390316612, 36.365262866796066], [139.55444001036133, 36.36530387447176], [139.5541664492185, 36.3653463805139], [139.5538938273869, 36.36539249299652], [139.55362231516443, 36.365442865770525], [139.55335080147202, 36.36549323353574], [139.55307927483975, 36.36554355720893], [139.55280774820744, 36.36559388088213], [139.55253622157514, 36.36564420455532], [139.55226736296964, 36.36570304129055], [139.55199898600864, 36.36576341484305]]}}]}