{"type": "FeatureCollection", "features": [{"type": "Feature", "properties": {"id": "近畿道-上り-0-0", "route": "近畿道", "direction": "上り", "from": "松原JCT", "to": "長原IC", "grade": 0.0, "elevation_start": 0.0, "elevation_end": 0.0, "quality": "estimated", "structure": "normal", "chain_rank": 0, "cum_dist_start": 0.0, "cum_dist_end": 100.0, "anomaly": false}, "geometry": {"type": "LineString", "coordinates": [[135.5755573, 34.5899587], [135.57564443919838, 34.59017221426126], [135.57571250929325, 34.590390392557055], [135.57576983908177, 34.59061068560743], [135.5758146744741, 34.59083291089562]]}}, {"type": "Feature", "properties": {"id": "近畿道-上り-0-1", "route": "近畿道", "direction": "上り", "from": "松原JCT", "to": "長原IC", "grade": 0.0, "elevation_start": 0.0, "elevation_end": 0.0, "quality": "estimated", "structure": "bridge", "chain_rank": 0, "cum_dist_start": 100.0, "cum_dist_end": 200.0, "anomaly": false}, "geometry": {"type": "LineString", "coordinates": [[135.5758146744741, 34.59083291089562], [135.57583940180606, 34.59105731313866], [135.57585573335405, 34.59128219179849], [135.57585704736226, 34.591507499894085], [135.57584545813356, 34.59173263396108]]}}, {"type": "Feature", "properties": {"id": "近畿道-上り-0-2", "route": "近畿道", "direction": "上り", "from": "松原JCT", "to": "長原IC", "grade": 0.0, "elevation_start": 0.0, "elevation_end": 0.0, "quality": "estimated", "structure": "bridge", "chain_rank": 0, "cum_dist_start": 200.0, "cum_dist_end": 300.0, "anomaly": false}, "geometry": {"type": "LineString", "coordinates": [[135.57584545813356, 34.59173263396108], [135.5758237868406, 34.591957252644576], [135.5757918270691, 34.592181036060865], [135.57574813009435, 34.59240347824208], [135.57569904268843, 34.59262513530989]]}}, {"type": "Feature", "properties": {"id": "近畿道-上り-0-3", "route": "近畿道", "direction": "上り", "from": "松原JCT", "to": "長原IC", "grade": 0.0, "elevation_start": 0.0, "elevation_end": 0.0, "quality": "estimated", "structure": "bridge", "chain_rank": 0, "cum_dist_start": 300.0, "cum_dist_end": 400.0, "anomaly": false}, "geometry": {"type": "LineString", "coordinates": [[135.57569904268843, 34.59262513530989], [135.57564539106951, 34.59284608561928], [135.5755917394506, 34.59306703592868], [135.57553833571848, 34.593288026948606], [135.575485859783, 34.5935091703409]]}}, {"type": "Feature", "properties": {"id": "近畿道-上り-0-4", "route": "近畿道", "direction": "上り", "from": "松原JCT", "to": "長原IC", "grade": 0.0, "elevation_start": 0.0, "elevation_end": 0.0, "quality": "estimated", "structure": "bridge", "chain_rank": 0, "cum_dist_start": 400.0, "cum_dist_end": 500.0, "anomaly": false}, "geometry": {"type": "LineString", "coordinates": [[135.575485859783, 34.5935091703409], [135.57543338384752, 34.593730313733204], [135.57538090791203, 34.5939514571255], [135.57532843197654, 34.5941726005178], [135.57527595604105, 34.594393743910096]]}}, {"type": "Feature", "properties": {"id": "近畿道-上り-0-5", "route": "近畿道", "direction": "上り", "from": "松原JCT", "to": "長原IC", "grade": 0.0, "elevation_start": 0.0, "elevation_end": 0.0, "quality": "estimated", "structure": "bridge", "chain_rank": 0, "cum_dist_start": 500.0, "cum_dist_end": 600.0, "anomaly": false}, "geometry": {"type": "LineString", "coordinates": [[135.57527595604105, 34.594393743910096], [135.57522348010556, 34.5946148873024], [135.57517084951755, 34.59483600551395], [135.57511790972657, 34.595057073380644], [135.5750649699356, 34.595278141247334]]}}, {"type": "Feature", "properties": {"id": "近畿道-上り-0-6", "route": "近畿道", "direction": "上り", "from": "松原JCT", "to": "長原IC", "grade": 0.0, "elevation_start": 0.0, "elevation_end": 0.0, "quality": "estimated", "structure": "bridge", "chain_rank": 0, "cum_dist_start": 600.0, "cum_dist_end": 700.0, "anomaly": false}, "geometry": {"type": "LineString", "coordinates": [[135.5750649699356, 34.595278141247334], [135.57501203014462, 34.595499209114024], [135.57495909035364, 34.59572027698072], [135.57490615056267, 34.59594134484741], [135.57485340460673, 34.59616244449216]]}}, {"type": "Feature", "properties": {"id": "近畿道-上り-0-7", "route": "近畿道", "direction": "上り", "from": "長原IC", "to": "八尾PA", "grade": 0.0, "elevation_start": 0.0, "elevation_end": 0.0, "quality": "estimated", "structure": "bridge", "chain_rank": 0, "cum_dist_start": 700.0, "cum_dist_end": 800.0, "anomaly": false}, "geometry": {"type": "LineString", "coordinates": [[135.57485340460673, 34.59616244449216], [135.57480067820214, 34.596383547342235], [135.57474795179755, 34.596604650192305], [135.57469522539296, 34.596825753042374], [135.57464249898837, 34.597046855892444]]}}, {"type": "Feature", "properties": {"id": "近畿道-上り-0-8", "route": "近畿道", "direction": "上り", "from": "長原IC", "to": "八尾PA", "grade": 0.0, "elevation_start": 0.0, "elevation_end": 0.0, "quality": "estimated", "structure": "bridge", "chain_rank": 0, "cum_dist_start": 800.0, "cum_dist_end": 900.0, "anomaly": false}, "geometry": {"type": "LineString", "coordinates": [[135.57464249898837, 34.597046855892444], [135.57458977258378, 34.59726795874251], [135.5745370461792, 34.59748906159259], [135.57448431977457, 34.59771016444266], [135.57443159336998, 34.59793126729273]]}}, {"type": "Feature", "properties": {"id": "近畿道-上り-0-9", "route": "近畿道", "direction": "上り", "from": "長原IC", "to": "八尾PA", "grade": 0.0, "elevation_start": 0.0, "elevation_end": 0.0, "quality": "estimated", "structure": "bridge", "chain_rank": 0, "cum_dist_start": 900.0, "cum_dist_end": 1000.0, "anomaly": false}, "geometry": {"type": "LineString", "coordinates": [[135.57443159336998, 34.59793126729273], [135.5743790180093, 34.598152394339465], [135.57432812957794, 34.5983737916259], [135.5742772411466, 34.59859518891235], [135.57422635271524, 34.59881658619879]]}}, {"type": "Feature", "properties": {"id": "近畿道-上り-0-10", "route": "近畿道", "direction": "上り", "from": "長原IC", "to": "八尾PA", "grade": 0.0, "elevation_start": 0.0, "elevation_end": 0.0, "quality": "estimated", "structure": "bridge", "chain_rank": 0, "cum_dist_start": 1000.0, "cum_dist_end": 1100.0, "anomaly": false}, "geometry": {"type": "LineString", "coordinates": [[135.57422635271524, 34.59881658619879], [135.57417546428388, 34.59903798348523], [135.57412457585255, 34.59925938077168], [135.5740736874212, 34.599480778058116], [135.57402279898986, 34.59970217534456]]}}, {"type": "Feature", "properties": {"id": "近畿道-上り-0-11", "route": "近畿道", "direction": "上り", "from": "長原IC", "to": "八尾PA", "grade": 0.0, "elevation_start": 0.0, "elevation_end": 0.0, "quality": "estimated", "structure": "bridge", "chain_rank": 0, "cum_dist_start": 1100.0, "cum_dist_end": 1200.0, "anomaly": false}, "geometry": {"type": "LineString", "coordinates": [[135.57402279898986, 34.59970217534456], [135.5739719105585, 34.599923572631], [135.57392102212714, 34.600144969917444], [135.5738701336958, 34.60036636720388], [135.57381924526445, 34.60058776449033]]}}, {"type": "Feature", "properties": {"id": "近畿道-上り-0-12", "route": "近畿道", "direction": "上り", "from": "長原IC", "to": "八尾PA", "grade": 0.0, "elevation_start": 0.0, "elevation_end": 0.0, "quality": "estimated", "structure": "bridge", "chain_rank": 0, "cum_dist_start": 1200.0, "cum_dist_end": 1300.0, "anomaly": false}, "geometry": {"type": "LineString", "coordinates": [[135.57381924526445, 34.60058776449033], [135.5737683612663, 34.60080916248671], [135.57371750897033, 34.601030565559924], [135.57366665667436, 34.601251968633136], [135.5736158043784, 34.60147337170635]]}}, {"type": "Feature", "properties": {"id": "近畿道-上り-0-13", "route": "近畿道", "direction": "上り", "from": "長原IC", "to": "八尾PA", "grade": 0.0, "elevation_start": 0.0, "elevation_end": 0.0, "quality": "estimated", "structure": "bridge", "chain_rank": 0, "cum_dist_start": 1300.0, "cum_dist_end": 1400.0, "anomaly": false}, "geometry": {"type": "LineString", "coordinates": [[135.5736158043784, 34.60147337170635], [135.57356495208242, 34.60169477477956], [135.57351538469203, 34.601916372950484], [135.57346779938106, 34.602138272076736], [135.57342021407013, 34.60236017120299]]}}, {"type": "Feature", "properties": {"id": "近畿道-上り-0-14", "route": "近畿道", "direction": "上り", "from": "長原IC", "to": "八尾PA", "grade": 0.0, "elevation_start": 0.0, "elevation_end": 0.0, "quality": "estimated", "structure": "bridge", "chain_rank": 0, "cum_dist_start": 1400.0, "cum_dist_end": 1500.0, "anomaly": false}, "geometry": {"type": "LineString", "coordinates": [[135.57342021407013, 34.60236017120299], [135.57337973711233, 34.60258303091054], [135.5733394149361, 34.602805911534354], [135.5733010459074, 34.60302902276318], [135.57326431866866, 34.60325232783553]]}}, {"type": "Feature", "properties": {"id": "近畿道-上り-0-15", "route": "近畿道", "direction": "上り", "from": "長原IC", "to": "八尾PA", "grade": 0.0, "elevation_start": 0.0, "elevation_end": 0.0, "quality": "estimated", "structure": "bridge", "chain_rank": 0, "cum_dist_start": 1500.0, "cum_dist_end": 1600.0, "anomaly": false}, "geometry": {"type": "LineString", "coordinates": [[135.57326431866866, 34.60325232783553], [135.57322946159093, 34.60347581975657], [135.57320080690133, 34.603699931361234], [135.5731721522117, 34.60392404296591], [135.57315096402306, 34.60414870660318]]}}, {"type": "Feature", "properties": {"id": "近畿道-上り-0-16", "route": "近畿道", "direction": "上り", "from": "長原IC", "to": "八尾PA", "grade": 0.0, "elevation_start": 0.0, "elevation_end": 0.0, "quality": "estimated", "structure": "bridge", "chain_rank": 0, "cum_dist_start": 1600.0, "cum_dist_end": 1700.0, "anomaly": false}, "geometry": {"type": "LineString", "coordinates": [[135.57315096402306, 34.60414870660318], [135.5731310768967, 34.60437346643395], [135.57311421283572, 34.6045983630052], [135.57310432866876, 34.60482357529379], [135.57309444450178, 34.60504878758238]]}}, {"type": "Feature", "properties": {"id": "近畿道-上り-0-17", "route": "近畿道", "direction": "上り", "from": "長原IC", "to": "八尾PA", "grade": 0.0, "elevation_start": 0.0, "elevation_end": 0.0, "quality": "estimated", "structure": "bridge", "chain_rank": 0, "cum_dist_start": 1700.0, "cum_dist_end": 1800.0, "anomaly": false}, "geometry": {"type": "LineString", "coordinates": [[135.57309444450178, 34.60504878758238], [135.57308900045362, 34.605274091042745], [135.57308535051433, 34.60549943134267], [135.5730854046901, 34.60572476198779], [135.57309077140397, 34.605950078785725]]}}, {"type": "Feature", "properties": {"id": "近畿道-上り-0-18", "route": "近畿道", "direction": "上り", "from": "長原IC", "to": "八尾PA", "grade": 0.0, "elevation_start": 0.0, "elevation_end": 0.0, "quality": "estimated", "structure": "bridge", "chain_rank": 0, "cum_dist_start": 1800.0, "cum_dist_end": 1900.0, "anomaly": false}, "geometry": {"type": "LineString", "coordinates": [[135.57309077140397, 34.605950078785725], [135.57309659502795, 34.60617538310979], [135.57310921396316, 34.606400501918436], [135.57312183289838, 34.60662562072708], [135.57313805273594, 34.606850551164925]]}}, {"type": "Feature", "properties": {"id": "近畿道-上り-0-19", "route": "近畿道", "direction": "上り", "from": "長原IC", "to": "八尾PA", "grade": 0.0, "elevation_start": 0.0, "elevation_end": 0.0, "quality": "estimated", "structure": "bridge", "chain_rank": 0, "cum_dist_start": 1900.0, "cum_dist_end": 2000.0, "anomaly": false}, "geometry": {"type": "LineString", "coordinates": [[135.57313805273594, 34.606850551164925], [135.57315984797984, 34.60707518994149], [135.57318164322373, 34.60729982871806], [135.5732103330465, 34.60752390362026], [135.57324218748997, 34.60774771970338]]}}, {"type": "Feature", "properties": {"id": "近畿道-上り-0-20", "route": "近畿道", "direction": "上り", "from": "長原IC", "to": "八尾PA", "grade": 0.0, "elevation_start": 0.0, "elevation_end": 0.0, "quality": "estimated", "structure": "bridge", "chain_rank": 0, "cum_dist_start": 2000.0, "cum_dist_end": 2100.0, "anomaly": false}, "geometry": {"type": "LineString", "coordinates": [[135.57324218748997, 34.60774771970338], [135.57327540598118, 34.60797139312], [135.57331196192803, 34.60819471747028], [135.5733485178749, 34.60841804182056], [135.57338958717148, 34.60864082403831]]}}, {"type": "Feature", "properties": {"id": "近畿道-上り-0-21", "route": "近畿道", "direction": "上り", "from": "長原IC", "to": "八尾PA", "grade": 0.0, "elevation_start": 0.0, "elevation_end": 0.0, "quality": "estimated", "structure": "bridge", "chain_rank": 0, "cum_dist_start": 2100.0, "cum_dist_end": 2200.0, "anomaly": false}, "geometry": {"type": "LineString", "coordinates": [[135.57338958717148, 34.60864082403831], [135.573431401954, 34.6088635167101], [135.57347475931473, 34.609086000800545], [135.57352092745617, 34.60930810482829], [135.57356709559764, 34.60953020885602]]}}, {"type": "Feature", "properties": {"id": "近畿道-上り-0-22", "route": "近畿道", "direction": "上り", "from": "長原IC", "to": "八尾PA", "grade": 0.0, "elevation_start": 0.0, "elevation_end": 0.0, "quality": "estimated", "structure": "bridge", "chain_rank": 0, "cum_dist_start": 2200.0, "cum_dist_end": 2300.0, "anomaly": false}, "geometry": {"type": "LineString", "coordinates": [[135.57356709559764, 34.60953020885602], [135.573617412366, 34.60975169156195], [135.573668409462, 34.60997307237816], [135.57371940655796, 34.61019445319437], [135.57376925887726, 34.610416011041494]]}}, {"type": "Feature", "properties": {"id": "近畿道-上り-0-23", "route": "近畿道", "direction": "上り", "from": "長原IC", "to": "八尾PA", "grade": 0.0, "elevation_start": 0.0, "elevation_end": 0.0, "quality": "estimated", "structure": "bridge", "chain_rank": 0, "cum_dist_start": 2300.0, "cum_dist_end": 2400.0, "anomaly": false}, "geometry": {"type": "LineString", "coordinates": [[135.57376925887726, 34.610416011041494], [135.5738184653676, 34.61063766876109], [135.57386767185793, 34.61085932648069], [135.57391687834826, 34.6110809842003], [135.5739660848386, 34.6113026419199]]}}, {"type": "Feature", "properties": {"id": "近畿道-上り-0-24", "route": "近畿道", "direction": "上り", "from": "長原IC", "to": "八尾PA", "grade": 0.0, "elevation_start": 0.0, "elevation_end": 0.0, "quality": "estimated", "structure": "bridge", "chain_rank": 0, "cum_dist_start": 2400.0, "cum_dist_end": 2500.0, "anomaly": false}, "geometry": {"type": "LineString", "coordinates": [[135.5739660848386, 34.6113026419199], [135.57401529132892, 34.611524299639505], [135.57406426939036, 34.61174599092152], [135.5741104362014, 34.61196809525259], [135.57415660301248, 34.612190199583665]]}}, {"type": "Feature", "properties": {"id": "近畿道-上り-0-25", "route": "近畿道", "direction": "上り", "from": "長原IC", "to": "八尾PA", "grade": 0.0, "elevation_start": 0.0, "elevation_end": 0.0, "quality": "estimated", "structure": "bridge", "chain_rank": 0, "cum_dist_start": 2500.0, "cum_dist_end": 2600.0, "anomaly": false}, "geometry": {"type": "LineString", "coordinates": [[135.57415660301248, 34.612190199583665], [135.5741973785292, 34.61241300375943], [135.57423575990887, 34.61263611871846], [135.57427236593267, 34.61285942403801], [135.57430409379324, 34.61308325241303]]}}, {"type": "Feature", "properties": {"id": "近畿道-上り-0-26", "route": "近畿道", "direction": "上り", "from": "長原IC", "to": "八尾PA", "grade": 0.0, "elevation_start": 0.0, "elevation_end": 0.0, "quality": "estimated", "structure": "bridge", "chain_rank": 0, "cum_dist_start": 2600.0, "cum_dist_end": 2700.0, "anomaly": false}, "geometry": {"type": "LineString", "coordinates": [[135.57430409379324, 34.61308325241303], [135.5743358216538, 34.613307080788054], [135.57436264815453, 34.61353132359553], [135.5743863804601, 34.613755828031394], [135.5744093423109, 34.61398037839334]]}}, {"type": "Feature", "properties": {"id": "近畿道-上り-0-27", "route": "近畿道", "direction": "上り", "from": "長原IC", "to": "八尾PA", "grade": 0.0, "elevation_start": 0.0, "elevation_end": 0.0, "quality": "estimated", "structure": "bridge", "chain_rank": 0, "cum_dist_start": 2700.0, "cum_dist_end": 2800.0, "anomaly": false}, "geometry": {"type": "LineString", "coordinates": [[135.5744093423109, 34.61398037839334], [135.5744248113518, 34.61420537539466], [135.57444028039274, 34.61443037239598], [135.57445357804306, 34.614655459017456], [135.5744652938487, 34.614880610926654]]}}, {"type": "Feature", "properties": {"id": "近畿道-上り-0-28", "route": "近畿道", "direction": "上り", "from": "長原IC", "to": "八尾PA", "grade": 0.0, "elevation_start": 0.0, "elevation_end": 0.0, "quality": "estimated", "structure": "bridge", "chain_rank": 0, "cum_dist_start": 2800.0, "cum_dist_end": 2900.0, "anomaly": false}, "geometry": {"type": "LineString", "coordinates": [[135.5744652938487, 34.614880610926654], [135.57447700965434, 34.61510576283586], [135.57448478918735, 34.61533102509807], [135.5744915597565, 34.61555631564648], [135.57449833032564, 34.615781606194886]]}}, {"type": "Feature", "properties": {"id": "近畿道-上り-0-29", "route": "近畿道", "direction": "上り", "from": "長原IC", "to": "八尾PA", "grade": 0.0, "elevation_start": 0.0, "elevation_end": 0.0, "quality": "estimated", "structure": "bridge", "chain_rank": 0, "cum_dist_start": 2900.0, "cum_dist_end": 3000.0, "anomaly": false}, "geometry": {"type": "LineString", "coordinates": [[135.57449833032564, 34.615781606194886], [135.57450510089478, 34.61600689674329], [135.57451187146393, 34.6162321872917], [135.57451864203307, 34.61645747784011], [135.5745254126022, 34.616682768388515]]}}, {"type": "Feature", "properties": {"id": "近畿道-上り-0-30", "route": "近畿道", "direction": "上り", "from": "長原IC", "to": "八尾PA", "grade": 0.0, "elevation_start": 0.0, "elevation_end": 0.0, "quality": "estimated", "structure": "bridge", "chain_rank": 0, "cum_dist_start": 3000.0, "cum_dist_end": 3100.0, "anomaly": false}, "geometry": {"type": "LineString", "coordinates": [[135.5745254126022, 34.616682768388515], [135.57453218317136, 34.61690805893692], [135.5745389537405, 34.61713334948533], [135.57454572430964, 34.617358640033736], [135.5745524948788, 34.61758393058214]]}}, {"type": "Feature", "properties": {"id": "近畿道-上り-0-31", "route": "近畿道", "direction": "上り", "from": "長原IC", "to": "八尾PA", "grade": 0.0, "elevation_start": 0.0, "elevation_end": 0.0, "quality": "estimated", "structure": "bridge", "chain_rank": 0, "cum_dist_start": 3100.0, "cum_dist_end": 3200.0, "anomaly": false}, "geometry": {"type": "LineString", "coordinates": [[135.5745524948788, 34.61758393058214], [135.5745592654479, 34.61780922113055], [135.57456603601705, 34.618034511678964], [135.5745728065862, 34.61825980222737], [135.57457957715533, 34.61848509277578]]}}, {"type": "Feature", "properties": {"id": "近畿道-上り-0-32", "route": "近畿道", "direction": "上り", "from": "長原IC", "to": "八尾PA", "grade": 0.0, "elevation_start": 0.0, "elevation_end": 0.0, "quality": "estimated", "structure": "bridge", "chain_rank": 0, "cum_dist_start": 3200.0, "cum_dist_end": 3300.0, "anomaly": false}, "geometry": {"type": "LineString", "coordinates": [[135.57457957715533, 34.61848509277578], [135.57458634772448, 34.618710383324185], [135.57459311829362, 34.61893567387259], [135.57459988886276, 34.619160964421], [135.57460814547625, 34.6193862206862]]}}, {"type": "Feature", "properties": {"id": "近畿道-上り-0-33", "route": "近畿道", "direction": "上り", "from": "長原IC", "to": "八尾PA", "grade": 0.0, "elevation_start": 0.0, "elevation_end": 0.0, "quality": "estimated", "structure": "bridge", "chain_rank": 0, "cum_dist_start": 3300.0, "cum_dist_end": 3400.0, "anomaly": false}, "geometry": {"type": "LineString", "coordinates": [[135.57460814547625, 34.6193862206862], [135.57461654953468, 34.61961147354984], [135.57462495359312, 34.619836726413475], [135.5746332499008, 34.62006198198197], [135.5746414713035, 34.620287239430795]]}}, {"type": "Feature", "properties": {"id": "近畿道-上り-0-34", "route": "近畿道", "direction": "上り", "from": "長原IC", "to": "八尾PA", "grade": 0.0, "elevation_start": 0.0, "elevation_end": 0.0, "quality": "estimated", "structure": "bridge", "chain_rank": 0, "cum_dist_start": 3400.0, "cum_dist_end": 3500.0, "anomaly": false}, "geometry": {"type": "LineString", "coordinates": [[135.5746414713035, 34.620287239430795], [135.5746526948292, 34.6205123843556], [135.57466916350396, 34.62073733268443], [135.57468989107286, 34.62096200964512], [135.5747153148986, 34.62118638736982]]}}, {"type": "Feature", "properties": {"id": "近畿道-上り-0-35", "route": "近畿道", "direction": "上り", "from": "長原IC", "to": "八尾PA", "grade": 0.0, "elevation_start": 0.0, "elevation_end": 0.0, "quality": "estimated", "structure": "bridge", "chain_rank": 0, "cum_dist_start": 3500.0, "cum_dist_end": 3600.0, "anomaly": false}, "geometry": {"type": "LineString", "coordinates": [[135.5747153148986, 34.62118638736982], [135.5747469491648, 34.621410157355335], [135.57478559828593, 34.621633240883554], [135.57483069357338, 34.62185542253999], [135.57488299606794, 34.62207659584877]]}}, {"type": "Feature", "properties": {"id": "近畿道-上り-0-36", "route": "近畿道", "direction": "上り", "from": "長原IC", "to": "八尾PA", "grade": 0.0, "elevation_start": 0.0, "elevation_end": 0.0, "quality": "estimated", "structure": "bridge", "chain_rank": 0, "cum_dist_start": 3600.0, "cum_dist_end": 3700.0, "anomaly": false}, "geometry": {"type": "LineString", "coordinates": [[135.57488299606794, 34.62207659584877], [135.5749427929397, 34.62229635484823], [135.57501177622584, 34.622514380223805], [135.57508618567633, 34.622731091061496], [135.57517047240142, 34.62294540903919]]}}, {"type": "Feature", "properties": {"id": "近畿道-上り-0-37", "route": "近畿道", "direction": "上り", "from": "長原IC", "to": "八尾PA", "grade": 0.0, "elevation_start": 0.0, "elevation_end": 0.0, "quality": "estimated", "structure": "bridge", "chain_rank": 0, "cum_dist_start": 3700.0, "cum_dist_end": 3800.0, "anomaly": false}, "geometry": {"type": "LineString", "coordinates": [[135.57517047240142, 34.62294540903919], [135.57525855511633, 34.62315862067444], [135.5753555086115, 34.62336924691794], [135.5754530941223, 34.62357966677563], [135.57555645584182, 34.62378820040237]]}}, {"type": "Feature", "properties": {"id": "近畿道-上り-0-38", "route": "近畿道", "direction": "上り", "from": "長原IC", "to": "八尾PA", "grade": 0.0, "elevation_start": 0.0, "elevation_end": 0.0, "quality": "estimated", "structure": "bridge", "chain_rank": 0, "cum_dist_start": 3800.0, "cum_dist_end": 3900.0, "anomaly": false}, "geometry": {"type": "LineString", "coordinates": [[135.57555645584182, 34.62378820040237], [135.5756598175613, 34.623996734029106], [135.5757700923162, 34.62420282219589], [135.5758812310145, 34.62440860474596], [135.57599236971285, 34.62461438729602]]}}, {"type": "Feature", "properties": {"id": "近畿道-上り-0-39", "route": "近畿道", "direction": "上り", "from": "長原IC", "to": "八尾PA", "grade": 0.0, "elevation_start": 0.0, "elevation_end": 0.0, "quality": "estimated", "structure": "bridge", "chain_rank": 0, "cum_dist_start": 3900.0, "cum_dist_end": 4000.0, "anomaly": false}, "geometry": {"type": "LineString", "coordinates": [[135.57599236971285, 34.62461438729602], [135.5761035084112, 34.62482016984609], [135.5762146471095, 34.62502595239616], [135.5763297451805, 34.62523023484585], [135.57644581784228, 34.625434148049145]]}}, {"type": "Feature", "properties": {"id": "近畿道-上り-0-40", "route": "近畿道", "direction": "上り", "from": "長原IC", "to": "八尾PA", "grade": 0.0, "elevation_start": 0.0, "elevation_end": 0.0, "quality": "estimated", "structure": "bridge", "chain_rank": 0, "cum_dist_start": 4000.0, "cum_dist_end": 4100.0, "anomaly": false}, "geometry": {"type": "LineString", "coordinates": [[135.57644581784228, 34.625434148049145], [135.5765618905041, 34.62563806125244], [135.57667796316593, 34.625841974455724], [135.57679530238158, 34.626045380181786], [135.57691706529175, 34.62624701344138]]}}, {"type": "Feature", "properties": {"id": "近畿道-上り-0-41", "route": "近畿道", "direction": "上り", "from": "長原IC", "to": "八尾PA", "grade": 0.0, "elevation_start": 0.0, "elevation_end": 0.0, "quality": "estimated", "structure": "bridge", "chain_rank": 0, "cum_dist_start": 4100.0, "cum_dist_end": 4200.0, "anomaly": false}, "geometry": {"type": "LineString", "coordinates": [[135.57691706529175, 34.62624701344138], [135.57703883038795, 34.62644864575442], [135.57717003162816, 34.6266461922574], [135.57730123286834, 34.62684373876038], [135.57743997726834, 34.62703772014618]]}}, {"type": "Feature", "properties": {"id": "近畿道-上り-0-42", "route": "近畿道", "direction": "上り", "from": "長原IC", "to": "八尾PA", "grade": 0.0, "elevation_start": 0.0, "elevation_end": 0.0, "quality": "estimated", "structure": "bridge", "chain_rank": 0, "cum_dist_start": 4200.0, "cum_dist_end": 4300.0, "anomaly": false}, "geometry": {"type": "LineString", "coordinates": [[135.57743997726834, 34.62703772014618], [135.5775793892294, 34.62723138602315], [135.5777230613688, 34.6274229068208], [135.57786731370518, 34.62761413547842], [135.5780164416513, 34.627802759177186]]}}, {"type": "Feature", "properties": {"id": "近畿道-上り-0-43", "route": "近畿道", "direction": "上り", "from": "長原IC", "to": "八尾PA", "grade": 0.0, "elevation_start": 0.0, "elevation_end": 0.0, "quality": "estimated", "structure": "bridge", "chain_rank": 0, "cum_dist_start": 4300.0, "cum_dist_end": 4400.0, "anomaly": false}, "geometry": {"type": "LineString", "coordinates": [[135.5780164416513, 34.627802759177186], [135.57816815497878, 34.62799000154881], [135.57832098311206, 34.62817659299882], [135.5784837736931, 34.62835736749624], [135.57864656427415, 34.628538141993666]]}}, {"type": "Feature", "properties": {"id": "近畿道-上り-0-44", "route": "近畿道", "direction": "上り", "from": "長原IC", "to": "八尾PA", "grade": 0.0, "elevation_start": 0.0, "elevation_end": 0.0, "quality": "estimated", "structure": "bridge", "chain_rank": 0, "cum_dist_start": 4400.0, "cum_dist_end": 4500.0, "anomaly": false}, "geometry": {"type": "LineString", "coordinates": [[135.57864656427415, 34.628538141993666], [135.57881391534332, 34.62871602738407], [135.57898279845557, 34.62889294221247], [135.57915842183908, 34.62906529941586], [135.5793347458346, 34.62923718288064]]}}, {"type": "Feature", "properties": {"id": "近畿道-上り-0-45", "route": "近畿道", "direction": "上り", "from": "長原IC", "to": "八尾PA", "grade": 0.0, "elevation_start": 0.0, "elevation_end": 0.0, "quality": "estimated", "structure": "bridge", "chain_rank": 0, "cum_dist_start": 4500.0, "cum_dist_end": 4600.0, "anomaly": false}, "geometry": {"type": "LineString", "coordinates": [[135.5793347458346, 34.62923718288064], [135.57951896323146, 34.629403289093496], [135.57970438662664, 34.62956848959555], [135.57989814464293, 34.629727032427645], [135.58009204061918, 34.629885456838984]]}}, {"type": "Feature", "properties": {"id": "近畿道-上り-0-46", "route": "近畿道", "direction": "上り", "from": "長原IC", "to": "八尾PA", "grade": 0.0, "elevation_start": 0.0, "elevation_end": 0.0, "quality": "estimated", "structure": "bridge", "chain_rank": 0, "cum_dist_start": 4600.0, "cum_dist_end": 4700.0, "anomaly": false}, "geometry": {"type": "LineString", "coordinates": [[135.58009204061918, 34.629885456838984], [135.58029103724584, 34.630039503001484], [135.58049132789105, 34.630192361611115], [135.58069743127464, 34.630339885726755], [135.58090407974603, 34.63048687120355]]}}, {"type": "Feature", "properties": {"id": "近畿道-上り-0-47", "route": "近畿道", "direction": "上り", "from": "八尾PA", "to": "八尾IC", "grade": 0.0, "elevation_start": 0.0, "elevation_end": 0.0, "quality": "estimated", "structure": "bridge", "chain_rank": 0, "cum_dist_start": 4700.0, "cum_dist_end": 4800.0, "anomaly": false}, "geometry": {"type": "LineString", "coordinates": [[135.58090407974603, 34.63048687120355], [135.58111617973947, 34.630628469655306], [135.5813287277688, 34.63076959260747], [135.58154677457063, 34.630904879723374], [135.58176482137247, 34.63104016683928]]}}, {"type": "Feature", "properties": {"id": "近畿道-上り-0-48", "route": "近畿道", "direction": "上り", "from": "八尾PA", "to": "八尾IC", "grade": 0.0, "elevation_start": 0.0, "elevation_end": 0.0, "quality": "estimated", "structure": "bridge", "chain_rank": 0, "cum_dist_start": 4800.0, "cum_dist_end": 4900.0, "anomaly": false}, "geometry": {"type": "LineString", "coordinates": [[135.58176482137247, 34.63104016683928], [135.58198633865626, 34.63117152801079], [135.58220855319013, 34.631302100425884], [135.58243517002722, 34.63142736698705], [135.58266259726227, 34.63155165682018]]}}, {"type": "Feature", "properties": {"id": "近畿道-上り-0-49", "route": "近畿道", "direction": "上り", "from": "八尾PA", "to": "八尾IC", "grade": 0.0, "elevation_start": 0.0, "elevation_end": 0.0, "quality": "estimated", "structure": "bridge", "chain_rank": 0, "cum_dist_start": 4900.0, "cum_dist_end": 5000.0, "anomaly": false}, "geometry": {"type": "LineString", "coordinates": [[135.58266259726227, 34.63155165682018], [135.58289437407424, 34.63167031019299], [135.58312662615836, 34.63178834767773], [135.58336235413643, 34.631901541523014], [135.58359904725597, 34.63201339044887]]}}, {"type": "Feature", "properties": {"id": "近畿道-上り-0-50", "route": "近畿道", "direction": "上り", "from": "八尾PA", "to": "八尾IC", "grade": 0.0, "elevation_start": 0.0, "elevation_end": 0.0, "quality": "estimated", "structure": "bridge", "chain_rank": 0, "cum_dist_start": 5000.0, "cum_dist_end": 5100.0, "anomaly": false}, "geometry": {"type": "LineString", "coordinates": [[135.58359904725597, 34.63201339044887], [135.5838365108451, 34.63212411280899], [135.5840746020352, 34.63223391750308], [135.58431269322529, 34.63234372219716], [135.5845507844154, 34.632453526891254]]}}, {"type": "Feature", "properties": {"id": "近畿道-上り-0-51", "route": "近畿道", "direction": "上り", "from": "八尾PA", "to": "八尾IC", "grade": 0.0, "elevation_start": 0.0, "elevation_end": 0.0, "quality": "estimated", "structure": "bridge", "chain_rank": 0, "cum_dist_start": 5100.0, "cum_dist_end": 5200.0, "anomaly": false}, "geometry": {"type": "LineString", "coordinates": [[135.5845507844154, 34.632453526891254], [135.5847888756055, 34.632563331585345], [135.5850269667956, 34.63267313627943], [135.58526352779984, 34.63278517732141], [135.58549998200633, 34.632897374446976]]}}, {"type": "Feature", "properties": {"id": "近畿道-上り-0-52", "route": "近畿道", "direction": "上り", "from": "八尾PA", "to": "八尾IC", "grade": 0.0, "elevation_start": 0.0, "elevation_end": 0.0, "quality": "estimated", "structure": "bridge", "chain_rank": 0, "cum_dist_start": 5200.0, "cum_dist_end": 5300.0, "anomaly": false}, "geometry": {"type": "LineString", "coordinates": [[135.58549998200633, 34.632897374446976], [135.58573284711852, 34.63301457479547], [135.5859653639057, 34.633132260711484], [135.58619434851929, 34.633254565168876], [135.58642268530465, 34.633377716702846]]}}, {"type": "Feature", "properties": {"id": "近畿道-上り-0-53", "route": "近畿道", "direction": "上り", "from": "八尾PA", "to": "八尾IC", "grade": 0.0, "elevation_start": 0.0, "elevation_end": 0.0, "quality": "estimated", "structure": "bridge", "chain_rank": 0, "cum_dist_start": 5300.0, "cum_dist_end": 5400.0, "anomaly": false}, "geometry": {"type": "LineString", "coordinates": [[135.58642268530465, 34.633377716702846], [135.58664793581661, 34.63350465084173], [135.58687161865916, 34.63363350635089], [135.58709159566553, 34.63376662434883], [135.58731066311253, 34.633900788530795]]}}, {"type": "Feature", "properties": {"id": "近畿道-上り-0-54", "route": "近畿道", "direction": "上り", "from": "八尾IC", "to": "東大阪南IC", "grade": 0.0, "elevation_start": 0.0, "elevation_end": 0.0, "quality": "estimated", "structure": "bridge", "chain_rank": 0, "cum_dist_start": 5400.0, "cum_dist_end": 5500.0, "anomaly": false}, "geometry": {"type": "LineString", "coordinates": [[135.58731066311253, 34.633900788530795], [135.5875266281611, 34.63403834136822], [135.5877423349167, 34.63417617633121], [135.58795305789468, 34.63431914570997], [135.58816258777043, 34.634463344253334]]}}, {"type": "Feature", "properties": {"id": "近畿道-上り-0-55", "route": "近畿道", "direction": "上り", "from": "八尾IC", "to": "東大阪南IC", "grade": 0.0, "elevation_start": 0.0, "elevation_end": 0.0, "quality": "estimated", "structure": "bridge", "chain_rank": 0, "cum_dist_start": 5500.0, "cum_dist_end": 5600.0, "anomaly": false}, "geometry": {"type": "LineString", "coordinates": [[135.58816258777043, 34.634463344253334], [135.58837211764617, 34.634607542796694], [135.58857639788184, 34.63475678507951], [135.58878016422227, 34.63490652110165], [135.58898318183398, 34.635056932528045]]}}, {"type": "Feature", "properties": {"id": "近畿道-上り-0-56", "route": "近畿道", "direction": "上り", "from": "八尾IC", "to": "東大阪南IC", "grade": 0.0, "elevation_start": 0.0, "elevation_end": 0.0, "quality": "estimated", "structure": "bridge", "chain_rank": 0, "cum_dist_start": 5600.0, "cum_dist_end": 5700.0, "anomaly": false}, "geometry": {"type": "LineString", "coordinates": [[135.58898318183398, 34.635056932528045], [135.58918138628638, 34.63521168575143], [135.58937959073882, 34.63536643897481], [135.58957779519122, 34.635521192198205], [135.58976866881758, 34.63568207601185]]}}, {"type": "Feature", "properties": {"id": "近畿道-上り-0-57", "route": "近畿道", "direction": "上り", "from": "八尾IC", "to": "東大阪南IC", "grade": 0.0, "elevation_start": 0.0, "elevation_end": 0.0, "quality": "estimated", "structure": "bridge", "chain_rank": 0, "cum_dist_start": 5700.0, "cum_dist_end": 5800.0, "anomaly": false}, "geometry": {"type": "LineString", "coordinates": [[135.58976866881758, 34.63568207601185], [135.58995818304595, 34.63584409665674], [135.5901476972743, 34.63600611730163], [135.59033405745782, 34.636170615723046], [135.59052014059026, 34.63633533179217]]}}, {"type": "Feature", "properties": {"id": "近畿道-上り-0-58", "route": "近畿道", "direction": "上り", "from": "八尾IC", "to": "東大阪南IC", "grade": 0.0, "elevation_start": 0.0, "elevation_end": 0.0, "quality": "estimated", "structure": "bridge", "chain_rank": 0, "cum_dist_start": 5800.0, "cum_dist_end": 5900.0, "anomaly": false}, "geometry": {"type": "LineString", "coordinates": [[135.59052014059026, 34.63633533179217], [135.59070622372272, 34.63650004786129], [135.59089052275795, 34.63666610507781], [135.5910712690123, 34.63683483300235], [135.59125201526666, 34.637003560926885]]}}, {"type": "Feature", "properties": {"id": "近畿道-上り-0-59", "route": "近畿道", "direction": "上り", "from": "八尾IC", "to": "東大阪南IC", "grade": 0.0, "elevation_start": 0.0, "elevation_end": 0.0, "quality": "estimated", "structure": "bridge", "chain_rank": 0, "cum_dist_start": 5900.0, "cum_dist_end": 6000.0, "anomaly": false}, "geometry": {"type": "LineString", "coordinates": [[135.59125201526666, 34.637003560926885], [135.59143276152102, 34.63717228885142], [135.5916023149101, 34.637348749843234], [135.59177114729022, 34.637525708974756], [135.5919385916083, 34.63770351368738]]}}, {"type": "Feature", "properties": {"id": "近畿道-上り-0-60", "route": "近畿道", "direction": "上り", "from": "八尾IC", "to": "東大阪南IC", "grade": 0.0, "elevation_start": 0.0, "elevation_end": 0.0, "quality": "estimated", "structure": "bridge", "chain_rank": 0, "cum_dist_start": 6000.0, "cum_dist_end": 6100.0, "anomaly": false}, "geometry": {"type": "LineString", "coordinates": [[135.5919385916083, 34.63770351368738], [135.5920931166297, 34.63788918859075], [135.59224764165114, 34.63807486349412], [135.59239722726542, 34.63826314915081], [135.59253632246407, 34.63845697957975]]}}, {"type": "Feature", "properties": {"id": "近畿道-上り-0-61", "route": "近畿道", "direction": "上り", "from": "八尾IC", "to": "東大阪南IC", "grade": 0.0, "elevation_start": 0.0, "elevation_end": 0.0, "quality": "estimated", "structure": "bridge", "chain_rank": 0, "cum_dist_start": 6100.0, "cum_dist_end": 6200.0, "anomaly": false}, "geometry": {"type": "LineString", "coordinates": [[135.59253632246407, 34.63845697957975], [135.59267541766272, 34.6386508100087], [135.59280842095365, 34.63884744998683], [135.59293494651652, 34.63904707745204], [135.59306147207937, 34.63924670491725]]}}, {"type": "Feature", "properties": {"id": "近畿道-上り-0-62", "route": "近畿道", "direction": "上り", "from": "八尾IC", "to": "東大阪南IC", "grade": 0.0, "elevation_start": 0.0, "elevation_end": 0.0, "quality": "estimated", "structure": "bridge", "chain_rank": 0, "cum_dist_start": 6200.0, "cum_dist_end": 6300.0, "anomaly": false}, "geometry": {"type": "LineString", "coordinates": [[135.59306147207937, 34.63924670491725], [135.59317372807425, 34.639452059436444], [135.59328529505888, 34.6396576904881], [135.59339303323188, 34.63986464440142], [135.59349171895457, 34.64007472595347]]}}, {"type": "Feature", "properties": {"id": "近畿道-上り-0-63", "route": "近畿道", "direction": "上り", "from": "八尾IC", "to": "東大阪南IC", "grade": 0.0, "elevation_start": 0.0, "elevation_end": 0.0, "quality": "estimated", "structure": "bridge", "chain_rank": 0, "cum_dist_start": 6300.0, "cum_dist_end": 6400.0, "anomaly": false}, "geometry": {"type": "LineString", "coordinates": [[135.59349171895457, 34.64007472595347], [135.59359040467723, 34.640284807505516], [135.59367803998617, 34.64049811285298], [135.59376078022427, 34.640712846265245], [135.5938422253925, 34.640927899319365]]}}, {"type": "Feature", "properties": {"id": "近畿道-上り-0-64", "route": "近畿道", "direction": "上り", "from": "八尾IC", "to": "東大阪南IC", "grade": 0.0, "elevation_start": 0.0, "elevation_end": 0.0, "quality": "estimated", "structure": "bridge", "chain_rank": 0, "cum_dist_start": 6400.0, "cum_dist_end": 6500.0, "anomaly": false}, "geometry": {"type": "LineString", "coordinates": [[135.5938422253925, 34.640927899319365], [135.59391550008175, 34.64114496896509], [135.59398877477102, 34.64136203861081], [135.5940612890634, 34.641579280489864], [135.59413207072402, 34.64179691481785]]}}, {"type": "Feature", "properties": {"id": "近畿道-上り-0-65", "route": "近畿道", "direction": "上り", "from": "八尾IC", "to": "東大阪南IC", "grade": 0.0, "elevation_start": 0.0, "elevation_end": 0.0, "quality": "estimated", "structure": "bridge", "chain_rank": 0, "cum_dist_start": 6500.0, "cum_dist_end": 6600.0, "anomaly": false}, "geometry": {"type": "LineString", "coordinates": [[135.59413207072402, 34.64179691481785], [135.59420285238463, 34.64201454914584], [135.59427363404527, 34.64223218347383], [135.59434441570588, 34.64244981780182], [135.5944151973665, 34.64266745212981]]}}, {"type": "Feature", "properties": {"id": "近畿道-上り-0-66", "route": "近畿道", "direction": "上り", "from": "八尾IC", "to": "東大阪南IC", "grade": 0.0, "elevation_start": 0.0, "elevation_end": 0.0, "quality": "estimated", "structure": "bridge", "chain_rank": 0, "cum_dist_start": 6600.0, "cum_dist_end": 6700.0, "anomaly": false}, "geometry": {"type": "LineString", "coordinates": [[135.5944151973665, 34.64266745212981], [135.59448597902713, 34.642885086457795], [135.59455676068774, 34.64310272078579], [135.59462754234838, 34.64332035511378], [135.594698324009, 34.64353798944177]]}}, {"type": "Feature", "properties": {"id": "近畿道-上り-0-67", "route": "近畿道", "direction": "上り", "from": "八尾IC", "to": "東大阪南IC", "grade": 0.0, "elevation_start": 0.0, "elevation_end": 0.0, "quality": "estimated", "structure": "bridge", "chain_rank": 0, "cum_dist_start": 6700.0, "cum_dist_end": 6800.0, "anomaly": false}, "geometry": {"type": "LineString", "coordinates": [[135.594698324009, 34.64353798944177], [135.5947691056696, 34.643755623769756], [135.59483988733024, 34.643973258097745], [135.59491066899085, 34.64419089242573], [135.59498145065146, 34.64440852675372]]}}, {"type": "Feature", "properties": {"id": "近畿道-上り-0-68", "route": "近畿道", "direction": "上り", "from": "八尾IC", "to": "東大阪南IC", "grade": 0.0, "elevation_start": 0.0, "elevation_end": 0.0, "quality": "estimated", "structure": "bridge", "chain_rank": 0, "cum_dist_start": 6800.0, "cum_dist_end": 6900.0, "anomaly": false}, "geometry": {"type": "LineString", "coordinates": [[135.59498145065146, 34.64440852675372], [135.5950522323121, 34.64462616108171], [135.5951230139727, 34.6448437954097], [135.59519379563332, 34.645061429737694], [135.59526457729396, 34.64527906406568]]}}, {"type": "Feature", "properties": {"id": "近畿道-上り-0-69", "route": "近畿道", "direction": "上り", "from": "八尾IC", "to": "東大阪南IC", "grade": 0.0, "elevation_start": 0.0, "elevation_end": 0.0, "quality": "estimated", "structure": "bridge", "chain_rank": 0, "cum_dist_start": 6900.0, "cum_dist_end": 7000.0, "anomaly": false}, "geometry": {"type": "LineString", "coordinates": [[135.59526457729396, 34.64527906406568], [135.59533535895457, 34.64549669839367], [135.5954066165466, 34.645714226938075], [135.59547793258042, 34.645931742492834], [135.59554924861425, 34.64614925804759]]}}, {"type": "Feature", "properties": {"id": "近畿道-上り-0-70", "route": "近畿道", "direction": "上り", "from": "八尾IC", "to": "東大阪南IC", "grade": 0.0, "elevation_start": 0.0, "elevation_end": 0.0, "quality": "estimated", "structure": "bridge", "chain_rank": 0, "cum_dist_start": 7000.0, "cum_dist_end": 7100.0, "anomaly": false}, "geometry": {"type": "LineString", "coordinates": [[135.59554924861425, 34.64614925804759], [135.59562056464807, 34.64636677360235], [135.5956918806819, 34.64658428915711], [135.59576319671572, 34.64680180471187], [135.5958365305611, 34.64701886036926]]}}, {"type": "Feature", "properties": {"id": "近畿道-上り-0-71", "route": "近畿道", "direction": "上り", "from": "東大阪南IC", "to": "東大阪荒本出口", "grade": 0.0, "elevation_start": 0.0, "elevation_end": 0.0, "quality": "estimated", "structure": "bridge", "chain_rank": 0, "cum_dist_start": 7100.0, "cum_dist_end": 7200.0, "anomaly": false}, "geometry": {"type": "LineString", "coordinates": [[135.5958365305611, 34.64701886036926], [135.5959102605469, 34.647235825738754], [135.59598399053272, 34.64745279110824], [135.59605772051853, 34.64766975647774], [135.59613145050434, 34.64788672184723]]}}, {"type": "Feature", "properties": {"id": "近畿道-上り-0-72", "route": "近畿道", "direction": "上り", "from": "東大阪南IC", "to": "東大阪荒本出口", "grade": 0.0, "elevation_start": 0.0, "elevation_end": 0.0, "quality": "estimated", "structure": "bridge", "chain_rank": 0, "cum_dist_start": 7200.0, "cum_dist_end": 7300.0, "anomaly": false}, "geometry": {"type": "LineString", "coordinates": [[135.59613145050434, 34.64788672184723], [135.59620446677678, 34.64810385053782], [135.59627612343476, 34.648321290352925], [135.59634778009274, 34.64853873016803], [135.59641943675072, 34.64875616998313]]}}, {"type": "Feature", "properties": {"id": "近畿道-上り-0-73", "route": "近畿道", "direction": "上り", "from": "東大阪南IC", "to": "東大阪荒本出口", "grade": 0.0, "elevation_start": 0.0, "elevation_end": 0.0, "quality": "estimated", "structure": "bridge", "chain_rank": 0, "cum_dist_start": 7300.0, "cum_dist_end": 7400.0, "anomaly": false}, "geometry": {"type": "LineString", "coordinates": [[135.59641943675072, 34.64875616998313], [135.5964910934087, 34.64897360979823], [135.59656275006668, 34.649191049613336], [135.59663440672466, 34.64940848942844], [135.5967060633826, 34.64962592924354]]}}, {"type": "Feature", "properties": {"id": "近畿道-上り-0-74", "route": "近畿道", "direction": "上り", "from": "東大阪南IC", "to": "東大阪荒本出口", "grade": 0.0, "elevation_start": 0.0, "elevation_end": 0.0, "quality": "estimated", "structure": "bridge", "chain_rank": 0, "cum_dist_start": 7400.0, "cum_dist_end": 7500.0, "anomaly": false}, "geometry": {"type": "LineString", "coordinates": [[135.5967060633826, 34.64962592924354], [135.5967777200406, 34.649843369058644], [135.59684937669857, 34.65006080887375], [135.59692103335655, 34.650278248688856], [135.59699269001453, 34.65049568850396]]}}, {"type": "Feature", "properties": {"id": "近畿道-上り-0-75", "route": "近畿道", "direction": "上り", "from": "東大阪南IC", "to": "東大阪荒本出口", "grade": 0.0, "elevation_start": 0.0, "elevation_end": 0.0, "quality": "estimated", "structure": "bridge", "chain_rank": 0, "cum_dist_start": 7500.0, "cum_dist_end": 7600.0, "anomaly": false}, "geometry": {"type": "LineString", "coordinates": [[135.59699269001453, 34.65049568850396], [135.5970643466725, 34.65071312831906], [135.5971360033305, 34.650930568134164], [135.59720765998847, 34.65114800794927], [135.59727931664642, 34.65136544776437]]}}, {"type": "Feature", "properties": {"id": "近畿道-上り-0-76", "route": "近畿道", "direction": "上り", "from": "東大阪南IC", "to": "東大阪荒本出口", "grade": 0.0, "elevation_start": 0.0, "elevation_end": 0.0, "quality": "estimated", "structure": "bridge", "chain_rank": 0, "cum_dist_start": 7600.0, "cum_dist_end": 7700.0, "anomaly": false}, "geometry": {"type": "LineString", "coordinates": [[135.59727931664642, 34.65136544776437], [135.5973509733044, 34.65158288757947], [135.59742262996238, 34.651800327394575], [135.59749428662036, 34.65201776720968], [135.59756594327834, 34.65223520702478]]}}, {"type": "Feature", "properties": {"id": "近畿道-上り-0-77", "route": "近畿道", "direction": "上り", "from": "東大阪南IC", "to": "東大阪荒本出口", "grade": 0.0, "elevation_start": 0.0, "elevation_end": 0.0, "quality": "estimated", "structure": "bridge", "chain_rank": 0, "cum_dist_start": 7700.0, "cum_dist_end": 7800.0, "anomaly": false}, "geometry": {"type": "LineString", "coordinates": [[135.59756594327834, 34.65223520702478], [135.59763759993632, 34.65245264683988], [135.5977092565943, 34.652670086654986], [135.59778091325228, 34.65288752647009], [135.59785256991023, 34.65310496628519]]}}, {"type": "Feature", "properties": {"id": "近畿道-上り-0-78", "route": "近畿道", "direction": "上り", "from": "東大阪南IC", "to": "東大阪荒本出口", "grade": 0.0, "elevation_start": 0.0, "elevation_end": 0.0, "quality": "estimated", "structure": "bridge", "chain_rank": 0, "cum_dist_start": 7800.0, "cum_dist_end": 7900.0, "anomaly": false}, "geometry": {"type": "LineString", "coordinates": [[135.59785256991023, 34.65310496628519], [135.5979242265682, 34.653322406100294], [135.5979958832262, 34.653539845915404], [135.5980652105164, 34.65375779820078], [135.59813378414768, 34.653975916294165]]}}, {"type": "Feature", "properties": {"id": "近畿道-上り-0-79", "route": "近畿道", "direction": "上り", "from": "東大阪南IC", "to": "東大阪荒本出口", "grade": 0.0, "elevation_start": 0.0, "elevation_end": 0.0, "quality": "estimated", "structure": "bridge", "chain_rank": 0, "cum_dist_start": 7900.0, "cum_dist_end": 8000.0, "anomaly": false}, "geometry": {"type": "LineString", "coordinates": [[135.59813378414768, 34.653975916294165], [135.59819475933259, 34.65419555012362], [135.59825415267053, 34.65441549949949], [135.59829618687107, 34.65463815158741], [135.59833613935743, 34.65486106053081]]}}, {"type": "Feature", "properties": {"id": "近畿道-上り-0-80", "route": "近畿道", "direction": "上り", "from": "東大阪南IC", "to": "東大阪荒本出口", "grade": 0.0, "elevation_start": 0.0, "elevation_end": 0.0, "quality": "estimated", "structure": "bridge", "chain_rank": 0, "cum_dist_start": 8000.0, "cum_dist_end": 8100.0, "anomaly": false}, "geometry": {"type": "LineString", "coordinates": [[135.59833613935743, 34.65486106053081], [135.59836868256434, 34.655084808961924], [135.59839691464924, 34.65530890932636], [135.5984179822828, 34.655533594552274], [135.5984304139124, 34.655758619988354]]}}, {"type": "Feature", "properties": {"id": "近畿道-上り-0-81", "route": "近畿道", "direction": "上り", "from": "東大阪南IC", "to": "東大阪荒本出口", "grade": 0.0, "elevation_start": 0.0, "elevation_end": 0.0, "quality": "estimated", "structure": "bridge", "chain_rank": 0, "cum_dist_start": 8100.0, "cum_dist_end": 8200.0, "anomaly": false}, "geometry": {"type": "LineString", "coordinates": [[135.5984304139124, 34.655758619988354], [135.59843530896646, 34.65598394232326], [135.59843534345868, 34.656209269459694], [135.59843110159812, 34.656434600820546], [135.59842529255116, 34.65665990235187]]}}, {"type": "Feature", "properties": {"id": "近畿道-上り-0-82", "route": "近畿道", "direction": "上り", "from": "東大阪南IC", "to": "東大阪荒本出口", "grade": 0.0, "elevation_start": 0.0, "elevation_end": 0.0, "quality": "estimated", "structure": "bridge", "chain_rank": 0, "cum_dist_start": 8200.0, "cum_dist_end": 8300.0, "anomaly": false}, "geometry": {"type": "LineString", "coordinates": [[135.59842529255116, 34.65665990235187], [135.59841699781083, 34.656885156571], [135.59840870307053, 34.657110410790125], [135.59840040833024, 34.65733566500925], [135.5983921135899, 34.65756091922838]]}}, {"type": "Feature", "properties": {"id": "近畿道-上り-0-83", "route": "近畿道", "direction": "上り", "from": "東大阪南IC", "to": "東大阪荒本出口", "grade": 0.0, "elevation_start": 0.0, "elevation_end": 0.0, "quality": "estimated", "structure": "bridge", "chain_rank": 0, "cum_dist_start": 8300.0, "cum_dist_end": 8400.0, "anomaly": false}, "geometry": {"type": "LineString", "coordinates": [[135.5983921135899, 34.65756091922838], [135.5983838188496, 34.657786173447505], [135.59837552410931, 34.65801142766663], [135.598367229369, 34.658236681885754], [135.5983589346287, 34.658461936104885]]}}, {"type": "Feature", "properties": {"id": "近畿道-上り-0-84", "route": "近畿道", "direction": "上り", "from": "東大阪南IC", "to": "東大阪荒本出口", "grade": 0.0, "elevation_start": 0.0, "elevation_end": 0.0, "quality": "estimated", "structure": "bridge", "chain_rank": 0, "cum_dist_start": 8400.0, "cum_dist_end": 8500.0, "anomaly": false}, "geometry": {"type": "LineString", "coordinates": [[135.5983589346287, 34.658461936104885], [135.5983506398884, 34.65868719032401], [135.59834234514807, 34.658912444543134], [135.59833405040777, 34.659137698762265], [135.59832575566745, 34.65936295298139]]}}, {"type": "Feature", "properties": {"id": "近畿道-上り-0-85", "route": "近畿道", "direction": "上り", "from": "東大阪南IC", "to": "東大阪荒本出口", "grade": 0.0, "elevation_start": 0.0, "elevation_end": 0.0, "quality": "estimated", "structure": "bridge", "chain_rank": 0, "cum_dist_start": 8500.0, "cum_dist_end": 8600.0, "anomaly": false}, "geometry": {"type": "LineString", "coordinates": [[135.59832575566745, 34.65936295298139], [135.59831746092715, 34.659588207200514], [135.59830916618685, 34.659813461419645], [135.59830087144653, 34.66003871563877], [135.59829257670623, 34.660263969857894]]}}, {"type": "Feature", "properties": {"id": "近畿道-上り-0-86", "route": "近畿道", "direction": "上り", "from": "東大阪南IC", "to": "東大阪荒本出口", "grade": 0.0, "elevation_start": 0.0, "elevation_end": 0.0, "quality": "estimated", "structure": "bridge", "chain_rank": 0, "cum_dist_start": 8600.0, "cum_dist_end": 8700.0, "anomaly": false}, "geometry": {"type": "LineString", "coordinates": [[135.59829257670623, 34.660263969857894], [135.59828428196593, 34.660489224077025], [135.5982759872256, 34.66071447829615], [135.5982676924853, 34.660939732515274], [135.598259397745, 34.661164986734406]]}}, {"type": "Feature", "properties": {"id": "近畿道-上り-0-87", "route": "近畿道", "direction": "上り", "from": "東大阪南IC", "to": "東大阪荒本出口", "grade": 0.0, "elevation_start": 0.0, "elevation_end": 0.0, "quality": "estimated", "structure": "bridge", "chain_rank": 0, "cum_dist_start": 8700.0, "cum_dist_end": 8800.0, "anomaly": false}, "geometry": {"type": "LineString", "coordinates": [[135.598259397745, 34.661164986734406], [135.59825110300469, 34.66139024095353], [135.5982428082644, 34.661615495172654], [135.5982345135241, 34.66184074939178], [135.59822621878376, 34.66206600361091]]}}, {"type": "Feature", "properties": {"id": "近畿道-上り-0-88", "route": "近畿道", "direction": "上り", "from": "東大阪南IC", "to": "東大阪荒本出口", "grade": 0.0, "elevation_start": 0.0, "elevation_end": 0.0, "quality": "estimated", "structure": "bridge", "chain_rank": 0, "cum_dist_start": 8800.0, "cum_dist_end": 8900.0, "anomaly": false}, "geometry": {"type": "LineString", "coordinates": [[135.59822621878376, 34.66206600361091], [135.59821792404347, 34.662291257830034], [135.59820962930314, 34.66251651204916], [135.59820133456284, 34.66274176626829], [135.59819303982255, 34.662967020487415]]}}, {"type": "Feature", "properties": {"id": "近畿道-上り-0-89", "route": "近畿道", "direction": "上り", "from": "東大阪南IC", "to": "東大阪荒本出口", "grade": 0.0, "elevation_start": 0.0, "elevation_end": 0.0, "quality": "estimated", "structure": "bridge", "chain_rank": 0, "cum_dist_start": 8900.0, "cum_dist_end": 9000.0, "anomaly": false}, "geometry": {"type": "LineString", "coordinates": [[135.59819303982255, 34.662967020487415], [135.59818474508222, 34.66319227470654], [135.59817645034192, 34.66341752892567], [135.59816815560163, 34.663642783144795], [135.5981598608613, 34.66386803736392]]}}, {"type": "Feature", "properties": {"id": "近畿道-上り-0-90", "route": "近畿道", "direction": "上り", "from": "東大阪南IC", "to": "東大阪荒本出口", "grade": 0.0, "elevation_start": 0.0, "elevation_end": 0.0, "quality": "estimated", "structure": "bridge", "chain_rank": 0, "cum_dist_start": 9000.0, "cum_dist_end": 9100.0, "anomaly": false}, "geometry": {"type": "LineString", "coordinates": [[135.5981598608613, 34.66386803736392], [135.598151566121, 34.66409329158305], [135.5981432713807, 34.664318545802175], [135.59813499991506, 34.664543800551904], [135.59812681719853, 34.66476905732487]]}}, {"type": "Feature", "properties": {"id": "近畿道-上り-0-91", "route": "近畿道", "direction": "上り", "from": "東大阪南IC", "to": "東大阪荒本出口", "grade": 0.0, "elevation_start": 0.0, "elevation_end": 0.0, "quality": "estimated", "structure": "bridge", "chain_rank": 0, "cum_dist_start": 9100.0, "cum_dist_end": 9200.0, "anomaly": false}, "geometry": {"type": "LineString", "coordinates": [[135.59812681719853, 34.66476905732487], [135.59811863448203, 34.66499431409784], [135.59811045176554, 34.66521957087081], [135.598102269049, 34.665444827643775], [135.5980940863325, 34.665670084416746]]}}, {"type": "Feature", "properties": {"id": "近畿道-上り-0-92", "route": "近畿道", "direction": "上り", "from": "東大阪南IC", "to": "東大阪荒本出口", "grade": 0.0, "elevation_start": 0.0, "elevation_end": 0.0, "quality": "estimated", "structure": "bridge", "chain_rank": 0, "cum_dist_start": 9200.0, "cum_dist_end": 9300.0, "anomaly": false}, "geometry": {"type": "LineString", "coordinates": [[135.5980940863325, 34.665670084416746], [135.598085903616, 34.66589534118971], [135.59807772089948, 34.66612059796268], [135.59806953818298, 34.66634585473565], [135.59806135546648, 34.66657111150862]]}}, {"type": "Feature", "properties": {"id": "近畿道-上り-0-93", "route": "近畿道", "direction": "上り", "from": "東大阪南IC", "to": "東大阪荒本出口", "grade": 0.0, "elevation_start": 0.0, "elevation_end": 0.0, "quality": "estimated", "structure": "bridge", "chain_rank": 0, "cum_dist_start": 9300.0, "cum_dist_end": 9400.0, "anomaly": false}, "geometry": {"type": "LineString", "coordinates": [[135.59806135546648, 34.66657111150862], [135.59805317274996, 34.66679636828159], [135.59804499003346, 34.66702162505456], [135.59803680731696, 34.66724688182752], [135.59802862460046, 34.667472138600495]]}}, {"type": "Feature", "properties": {"id": "近畿道-上り-0-94", "route": "近畿道", "direction": "上り", "from": "東大阪南IC", "to": "東大阪荒本出口", "grade": 0.0, "elevation_start": 0.0, "elevation_end": 0.0, "quality": "estimated", "structure": "bridge", "chain_rank": 0, "cum_dist_start": 9400.0, "cum_dist_end": 9500.0, "anomaly": false}, "geometry": {"type": "LineString", "coordinates": [[135.59802862460046, 34.667472138600495], [135.59802044188393, 34.667697395373466], [135.59801225916743, 34.66792265214643], [135.59800407645093, 34.6681479089194], [135.5979958937344, 34.66837316569237]]}}, {"type": "Feature", "properties": {"id": "近畿道-上り-0-95", "route": "近畿道", "direction": "上り", "from": "東大阪南IC", "to": "東大阪荒本出口", "grade": 0.0, "elevation_start": 0.0, "elevation_end": 0.0, "quality": "estimated", "structure": "bridge", "chain_rank": 0, "cum_dist_start": 9500.0, "cum_dist_end": 9600.0, "anomaly": false}, "geometry": {"type": "LineString", "coordinates": [[135.5979958937344, 34.66837316569237], [135.5979877110179, 34.66859842246534], [135.5979795283014, 34.66882367923831], [135.59797134558488, 34.66904893601128], [135.59796316286838, 34.66927419278424]]}}, {"type": "Feature", "properties": {"id": "近畿道-上り-0-96", "route": "近畿道", "direction": "上り", "from": "東大阪南IC", "to": "東大阪荒本出口", "grade": 0.0, "elevation_start": 0.0, "elevation_end": 0.0, "quality": "estimated", "structure": "bridge", "chain_rank": 0, "cum_dist_start": 9600.0, "cum_dist_end": 9700.0, "anomaly": false}, "geometry": {"type": "LineString", "coordinates": [[135.59796316286838, 34.66927419278424], [135.59795498015188, 34.669499449557215], [135.59794679743536, 34.669724706330186], [135.59793861471886, 34.66994996310315], [135.59793043200236, 34.67017521987612]]}}, {"type": "Feature", "properties": {"id": "近畿道-上り-0-97", "route": "近畿道", "direction": "上り", "from": "東大阪南IC", "to": "東大阪荒本出口", "grade": 0.0, "elevation_start": 0.0, "elevation_end": 0.0, "quality": "estimated", "structure": "bridge", "chain_rank": 0, "cum_dist_start": 9700.0, "cum_dist_end": 9800.0, "anomaly": false}, "geometry": {"type": "LineString", "coordinates": [[135.59793043200236, 34.67017521987612], [135.59792224928583, 34.67040047664909], [135.59791406656933, 34.67062573342206], [135.5979047609477, 34.670850959963], [135.597895249686, 34.67107618096748]]}}, {"type": "Feature", "properties": {"id": "近畿道-上り-0-98", "route": "近畿道", "direction": "上り", "from": "東大阪南IC", "to": "東大阪荒本出口", "grade": 0.0, "elevation_start": 0.0, "elevation_end": 0.0, "quality": "estimated", "structure": "bridge", "chain_rank": 0, "cum_dist_start": 9800.0, "cum_dist_end": 9900.0, "anomaly": false}, "geometry": {"type": "LineString", "coordinates": [[135.597895249686, 34.67107618096748], [135.59788573842428, 34.67130140197196], [135.59787622716254, 34.671526622976444], [135.59786671590084, 34.67175184398093], [135.5978572046391, 34.671977064985406]]}}, {"type": "Feature", "properties": {"id": "近畿道-上り-0-99", "route": "近畿道", "direction": "上り", "from": "東大阪南IC", "to": "東大阪荒本出口", "grade": 0.0, "elevation_start": 0.0, "elevation_end": 0.0, "quality": "estimated", "structure": "bridge", "chain_rank": 0, "cum_dist_start": 9900.0, "cum_dist_end": 10000.0, "anomaly": false}, "geometry": {"type": "LineString", "coordinates": [[135.5978572046391, 34.671977064985406], [135.5978476933774, 34.67220228598989], [135.59783818211565, 34.67242750699437], [135.59782867085394, 34.67265272799885], [135.59781915959223, 34.67287794900333]]}}, {"type": "Feature", "properties": {"id": "近畿道-上り-0-100", "route": "近畿道", "direction": "上り", "from": "東大阪南IC", "to": "東大阪荒本出口", "grade": 0.0, "elevation_start": 0.0, "elevation_end": 0.0, "quality": "estimated", "structure": "bridge", "chain_rank": 0, "cum_dist_start": 10000.0, "cum_dist_end": 10100.0, "anomaly": false}, "geometry": {"type": "LineString", "coordinates": [[135.59781915959223, 34.67287794900333], [135.5978096483305, 34.67310317000781], [135.59780151372232, 34.67332842555812], [135.59779444398214, 34.67355370783029], [135.59778737424196, 34.67377899010245]]}}, {"type": "Feature", "properties": {"id": "近畿道-上り-0-101", "route": "近畿道", "direction": "上り", "from": "東大阪南IC", "to": "東大阪荒本出口", "grade": 0.0, "elevation_start": 0.0, "elevation_end": 0.0, "quality": "estimated", "structure": "bridge", "chain_rank": 0, "cum_dist_start": 10100.0, "cum_dist_end": 10200.0, "anomaly": false}, "geometry": {"type": "LineString", "coordinates": [[135.59778737424196, 34.67377899010245], [135.59778030450178, 34.67400427237462], [135.5977732347616, 34.674229554646786], [135.59776616502143, 34.67445483691895], [135.5977571100793, 34.674680067670764]]}}, {"type": "Feature", "properties": {"id": "近畿道-上り-0-102", "route": "近畿道", "direction": "上り", "from": "東大阪南IC", "to": "東大阪荒本出口", "grade": 0.0, "elevation_start": 0.0, "elevation_end": 0.0, "quality": "estimated", "structure": "bridge", "chain_rank": 0, "cum_dist_start": 10200.0, "cum_dist_end": 10300.0, "anomaly": false}, "geometry": {"type": "LineString", "coordinates": [[135.5977571100793, 34.674680067670764], [135.59774705719332, 34.674905272523745], [135.59773074701909, 34.67513019998787], [135.59771157194504, 34.675355000449485], [135.5976842083439, 34.67557918945663]]}}, {"type": "Feature", "properties": {"id": "近畿道-上り-0-103", "route": "近畿道", "direction": "上り", "from": "東大阪南IC", "to": "東大阪荒本出口", "grade": 0.0, "elevation_start": 0.0, "elevation_end": 0.0, "quality": "estimated", "structure": "bridge", "chain_rank": 0, "cum_dist_start": 10300.0, "cum_dist_end": 10400.0, "anomaly": false}, "geometry": {"type": "LineString", "coordinates": [[135.5976842083439, 34.67557918945663], [135.5976542036988, 34.67580317910453], [135.5976170150075, 34.67602643298276], [135.5975752439819, 34.67624907635676], [135.5975255925908, 34.67647066982997]]}}, {"type": "Feature", "properties": {"id": "近畿道-上り-0-104", "route": "近畿道", "direction": "上り", "from": "東大阪南IC", "to": "東大阪荒本出口", "grade": 0.0, "elevation_start": 0.0, "elevation_end": 0.0, "quality": "estimated", "structure": "bridge", "chain_rank": 0, "cum_dist_start": 10400.0, "cum_dist_end": 10500.0, "anomaly": false}, "geometry": {"type": "LineString", "coordinates": [[135.5975255925908, 34.67647066982997], [135.59746839844746, 34.67669099018274], [135.59740885482157, 34.676910913972804], [135.59734556084646, 34.67713011940885], [135.59728185107772, 34.67734924504349]]}}, {"type": "Feature", "properties": {"id": "近畿道-上り-0-105", "route": "近畿道", "direction": "上り", "from": "東大阪南IC", "to": "東大阪荒本出口", "grade": 0.0, "elevation_start": 0.0, "elevation_end": 0.0, "quality": "estimated", "structure": "bridge", "chain_rank": 0, "cum_dist_start": 10500.0, "cum_dist_end": 10600.0, "anomaly": false}, "geometry": {"type": "LineString", "coordinates": [[135.59728185107772, 34.67734924504349], [135.597217579593, 34.67756825907271], [135.5971533081083, 34.67778727310193], [135.59708903662357, 34.67800628713115], [135.59702476513885, 34.67822530116037]]}}, {"type": "Feature", "properties": {"id": "近畿道-上り-0-106", "route": "近畿道", "direction": "上り", "from": "東大阪JCT", "to": "東大阪PA", "grade": 0.0, "elevation_start": 0.0, "elevation_end": 0.0, "quality": "estimated", "structure": "bridge", "chain_rank": 0, "cum_dist_start": 10600.0, "cum_dist_end": 10700.0, "anomaly": false}, "geometry": {"type": "LineString", "coordinates": [[135.59702476513885, 34.67822530116037], [135.59696049365414, 34.67844431518959], [135.59689622216942, 34.67866332921881], [135.5968319506847, 34.67888234324803], [135.59676767919998, 34.679101357277254]]}}, {"type": "Feature", "properties": {"id": "近畿道-上り-0-107", "route": "近畿道", "direction": "上り", "from": "東大阪JCT", "to": "東大阪PA", "grade": 0.0, "elevation_start": 0.0, "elevation_end": 0.0, "quality": "estimated", "structure": "bridge", "chain_rank": 0, "cum_dist_start": 10700.0, "cum_dist_end": 10800.0, "anomaly": false}, "geometry": {"type": "LineString", "coordinates": [[135.59676767919998, 34.679101357277254], [135.59670340771527, 34.679320371306474], [135.59663913623052, 34.679539385335694], [135.5965748647458, 34.679758399364914], [135.5965105932611, 34.679977413394134]]}}, {"type": "Feature", "properties": {"id": "近畿道-上り-0-108", "route": "近畿道", "direction": "上り", "from": "東大阪JCT", "to": "東大阪PA", "grade": 0.0, "elevation_start": 0.0, "elevation_end": 0.0, "quality": "estimated", "structure": "bridge", "chain_rank": 0, "cum_dist_start": 10800.0, "cum_dist_end": 10900.0, "anomaly": false}, "geometry": {"type": "LineString", "coordinates": [[135.5965105932611, 34.679977413394134], [135.59644632177637, 34.680196427423354], [135.59638205029165, 34.680415441452574], [135.59631777880693, 34.680634455481794], [135.59625350732222, 34.680853469511014]]}}, {"type": "Feature", "properties": {"id": "近畿道-上り-0-109", "route": "近畿道", "direction": "上り", "from": "東大阪JCT", "to": "東大阪PA", "grade": 0.0, "elevation_start": 0.0, "elevation_end": 0.0, "quality": "estimated", "structure": "bridge", "chain_rank": 0, "cum_dist_start": 10900.0, "cum_dist_end": 11000.0, "anomaly": false}, "geometry": {"type": "LineString", "coordinates": [[135.59625350732222, 34.680853469511014], [135.5961892358375, 34.681072483540234], [135.59612496435278, 34.68129149756946], [135.59606069286806, 34.68151051159868], [135.59599642138335, 34.6817295256279]]}}, {"type": "Feature", "properties": {"id": "近畿道-上り-0-110", "route": "近畿道", "direction": "上り", "from": "東大阪JCT", "to": "東大阪PA", "grade": 0.0, "elevation_start": 0.0, "elevation_end": 0.0, "quality": "estimated", "structure": "bridge", "chain_rank": 0, "cum_dist_start": 11000.0, "cum_dist_end": 11100.0, "anomaly": false}, "geometry": {"type": "LineString", "coordinates": [[135.59599642138335, 34.6817295256279], [135.5959321498986, 34.68194853965712], [135.59586787841388, 34.68216755368634], [135.59580360692917, 34.68238656771556], [135.59573933544445, 34.68260558174478]]}}, {"type": "Feature", "properties": {"id": "近畿道-上り-0-111", "route": "近畿道", "direction": "上り", "from": "東大阪JCT", "to": "東大阪PA", "grade": 0.0, "elevation_start": 0.0, "elevation_end": 0.0, "quality": "estimated", "structure": "bridge", "chain_rank": 0, "cum_dist_start": 11100.0, "cum_dist_end": 11200.0, "anomaly": false}, "geometry": {"type": "LineString", "coordinates": [[135.59573933544445, 34.68260558174478], [135.59567506395973, 34.682824595774], [135.59561079247501, 34.68304360980322], [135.59554593086807, 34.6832625051279], [135.5954807950058, 34.683481345285436]]}}, {"type": "Feature", "properties": {"id": "近畿道-上り-0-112", "route": "近畿道", "direction": "上り", "from": "東大阪JCT", "to": "東大阪PA", "grade": 0.0, "elevation_start": 0.0, "elevation_end": 0.0, "quality": "estimated", "structure": "bridge", "chain_rank": 0, "cum_dist_start": 11200.0, "cum_dist_end": 11300.0, "anomaly": false}, "geometry": {"type": "LineString", "coordinates": [[135.5954807950058, 34.683481345285436], [135.59541565914355, 34.68370018544298], [135.5953505232813, 34.68391902560052], [135.59528538741904, 34.68413786575805], [135.59522025155675, 34.6843567059156]]}}, {"type": "Feature", "properties": {"id": "近畿道-上り-0-113", "route": "近畿道", "direction": "上り", "from": "東大阪JCT", "to": "東大阪PA", "grade": 0.0, "elevation_start": 0.0, "elevation_end": 0.0, "quality": "estimated", "structure": "bridge", "chain_rank": 0, "cum_dist_start": 11300.0, "cum_dist_end": 11400.0, "anomaly": false}, "geometry": {"type": "LineString", "coordinates": [[135.59522025155675, 34.6843567059156], [135.5951551156945, 34.684575546073134], [135.59508997983224, 34.68479438623067], [135.5950241737442, 34.6850130891256], [135.5949579286305, 34.685231702107814]]}}, {"type": "Feature", "properties": {"id": "近畿道-上り-0-114", "route": "近畿道", "direction": "上り", "from": "東大阪JCT", "to": "東大阪PA", "grade": 0.0, "elevation_start": 0.0, "elevation_end": 0.0, "quality": "estimated", "structure": "bridge", "chain_rank": 0, "cum_dist_start": 11400.0, "cum_dist_end": 11500.0, "anomaly": false}, "geometry": {"type": "LineString", "coordinates": [[135.5949579286305, 34.685231702107814], [135.59489205264984, 34.68545039009606], [135.59482798765464, 34.68566944606761], [135.59476392265944, 34.68588850203916], [135.59469985766424, 34.68610755801072]]}}, {"type": "Feature", "properties": {"id": "近畿道-上り-0-115", "route": "近畿道", "direction": "上り", "from": "東大阪JCT", "to": "東大阪PA", "grade": 0.0, "elevation_start": 0.0, "elevation_end": 0.0, "quality": "estimated", "structure": "bridge", "chain_rank": 0, "cum_dist_start": 11500.0, "cum_dist_end": 11600.0, "anomaly": false}, "geometry": {"type": "LineString", "coordinates": [[135.59469985766424, 34.68610755801072], [135.59463556543272, 34.686326568365786], [135.59457069645973, 34.68654546294305], [135.59450582748673, 34.68676435752032], [135.59444095851373, 34.68698325209758]]}}, {"type": "Feature", "properties": {"id": "近畿道-上り-0-116", "route": "近畿道", "direction": "上り", "from": "東大阪JCT", "to": "東大阪PA", "grade": 0.0, "elevation_start": 0.0, "elevation_end": 0.0, "quality": "estimated", "structure": "bridge", "chain_rank": 0, "cum_dist_start": 11600.0, "cum_dist_end": 11700.0, "anomaly": false}, "geometry": {"type": "LineString", "coordinates": [[135.59444095851373, 34.68698325209758], [135.59437609025252, 34.68720214682668], [135.59431124544815, 34.68742104655918], [135.59424640064378, 34.68763994629168], [135.59418155583944, 34.68785884602419]]}}, {"type": "Feature", "properties": {"id": "近畿道-上り-0-117", "route": "近畿道", "direction": "上り", "from": "東大阪JCT", "to": "東大阪PA", "grade": 0.0, "elevation_start": 0.0, "elevation_end": 0.0, "quality": "estimated", "structure": "bridge", "chain_rank": 0, "cum_dist_start": 11700.0, "cum_dist_end": 11800.0, "anomaly": false}, "geometry": {"type": "LineString", "coordinates": [[135.59418155583944, 34.68785884602419], [135.59411671103507, 34.688077745756694], [135.5940518662307, 34.688296645489196], [135.59398702142636, 34.688515545221705], [135.593922176622, 34.68873444495421]]}}, {"type": "Feature", "properties": {"id": "近畿道-上り-0-118", "route": "近畿道", "direction": "上り", "from": "東大阪PA", "to": "中環東大阪休憩所 (南行き)", "grade": 0.0, "elevation_start": 0.0, "elevation_end": 0.0, "quality": "estimated", "structure": "bridge", "chain_rank": 0, "cum_dist_start": 11800.0, "cum_dist_end": 11900.0, "anomaly": false}, "geometry": {"type": "LineString", "coordinates": [[135.593922176622, 34.68873444495421], [135.59385733181762, 34.68895334468671], [135.59379248701327, 34.68917224441921], [135.5937276422089, 34.68939114415172], [135.59366279740453, 34.68961004388422]]}}, {"type": "Feature", "properties": {"id": "近畿道-上り-0-119", "route": "近畿道", "direction": "上り", "from": "東大阪PA", "to": "中環東大阪休憩所 (南行き)", "grade": 0.0, "elevation_start": 0.0, "elevation_end": 0.0, "quality": "estimated", "structure": "bridge", "chain_rank": 0, "cum_dist_start": 11900.0, "cum_dist_end": 12000.0, "anomaly": false}, "geometry": {"type": "LineString", "coordinates": [[135.59366279740453, 34.68961004388422], [135.5935979526002, 34.689828943616725], [135.59353310779582, 34.690047843349234], [135.59346826299145, 34.690266743081736], [135.5934034181871, 34.69048564281424]]}}, {"type": "Feature", "properties": {"id": "近畿道-上り-0-120", "route": "近畿道", "direction": "上り", "from": "中環東大阪休憩所 (南行き)", "to": "中環東大阪休憩所 (北行き)", "grade": 0.0, "elevation_start": 0.0, "elevation_end": 0.0, "quality": "estimated", "structure": "bridge", "chain_rank": 0, "cum_dist_start": 12000.0, "cum_dist_end": 12100.0, "anomaly": false}, "geometry": {"type": "LineString", "coordinates": [[135.5934034181871, 34.69048564281424], [135.59333860310332, 34.69070454855047], [135.59327428971022, 34.690923555631095], [135.5932099763171, 34.69114256271172], [135.593145662924, 34.69136156979234]]}}, {"type": "Feature", "properties": {"id": "近畿道-上り-0-121", "route": "近畿道", "direction": "上り", "from": "中環東大阪休憩所 (南行き)", "to": "中環東大阪休憩所 (北行き)", "grade": 0.0, "elevation_start": 0.0, "elevation_end": 0.0, "quality": "estimated", "structure": "bridge", "chain_rank": 0, "cum_dist_start": 12100.0, "cum_dist_end": 12200.0, "anomaly": false}, "geometry": {"type": "LineString", "coordinates": [[135.593145662924, 34.69136156979234], [135.5930813495309, 34.691580576872965], [135.5930170361378, 34.691799583953596], [135.5929527227447, 34.69201859103422], [135.5928884093516, 34.69223759811484]]}}, {"type": "Feature", "properties": {"id": "近畿道-上り-0-122", "route": "近畿道", "direction": "上り", "from": "中環東大阪休憩所 (南行き)", "to": "中環東大阪休憩所 (北行き)", "grade": 0.0, "elevation_start": 0.0, "elevation_end": 0.0, "quality": "estimated", "structure": "bridge", "chain_rank": 0, "cum_dist_start": 12200.0, "cum_dist_end": 12300.0, "anomaly": false}, "geometry": {"type": "LineString", "coordinates": [[135.5928884093516, 34.69223759811484], [135.5928240959585, 34.69245660519547], [135.5927597825654, 34.69267561227609], [135.5926954691723, 34.692894619356714], [135.59263115577917, 34.69311362643734]]}}, {"type": "Feature", "properties": {"id": "近畿道-上り-0-123", "route": "近畿道", "direction": "上り", "from": "中環東大阪休憩所 (南行き)", "to": "中環東大阪休憩所 (北行き)", "grade": 0.0, "elevation_start": 0.0, "elevation_end": 0.0, "quality": "estimated", "structure": "bridge", "chain_rank": 0, "cum_dist_start": 12300.0, "cum_dist_end": 12400.0, "anomaly": false}, "geometry": {"type": "LineString", "coordinates": [[135.59263115577917, 34.69311362643734], [135.59256684238608, 34.69333263351796], [135.59250252899298, 34.69355164059859], [135.59243821559988, 34.693770647679216], [135.5923739022068, 34.69398965475984]]}}, {"type": "Feature", "properties": {"id": "近畿道-上り-0-124", "route": "近畿道", "direction": "上り", "from": "中環東大阪休憩所 (北行き)", "to": "東大阪北IC", "grade": 0.0, "elevation_start": 0.0, "elevation_end": 0.0, "quality": "estimated", "structure": "bridge", "chain_rank": 0, "cum_dist_start": 12400.0, "cum_dist_end": 12500.0, "anomaly": false}, "geometry": {"type": "LineString", "coordinates": [[135.5923739022068, 34.69398965475984], [135.59231098510554, 34.69420893572287], [135.59224926625708, 34.694428451722985], [135.59218989606856, 34.69464840056517], [135.5921327859528, 34.69486876592343]]}}, {"type": "Feature", "properties": {"id": "近畿道-上り-0-125", "route": "近畿道", "direction": "上り", "from": "中環東大阪休憩所 (北行き)", "to": "東大阪北IC", "grade": 0.0, "elevation_start": 0.0, "elevation_end": 0.0, "quality": "estimated", "structure": "bridge", "chain_rank": 0, "cum_dist_start": 12500.0, "cum_dist_end": 12600.0, "anomaly": false}, "geometry": {"type": "LineString", "coordinates": [[135.5921327859528, 34.69486876592343], [135.59208534655886, 34.69509060242123], [135.59204365330135, 34.695313313038746], [135.59201452652414, 34.69553727760991], [135.59199220046656, 34.695761879090135]]}}, {"type": "Feature", "properties": {"id": "近畿道-上り-0-126", "route": "近畿道", "direction": "上り", "from": "中環東大阪休憩所 (北行き)", "to": "東大阪北IC", "grade": 0.0, "elevation_start": 0.0, "elevation_end": 0.0, "quality": "estimated", "structure": "bridge", "chain_rank": 0, "cum_dist_start": 12600.0, "cum_dist_end": 12700.0, "anomaly": false}, "geometry": {"type": "LineString", "coordinates": [[135.59199220046656, 34.695761879090135], [135.59197242311794, 34.69598664156064], [135.59196197946835, 34.69621180420906], [135.59196346506656, 34.69643715481243], [135.5919651671266, 34.69666250756365]]}}, {"type": "Feature", "properties": {"id": "近畿道-上り-0-127", "route": "近畿道", "direction": "上り", "from": "中環東大阪休憩所 (北行き)", "to": "東大阪北IC", "grade": 0.0, "elevation_start": 0.0, "elevation_end": 0.0, "quality": "estimated", "structure": "bridge", "chain_rank": 0, "cum_dist_start": 12700.0, "cum_dist_end": 12800.0, "anomaly": false}, "geometry": {"type": "LineString", "coordinates": [[135.5919651671266, 34.69666250756365], [135.59196615170987, 34.69688786313222], [135.59196707553963, 34.69711321893934], [135.59196799936942, 34.69733857474647], [135.59196892319918, 34.6975639305536]]}}, {"type": "Feature", "properties": {"id": "近畿道-上り-0-128", "route": "近畿道", "direction": "上り", "from": "中環東大阪休憩所 (北行き)", "to": "東大阪北IC", "grade": 0.0, "elevation_start": 0.0, "elevation_end": 0.0, "quality": "estimated", "structure": "bridge", "chain_rank": 0, "cum_dist_start": 12800.0, "cum_dist_end": 12900.0, "anomaly": false}, "geometry": {"type": "LineString", "coordinates": [[135.59196892319918, 34.6975639305536], [135.59196984702893, 34.697789286360724], [135.5919707708587, 34.698014642167855], [135.59197178638908, 34.698239997587294], [135.5919736048976, 34.698465349611986]]}}, {"type": "Feature", "properties": {"id": "近畿道-上り-0-129", "route": "近畿道", "direction": "上り", "from": "中環東大阪休憩所 (北行き)", "to": "東大阪北IC", "grade": 0.0, "elevation_start": 0.0, "elevation_end": 0.0, "quality": "estimated", "structure": "bridge", "chain_rank": 0, "cum_dist_start": 12900.0, "cum_dist_end": 13000.0, "anomaly": false}, "geometry": {"type": "LineString", "coordinates": [[135.5919736048976, 34.698465349611986], [135.59197542340607, 34.69869070163668], [135.59197724191458, 34.69891605366137], [135.59197906042306, 34.69914140568606], [135.59198087893157, 34.699366757710756]]}}, {"type": "Feature", "properties": {"id": "近畿道-上り-0-130", "route": "近畿道", "direction": "上り", "from": "東大阪北IC", "to": "大東鶴見IC", "grade": 0.0, "elevation_start": 0.0, "elevation_end": 0.0, "quality": "estimated", "structure": "bridge", "chain_rank": 0, "cum_dist_start": 13000.0, "cum_dist_end": 13100.0, "anomaly": false}, "geometry": {"type": "LineString", "coordinates": [[135.59198087893157, 34.699366757710756], [135.59198269744005, 34.69959210973545], [135.59198451594855, 34.69981746176014], [135.59198633445703, 34.70004281378483], [135.59198815296554, 34.700268165809526]]}}, {"type": "Feature", "properties": {"id": "近畿道-上り-0-131", "route": "近畿道", "direction": "上り", "from": "東大阪北IC", "to": "大東鶴見IC", "grade": 0.0, "elevation_start": 0.0, "elevation_end": 0.0, "quality": "estimated", "structure": "bridge", "chain_rank": 0, "cum_dist_start": 13100.0, "cum_dist_end": 13200.0, "anomaly": false}, "geometry": {"type": "LineString", "coordinates": [[135.59198815296554, 34.700268165809526], [135.59199053318233, 34.70049351320626], [135.59199413912341, 34.70071885050416], [135.59199774506448, 34.70094418780205], [135.59199995348075, 34.70116953245809]]}}, {"type": "Feature", "properties": {"id": "近畿道-上り-0-132", "route": "近畿道", "direction": "上り", "from": "東大阪北IC", "to": "大東鶴見IC", "grade": 0.0, "elevation_start": 0.0, "elevation_end": 0.0, "quality": "estimated", "structure": "bridge", "chain_rank": 0, "cum_dist_start": 13200.0, "cum_dist_end": 13300.0, "anomaly": false}, "geometry": {"type": "LineString", "coordinates": [[135.59199995348075, 34.70116953245809], [135.59200059939, 34.70139488810517], [135.59200269502182, 34.70162023831381], [135.5920047910844, 34.701845588520236], [135.592006887147, 34.702070938726656]]}}, {"type": "Feature", "properties": {"id": "近畿道-上り-0-133", "route": "近畿道", "direction": "上り", "from": "東大阪北IC", "to": "大東鶴見IC", "grade": 0.0, "elevation_start": 0.0, "elevation_end": 0.0, "quality": "estimated", "structure": "bridge", "chain_rank": 0, "cum_dist_start": 13300.0, "cum_dist_end": 13400.0, "anomaly": false}, "geometry": {"type": "LineString", "coordinates": [[135.592006887147, 34.702070938726656], [135.59200898320955, 34.702296288933084], [135.59201107927214, 34.702521639139505], [135.59201317533473, 34.70274698934593], [135.5920152713973, 34.70297233955235]]}}, {"type": "Feature", "properties": {"id": "近畿道-上り-0-134", "route": "近畿道", "direction": "上り", "from": "東大阪北IC", "to": "大東鶴見IC", "grade": 0.0, "elevation_start": 0.0, "elevation_end": 0.0, "quality": "estimated", "structure": "bridge", "chain_rank": 0, "cum_dist_start": 13400.0, "cum_dist_end": 13500.0, "anomaly": false}, "geometry": {"type": "LineString", "coordinates": [[135.5920152713973, 34.70297233955235], [135.59201736745987, 34.70319768975878], [135.59201946352243, 34.7034230399652], [135.59202155958502, 34.70364839017163], [135.5920236556476, 34.70387374037805]]}}, {"type": "Feature", "properties": {"id": "近畿道-上り-0-135", "route": "近畿道", "direction": "上り", "from": "東大阪北IC", "to": "大東鶴見IC", "grade": 0.0, "elevation_start": 0.0, "elevation_end": 0.0, "quality": "estimated", "structure": "bridge", "chain_rank": 0, "cum_dist_start": 13500.0, "cum_dist_end": 13600.0, "anomaly": false}, "geometry": {"type": "LineString", "coordinates": [[135.5920236556476, 34.70387374037805], [135.59202575171017, 34.70409909058448], [135.59202784777275, 34.7043244407909], [135.59202994383534, 34.704549790997326], [135.5920320398979, 34.70477514120375]]}}, {"type": "Feature", "properties": {"id": "近畿道-上り-0-136", "route": "近畿道", "direction": "上り", "from": "東大阪北IC", "to": "大東鶴見IC", "grade": 0.0, "elevation_start": 0.0, "elevation_end": 0.0, "quality": "estimated", "structure": "bridge", "chain_rank": 0, "cum_dist_start": 13600.0, "cum_dist_end": 13700.0, "anomaly": false}, "geometry": {"type": "LineString", "coordinates": [[135.5920320398979, 34.70477514120375], [135.5920341359605, 34.705000491410175], [135.59203623202308, 34.705225841616596], [135.59203832808564, 34.70545119182302], [135.59204042414822, 34.705676542029444]]}}, {"type": "Feature", "properties": {"id": "近畿道-上り-0-137", "route": "近畿道", "direction": "上り", "from": "東大阪北IC", "to": "大東鶴見IC", "grade": 0.0, "elevation_start": 0.0, "elevation_end": 0.0, "quality": "estimated", "structure": "bridge", "chain_rank": 0, "cum_dist_start": 13700.0, "cum_dist_end": 13800.0, "anomaly": false}, "geometry": {"type": "LineString", "coordinates": [[135.59204042414822, 34.705676542029444], [135.59204252021078, 34.70590189223587], [135.59204461627337, 34.70612724244229], [135.59204671233596, 34.70635259264872], [135.59204880839852, 34.70657794285514]]}}, {"type": "Feature", "properties": {"id": "近畿道-上り-0-138", "route": "近畿道", "direction": "上り", "from": "大東鶴見IC", "to": null, "grade": 0.0, "elevation_start": 0.0, "elevation_end": 0.0, "quality": "estimated", "structure": "bridge", "chain_rank": 0, "cum_dist_start": 13800.0, "cum_dist_end": 13900.0, "anomaly": false}, "geometry": {"type": "LineString", "coordinates": [[135.59204880839852, 34.70657794285514], [135.59205115434497, 34.706803291241], [135.59205368526776, 34.70702863827919], [135.59205621619057, 34.70725398531737], [135.59205874711336, 34.70747933235556]]}}, {"type": "Feature", "properties": {"id": "近畿道-上り-0-139", "route": "近畿道", "direction": "上り", "from": "大東鶴見IC", "to": null, "grade": 0.0, "elevation_start": 0.0, "elevation_end": 0.0, "quality": "estimated", "structure": "bridge", "chain_rank": 0, "cum_dist_start": 13900.0, "cum_dist_end": 14000.0, "anomaly": false}, "geometry": {"type": "LineString", "coordinates": [[135.59205874711336, 34.70747933235556], [135.59206127803614, 34.70770467939374], [135.59206380895895, 34.70793002643193], [135.5920655941232, 34.70815537584306], [135.59206517534886, 34.708380732266974]]}}, {"type": "Feature", "properties": {"id": "近畿道-上り-0-140", "route": "近畿道", "direction": "上り", "from": "大東鶴見IC", "to": null, "grade": 0.0, "elevation_start": 0.0, "elevation_end": 0.0, "quality": "estimated", "structure": "bridge", "chain_rank": 0, "cum_dist_start": 14000.0, "cum_dist_end": 14100.0, "anomaly": false}, "geometry": {"type": "LineString", "coordinates": [[135.59206517534886, 34.708380732266974], [135.59206475657453, 34.70860608869088], [135.59206433780022, 34.70883144511478], [135.59206204367982, 34.70905679121858], [135.59205592483968, 34.709282089181585]]}}, {"type": "Feature", "properties": {"id": "近畿道-上り-0-141", "route": "近畿道", "direction": "上り", "from": "大東鶴見IC", "to": null, "grade": 0.0, "elevation_start": 0.0, "elevation_end": 0.0, "quality": "estimated", "structure": "bridge", "chain_rank": 0, "cum_dist_start": 14100.0, "cum_dist_end": 14200.0, "anomaly": false}, "geometry": {"type": "LineString", "coordinates": [[135.59205592483968, 34.709282089181585], [135.59204731516556, 34.709507332232675], [135.5920373168295, 34.70973253130898], [135.59201937305102, 34.70995734934461], [135.59199183298176, 34.710181555502395]]}}, {"type": "Feature", "properties": {"id": "近畿道-上り-1-0", "route": "近畿道", "direction": "上り", "from": null, "to": "摂津南IC", "grade": 0.0, "elevation_start": 0.0, "elevation_end": 0.0, "quality": "estimated", "structure": "bridge", "chain_rank": 1, "cum_dist_start": 0.0, "cum_dist_end": 100.0, "anomaly": false}, "geometry": {"type": "LineString", "coordinates": [[135.5640901, 34.7716082], [135.5642175169662, 34.77140887630776], [135.56434493393243, 34.77120955261552], [135.56447235089865, 34.771010228923274], [135.56459976786488, 34.77081090523103]]}}, {"type": "Feature", "properties": {"id": "近畿道-上り-1-1", "route": "近畿道", "direction": "上り", "from": null, "to": "摂津南IC", "grade": 0.0, "elevation_start": 0.0, "elevation_end": 0.0, "quality": "estimated", "structure": "bridge", "chain_rank": 1, "cum_dist_start": 100.0, "cum_dist_end": 200.0, "anomaly": false}, "geometry": {"type": "LineString", "coordinates": [[135.56459976786488, 34.77081090523103], [135.5647271848311, 34.77061158153878], [135.56485460179732, 34.77041225784654], [135.56497975509305, 34.77021196754413], [135.5651034512823, 34.77001105504256]]}}, {"type": "Feature", "properties": {"id": "近畿道-上り-1-2", "route": "近畿道", "direction": "上り", "from": null, "to": "摂津南IC", "grade": 0.0, "elevation_start": 0.0, "elevation_end": 0.0, "quality": "estimated", "structure": "bridge", "chain_rank": 1, "cum_dist_start": 200.0, "cum_dist_end": 300.0, "anomaly": false}, "geometry": {"type": "LineString", "coordinates": [[135.5651034512823, 34.77001105504256], [135.5652271474716, 34.76981014254098], [135.56535084366087, 34.769609230039414], [135.56547453985016, 34.76940831753784], [135.56559823603942, 34.76920740503627]]}}, {"type": "Feature", "properties": {"id": "近畿道-上り-1-3", "route": "近畿道", "direction": "上り", "from": null, "to": "摂津南IC", "grade": 0.0, "elevation_start": 0.0, "elevation_end": 0.0, "quality": "estimated", "structure": "bridge", "chain_rank": 1, "cum_dist_start": 300.0, "cum_dist_end": 400.0, "anomaly": false}, "geometry": {"type": "LineString", "coordinates": [[135.56559823603942, 34.76920740503627], [135.56572233016053, 34.769006660567314], [135.56584717823566, 34.76880623446665], [135.56597202631082, 34.76860580836598], [135.56609687438595, 34.76840538226532]]}}, {"type": "Feature", "properties": {"id": "近畿道-上り-1-4", "route": "近畿道", "direction": "上り", "from": null, "to": "摂津南IC", "grade": 0.0, "elevation_start": 0.0, "elevation_end": 0.0, "quality": "estimated", "structure": "bridge", "chain_rank": 1, "cum_dist_start": 400.0, "cum_dist_end": 500.0, "anomaly": false}, "geometry": {"type": "LineString", "coordinates": [[135.56609687438595, 34.76840538226532], [135.56622172246108, 34.76820495616466], [135.56635079035684, 34.76800637046013], [135.56648109954477, 34.76780832612206], [135.5666114087327, 34.76761028178399]]}}, {"type": "Feature", "properties": {"id": "近畿道-上り-1-5", "route": "近畿道", "direction": "上り", "from": null, "to": "摂津南IC", "grade": 0.0, "elevation_start": 0.0, "elevation_end": 0.0, "quality": "estimated", "structure": "bridge", "chain_rank": 1, "cum_dist_start": 500.0, "cum_dist_end": 600.0, "anomaly": false}, "geometry": {"type": "LineString", "coordinates": [[135.5666114087327, 34.76761028178399], [135.56674941529334, 34.76741582628243], [135.5668877156779, 34.76722150777387], [135.56702601606244, 34.7670271892653], [135.56716568591236, 34.76683354181557]]}}, {"type": "Feature", "properties": {"id": "近畿道-上り-1-6", "route": "近畿道", "direction": "上り", "from": null, "to": "摂津南IC", "grade": 0.0, "elevation_start": 0.0, "elevation_end": 0.0, "quality": "estimated", "structure": "bridge", "chain_rank": 1, "cum_dist_start": 600.0, "cum_dist_end": 700.0, "anomaly": false}, "geometry": {"type": "LineString", "coordinates": [[135.56716568591236, 34.76683354181557], [135.56730612840497, 34.766640272972516], [135.5674465708976, 34.76644700412946], [135.5675870133902, 34.76625373528641], [135.56772790627215, 34.76606069095613]]}}, {"type": "Feature", "properties": {"id": "近畿道-上り-1-7", "route": "近畿道", "direction": "上り", "from": null, "to": "摂津南IC", "grade": 0.0, "elevation_start": 0.0, "elevation_end": 0.0, "quality": "estimated", "structure": "bridge", "chain_rank": 1, "cum_dist_start": 700.0, "cum_dist_end": 800.0, "anomaly": false}, "geometry": {"type": "LineString", "coordinates": [[135.56772790627215, 34.76606069095613], [135.56786962260773, 34.765868057106], [135.5680113389433, 34.765675423255864], [135.56815305527888, 34.76548278940572], [135.56829477161446, 34.76529015555559]]}}, {"type": "Feature", "properties": {"id": "近畿道-上り-1-8", "route": "近畿道", "direction": "上り", "from": "摂津南IC", "to": "守口", "grade": 0.0, "elevation_start": 0.0, "elevation_end": 0.0, "quality": "estimated", "structure": "bridge", "chain_rank": 1, "cum_dist_start": 800.0, "cum_dist_end": 900.0, "anomaly": false}, "geometry": {"type": "LineString", "coordinates": [[135.56829477161446, 34.76529015555559], [135.56843620797932, 34.76509738255538], [135.56857730425403, 34.76490444052475], [135.56871840052875, 34.76471149849412], [135.56885949680347, 34.76451855646349]]}}, {"type": "Feature", "properties": {"id": "近畿道-上り-1-9", "route": "近畿道", "direction": "上り", "from": "摂津南IC", "to": "守口", "grade": 0.0, "elevation_start": 0.0, "elevation_end": 0.0, "quality": "estimated", "structure": "bridge", "chain_rank": 1, "cum_dist_start": 900.0, "cum_dist_end": 1000.0, "anomaly": false}, "geometry": {"type": "LineString", "coordinates": [[135.56885949680347, 34.76451855646349], [135.5690005930782, 34.76432561443286], [135.5691416893529, 34.76413267240223], [135.56928278562762, 34.7639397303716], [135.56942388190234, 34.76374678834097]]}}, {"type": "Feature", "properties": {"id": "近畿道-上り-1-10", "route": "近畿道", "direction": "上り", "from": "摂津南IC", "to": "守口", "grade": 0.0, "elevation_start": 0.0, "elevation_end": 0.0, "quality": "estimated", "structure": "bridge", "chain_rank": 1, "cum_dist_start": 1000.0, "cum_dist_end": 1100.0, "anomaly": false}, "geometry": {"type": "LineString", "coordinates": [[135.56942388190234, 34.76374678834097], [135.56956497817703, 34.76355384631034], [135.56970607445174, 34.76336090427971], [135.56984717072646, 34.76316796224908], [135.56998826700118, 34.76297502021845]]}}, {"type": "Feature", "properties": {"id": "近畿道-上り-1-11", "route": "近畿道", "direction": "上り", "from": "摂津南IC", "to": "守口", "grade": 0.0, "elevation_start": 0.0, "elevation_end": 0.0, "quality": "estimated", "structure": "bridge", "chain_rank": 1, "cum_dist_start": 1100.0, "cum_dist_end": 1200.0, "anomaly": false}, "geometry": {"type": "LineString", "coordinates": [[135.56998826700118, 34.76297502021845], [135.5701293632759, 34.76278207818782], [135.5702704595506, 34.76258913615718], [135.57041155582533, 34.76239619412655], [135.57055219990667, 34.76220302896782]]}}, {"type": "Feature", "properties": {"id": "近畿道-上り-1-12", "route": "近畿道", "direction": "上り", "from": "摂津南IC", "to": "守口", "grade": 0.0, "elevation_start": 0.0, "elevation_end": 0.0, "quality": "estimated", "structure": "bridge", "chain_rank": 1, "cum_dist_start": 1200.0, "cum_dist_end": 1300.0, "anomaly": false}, "geometry": {"type": "LineString", "coordinates": [[135.57055219990667, 34.76220302896782], [135.57069272009483, 34.76200980267581], [135.57083324028298, 34.7618165763838], [135.57097376047113, 34.761623350091796], [135.5711142806593, 34.76143012379979]]}}, {"type": "Feature", "properties": {"id": "近畿道-上り-1-13", "route": "近畿道", "direction": "上り", "from": "摂津南IC", "to": "守口", "grade": 0.0, "elevation_start": 0.0, "elevation_end": 0.0, "quality": "estimated", "structure": "bridge", "chain_rank": 1, "cum_dist_start": 1300.0, "cum_dist_end": 1400.0, "anomaly": false}, "geometry": {"type": "LineString", "coordinates": [[135.5711142806593, 34.76143012379979], [135.5712548008474, 34.761236897507786], [135.57139532103557, 34.76104367121577], [135.57153584122372, 34.76085044492377], [135.57167636141187, 34.76065721863176]]}}, {"type": "Feature", "properties": {"id": "近畿道-上り-1-14", "route": "近畿道", "direction": "上り", "from": "摂津南IC", "to": "守口", "grade": 0.0, "elevation_start": 0.0, "elevation_end": 0.0, "quality": "estimated", "structure": "bridge", "chain_rank": 1, "cum_dist_start": 1400.0, "cum_dist_end": 1500.0, "anomaly": false}, "geometry": {"type": "LineString", "coordinates": [[135.57167636141187, 34.76065721863176], [135.57181594325138, 34.760463531821166], [135.57195516283934, 34.76026966722637], [135.5720943824273, 34.76007580263156], [135.57223360201527, 34.75988193803676]]}}, {"type": "Feature", "properties": {"id": "近畿道-上り-1-15", "route": "近畿道", "direction": "上り", "from": "摂津南IC", "to": "守口", "grade": 0.0, "elevation_start": 0.0, "elevation_end": 0.0, "quality": "estimated", "structure": "bridge", "chain_rank": 1, "cum_dist_start": 1500.0, "cum_dist_end": 1600.0, "anomaly": false}, "geometry": {"type": "LineString", "coordinates": [[135.57223360201527, 34.75988193803676], [135.57237282160324, 34.75968807344196], [135.5725120411912, 34.75949420884716], [135.57265126077917, 34.75930034425235], [135.57279048036713, 34.759106479657554]]}}, {"type": "Feature", "properties": {"id": "近畿道-上り-1-16", "route": "近畿道", "direction": "上り", "from": "摂津南IC", "to": "守口", "grade": 0.0, "elevation_start": 0.0, "elevation_end": 0.0, "quality": "estimated", "structure": "bridge", "chain_rank": 1, "cum_dist_start": 1600.0, "cum_dist_end": 1700.0, "anomaly": false}, "geometry": {"type": "LineString", "coordinates": [[135.57279048036713, 34.759106479657554], [135.5729296999551, 34.75891261506275], [135.57306891954306, 34.75871875046795], [135.57320813913105, 34.75852488587314], [135.57334735871902, 34.758331021278345]]}}, {"type": "Feature", "properties": {"id": "近畿道-上り-1-17", "route": "近畿道", "direction": "上り", "from": "摂津南IC", "to": "守口", "grade": 0.0, "elevation_start": 0.0, "elevation_end": 0.0, "quality": "estimated", "structure": "bridge", "chain_rank": 1, "cum_dist_start": 1700.0, "cum_dist_end": 1800.0, "anomaly": false}, "geometry": {"type": "LineString", "coordinates": [[135.57334735871902, 34.758331021278345], [135.57348657830698, 34.75813715668354], [135.57362579789495, 34.75794329208874], [135.5737650174829, 34.757749427493934], [135.57390568136665, 34.757556277166486]]}}, {"type": "Feature", "properties": {"id": "近畿道-上り-1-18", "route": "近畿道", "direction": "上り", "from": "摂津南IC", "to": "守口", "grade": 0.0, "elevation_start": 0.0, "elevation_end": 0.0, "quality": "estimated", "structure": "bridge", "chain_rank": 1, "cum_dist_start": 1800.0, "cum_dist_end": 1900.0, "anomaly": false}, "geometry": {"type": "LineString", "coordinates": [[135.57390568136665, 34.757556277166486], [135.57404684488307, 34.757363373929216], [135.57418800839946, 34.757170470691946], [135.57432917191588, 34.75697756745467], [135.57446791116283, 34.75678348645707]]}}, {"type": "Feature", "properties": {"id": "近畿道-上り-1-19", "route": "近畿道", "direction": "上り", "from": "摂津南IC", "to": "守口", "grade": 0.0, "elevation_start": 0.0, "elevation_end": 0.0, "quality": "estimated", "structure": "bridge", "chain_rank": 1, "cum_dist_start": 1900.0, "cum_dist_end": 2000.0, "anomaly": false}, "geometry": {"type": "LineString", "coordinates": [[135.57446791116283, 34.75678348645707], [135.57460380454566, 34.75658802287971], [135.57473969792846, 34.75639255930235], [135.57487871495064, 34.75619860886577], [135.57501668932767, 34.75600416395996]]}}, {"type": "Feature", "properties": {"id": "近畿道-上り-1-20", "route": "近畿道", "direction": "上り", "from": "摂津南IC", "to": "守口", "grade": 0.0, "elevation_start": 0.0, "elevation_end": 0.0, "quality": "estimated", "structure": "bridge", "chain_rank": 1, "cum_dist_start": 2000.0, "cum_dist_end": 2100.0, "anomaly": false}, "geometry": {"type": "LineString", "coordinates": [[135.57501668932767, 34.75600416395996], [135.57515082358105, 34.75580787497546], [135.57528024460387, 34.755609499466175], [135.57539685039313, 34.75540578727804], [135.5755054613381, 34.755199042457065]]}}, {"type": "Feature", "properties": {"id": "近畿道-上り-1-21", "route": "近畿道", "direction": "上り", "from": "守口", "to": "守口JCT", "grade": 0.0, "elevation_start": 0.0, "elevation_end": 0.0, "quality": "estimated", "structure": "bridge", "chain_rank": 1, "cum_dist_start": 2100.0, "cum_dist_end": 2200.0, "anomaly": false}, "geometry": {"type": "LineString", "coordinates": [[135.5755054613381, 34.755199042457065], [135.57561058602275, 34.75499107174468], [135.57571168214895, 34.7547817325939], [135.57581277827515, 34.754572393443105], [135.57591387440135, 34.75436305429232]]}}, {"type": "Feature", "properties": {"id": "近畿道-上り-1-22", "route": "近畿道", "direction": "上り", "from": "守口JCT", "to": "門真IC", "grade": 0.0, "elevation_start": 0.0, "elevation_end": 0.0, "quality": "estimated", "structure": "bridge", "chain_rank": 1, "cum_dist_start": 2200.0, "cum_dist_end": 2300.0, "anomaly": false}, "geometry": {"type": "LineString", "coordinates": [[135.57591387440135, 34.75436305429232], [135.5760140864835, 34.75415342775347], [135.57611317288698, 34.75394343527516], [135.57622768099185, 34.75373913536143], [135.57633230397872, 34.75353110711642]]}}, {"type": "Feature", "properties": {"id": "近畿道-上り-1-23", "route": "近畿道", "direction": "上り", "from": "守口JCT", "to": "門真IC", "grade": 0.0, "elevation_start": 0.0, "elevation_end": 0.0, "quality": "estimated", "structure": "bridge", "chain_rank": 1, "cum_dist_start": 2300.0, "cum_dist_end": 2400.0, "anomaly": false}, "geometry": {"type": "LineString", "coordinates": [[135.57633230397872, 34.75353110711642], [135.57643354131093, 34.75332181495061], [135.57653477864315, 34.753112522784804], [135.5766360159754, 34.75290323061899], [135.57672869050452, 34.75269126123048]]}}, {"type": "Feature", "properties": {"id": "近畿道-上り-1-24", "route": "近畿道", "direction": "上り", "from": "守口JCT", "to": "門真IC", "grade": 0.0, "elevation_start": 0.0, "elevation_end": 0.0, "quality": "estimated", "structure": "bridge", "chain_rank": 1, "cum_dist_start": 2400.0, "cum_dist_end": 2500.0, "anomaly": false}, "geometry": {"type": "LineString", "coordinates": [[135.57672869050452, 34.75269126123048], [135.576820884066, 34.75247914146392], [135.57691894749394, 34.75226883853472], [135.57701846619446, 34.75205898604058], [135.577117984895, 34.751849133546436]]}}, {"type": "Feature", "properties": {"id": "近畿道-上り-1-25", "route": "近畿道", "direction": "上り", "from": "守口JCT", "to": "門真IC", "grade": 0.0, "elevation_start": 0.0, "elevation_end": 0.0, "quality": "estimated", "structure": "bridge", "chain_rank": 1, "cum_dist_start": 2500.0, "cum_dist_end": 2600.0, "anomaly": false}, "geometry": {"type": "LineString", "coordinates": [[135.577117984895, 34.751849133546436], [135.57721862854743, 34.751639647932606], [135.57731959361166, 34.751430267140734], [135.57742055867587, 34.75122088634886], [135.5775215237401, 34.751011505556995]]}}, {"type": "Feature", "properties": {"id": "近畿道-上り-1-26", "route": "近畿道", "direction": "上り", "from": "守口JCT", "to": "門真IC", "grade": 0.0, "elevation_start": 0.0, "elevation_end": 0.0, "quality": "estimated", "structure": "bridge", "chain_rank": 1, "cum_dist_start": 2600.0, "cum_dist_end": 2700.0, "anomaly": false}, "geometry": {"type": "LineString", "coordinates": [[135.5775215237401, 34.751011505556995], [135.57762248880434, 34.75080212476512], [135.57772345386854, 34.75059274397325], [135.57782441893278, 34.750383363181385], [135.577925383997, 34.75017398238951]]}}, {"type": "Feature", "properties": {"id": "近畿道-上り-1-27", "route": "近畿道", "direction": "上り", "from": "守口JCT", "to": "門真IC", "grade": 0.0, "elevation_start": 0.0, "elevation_end": 0.0, "quality": "estimated", "structure": "bridge", "chain_rank": 1, "cum_dist_start": 2700.0, "cum_dist_end": 2800.0, "anomaly": false}, "geometry": {"type": "LineString", "coordinates": [[135.577925383997, 34.75017398238951], [135.57802634906125, 34.74996460159765], [135.57812731412545, 34.749755220805774], [135.5782293731232, 34.74954620756109], [135.5783342164252, 34.749338129805786]]}}, {"type": "Feature", "properties": {"id": "近畿道-上り-1-28", "route": "近畿道", "direction": "上り", "from": "守口JCT", "to": "門真IC", "grade": 0.0, "elevation_start": 0.0, "elevation_end": 0.0, "quality": "estimated", "structure": "bridge", "chain_rank": 1, "cum_dist_start": 2800.0, "cum_dist_end": 2900.0, "anomaly": false}, "geometry": {"type": "LineString", "coordinates": [[135.5783342164252, 34.749338129805786], [135.57844863911274, 34.74913356852278], [135.5785656033141, 34.74892994019761], [135.57868256751547, 34.748726311872446], [135.5787995317168, 34.74852268354727]]}}, {"type": "Feature", "properties": {"id": "近畿道-上り-1-29", "route": "近畿道", "direction": "上り", "from": "守口JCT", "to": "門真IC", "grade": 0.0, "elevation_start": 0.0, "elevation_end": 0.0, "quality": "estimated", "structure": "bridge", "chain_rank": 1, "cum_dist_start": 2900.0, "cum_dist_end": 3000.0, "anomaly": false}, "geometry": {"type": "LineString", "coordinates": [[135.5787995317168, 34.74852268354727], [135.57891649591818, 34.748319055222105], [135.57903346011955, 34.74811542689694], [135.57915042432091, 34.74791179857177], [135.57926738852225, 34.747708170246604]]}}, {"type": "Feature", "properties": {"id": "近畿道-上り-1-30", "route": "近畿道", "direction": "上り", "from": "守口JCT", "to": "門真IC", "grade": 0.0, "elevation_start": 0.0, "elevation_end": 0.0, "quality": "estimated", "structure": "bridge", "chain_rank": 1, "cum_dist_start": 3000.0, "cum_dist_end": 3100.0, "anomaly": false}, "geometry": {"type": "LineString", "coordinates": [[135.57926738852225, 34.747708170246604], [135.57938435272362, 34.74750454192144], [135.579501316925, 34.74730091359626], [135.57961703151844, 34.747096807713085], [135.57972961721595, 34.74689150607137]]}}, {"type": "Feature", "properties": {"id": "近畿道-上り-1-31", "route": "近畿道", "direction": "上り", "from": "守口JCT", "to": "門真IC", "grade": 0.0, "elevation_start": 0.0, "elevation_end": 0.0, "quality": "estimated", "structure": "bridge", "chain_rank": 1, "cum_dist_start": 3100.0, "cum_dist_end": 3200.0, "anomaly": false}, "geometry": {"type": "LineString", "coordinates": [[135.57972961721595, 34.74689150607137], [135.57984220291345, 34.74668620442965], [135.57995478861096, 34.74648090278793], [135.58006737430847, 34.746275601146216], [135.58017996000598, 34.746070299504495]]}}, {"type": "Feature", "properties": {"id": "近畿道-上り-1-32", "route": "近畿道", "direction": "上り", "from": "守口JCT", "to": "門真IC", "grade": 0.0, "elevation_start": 0.0, "elevation_end": 0.0, "quality": "estimated", "structure": "bridge", "chain_rank": 1, "cum_dist_start": 3200.0, "cum_dist_end": 3300.0, "anomaly": false}, "geometry": {"type": "LineString", "coordinates": [[135.58017996000598, 34.746070299504495], [135.5802925457035, 34.745864997862775], [135.58040513140102, 34.74565969622106], [135.58051771709853, 34.74545439457934], [135.58063030279604, 34.74524909293762]]}}, {"type": "Feature", "properties": {"id": "近畿道-上り-1-33", "route": "近畿道", "direction": "上り", "from": "守口JCT", "to": "門真IC", "grade": 0.0, "elevation_start": 0.0, "elevation_end": 0.0, "quality": "estimated", "structure": "bridge", "chain_rank": 1, "cum_dist_start": 3300.0, "cum_dist_end": 3400.0, "anomaly": false}, "geometry": {"type": "LineString", "coordinates": [[135.58063030279604, 34.74524909293762], [135.58074288849355, 34.745043791295906], [135.58085547419105, 34.744838489654185], [135.58096805988856, 34.744633188012465], [135.58108064558607, 34.74442788637075]]}}, {"type": "Feature", "properties": {"id": "近畿道-上り-1-34", "route": "近畿道", "direction": "上り", "from": "守口JCT", "to": "門真IC", "grade": 0.0, "elevation_start": 0.0, "elevation_end": 0.0, "quality": "estimated", "structure": "bridge", "chain_rank": 1, "cum_dist_start": 3400.0, "cum_dist_end": 3500.0, "anomaly": false}, "geometry": {"type": "LineString", "coordinates": [[135.58108064558607, 34.74442788637075], [135.5811930798899, 34.74422252856433], [135.58130523873515, 34.74401706856703], [135.58141426894116, 34.743810503306676], [135.58151691755404, 34.743601683603224]]}}, {"type": "Feature", "properties": {"id": "近畿道-上り-1-35", "route": "近畿道", "direction": "上り", "from": "守口JCT", "to": "門真IC", "grade": 0.0, "elevation_start": 0.0, "elevation_end": 0.0, "quality": "estimated", "structure": "bridge", "chain_rank": 1, "cum_dist_start": 3500.0, "cum_dist_end": 3600.0, "anomaly": false}, "geometry": {"type": "LineString", "coordinates": [[135.58151691755404, 34.743601683603224], [135.58161784606096, 34.74339233572686], [135.5817054883859, 34.743178908217196], [135.58179271231182, 34.74296537466655], [135.5818652687374, 34.74274812371642]]}}, {"type": "Feature", "properties": {"id": "近畿道-上り-1-36", "route": "近畿道", "direction": "上り", "from": "守口JCT", "to": "門真IC", "grade": 0.0, "elevation_start": 0.0, "elevation_end": 0.0, "quality": "estimated", "structure": "bridge", "chain_rank": 1, "cum_dist_start": 3600.0, "cum_dist_end": 3700.0, "anomaly": false}, "geometry": {"type": "LineString", "coordinates": [[135.5818652687374, 34.74274812371642], [135.58193782516298, 34.74253087276628], [135.5819967604308, 34.74231087401456], [135.58205377300885, 34.74209048739785], [135.58210254017396, 34.74186882316245]]}}, {"type": "Feature", "properties": {"id": "近畿道-上り-1-37", "route": "近畿道", "direction": "上り", "from": "守口JCT", "to": "門真IC", "grade": 0.0, "elevation_start": 0.0, "elevation_end": 0.0, "quality": "estimated", "structure": "bridge", "chain_rank": 1, "cum_dist_start": 3700.0, "cum_dist_end": 3800.0, "anomaly": false}, "geometry": {"type": "LineString", "coordinates": [[135.58210254017396, 34.74186882316245], [135.58214623025154, 34.74164637223728], [135.58218019399803, 34.74142282487466], [135.5822103595782, 34.74119884934939], [135.58222688380553, 34.740973978082046]]}}, {"type": "Feature", "properties": {"id": "近畿道-上り-1-38", "route": "近畿道", "direction": "上り", "from": "守口JCT", "to": "門真IC", "grade": 0.0, "elevation_start": 0.0, "elevation_end": 0.0, "quality": "estimated", "structure": "bridge", "chain_rank": 1, "cum_dist_start": 3800.0, "cum_dist_end": 3900.0, "anomaly": false}, "geometry": {"type": "LineString", "coordinates": [[135.58222688380553, 34.740973978082046], [135.58223999253096, 34.74074888254011], [135.58224770716532, 34.740523639354095], [135.58225268951733, 34.74029832138156], [135.58225665307094, 34.740072991800496]]}}, {"type": "Feature", "properties": {"id": "近畿道-上り-1-39", "route": "近畿道", "direction": "上り", "from": "守口JCT", "to": "門真IC", "grade": 0.0, "elevation_start": 0.0, "elevation_end": 0.0, "quality": "estimated", "structure": "bridge", "chain_rank": 1, "cum_dist_start": 3900.0, "cum_dist_end": 4000.0, "anomaly": false}, "geometry": {"type": "LineString", "coordinates": [[135.58225665307094, 34.740072991800496], [135.58225918545565, 34.739847645912214], [135.58226171784037, 34.73962230002394], [135.58226425022505, 34.73939695413566], [135.58226678260976, 34.73917160824738]]}}, {"type": "Feature", "properties": {"id": "近畿道-上り-1-40", "route": "近畿道", "direction": "上り", "from": "守口JCT", "to": "門真IC", "grade": 0.0, "elevation_start": 0.0, "elevation_end": 0.0, "quality": "estimated", "structure": "bridge", "chain_rank": 1, "cum_dist_start": 4000.0, "cum_dist_end": 4100.0, "anomaly": false}, "geometry": {"type": "LineString", "coordinates": [[135.58226678260976, 34.73917160824738], [135.58226931499445, 34.7389462623591], [135.58227184737916, 34.738720916470825], [135.58227437976385, 34.73849557058254], [135.58227691214856, 34.73827022469427]]}}, {"type": "Feature", "properties": {"id": "近畿道-上り-1-41", "route": "近畿道", "direction": "上り", "from": "守口JCT", "to": "門真IC", "grade": 0.0, "elevation_start": 0.0, "elevation_end": 0.0, "quality": "estimated", "structure": "bridge", "chain_rank": 1, "cum_dist_start": 4100.0, "cum_dist_end": 4200.0, "anomaly": false}, "geometry": {"type": "LineString", "coordinates": [[135.58227691214856, 34.73827022469427], [135.58227944453324, 34.738044878805994], [135.58228197691795, 34.73781953291771], [135.58228450930264, 34.73759418702944], [135.58228704168735, 34.737368841141155]]}}, {"type": "Feature", "properties": {"id": "近畿道-上り-1-42", "route": "近畿道", "direction": "上り", "from": "守口JCT", "to": "門真IC", "grade": 0.0, "elevation_start": 0.0, "elevation_end": 0.0, "quality": "estimated", "structure": "bridge", "chain_rank": 1, "cum_dist_start": 4200.0, "cum_dist_end": 4300.0, "anomaly": false}, "geometry": {"type": "LineString", "coordinates": [[135.58228704168735, 34.737368841141155], [135.58228957407204, 34.73714349525288], [135.58229210645675, 34.7369181493646], [135.58229463884146, 34.73669280347632], [135.58229717122614, 34.73646745758804]]}}, {"type": "Feature", "properties": {"id": "近畿道-上り-1-43", "route": "近畿道", "direction": "上り", "from": "守口JCT", "to": "門真IC", "grade": 0.0, "elevation_start": 0.0, "elevation_end": 0.0, "quality": "estimated", "structure": "bridge", "chain_rank": 1, "cum_dist_start": 4300.0, "cum_dist_end": 4400.0, "anomaly": false}, "geometry": {"type": "LineString", "coordinates": [[135.58229717122614, 34.73646745758804], [135.5823003457096, 34.73624211719421], [135.5823035839605, 34.73601677734603], [135.58230682221142, 34.73579143749785], [135.58231006046233, 34.735566097649674]]}}, {"type": "Feature", "properties": {"id": "近畿道-上り-1-44", "route": "近畿道", "direction": "上り", "from": "守口JCT", "to": "門真IC", "grade": 0.0, "elevation_start": 0.0, "elevation_end": 0.0, "quality": "estimated", "structure": "bridge", "chain_rank": 1, "cum_dist_start": 4400.0, "cum_dist_end": 4500.0, "anomaly": false}, "geometry": {"type": "LineString", "coordinates": [[135.58231006046233, 34.735566097649674], [135.58231329871325, 34.735340757801495], [135.58231653696419, 34.73511541795332], [135.5823197752151, 34.734890078105146], [135.582323013466, 34.73466473825697]]}}, {"type": "Feature", "properties": {"id": "近畿道-上り-1-45", "route": "近畿道", "direction": "上り", "from": "守口JCT", "to": "門真IC", "grade": 0.0, "elevation_start": 0.0, "elevation_end": 0.0, "quality": "estimated", "structure": "bridge", "chain_rank": 1, "cum_dist_start": 4500.0, "cum_dist_end": 4600.0, "anomaly": false}, "geometry": {"type": "LineString", "coordinates": [[135.582323013466, 34.73466473825697], [135.58232625171692, 34.73443939840879], [135.58232948996783, 34.73421405856061], [135.58233272821874, 34.73398871871243], [135.58233596646966, 34.73376337886425]]}}, {"type": "Feature", "properties": {"id": "近畿道-上り-1-46", "route": "近畿道", "direction": "上り", "from": "守口JCT", "to": "門真IC", "grade": 0.0, "elevation_start": 0.0, "elevation_end": 0.0, "quality": "estimated", "structure": "bridge", "chain_rank": 1, "cum_dist_start": 4600.0, "cum_dist_end": 4700.0, "anomaly": false}, "geometry": {"type": "LineString", "coordinates": [[135.58233596646966, 34.73376337886425], [135.58233838144415, 34.73353803245076], [135.58234035303016, 34.73331268250141], [135.58234232461618, 34.73308733255207], [135.58234429620222, 34.732861982602714]]}}, {"type": "Feature", "properties": {"id": "近畿道-上り-1-47", "route": "近畿道", "direction": "上り", "from": "守口JCT", "to": "門真IC", "grade": 0.0, "elevation_start": 0.0, "elevation_end": 0.0, "quality": "estimated", "structure": "bridge", "chain_rank": 1, "cum_dist_start": 4700.0, "cum_dist_end": 4800.0, "anomaly": false}, "geometry": {"type": "LineString", "coordinates": [[135.58234429620222, 34.732861982602714], [135.58234626778824, 34.73263663265337], [135.58234823937426, 34.73241128270402], [135.58235021096027, 34.73218593275467], [135.58235218254632, 34.73196058280532]]}}, {"type": "Feature", "properties": {"id": "近畿道-上り-1-48", "route": "近畿道", "direction": "上り", "from": "守口JCT", "to": "門真IC", "grade": 0.0, "elevation_start": 0.0, "elevation_end": 0.0, "quality": "estimated", "structure": "bridge", "chain_rank": 1, "cum_dist_start": 4800.0, "cum_dist_end": 4900.0, "anomaly": false}, "geometry": {"type": "LineString", "coordinates": [[135.58235218254632, 34.73196058280532], [135.58235415413233, 34.731735232855975], [135.58235612571835, 34.73150988290662], [135.5823580973044, 34.731284532957275], [135.5823600688904, 34.73105918300793]]}}, {"type": "Feature", "properties": {"id": "近畿道-上り-1-49", "route": "近畿道", "direction": "上り", "from": "守口JCT", "to": "門真IC", "grade": 0.0, "elevation_start": 0.0, "elevation_end": 0.0, "quality": "estimated", "structure": "bridge", "chain_rank": 1, "cum_dist_start": 4900.0, "cum_dist_end": 5000.0, "anomaly": false}, "geometry": {"type": "LineString", "coordinates": [[135.5823600688904, 34.73105918300793], [135.58236204047643, 34.730833833058576], [135.58236401206247, 34.73060848310923], [135.5823659836485, 34.73038313315988], [135.5823679552345, 34.73015778321053]]}}, {"type": "Feature", "properties": {"id": "近畿道-上り-1-50", "route": "近畿道", "direction": "上り", "from": "守口JCT", "to": "門真IC", "grade": 0.0, "elevation_start": 0.0, "elevation_end": 0.0, "quality": "estimated", "structure": "bridge", "chain_rank": 1, "cum_dist_start": 5000.0, "cum_dist_end": 5100.0, "anomaly": false}, "geometry": {"type": "LineString", "coordinates": [[135.5823679552345, 34.73015778321053], [135.58236992682055, 34.72993243326118], [135.58237528363966, 34.72970713769599], [135.582383940156, 34.729481895140815], [135.58239576148728, 34.72925675509931]]}}, {"type": "Feature", "properties": {"id": "近畿道-上り-1-51", "route": "近畿道", "direction": "上り", "from": "門真IC", "to": "門真JCT", "grade": 0.0, "elevation_start": 0.0, "elevation_end": 0.0, "quality": "estimated", "structure": "bridge", "chain_rank": 1, "cum_dist_start": 5100.0, "cum_dist_end": 5200.0, "anomaly": false}, "geometry": {"type": "LineString", "coordinates": [[135.58239576148728, 34.72925675509931], [135.5824093330829, 34.729031698517076], [135.58243932872483, 34.72880770739209], [135.58247659256637, 34.72858460949182], [135.58252691708338, 34.72836311668203]]}}, {"type": "Feature", "properties": {"id": "近畿道-上り-1-52", "route": "近畿道", "direction": "上り", "from": "門真IC", "to": "門真JCT", "grade": 0.0, "elevation_start": 0.0, "elevation_end": 0.0, "quality": "estimated", "structure": "bridge", "chain_rank": 1, "cum_dist_start": 5200.0, "cum_dist_end": 5300.0, "anomaly": false}, "geometry": {"type": "LineString", "coordinates": [[135.58252691708338, 34.72836311668203], [135.58258567722967, 34.72814307001576], [135.5826506755311, 34.72792427047034], [135.58272589442035, 34.727707640069376], [135.58280744322636, 34.72749264517755]]}}, {"type": "Feature", "properties": {"id": "近畿道-上り-1-53", "route": "近畿道", "direction": "上り", "from": "門真IC", "to": "門真JCT", "grade": 0.0, "elevation_start": 0.0, "elevation_end": 0.0, "quality": "estimated", "structure": "bridge", "chain_rank": 1, "cum_dist_start": 5300.0, "cum_dist_end": 5400.0, "anomaly": false}, "geometry": {"type": "LineString", "coordinates": [[135.58280744322636, 34.72749264517755], [135.58289522048403, 34.72727925957852], [135.58298919834718, 34.72706770452441], [135.58308522703416, 34.72685675588371], [135.58319074976845, 34.726648921606795]]}}, {"type": "Feature", "properties": {"id": "近畿道-上り-1-54", "route": "近畿道", "direction": "上り", "from": "門真IC", "to": "門真JCT", "grade": 0.0, "elevation_start": 0.0, "elevation_end": 0.0, "quality": "estimated", "structure": "bridge", "chain_rank": 1, "cum_dist_start": 5400.0, "cum_dist_end": 5500.0, "anomaly": false}, "geometry": {"type": "LineString", "coordinates": [[135.58319074976845, 34.726648921606795], [135.5832962725027, 34.72644108732989], [135.583401795237, 34.726233253052975], [135.58350731797125, 34.72602541877607], [135.5836137092992, 34.725817890123025]]}}, {"type": "Feature", "properties": {"id": "近畿道-上り-1-55", "route": "近畿道", "direction": "上り", "from": "門真IC", "to": "門真JCT", "grade": 0.0, "elevation_start": 0.0, "elevation_end": 0.0, "quality": "estimated", "structure": "bridge", "chain_rank": 1, "cum_dist_start": 5500.0, "cum_dist_end": 5600.0, "anomaly": false}, "geometry": {"type": "LineString", "coordinates": [[135.5836137092992, 34.725817890123025], [135.5837221196938, 34.72561107189998], [135.58383053008842, 34.72540425367694], [135.58393894048302, 34.72519743545389], [135.58404735087765, 34.72499061723085]]}}, {"type": "Feature", "properties": {"id": "近畿道-上り-1-56", "route": "近畿道", "direction": "上り", "from": "門真IC", "to": "門真JCT", "grade": 0.0, "elevation_start": 0.0, "elevation_end": 0.0, "quality": "estimated", "structure": "bridge", "chain_rank": 1, "cum_dist_start": 5600.0, "cum_dist_end": 5700.0, "anomaly": false}, "geometry": {"type": "LineString", "coordinates": [[135.58404735087765, 34.72499061723085], [135.58415576127226, 34.72478379900781], [135.5842641716669, 34.72457698078477], [135.58437774861136, 34.72437206980904], [135.58449208092927, 34.724167437681665]]}}, {"type": "Feature", "properties": {"id": "近畿道-上り-1-57", "route": "近畿道", "direction": "上り", "from": "門真IC", "to": "門真JCT", "grade": 0.0, "elevation_start": 0.0, "elevation_end": 0.0, "quality": "estimated", "structure": "bridge", "chain_rank": 1, "cum_dist_start": 5700.0, "cum_dist_end": 5800.0, "anomaly": false}, "geometry": {"type": "LineString", "coordinates": [[135.58449208092927, 34.724167437681665], [135.58460641324714, 34.72396280555429], [135.58472074556505, 34.72375817342691], [135.58483507788293, 34.72355354129953], [135.5849494102008, 34.72334890917215]]}}, {"type": "Feature", "properties": {"id": "近畿道-上り-1-58", "route": "近畿道", "direction": "上り", "from": "門真IC", "to": "門真JCT", "grade": 0.0, "elevation_start": 0.0, "elevation_end": 0.0, "quality": "estimated", "structure": "bridge", "chain_rank": 1, "cum_dist_start": 5800.0, "cum_dist_end": 5900.0, "anomaly": false}, "geometry": {"type": "LineString", "coordinates": [[135.5849494102008, 34.72334890917215], [135.5850637425187, 34.723144277044774], [135.5851780748366, 34.722939644917396], [135.5852954528864, 34.72273619573134], [135.5854133166478, 34.722532935192305]]}}, {"type": "Feature", "properties": {"id": "近畿道-上り-1-59", "route": "近畿道", "direction": "上り", "from": "門真IC", "to": "門真JCT", "grade": 0.0, "elevation_start": 0.0, "elevation_end": 0.0, "quality": "estimated", "structure": "bridge", "chain_rank": 1, "cum_dist_start": 5900.0, "cum_dist_end": 6000.0, "anomaly": false}, "geometry": {"type": "LineString", "coordinates": [[135.5854133166478, 34.722532935192305], [135.58553118040913, 34.722329674653274], [135.5856490441705, 34.722126414114236], [135.58576690793186, 34.7219231535752], [135.58588477169323, 34.72171989303616]]}}, {"type": "Feature", "properties": {"id": "近畿道-上り-1-60", "route": "近畿道", "direction": "上り", "from": "門真IC", "to": "門真JCT", "grade": 0.0, "elevation_start": 0.0, "elevation_end": 0.0, "quality": "estimated", "structure": "bridge", "chain_rank": 1, "cum_dist_start": 6000.0, "cum_dist_end": 6100.0, "anomaly": false}, "geometry": {"type": "LineString", "coordinates": [[135.58588477169323, 34.72171989303616], [135.58600263545458, 34.72151663249712], [135.58612049921595, 34.72131337195809], [135.5862383629773, 34.72111011141905], [135.58635622673864, 34.72090685088001]]}}, {"type": "Feature", "properties": {"id": "近畿道-上り-1-61", "route": "近畿道", "direction": "上り", "from": "門真IC", "to": "門真JCT", "grade": 0.0, "elevation_start": 0.0, "elevation_end": 0.0, "quality": "estimated", "structure": "bridge", "chain_rank": 1, "cum_dist_start": 6100.0, "cum_dist_end": 6200.0, "anomaly": false}, "geometry": {"type": "LineString", "coordinates": [[135.58635622673864, 34.72090685088001], [135.58647409050002, 34.720703590340975], [135.58659195426137, 34.72050032980194], [135.58670981802274, 34.720297069262905], [135.58682766749476, 34.720093803128925]]}}, {"type": "Feature", "properties": {"id": "近畿道-上り-1-62", "route": "近畿道", "direction": "上り", "from": "門真IC", "to": "門真JCT", "grade": 0.0, "elevation_start": 0.0, "elevation_end": 0.0, "quality": "estimated", "structure": "bridge", "chain_rank": 1, "cum_dist_start": 6200.0, "cum_dist_end": 6300.0, "anomaly": false}, "geometry": {"type": "LineString", "coordinates": [[135.58682766749476, 34.720093803128925], [135.58694519318547, 34.719890410219435], [135.58706271887615, 34.719687017309944], [135.58718024456687, 34.71948362440045], [135.58729777025758, 34.71928023149096]]}}, {"type": "Feature", "properties": {"id": "近畿道-上り-1-63", "route": "近畿道", "direction": "上り", "from": "門真IC", "to": "門真JCT", "grade": 0.0, "elevation_start": 0.0, "elevation_end": 0.0, "quality": "estimated", "structure": "bridge", "chain_rank": 1, "cum_dist_start": 6300.0, "cum_dist_end": 6400.0, "anomaly": false}, "geometry": {"type": "LineString", "coordinates": [[135.58729777025758, 34.71928023149096], [135.5874152959483, 34.71907683858147], [135.58753303113207, 34.71887352885], [135.587651129112, 34.718670363164605], [135.58776922709194, 34.71846719747922]]}}, {"type": "Feature", "properties": {"id": "近畿道-上り-1-64", "route": "近畿道", "direction": "上り", "from": "門真IC", "to": "門真JCT", "grade": 0.0, "elevation_start": 0.0, "elevation_end": 0.0, "quality": "estimated", "structure": "bridge", "chain_rank": 1, "cum_dist_start": 6400.0, "cum_dist_end": 6500.0, "anomaly": false}, "geometry": {"type": "LineString", "coordinates": [[135.58776922709194, 34.71846719747922], [135.58788732507188, 34.71826403179384], [135.5880054230518, 34.718060866108445], [135.58812352103172, 34.71785770042306], [135.58824161901165, 34.717654534737676]]}}, {"type": "Feature", "properties": {"id": "近畿道-上り-1-65", "route": "近畿道", "direction": "上り", "from": "門真IC", "to": "門真JCT", "grade": 0.0, "elevation_start": 0.0, "elevation_end": 0.0, "quality": "estimated", "structure": "bridge", "chain_rank": 1, "cum_dist_start": 6500.0, "cum_dist_end": 6600.0, "anomaly": false}, "geometry": {"type": "LineString", "coordinates": [[135.58824161901165, 34.717654534737676], [135.5883597169916, 34.71745136905229], [135.58847781497153, 34.7172482033669], [135.58859591295146, 34.717045037681515], [135.58871401093137, 34.71684187199613]]}}, {"type": "Feature", "properties": {"id": "近畿道-上り-1-66", "route": "近畿道", "direction": "上り", "from": "門真IC", "to": "門真JCT", "grade": 0.0, "elevation_start": 0.0, "elevation_end": 0.0, "quality": "estimated", "structure": "bridge", "chain_rank": 1, "cum_dist_start": 6600.0, "cum_dist_end": 6700.0, "anomaly": false}, "geometry": {"type": "LineString", "coordinates": [[135.58871401093137, 34.71684187199613], [135.5888321089113, 34.716638706310746], [135.58895020689124, 34.716435540625355], [135.58906830487118, 34.71623237493997], [135.5891864028511, 34.716029209254586]]}}, {"type": "Feature", "properties": {"id": "近畿道-上り-1-67", "route": "近畿道", "direction": "上り", "from": "門真JCT", "to": null, "grade": 0.0, "elevation_start": 0.0, "elevation_end": 0.0, "quality": "estimated", "structure": "bridge", "chain_rank": 1, "cum_dist_start": 6700.0, "cum_dist_end": 6800.0, "anomaly": false}, "geometry": {"type": "LineString", "coordinates": [[135.5891864028511, 34.716029209254586], [135.58930424836464, 34.71582594423762], [135.589421892193, 34.7156225999392], [135.58954006150904, 34.71541947161167], [135.5896589948434, 34.71521665797163]]}}, {"type": "Feature", "properties": {"id": "近畿道-上り-1-68", "route": "近畿道", "direction": "上り", "from": "門真JCT", "to": null, "grade": 0.0, "elevation_start": 0.0, "elevation_end": 0.0, "quality": "estimated", "structure": "bridge", "chain_rank": 1, "cum_dist_start": 6800.0, "cum_dist_end": 6900.0, "anomaly": false}, "geometry": {"type": "LineString", "coordinates": [[135.5896589948434, 34.71521665797163], [135.58977713375594, 34.71501351023907], [135.58989486285054, 34.7148101999413], [135.59001464318754, 34.714607708737425], [135.59013445424492, 34.71440522980069]]}}, {"type": "Feature", "properties": {"id": "近畿道-上り-1-69", "route": "近畿道", "direction": "上り", "from": "門真JCT", "to": null, "grade": 0.0, "elevation_start": 0.0, "elevation_end": 0.0, "quality": "estimated", "structure": "bridge", "chain_rank": 1, "cum_dist_start": 6900.0, "cum_dist_end": 7000.0, "anomaly": false}, "geometry": {"type": "LineString", "coordinates": [[135.59013445424492, 34.71440522980069], [135.59025426530226, 34.71420275086395], [135.59037407635964, 34.71400027192721], [135.59049388741698, 34.71379779299047], [135.5906102118778, 34.71359393761413]]}}, {"type": "Feature", "properties": {"id": "近畿道-上り-1-70", "route": "近畿道", "direction": "上り", "from": "門真JCT", "to": null, "grade": 0.0, "elevation_start": 0.0, "elevation_end": 0.0, "quality": "estimated", "structure": "bridge", "chain_rank": 1, "cum_dist_start": 7000.0, "cum_dist_end": 7100.0, "anomaly": false}, "geometry": {"type": "LineString", "coordinates": [[135.5906102118778, 34.71359393761413], [135.59072588690412, 34.71338982585387], [135.5908415619305, 34.713185714093605], [135.59095723695683, 34.71298160233334], [135.5910729119832, 34.71277749057308]]}}, {"type": "Feature", "properties": {"id": "近畿道-上り-2-0", "route": "近畿道", "direction": "上り", "from": null, "to": null, "grade": -0.2, "elevation_start": 19.7, "elevation_end": 19.5, "quality": "estimated", "structure": "normal", "chain_rank": 2, "cum_dist_start": 0.0, "cum_dist_end": 100.0, "anomaly": false}, "geometry": {"type": "LineString", "coordinates": [[135.5494468, 34.8082665], [135.54971981669533, 34.8082752406475], [135.54999283463363, 34.80828395417498], [135.55026587390213, 34.80829220230441], [135.55053894574013, 34.80829964252919]]}}, {"type": "Feature", "properties": {"id": "近畿道-上り-2-1", "route": "近畿道", "direction": "上り", "from": null, "to": null, "grade": 0.0, "elevation_start": 19.5, "elevation_end": 19.5, "quality": "estimated", "structure": "normal", "chain_rank": 2, "cum_dist_start": 100.0, "cum_dist_end": 200.0, "anomaly": false}, "geometry": {"type": "LineString", "coordinates": [[135.55053894574013, 34.80829964252919], [135.55081204675824, 34.80830635892586], [135.55108514777632, 34.80831307532252], [135.55135826161742, 34.8083194139348], [135.55163139142311, 34.80832528220713]]}}, {"type": "Feature", "properties": {"id": "近畿道-上り-2-2", "route": "近畿道", "direction": "上り", "from": null, "to": null, "grade": 0.0, "elevation_start": 19.5, "elevation_end": 19.5, "quality": "estimated", "structure": "bridge", "chain_rank": 2, "cum_dist_start": 200.0, "cum_dist_end": 300.0, "anomaly": false}, "geometry": {"type": "LineString", "coordinates": [[135.55163139142311, 34.80832528220713], [135.55190452122878, 34.80833115047946], [135.55217767971845, 34.808335133495554], [135.55245090207407, 34.808334918916415], [135.5527241244297, 34.80833470433728]]}}, {"type": "Feature", "properties": {"id": "近畿道-上り-2-3", "route": "近畿道", "direction": "上り", "from": null, "to": null, "grade": 0.0, "elevation_start": 19.5, "elevation_end": 19.5, "quality": "estimated", "structure": "bridge", "chain_rank": 2, "cum_dist_start": 300.0, "cum_dist_end": 400.0, "anomaly": false}, "geometry": {"type": "LineString", "coordinates": [[135.5527241244297, 34.80833470433728], [135.5529973467853, 34.80833448975814], [135.55327056914095, 34.808334275179], [135.55354379149657, 34.80833406059986], [135.55381701385218, 34.80833384602072]]}}, {"type": "Feature", "properties": {"id": "近畿道-上り-2-4", "route": "近畿道", "direction": "上り", "from": null, "to": null, "grade": 0.0, "elevation_start": 19.5, "elevation_end": 19.5, "quality": "estimated", "structure": "bridge", "chain_rank": 2, "cum_dist_start": 400.0, "cum_dist_end": 500.0, "anomaly": false}, "geometry": {"type": "LineString", "coordinates": [[135.55381701385218, 34.80833384602072], [135.55409023620783, 34.808333631441585], [135.55436345856344, 34.808333416862446], [135.55463668091906, 34.8083332022833], [135.55490990327468, 34.80833298770416]]}}, {"type": "Feature", "properties": {"id": "近畿道-上り-2-5", "route": "近畿道", "direction": "上り", "from": null, "to": null, "grade": 0.0, "elevation_start": 19.5, "elevation_end": 19.5, "quality": "estimated", "structure": "bridge", "chain_rank": 2, "cum_dist_start": 500.0, "cum_dist_end": 600.0, "anomaly": false}, "geometry": {"type": "LineString", "coordinates": [[135.55490990327468, 34.80833298770416], [135.55518312563032, 34.808332773125024], [135.55545634798594, 34.808332558545885], [135.55572957034155, 34.80833234396675], [135.5560027926972, 34.80833212938761]]}}, {"type": "Feature", "properties": {"id": "近畿道-上り-2-6", "route": "近畿道", "direction": "上り", "from": null, "to": null, "grade": 0.0, "elevation_start": 19.5, "elevation_end": 19.5, "quality": "estimated", "structure": "bridge", "chain_rank": 2, "cum_dist_start": 600.0, "cum_dist_end": 700.0, "anomaly": false}, "geometry": {"type": "LineString", "coordinates": [[135.5560027926972, 34.80833212938761], [135.55627601505282, 34.80833191480847], [135.55654923740843, 34.80833170022933], [135.55682245976408, 34.80833148565019], [135.5570956821197, 34.80833127107105]]}}, {"type": "Feature", "properties": {"id": "近畿道-上り-2-7", "route": "近畿道", "direction": "上り", "from": null, "to": null, "grade": 0.0, "elevation_start": 19.5, "elevation_end": 19.5, "quality": "estimated", "structure": "bridge", "chain_rank": 2, "cum_dist_start": 700.0, "cum_dist_end": 800.0, "anomaly": false}, "geometry": {"type": "LineString", "coordinates": [[135.5570956821197, 34.80833127107105], [135.5573689044753, 34.80833105649191], [135.55764212683093, 34.80833084191277], [135.55791534918657, 34.80833062733363], [135.5581885715422, 34.80833041275449]]}}, {"type": "Feature", "properties": {"id": "近畿道-上り-2-8", "route": "近畿道", "direction": "上り", "from": null, "to": null, "grade": 0.0, "elevation_start": 19.5, "elevation_end": 19.5, "quality": "estimated", "structure": "bridge", "chain_rank": 2, "cum_dist_start": 800.0, "cum_dist_end": 900.0, "anomaly": false}, "geometry": {"type": "LineString", "coordinates": [[135.5581885715422, 34.80833041275449], [135.5584617938978, 34.808330198175355], [135.5587350100071, 34.80832897237802], [135.55900822084817, 34.80832689371575], [135.55928129418112, 34.808320203488535]]}}, {"type": "Feature", "properties": {"id": "近畿道-上り-2-9", "route": "近畿道", "direction": "上り", "from": null, "to": null, "grade": 0.0, "elevation_start": 19.5, "elevation_end": 19.5, "quality": "estimated", "structure": "bridge", "chain_rank": 2, "cum_dist_start": 900.0, "cum_dist_end": 1000.0, "anomaly": false}, "geometry": {"type": "LineString", "coordinates": [[135.55928129418112, 34.808320203488535], [135.5595535130473, 34.808302035716416], [135.55982306929073, 34.80826611977838], [135.56008943543657, 34.80821613870131], [135.56034816149568, 34.80814418614703]]}}, {"type": "Feature", "properties": {"id": "近畿道-上り-2-10", "route": "近畿道", "direction": "上り", "from": null, "to": null, "grade": 0.0, "elevation_start": 19.5, "elevation_end": 19.5, "quality": "estimated", "structure": "bridge", "chain_rank": 2, "cum_dist_start": 1000.0, "cum_dist_end": 1100.0, "anomaly": false}, "geometry": {"type": "LineString", "coordinates": [[135.56034816149568, 34.80814418614703], [135.56060094656235, 34.808059077026996], [135.5608410246979, 34.807951591035675], [135.56107173684703, 34.80783117007993], [135.56128947196558, 34.80769521583638]]}}, {"type": "Feature", "properties": {"id": "近畿道-上り-2-11", "route": "近畿道", "direction": "上り", "from": null, "to": null, "grade": 0.0, "elevation_start": 19.5, "elevation_end": 19.5, "quality": "estimated", "structure": "bridge", "chain_rank": 2, "cum_dist_start": 1100.0, "cum_dist_end": 1200.0, "anomaly": false}, "geometry": {"type": "LineString", "coordinates": [[135.56128947196558, 34.80769521583638], [135.56149345848047, 34.807545530551714], [135.5616821983523, 34.80738272077967], [135.56185753273598, 34.8072099679361], [135.56202262639468, 34.80703042927801]]}}, {"type": "Feature", "properties": {"id": "近畿道-上り-2-12", "route": "近畿道", "direction": "上り", "from": null, "to": null, "grade": 0.0, "elevation_start": 19.5, "elevation_end": 19.5, "quality": "estimated", "structure": "bridge", "chain_rank": 2, "cum_dist_start": 1200.0, "cum_dist_end": 1300.0, "anomaly": false}, "geometry": {"type": "LineString", "coordinates": [[135.56202262639468, 34.80703042927801], [135.56218392874197, 34.80684854556077], [135.56234091825488, 34.806664134855666], [135.56249537450242, 34.806478248305], [135.56265006050987, 34.80629249248187]]}}, {"type": "Feature", "properties": {"id": "近畿道-上り-2-13", "route": "近畿道", "direction": "上り", "from": null, "to": null, "grade": 0.0, "elevation_start": 19.5, "elevation_end": 19.5, "quality": "estimated", "structure": "bridge", "chain_rank": 2, "cum_dist_start": 1300.0, "cum_dist_end": 1400.0, "anomaly": false}, "geometry": {"type": "LineString", "coordinates": [[135.56265006050987, 34.80629249248187], [135.56280528438188, 34.80610704268999], [135.56296050825387, 34.805921592898095], [135.56311573212585, 34.80573614310621], [135.56327095599787, 34.80555069331432]]}}, {"type": "Feature", "properties": {"id": "近畿道-上り-2-14", "route": "近畿道", "direction": "上り", "from": null, "to": null, "grade": 0.0, "elevation_start": 19.5, "elevation_end": 19.5, "quality": "estimated", "structure": "bridge", "chain_rank": 2, "cum_dist_start": 1400.0, "cum_dist_end": 1500.0, "anomaly": false}, "geometry": {"type": "LineString", "coordinates": [[135.56327095599787, 34.80555069331432], [135.56342617986985, 34.80536524352244], [135.56358140374186, 34.80517979373055], [135.56373662761385, 34.80499434393866], [135.56389185148583, 34.804808894146774]]}}, {"type": "Feature", "properties": {"id": "近畿道-上り-2-15", "route": "近畿道", "direction": "上り", "from": null, "to": null, "grade": 0.0, "elevation_start": 19.5, "elevation_end": 19.5, "quality": "estimated", "structure": "bridge", "chain_rank": 2, "cum_dist_start": 1500.0, "cum_dist_end": 1600.0, "anomaly": false}, "geometry": {"type": "LineString", "coordinates": [[135.56389185148583, 34.804808894146774], [135.56404707535785, 34.80462344435489], [135.56420229922983, 34.804437994563], [135.56435688127058, 34.80425218223501], [135.56451118711192, 34.804066213896775]]}}, {"type": "Feature", "properties": {"id": "近畿道-上り-2-16", "route": "近畿道", "direction": "上り", "from": null, "to": null, "grade": 0.0, "elevation_start": 19.5, "elevation_end": 19.5, "quality": "estimated", "structure": "bridge", "chain_rank": 2, "cum_dist_start": 1600.0, "cum_dist_end": 1700.0, "anomaly": false}, "geometry": {"type": "LineString", "coordinates": [[135.56451118711192, 34.804066213896775], [135.56466549295328, 34.80388024555854], [135.56481979879462, 34.80369427722031], [135.56497410463598, 34.80350830888207], [135.5651284104773, 34.80332234054384]]}}, {"type": "Feature", "properties": {"id": "近畿道-上り-2-17", "route": "近畿道", "direction": "上り", "from": null, "to": null, "grade": 0.0, "elevation_start": 19.5, "elevation_end": 19.5, "quality": "estimated", "structure": "bridge", "chain_rank": 2, "cum_dist_start": 1700.0, "cum_dist_end": 1800.0, "anomaly": false}, "geometry": {"type": "LineString", "coordinates": [[135.5651284104773, 34.80332234054384], [135.56528271631868, 34.80313637220561], [135.56543702216, 34.80295040386737], [135.56559132800137, 34.80276443552914], [135.5657456338427, 34.802578467190905]]}}, {"type": "Feature", "properties": {"id": "近畿道-上り-2-18", "route": "近畿道", "direction": "上り", "from": null, "to": null, "grade": 0.0, "elevation_start": 19.5, "elevation_end": 19.5, "quality": "estimated", "structure": "bridge", "chain_rank": 2, "cum_dist_start": 1800.0, "cum_dist_end": 1900.0, "anomaly": false}, "geometry": {"type": "LineString", "coordinates": [[135.5657456338427, 34.802578467190905], [135.56589508227117, 34.80238984416945], [135.56604096280543, 34.80219932242869], [135.56618292533847, 34.8020067818725], [135.5663145578962, 34.801809356915754]]}}, {"type": "Feature", "properties": {"id": "近畿道-上り-2-19", "route": "近畿道", "direction": "上り", "from": null, "to": null, "grade": 0.0, "elevation_start": 19.5, "elevation_end": 19.5, "quality": "estimated", "structure": "bridge", "chain_rank": 2, "cum_dist_start": 1900.0, "cum_dist_end": 2000.0, "anomaly": false}, "geometry": {"type": "LineString", "coordinates": [[135.5663145578962, 34.801809356915754], [135.56643566994188, 34.80160742829934], [135.56655286712183, 34.80140386348028], [135.56665581821738, 34.801195164150705], [135.56674968084474, 34.8009836787893]]}}, {"type": "Feature", "properties": {"id": "近畿道-上り-2-20", "route": "近畿道", "direction": "上り", "from": null, "to": null, "grade": 0.0, "elevation_start": 19.5, "elevation_end": 19.5, "quality": "estimated", "structure": "bridge", "chain_rank": 2, "cum_dist_start": 2000.0, "cum_dist_end": 2100.0, "anomaly": false}, "geometry": {"type": "LineString", "coordinates": [[135.56674968084474, 34.8009836787893], [135.56683267794375, 34.80076897654802], [135.56690879461988, 34.800552580371274], [135.56697552179804, 34.80033421153944], [135.5670273919832, 34.800112957359744]]}}, {"type": "Feature", "properties": {"id": "近畿道-上り-2-21", "route": "近畿道", "direction": "上り", "from": null, "to": null, "grade": 0.0, "elevation_start": 19.5, "elevation_end": 19.5, "quality": "estimated", "structure": "bridge", "chain_rank": 2, "cum_dist_start": 2100.0, "cum_dist_end": 2200.0, "anomaly": false}, "geometry": {"type": "LineString", "coordinates": [[135.5670273919832, 34.800112957359744], [135.5670686624956, 34.79989020155433], [135.56709798509374, 34.79966626396147], [135.56711631969628, 34.79944149562089], [135.56712320572063, 34.79921621389804]]}}, {"type": "Feature", "properties": {"id": "近畿道-上り-2-22", "route": "近畿道", "direction": "上り", "from": null, "to": null, "grade": 0.0, "elevation_start": 19.5, "elevation_end": 19.5, "quality": "estimated", "structure": "bridge", "chain_rank": 2, "cum_dist_start": 2200.0, "cum_dist_end": 2300.0, "anomaly": false}, "geometry": {"type": "LineString", "coordinates": [[135.56712320572063, 34.79921621389804], [135.56711488276886, 34.79899100435294], [135.5670978470759, 34.798766157578875], [135.56707260616938, 34.79854180742407], [135.56703329433356, 34.798318799473066]]}}, {"type": "Feature", "properties": {"id": "近畿道-上り-2-23", "route": "近畿道", "direction": "上り", "from": null, "to": null, "grade": 0.0, "elevation_start": 19.5, "elevation_end": 19.5, "quality": "estimated", "structure": "bridge", "chain_rank": 2, "cum_dist_start": 2300.0, "cum_dist_end": 2400.0, "anomaly": false}, "geometry": {"type": "LineString", "coordinates": [[135.56703329433356, 34.798318799473066], [135.5669833336373, 34.79809731280556], [135.56692735289008, 34.79787676176595], [135.56686538729895, 34.79765728207219], [135.5668022926834, 34.797438029690724]]}}, {"type": "Feature", "properties": {"id": "近畿道-上り-2-24", "route": "近畿道", "direction": "上り", "from": null, "to": null, "grade": 0.0, "elevation_start": 19.5, "elevation_end": 19.5, "quality": "estimated", "structure": "bridge", "chain_rank": 2, "cum_dist_start": 2400.0, "cum_dist_end": 2500.0, "anomaly": false}, "geometry": {"type": "LineString", "coordinates": [[135.5668022926834, 34.797438029690724], [135.56673472050258, 34.79721967880052], [135.56666769733098, 34.79700121391601], [135.56660187078876, 34.796782500567666], [135.56653604424653, 34.79656378721933]]}}, {"type": "Feature", "properties": {"id": "近畿道-上り-3-0", "route": "近畿道", "direction": "上り", "from": null, "to": "摂津北IC", "grade": 0.0, "elevation_start": 0.0, "elevation_end": 0.0, "quality": "estimated", "structure": "bridge", "chain_rank": 3, "cum_dist_start": 0.0, "cum_dist_end": 100.0, "anomaly": false}, "geometry": {"type": "LineString", "coordinates": [[135.5639896, 34.7715493], [135.5638641966055, 34.771749492416774], [135.56373879321097, 34.77194968483356], [135.56361338981645, 34.772149877250335], [135.56348798642193, 34.77235006966712]]}}, {"type": "Feature", "properties": {"id": "近畿道-上り-3-1", "route": "近畿道", "direction": "上り", "from": null, "to": "摂津北IC", "grade": 0.0, "elevation_start": 0.0, "elevation_end": 0.0, "quality": "estimated", "structure": "bridge", "chain_rank": 3, "cum_dist_start": 100.0, "cum_dist_end": 200.0, "anomaly": false}, "geometry": {"type": "LineString", "coordinates": [[135.56348798642193, 34.77235006966712], [135.5633625830274, 34.7725502620839], [135.5632371796329, 34.77275045450068], [135.56311177623834, 34.77295064691746], [135.56298637284382, 34.77315083933424]]}}, {"type": "Feature", "properties": {"id": "近畿道-上り-3-2", "route": "近畿道", "direction": "上り", "from": null, "to": "摂津北IC", "grade": 0.0, "elevation_start": 0.0, "elevation_end": 0.0, "quality": "estimated", "structure": "bridge", "chain_rank": 3, "cum_dist_start": 200.0, "cum_dist_end": 300.0, "anomaly": false}, "geometry": {"type": "LineString", "coordinates": [[135.56298637284382, 34.77315083933424], [135.5628609694493, 34.77335103175102], [135.56273556605478, 34.773551224167804], [135.56261016266026, 34.77375141658458], [135.56248475926574, 34.773951609001365]]}}, {"type": "Feature", "properties": {"id": "近畿道-上り-3-3", "route": "近畿道", "direction": "上り", "from": null, "to": "摂津北IC", "grade": 0.0, "elevation_start": 0.0, "elevation_end": 0.0, "quality": "estimated", "structure": "bridge", "chain_rank": 3, "cum_dist_start": 300.0, "cum_dist_end": 400.0, "anomaly": false}, "geometry": {"type": "LineString", "coordinates": [[135.56248475926574, 34.773951609001365], [135.56235870396455, 34.77415152358676], [135.5622326431099, 34.77435143580535], [135.56210658225524, 34.77455134802395], [135.56198052140059, 34.774751260242546]]}}, {"type": "Feature", "properties": {"id": "近畿道-上り-3-4", "route": "近畿道", "direction": "上り", "from": null, "to": "摂津北IC", "grade": 0.0, "elevation_start": 0.0, "elevation_end": 0.0, "quality": "estimated", "structure": "bridge", "chain_rank": 3, "cum_dist_start": 400.0, "cum_dist_end": 500.0, "anomaly": false}, "geometry": {"type": "LineString", "coordinates": [[135.56198052140059, 34.774751260242546], [135.5618544605459, 34.77495117246114], [135.56172839969125, 34.775151084679734], [135.5616071843654, 34.77535296671836], [135.56149192299702, 34.775557269178975]]}}, {"type": "Feature", "properties": {"id": "近畿道-上り-3-5", "route": "近畿道", "direction": "上り", "from": null, "to": "摂津北IC", "grade": 0.0, "elevation_start": 0.0, "elevation_end": 0.0, "quality": "estimated", "structure": "bridge", "chain_rank": 3, "cum_dist_start": 500.0, "cum_dist_end": 600.0, "anomaly": false}, "geometry": {"type": "LineString", "coordinates": [[135.56149192299702, 34.775557269178975], [135.5613766616286, 34.77576157163959], [135.56126989601938, 34.775968842903424], [135.56117227856842, 34.77617931094827], [135.5610832142353, 34.77639215625185]]}}, {"type": "Feature", "properties": {"id": "近畿道-上り-3-6", "route": "近畿道", "direction": "上り", "from": null, "to": "摂津北IC", "grade": 0.0, "elevation_start": 0.0, "elevation_end": 0.0, "quality": "estimated", "structure": "bridge", "chain_rank": 3, "cum_dist_start": 600.0, "cum_dist_end": 700.0, "anomaly": false}, "geometry": {"type": "LineString", "coordinates": [[135.5610832142353, 34.77639215625185], [135.56100660727853, 34.776608463966134], [135.56093542258677, 34.77682593785113], [135.56087431518998, 34.77704557906773], [135.56082195490788, 34.77726655535192]]}}, {"type": "Feature", "properties": {"id": "近畿道-上り-3-7", "route": "近畿道", "direction": "上り", "from": null, "to": "摂津北IC", "grade": 0.0, "elevation_start": 0.0, "elevation_end": 0.0, "quality": "estimated", "structure": "bridge", "chain_rank": 3, "cum_dist_start": 700.0, "cum_dist_end": 800.0, "anomaly": false}, "geometry": {"type": "LineString", "coordinates": [[135.56082195490788, 34.77726655535192], [135.56078379567617, 34.7774896991351], [135.5607532598497, 34.7777135692309], [135.56072878145727, 34.7779380164429], [135.5607170924858, 34.77816304403327]]}}, {"type": "Feature", "properties": {"id": "近畿道-上り-3-8", "route": "近畿道", "direction": "上り", "from": null, "to": "摂津北IC", "grade": 0.0, "elevation_start": 0.0, "elevation_end": 0.0, "quality": "estimated", "structure": "bridge", "chain_rank": 3, "cum_dist_start": 800.0, "cum_dist_end": 900.0, "anomaly": false}, "geometry": {"type": "LineString", "coordinates": [[135.5607170924858, 34.77816304403327], [135.56071159122226, 34.778388352419135], [135.56071968681147, 34.77861343603706], [135.56073612072825, 34.77883838181511], [135.56076537535247, 34.779062336136505]]}}, {"type": "Feature", "properties": {"id": "近畿道-上り-3-9", "route": "近畿道", "direction": "上り", "from": null, "to": "摂津北IC", "grade": 0.0, "elevation_start": 0.0, "elevation_end": 0.0, "quality": "estimated", "structure": "bridge", "chain_rank": 3, "cum_dist_start": 900.0, "cum_dist_end": 1000.0, "anomaly": false}, "geometry": {"type": "LineString", "coordinates": [[135.56076537535247, 34.779062336136505], [135.56079988742087, 34.77928588388688], [135.56084501375398, 34.77950811012372], [135.56089198591056, 34.779730106548996], [135.56094577166442, 34.77995103191454]]}}, {"type": "Feature", "properties": {"id": "近畿道-上り-3-10", "route": "近畿道", "direction": "上り", "from": null, "to": "摂津北IC", "grade": 0.0, "elevation_start": 0.0, "elevation_end": 0.0, "quality": "estimated", "structure": "bridge", "chain_rank": 3, "cum_dist_start": 1000.0, "cum_dist_end": 1100.0, "anomaly": false}, "geometry": {"type": "LineString", "coordinates": [[135.56094577166442, 34.77995103191454], [135.56100102280087, 34.78017172693008], [135.56106939508652, 34.780389868904045], [135.56113947945406, 34.780607677750474], [135.56121263566232, 34.780824794520534]]}}, {"type": "Feature", "properties": {"id": "近畿道-上り-3-11", "route": "近畿道", "direction": "上り", "from": null, "to": "摂津北IC", "grade": 0.0, "elevation_start": 0.0, "elevation_end": 0.0, "quality": "estimated", "structure": "bridge", "chain_rank": 3, "cum_dist_start": 1100.0, "cum_dist_end": 1200.0, "anomaly": false}, "geometry": {"type": "LineString", "coordinates": [[135.56121263566232, 34.780824794520534], [135.56128646652647, 34.78104175929267], [135.56136029739065, 34.781258724064806], [135.5614341282548, 34.78147568883694], [135.56150795911896, 34.781692653609085]]}}, {"type": "Feature", "properties": {"id": "近畿道-上り-3-12", "route": "近畿道", "direction": "上り", "from": "摂津北IC", "to": null, "grade": 0.0, "elevation_start": 0.0, "elevation_end": 0.0, "quality": "estimated", "structure": "bridge", "chain_rank": 3, "cum_dist_start": 1200.0, "cum_dist_end": 1300.0, "anomaly": false}, "geometry": {"type": "LineString", "coordinates": [[135.56150795911896, 34.781692653609085], [135.56158178998314, 34.78190961838122], [135.5616549753644, 34.782126731694156], [135.56172775469128, 34.78234393844975], [135.56180053401818, 34.78256114520535]]}}, {"type": "Feature", "properties": {"id": "近畿道-上り-3-13", "route": "近畿道", "direction": "上り", "from": "摂津北IC", "to": null, "grade": 0.0, "elevation_start": 0.0, "elevation_end": 0.0, "quality": "estimated", "structure": "bridge", "chain_rank": 3, "cum_dist_start": 1300.0, "cum_dist_end": 1400.0, "anomaly": false}, "geometry": {"type": "LineString", "coordinates": [[135.56180053401818, 34.78256114520535], [135.56187331334505, 34.78277835196094], [135.56194609267195, 34.78299555871654], [135.56201887199884, 34.783212765472136], [135.56209165132572, 34.78342997222774]]}}, {"type": "Feature", "properties": {"id": "近畿道-上り-3-14", "route": "近畿道", "direction": "上り", "from": "摂津北IC", "to": null, "grade": 0.0, "elevation_start": 0.0, "elevation_end": 0.0, "quality": "estimated", "structure": "bridge", "chain_rank": 3, "cum_dist_start": 1400.0, "cum_dist_end": 1500.0, "anomaly": false}, "geometry": {"type": "LineString", "coordinates": [[135.56209165132572, 34.78342997222774], [135.56216443065262, 34.78364717898333], [135.5622372099795, 34.78386438573893], [135.5623099957898, 34.784081591360454], [135.56238278193655, 34.78429879692314]]}}, {"type": "Feature", "properties": {"id": "近畿道-上り-3-15", "route": "近畿道", "direction": "上り", "from": "摂津北IC", "to": null, "grade": 0.0, "elevation_start": 0.0, "elevation_end": 0.0, "quality": "estimated", "structure": "bridge", "chain_rank": 3, "cum_dist_start": 1500.0, "cum_dist_end": 1600.0, "anomaly": false}, "geometry": {"type": "LineString", "coordinates": [[135.56238278193655, 34.78429879692314], [135.56245556808327, 34.78451600248582], [135.56252835423, 34.7847332080485], [135.56260114037673, 34.784950413611185], [135.56267392652344, 34.78516761917387]]}}, {"type": "Feature", "properties": {"id": "近畿道-上り-3-16", "route": "近畿道", "direction": "上り", "from": "摂津北IC", "to": null, "grade": 0.0, "elevation_start": 0.0, "elevation_end": 0.0, "quality": "estimated", "structure": "bridge", "chain_rank": 3, "cum_dist_start": 1600.0, "cum_dist_end": 1700.0, "anomaly": false}, "geometry": {"type": "LineString", "coordinates": [[135.56267392652344, 34.78516761917387], [135.5627467126702, 34.78538482473655], [135.5628194988169, 34.78560203029924], [135.56289228496365, 34.785819235861915], [135.56296507111037, 34.7860364414246]]}}, {"type": "Feature", "properties": {"id": "近畿道-上り-3-17", "route": "近畿道", "direction": "上り", "from": "摂津北IC", "to": null, "grade": 0.0, "elevation_start": 0.0, "elevation_end": 0.0, "quality": "estimated", "structure": "bridge", "chain_rank": 3, "cum_dist_start": 1700.0, "cum_dist_end": 1800.0, "anomaly": false}, "geometry": {"type": "LineString", "coordinates": [[135.56296507111037, 34.7860364414246], [135.5630378572571, 34.786253646987284], [135.56311039687512, 34.78647090860072], [135.56318243044993, 34.7866882852681], [135.56325446402477, 34.78690566193548]]}}, {"type": "Feature", "properties": {"id": "近畿道-上り-3-18", "route": "近畿道", "direction": "上り", "from": "摂津北IC", "to": null, "grade": 0.0, "elevation_start": 0.0, "elevation_end": 0.0, "quality": "estimated", "structure": "bridge", "chain_rank": 3, "cum_dist_start": 1800.0, "cum_dist_end": 1900.0, "anomaly": false}, "geometry": {"type": "LineString", "coordinates": [[135.56325446402477, 34.78690566193548], [135.5633264975996, 34.78712303860286], [135.56339853117444, 34.78734041527024], [135.56347056474928, 34.78755779193762], [135.56354259832412, 34.787775168605]]}}, {"type": "Feature", "properties": {"id": "近畿道-上り-3-19", "route": "近畿道", "direction": "上り", "from": "摂津北IC", "to": null, "grade": 0.0, "elevation_start": 0.0, "elevation_end": 0.0, "quality": "estimated", "structure": "bridge", "chain_rank": 3, "cum_dist_start": 1900.0, "cum_dist_end": 2000.0, "anomaly": false}, "geometry": {"type": "LineString", "coordinates": [[135.56354259832412, 34.787775168605], [135.56361463189896, 34.78799254527238], [135.5636866654738, 34.78820992193976], [135.56375869904863, 34.78842729860714], [135.56383073262347, 34.78864467527452]]}}, {"type": "Feature", "properties": {"id": "近畿道-上り-3-20", "route": "近畿道", "direction": "上り", "from": "摂津北IC", "to": null, "grade": 0.0, "elevation_start": 0.0, "elevation_end": 0.0, "quality": "estimated", "structure": "bridge", "chain_rank": 3, "cum_dist_start": 2000.0, "cum_dist_end": 2100.0, "anomaly": false}, "geometry": {"type": "LineString", "coordinates": [[135.56383073262347, 34.78864467527452], [135.5639027661983, 34.7888620519419], [135.56397487223484, 34.789079412622144], [135.5640469810214, 34.78929677269565], [135.56411908980795, 34.78951413276916]]}}, {"type": "Feature", "properties": {"id": "近畿道-上り-3-21", "route": "近畿道", "direction": "上り", "from": "摂津北IC", "to": null, "grade": 0.0, "elevation_start": 0.0, "elevation_end": 0.0, "quality": "estimated", "structure": "bridge", "chain_rank": 3, "cum_dist_start": 2100.0, "cum_dist_end": 2200.0, "anomaly": false}, "geometry": {"type": "LineString", "coordinates": [[135.56411908980795, 34.78951413276916], [135.5641911985945, 34.78973149284268], [135.56426330738105, 34.78994885291619], [135.5643354161676, 34.7901662129897], [135.56440752495416, 34.79038357306322]]}}, {"type": "Feature", "properties": {"id": "近畿道-上り-3-22", "route": "近畿道", "direction": "上り", "from": "摂津北IC", "to": null, "grade": 0.0, "elevation_start": 0.0, "elevation_end": 0.0, "quality": "estimated", "structure": "bridge", "chain_rank": 3, "cum_dist_start": 2200.0, "cum_dist_end": 2300.0, "anomaly": false}, "geometry": {"type": "LineString", "coordinates": [[135.56440752495416, 34.79038357306322], [135.56447963374072, 34.79060093313672], [135.56455174252727, 34.790818293210236], [135.56462385131383, 34.79103565328375], [135.56469685763415, 34.79125280872811]]}}, {"type": "Feature", "properties": {"id": "近畿道-上り-3-23", "route": "近畿道", "direction": "上り", "from": "摂津北IC", "to": null, "grade": 0.0, "elevation_start": 0.0, "elevation_end": 0.0, "quality": "estimated", "structure": "bridge", "chain_rank": 3, "cum_dist_start": 2300.0, "cum_dist_end": 2400.0, "anomaly": false}, "geometry": {"type": "LineString", "coordinates": [[135.56469685763415, 34.79125280872811], [135.56477043199868, 34.79146983466379], [135.56484400636322, 34.791686860599484], [135.56491758072775, 34.79190388653517], [135.5649911550923, 34.79212091247086]]}}, {"type": "Feature", "properties": {"id": "近畿道-上り-3-24", "route": "近畿道", "direction": "上り", "from": "摂津北IC", "to": null, "grade": 0.0, "elevation_start": 0.0, "elevation_end": 0.0, "quality": "estimated", "structure": "bridge", "chain_rank": 3, "cum_dist_start": 2400.0, "cum_dist_end": 2500.0, "anomaly": false}, "geometry": {"type": "LineString", "coordinates": [[135.5649911550923, 34.79212091247086], [135.56506472945682, 34.79233793840655], [135.56513830382136, 34.79255496434223], [135.5652118781859, 34.79277199027792], [135.56528545255043, 34.7929890162136]]}}, {"type": "Feature", "properties": {"id": "近畿道-上り-3-25", "route": "近畿道", "direction": "上り", "from": "摂津北IC", "to": null, "grade": 0.0, "elevation_start": 0.0, "elevation_end": 0.0, "quality": "estimated", "structure": "bridge", "chain_rank": 3, "cum_dist_start": 2500.0, "cum_dist_end": 2600.0, "anomaly": false}, "geometry": {"type": "LineString", "coordinates": [[135.56528545255043, 34.7929890162136], [135.56535902691496, 34.79320604214929], [135.5654326012795, 34.79342306808498], [135.5655019245564, 34.7936410354339], [135.5655699509387, 34.793859289983146]]}}, {"type": "Feature", "properties": {"id": "近畿道-上り-3-26", "route": "近畿道", "direction": "上り", "from": "摂津北IC", "to": null, "grade": 0.0, "elevation_start": 0.0, "elevation_end": 0.0, "quality": "estimated", "structure": "bridge", "chain_rank": 3, "cum_dist_start": 2600.0, "cum_dist_end": 2700.0, "anomaly": false}, "geometry": {"type": "LineString", "coordinates": [[135.5655699509387, 34.793859289983146], [135.56563797732102, 34.79407754453239], [135.56570600370333, 34.794295799081645], [135.56577403008563, 34.79451405363089], [135.56584205646794, 34.79473230818014]]}}, {"type": "Feature", "properties": {"id": "近畿道-上り-3-27", "route": "近畿道", "direction": "上り", "from": "摂津北IC", "to": null, "grade": 0.0, "elevation_start": 0.0, "elevation_end": 0.0, "quality": "estimated", "structure": "bridge", "chain_rank": 3, "cum_dist_start": 2700.0, "cum_dist_end": 2800.0, "anomaly": false}, "geometry": {"type": "LineString", "coordinates": [[135.56584205646794, 34.79473230818014], [135.56591008285025, 34.79495056272938], [135.56597810923253, 34.79516881727863], [135.56604613561484, 34.795387071827875], [135.56611416199715, 34.79560532637712]]}}, {"type": "Feature", "properties": {"id": "近畿道-下り-0-0", "route": "近畿道", "direction": "下り", "from": null, "to": "大東鶴見IC", "grade": 0.0, "elevation_start": 0.0, "elevation_end": 0.0, "quality": "estimated", "structure": "bridge", "chain_rank": 0, "cum_dist_start": 0.0, "cum_dist_end": 100.0, "anomaly": false}, "geometry": {"type": "LineString", "coordinates": [[135.5914689, 34.712076], [135.5915768699304, 34.711869030450636], [135.5916775414464, 34.71165959711065], [135.59176983759, 34.71144758326138], [135.5918562134925, 34.711233821474394]]}}, {"type": "Feature", "properties": {"id": "近畿道-下り-0-1", "route": "近畿道", "direction": "下り", "from": null, "to": "大東鶴見IC", "grade": 0.0, "elevation_start": 0.0, "elevation_end": 0.0, "quality": "estimated", "structure": "bridge", "chain_rank": 0, "cum_dist_start": 100.0, "cum_dist_end": 200.0, "anomaly": false}, "geometry": {"type": "LineString", "coordinates": [[135.5918562134925, 34.711233821474394], [135.5919265090564, 34.71101606939852], [135.5919908494399, 34.710797093106336], [135.59204667557006, 34.71057655645229], [135.59209023017965, 34.71035412824165]]}}, {"type": "Feature", "properties": {"id": "近畿道-下り-0-2", "route": "近畿道", "direction": "下り", "from": null, "to": "大東鶴見IC", "grade": 0.0, "elevation_start": 0.0, "elevation_end": 0.0, "quality": "estimated", "structure": "bridge", "chain_rank": 0, "cum_dist_start": 200.0, "cum_dist_end": 300.0, "anomaly": false}, "geometry": {"type": "LineString", "coordinates": [[135.59209023017965, 34.71035412824165], [135.59212362241223, 34.71013052441474], [135.59215070955972, 34.70990628241162], [135.592168052222, 34.70968138129131], [135.59218038690676, 34.70945631546945]]}}, {"type": "Feature", "properties": {"id": "近畿道-下り-0-3", "route": "近畿道", "direction": "下り", "from": null, "to": "大東鶴見IC", "grade": 0.0, "elevation_start": 0.0, "elevation_end": 0.0, "quality": "estimated", "structure": "bridge", "chain_rank": 0, "cum_dist_start": 300.0, "cum_dist_end": 400.0, "anomaly": false}, "geometry": {"type": "LineString", "coordinates": [[135.59218038690676, 34.70945631546945], [135.59218475672898, 34.70923098770049], [135.59218912655123, 34.70900565993152], [135.5921950920072, 34.70878036027948], [135.59220237149103, 34.70855508378214]]}}, {"type": "Feature", "properties": {"id": "近畿道-下り-0-4", "route": "近畿道", "direction": "下り", "from": null, "to": "大東鶴見IC", "grade": 0.0, "elevation_start": 0.0, "elevation_end": 0.0, "quality": "estimated", "structure": "bridge", "chain_rank": 0, "cum_dist_start": 400.0, "cum_dist_end": 500.0, "anomaly": false}, "geometry": {"type": "LineString", "coordinates": [[135.59220237149103, 34.70855508378214], [135.59220965097484, 34.7083298072848], [135.59221693045865, 34.70810453078746], [135.5922153017101, 34.70787918630714], [135.59221305874436, 34.70765383713944]]}}, {"type": "Feature", "properties": {"id": "近畿道-下り-0-5", "route": "近畿道", "direction": "下り", "from": null, "to": "大東鶴見IC", "grade": 0.0, "elevation_start": 0.0, "elevation_end": 0.0, "quality": "estimated", "structure": "bridge", "chain_rank": 0, "cum_dist_start": 500.0, "cum_dist_end": 600.0, "anomaly": false}, "geometry": {"type": "LineString", "coordinates": [[135.59221305874436, 34.70765383713944], [135.59221081577866, 34.70742848797173], [135.59220857281292, 34.70720313880403], [135.59220632984722, 34.70697778963633], [135.59220408688148, 34.70675244046863]]}}, {"type": "Feature", "properties": {"id": "近畿道-下り-0-6", "route": "近畿道", "direction": "下り", "from": "大東鶴見IC", "to": "東大阪北IC", "grade": 0.0, "elevation_start": 0.0, "elevation_end": 0.0, "quality": "estimated", "structure": "bridge", "chain_rank": 0, "cum_dist_start": 600.0, "cum_dist_end": 700.0, "anomaly": false}, "geometry": {"type": "LineString", "coordinates": [[135.59220408688148, 34.70675244046863], [135.59220184391577, 34.70652709130093], [135.59219960095007, 34.70630174213323], [135.59219735798433, 34.70607639296552], [135.59219511501863, 34.70585104379782]]}}, {"type": "Feature", "properties": {"id": "近畿道-下り-0-7", "route": "近畿道", "direction": "下り", "from": "大東鶴見IC", "to": "東大阪北IC", "grade": 0.0, "elevation_start": 0.0, "elevation_end": 0.0, "quality": "estimated", "structure": "bridge", "chain_rank": 0, "cum_dist_start": 700.0, "cum_dist_end": 800.0, "anomaly": false}, "geometry": {"type": "LineString", "coordinates": [[135.59219511501863, 34.70585104379782], [135.5921928720529, 34.705625694630115], [135.59219062908718, 34.705400345462415], [135.59218838612145, 34.705174996294716], [135.59218614315574, 34.70494964712701]]}}, {"type": "Feature", "properties": {"id": "近畿道-下り-0-8", "route": "近畿道", "direction": "下り", "from": "大東鶴見IC", "to": "東大阪北IC", "grade": 0.0, "elevation_start": 0.0, "elevation_end": 0.0, "quality": "estimated", "structure": "bridge", "chain_rank": 0, "cum_dist_start": 800.0, "cum_dist_end": 900.0, "anomaly": false}, "geometry": {"type": "LineString", "coordinates": [[135.59218614315574, 34.70494964712701], [135.59218390019, 34.70472429795931], [135.5921816572243, 34.70449894879161], [135.59217941425857, 34.7042735996239], [135.59217717129286, 34.704048250456204]]}}, {"type": "Feature", "properties": {"id": "近畿道-下り-0-9", "route": "近畿道", "direction": "下り", "from": "大東鶴見IC", "to": "東大阪北IC", "grade": 0.0, "elevation_start": 0.0, "elevation_end": 0.0, "quality": "estimated", "structure": "bridge", "chain_rank": 0, "cum_dist_start": 900.0, "cum_dist_end": 1000.0, "anomaly": false}, "geometry": {"type": "LineString", "coordinates": [[135.59217717129286, 34.704048250456204], [135.59217485482998, 34.703822901699766], [135.59217251881572, 34.70359755305274], [135.59217018280142, 34.70337220440571], [135.59216784678716, 34.703146855758675]]}}, {"type": "Feature", "properties": {"id": "近畿道-下り-0-10", "route": "近畿道", "direction": "下り", "from": "大東鶴見IC", "to": "東大阪北IC", "grade": 0.0, "elevation_start": 0.0, "elevation_end": 0.0, "quality": "estimated", "structure": "bridge", "chain_rank": 0, "cum_dist_start": 1000.0, "cum_dist_end": 1100.0, "anomaly": false}, "geometry": {"type": "LineString", "coordinates": [[135.59216784678716, 34.703146855758675], [135.59216551077287, 34.70292150711165], [135.5921631747586, 34.70269615846461], [135.59216083874432, 34.702470809817584], [135.59215850273006, 34.70224546117055]]}}, {"type": "Feature", "properties": {"id": "近畿道-下り-0-11", "route": "近畿道", "direction": "下り", "from": "大東鶴見IC", "to": "東大阪北IC", "grade": 0.0, "elevation_start": 0.0, "elevation_end": 0.0, "quality": "estimated", "structure": "bridge", "chain_rank": 0, "cum_dist_start": 1100.0, "cum_dist_end": 1200.0, "anomaly": false}, "geometry": {"type": "LineString", "coordinates": [[135.59215850273006, 34.70224546117055], [135.59215616671577, 34.70202011252352], [135.5921538307015, 34.701794763876485], [135.59215149468722, 34.70156941522946], [135.5921492410853, 34.70134406616451]]}}, {"type": "Feature", "properties": {"id": "近畿道-下り-0-12", "route": "近畿道", "direction": "下り", "from": "大東鶴見IC", "to": "東大阪北IC", "grade": 0.0, "elevation_start": 0.0, "elevation_end": 0.0, "quality": "estimated", "structure": "bridge", "chain_rank": 0, "cum_dist_start": 1200.0, "cum_dist_end": 1300.0, "anomaly": false}, "geometry": {"type": "LineString", "coordinates": [[135.5921492410853, 34.70134406616451], [135.59214826727666, 34.70111871060964], [135.592147293468, 34.70089335505478], [135.59214631965935, 34.70066799949991], [135.59214534585067, 34.700442643945046]]}}, {"type": "Feature", "properties": {"id": "近畿道-下り-0-13", "route": "近畿道", "direction": "下り", "from": "大東鶴見IC", "to": "東大阪北IC", "grade": 0.0, "elevation_start": 0.0, "elevation_end": 0.0, "quality": "estimated", "structure": "bridge", "chain_rank": 0, "cum_dist_start": 1300.0, "cum_dist_end": 1400.0, "anomaly": false}, "geometry": {"type": "LineString", "coordinates": [[135.59214534585067, 34.700442643945046], [135.59214437204201, 34.700217288390185], [135.59214339823336, 34.69999193283532], [135.59214242442468, 34.69976657728046], [135.59214145061603, 34.69954122172559]]}}, {"type": "Feature", "properties": {"id": "近畿道-下り-0-14", "route": "近畿道", "direction": "下り", "from": "東大阪北IC", "to": "中環東大阪休憩所 (北行き)", "grade": 0.0, "elevation_start": 0.0, "elevation_end": 0.0, "quality": "estimated", "structure": "bridge", "chain_rank": 0, "cum_dist_start": 1400.0, "cum_dist_end": 1500.0, "anomaly": false}, "geometry": {"type": "LineString", "coordinates": [[135.59214145061603, 34.69954122172559], [135.59213868539015, 34.699315882607685], [135.592133589351, 34.69909056487591], [135.59212849331183, 34.69886524714414], [135.59212886505136, 34.69863991088312]]}}, {"type": "Feature", "properties": {"id": "近畿道-下り-0-15", "route": "近畿道", "direction": "下り", "from": "東大阪北IC", "to": "中環東大阪休憩所 (北行き)", "grade": 0.0, "elevation_start": 0.0, "elevation_end": 0.0, "quality": "estimated", "structure": "bridge", "chain_rank": 0, "cum_dist_start": 1500.0, "cum_dist_end": 1600.0, "anomaly": false}, "geometry": {"type": "LineString", "coordinates": [[135.59212886505136, 34.69863991088312], [135.59213172396036, 34.69841456619356], [135.59213382107492, 34.69818922146485], [135.59213099161806, 34.69796387648291], [135.5921281621612, 34.69773853150097]]}}, {"type": "Feature", "properties": {"id": "近畿道-下り-0-16", "route": "近畿道", "direction": "下り", "from": "東大阪北IC", "to": "中環東大阪休憩所 (北行き)", "grade": 0.0, "elevation_start": 0.0, "elevation_end": 0.0, "quality": "estimated", "structure": "bridge", "chain_rank": 0, "cum_dist_start": 1600.0, "cum_dist_end": 1700.0, "anomaly": false}, "geometry": {"type": "LineString", "coordinates": [[135.5921281621612, 34.69773853150097], [135.59212533270434, 34.69751318651903], [135.59212250324745, 34.69728784153709], [135.5921196737906, 34.69706249655515], [135.59211684433373, 34.696837151573206]]}}, {"type": "Feature", "properties": {"id": "近畿道-下り-0-17", "route": "近畿道", "direction": "下り", "from": "東大阪北IC", "to": "中環東大阪休憩所 (北行き)", "grade": 0.0, "elevation_start": 0.0, "elevation_end": 0.0, "quality": "estimated", "structure": "bridge", "chain_rank": 0, "cum_dist_start": 1700.0, "cum_dist_end": 1800.0, "anomaly": false}, "geometry": {"type": "LineString", "coordinates": [[135.59211684433373, 34.696837151573206], [135.5921146637502, 34.69661180305938], [135.5921139085348, 34.69638644678712], [135.59211558944315, 34.69616111244428], [135.59212661520306, 34.69593597452475]]}}, {"type": "Feature", "properties": {"id": "近畿道-下り-0-18", "route": "近畿道", "direction": "下り", "from": "東大阪北IC", "to": "中環東大阪休憩所 (北行き)", "grade": 0.0, "elevation_start": 0.0, "elevation_end": 0.0, "quality": "estimated", "structure": "bridge", "chain_rank": 0, "cum_dist_start": 1800.0, "cum_dist_end": 1900.0, "anomaly": false}, "geometry": {"type": "LineString", "coordinates": [[135.59212661520306, 34.69593597452475], [135.5921460514019, 34.69571121199361], [135.5921702457145, 34.69548674253782], [135.59220597177796, 34.69526334767764], [135.59224294092755, 34.69504006865545]]}}, {"type": "Feature", "properties": {"id": "近畿道-下り-0-19", "route": "近畿道", "direction": "下り", "from": "東大阪北IC", "to": "中環東大阪休憩所 (北行き)", "grade": 0.0, "elevation_start": 0.0, "elevation_end": 0.0, "quality": "estimated", "structure": "bridge", "chain_rank": 0, "cum_dist_start": 1900.0, "cum_dist_end": 2000.0, "anomaly": false}, "geometry": {"type": "LineString", "coordinates": [[135.59224294092755, 34.69504006865545], [135.59229777086048, 34.69481950973447], [135.59235964744315, 34.69460002398033], [135.5924208709524, 34.69438041352063], [135.59248194613235, 34.69416077473719]]}}, {"type": "Feature", "properties": {"id": "近畿道-下り-0-20", "route": "近畿道", "direction": "下り", "from": "中環東大阪休憩所 (北行き)", "to": "中環東大阪休憩所 (南行き)", "grade": 0.0, "elevation_start": 0.0, "elevation_end": 0.0, "quality": "estimated", "structure": "bridge", "chain_rank": 0, "cum_dist_start": 2000.0, "cum_dist_end": 2100.0, "anomaly": false}, "geometry": {"type": "LineString", "coordinates": [[135.59248194613235, 34.69416077473719], [135.59254583814285, 34.69394168468482], [135.59260998426893, 34.6937226441353], [135.592674130395, 34.693503603585775], [135.59273827652112, 34.69328456303625]]}}, {"type": "Feature", "properties": {"id": "近畿道-下り-0-21", "route": "近畿道", "direction": "下り", "from": "中環東大阪休憩所 (北行き)", "to": "中環東大阪休憩所 (南行き)", "grade": 0.0, "elevation_start": 0.0, "elevation_end": 0.0, "quality": "estimated", "structure": "bridge", "chain_rank": 0, "cum_dist_start": 2100.0, "cum_dist_end": 2200.0, "anomaly": false}, "geometry": {"type": "LineString", "coordinates": [[135.59273827652112, 34.69328456303625], [135.5928024226472, 34.69306552248673], [135.59286656877327, 34.6928464819372], [135.59293071489935, 34.69262744138768], [135.59299486102546, 34.692408400838154]]}}, {"type": "Feature", "properties": {"id": "近畿道-下り-0-22", "route": "近畿道", "direction": "下り", "from": "中環東大阪休憩所 (北行き)", "to": "中環東大阪休憩所 (南行き)", "grade": 0.0, "elevation_start": 0.0, "elevation_end": 0.0, "quality": "estimated", "structure": "bridge", "chain_rank": 0, "cum_dist_start": 2200.0, "cum_dist_end": 2300.0, "anomaly": false}, "geometry": {"type": "LineString", "coordinates": [[135.59299486102546, 34.692408400838154], [135.59305900715154, 34.69218936028863], [135.59312315327762, 34.691970319739106], [135.59318729940372, 34.69175127918958], [135.5932514455298, 34.69153223864006]]}}, {"type": "Feature", "properties": {"id": "近畿道-下り-0-23", "route": "近畿道", "direction": "下り", "from": "中環東大阪休憩所 (南行き)", "to": "東大阪PA", "grade": 0.0, "elevation_start": 0.0, "elevation_end": 0.0, "quality": "estimated", "structure": "bridge", "chain_rank": 0, "cum_dist_start": 2300.0, "cum_dist_end": 2400.0, "anomaly": false}, "geometry": {"type": "LineString", "coordinates": [[135.5932514455298, 34.69153223864006], [135.59331559165588, 34.69131319809053], [135.593379737782, 34.69109415754101], [135.59344388390807, 34.690875116991485], [135.59350818422354, 34.690656107503216]]}}, {"type": "Feature", "properties": {"id": "近畿道-下り-0-24", "route": "近畿道", "direction": "下り", "from": "中環東大阪休憩所 (南行き)", "to": "東大阪PA", "grade": 0.0, "elevation_start": 0.0, "elevation_end": 0.0, "quality": "estimated", "structure": "bridge", "chain_rank": 0, "cum_dist_start": 2400.0, "cum_dist_end": 2500.0, "anomaly": false}, "geometry": {"type": "LineString", "coordinates": [[135.59350818422354, 34.690656107503216], [135.5935728473718, 34.69043717110714], [135.59363751052007, 34.69021823471107], [135.59370217366833, 34.689999298314994], [135.5937668368166, 34.68978036191892]]}}, {"type": "Feature", "properties": {"id": "近畿道-下り-0-25", "route": "近畿道", "direction": "下り", "from": "中環東大阪休憩所 (南行き)", "to": "東大阪PA", "grade": 0.0, "elevation_start": 0.0, "elevation_end": 0.0, "quality": "estimated", "structure": "bridge", "chain_rank": 0, "cum_dist_start": 2500.0, "cum_dist_end": 2600.0, "anomaly": false}, "geometry": {"type": "LineString", "coordinates": [[135.5937668368166, 34.68978036191892], [135.59383149996486, 34.68956142552285], [135.59389616311313, 34.68934248912677], [135.5939608262614, 34.6891235527307], [135.5940254894097, 34.68890461633463]]}}, {"type": "Feature", "properties": {"id": "近畿道-下り-0-26", "route": "近畿道", "direction": "下り", "from": "東大阪PA", "to": "東大阪JCT", "grade": 0.0, "elevation_start": 0.0, "elevation_end": 0.0, "quality": "estimated", "structure": "bridge", "chain_rank": 0, "cum_dist_start": 2600.0, "cum_dist_end": 2700.0, "anomaly": false}, "geometry": {"type": "LineString", "coordinates": [[135.5940254894097, 34.68890461633463], [135.59409015255795, 34.68868567993856], [135.59415481570622, 34.688466743542484], [135.59421947885448, 34.68824780714641], [135.59428414200275, 34.68802887075034]]}}, {"type": "Feature", "properties": {"id": "近畿道-下り-0-27", "route": "近畿道", "direction": "下り", "from": "東大阪PA", "to": "東大阪JCT", "grade": 0.0, "elevation_start": 0.0, "elevation_end": 0.0, "quality": "estimated", "structure": "bridge", "chain_rank": 0, "cum_dist_start": 2700.0, "cum_dist_end": 2800.0, "anomaly": false}, "geometry": {"type": "LineString", "coordinates": [[135.59428414200275, 34.68802887075034], [135.59434880515101, 34.68780993435426], [135.59441346829928, 34.68759099795819], [135.59447813144754, 34.687372061562115], [135.59454266947097, 34.68715310011678]]}}, {"type": "Feature", "properties": {"id": "近畿道-下り-0-28", "route": "近畿道", "direction": "下り", "from": "東大阪PA", "to": "東大阪JCT", "grade": 0.0, "elevation_start": 0.0, "elevation_end": 0.0, "quality": "estimated", "structure": "bridge", "chain_rank": 0, "cum_dist_start": 2800.0, "cum_dist_end": 2900.0, "anomaly": false}, "geometry": {"type": "LineString", "coordinates": [[135.59454266947097, 34.68715310011678], [135.59460693196917, 34.68693408351291], [135.59467119446734, 34.68671506690903], [135.59473545696554, 34.68649605030515], [135.5947998015897, 34.68627705029658]]}}, {"type": "Feature", "properties": {"id": "近畿道-下り-0-29", "route": "近畿道", "direction": "下り", "from": "東大阪PA", "to": "東大阪JCT", "grade": 0.0, "elevation_start": 0.0, "elevation_end": 0.0, "quality": "estimated", "structure": "bridge", "chain_rank": 0, "cum_dist_start": 2900.0, "cum_dist_end": 3000.0, "anomaly": false}, "geometry": {"type": "LineString", "coordinates": [[135.5947998015897, 34.68627705029658], [135.5948651368918, 34.68605825047559], [135.59493047219388, 34.685839450654605], [135.59499580749596, 34.68562065083362], [135.59506083506457, 34.685401788736876]]}}, {"type": "Feature", "properties": {"id": "近畿道-下り-0-30", "route": "近畿道", "direction": "下り", "from": "東大阪PA", "to": "東大阪JCT", "grade": 0.0, "elevation_start": 0.0, "elevation_end": 0.0, "quality": "estimated", "structure": "bridge", "chain_rank": 0, "cum_dist_start": 3000.0, "cum_dist_end": 3100.0, "anomaly": false}, "geometry": {"type": "LineString", "coordinates": [[135.59506083506457, 34.685401788736876], [135.5951254012883, 34.68518283327818], [135.59518996751203, 34.68496387781949], [135.59525637245898, 34.684745299722174], [135.59532333542126, 34.684526836146404]]}}, {"type": "Feature", "properties": {"id": "近畿道-下り-0-31", "route": "近畿道", "direction": "下り", "from": "東大阪PA", "to": "東大阪JCT", "grade": 0.0, "elevation_start": 0.0, "elevation_end": 0.0, "quality": "estimated", "structure": "bridge", "chain_rank": 0, "cum_dist_start": 3100.0, "cum_dist_end": 3200.0, "anomaly": false}, "geometry": {"type": "LineString", "coordinates": [[135.59532333542126, 34.684526836146404], [135.59539029838353, 34.68430837257064], [135.59545726134584, 34.68408990899488], [135.59552422430812, 34.683871445419115], [135.5955911872704, 34.683652981843345]]}}, {"type": "Feature", "properties": {"id": "近畿道-下り-0-32", "route": "近畿道", "direction": "下り", "from": "東大阪PA", "to": "東大阪JCT", "grade": 0.0, "elevation_start": 0.0, "elevation_end": 0.0, "quality": "estimated", "structure": "bridge", "chain_rank": 0, "cum_dist_start": 3200.0, "cum_dist_end": 3300.0, "anomaly": false}, "geometry": {"type": "LineString", "coordinates": [[135.5955911872704, 34.683652981843345], [135.5956574014737, 34.68343436497647], [135.59572179980557, 34.68321537635186], [135.59578619813743, 34.68299638772726], [135.59585059646932, 34.682777399102655]]}}, {"type": "Feature", "properties": {"id": "近畿道-下り-0-33", "route": "近畿道", "direction": "下り", "from": "東大阪PA", "to": "東大阪JCT", "grade": 0.0, "elevation_start": 0.0, "elevation_end": 0.0, "quality": "estimated", "structure": "bridge", "chain_rank": 0, "cum_dist_start": 3300.0, "cum_dist_end": 3400.0, "anomaly": false}, "geometry": {"type": "LineString", "coordinates": [[135.59585059646932, 34.682777399102655], [135.59591499480118, 34.682558410478045], [135.59597939313306, 34.68233942185344], [135.59604379146492, 34.68212043322884], [135.5961081897968, 34.68190144460423]]}}, {"type": "Feature", "properties": {"id": "近畿道-下り-0-34", "route": "近畿道", "direction": "下り", "from": "東大阪PA", "to": "東大阪JCT", "grade": 0.0, "elevation_start": 0.0, "elevation_end": 0.0, "quality": "estimated", "structure": "bridge", "chain_rank": 0, "cum_dist_start": 3400.0, "cum_dist_end": 3500.0, "anomaly": false}, "geometry": {"type": "LineString", "coordinates": [[135.5961081897968, 34.68190144460423], [135.59617258812867, 34.681682455979626], [135.59623698646055, 34.68146346735502], [135.5963013847924, 34.68124447873041], [135.5963657831243, 34.68102549010581]]}}, {"type": "Feature", "properties": {"id": "近畿道-下り-0-35", "route": "近畿道", "direction": "下り", "from": "東大阪PA", "to": "東大阪JCT", "grade": 0.0, "elevation_start": 0.0, "elevation_end": 0.0, "quality": "estimated", "structure": "bridge", "chain_rank": 0, "cum_dist_start": 3500.0, "cum_dist_end": 3600.0, "anomaly": false}, "geometry": {"type": "LineString", "coordinates": [[135.5963657831243, 34.68102549010581], [135.59643018145616, 34.68080650148121], [135.59649457978804, 34.6805875128566], [135.5965589781199, 34.680368524231994], [135.5966233764518, 34.680149535607384]]}}, {"type": "Feature", "properties": {"id": "近畿道-下り-0-36", "route": "近畿道", "direction": "下り", "from": "東大阪PA", "to": "東大阪JCT", "grade": 0.0, "elevation_start": 0.0, "elevation_end": 0.0, "quality": "estimated", "structure": "bridge", "chain_rank": 0, "cum_dist_start": 3600.0, "cum_dist_end": 3700.0, "anomaly": false}, "geometry": {"type": "LineString", "coordinates": [[135.5966233764518, 34.680149535607384], [135.59668777478365, 34.67993054698278], [135.59675217311553, 34.67971155835818], [135.5968165714474, 34.67949256973357], [135.59688096977928, 34.679273581108966]]}}, {"type": "Feature", "properties": {"id": "近畿道-下り-0-37", "route": "近畿道", "direction": "下り", "from": "東大阪PA", "to": "東大阪JCT", "grade": 0.0, "elevation_start": 0.0, "elevation_end": 0.0, "quality": "estimated", "structure": "bridge", "chain_rank": 0, "cum_dist_start": 3700.0, "cum_dist_end": 3800.0, "anomaly": false}, "geometry": {"type": "LineString", "coordinates": [[135.59688096977928, 34.679273581108966], [135.59694536811114, 34.67905459248436], [135.59700976644302, 34.67883560385975], [135.59707416477488, 34.67861661523515], [135.59713856310677, 34.67839762661055]]}}, {"type": "Feature", "properties": {"id": "近畿道-下り-0-38", "route": "近畿道", "direction": "下り", "from": "東大阪荒本出口", "to": "東大阪南IC", "grade": 0.0, "elevation_start": 0.0, "elevation_end": 0.0, "quality": "estimated", "structure": "bridge", "chain_rank": 0, "cum_dist_start": 3800.0, "cum_dist_end": 3900.0, "anomaly": false}, "geometry": {"type": "LineString", "coordinates": [[135.59713856310677, 34.67839762661055], [135.59720296143863, 34.67817863798594], [135.5972673597705, 34.677959649361334], [135.59733175810237, 34.67774066073673], [135.59739615643426, 34.67752167211212]]}}, {"type": "Feature", "properties": {"id": "近畿道-下り-0-39", "route": "近畿道", "direction": "下り", "from": "東大阪荒本出口", "to": "東大阪南IC", "grade": 0.0, "elevation_start": 0.0, "elevation_end": 0.0, "quality": "estimated", "structure": "bridge", "chain_rank": 0, "cum_dist_start": 3900.0, "cum_dist_end": 4000.0, "anomaly": false}, "geometry": {"type": "LineString", "coordinates": [[135.59739615643426, 34.67752167211212], [135.59746027935395, 34.67730262874628], [135.59752376131806, 34.677083457983386], [135.59758286643512, 34.676863477981904], [135.59763853114575, 34.67664286188105]]}}, {"type": "Feature", "properties": {"id": "近畿道-下り-0-40", "route": "近畿道", "direction": "下り", "from": "東大阪荒本出口", "to": "東大阪南IC", "grade": 0.0, "elevation_start": 0.0, "elevation_end": 0.0, "quality": "estimated", "structure": "bridge", "chain_rank": 0, "cum_dist_start": 4000.0, "cum_dist_end": 4100.0, "anomaly": false}, "geometry": {"type": "LineString", "coordinates": [[135.59763853114575, 34.67664286188105], [135.59769356404615, 34.67642213807002], [135.59774791571115, 34.67620130471386], [135.59778785111936, 34.67597837486723], [135.5978244768004, 34.67575510400634]]}}, {"type": "Feature", "properties": {"id": "近畿道-下り-0-41", "route": "近畿道", "direction": "下り", "from": "東大阪荒本出口", "to": "東大阪南IC", "grade": 0.0, "elevation_start": 0.0, "elevation_end": 0.0, "quality": "estimated", "structure": "bridge", "chain_rank": 0, "cum_dist_start": 4100.0, "cum_dist_end": 4200.0, "anomaly": false}, "geometry": {"type": "LineString", "coordinates": [[135.5978244768004, 34.67575510400634], [135.5978520438032, 34.67553089979408], [135.59787698219978, 34.67530649763621], [135.59789893663313, 34.67508187077277], [135.59791404829704, 34.67485691493638]]}}, {"type": "Feature", "properties": {"id": "近畿道-下り-0-42", "route": "近畿道", "direction": "下り", "from": "東大阪荒本出口", "to": "東大阪南IC", "grade": 0.0, "elevation_start": 0.0, "elevation_end": 0.0, "quality": "estimated", "structure": "bridge", "chain_rank": 0, "cum_dist_start": 4200.0, "cum_dist_end": 4300.0, "anomaly": false}, "geometry": {"type": "LineString", "coordinates": [[135.59791404829704, 34.67485691493638], [135.59792378010303, 34.67463170045795], [135.5979325301131, 34.67440645938562], [135.59794064574956, 34.67418120113002], [135.597948761386, 34.67395594287441]]}}, {"type": "Feature", "properties": {"id": "近畿道-下り-0-43", "route": "近畿道", "direction": "下り", "from": "東大阪荒本出口", "to": "東大阪南IC", "grade": 0.0, "elevation_start": 0.0, "elevation_end": 0.0, "quality": "estimated", "structure": "bridge", "chain_rank": 0, "cum_dist_start": 4300.0, "cum_dist_end": 4400.0, "anomaly": false}, "geometry": {"type": "LineString", "coordinates": [[135.597948761386, 34.67395594287441], [135.59795687702245, 34.6737306846188], [135.59796499265892, 34.67350542636319], [135.59797310829538, 34.67328016810759], [135.5979812239318, 34.673054909851984]]}}, {"type": "Feature", "properties": {"id": "近畿道-下り-0-44", "route": "近畿道", "direction": "下り", "from": "東大阪荒本出口", "to": "東大阪南IC", "grade": 0.0, "elevation_start": 0.0, "elevation_end": 0.0, "quality": "estimated", "structure": "bridge", "chain_rank": 0, "cum_dist_start": 4400.0, "cum_dist_end": 4500.0, "anomaly": false}, "geometry": {"type": "LineString", "coordinates": [[135.5979812239318, 34.673054909851984], [135.59798933956827, 34.67282965159637], [135.59799745520473, 34.67260439334077], [135.5980055708412, 34.67237913508516], [135.59801368647763, 34.672153876829555]]}}, {"type": "Feature", "properties": {"id": "近畿道-下り-0-45", "route": "近畿道", "direction": "下り", "from": "東大阪荒本出口", "to": "東大阪南IC", "grade": 0.0, "elevation_start": 0.0, "elevation_end": 0.0, "quality": "estimated", "structure": "bridge", "chain_rank": 0, "cum_dist_start": 4500.0, "cum_dist_end": 4600.0, "anomaly": false}, "geometry": {"type": "LineString", "coordinates": [[135.59801368647763, 34.672153876829555], [135.5980218021141, 34.67192861857394], [135.59802991775055, 34.67170336031834], [135.598038033387, 34.671478102062736], [135.59804614902345, 34.671252843807125]]}}, {"type": "Feature", "properties": {"id": "近畿道-下り-0-46", "route": "近畿道", "direction": "下り", "from": "東大阪荒本出口", "to": "東大阪南IC", "grade": 0.0, "elevation_start": 0.0, "elevation_end": 0.0, "quality": "estimated", "structure": "bridge", "chain_rank": 0, "cum_dist_start": 4600.0, "cum_dist_end": 4700.0, "anomaly": false}, "geometry": {"type": "LineString", "coordinates": [[135.59804614902345, 34.671252843807125], [135.5980542646599, 34.67102758555152], [135.59806238029637, 34.67080232729591], [135.59807068435674, 34.67057707374925], [135.59807929392508, 34.670351827837614]]}}, {"type": "Feature", "properties": {"id": "近畿道-下り-0-47", "route": "近畿道", "direction": "下り", "from": "東大阪荒本出口", "to": "東大阪南IC", "grade": 0.0, "elevation_start": 0.0, "elevation_end": 0.0, "quality": "estimated", "structure": "bridge", "chain_rank": 0, "cum_dist_start": 4700.0, "cum_dist_end": 4800.0, "anomaly": false}, "geometry": {"type": "LineString", "coordinates": [[135.59807929392508, 34.670351827837614], [135.59808790349342, 34.67012658192598], [135.59809651306176, 34.66990133601434], [135.5981051226301, 34.669676090102705], [135.59811373219844, 34.66945084419107]]}}, {"type": "Feature", "properties": {"id": "近畿道-下り-0-48", "route": "近畿道", "direction": "下り", "from": "東大阪荒本出口", "to": "東大阪南IC", "grade": 0.0, "elevation_start": 0.0, "elevation_end": 0.0, "quality": "estimated", "structure": "bridge", "chain_rank": 0, "cum_dist_start": 4800.0, "cum_dist_end": 4900.0, "anomaly": false}, "geometry": {"type": "LineString", "coordinates": [[135.59811373219844, 34.66945084419107], [135.59812234176678, 34.669225598279425], [135.59813095133515, 34.66900035236779], [135.5981395609035, 34.66877510645615], [135.59814817047183, 34.668549860544516]]}}, {"type": "Feature", "properties": {"id": "近畿道-下り-0-49", "route": "近畿道", "direction": "下り", "from": "東大阪荒本出口", "to": "東大阪南IC", "grade": 0.0, "elevation_start": 0.0, "elevation_end": 0.0, "quality": "estimated", "structure": "bridge", "chain_rank": 0, "cum_dist_start": 4900.0, "cum_dist_end": 5000.0, "anomaly": false}, "geometry": {"type": "LineString", "coordinates": [[135.59814817047183, 34.668549860544516], [135.59815678004017, 34.66832461463288], [135.5981653896085, 34.66809936872124], [135.59817399917685, 34.66787412280961], [135.5981826087452, 34.667648876897964]]}}, {"type": "Feature", "properties": {"id": "近畿道-下り-0-50", "route": "近畿道", "direction": "下り", "from": "東大阪荒本出口", "to": "東大阪南IC", "grade": 0.0, "elevation_start": 0.0, "elevation_end": 0.0, "quality": "estimated", "structure": "bridge", "chain_rank": 0, "cum_dist_start": 5000.0, "cum_dist_end": 5100.0, "anomaly": false}, "geometry": {"type": "LineString", "coordinates": [[135.5981826087452, 34.667648876897964], [135.59819121831353, 34.66742363098633], [135.5981998278819, 34.66719838507469], [135.59820843745024, 34.666973139163055], [135.59821704701858, 34.66674789325142]]}}, {"type": "Feature", "properties": {"id": "近畿道-下り-0-51", "route": "近畿道", "direction": "下り", "from": "東大阪荒本出口", "to": "東大阪南IC", "grade": 0.0, "elevation_start": 0.0, "elevation_end": 0.0, "quality": "estimated", "structure": "bridge", "chain_rank": 0, "cum_dist_start": 5100.0, "cum_dist_end": 5200.0, "anomaly": false}, "geometry": {"type": "LineString", "coordinates": [[135.59821704701858, 34.66674789325142], [135.59822565658692, 34.66652264733978], [135.59823426615526, 34.666297401428146], [135.5982428757236, 34.6660721555165], [135.59825148529194, 34.665846909604866]]}}, {"type": "Feature", "properties": {"id": "近畿道-下り-0-52", "route": "近畿道", "direction": "下り", "from": "東大阪荒本出口", "to": "東大阪南IC", "grade": 0.0, "elevation_start": 0.0, "elevation_end": 0.0, "quality": "estimated", "structure": "bridge", "chain_rank": 0, "cum_dist_start": 5200.0, "cum_dist_end": 5300.0, "anomaly": false}, "geometry": {"type": "LineString", "coordinates": [[135.59825148529194, 34.665846909604866], [135.59826009486028, 34.66562166369323], [135.59826870442865, 34.665396417781594], [135.598277313997, 34.66517117186996], [135.59828592356533, 34.66494592595832]]}}, {"type": "Feature", "properties": {"id": "近畿道-下り-0-53", "route": "近畿道", "direction": "下り", "from": "東大阪荒本出口", "to": "東大阪南IC", "grade": 0.0, "elevation_start": 0.0, "elevation_end": 0.0, "quality": "estimated", "structure": "bridge", "chain_rank": 0, "cum_dist_start": 5300.0, "cum_dist_end": 5400.0, "anomaly": false}, "geometry": {"type": "LineString", "coordinates": [[135.59828592356533, 34.66494592595832], [135.59829453313367, 34.664720680046685], [135.59830314754464, 34.66449543425269], [135.5983118787722, 34.66427019129663], [135.59832060999977, 34.664044948340575]]}}, {"type": "Feature", "properties": {"id": "近畿道-下り-0-54", "route": "近畿道", "direction": "下り", "from": "東大阪荒本出口", "to": "東大阪南IC", "grade": 0.0, "elevation_start": 0.0, "elevation_end": 0.0, "quality": "estimated", "structure": "bridge", "chain_rank": 0, "cum_dist_start": 5400.0, "cum_dist_end": 5500.0, "anomaly": false}, "geometry": {"type": "LineString", "coordinates": [[135.59832060999977, 34.664044948340575], [135.59832934122736, 34.66381970538452], [135.59833807245494, 34.66359446242846], [135.59834680368252, 34.66336921947241], [135.59835553491007, 34.663143976516345]]}}, {"type": "Feature", "properties": {"id": "近畿道-下り-0-55", "route": "近畿道", "direction": "下り", "from": "東大阪荒本出口", "to": "東大阪南IC", "grade": 0.0, "elevation_start": 0.0, "elevation_end": 0.0, "quality": "estimated", "structure": "bridge", "chain_rank": 0, "cum_dist_start": 5500.0, "cum_dist_end": 5600.0, "anomaly": false}, "geometry": {"type": "LineString", "coordinates": [[135.59835553491007, 34.663143976516345], [135.59836426613765, 34.66291873356029], [135.59837299736523, 34.662693490604234], [135.5983817285928, 34.66246824764818], [135.5983904598204, 34.66224300469212]]}}, {"type": "Feature", "properties": {"id": "近畿道-下り-0-56", "route": "近畿道", "direction": "下り", "from": "東大阪荒本出口", "to": "東大阪南IC", "grade": 0.0, "elevation_start": 0.0, "elevation_end": 0.0, "quality": "estimated", "structure": "bridge", "chain_rank": 0, "cum_dist_start": 5600.0, "cum_dist_end": 5700.0, "anomaly": false}, "geometry": {"type": "LineString", "coordinates": [[135.5983904598204, 34.66224300469212], [135.59839919104795, 34.66201776173606], [135.59840792227553, 34.661792518780004], [135.5984166535031, 34.66156727582395], [135.5984253847307, 34.66134203286789]]}}, {"type": "Feature", "properties": {"id": "近畿道-下り-0-57", "route": "近畿道", "direction": "下り", "from": "東大阪荒本出口", "to": "東大阪南IC", "grade": 0.0, "elevation_start": 0.0, "elevation_end": 0.0, "quality": "estimated", "structure": "bridge", "chain_rank": 0, "cum_dist_start": 5700.0, "cum_dist_end": 5800.0, "anomaly": false}, "geometry": {"type": "LineString", "coordinates": [[135.5984253847307, 34.66134203286789], [135.59843411595827, 34.66111678991184], [135.59844284718582, 34.660891546955774], [135.5984515784134, 34.66066630399972], [135.59846030964098, 34.66044106104366]]}}, {"type": "Feature", "properties": {"id": "近畿道-下り-0-58", "route": "近畿道", "direction": "下り", "from": "東大阪荒本出口", "to": "東大阪南IC", "grade": 0.0, "elevation_start": 0.0, "elevation_end": 0.0, "quality": "estimated", "structure": "bridge", "chain_rank": 0, "cum_dist_start": 5800.0, "cum_dist_end": 5900.0, "anomaly": false}, "geometry": {"type": "LineString", "coordinates": [[135.59846030964098, 34.66044106104366], [135.59846904086857, 34.66021581808761], [135.59847777209615, 34.65999057513155], [135.5984865033237, 34.65976533217549], [135.59849523455128, 34.65954008921943]]}}, {"type": "Feature", "properties": {"id": "近畿道-下り-0-59", "route": "近畿道", "direction": "下り", "from": "東大阪荒本出口", "to": "東大阪南IC", "grade": 0.0, "elevation_start": 0.0, "elevation_end": 0.0, "quality": "estimated", "structure": "bridge", "chain_rank": 0, "cum_dist_start": 5900.0, "cum_dist_end": 6000.0, "anomaly": false}, "geometry": {"type": "LineString", "coordinates": [[135.59849523455128, 34.65954008921943], [135.59850396577886, 34.65931484626338], [135.59851269700644, 34.65908960330732], [135.59852142823402, 34.65886436035127], [135.59853015946157, 34.65863911739521]]}}, {"type": "Feature", "properties": {"id": "近畿道-下り-0-60", "route": "近畿道", "direction": "下り", "from": "東大阪荒本出口", "to": "東大阪南IC", "grade": 0.0, "elevation_start": 0.0, "elevation_end": 0.0, "quality": "estimated", "structure": "bridge", "chain_rank": 0, "cum_dist_start": 6000.0, "cum_dist_end": 6100.0, "anomaly": false}, "geometry": {"type": "LineString", "coordinates": [[135.59853015946157, 34.65863911739521], [135.59853889068916, 34.65841387443915], [135.59854762191674, 34.65818863148309], [135.59855635314432, 34.65796338852704], [135.5985650843719, 34.65773814557098]]}}, {"type": "Feature", "properties": {"id": "近畿道-下り-0-61", "route": "近畿道", "direction": "下り", "from": "東大阪荒本出口", "to": "東大阪南IC", "grade": 0.0, "elevation_start": 0.0, "elevation_end": 0.0, "quality": "estimated", "structure": "bridge", "chain_rank": 0, "cum_dist_start": 6100.0, "cum_dist_end": 6200.0, "anomaly": false}, "geometry": {"type": "LineString", "coordinates": [[135.5985650843719, 34.65773814557098], [135.59857381559945, 34.657512902614926], [135.59858254682703, 34.65728765965886], [135.5985912780546, 34.65706241670281], [135.5986000092822, 34.65683717374675]]}}, {"type": "Feature", "properties": {"id": "近畿道-下り-0-62", "route": "近畿道", "direction": "下り", "from": "東大阪荒本出口", "to": "東大阪南IC", "grade": 0.0, "elevation_start": 0.0, "elevation_end": 0.0, "quality": "estimated", "structure": "bridge", "chain_rank": 0, "cum_dist_start": 6200.0, "cum_dist_end": 6300.0, "anomaly": false}, "geometry": {"type": "LineString", "coordinates": [[135.5986000092822, 34.65683717374675], [135.59860874050977, 34.656611930790696], [135.59861292326482, 34.6563866055207], [135.5986161169571, 34.65616126235159], [135.5986117254935, 34.655935971707386]]}}, {"type": "Feature", "properties": {"id": "近畿道-下り-0-63", "route": "近畿道", "direction": "下り", "from": "東大阪荒本出口", "to": "東大阪南IC", "grade": 0.0, "elevation_start": 0.0, "elevation_end": 0.0, "quality": "estimated", "structure": "bridge", "chain_rank": 0, "cum_dist_start": 6300.0, "cum_dist_end": 6400.0, "anomaly": false}, "geometry": {"type": "LineString", "coordinates": [[135.5986117254935, 34.655935971707386], [135.5986039610238, 34.65571070442023], [135.5985899827352, 34.65548567437722], [135.5985725755094, 34.65526077525133], [135.598543023572, 34.65503678292768]]}}, {"type": "Feature", "properties": {"id": "近畿道-下り-0-64", "route": "近畿道", "direction": "下り", "from": "東大阪荒本出口", "to": "東大阪南IC", "grade": 0.0, "elevation_start": 0.0, "elevation_end": 0.0, "quality": "estimated", "structure": "bridge", "chain_rank": 0, "cum_dist_start": 6400.0, "cum_dist_end": 6500.0, "anomaly": false}, "geometry": {"type": "LineString", "coordinates": [[135.598543023572, 34.65503678292768], [135.5985113627203, 34.654812948069136], [135.59846627844283, 34.654590704810815], [135.59841843578582, 34.654368882058], [135.5983581416237, 34.6541491001122]]}}, {"type": "Feature", "properties": {"id": "近畿道-下り-0-65", "route": "近畿道", "direction": "下り", "from": "東大阪荒本出口", "to": "東大阪南IC", "grade": 0.0, "elevation_start": 0.0, "elevation_end": 0.0, "quality": "estimated", "structure": "bridge", "chain_rank": 0, "cum_dist_start": 6500.0, "cum_dist_end": 6600.0, "anomaly": false}, "geometry": {"type": "LineString", "coordinates": [[135.5983581416237, 34.6541491001122], [135.59829530373878, 34.65392982576299], [135.5982275832917, 34.65371152572272], [135.59815833214495, 34.65349356100238], [135.59808636981023, 34.65327619020345]]}}, {"type": "Feature", "properties": {"id": "近畿道-下り-0-66", "route": "近畿道", "direction": "下り", "from": "東大阪荒本出口", "to": "東大阪南IC", "grade": 0.0, "elevation_start": 0.0, "elevation_end": 0.0, "quality": "estimated", "structure": "bridge", "chain_rank": 0, "cum_dist_start": 6600.0, "cum_dist_end": 6700.0, "anomaly": false}, "geometry": {"type": "LineString", "coordinates": [[135.59808636981023, 34.65327619020345], [135.59801440747555, 34.65305881940453], [135.59794244514083, 34.6528414486056], [135.59787048280612, 34.65262407780668], [135.59779852047143, 34.65240670700775]]}}, {"type": "Feature", "properties": {"id": "近畿道-下り-0-67", "route": "近畿道", "direction": "下り", "from": "東大阪荒本出口", "to": "東大阪南IC", "grade": 0.0, "elevation_start": 0.0, "elevation_end": 0.0, "quality": "estimated", "structure": "bridge", "chain_rank": 0, "cum_dist_start": 6700.0, "cum_dist_end": 6800.0, "anomaly": false}, "geometry": {"type": "LineString", "coordinates": [[135.59779852047143, 34.65240670700775], [135.5977265581367, 34.65218933620883], [135.597654595802, 34.651971965409906], [135.5975826334673, 34.65175459461098], [135.5975106711326, 34.651537223812056]]}}, {"type": "Feature", "properties": {"id": "近畿道-下り-0-68", "route": "近畿道", "direction": "下り", "from": "東大阪荒本出口", "to": "東大阪南IC", "grade": 0.0, "elevation_start": 0.0, "elevation_end": 0.0, "quality": "estimated", "structure": "bridge", "chain_rank": 0, "cum_dist_start": 6800.0, "cum_dist_end": 6900.0, "anomaly": false}, "geometry": {"type": "LineString", "coordinates": [[135.5975106711326, 34.651537223812056], [135.59743870879788, 34.65131985301313], [135.5973667464632, 34.651102482214206], [135.59729478412848, 34.65088511141528], [135.59722282179376, 34.650667740616356]]}}, {"type": "Feature", "properties": {"id": "近畿道-下り-0-69", "route": "近畿道", "direction": "下り", "from": "東大阪荒本出口", "to": "東大阪南IC", "grade": 0.0, "elevation_start": 0.0, "elevation_end": 0.0, "quality": "estimated", "structure": "bridge", "chain_rank": 0, "cum_dist_start": 6900.0, "cum_dist_end": 7000.0, "anomaly": false}, "geometry": {"type": "LineString", "coordinates": [[135.59722282179376, 34.650667740616356], [135.59715085945905, 34.650450369817435], [135.59707889712436, 34.650232999018506], [135.59700693478965, 34.650015628219585], [135.59693497245493, 34.649798257420656]]}}, {"type": "Feature", "properties": {"id": "近畿道-下り-0-70", "route": "近畿道", "direction": "下り", "from": "東大阪荒本出口", "to": "東大阪南IC", "grade": 0.0, "elevation_start": 0.0, "elevation_end": 0.0, "quality": "estimated", "structure": "bridge", "chain_rank": 0, "cum_dist_start": 7000.0, "cum_dist_end": 7100.0, "anomaly": false}, "geometry": {"type": "LineString", "coordinates": [[135.59693497245493, 34.649798257420656], [135.59686301012025, 34.649580886621735], [135.59679104778553, 34.649363515822806], [135.59671908545081, 34.649146145023884], [135.59664712311613, 34.64892877422496]]}}, {"type": "Feature", "properties": {"id": "近畿道-下り-0-71", "route": "近畿道", "direction": "下り", "from": "東大阪荒本出口", "to": "東大阪南IC", "grade": 0.0, "elevation_start": 0.0, "elevation_end": 0.0, "quality": "estimated", "structure": "bridge", "chain_rank": 0, "cum_dist_start": 7100.0, "cum_dist_end": 7200.0, "anomaly": false}, "geometry": {"type": "LineString", "coordinates": [[135.59664712311613, 34.64892877422496], [135.5965751607814, 34.648711403426034], [135.5965031984467, 34.64849403262711], [135.59643123611198, 34.648276661828184], [135.5963592737773, 34.64805929102926]]}}, {"type": "Feature", "properties": {"id": "近畿道-下り-0-72", "route": "近畿道", "direction": "下り", "from": "東大阪荒本出口", "to": "東大阪南IC", "grade": 0.0, "elevation_start": 0.0, "elevation_end": 0.0, "quality": "estimated", "structure": "bridge", "chain_rank": 0, "cum_dist_start": 7200.0, "cum_dist_end": 7300.0, "anomaly": false}, "geometry": {"type": "LineString", "coordinates": [[135.5963592737773, 34.64805929102926], [135.59628731144258, 34.647841920230334], [135.59621534910787, 34.64762454943141], [135.59614338677318, 34.64740717863249], [135.59607149054384, 34.64718979304166]]}}, {"type": "Feature", "properties": {"id": "近畿道-下り-0-73", "route": "近畿道", "direction": "下り", "from": "東大阪南IC", "to": "八尾IC", "grade": 0.0, "elevation_start": 0.0, "elevation_end": 0.0, "quality": "estimated", "structure": "bridge", "chain_rank": 0, "cum_dist_start": 7300.0, "cum_dist_end": 7400.0, "anomaly": false}, "geometry": {"type": "LineString", "coordinates": [[135.59607149054384, 34.64718979304166], [135.5959998976762, 34.64697233956985], [135.59592830480858, 34.646754886098044], [135.59585671194097, 34.64653743262623], [135.59578511907335, 34.64631997915442]]}}, {"type": "Feature", "properties": {"id": "近畿道-下り-0-74", "route": "近畿道", "direction": "下り", "from": "東大阪南IC", "to": "八尾IC", "grade": 0.0, "elevation_start": 0.0, "elevation_end": 0.0, "quality": "estimated", "structure": "bridge", "chain_rank": 0, "cum_dist_start": 7400.0, "cum_dist_end": 7500.0, "anomaly": false}, "geometry": {"type": "LineString", "coordinates": [[135.59578511907335, 34.64631997915442], [135.59571352620574, 34.64610252568261], [135.59564193333813, 34.6458850722108], [135.59557034047052, 34.64566761873899], [135.59549895139884, 34.645450119856655]]}}, {"type": "Feature", "properties": {"id": "近畿道-下り-0-75", "route": "近畿道", "direction": "下り", "from": "東大阪南IC", "to": "八尾IC", "grade": 0.0, "elevation_start": 0.0, "elevation_end": 0.0, "quality": "estimated", "structure": "bridge", "chain_rank": 0, "cum_dist_start": 7500.0, "cum_dist_end": 7600.0, "anomaly": false}, "geometry": {"type": "LineString", "coordinates": [[135.59549895139884, 34.645450119856655], [135.59542764887235, 34.645232601690026], [135.59535634634585, 34.64501508352339], [135.59528504381936, 34.64479756535676], [135.59521374129287, 34.64458004719013]]}}, {"type": "Feature", "properties": {"id": "近畿道-下り-0-76", "route": "近畿道", "direction": "下り", "from": "東大阪南IC", "to": "八尾IC", "grade": 0.0, "elevation_start": 0.0, "elevation_end": 0.0, "quality": "estimated", "structure": "bridge", "chain_rank": 0, "cum_dist_start": 7600.0, "cum_dist_end": 7700.0, "anomaly": false}, "geometry": {"type": "LineString", "coordinates": [[135.59521374129287, 34.64458004719013], [135.59514243876637, 34.6443625290235], [135.59507113623985, 34.644145010856874], [135.59499983371336, 34.643927492690246], [135.59492853118687, 34.64370997452362]]}}, {"type": "Feature", "properties": {"id": "近畿道-下り-0-77", "route": "近畿道", "direction": "下り", "from": "東大阪南IC", "to": "八尾IC", "grade": 0.0, "elevation_start": 0.0, "elevation_end": 0.0, "quality": "estimated", "structure": "bridge", "chain_rank": 0, "cum_dist_start": 7700.0, "cum_dist_end": 7800.0, "anomaly": false}, "geometry": {"type": "LineString", "coordinates": [[135.59492853118687, 34.64370997452362], [135.59485722866037, 34.64349245635698], [135.59478592613388, 34.64327493819035], [135.5947146236074, 34.64305742002372], [135.59464332108087, 34.642839901857094]]}}, {"type": "Feature", "properties": {"id": "近畿道-下り-0-78", "route": "近畿道", "direction": "下り", "from": "東大阪南IC", "to": "八尾IC", "grade": 0.0, "elevation_start": 0.0, "elevation_end": 0.0, "quality": "estimated", "structure": "bridge", "chain_rank": 0, "cum_dist_start": 7800.0, "cum_dist_end": 7900.0, "anomaly": false}, "geometry": {"type": "LineString", "coordinates": [[135.59464332108087, 34.642839901857094], [135.59457201855437, 34.642622383690465], [135.59450071602788, 34.64240486552384], [135.5944294135014, 34.64218734735721], [135.5943581109749, 34.64196982919057]]}}, {"type": "Feature", "properties": {"id": "近畿道-下り-0-79", "route": "近畿道", "direction": "下り", "from": "東大阪南IC", "to": "八尾IC", "grade": 0.0, "elevation_start": 0.0, "elevation_end": 0.0, "quality": "estimated", "structure": "bridge", "chain_rank": 0, "cum_dist_start": 7900.0, "cum_dist_end": 8000.0, "anomaly": false}, "geometry": {"type": "LineString", "coordinates": [[135.5943581109749, 34.64196982919057], [135.5942868084484, 34.64175231102394], [135.59421550592188, 34.641534792857314], [135.59414195268727, 34.64131779160007], [135.59406731351822, 34.6411010397442]]}}, {"type": "Feature", "properties": {"id": "近畿道-下り-0-80", "route": "近畿道", "direction": "下り", "from": "東大阪南IC", "to": "八尾IC", "grade": 0.0, "elevation_start": 0.0, "elevation_end": 0.0, "quality": "estimated", "structure": "bridge", "chain_rank": 0, "cum_dist_start": 8000.0, "cum_dist_end": 8100.0, "anomaly": false}, "geometry": {"type": "LineString", "coordinates": [[135.59406731351822, 34.6411010397442], [135.59399267434918, 34.64088428788832], [135.59390927287347, 34.64066974006051], [135.59382516417583, 34.64045537012388], [135.59373699050934, 34.640242183818344]]}}, {"type": "Feature", "properties": {"id": "近畿道-下り-0-81", "route": "近畿道", "direction": "下り", "from": "東大阪南IC", "to": "八尾IC", "grade": 0.0, "elevation_start": 0.0, "elevation_end": 0.0, "quality": "estimated", "structure": "bridge", "chain_rank": 0, "cum_dist_start": 8100.0, "cum_dist_end": 8200.0, "anomaly": false}, "geometry": {"type": "LineString", "coordinates": [[135.59373699050934, 34.640242183818344], [135.5936399528869, 34.640031578505265], [135.59354291526444, 34.63982097319219], [135.59343574547313, 34.63961383525869], [135.5933242537564, 34.63940817635267]]}}, {"type": "Feature", "properties": {"id": "近畿道-下り-0-82", "route": "近畿道", "direction": "下り", "from": "東大阪南IC", "to": "八尾IC", "grade": 0.0, "elevation_start": 0.0, "elevation_end": 0.0, "quality": "estimated", "structure": "bridge", "chain_rank": 0, "cum_dist_start": 8200.0, "cum_dist_end": 8300.0, "anomaly": false}, "geometry": {"type": "LineString", "coordinates": [[135.5933242537564, 34.63940817635267], [135.59321276203968, 34.63920251744664], [135.5930883276887, 34.63900206230036], [135.59296139123794, 34.63880261315685], [135.59283103591963, 34.638604741184224]]}}, {"type": "Feature", "properties": {"id": "近畿道-下り-0-83", "route": "近畿道", "direction": "下り", "from": "東大阪南IC", "to": "八尾IC", "grade": 0.0, "elevation_start": 0.0, "elevation_end": 0.0, "quality": "estimated", "structure": "bridge", "chain_rank": 0, "cum_dist_start": 8300.0, "cum_dist_end": 8400.0, "anomaly": false}, "geometry": {"type": "LineString", "coordinates": [[135.59283103591963, 34.638604741184224], [135.59269228898043, 34.63841074038239], [135.59255354204126, 34.638216739580564], [135.59240539642263, 34.63802769905712], [135.59225084390056, 34.6378420398624]]}}, {"type": "Feature", "properties": {"id": "近畿道-下り-0-84", "route": "近畿道", "direction": "下り", "from": "東大阪南IC", "to": "八尾IC", "grade": 0.0, "elevation_start": 0.0, "elevation_end": 0.0, "quality": "estimated", "structure": "bridge", "chain_rank": 0, "cum_dist_start": 8400.0, "cum_dist_end": 8500.0, "anomaly": false}, "geometry": {"type": "LineString", "coordinates": [[135.59225084390056, 34.6378420398624], [135.59209629137845, 34.637656380667686], [135.59193102078976, 34.637477258132684], [135.59176198341575, 34.637300432858424], [135.59159294604177, 34.63712360758416]]}}, {"type": "Feature", "properties": {"id": "近畿道-下り-0-85", "route": "近畿道", "direction": "下り", "from": "東大阪南IC", "to": "八尾IC", "grade": 0.0, "elevation_start": 0.0, "elevation_end": 0.0, "quality": "estimated", "structure": "bridge", "chain_rank": 0, "cum_dist_start": 8500.0, "cum_dist_end": 8600.0, "anomaly": false}, "geometry": {"type": "LineString", "coordinates": [[135.59159294604177, 34.63712360758416], [135.59141529001218, 34.6369527430723], [135.59123453118596, 34.63678402449065], [135.59105377235974, 34.636615305909], [135.59086944870876, 34.63644928925109]]}}, {"type": "Feature", "properties": {"id": "近畿道-下り-0-86", "route": "近畿道", "direction": "下り", "from": "東大阪南IC", "to": "八尾IC", "grade": 0.0, "elevation_start": 0.0, "elevation_end": 0.0, "quality": "estimated", "structure": "bridge", "chain_rank": 0, "cum_dist_start": 8600.0, "cum_dist_end": 8700.0, "anomaly": false}, "geometry": {"type": "LineString", "coordinates": [[135.59086944870876, 34.63644928925109], [135.59068173769668, 34.636285840010075], [135.5904940266846, 34.63612239076907], [135.59030611848004, 34.635959099402996], [135.59011450469225, 34.63579877477623]]}}, {"type": "Feature", "properties": {"id": "近畿道-下り-0-87", "route": "近畿道", "direction": "下り", "from": "東大阪南IC", "to": "八尾IC", "grade": 0.0, "elevation_start": 0.0, "elevation_end": 0.0, "quality": "estimated", "structure": "bridge", "chain_rank": 0, "cum_dist_start": 8700.0, "cum_dist_end": 8800.0, "anomaly": false}, "geometry": {"type": "LineString", "coordinates": [[135.59011450469225, 34.63579877477623], [135.58992289090443, 34.635638450149465], [135.58973127711664, 34.635478125522695], [135.58953611211416, 34.63532075795055], [135.5893407867847, 34.63516352388081]]}}, {"type": "Feature", "properties": {"id": "近畿道-下り-0-88", "route": "近畿道", "direction": "下り", "from": "東大阪南IC", "to": "八尾IC", "grade": 0.0, "elevation_start": 0.0, "elevation_end": 0.0, "quality": "estimated", "structure": "bridge", "chain_rank": 0, "cum_dist_start": 8800.0, "cum_dist_end": 8900.0, "anomaly": false}, "geometry": {"type": "LineString", "coordinates": [[135.5893407867847, 34.63516352388081], [135.58914546145525, 34.63500628981107], [135.58894620581125, 34.63485251350153], [135.588744202819, 34.63470115421771], [135.58854219982675, 34.63454979493389]]}}, {"type": "Feature", "properties": {"id": "近畿道-下り-0-89", "route": "近畿道", "direction": "下り", "from": "東大阪南IC", "to": "八尾IC", "grade": 0.0, "elevation_start": 0.0, "elevation_end": 0.0, "quality": "estimated", "structure": "bridge", "chain_rank": 0, "cum_dist_start": 8900.0, "cum_dist_end": 9000.0, "anomaly": false}, "geometry": {"type": "LineString", "coordinates": [[135.58854219982675, 34.63454979493389], [135.588334938525, 34.634403413242225], [135.58812628447959, 34.63425834994201], [135.58791763043413, 34.634113286641785], [135.58770253371438, 34.63397488790162]]}}, {"type": "Feature", "properties": {"id": "近畿道-下り-0-90", "route": "近畿道", "direction": "下り", "from": "八尾IC", "to": "八尾PA", "grade": 0.0, "elevation_start": 0.0, "elevation_end": 0.0, "quality": "estimated", "structure": "bridge", "chain_rank": 0, "cum_dist_start": 9000.0, "cum_dist_end": 9100.0, "anomaly": false}, "geometry": {"type": "LineString", "coordinates": [[135.58770253371438, 34.63397488790162], [135.58748533492448, 34.633838663626925], [135.58726813613455, 34.633702439352234], [135.5870469972124, 34.63357067350947], [135.58682396331778, 34.633441051910935]]}}, {"type": "Feature", "properties": {"id": "近畿道-下り-0-91", "route": "近畿道", "direction": "下り", "from": "八尾IC", "to": "八尾PA", "grade": 0.0, "elevation_start": 0.0, "elevation_end": 0.0, "quality": "estimated", "structure": "bridge", "chain_rank": 0, "cum_dist_start": 9100.0, "cum_dist_end": 9200.0, "anomaly": false}, "geometry": {"type": "LineString", "coordinates": [[135.58682396331778, 34.633441051910935], [135.5866004759663, 34.63331198528715], [135.58637171864535, 34.633189368450175], [135.5861429613244, 34.6330667516132], [135.5859111568282, 34.63294812238998]]}}, {"type": "Feature", "properties": {"id": "近畿道-下り-0-92", "route": "近畿道", "direction": "下り", "from": "八尾IC", "to": "八尾PA", "grade": 0.0, "elevation_start": 0.0, "elevation_end": 0.0, "quality": "estimated", "structure": "bridge", "chain_rank": 0, "cum_dist_start": 9200.0, "cum_dist_end": 9300.0, "anomaly": false}, "geometry": {"type": "LineString", "coordinates": [[135.5859111568282, 34.63294812238998], [135.5856789452085, 34.63283002593922], [135.58544411813395, 34.63271556057941], [135.58520786207436, 34.63260307910943], [135.58496977765753, 34.6324932880563]]}}, {"type": "Feature", "properties": {"id": "近畿道-下り-0-93", "route": "近畿道", "direction": "下り", "from": "八尾IC", "to": "八尾PA", "grade": 0.0, "elevation_start": 0.0, "elevation_end": 0.0, "quality": "estimated", "structure": "bridge", "chain_rank": 0, "cum_dist_start": 9300.0, "cum_dist_end": 9400.0, "anomaly": false}, "geometry": {"type": "LineString", "coordinates": [[135.58496977765753, 34.6324932880563], [135.5847306889585, 34.63238497479848], [135.58449160025947, 34.63227666154066], [135.58425251156044, 34.63216834828283], [135.5840134228614, 34.63206003502501]]}}, {"type": "Feature", "properties": {"id": "近畿道-下り-0-94", "route": "近畿道", "direction": "下り", "from": "八尾IC", "to": "八尾PA", "grade": 0.0, "elevation_start": 0.0, "elevation_end": 0.0, "quality": "estimated", "structure": "bridge", "chain_rank": 0, "cum_dist_start": 9400.0, "cum_dist_end": 9500.0, "anomaly": false}, "geometry": {"type": "LineString", "coordinates": [[135.5840134228614, 34.63206003502501], [135.58377448828273, 34.631951494129936], [135.58353769317304, 34.63183979321836], [135.58330089806336, 34.63172809230679], [135.58306884476193, 34.63160983192318]]}}, {"type": "Feature", "properties": {"id": "近畿道-下り-0-95", "route": "近畿道", "direction": "下り", "from": "八尾IC", "to": "八尾PA", "grade": 0.0, "elevation_start": 0.0, "elevation_end": 0.0, "quality": "estimated", "structure": "bridge", "chain_rank": 0, "cum_dist_start": 9500.0, "cum_dist_end": 9600.0, "anomaly": false}, "geometry": {"type": "LineString", "coordinates": [[135.58306884476193, 34.63160983192318], [135.58283763043497, 34.63149041096338], [135.58261044090625, 34.63136588467711], [135.5823848739214, 34.63123930024635], [135.58216142212964, 34.631110191873034]]}}, {"type": "Feature", "properties": {"id": "近畿道-下り-0-96", "route": "近畿道", "direction": "下り", "from": "八尾IC", "to": "八尾PA", "grade": 0.0, "elevation_start": 0.0, "elevation_end": 0.0, "quality": "estimated", "structure": "bridge", "chain_rank": 0, "cum_dist_start": 9600.0, "cum_dist_end": 9700.0, "anomaly": false}, "geometry": {"type": "LineString", "coordinates": [[135.58216142212964, 34.631110191873034], [135.58193873467226, 34.630980171461914], [135.58171901420252, 34.63084676584121], [135.581500129337, 34.630712406830774], [135.58128558956244, 34.6305733764881]]}}, {"type": "Feature", "properties": {"id": "近畿道-下り-0-97", "route": "近畿道", "direction": "下り", "from": "八尾IC", "to": "八尾PA", "grade": 0.0, "elevation_start": 0.0, "elevation_end": 0.0, "quality": "estimated", "structure": "bridge", "chain_rank": 0, "cum_dist_start": 9700.0, "cum_dist_end": 9800.0, "anomaly": false}, "geometry": {"type": "LineString", "coordinates": [[135.58128558956244, 34.6305733764881], [135.58107223563073, 34.63043307126624], [135.58086423549113, 34.630287448927845], [135.58065856737332, 34.63013951054298], [135.5804576133391, 34.629987285780444]]}}, {"type": "Feature", "properties": {"id": "近畿道-下り-0-98", "route": "近畿道", "direction": "下り", "from": "八尾PA", "to": "長原IC", "grade": 0.0, "elevation_start": 0.0, "elevation_end": 0.0, "quality": "estimated", "structure": "bridge", "chain_rank": 0, "cum_dist_start": 9800.0, "cum_dist_end": 9900.0, "anomaly": false}, "geometry": {"type": "LineString", "coordinates": [[135.5804576133391, 34.629987285780444], [135.5802598856864, 34.62983212736404], [135.58006657107273, 34.629673259841766], [135.57987557410974, 34.629512444362156], [135.57968838967108, 34.62934862121937]]}}, {"type": "Feature", "properties": {"id": "近畿道-下り-0-99", "route": "近畿道", "direction": "下り", "from": "八尾PA", "to": "長原IC", "grade": 0.0, "elevation_start": 0.0, "elevation_end": 0.0, "quality": "estimated", "structure": "bridge", "chain_rank": 0, "cum_dist_start": 9900.0, "cum_dist_end": 10000.0, "anomaly": false}, "geometry": {"type": "LineString", "coordinates": [[135.57968838967108, 34.62934862121937], [135.57950293767263, 34.629183431371416], [135.5793222679013, 34.629014679121696], [135.57914270427747, 34.62884510287474], [135.578970304391, 34.62867054034392]]}}, {"type": "Feature", "properties": {"id": "近畿道-下り-0-100", "route": "近畿道", "direction": "下り", "from": "八尾PA", "to": "長原IC", "grade": 0.0, "elevation_start": 0.0, "elevation_end": 0.0, "quality": "estimated", "structure": "bridge", "chain_rank": 0, "cum_dist_start": 10000.0, "cum_dist_end": 10100.0, "anomaly": false}, "geometry": {"type": "LineString", "coordinates": [[135.578970304391, 34.62867054034392], [135.57879950259894, 34.628494911642115], [135.5786379206779, 34.62831339780927], [135.57847633875684, 34.62813188397642], [135.578321611666, 34.62794639458761]]}}, {"type": "Feature", "properties": {"id": "近畿道-下り-0-101", "route": "近畿道", "direction": "下り", "from": "八尾PA", "to": "長原IC", "grade": 0.0, "elevation_start": 0.0, "elevation_end": 0.0, "quality": "estimated", "structure": "bridge", "chain_rank": 0, "cum_dist_start": 10100.0, "cum_dist_end": 10200.0, "anomaly": false}, "geometry": {"type": "LineString", "coordinates": [[135.578321611666, 34.62794639458761], [135.5781700858991, 34.627759048545606], [135.57801970280454, 34.6275710895623], [135.57787441875098, 34.62738039540051], [135.5777295467013, 34.62718949346321]]}}, {"type": "Feature", "properties": {"id": "近畿道-下り-0-102", "route": "近畿道", "direction": "下り", "from": "八尾PA", "to": "長原IC", "grade": 0.0, "elevation_start": 0.0, "elevation_end": 0.0, "quality": "estimated", "structure": "bridge", "chain_rank": 0, "cum_dist_start": 10200.0, "cum_dist_end": 10300.0, "anomaly": false}, "geometry": {"type": "LineString", "coordinates": [[135.5777295467013, 34.62718949346321], [135.57759086558127, 34.62699546941058], [135.57745274425434, 34.62680118519343], [135.5773242571251, 34.626602423471056], [135.57719576999585, 34.62640366174868]]}}, {"type": "Feature", "properties": {"id": "近畿道-下り-0-103", "route": "近畿道", "direction": "下り", "from": "八尾PA", "to": "長原IC", "grade": 0.0, "elevation_start": 0.0, "elevation_end": 0.0, "quality": "estimated", "structure": "bridge", "chain_rank": 0, "cum_dist_start": 10300.0, "cum_dist_end": 10400.0, "anomaly": false}, "geometry": {"type": "LineString", "coordinates": [[135.57719576999585, 34.62640366174868], [135.57707152861175, 34.626203066047474], [135.57694747601607, 34.626002388797815], [135.57683015686786, 34.625799001277436], [135.57671553454864, 34.6255945282601]]}}, {"type": "Feature", "properties": {"id": "近畿道-下り-0-104", "route": "近畿道", "direction": "下り", "from": "八尾PA", "to": "長原IC", "grade": 0.0, "elevation_start": 0.0, "elevation_end": 0.0, "quality": "estimated", "structure": "bridge", "chain_rank": 0, "cum_dist_start": 10400.0, "cum_dist_end": 10500.0, "anomaly": false}, "geometry": {"type": "LineString", "coordinates": [[135.57671553454864, 34.6255945282601], [135.57660091222945, 34.62539005524277], [135.57648628991026, 34.625185582225434], [135.57637184862486, 34.6249810412763], [135.57626104606774, 34.62477513491692]]}}, {"type": "Feature", "properties": {"id": "近畿道-下り-0-105", "route": "近畿道", "direction": "下り", "from": "八尾PA", "to": "長原IC", "grade": 0.0, "elevation_start": 0.0, "elevation_end": 0.0, "quality": "estimated", "structure": "bridge", "chain_rank": 0, "cum_dist_start": 10500.0, "cum_dist_end": 10600.0, "anomaly": false}, "geometry": {"type": "LineString", "coordinates": [[135.57626104606774, 34.62477513491692], [135.57615024351065, 34.62456922855755], [135.57603944095354, 34.62436332219817], [135.57592863839645, 34.624157415838795], [135.57581840968447, 34.62395130150686]]}}, {"type": "Feature", "properties": {"id": "近畿道-下り-0-106", "route": "近畿道", "direction": "下り", "from": "八尾PA", "to": "長原IC", "grade": 0.0, "elevation_start": 0.0, "elevation_end": 0.0, "quality": "estimated", "structure": "bridge", "chain_rank": 0, "cum_dist_start": 10600.0, "cum_dist_end": 10700.0, "anomaly": false}, "geometry": {"type": "LineString", "coordinates": [[135.57581840968447, 34.62395130150686], [135.57571022759748, 34.623744445438504], [135.57560204551046, 34.623537589370144], [135.5755068768767, 34.623326429050294], [135.57541258733053, 34.62311497796871]]}}, {"type": "Feature", "properties": {"id": "近畿道-下り-0-107", "route": "近畿道", "direction": "下り", "from": "八尾PA", "to": "長原IC", "grade": 0.0, "elevation_start": 0.0, "elevation_end": 0.0, "quality": "estimated", "structure": "bridge", "chain_rank": 0, "cum_dist_start": 10700.0, "cum_dist_end": 10800.0, "anomaly": false}, "geometry": {"type": "LineString", "coordinates": [[135.57541258733053, 34.62311497796871], [135.5753226078553, 34.62290225813301], [135.57523399403618, 34.62268913628957], [135.57515948436867, 34.62247249774224], [135.57509076591816, 34.62225441522321]]}}, {"type": "Feature", "properties": {"id": "近畿道-下り-0-108", "route": "近畿道", "direction": "下り", "from": "八尾PA", "to": "長原IC", "grade": 0.0, "elevation_start": 0.0, "elevation_end": 0.0, "quality": "estimated", "structure": "bridge", "chain_rank": 0, "cum_dist_start": 10800.0, "cum_dist_end": 10900.0, "anomaly": false}, "geometry": {"type": "LineString", "coordinates": [[135.57509076591816, 34.62225441522321], [135.5750336088018, 34.622034155585354], [135.5749812873677, 34.62181298533849], [135.57493872788774, 34.62159046042718], [135.5749008208151, 34.62136728990223]]}}, {"type": "Feature", "properties": {"id": "近畿道-下り-0-109", "route": "近畿道", "direction": "下り", "from": "八尾PA", "to": "長原IC", "grade": 0.0, "elevation_start": 0.0, "elevation_end": 0.0, "quality": "estimated", "structure": "bridge", "chain_rank": 0, "cum_dist_start": 10900.0, "cum_dist_end": 11000.0, "anomaly": false}, "geometry": {"type": "LineString", "coordinates": [[135.5749008208151, 34.62136728990223], [135.57487203165198, 34.62114326221694], [135.5748483562187, 34.62091875379794], [135.57482815120272, 34.6206940223511], [135.57480957301735, 34.6204691863553]]}}, {"type": "Feature", "properties": {"id": "近畿道-下り-0-110", "route": "近畿道", "direction": "下り", "from": "八尾PA", "to": "長原IC", "grade": 0.0, "elevation_start": 0.0, "elevation_end": 0.0, "quality": "estimated", "structure": "bridge", "chain_rank": 0, "cum_dist_start": 11000.0, "cum_dist_end": 11100.0, "anomaly": false}, "geometry": {"type": "LineString", "coordinates": [[135.57480957301735, 34.6204691863553], [135.5747969488728, 34.62024409374647], [135.57478714607814, 34.62001887954036], [135.57477976743453, 34.61979360634983], [135.57477353448624, 34.61956830528225]]}}, {"type": "Feature", "properties": {"id": "近畿道-下り-0-111", "route": "近畿道", "direction": "下り", "from": "八尾PA", "to": "長原IC", "grade": 0.0, "elevation_start": 0.0, "elevation_end": 0.0, "quality": "estimated", "structure": "bridge", "chain_rank": 0, "cum_dist_start": 11100.0, "cum_dist_end": 11200.0, "anomaly": false}, "geometry": {"type": "LineString", "coordinates": [[135.57477353448624, 34.61956830528225], [135.57476730153792, 34.61934300421467], [135.57476092398548, 34.61911770604069], [135.574753894412, 34.618892420913966], [135.5747468648385, 34.61866713578725]]}}, {"type": "Feature", "properties": {"id": "近畿道-下り-0-112", "route": "近畿道", "direction": "下り", "from": "八尾PA", "to": "長原IC", "grade": 0.0, "elevation_start": 0.0, "elevation_end": 0.0, "quality": "estimated", "structure": "bridge", "chain_rank": 0, "cum_dist_start": 11200.0, "cum_dist_end": 11300.0, "anomaly": false}, "geometry": {"type": "LineString", "coordinates": [[135.5747468648385, 34.61866713578725], [135.57473983526498, 34.618441850660524], [135.57473280569147, 34.6182165655338], [135.574725776118, 34.61799128040708], [135.57471874654448, 34.61776599528036]]}}, {"type": "Feature", "properties": {"id": "近畿道-下り-0-113", "route": "近畿道", "direction": "下り", "from": "八尾PA", "to": "長原IC", "grade": 0.0, "elevation_start": 0.0, "elevation_end": 0.0, "quality": "estimated", "structure": "bridge", "chain_rank": 0, "cum_dist_start": 11300.0, "cum_dist_end": 11400.0, "anomaly": false}, "geometry": {"type": "LineString", "coordinates": [[135.57471874654448, 34.61776599528036], [135.57471171697097, 34.61754071015364], [135.57470468739746, 34.617315425026916], [135.57469765782398, 34.61709013990019], [135.57469062825047, 34.616864854773475]]}}, {"type": "Feature", "properties": {"id": "近畿道-下り-0-114", "route": "近畿道", "direction": "下り", "from": "八尾PA", "to": "長原IC", "grade": 0.0, "elevation_start": 0.0, "elevation_end": 0.0, "quality": "estimated", "structure": "bridge", "chain_rank": 0, "cum_dist_start": 11400.0, "cum_dist_end": 11500.0, "anomaly": false}, "geometry": {"type": "LineString", "coordinates": [[135.57469062825047, 34.616864854773475], [135.57468359867696, 34.61663956964675], [135.57467656910345, 34.616414284520026], [135.57466953952996, 34.61618899939331], [135.57466250995645, 34.615963714266584]]}}, {"type": "Feature", "properties": {"id": "近畿道-下り-0-115", "route": "近畿道", "direction": "下り", "from": "八尾PA", "to": "長原IC", "grade": 0.0, "elevation_start": 0.0, "elevation_end": 0.0, "quality": "estimated", "structure": "bridge", "chain_rank": 0, "cum_dist_start": 11500.0, "cum_dist_end": 11600.0, "anomaly": false}, "geometry": {"type": "LineString", "coordinates": [[135.57466250995645, 34.615963714266584], [135.57465548038294, 34.61573842913986], [135.57464845080943, 34.61551314401314], [135.57464142123595, 34.61528785888642], [135.574632248068, 34.61506263426723]]}}, {"type": "Feature", "properties": {"id": "近畿道-下り-0-116", "route": "近畿道", "direction": "下り", "from": "八尾PA", "to": "長原IC", "grade": 0.0, "elevation_start": 0.0, "elevation_end": 0.0, "quality": "estimated", "structure": "bridge", "chain_rank": 0, "cum_dist_start": 11600.0, "cum_dist_end": 11700.0, "anomaly": false}, "geometry": {"type": "LineString", "coordinates": [[135.574632248068, 34.61506263426723], [135.57462066377354, 34.61483747770724], [135.57460907947905, 34.61461232114725], [135.5745944611381, 34.61438729379928], [135.57457799853853, 34.61416234499341]]}}, {"type": "Feature", "properties": {"id": "近畿道-下り-0-117", "route": "近畿道", "direction": "下り", "from": "八尾PA", "to": "長原IC", "grade": 0.0, "elevation_start": 0.0, "elevation_end": 0.0, "quality": "estimated", "structure": "bridge", "chain_rank": 0, "cum_dist_start": 11700.0, "cum_dist_end": 11800.0, "anomaly": false}, "geometry": {"type": "LineString", "coordinates": [[135.57457799853853, 34.61416234499341], [135.57456086110193, 34.61393743548892], [135.5745390161172, 34.6137128001442], [135.57451717113247, 34.61348816479947], [135.57449099587308, 34.613263867696205]]}}, {"type": "Feature", "properties": {"id": "近畿道-下り-0-118", "route": "近畿道", "direction": "下り", "from": "八尾PA", "to": "長原IC", "grade": 0.0, "elevation_start": 0.0, "elevation_end": 0.0, "quality": "estimated", "structure": "bridge", "chain_rank": 0, "cum_dist_start": 11800.0, "cum_dist_end": 11900.0, "anomaly": false}, "geometry": {"type": "LineString", "coordinates": [[135.57449099587308, 34.613263867696205], [135.57446156744246, 34.613039824700934], [135.5744321390118, 34.61281578170566], [135.57439200572634, 34.612592901202305], [135.57435045593658, 34.61237017452398]]}}, {"type": "Feature", "properties": {"id": "近畿道-下り-0-119", "route": "近畿道", "direction": "下り", "from": "八尾PA", "to": "長原IC", "grade": 0.0, "elevation_start": 0.0, "elevation_end": 0.0, "quality": "estimated", "structure": "bridge", "chain_rank": 0, "cum_dist_start": 11900.0, "cum_dist_end": 12000.0, "anomaly": false}, "geometry": {"type": "LineString", "coordinates": [[135.57435045593658, 34.61237017452398], [135.57430696082244, 34.61214770888535], [135.57426117784732, 34.6119255502508], [135.57421510828343, 34.611703433694366], [135.57416558196823, 34.61148182467212]]}}, {"type": "Feature", "properties": {"id": "近畿道-下り-0-120", "route": "近畿道", "direction": "下り", "from": "八尾PA", "to": "長原IC", "grade": 0.0, "elevation_start": 0.0, "elevation_end": 0.0, "quality": "estimated", "structure": "bridge", "chain_rank": 0, "cum_dist_start": 12000.0, "cum_dist_end": 12100.0, "anomaly": false}, "geometry": {"type": "LineString", "coordinates": [[135.57416558196823, 34.61148182467212], [135.574116055653, 34.61126021564987], [135.57406652933778, 34.611038606627616], [135.5740170030226, 34.61081699760537], [135.57396747670737, 34.61059538858312]]}}, {"type": "Feature", "properties": {"id": "近畿道-下り-0-121", "route": "近畿道", "direction": "下り", "from": "八尾PA", "to": "長原IC", "grade": 0.0, "elevation_start": 0.0, "elevation_end": 0.0, "quality": "estimated", "structure": "bridge", "chain_rank": 0, "cum_dist_start": 12100.0, "cum_dist_end": 12200.0, "anomaly": false}, "geometry": {"type": "LineString", "coordinates": [[135.57396747670737, 34.61059538858312], [135.57391795039214, 34.61037377956087], [135.57386834008256, 34.610152183423175], [135.57381858489688, 34.609930609509156], [135.57376882971118, 34.60970903559514]]}}, {"type": "Feature", "properties": {"id": "近畿道-下り-0-122", "route": "近畿道", "direction": "下り", "from": "八尾PA", "to": "長原IC", "grade": 0.0, "elevation_start": 0.0, "elevation_end": 0.0, "quality": "estimated", "structure": "bridge", "chain_rank": 0, "cum_dist_start": 12200.0, "cum_dist_end": 12300.0, "anomaly": false}, "geometry": {"type": "LineString", "coordinates": [[135.57376882971118, 34.60970903559514], [135.57372001569675, 34.60948732489341], [135.57367539209622, 34.60926500516634], [135.57363076849572, 34.60904268543928], [135.5735877907933, 34.60882014618982]]}}, {"type": "Feature", "properties": {"id": "近畿道-下り-0-123", "route": "近畿道", "direction": "下り", "from": "八尾PA", "to": "長原IC", "grade": 0.0, "elevation_start": 0.0, "elevation_end": 0.0, "quality": "estimated", "structure": "bridge", "chain_rank": 0, "cum_dist_start": 12300.0, "cum_dist_end": 12400.0, "anomaly": false}, "geometry": {"type": "LineString", "coordinates": [[135.5735877907933, 34.60882014618982], [135.5735455947468, 34.60859750268666], [135.57350475545383, 34.60837469381702], [135.57346745199504, 34.60815145398593], [135.5734301485363, 34.607928214154846]]}}, {"type": "Feature", "properties": {"id": "近畿道-下り-0-124", "route": "近畿道", "direction": "下り", "from": "八尾PA", "to": "長原IC", "grade": 0.0, "elevation_start": 0.0, "elevation_end": 0.0, "quality": "estimated", "structure": "bridge", "chain_rank": 0, "cum_dist_start": 12400.0, "cum_dist_end": 12500.0, "anomaly": false}, "geometry": {"type": "LineString", "coordinates": [[135.5734301485363, 34.607928214154846], [135.57339728118106, 34.607704502887884], [135.5733650923074, 34.607480719516985], [135.57333841521955, 34.60725649535813], [135.57331813635076, 34.607031759521576]]}}, {"type": "Feature", "properties": {"id": "近畿道-下り-0-125", "route": "近畿道", "direction": "下り", "from": "八尾PA", "to": "長原IC", "grade": 0.0, "elevation_start": 0.0, "elevation_end": 0.0, "quality": "estimated", "structure": "bridge", "chain_rank": 0, "cum_dist_start": 12500.0, "cum_dist_end": 12600.0, "anomaly": false}, "geometry": {"type": "LineString", "coordinates": [[135.57331813635076, 34.607031759521576], [135.57329785748198, 34.60680702368502], [135.5732818475983, 34.6065820608565], [135.57326714620723, 34.60635702845236], [135.573253961595, 34.606131946323025]]}}, {"type": "Feature", "properties": {"id": "近畿道-下り-0-126", "route": "近畿道", "direction": "下り", "from": "八尾PA", "to": "長原IC", "grade": 0.0, "elevation_start": 0.0, "elevation_end": 0.0, "quality": "estimated", "structure": "bridge", "chain_rank": 0, "cum_dist_start": 12600.0, "cum_dist_end": 12700.0, "anomaly": false}, "geometry": {"type": "LineString", "coordinates": [[135.573253961595, 34.606131946323025], [135.57324707012435, 34.605906657883], [135.57324017865372, 34.60568136944297], [135.5732396230186, 34.60545602463664], [135.57324065185895, 34.60523066573415]]}}, {"type": "Feature", "properties": {"id": "近畿道-下り-0-127", "route": "近畿道", "direction": "下り", "from": "八尾PA", "to": "長原IC", "grade": 0.0, "elevation_start": 0.0, "elevation_end": 0.0, "quality": "estimated", "structure": "bridge", "chain_rank": 0, "cum_dist_start": 12700.0, "cum_dist_end": 12800.0, "anomaly": false}, "geometry": {"type": "LineString", "coordinates": [[135.57324065185895, 34.60523066573415], [135.57324698224662, 34.605005414673], [135.57325935798545, 34.60478028658329], [135.57327173372425, 34.60455515849358], [135.57329107722364, 34.60433037180668]]}}, {"type": "Feature", "properties": {"id": "近畿道-下り-0-128", "route": "近畿道", "direction": "下り", "from": "八尾PA", "to": "長原IC", "grade": 0.0, "elevation_start": 0.0, "elevation_end": 0.0, "quality": "estimated", "structure": "bridge", "chain_rank": 0, "cum_dist_start": 12800.0, "cum_dist_end": 12900.0, "anomaly": false}, "geometry": {"type": "LineString", "coordinates": [[135.57329107722364, 34.60433037180668], [135.57331094516118, 34.604105610815935], [135.57333461790515, 34.60388113480621], [135.57336391960337, 34.60365708040668], [135.57339344630387, 34.60343304817258]]}}, {"type": "Feature", "properties": {"id": "近畿道-下り-0-129", "route": "近畿道", "direction": "下り", "from": "八尾PA", "to": "長原IC", "grade": 0.0, "elevation_start": 0.0, "elevation_end": 0.0, "quality": "estimated", "structure": "bridge", "chain_rank": 0, "cum_dist_start": 12900.0, "cum_dist_end": 13000.0, "anomaly": false}, "geometry": {"type": "LineString", "coordinates": [[135.57339344630387, 34.60343304817258], [135.5734286277306, 34.60320957299733], [135.57346380915735, 34.602986097822075], [135.5735030338127, 34.60276309360734], [135.5735438845595, 34.60254027880184]]}}, {"type": "Feature", "properties": {"id": "近畿道-下り-0-130", "route": "近畿道", "direction": "下り", "from": "八尾PA", "to": "長原IC", "grade": 0.0, "elevation_start": 0.0, "elevation_end": 0.0, "quality": "estimated", "structure": "bridge", "chain_rank": 0, "cum_dist_start": 13000.0, "cum_dist_end": 13100.0, "anomaly": false}, "geometry": {"type": "LineString", "coordinates": [[135.5735438845595, 34.60254027880184], [135.57358625229475, 34.60231766745263], [135.5736326682329, 34.60209559904253], [135.5736790841711, 34.60187353063243], [135.57372940935636, 34.60165204934149]]}}, {"type": "Feature", "properties": {"id": "近畿道-下り-0-131", "route": "近畿道", "direction": "下り", "from": "八尾PA", "to": "長原IC", "grade": 0.0, "elevation_start": 0.0, "elevation_end": 0.0, "quality": "estimated", "structure": "bridge", "chain_rank": 0, "cum_dist_start": 13100.0, "cum_dist_end": 13200.0, "anomaly": false}, "geometry": {"type": "LineString", "coordinates": [[135.57372940935636, 34.60165204934149], [135.57378039584546, 34.60143066736997], [135.5738313823346, 34.60120928539845], [135.5738823688237, 34.600987903426926], [135.57393347780115, 34.60076654090946]]}}, {"type": "Feature", "properties": {"id": "近畿道-下り-0-132", "route": "近畿道", "direction": "下り", "from": "八尾PA", "to": "長原IC", "grade": 0.0, "elevation_start": 0.0, "elevation_end": 0.0, "quality": "estimated", "structure": "bridge", "chain_rank": 0, "cum_dist_start": 13200.0, "cum_dist_end": 13300.0, "anomaly": false}, "geometry": {"type": "LineString", "coordinates": [[135.57393347780115, 34.60076654090946], [135.57398521174895, 34.60054527765215], [135.57403694569675, 34.600324014394836], [135.57408867964457, 34.60010275113753], [135.57414041359237, 34.59988148788021]]}}, {"type": "Feature", "properties": {"id": "近畿道-下り-0-133", "route": "近畿道", "direction": "下り", "from": "八尾PA", "to": "長原IC", "grade": 0.0, "elevation_start": 0.0, "elevation_end": 0.0, "quality": "estimated", "structure": "bridge", "chain_rank": 0, "cum_dist_start": 13300.0, "cum_dist_end": 13400.0, "anomaly": false}, "geometry": {"type": "LineString", "coordinates": [[135.57414041359237, 34.59988148788021], [135.57419214754017, 34.5996602246229], [135.57424388148797, 34.599438961365585], [135.57429561543577, 34.599217698108276], [135.5743473493836, 34.59899643485096]]}}, {"type": "Feature", "properties": {"id": "近畿道-下り-0-134", "route": "近畿道", "direction": "下り", "from": "八尾PA", "to": "長原IC", "grade": 0.0, "elevation_start": 0.0, "elevation_end": 0.0, "quality": "estimated", "structure": "bridge", "chain_rank": 0, "cum_dist_start": 13400.0, "cum_dist_end": 13500.0, "anomaly": false}, "geometry": {"type": "LineString", "coordinates": [[135.5743473493836, 34.59899643485096], [135.5743990833314, 34.59877517159365], [135.5744508172792, 34.598553908336335], [135.574502551227, 34.598332645079026], [135.57455428362024, 34.59811138158035]]}}, {"type": "Feature", "properties": {"id": "近畿道-下り-0-135", "route": "近畿道", "direction": "下り", "from": "八尾PA", "to": "長原IC", "grade": 0.0, "elevation_start": 0.0, "elevation_end": 0.0, "quality": "estimated", "structure": "bridge", "chain_rank": 0, "cum_dist_start": 13500.0, "cum_dist_end": 13600.0, "anomaly": false}, "geometry": {"type": "LineString", "coordinates": [[135.57455428362024, 34.59811138158035], [135.57460597899862, 34.59789011233479], [135.574657674377, 34.597668843089224], [135.5747093697554, 34.59744757384366], [135.57476106513377, 34.597226304598095]]}}, {"type": "Feature", "properties": {"id": "近畿道-下り-0-136", "route": "近畿道", "direction": "下り", "from": "八尾PA", "to": "長原IC", "grade": 0.0, "elevation_start": 0.0, "elevation_end": 0.0, "quality": "estimated", "structure": "bridge", "chain_rank": 0, "cum_dist_start": 13600.0, "cum_dist_end": 13700.0, "anomaly": false}, "geometry": {"type": "LineString", "coordinates": [[135.57476106513377, 34.597226304598095], [135.57481276051215, 34.59700503535253], [135.57486445589055, 34.59678376610697], [135.57491615126892, 34.5965624968614], [135.5749678466473, 34.59634122761584]]}}, {"type": "Feature", "properties": {"id": "近畿道-下り-0-137", "route": "近畿道", "direction": "下り", "from": "長原IC", "to": "松原JCT", "grade": 0.0, "elevation_start": 0.0, "elevation_end": 0.0, "quality": "estimated", "structure": "bridge", "chain_rank": 0, "cum_dist_start": 13700.0, "cum_dist_end": 13800.0, "anomaly": false}, "geometry": {"type": "LineString", "coordinates": [[135.5749678466473, 34.59634122761584], [135.5750195420257, 34.596119958370274], [135.57507123740407, 34.59589868912471], [135.57512293278245, 34.595677419879145], [135.57517462816085, 34.59545615063358]]}}, {"type": "Feature", "properties": {"id": "近畿道-下り-0-138", "route": "近畿道", "direction": "下り", "from": "長原IC", "to": "松原JCT", "grade": 0.0, "elevation_start": 0.0, "elevation_end": 0.0, "quality": "estimated", "structure": "bridge", "chain_rank": 0, "cum_dist_start": 13800.0, "cum_dist_end": 13900.0, "anomaly": false}, "geometry": {"type": "LineString", "coordinates": [[135.57517462816085, 34.59545615063358], [135.57522632353923, 34.595234881388016], [135.57527824664373, 34.59501364875113], [135.57533021441185, 34.59479242329424], [135.57538218217994, 34.594571197837354]]}}, {"type": "Feature", "properties": {"id": "近畿道-下り-0-139", "route": "近畿道", "direction": "下り", "from": "長原IC", "to": "松原JCT", "grade": 0.0, "elevation_start": 0.0, "elevation_end": 0.0, "quality": "estimated", "structure": "bridge", "chain_rank": 0, "cum_dist_start": 13900.0, "cum_dist_end": 14000.0, "anomaly": false}, "geometry": {"type": "LineString", "coordinates": [[135.57538218217994, 34.594571197837354], [135.57543414994802, 34.59434997238046], [135.57548611771614, 34.59412874692358], [135.57553808548423, 34.5939075214667], [135.5755900532523, 34.59368629600981]]}}, {"type": "Feature", "properties": {"id": "近畿道-下り-0-140", "route": "近畿道", "direction": "下り", "from": "長原IC", "to": "松原JCT", "grade": 0.0, "elevation_start": 0.0, "elevation_end": 0.0, "quality": "estimated", "structure": "bridge", "chain_rank": 0, "cum_dist_start": 14000.0, "cum_dist_end": 14100.0, "anomaly": false}, "geometry": {"type": "LineString", "coordinates": [[135.5755900532523, 34.59368629600981], [135.57564202102043, 34.593465070552924], [135.57569173024936, 34.59324350544018], [135.5757372803568, 34.59302131484792], [135.57578283046422, 34.59279912425565]]}}, {"type": "Feature", "properties": {"id": "近畿道-下り-0-141", "route": "近畿道", "direction": "下り", "from": "長原IC", "to": "松原JCT", "grade": 0.0, "elevation_start": 0.0, "elevation_end": 0.0, "quality": "estimated", "structure": "bridge", "chain_rank": 0, "cum_dist_start": 14100.0, "cum_dist_end": 14200.0, "anomaly": false}, "geometry": {"type": "LineString", "coordinates": [[135.57578283046422, 34.59279912425565], [135.57582888023498, 34.59257700459078], [135.57587397060615, 34.592354762526284], [135.57591284621708, 34.592131712087664], [135.5759450659539, 34.59190797227382]]}}, {"type": "Feature", "properties": {"id": "近畿道-下り-0-142", "route": "近畿道", "direction": "下り", "from": "長原IC", "to": "松原JCT", "grade": 0.0, "elevation_start": 0.0, "elevation_end": 0.0, "quality": "estimated", "structure": "bridge", "chain_rank": 0, "cum_dist_start": 14200.0, "cum_dist_end": 14300.0, "anomaly": false}, "geometry": {"type": "LineString", "coordinates": [[135.5759450659539, 34.59190797227382], [135.57596518431916, 34.591683280926134], [135.57597512258047, 34.5914580741981], [135.57596772292797, 34.59123281675782], [135.57595018699928, 34.59100795345699]]}}, {"type": "Feature", "properties": {"id": "近畿道-下り-0-143", "route": "近畿道", "direction": "下り", "from": "長原IC", "to": "松原JCT", "grade": 0.0, "elevation_start": 0.0, "elevation_end": 0.0, "quality": "estimated", "structure": "normal", "chain_rank": 0, "cum_dist_start": 14300.0, "cum_dist_end": 14400.0, "anomaly": false}, "geometry": {"type": "LineString", "coordinates": [[135.57595018699928, 34.59100795345699], [135.57592104527353, 34.5907839510254], [135.57587249364113, 34.59056227072963], [135.57581746365395, 34.59034155995896], [135.57575031128897, 34.5901231761247]]}}, {"type": "Feature", "properties": {"id": "近畿道-下り-1-0", "route": "近畿道", "direction": "下り", "from": null, "to": "門真JCT", "grade": 0.0, "elevation_start": 0.0, "elevation_end": 0.0, "quality": "estimated", "structure": "bridge", "chain_rank": 1, "cum_dist_start": 0.0, "cum_dist_end": 100.0, "anomaly": false}, "geometry": {"type": "LineString", "coordinates": [[135.591831, 34.7109303], [135.59175785861845, 34.71114741198296], [135.5916792713113, 34.71136320091794], [135.59159636115825, 34.711577856814905], [135.59149981464876, 34.71178863975956]]}}, {"type": "Feature", "properties": {"id": "近畿道-下り-1-1", "route": "近畿道", "direction": "下り", "from": null, "to": "門真JCT", "grade": 0.0, "elevation_start": 0.0, "elevation_end": 0.0, "quality": "estimated", "structure": "bridge", "chain_rank": 1, "cum_dist_start": 100.0, "cum_dist_end": 200.0, "anomaly": false}, "geometry": {"type": "LineString", "coordinates": [[135.59149981464876, 34.71178863975956], [135.5913938564142, 34.71199631576879], [135.59128058996592, 34.71220131815398], [135.59116441427753, 34.71240523170441], [135.5910463557355, 34.712608410384995]]}}, {"type": "Feature", "properties": {"id": "近畿道-下り-1-2", "route": "近畿道", "direction": "下り", "from": null, "to": "門真JCT", "grade": 0.0, "elevation_start": 0.0, "elevation_end": 0.0, "quality": "estimated", "structure": "bridge", "chain_rank": 1, "cum_dist_start": 200.0, "cum_dist_end": 300.0, "anomaly": false}, "geometry": {"type": "LineString", "coordinates": [[135.5910463557355, 34.712608410384995], [135.59092880877444, 34.712811791776346], [135.59081130789573, 34.713015191427544], [135.59069380701703, 34.713218591078736], [135.59057630613833, 34.713421990729934]]}}, {"type": "Feature", "properties": {"id": "近畿道-下り-1-3", "route": "近畿道", "direction": "下り", "from": null, "to": "門真JCT", "grade": 0.0, "elevation_start": 0.0, "elevation_end": 0.0, "quality": "estimated", "structure": "bridge", "chain_rank": 1, "cum_dist_start": 300.0, "cum_dist_end": 400.0, "anomaly": false}, "geometry": {"type": "LineString", "coordinates": [[135.59057630613833, 34.713421990729934], [135.5904588052596, 34.713625390381125], [135.5903413043809, 34.71382879003232], [135.5902238035022, 34.71403218968352], [135.5901063026235, 34.71423558933471]]}}, {"type": "Feature", "properties": {"id": "近畿道-下り-1-4", "route": "近畿道", "direction": "下り", "from": null, "to": "門真JCT", "grade": 0.0, "elevation_start": 0.0, "elevation_end": 0.0, "quality": "estimated", "structure": "bridge", "chain_rank": 1, "cum_dist_start": 400.0, "cum_dist_end": 500.0, "anomaly": false}, "geometry": {"type": "LineString", "coordinates": [[135.5901063026235, 34.71423558933471], [135.5899888017448, 34.71443898898591], [135.5898713008661, 34.7146423886371], [135.58975379998736, 34.7148457882883], [135.58963417235407, 34.71504834151332]]}}, {"type": "Feature", "properties": {"id": "近畿道-下り-1-5", "route": "近畿道", "direction": "下り", "from": "門真JCT", "to": "門真IC", "grade": 0.0, "elevation_start": 0.0, "elevation_end": 0.0, "quality": "estimated", "structure": "bridge", "chain_rank": 1, "cum_dist_start": 500.0, "cum_dist_end": 600.0, "anomaly": false}, "geometry": {"type": "LineString", "coordinates": [[135.58963417235407, 34.71504834151332], [135.58951451560918, 34.715250883075065], [135.58939566968112, 34.71545374812113], [135.58927765299703, 34.715656945025316], [135.58915967491, 34.7158601572509]]}}, {"type": "Feature", "properties": {"id": "近畿道-下り-1-6", "route": "近畿道", "direction": "下り", "from": "門真JCT", "to": "門真IC", "grade": 0.0, "elevation_start": 0.0, "elevation_end": 0.0, "quality": "estimated", "structure": "bridge", "chain_rank": 1, "cum_dist_start": 600.0, "cum_dist_end": 700.0, "anomaly": false}, "geometry": {"type": "LineString", "coordinates": [[135.58915967491, 34.7158601572509], [135.58904132944937, 34.71606322380571], [135.58892245054176, 34.71626607872383], [135.58880357163414, 34.716468933641934], [135.58868469272653, 34.71667178856004]]}}, {"type": "Feature", "properties": {"id": "近畿道-下り-1-7", "route": "近畿道", "direction": "下り", "from": "門真JCT", "to": "門真IC", "grade": 0.0, "elevation_start": 0.0, "elevation_end": 0.0, "quality": "estimated", "structure": "bridge", "chain_rank": 1, "cum_dist_start": 700.0, "cum_dist_end": 800.0, "anomaly": false}, "geometry": {"type": "LineString", "coordinates": [[135.58868469272653, 34.71667178856004], [135.58856581381892, 34.71687464347815], [135.5884469349113, 34.717077498396264], [135.5883280560037, 34.71728035331437], [135.58820917709608, 34.71748320823248]]}}, {"type": "Feature", "properties": {"id": "近畿道-下り-1-8", "route": "近畿道", "direction": "下り", "from": "門真JCT", "to": "門真IC", "grade": 0.0, "elevation_start": 0.0, "elevation_end": 0.0, "quality": "estimated", "structure": "bridge", "chain_rank": 1, "cum_dist_start": 800.0, "cum_dist_end": 900.0, "anomaly": false}, "geometry": {"type": "LineString", "coordinates": [[135.58820917709608, 34.71748320823248], [135.58809029818846, 34.71768606315059], [135.58797141928085, 34.7178889180687], [135.58785254037323, 34.71809177298681], [135.58773366146562, 34.71829462790492]]}}, {"type": "Feature", "properties": {"id": "近畿道-下り-1-9", "route": "近畿道", "direction": "下り", "from": "門真JCT", "to": "門真IC", "grade": 0.0, "elevation_start": 0.0, "elevation_end": 0.0, "quality": "estimated", "structure": "bridge", "chain_rank": 1, "cum_dist_start": 900.0, "cum_dist_end": 1000.0, "anomaly": false}, "geometry": {"type": "LineString", "coordinates": [[135.58773366146562, 34.71829462790492], [135.587614782558, 34.718497482823025], [135.5874959036504, 34.71870033774113], [135.58737702474278, 34.71890319265925], [135.58725685820744, 34.71910553084405]]}}, {"type": "Feature", "properties": {"id": "近畿道-下り-1-10", "route": "近畿道", "direction": "下り", "from": "門真JCT", "to": "門真IC", "grade": 0.0, "elevation_start": 0.0, "elevation_end": 0.0, "quality": "estimated", "structure": "bridge", "chain_rank": 1, "cum_dist_start": 1000.0, "cum_dist_end": 1100.0, "anomaly": false}, "geometry": {"type": "LineString", "coordinates": [[135.58725685820744, 34.71910553084405], [135.58713668267654, 34.71930786541888], [135.58701650714565, 34.71951019999371], [135.58689633161475, 34.71971253456854], [135.58677615608386, 34.71991486914336]]}}, {"type": "Feature", "properties": {"id": "近畿道-下り-1-11", "route": "近畿道", "direction": "下り", "from": "門真JCT", "to": "門真IC", "grade": 0.0, "elevation_start": 0.0, "elevation_end": 0.0, "quality": "estimated", "structure": "bridge", "chain_rank": 1, "cum_dist_start": 1100.0, "cum_dist_end": 1200.0, "anomaly": false}, "geometry": {"type": "LineString", "coordinates": [[135.58677615608386, 34.71991486914336], [135.58665598055296, 34.72011720371819], [135.58653580502207, 34.72031953829302], [135.586417547947, 34.72052263592908], [135.58630097081812, 34.72072640175972]]}}, {"type": "Feature", "properties": {"id": "近畿道-下り-1-12", "route": "近畿道", "direction": "下り", "from": "門真JCT", "to": "門真IC", "grade": 0.0, "elevation_start": 0.0, "elevation_end": 0.0, "quality": "estimated", "structure": "bridge", "chain_rank": 1, "cum_dist_start": 1200.0, "cum_dist_end": 1300.0, "anomaly": false}, "geometry": {"type": "LineString", "coordinates": [[135.58630097081812, 34.72072640175972], [135.58618439368922, 34.72093016759037], [135.58606781656033, 34.72113393342101], [135.58595123943144, 34.72133769925165], [135.58583466230255, 34.721541465082296]]}}, {"type": "Feature", "properties": {"id": "近畿道-下り-1-13", "route": "近畿道", "direction": "下り", "from": "門真JCT", "to": "門真IC", "grade": 0.0, "elevation_start": 0.0, "elevation_end": 0.0, "quality": "estimated", "structure": "bridge", "chain_rank": 1, "cum_dist_start": 1300.0, "cum_dist_end": 1400.0, "anomaly": false}, "geometry": {"type": "LineString", "coordinates": [[135.58583466230255, 34.721541465082296], [135.58571808517365, 34.72174523091294], [135.58560150804476, 34.72194899674358], [135.58548493091587, 34.722152762574225], [135.58536835378698, 34.722356528404866]]}}, {"type": "Feature", "properties": {"id": "近畿道-下り-1-14", "route": "近畿道", "direction": "下り", "from": "門真JCT", "to": "門真IC", "grade": 0.0, "elevation_start": 0.0, "elevation_end": 0.0, "quality": "estimated", "structure": "bridge", "chain_rank": 1, "cum_dist_start": 1400.0, "cum_dist_end": 1500.0, "anomaly": false}, "geometry": {"type": "LineString", "coordinates": [[135.58536835378698, 34.722356528404866], [135.58525177665808, 34.72256029423551], [135.5851351995292, 34.722764060066154], [135.58501948889682, 34.722968160909524], [135.58490483665923, 34.72317267095907]]}}, {"type": "Feature", "properties": {"id": "近畿道-下り-1-15", "route": "近畿道", "direction": "下り", "from": "門真JCT", "to": "門真IC", "grade": 0.0, "elevation_start": 0.0, "elevation_end": 0.0, "quality": "estimated", "structure": "bridge", "chain_rank": 1, "cum_dist_start": 1500.0, "cum_dist_end": 1600.0, "anomaly": false}, "geometry": {"type": "LineString", "coordinates": [[135.58490483665923, 34.72317267095907], [135.58479018442165, 34.72337718100863], [135.58467553218406, 34.72358169105818], [135.58456087994648, 34.723786201107735], [135.5844462277089, 34.723990711157285]]}}, {"type": "Feature", "properties": {"id": "近畿道-下り-1-16", "route": "近畿道", "direction": "下り", "from": "門真JCT", "to": "門真IC", "grade": 0.0, "elevation_start": 0.0, "elevation_end": 0.0, "quality": "estimated", "structure": "bridge", "chain_rank": 1, "cum_dist_start": 1600.0, "cum_dist_end": 1700.0, "anomaly": false}, "geometry": {"type": "LineString", "coordinates": [[135.5844462277089, 34.723990711157285], [135.58433157547134, 34.72419522120684], [135.58421692323375, 34.72439973125639], [135.58410541856162, 34.72460540398575], [135.58399720719214, 34.7248122932288]]}}, {"type": "Feature", "properties": {"id": "近畿道-下り-1-17", "route": "近畿道", "direction": "下り", "from": "門真JCT", "to": "門真IC", "grade": 0.0, "elevation_start": 0.0, "elevation_end": 0.0, "quality": "estimated", "structure": "bridge", "chain_rank": 1, "cum_dist_start": 1700.0, "cum_dist_end": 1800.0, "anomaly": false}, "geometry": {"type": "LineString", "coordinates": [[135.58399720719214, 34.7248122932288], [135.58388899582263, 34.72501918247185], [135.58378078445313, 34.72522607171489], [135.58367257308365, 34.72543296095794], [135.58356436171414, 34.725639850200984]]}}, {"type": "Feature", "properties": {"id": "近畿道-下り-1-18", "route": "近畿道", "direction": "下り", "from": "門真JCT", "to": "門真IC", "grade": 0.0, "elevation_start": 0.0, "elevation_end": 0.0, "quality": "estimated", "structure": "bridge", "chain_rank": 1, "cum_dist_start": 1800.0, "cum_dist_end": 1900.0, "anomaly": false}, "geometry": {"type": "LineString", "coordinates": [[135.58356436171414, 34.725639850200984], [135.5834562849678, 34.725846786166315], [135.58335301239808, 34.726055389467874], [135.58324973982832, 34.726263992769425], [135.5831464672586, 34.726472596070984]]}}, {"type": "Feature", "properties": {"id": "近畿道-下り-1-19", "route": "近畿道", "direction": "下り", "from": "門真JCT", "to": "門真IC", "grade": 0.0, "elevation_start": 0.0, "elevation_end": 0.0, "quality": "estimated", "structure": "bridge", "chain_rank": 1, "cum_dist_start": 1900.0, "cum_dist_end": 2000.0, "anomaly": false}, "geometry": {"type": "LineString", "coordinates": [[135.5831464672586, 34.726472596070984], [135.58304319468886, 34.72668119937254], [135.58294260734272, 34.72689067147493], [135.58284673406916, 34.72710166880979], [135.58275646439435, 34.727314293014224]]}}, {"type": "Feature", "properties": {"id": "近畿道-下り-1-20", "route": "近畿道", "direction": "下り", "from": "門真JCT", "to": "門真IC", "grade": 0.0, "elevation_start": 0.0, "elevation_end": 0.0, "quality": "estimated", "structure": "bridge", "chain_rank": 1, "cum_dist_start": 2000.0, "cum_dist_end": 2100.0, "anomaly": false}, "geometry": {"type": "LineString", "coordinates": [[135.58275646439435, 34.727314293014224], [135.582671284669, 34.7275283949626], [135.58259363328585, 34.72774441331425], [135.58251918334568, 34.72796119871747], [135.5824577845689, 34.72818077948346]]}}, {"type": "Feature", "properties": {"id": "近畿道-下り-1-21", "route": "近畿道", "direction": "下り", "from": "門真JCT", "to": "門真IC", "grade": 0.0, "elevation_start": 0.0, "elevation_end": 0.0, "quality": "estimated", "structure": "bridge", "chain_rank": 1, "cum_dist_start": 2100.0, "cum_dist_end": 2200.0, "anomaly": false}, "geometry": {"type": "LineString", "coordinates": [[135.5824577845689, 34.72818077948346], [135.58240312440037, 34.728401485515136], [135.58235633815684, 34.728623506396616], [135.58232561939047, 34.72884734514371], [135.58230025615003, 34.72907170249704]]}}, {"type": "Feature", "properties": {"id": "近畿道-下り-1-22", "route": "近畿道", "direction": "下り", "from": "門真IC", "to": "守口JCT", "grade": 0.0, "elevation_start": 0.0, "elevation_end": 0.0, "quality": "estimated", "structure": "bridge", "chain_rank": 1, "cum_dist_start": 2200.0, "cum_dist_end": 2300.0, "anomaly": false}, "geometry": {"type": "LineString", "coordinates": [[135.58230025615003, 34.72907170249704], [135.58228292911346, 34.729296603931246], [135.58226949030868, 34.729521661590304], [135.58226028235612, 34.72974688924033], [135.58225612038532, 34.72997220305755]]}}, {"type": "Feature", "properties": {"id": "近畿道-下り-1-23", "route": "近畿道", "direction": "下り", "from": "門真IC", "to": "守口JCT", "grade": 0.0, "elevation_start": 0.0, "elevation_end": 0.0, "quality": "estimated", "structure": "bridge", "chain_rank": 1, "cum_dist_start": 2300.0, "cum_dist_end": 2400.0, "anomaly": false}, "geometry": {"type": "LineString", "coordinates": [[135.58225612038532, 34.72997220305755], [135.58225403257288, 34.730197552293916], [135.58225194476043, 34.73042290153028], [135.58224985694798, 34.73064825076664], [135.5822477691355, 34.73087360000301]]}}, {"type": "Feature", "properties": {"id": "近畿道-下り-1-24", "route": "近畿道", "direction": "下り", "from": "門真IC", "to": "守口JCT", "grade": 0.0, "elevation_start": 0.0, "elevation_end": 0.0, "quality": "estimated", "structure": "bridge", "chain_rank": 1, "cum_dist_start": 2400.0, "cum_dist_end": 2500.0, "anomaly": false}, "geometry": {"type": "LineString", "coordinates": [[135.5822477691355, 34.73087360000301], [135.58224568132306, 34.731098949239374], [135.5822435935106, 34.73132429847574], [135.58224150569814, 34.73154964771211], [135.5822394178857, 34.731774996948474]]}}, {"type": "Feature", "properties": {"id": "近畿道-下り-1-25", "route": "近畿道", "direction": "下り", "from": "門真IC", "to": "守口JCT", "grade": 0.0, "elevation_start": 0.0, "elevation_end": 0.0, "quality": "estimated", "structure": "bridge", "chain_rank": 1, "cum_dist_start": 2500.0, "cum_dist_end": 2600.0, "anomaly": false}, "geometry": {"type": "LineString", "coordinates": [[135.5822394178857, 34.731774996948474], [135.58223733007324, 34.73200034618484], [135.5822352422608, 34.73222569542121], [135.58223315444832, 34.732451044657566], [135.58223106663587, 34.73267639389393]]}}, {"type": "Feature", "properties": {"id": "近畿道-下り-1-26", "route": "近畿道", "direction": "下り", "from": "門真IC", "to": "守口JCT", "grade": 0.0, "elevation_start": 0.0, "elevation_end": 0.0, "quality": "estimated", "structure": "bridge", "chain_rank": 1, "cum_dist_start": 2600.0, "cum_dist_end": 2700.0, "anomaly": false}, "geometry": {"type": "LineString", "coordinates": [[135.58223106663587, 34.73267639389393], [135.58222897882342, 34.7329017431303], [135.58222689101095, 34.733127092366665], [135.5822248031985, 34.73335244160303], [135.58222271538605, 34.7335777908394]]}}, {"type": "Feature", "properties": {"id": "近畿道-下り-1-27", "route": "近畿道", "direction": "下り", "from": "門真IC", "to": "守口JCT", "grade": 0.0, "elevation_start": 0.0, "elevation_end": 0.0, "quality": "estimated", "structure": "bridge", "chain_rank": 1, "cum_dist_start": 2700.0, "cum_dist_end": 2800.0, "anomaly": false}, "geometry": {"type": "LineString", "coordinates": [[135.58222271538605, 34.7335777908394], [135.58222032937647, 34.73380313789778], [135.58221775227864, 34.73402848356049], [135.5822151751808, 34.734253829223206], [135.58221259808295, 34.73447917488592]]}}, {"type": "Feature", "properties": {"id": "近畿道-下り-1-28", "route": "近畿道", "direction": "下り", "from": "門真IC", "to": "守口JCT", "grade": 0.0, "elevation_start": 0.0, "elevation_end": 0.0, "quality": "estimated", "structure": "bridge", "chain_rank": 1, "cum_dist_start": 2800.0, "cum_dist_end": 2900.0, "anomaly": false}, "geometry": {"type": "LineString", "coordinates": [[135.58221259808295, 34.73447917488592], [135.58221002098512, 34.734704520548625], [135.58220744388728, 34.73492986621134], [135.58220486678943, 34.73515521187405], [135.5822022896916, 34.73538055753676]]}}, {"type": "Feature", "properties": {"id": "近畿道-下り-1-29", "route": "近畿道", "direction": "下り", "from": "門真IC", "to": "守口JCT", "grade": 0.0, "elevation_start": 0.0, "elevation_end": 0.0, "quality": "estimated", "structure": "bridge", "chain_rank": 1, "cum_dist_start": 2900.0, "cum_dist_end": 3000.0, "anomaly": false}, "geometry": {"type": "LineString", "coordinates": [[135.5822022896916, 34.73538055753676], [135.58219971259373, 34.73560590319947], [135.5821971354959, 34.73583124886218], [135.58219455839807, 34.7360565945249], [135.5821919813002, 34.7362819401876]]}}, {"type": "Feature", "properties": {"id": "近畿道-下り-1-30", "route": "近畿道", "direction": "下り", "from": "門真IC", "to": "守口JCT", "grade": 0.0, "elevation_start": 0.0, "elevation_end": 0.0, "quality": "estimated", "structure": "bridge", "chain_rank": 1, "cum_dist_start": 3000.0, "cum_dist_end": 3100.0, "anomaly": false}, "geometry": {"type": "LineString", "coordinates": [[135.5821919813002, 34.7362819401876], [135.5821893607877, 34.73650728546581], [135.5821866430965, 34.73673262988336], [135.5821839254053, 34.736957974300914], [135.5821812077141, 34.737183318718465]]}}, {"type": "Feature", "properties": {"id": "近畿道-下り-1-31", "route": "近畿道", "direction": "下り", "from": "門真IC", "to": "守口JCT", "grade": 0.0, "elevation_start": 0.0, "elevation_end": 0.0, "quality": "estimated", "structure": "bridge", "chain_rank": 1, "cum_dist_start": 3100.0, "cum_dist_end": 3200.0, "anomaly": false}, "geometry": {"type": "LineString", "coordinates": [[135.5821812077141, 34.737183318718465], [135.5821784900229, 34.737408663136016], [135.58217577233168, 34.73763400755357], [135.5821730546405, 34.73785935197112], [135.58217033694928, 34.73808469638867]]}}, {"type": "Feature", "properties": {"id": "近畿道-下り-1-32", "route": "近畿道", "direction": "下り", "from": "門真IC", "to": "守口JCT", "grade": 0.0, "elevation_start": 0.0, "elevation_end": 0.0, "quality": "estimated", "structure": "bridge", "chain_rank": 1, "cum_dist_start": 3200.0, "cum_dist_end": 3300.0, "anomaly": false}, "geometry": {"type": "LineString", "coordinates": [[135.58217033694928, 34.73808469638867], [135.5821676192581, 34.73831004080622], [135.58216490156687, 34.73853538522377], [135.58216218387568, 34.73876072964132], [135.58215946618446, 34.73898607405887]]}}, {"type": "Feature", "properties": {"id": "近畿道-下り-1-33", "route": "近畿道", "direction": "下り", "from": "門真IC", "to": "守口JCT", "grade": 0.0, "elevation_start": 0.0, "elevation_end": 0.0, "quality": "estimated", "structure": "bridge", "chain_rank": 1, "cum_dist_start": 3300.0, "cum_dist_end": 3400.0, "anomaly": false}, "geometry": {"type": "LineString", "coordinates": [[135.58215946618446, 34.73898607405887], [135.58215674849328, 34.73921141847642], [135.58215403080206, 34.73943676289397], [135.58215131311087, 34.739662107311524], [135.58214859541965, 34.739887451729075]]}}, {"type": "Feature", "properties": {"id": "近畿道-下り-1-34", "route": "近畿道", "direction": "下り", "from": "門真IC", "to": "守口JCT", "grade": 0.0, "elevation_start": 0.0, "elevation_end": 0.0, "quality": "estimated", "structure": "bridge", "chain_rank": 1, "cum_dist_start": 3400.0, "cum_dist_end": 3500.0, "anomaly": false}, "geometry": {"type": "LineString", "coordinates": [[135.58214859541965, 34.739887451729075], [135.58214587772846, 34.740112796146626], [135.58214119147374, 34.74033811688272], [135.5821359737634, 34.740563431225496], [135.5821250613091, 34.740788571522245]]}}, {"type": "Feature", "properties": {"id": "近畿道-下り-1-35", "route": "近畿道", "direction": "下り", "from": "門真IC", "to": "守口JCT", "grade": 0.0, "elevation_start": 0.0, "elevation_end": 0.0, "quality": "estimated", "structure": "bridge", "chain_rank": 1, "cum_dist_start": 3500.0, "cum_dist_end": 3600.0, "anomaly": false}, "geometry": {"type": "LineString", "coordinates": [[135.5821250613091, 34.740788571522245], [135.58211008208676, 34.741013587528094], [135.58208753100388, 34.741238064454485], [135.58205561609603, 34.741461874722305], [135.58201826106077, 34.741685059962045]]}}, {"type": "Feature", "properties": {"id": "近畿道-下り-1-36", "route": "近畿道", "direction": "下り", "from": "門真IC", "to": "守口JCT", "grade": 0.0, "elevation_start": 0.0, "elevation_end": 0.0, "quality": "estimated", "structure": "bridge", "chain_rank": 1, "cum_dist_start": 3600.0, "cum_dist_end": 3700.0, "anomaly": false}, "geometry": {"type": "LineString", "coordinates": [[135.58201826106077, 34.741685059962045], [135.58197492281482, 34.74190755777768], [135.5819224431015, 34.74212861438397], [135.58186339323984, 34.74234863516541], [135.58180036487215, 34.74256785924301]]}}, {"type": "Feature", "properties": {"id": "近畿道-下り-1-37", "route": "近畿道", "direction": "下り", "from": "門真IC", "to": "守口JCT", "grade": 0.0, "elevation_start": 0.0, "elevation_end": 0.0, "quality": "estimated", "structure": "bridge", "chain_rank": 1, "cum_dist_start": 3700.0, "cum_dist_end": 3800.0, "anomaly": false}, "geometry": {"type": "LineString", "coordinates": [[135.58180036487215, 34.74256785924301], [135.58173071184925, 34.74278575672008], [135.58165612489367, 34.74300242688885], [135.58156832815212, 34.743215811143315], [135.58147833406576, 34.7434285297514]]}}, {"type": "Feature", "properties": {"id": "近畿道-下り-1-38", "route": "近畿道", "direction": "下り", "from": "門真IC", "to": "守口JCT", "grade": 0.0, "elevation_start": 0.0, "elevation_end": 0.0, "quality": "estimated", "structure": "bridge", "chain_rank": 1, "cum_dist_start": 3800.0, "cum_dist_end": 3900.0, "anomaly": false}, "geometry": {"type": "LineString", "coordinates": [[135.58147833406576, 34.7434285297514], [135.58137806561734, 34.74363813592484], [135.5812777496835, 34.743847725546644], [135.58116566167075, 34.74405321186314], [135.58105354361285, 34.74425868689822]]}}, {"type": "Feature", "properties": {"id": "近畿道-下り-1-39", "route": "近畿道", "direction": "下り", "from": "門真IC", "to": "守口JCT", "grade": 0.0, "elevation_start": 0.0, "elevation_end": 0.0, "quality": "estimated", "structure": "bridge", "chain_rank": 1, "cum_dist_start": 3900.0, "cum_dist_end": 4000.0, "anomaly": false}, "geometry": {"type": "LineString", "coordinates": [[135.58105354361285, 34.74425868689822], [135.58093924921423, 34.7444633447555], [135.5808249548156, 34.74466800261279], [135.58071066041697, 34.74487266047008], [135.58059636601834, 34.74507731832736]]}}, {"type": "Feature", "properties": {"id": "近畿道-下り-1-40", "route": "近畿道", "direction": "下り", "from": "門真IC", "to": "守口JCT", "grade": 0.0, "elevation_start": 0.0, "elevation_end": 0.0, "quality": "estimated", "structure": "bridge", "chain_rank": 1, "cum_dist_start": 4000.0, "cum_dist_end": 4100.0, "anomaly": false}, "geometry": {"type": "LineString", "coordinates": [[135.58059636601834, 34.74507731832736], [135.5804820716197, 34.74528197618465], [135.58036777722108, 34.74548663404194], [135.58025348282246, 34.74569129189922], [135.5801391884238, 34.74589594975651]]}}, {"type": "Feature", "properties": {"id": "近畿道-下り-1-41", "route": "近畿道", "direction": "下り", "from": "門真IC", "to": "守口JCT", "grade": 0.0, "elevation_start": 0.0, "elevation_end": 0.0, "quality": "estimated", "structure": "bridge", "chain_rank": 1, "cum_dist_start": 4100.0, "cum_dist_end": 4200.0, "anomaly": false}, "geometry": {"type": "LineString", "coordinates": [[135.5801391884238, 34.74589594975651], [135.58002489402517, 34.7461006076138], [135.57991059962654, 34.746305265471086], [135.57979630522792, 34.74650992332837], [135.5796820108293, 34.74671458118566]]}}, {"type": "Feature", "properties": {"id": "近畿道-下り-1-42", "route": "近畿道", "direction": "下り", "from": "門真IC", "to": "守口JCT", "grade": 0.0, "elevation_start": 0.0, "elevation_end": 0.0, "quality": "estimated", "structure": "bridge", "chain_rank": 1, "cum_dist_start": 4200.0, "cum_dist_end": 4300.0, "anomaly": false}, "geometry": {"type": "LineString", "coordinates": [[135.5796820108293, 34.74671458118566], [135.57956771643066, 34.746919239042946], [135.57945342203203, 34.74712389690023], [135.5793391276334, 34.747328554757516], [135.57922483323478, 34.747533212614805]]}}, {"type": "Feature", "properties": {"id": "近畿道-下り-1-43", "route": "近畿道", "direction": "下り", "from": "門真IC", "to": "守口JCT", "grade": 0.0, "elevation_start": 0.0, "elevation_end": 0.0, "quality": "estimated", "structure": "bridge", "chain_rank": 1, "cum_dist_start": 4300.0, "cum_dist_end": 4400.0, "anomaly": false}, "geometry": {"type": "LineString", "coordinates": [[135.57922483323478, 34.747533212614805], [135.57911053883615, 34.74773787047209], [135.57899624443752, 34.747942528329375], [135.5788819500389, 34.748147186186664], [135.57876765564026, 34.74835184404395]]}}, {"type": "Feature", "properties": {"id": "近畿道-下り-1-44", "route": "近畿道", "direction": "下り", "from": "門真IC", "to": "守口JCT", "grade": 0.0, "elevation_start": 0.0, "elevation_end": 0.0, "quality": "estimated", "structure": "bridge", "chain_rank": 1, "cum_dist_start": 4400.0, "cum_dist_end": 4500.0, "anomaly": false}, "geometry": {"type": "LineString", "coordinates": [[135.57876765564026, 34.74835184404395], [135.57865336124163, 34.748556501901234], [135.578539066843, 34.74876115975852], [135.57842477244438, 34.74896581761581], [135.57831047804575, 34.74917047547309]]}}, {"type": "Feature", "properties": {"id": "近畿道-下り-1-45", "route": "近畿道", "direction": "下り", "from": "門真IC", "to": "守口JCT", "grade": 0.0, "elevation_start": 0.0, "elevation_end": 0.0, "quality": "estimated", "structure": "bridge", "chain_rank": 1, "cum_dist_start": 4500.0, "cum_dist_end": 4600.0, "anomaly": false}, "geometry": {"type": "LineString", "coordinates": [[135.57831047804575, 34.74917047547309], [135.57820072299634, 34.74937679204357], [135.57809432837655, 34.749584330424824], [135.57799259026112, 34.749793456126845], [135.57789085214566, 34.75000258182887]]}}, {"type": "Feature", "properties": {"id": "近畿道-下り-1-46", "route": "近畿道", "direction": "下り", "from": "門真IC", "to": "守口JCT", "grade": 0.0, "elevation_start": 0.0, "elevation_end": 0.0, "quality": "estimated", "structure": "bridge", "chain_rank": 1, "cum_dist_start": 4600.0, "cum_dist_end": 4700.0, "anomaly": false}, "geometry": {"type": "LineString", "coordinates": [[135.57789085214566, 34.75000258182887], [135.57778911403022, 34.750211707530895], [135.5776873759148, 34.75042083323292], [135.57758563779936, 34.750629958934944], [135.57748389968393, 34.75083908463697]]}}, {"type": "Feature", "properties": {"id": "近畿道-下り-1-47", "route": "近畿道", "direction": "下り", "from": "門真IC", "to": "守口JCT", "grade": 0.0, "elevation_start": 0.0, "elevation_end": 0.0, "quality": "estimated", "structure": "bridge", "chain_rank": 1, "cum_dist_start": 4700.0, "cum_dist_end": 4800.0, "anomaly": false}, "geometry": {"type": "LineString", "coordinates": [[135.57748389968393, 34.75083908463697], [135.5773821615685, 34.75104821033899], [135.57728042345306, 34.75125733604102], [135.57717868533763, 34.75146646174304], [135.57707694722217, 34.75167558744507]]}}, {"type": "Feature", "properties": {"id": "近畿道-下り-1-48", "route": "近畿道", "direction": "下り", "from": "門真IC", "to": "守口JCT", "grade": 0.0, "elevation_start": 0.0, "elevation_end": 0.0, "quality": "estimated", "structure": "bridge", "chain_rank": 1, "cum_dist_start": 4800.0, "cum_dist_end": 4900.0, "anomaly": false}, "geometry": {"type": "LineString", "coordinates": [[135.57707694722217, 34.75167558744507], [135.57697787362963, 34.75188557245058], [135.57688094273607, 34.7520962484724], [135.57678401184253, 34.75230692449421], [135.57668524147215, 34.75251699782479]]}}, {"type": "Feature", "properties": {"id": "近畿道-下り-1-49", "route": "近畿道", "direction": "下り", "from": "門真IC", "to": "守口JCT", "grade": 0.0, "elevation_start": 0.0, "elevation_end": 0.0, "quality": "estimated", "structure": "bridge", "chain_rank": 1, "cum_dist_start": 4900.0, "cum_dist_end": 5000.0, "anomaly": false}, "geometry": {"type": "LineString", "coordinates": [[135.57668524147215, 34.75251699782479], [135.5765806970279, 34.75272517932196], [135.57647615258367, 34.75293336081913], [135.5763737305862, 34.75314221415489], [135.57627890625307, 34.753353492776014]]}}, {"type": "Feature", "properties": {"id": "近畿道-下り-1-50", "route": "近畿道", "direction": "下り", "from": "門真IC", "to": "守口JCT", "grade": 0.0, "elevation_start": 0.0, "elevation_end": 0.0, "quality": "estimated", "structure": "bridge", "chain_rank": 1, "cum_dist_start": 5000.0, "cum_dist_end": 5100.0, "anomaly": false}, "geometry": {"type": "LineString", "coordinates": [[135.57627890625307, 34.753353492776014], [135.57617713650754, 34.7535626090957], [135.576075366762, 34.7537717254154], [135.57597359701646, 34.753980841735086], [135.57587261047053, 34.75419021680409]]}}, {"type": "Feature", "properties": {"id": "近畿道-下り-1-51", "route": "近畿道", "direction": "下り", "from": "守口JCT", "to": "守口", "grade": 0.0, "elevation_start": 0.0, "elevation_end": 0.0, "quality": "estimated", "structure": "bridge", "chain_rank": 1, "cum_dist_start": 5100.0, "cum_dist_end": 5200.0, "anomaly": false}, "geometry": {"type": "LineString", "coordinates": [[135.57587261047053, 34.75419021680409], [135.57577164768887, 34.7543995997242], [135.5756706849072, 34.75460898264432], [135.57556972212552, 34.75481836556443], [135.57546783099278, 34.755027438014444]]}}, {"type": "Feature", "properties": {"id": "近畿道-下り-1-52", "route": "近畿道", "direction": "下り", "from": "守口", "to": "摂津南IC", "grade": 0.0, "elevation_start": 0.0, "elevation_end": 0.0, "quality": "estimated", "structure": "bridge", "chain_rank": 1, "cum_dist_start": 5200.0, "cum_dist_end": 5300.0, "anomaly": false}, "geometry": {"type": "LineString", "coordinates": [[135.57546783099278, 34.755027438014444], [135.5753636737049, 34.755235752590174], [135.57525046814737, 34.75544075371445], [135.5751312441509, 34.75564348796136], [135.57500752127063, 34.755844329002834]]}}, {"type": "Feature", "properties": {"id": "近畿道-下り-1-53", "route": "近畿道", "direction": "下り", "from": "守口", "to": "摂津南IC", "grade": 0.0, "elevation_start": 0.0, "elevation_end": 0.0, "quality": "estimated", "structure": "bridge", "chain_rank": 1, "cum_dist_start": 5300.0, "cum_dist_end": 5400.0, "anomaly": false}, "geometry": {"type": "LineString", "coordinates": [[135.57500752127063, 34.755844329002834], [135.57487174325794, 34.7560398467123], [135.5747329754754, 34.756233916408775], [135.5745934589989, 34.7564276324929], [135.57445434146956, 34.756621545065215]]}}, {"type": "Feature", "properties": {"id": "近畿道-下り-1-54", "route": "近畿道", "direction": "下り", "from": "守口", "to": "摂津南IC", "grade": 0.0, "elevation_start": 0.0, "elevation_end": 0.0, "quality": "estimated", "structure": "bridge", "chain_rank": 1, "cum_dist_start": 5400.0, "cum_dist_end": 5500.0, "anomaly": false}, "geometry": {"type": "LineString", "coordinates": [[135.57445434146956, 34.756621545065215], [135.57431522394023, 34.75681545763752], [135.5741761064109, 34.757009370209836], [135.57403521614066, 34.757202388878994], [135.57389018668766, 34.75739332283022]]}}, {"type": "Feature", "properties": {"id": "近畿道-下り-1-55", "route": "近畿道", "direction": "下り", "from": "守口", "to": "摂津南IC", "grade": 0.0, "elevation_start": 0.0, "elevation_end": 0.0, "quality": "estimated", "structure": "bridge", "chain_rank": 1, "cum_dist_start": 5500.0, "cum_dist_end": 5600.0, "anomaly": false}, "geometry": {"type": "LineString", "coordinates": [[135.57389018668766, 34.75739332283022], [135.5737493505294, 34.7575863891622], [135.57360957811653, 34.75777998078998], [135.57347034449143, 34.75797383848041], [135.57333111086632, 34.758167696170844]]}}, {"type": "Feature", "properties": {"id": "近畿道-下り-1-56", "route": "近畿道", "direction": "下り", "from": "守口", "to": "摂津南IC", "grade": 0.0, "elevation_start": 0.0, "elevation_end": 0.0, "quality": "estimated", "structure": "bridge", "chain_rank": 1, "cum_dist_start": 5600.0, "cum_dist_end": 5700.0, "anomaly": false}, "geometry": {"type": "LineString", "coordinates": [[135.57333111086632, 34.758167696170844], [135.5731918772412, 34.75836155386128], [135.57305264361608, 34.75855541155171], [135.57291340999095, 34.758749269242145], [135.57277417636584, 34.75894312693258]]}}, {"type": "Feature", "properties": {"id": "近畿道-下り-1-57", "route": "近畿道", "direction": "下り", "from": "守口", "to": "摂津南IC", "grade": 0.0, "elevation_start": 0.0, "elevation_end": 0.0, "quality": "estimated", "structure": "bridge", "chain_rank": 1, "cum_dist_start": 5700.0, "cum_dist_end": 5800.0, "anomaly": false}, "geometry": {"type": "LineString", "coordinates": [[135.57277417636584, 34.75894312693258], [135.5726349427407, 34.75913698462301], [135.5724957091156, 34.759330842313446], [135.57235647549047, 34.75952470000388], [135.57221724186536, 34.75971855769431]]}}, {"type": "Feature", "properties": {"id": "近畿道-下り-1-58", "route": "近畿道", "direction": "下り", "from": "守口", "to": "摂津南IC", "grade": 0.0, "elevation_start": 0.0, "elevation_end": 0.0, "quality": "estimated", "structure": "bridge", "chain_rank": 1, "cum_dist_start": 5800.0, "cum_dist_end": 5900.0, "anomaly": false}, "geometry": {"type": "LineString", "coordinates": [[135.57221724186536, 34.75971855769431], [135.57207800824025, 34.75991241538475], [135.57193877461512, 34.76010627307518], [135.57179954099, 34.760300130765614], [135.57166030736488, 34.76049398845605]]}}, {"type": "Feature", "properties": {"id": "近畿道-下り-1-59", "route": "近畿道", "direction": "下り", "from": "守口", "to": "摂津南IC", "grade": 0.0, "elevation_start": 0.0, "elevation_end": 0.0, "quality": "estimated", "structure": "bridge", "chain_rank": 1, "cum_dist_start": 5900.0, "cum_dist_end": 6000.0, "anomaly": false}, "geometry": {"type": "LineString", "coordinates": [[135.57166030736488, 34.76049398845605], [135.57152053572997, 34.76068758322267], [135.5713805146351, 34.76088105607893], [135.57124049354022, 34.7610745289352], [135.57110047244535, 34.761268001791464]]}}, {"type": "Feature", "properties": {"id": "近畿道-下り-1-60", "route": "近畿道", "direction": "下り", "from": "守口", "to": "摂津南IC", "grade": 0.0, "elevation_start": 0.0, "elevation_end": 0.0, "quality": "estimated", "structure": "bridge", "chain_rank": 1, "cum_dist_start": 6000.0, "cum_dist_end": 6100.0, "anomaly": false}, "geometry": {"type": "LineString", "coordinates": [[135.57110047244535, 34.761268001791464], [135.57096045135046, 34.761461474647724], [135.5708204302556, 34.76165494750399], [135.5706804091607, 34.76184842036025], [135.57054038806584, 34.76204189321652]]}}, {"type": "Feature", "properties": {"id": "近畿道-下り-1-61", "route": "近畿道", "direction": "下り", "from": "守口", "to": "摂津南IC", "grade": 0.0, "elevation_start": 0.0, "elevation_end": 0.0, "quality": "estimated", "structure": "bridge", "chain_rank": 1, "cum_dist_start": 6100.0, "cum_dist_end": 6200.0, "anomaly": false}, "geometry": {"type": "LineString", "coordinates": [[135.57054038806584, 34.76204189321652], [135.57040036697094, 34.76223536607279], [135.57025953942912, 34.76242844010165], [135.57011822714773, 34.76262127440314], [135.56997691486632, 34.762814108704625]]}}, {"type": "Feature", "properties": {"id": "近畿道-下り-1-62", "route": "近畿道", "direction": "下り", "from": "守口", "to": "摂津南IC", "grade": 0.0, "elevation_start": 0.0, "elevation_end": 0.0, "quality": "estimated", "structure": "bridge", "chain_rank": 1, "cum_dist_start": 6200.0, "cum_dist_end": 6300.0, "anomaly": false}, "geometry": {"type": "LineString", "coordinates": [[135.56997691486632, 34.762814108704625], [135.56983560258493, 34.76300694300612], [135.56969429030354, 34.763199777307605], [135.56955297802216, 34.76339261160909], [135.56941166574074, 34.76358544591058]]}}, {"type": "Feature", "properties": {"id": "近畿道-下り-1-63", "route": "近畿道", "direction": "下り", "from": "守口", "to": "摂津南IC", "grade": 0.0, "elevation_start": 0.0, "elevation_end": 0.0, "quality": "estimated", "structure": "bridge", "chain_rank": 1, "cum_dist_start": 6300.0, "cum_dist_end": 6400.0, "anomaly": false}, "geometry": {"type": "LineString", "coordinates": [[135.56941166574074, 34.76358544591058], [135.56927035345936, 34.763778280212065], [135.56912904117797, 34.76397111451355], [135.56898772889656, 34.764163948815046], [135.56884641661517, 34.76435678311653]]}}, {"type": "Feature", "properties": {"id": "近畿道-下り-1-64", "route": "近畿道", "direction": "下り", "from": "守口", "to": "摂津南IC", "grade": 0.0, "elevation_start": 0.0, "elevation_end": 0.0, "quality": "estimated", "structure": "bridge", "chain_rank": 1, "cum_dist_start": 6400.0, "cum_dist_end": 6500.0, "anomaly": false}, "geometry": {"type": "LineString", "coordinates": [[135.56884641661517, 34.76435678311653], [135.5687051043338, 34.76454961741802], [135.56856379205237, 34.764742451719506], [135.568422479771, 34.76493528602099], [135.5682811674896, 34.76512812032248]]}}, {"type": "Feature", "properties": {"id": "近畿道-下り-1-65", "route": "近畿道", "direction": "下り", "from": "摂津南IC", "to": null, "grade": 0.0, "elevation_start": 0.0, "elevation_end": 0.0, "quality": "estimated", "structure": "bridge", "chain_rank": 1, "cum_dist_start": 6500.0, "cum_dist_end": 6600.0, "anomaly": false}, "geometry": {"type": "LineString", "coordinates": [[135.5682811674896, 34.76512812032248], [135.56813945035194, 34.76532075397532], [135.5679977150512, 34.76551337862645], [135.56785597975048, 34.76570600327758], [135.56771424444975, 34.76589862792871]]}}, {"type": "Feature", "properties": {"id": "近畿道-下り-1-66", "route": "近畿道", "direction": "下り", "from": "摂津南IC", "to": null, "grade": 0.0, "elevation_start": 0.0, "elevation_end": 0.0, "quality": "estimated", "structure": "bridge", "chain_rank": 1, "cum_dist_start": 6600.0, "cum_dist_end": 6700.0, "anomaly": false}, "geometry": {"type": "LineString", "coordinates": [[135.56771424444975, 34.76589862792871], [135.56757250914902, 34.76609125257984], [135.5674307738483, 34.766283877230975], [135.56728903854756, 34.7664765018821], [135.56714730324686, 34.76666912653324]]}}, {"type": "Feature", "properties": {"id": "近畿道-下り-1-67", "route": "近畿道", "direction": "下り", "from": "摂津南IC", "to": null, "grade": 0.0, "elevation_start": 0.0, "elevation_end": 0.0, "quality": "estimated", "structure": "bridge", "chain_rank": 1, "cum_dist_start": 6700.0, "cum_dist_end": 6800.0, "anomaly": false}, "geometry": {"type": "LineString", "coordinates": [[135.56714730324686, 34.76666912653324], [135.56700556794613, 34.766861751184365], [135.56686630895882, 34.767055597400855], [135.56672793337782, 34.76724987940163], [135.5665895577968, 34.7674441614024]]}}, {"type": "Feature", "properties": {"id": "近畿道-下り-1-68", "route": "近畿道", "direction": "下り", "from": "摂津南IC", "to": null, "grade": 0.0, "elevation_start": 0.0, "elevation_end": 0.0, "quality": "estimated", "structure": "bridge", "chain_rank": 1, "cum_dist_start": 6800.0, "cum_dist_end": 6900.0, "anomaly": false}, "geometry": {"type": "LineString", "coordinates": [[135.5665895577968, 34.7674441614024], [135.56645594856033, 34.76764066905281], [135.5663254044095, 34.76783860794819], [135.56619486025866, 34.76803654684358], [135.56606656790098, 34.76823547843021]]}}, {"type": "Feature", "properties": {"id": "近畿道-下り-1-69", "route": "近畿道", "direction": "下り", "from": "摂津南IC", "to": null, "grade": 0.0, "elevation_start": 0.0, "elevation_end": 0.0, "quality": "estimated", "structure": "bridge", "chain_rank": 1, "cum_dist_start": 6900.0, "cum_dist_end": 7000.0, "anomaly": false}, "geometry": {"type": "LineString", "coordinates": [[135.56606656790098, 34.76823547843021], [135.56593981755057, 34.768435089802715], [135.5658130672002, 34.768634701175216], [135.56568631684982, 34.76883431254772], [135.56555945136068, 34.769033873742735]]}}, {"type": "Feature", "properties": {"id": "近畿道-下り-1-70", "route": "近畿道", "direction": "下り", "from": "摂津南IC", "to": null, "grade": 0.0, "elevation_start": 0.0, "elevation_end": 0.0, "quality": "estimated", "structure": "bridge", "chain_rank": 1, "cum_dist_start": 7000.0, "cum_dist_end": 7100.0, "anomaly": false}, "geometry": {"type": "LineString", "coordinates": [[135.56555945136068, 34.769033873742735], [135.56543094978056, 34.769232721928894], [135.56530244820044, 34.76943157011505], [135.5651739466203, 34.76963041830121], [135.56504544504017, 34.76982926648738]]}}, {"type": "Feature", "properties": {"id": "近畿道-下り-1-71", "route": "近畿道", "direction": "下り", "from": "摂津南IC", "to": null, "grade": 0.0, "elevation_start": 0.0, "elevation_end": 0.0, "quality": "estimated", "structure": "bridge", "chain_rank": 1, "cum_dist_start": 7100.0, "cum_dist_end": 7200.0, "anomaly": false}, "geometry": {"type": "LineString", "coordinates": [[135.56504544504017, 34.76982926648738], [135.56491694346002, 34.770028114673536], [135.5647884418799, 34.770226962859695], [135.56466234456175, 34.7704268305655], [135.56454127690105, 34.770628831081545]]}}, {"type": "Feature", "properties": {"id": "近畿道-下り-1-72", "route": "近畿道", "direction": "下り", "from": "摂津南IC", "to": null, "grade": 0.0, "elevation_start": 0.0, "elevation_end": 0.0, "quality": "estimated", "structure": "bridge", "chain_rank": 1, "cum_dist_start": 7200.0, "cum_dist_end": 7300.0, "anomaly": false}, "geometry": {"type": "LineString", "coordinates": [[135.56454127690105, 34.770628831081545], [135.56442020924035, 34.77083083159759], [135.56429914157965, 34.77103283211364], [135.56417807391895, 34.77123483262969], [135.56405700625825, 34.771436833145735]]}}, {"type": "Feature", "properties": {"id": "近畿道-下り-2-0", "route": "近畿道", "direction": "下り", "from": null, "to": null, "grade": 0.0, "elevation_start": 19.4, "elevation_end": 19.4, "quality": "estimated", "structure": "bridge", "chain_rank": 2, "cum_dist_start": 0.0, "cum_dist_end": 100.0, "anomaly": false}, "geometry": {"type": "LineString", "coordinates": [[135.5662373, 34.7960004], [135.56630441075023, 34.79621884760871], [135.56637152150046, 34.79643729521742], [135.56643863225068, 34.79665574282614], [135.5665057430009, 34.79687419043485]]}}, {"type": "Feature", "properties": {"id": "近畿道-下り-2-1", "route": "近畿道", "direction": "下り", "from": null, "to": null, "grade": 0.0, "elevation_start": 19.4, "elevation_end": 19.4, "quality": "estimated", "structure": "bridge", "chain_rank": 2, "cum_dist_start": 100.0, "cum_dist_end": 200.0, "anomaly": false}, "geometry": {"type": "LineString", "coordinates": [[135.5665057430009, 34.79687419043485], [135.5665728185177, 34.7970926453612], [135.56663903824952, 34.79731127802563], [135.5667047043033, 34.79753001901309], [135.56676455645467, 34.797749897447716]]}}, {"type": "Feature", "properties": {"id": "近畿道-下り-2-2", "route": "近畿道", "direction": "下り", "from": null, "to": null, "grade": 0.0, "elevation_start": 19.4, "elevation_end": 19.4, "quality": "estimated", "structure": "bridge", "chain_rank": 2, "cum_dist_start": 200.0, "cum_dist_end": 300.0, "anomaly": false}, "geometry": {"type": "LineString", "coordinates": [[135.56676455645467, 34.797749897447716], [135.5668238483751, 34.797969874836156], [135.56687838540185, 34.79819069208338], [135.56692350392498, 34.79841289609678], [135.56696067663904, 34.798636084673575]]}}, {"type": "Feature", "properties": {"id": "近畿道-下り-2-3", "route": "近畿道", "direction": "下り", "from": null, "to": null, "grade": 0.0, "elevation_start": 19.4, "elevation_end": 19.4, "quality": "estimated", "structure": "bridge", "chain_rank": 2, "cum_dist_start": 300.0, "cum_dist_end": 400.0, "anomaly": false}, "geometry": {"type": "LineString", "coordinates": [[135.56696067663904, 34.798636084673575], [135.56698743241512, 34.798860354634115], [135.56699990041426, 34.7990854430588], [135.56700240101966, 34.799310688642514], [135.56699368923276, 34.79953584430998]]}}, {"type": "Feature", "properties": {"id": "近畿道-下り-2-4", "route": "近畿道", "direction": "下り", "from": null, "to": null, "grade": 0.0, "elevation_start": 19.4, "elevation_end": 19.4, "quality": "estimated", "structure": "bridge", "chain_rank": 2, "cum_dist_start": 400.0, "cum_dist_end": 500.0, "anomaly": false}, "geometry": {"type": "LineString", "coordinates": [[135.56699368923276, 34.79953584430998], [135.56696986349692, 34.799760338976164], [135.5669339651217, 34.799983696085945], [135.56688617541604, 34.80020546595299], [135.56682720078476, 34.80042543014833]]}}, {"type": "Feature", "properties": {"id": "近畿道-下り-2-5", "route": "近畿道", "direction": "下り", "from": null, "to": null, "grade": 0.0, "elevation_start": 19.4, "elevation_end": 19.4, "quality": "estimated", "structure": "bridge", "chain_rank": 2, "cum_dist_start": 500.0, "cum_dist_end": 600.0, "anomaly": false}, "geometry": {"type": "LineString", "coordinates": [[135.56682720078476, 34.80042543014833], [135.56675672159025, 34.800643155294885], [135.56667144743452, 34.80085720351056], [135.56658270954418, 34.801070311201435], [135.56648512183764, 34.80128079710048]]}}, {"type": "Feature", "properties": {"id": "近畿道-下り-2-6", "route": "近畿道", "direction": "下り", "from": null, "to": null, "grade": 0.0, "elevation_start": 19.4, "elevation_end": 19.4, "quality": "estimated", "structure": "bridge", "chain_rank": 2, "cum_dist_start": 600.0, "cum_dist_end": 700.0, "anomaly": false}, "geometry": {"type": "LineString", "coordinates": [[135.56648512183764, 34.80128079710048], [135.56637458840672, 34.8014867110228], [135.56625503100506, 34.801689300351], [135.56612713061705, 34.801888432903304], [135.56599111327662, 34.80208382501828]]}}, {"type": "Feature", "properties": {"id": "近畿道-下り-2-7", "route": "近畿道", "direction": "下り", "from": null, "to": null, "grade": 0.0, "elevation_start": 19.4, "elevation_end": 19.4, "quality": "estimated", "structure": "bridge", "chain_rank": 2, "cum_dist_start": 700.0, "cum_dist_end": 800.0, "anomaly": false}, "geometry": {"type": "LineString", "coordinates": [[135.56599111327662, 34.80208382501828], [135.56585027386444, 34.80227689976383], [135.5657047299179, 34.80246761252137], [135.5655511265329, 34.80265396791283], [135.56539713849696, 34.80284011534129]]}}, {"type": "Feature", "properties": {"id": "近畿道-下り-2-8", "route": "近畿道", "direction": "下り", "from": null, "to": null, "grade": 0.0, "elevation_start": 19.4, "elevation_end": 19.4, "quality": "estimated", "structure": "bridge", "chain_rank": 2, "cum_dist_start": 800.0, "cum_dist_end": 900.0, "anomaly": false}, "geometry": {"type": "LineString", "coordinates": [[135.56539713849696, 34.80284011534129], [135.56524315046101, 34.80302626276975], [135.56508916242507, 34.803212410198206], [135.56493517438912, 34.803398557626664], [135.56478118635314, 34.80358470505512]]}}, {"type": "Feature", "properties": {"id": "近畿道-下り-2-9", "route": "近畿道", "direction": "下り", "from": null, "to": null, "grade": 0.0, "elevation_start": 19.4, "elevation_end": 19.4, "quality": "estimated", "structure": "bridge", "chain_rank": 2, "cum_dist_start": 900.0, "cum_dist_end": 1000.0, "anomaly": false}, "geometry": {"type": "LineString", "coordinates": [[135.56478118635314, 34.80358470505512], [135.5646271983172, 34.80377085248358], [135.56447321028125, 34.80395699991203], [135.5643192222453, 34.80414314734049], [135.56416523420936, 34.80432929476895]]}}, {"type": "Feature", "properties": {"id": "近畿道-下り-2-10", "route": "近畿道", "direction": "下り", "from": null, "to": null, "grade": 0.0, "elevation_start": 19.4, "elevation_end": 19.4, "quality": "estimated", "structure": "bridge", "chain_rank": 2, "cum_dist_start": 1000.0, "cum_dist_end": 1100.0, "anomaly": false}, "geometry": {"type": "LineString", "coordinates": [[135.56416523420936, 34.80432929476895], [135.56400984558326, 34.80451465048794], [135.56385443163873, 34.80469999189523], [135.5636990176942, 34.804885333302515], [135.56354360374968, 34.8050706747098]]}}, {"type": "Feature", "properties": {"id": "近畿道-下り-2-11", "route": "近畿道", "direction": "下り", "from": null, "to": null, "grade": 0.0, "elevation_start": 19.4, "elevation_end": 19.4, "quality": "estimated", "structure": "bridge", "chain_rank": 2, "cum_dist_start": 1100.0, "cum_dist_end": 1200.0, "anomaly": false}, "geometry": {"type": "LineString", "coordinates": [[135.56354360374968, 34.8050706747098], [135.56338818980518, 34.80525601611709], [135.56323277586066, 34.80544135752437], [135.56307736191613, 34.80562669893166], [135.56292194797163, 34.80581204033895]]}}, {"type": "Feature", "properties": {"id": "近畿道-下り-2-12", "route": "近畿道", "direction": "下り", "from": null, "to": null, "grade": 0.0, "elevation_start": 19.4, "elevation_end": 19.4, "quality": "estimated", "structure": "bridge", "chain_rank": 2, "cum_dist_start": 1200.0, "cum_dist_end": 1300.0, "anomaly": false}, "geometry": {"type": "LineString", "coordinates": [[135.56292194797163, 34.80581204033895], [135.5627665340271, 34.80599738174624], [135.56261112008258, 34.806182723153526], [135.56245573673175, 34.80636808244847], [135.56230040940324, 34.80655347449878]]}}, {"type": "Feature", "properties": {"id": "近畿道-下り-2-13", "route": "近畿道", "direction": "下り", "from": null, "to": null, "grade": 0.0, "elevation_start": 19.4, "elevation_end": 19.4, "quality": "estimated", "structure": "bridge", "chain_rank": 2, "cum_dist_start": 1300.0, "cum_dist_end": 1400.0, "anomaly": false}, "geometry": {"type": "LineString", "coordinates": [[135.56230040940324, 34.80655347449878], [135.56214508207472, 34.80673886654909], [135.56198758352073, 34.80692300843564], [135.56182756607862, 34.80710566256297], [135.56165491895362, 34.80728020468693]]}}, {"type": "Feature", "properties": {"id": "近畿道-下り-2-14", "route": "近畿道", "direction": "下り", "from": null, "to": null, "grade": 0.0, "elevation_start": 19.4, "elevation_end": 19.4, "quality": "estimated", "structure": "bridge", "chain_rank": 2, "cum_dist_start": 1400.0, "cum_dist_end": 1500.0, "anomaly": false}, "geometry": {"type": "LineString", "coordinates": [[135.56165491895362, 34.80728020468693], [135.56147117008257, 34.8074469466483], [135.56126922334053, 34.80759862092606], [135.56105593336278, 34.80773922386917], [135.56082723194422, 34.80786222230764]]}}, {"type": "Feature", "properties": {"id": "近畿道-下り-2-15", "route": "近畿道", "direction": "下り", "from": null, "to": null, "grade": 0.0, "elevation_start": 19.4, "elevation_end": 19.4, "quality": "estimated", "structure": "bridge", "chain_rank": 2, "cum_dist_start": 1500.0, "cum_dist_end": 1600.0, "anomaly": false}, "geometry": {"type": "LineString", "coordinates": [[135.56082723194422, 34.80786222230764], [135.56058634674193, 34.807968219064655], [135.56033622722154, 34.80805863730205], [135.56007756833048, 34.808130935948455], [135.559811950282, 34.80818346363749]]}}, {"type": "Feature", "properties": {"id": "近畿道-下り-2-16", "route": "近畿道", "direction": "下り", "from": null, "to": null, "grade": 0.0, "elevation_start": 19.4, "elevation_end": 19.4, "quality": "estimated", "structure": "bridge", "chain_rank": 2, "cum_dist_start": 1600.0, "cum_dist_end": 1700.0, "anomaly": false}, "geometry": {"type": "LineString", "coordinates": [[135.559811950282, 34.80818346363749], [135.5595420843729, 34.808218401874946], [135.55927044842764, 34.80824230889188], [135.5589978036547, 34.80825513432125], [135.55872461646857, 34.80825874355549]]}}, {"type": "Feature", "properties": {"id": "近畿道-下り-2-17", "route": "近畿道", "direction": "下り", "from": null, "to": null, "grade": 0.0, "elevation_start": 19.4, "elevation_end": 19.4, "quality": "estimated", "structure": "bridge", "chain_rank": 2, "cum_dist_start": 1700.0, "cum_dist_end": 1800.0, "anomaly": false}, "geometry": {"type": "LineString", "coordinates": [[135.55872461646857, 34.80825874355549], [135.55845141238024, 34.80826045497727], [135.55817819039012, 34.80826015635562], [135.55790496840004, 34.808259857733965], [135.55763174640995, 34.808259559112315]]}}, {"type": "Feature", "properties": {"id": "近畿道-下り-2-18", "route": "近畿道", "direction": "下り", "from": null, "to": null, "grade": 0.0, "elevation_start": 19.4, "elevation_end": 19.4, "quality": "estimated", "structure": "bridge", "chain_rank": 2, "cum_dist_start": 1800.0, "cum_dist_end": 1900.0, "anomaly": false}, "geometry": {"type": "LineString", "coordinates": [[135.55763174640995, 34.808259559112315], [135.55735852441984, 34.80825926049066], [135.55708530242975, 34.808258961869], [135.55681208043964, 34.80825866324735], [135.55653885844956, 34.808258364625694]]}}, {"type": "Feature", "properties": {"id": "近畿道-下り-2-19", "route": "近畿道", "direction": "下り", "from": null, "to": null, "grade": 0.0, "elevation_start": 19.4, "elevation_end": 19.4, "quality": "estimated", "structure": "bridge", "chain_rank": 2, "cum_dist_start": 1900.0, "cum_dist_end": 2000.0, "anomaly": false}, "geometry": {"type": "LineString", "coordinates": [[135.55653885844956, 34.808258364625694], [135.55626563645944, 34.80825806600404], [135.55599241446936, 34.808257767382386], [135.55571919247924, 34.80825746876073], [135.55544597048916, 34.80825717013908]]}}, {"type": "Feature", "properties": {"id": "近畿道-下り-2-20", "route": "近畿道", "direction": "下り", "from": null, "to": null, "grade": 0.0, "elevation_start": 19.4, "elevation_end": 19.4, "quality": "estimated", "structure": "bridge", "chain_rank": 2, "cum_dist_start": 2000.0, "cum_dist_end": 2100.0, "anomaly": false}, "geometry": {"type": "LineString", "coordinates": [[135.55544597048916, 34.80825717013908], [135.55517274849905, 34.80825687151742], [135.55489952650896, 34.80825657289577], [135.55462630451888, 34.808256274274115], [135.55435308252876, 34.80825597565246]]}}, {"type": "Feature", "properties": {"id": "近畿道-下り-2-21", "route": "近畿道", "direction": "下り", "from": null, "to": null, "grade": 0.0, "elevation_start": 19.4, "elevation_end": 19.4, "quality": "estimated", "structure": "bridge", "chain_rank": 2, "cum_dist_start": 2100.0, "cum_dist_end": 2200.0, "anomaly": false}, "geometry": {"type": "LineString", "coordinates": [[135.55435308252876, 34.80825597565246], [135.55407986053868, 34.80825567703081], [135.55380663854856, 34.80825537840915], [135.55353341655848, 34.8082550797875], [135.55326019456837, 34.80825478116584]]}}, {"type": "Feature", "properties": {"id": "近畿道-下り-2-22", "route": "近畿道", "direction": "下り", "from": null, "to": null, "grade": 0.0, "elevation_start": 19.4, "elevation_end": 19.4, "quality": "estimated", "structure": "bridge", "chain_rank": 2, "cum_dist_start": 2200.0, "cum_dist_end": 2300.0, "anomaly": false}, "geometry": {"type": "LineString", "coordinates": [[135.55326019456837, 34.80825478116584], [135.55298697257828, 34.808254482544186], [135.55271375058817, 34.808254183922536], [135.55244052859808, 34.80825388530088], [135.55216730660797, 34.80825358667922]]}}, {"type": "Feature", "properties": {"id": "近畿道-下り-2-23", "route": "近畿道", "direction": "下り", "from": null, "to": null, "grade": 0.0, "elevation_start": 19.4, "elevation_end": 19.4, "quality": "estimated", "structure": "bridge", "chain_rank": 2, "cum_dist_start": 2300.0, "cum_dist_end": 2400.0, "anomaly": false}, "geometry": {"type": "LineString", "coordinates": [[135.55216730660797, 34.80825358667922], [135.55189414172855, 34.808249614102216], [135.55162100020598, 34.80824413896809], [135.5513478586834, 34.80823866383397], [135.55107471716084, 34.808233188699845]]}}, {"type": "Feature", "properties": {"id": "近畿道-下り-2-24", "route": "近畿道", "direction": "下り", "from": null, "to": null, "grade": 0.22, "elevation_start": 19.4, "elevation_end": 19.7, "quality": "estimated", "structure": "normal", "chain_rank": 2, "cum_dist_start": 2400.0, "cum_dist_end": 2500.0, "anomaly": false}, "geometry": {"type": "LineString", "coordinates": [[135.55107471716084, 34.808233188699845], [135.55080157563825, 34.80822771356572], [135.5505285336049, 34.80821961832574], [135.5502555114967, 34.80821099834542], [135.54998248938847, 34.8082023783651]]}}, {"type": "Feature", "properties": {"id": "近畿道-下り-2-25", "route": "近畿道", "direction": "下り", "from": null, "to": null, "grade": 0.71, "elevation_start": 19.7, "elevation_end": 20.4, "quality": "measured", "structure": "normal", "chain_rank": 2, "cum_dist_start": 2500.0, "cum_dist_end": 2600.0, "anomaly": false}, "geometry": {"type": "LineString", "coordinates": [[135.54998248938847, 34.8082023783651], [135.54970946728025, 34.80819375838479], [135.54943646372953, 34.808184816966616], [135.54916368340824, 34.80817200894706], [135.54889108130507, 34.808156892462875]]}}, {"type": "Feature", "properties": {"id": "近畿道-下り-3-0", "route": "近畿道", "direction": "下り", "from": null, "to": "摂津北IC", "grade": 0.0, "elevation_start": 0.0, "elevation_end": 0.0, "quality": "estimated", "structure": "bridge", "chain_rank": 3, "cum_dist_start": 0.0, "cum_dist_end": 100.0, "anomaly": false}, "geometry": {"type": "LineString", "coordinates": [[135.5663601, 34.7959792], [135.56629120178863, 34.79576113163814], [135.56622230357726, 34.79554306327627], [135.5661534053659, 34.79532499491441], [135.56608450715456, 34.79510692655254]]}}, {"type": "Feature", "properties": {"id": "近畿道-下り-3-1", "route": "近畿道", "direction": "下り", "from": null, "to": "摂津北IC", "grade": 0.0, "elevation_start": 0.0, "elevation_end": 0.0, "quality": "estimated", "structure": "bridge", "chain_rank": 3, "cum_dist_start": 100.0, "cum_dist_end": 200.0, "anomaly": false}, "geometry": {"type": "LineString", "coordinates": [[135.56608450715456, 34.79510692655254], [135.5660156089432, 34.79488885819068], [135.56594671073182, 34.79467078982882], [135.56587781252045, 34.79445272146695], [135.5658089143091, 34.79423465310509]]}}, {"type": "Feature", "properties": {"id": "近畿道-下り-3-2", "route": "近畿道", "direction": "下り", "from": null, "to": "摂津北IC", "grade": 0.0, "elevation_start": 0.0, "elevation_end": 0.0, "quality": "estimated", "structure": "bridge", "chain_rank": 3, "cum_dist_start": 200.0, "cum_dist_end": 300.0, "anomaly": false}, "geometry": {"type": "LineString", "coordinates": [[135.5658089143091, 34.79423465310509], [135.56574001609772, 34.794016584743225], [135.56567111788638, 34.793798516381365], [135.56560221967501, 34.793580448019505], [135.5655315131225, 34.79336278192134]]}}, {"type": "Feature", "properties": {"id": "近畿道-下り-3-3", "route": "近畿道", "direction": "下り", "from": null, "to": "摂津北IC", "grade": 0.0, "elevation_start": 0.0, "elevation_end": 0.0, "quality": "estimated", "structure": "bridge", "chain_rank": 3, "cum_dist_start": 300.0, "cum_dist_end": 400.0, "anomaly": false}, "geometry": {"type": "LineString", "coordinates": [[135.5655315131225, 34.79336278192134], [135.56545822456945, 34.79314569018663], [135.56538493601641, 34.792928598451915], [135.56531164746335, 34.792711506717204], [135.5652383589103, 34.79249441498249]]}}, {"type": "Feature", "properties": {"id": "近畿道-下り-3-4", "route": "近畿道", "direction": "下り", "from": null, "to": "摂津北IC", "grade": 0.0, "elevation_start": 0.0, "elevation_end": 0.0, "quality": "estimated", "structure": "bridge", "chain_rank": 3, "cum_dist_start": 400.0, "cum_dist_end": 500.0, "anomaly": false}, "geometry": {"type": "LineString", "coordinates": [[135.5652383589103, 34.79249441498249], [135.56516507035727, 34.79227732324778], [135.56509178180423, 34.79206023151307], [135.5650184932512, 34.791843139778365], [135.56494520469812, 34.79162604804365]]}}, {"type": "Feature", "properties": {"id": "近畿道-下り-3-5", "route": "近畿道", "direction": "下り", "from": null, "to": "摂津北IC", "grade": 0.0, "elevation_start": 0.0, "elevation_end": 0.0, "quality": "estimated", "structure": "bridge", "chain_rank": 3, "cum_dist_start": 500.0, "cum_dist_end": 600.0, "anomaly": false}, "geometry": {"type": "LineString", "coordinates": [[135.56494520469812, 34.79162604804365], [135.56487191614508, 34.79140895630894], [135.56479862759204, 34.79119186457423], [135.56472596496175, 34.79097463048672], [135.5646538691239, 34.79075726749435]]}}, {"type": "Feature", "properties": {"id": "近畿道-下り-3-6", "route": "近畿道", "direction": "下り", "from": null, "to": "摂津北IC", "grade": 0.0, "elevation_start": 0.0, "elevation_end": 0.0, "quality": "estimated", "structure": "bridge", "chain_rank": 3, "cum_dist_start": 600.0, "cum_dist_end": 700.0, "anomaly": false}, "geometry": {"type": "LineString", "coordinates": [[135.5646538691239, 34.79075726749435], [135.56458177328605, 34.79053990450197], [135.5645096774482, 34.790322541509596], [135.56443758161035, 34.790105178517216], [135.5643654857725, 34.789887815524835]]}}, {"type": "Feature", "properties": {"id": "近畿道-下り-3-7", "route": "近畿道", "direction": "下り", "from": null, "to": "摂津北IC", "grade": 0.0, "elevation_start": 0.0, "elevation_end": 0.0, "quality": "estimated", "structure": "bridge", "chain_rank": 3, "cum_dist_start": 700.0, "cum_dist_end": 800.0, "anomaly": false}, "geometry": {"type": "LineString", "coordinates": [[135.5643654857725, 34.789887815524835], [135.56429338993465, 34.78967045253246], [135.5642212940968, 34.78945308954008], [135.56414919825895, 34.78923572654771], [135.5640771024211, 34.78901836355533]]}}, {"type": "Feature", "properties": {"id": "近畿道-下り-3-8", "route": "近畿道", "direction": "下り", "from": null, "to": "摂津北IC", "grade": 0.0, "elevation_start": 0.0, "elevation_end": 0.0, "quality": "estimated", "structure": "bridge", "chain_rank": 3, "cum_dist_start": 800.0, "cum_dist_end": 900.0, "anomaly": false}, "geometry": {"type": "LineString", "coordinates": [[135.5640771024211, 34.78901836355533], [135.56400488412416, 34.78880102840983], [135.5639321874192, 34.78858380205305], [135.5638594907142, 34.788366575696266], [135.56378679400925, 34.78814934933948]]}}, {"type": "Feature", "properties": {"id": "近畿道-下り-3-9", "route": "近畿道", "direction": "下り", "from": null, "to": "摂津北IC", "grade": 0.0, "elevation_start": 0.0, "elevation_end": 0.0, "quality": "estimated", "structure": "bridge", "chain_rank": 3, "cum_dist_start": 900.0, "cum_dist_end": 1000.0, "anomaly": false}, "geometry": {"type": "LineString", "coordinates": [[135.56378679400925, 34.78814934933948], [135.56371409730428, 34.787932122982696], [135.5636414005993, 34.787714896625914], [135.56356870389433, 34.78749767026913], [135.56349600718937, 34.78728044391235]]}}, {"type": "Feature", "properties": {"id": "近畿道-下り-3-10", "route": "近畿道", "direction": "下り", "from": null, "to": "摂津北IC", "grade": 0.0, "elevation_start": 0.0, "elevation_end": 0.0, "quality": "estimated", "structure": "bridge", "chain_rank": 3, "cum_dist_start": 1000.0, "cum_dist_end": 1100.0, "anomaly": false}, "geometry": {"type": "LineString", "coordinates": [[135.56349600718937, 34.78728044391235], [135.5634233104844, 34.78706321755556], [135.56335061377942, 34.78684599119878], [135.56327791707446, 34.786628764842], [135.5632052203695, 34.78641153848522]]}}, {"type": "Feature", "properties": {"id": "近畿道-下り-3-11", "route": "近畿道", "direction": "下り", "from": null, "to": "摂津北IC", "grade": 0.0, "elevation_start": 0.0, "elevation_end": 0.0, "quality": "estimated", "structure": "bridge", "chain_rank": 3, "cum_dist_start": 1100.0, "cum_dist_end": 1200.0, "anomaly": false}, "geometry": {"type": "LineString", "coordinates": [[135.5632052203695, 34.78641153848522], [135.56313292534276, 34.78619422129621], [135.56306069677498, 34.78597688907872], [135.5629884682072, 34.78575955686122], [135.56291623963946, 34.78554222464373]]}}, {"type": "Feature", "properties": {"id": "近畿道-下り-3-12", "route": "近畿道", "direction": "下り", "from": null, "to": "摂津北IC", "grade": 0.0, "elevation_start": 0.0, "elevation_end": 0.0, "quality": "estimated", "structure": "bridge", "chain_rank": 3, "cum_dist_start": 1200.0, "cum_dist_end": 1300.0, "anomaly": false}, "geometry": {"type": "LineString", "coordinates": [[135.56291623963946, 34.78554222464373], [135.5628440110717, 34.78532489242623], [135.56277178250394, 34.785107560208736], [135.56269955393617, 34.78489022799124], [135.5626273253684, 34.78467289577375]]}}, {"type": "Feature", "properties": {"id": "近畿道-下り-3-13", "route": "近畿道", "direction": "下り", "from": null, "to": "摂津北IC", "grade": 0.0, "elevation_start": 0.0, "elevation_end": 0.0, "quality": "estimated", "structure": "bridge", "chain_rank": 3, "cum_dist_start": 1300.0, "cum_dist_end": 1400.0, "anomaly": false}, "geometry": {"type": "LineString", "coordinates": [[135.5626273253684, 34.78467289577375], [135.56255509680065, 34.78445556355626], [135.56248286823288, 34.78423823133876], [135.5624106396651, 34.784020899121266], [135.56233806812813, 34.78380364535583]]}}, {"type": "Feature", "properties": {"id": "近畿道-下り-3-14", "route": "近畿道", "direction": "下り", "from": null, "to": "摂津北IC", "grade": 0.0, "elevation_start": 0.0, "elevation_end": 0.0, "quality": "estimated", "structure": "bridge", "chain_rank": 3, "cum_dist_start": 1400.0, "cum_dist_end": 1500.0, "anomaly": false}, "geometry": {"type": "LineString", "coordinates": [[135.56233806812813, 34.78380364535583], [135.56226450692785, 34.78358661796967], [135.56219094572754, 34.78336959058351], [135.56211738452726, 34.78315256319735], [135.56204382332697, 34.78293553581119]]}}, {"type": "Feature", "properties": {"id": "近畿道-下り-3-15", "route": "近畿道", "direction": "下り", "from": null, "to": "摂津北IC", "grade": 0.0, "elevation_start": 0.0, "elevation_end": 0.0, "quality": "estimated", "structure": "bridge", "chain_rank": 3, "cum_dist_start": 1500.0, "cum_dist_end": 1600.0, "anomaly": false}, "geometry": {"type": "LineString", "coordinates": [[135.56204382332697, 34.78293553581119], [135.5619702621267, 34.78271850842503], [135.5618967009264, 34.78250148103887], [135.5618231397261, 34.78228445365271], [135.56174957852582, 34.78206742626655]]}}, {"type": "Feature", "properties": {"id": "近畿道-下り-3-16", "route": "近畿道", "direction": "下り", "from": "摂津北IC", "to": null, "grade": 0.0, "elevation_start": 0.0, "elevation_end": 0.0, "quality": "estimated", "structure": "bridge", "chain_rank": 3, "cum_dist_start": 1600.0, "cum_dist_end": 1700.0, "anomaly": false}, "geometry": {"type": "LineString", "coordinates": [[135.56174957852582, 34.78206742626655], [135.56167698793107, 34.78185017790729], [135.56160516044304, 34.781632755815174], [135.561533332955, 34.78141533372307], [135.56146150546698, 34.78119791163096]]}}, {"type": "Feature", "properties": {"id": "近畿道-下り-3-17", "route": "近畿道", "direction": "下り", "from": "摂津北IC", "to": null, "grade": 0.0, "elevation_start": 0.0, "elevation_end": 0.0, "quality": "estimated", "structure": "bridge", "chain_rank": 3, "cum_dist_start": 1700.0, "cum_dist_end": 1800.0, "anomaly": false}, "geometry": {"type": "LineString", "coordinates": [[135.56146150546698, 34.78119791163096], [135.56138967797892, 34.78098048953885], [135.56131707019847, 34.78076324454779], [135.56124645218333, 34.78054556897771], [135.56117982408003, 34.78032702296712]]}}, {"type": "Feature", "properties": {"id": "近畿道-下り-3-18", "route": "近畿道", "direction": "下り", "from": "摂津北IC", "to": null, "grade": 0.0, "elevation_start": 0.0, "elevation_end": 0.0, "quality": "estimated", "structure": "bridge", "chain_rank": 3, "cum_dist_start": 1800.0, "cum_dist_end": 1900.0, "anomaly": false}, "geometry": {"type": "LineString", "coordinates": [[135.56117982408003, 34.78032702296712], [135.5611158471989, 34.7801079631992], [135.5610575893433, 34.77988779519093], [135.56100292170342, 34.7796670486808], [135.56095650175826, 34.77944497319569]]}}, {"type": "Feature", "properties": {"id": "近畿道-下り-3-19", "route": "近畿道", "direction": "下り", "from": "摂津北IC", "to": null, "grade": 0.0, "elevation_start": 0.0, "elevation_end": 0.0, "quality": "estimated", "structure": "bridge", "chain_rank": 3, "cum_dist_start": 1900.0, "cum_dist_end": 2000.0, "anomaly": false}, "geometry": {"type": "LineString", "coordinates": [[135.56095650175826, 34.77944497319569], [135.56091489179258, 34.77922231444695], [135.56088190766835, 34.77899860971878], [135.5608570662699, 34.77877431306772], [135.5608421362226, 34.778549295926254]]}}, {"type": "Feature", "properties": {"id": "近畿道-下り-3-20", "route": "近畿道", "direction": "下り", "from": "摂津北IC", "to": null, "grade": 0.0, "elevation_start": 0.0, "elevation_end": 0.0, "quality": "estimated", "structure": "bridge", "chain_rank": 3, "cum_dist_start": 2000.0, "cum_dist_end": 2100.0, "anomaly": false}, "geometry": {"type": "LineString", "coordinates": [[135.5608421362226, 34.778549295926254], [135.5608409959376, 34.778324085748785], [135.56084666679232, 34.77809878022557], [135.56086265801406, 34.77787390303271], [135.56088441764857, 34.77764926524861]]}}, {"type": "Feature", "properties": {"id": "近畿道-下り-3-21", "route": "近畿道", "direction": "下り", "from": "摂津北IC", "to": null, "grade": 0.0, "elevation_start": 0.0, "elevation_end": 0.0, "quality": "estimated", "structure": "bridge", "chain_rank": 3, "cum_dist_start": 2100.0, "cum_dist_end": 2200.0, "anomaly": false}, "geometry": {"type": "LineString", "coordinates": [[135.56088441764857, 34.77764926524861], [135.56092293099437, 34.777426305757096], [135.56096695040375, 34.777203897832074], [135.5610205723042, 34.77698295349123], [135.56108016323455, 34.776763054618385]]}}, {"type": "Feature", "properties": {"id": "近畿道-下り-3-22", "route": "近畿道", "direction": "下り", "from": "摂津北IC", "to": null, "grade": 0.0, "elevation_start": 0.0, "elevation_end": 0.0, "quality": "estimated", "structure": "bridge", "chain_rank": 3, "cum_dist_start": 2200.0, "cum_dist_end": 2300.0, "anomaly": false}, "geometry": {"type": "LineString", "coordinates": [[135.56108016323455, 34.776763054618385], [135.56115909864477, 34.7765473176138], [135.56123836043324, 34.77633167223635], [135.5613352608487, 34.77612097871048], [135.56143216126415, 34.77591028518461]]}}, {"type": "Feature", "properties": {"id": "近畿道-下り-3-23", "route": "近畿道", "direction": "下り", "from": "摂津北IC", "to": null, "grade": 0.0, "elevation_start": 0.0, "elevation_end": 0.0, "quality": "estimated", "structure": "bridge", "chain_rank": 3, "cum_dist_start": 2300.0, "cum_dist_end": 2400.0, "anomaly": false}, "geometry": {"type": "LineString", "coordinates": [[135.56143216126415, 34.77591028518461], [135.56154672765055, 34.77570573185518], [135.56166173095858, 34.77550133038746], [135.56177693332052, 34.77529700939256], [135.561902182434, 34.77509675006261]]}}, {"type": "Feature", "properties": {"id": "近畿道-下り-3-24", "route": "近畿道", "direction": "下り", "from": "摂津北IC", "to": null, "grade": 0.0, "elevation_start": 0.0, "elevation_end": 0.0, "quality": "estimated", "structure": "bridge", "chain_rank": 3, "cum_dist_start": 2400.0, "cum_dist_end": 2500.0, "anomaly": false}, "geometry": {"type": "LineString", "coordinates": [[135.561902182434, 34.77509675006261], [135.5620274315475, 34.77489649073266], [135.56215268066097, 34.77469623140271], [135.56227792977447, 34.774495972072756], [135.56240317888796, 34.774295712742806]]}}, {"type": "Feature", "properties": {"id": "近畿道-下り-3-25", "route": "近畿道", "direction": "下り", "from": "摂津北IC", "to": null, "grade": 0.0, "elevation_start": 0.0, "elevation_end": 0.0, "quality": "estimated", "structure": "bridge", "chain_rank": 3, "cum_dist_start": 2500.0, "cum_dist_end": 2600.0, "anomaly": false}, "geometry": {"type": "LineString", "coordinates": [[135.56240317888796, 34.774295712742806], [135.56252842800146, 34.774095453412855], [135.5626538987199, 34.7738952892704], [135.5627795461826, 34.773695201046124], [135.56290519364535, 34.77349511282185]]}}, {"type": "Feature", "properties": {"id": "近畿道-下り-3-26", "route": "近畿道", "direction": "下り", "from": "摂津北IC", "to": null, "grade": 0.0, "elevation_start": 0.0, "elevation_end": 0.0, "quality": "estimated", "structure": "bridge", "chain_rank": 3, "cum_dist_start": 2600.0, "cum_dist_end": 2700.0, "anomaly": false}, "geometry": {"type": "LineString", "coordinates": [[135.56290519364535, 34.77349511282185], [135.56303084110806, 34.77329502459757], [135.56315648857077, 34.77309493637329], [135.5632821360335, 34.772894848149015], [135.56340778349622, 34.77269475992474]]}}, {"type": "Feature", "properties": {"id": "近畿道-下り-3-27", "route": "近畿道", "direction": "下り", "from": "摂津北IC", "to": null, "grade": 0.0, "elevation_start": 0.0, "elevation_end": 0.0, "quality": "estimated", "structure": "bridge", "chain_rank": 3, "cum_dist_start": 2700.0, "cum_dist_end": 2800.0, "anomaly": false}, "geometry": {"type": "LineString", "coordinates": [[135.56340778349622, 34.77269475992474], [135.56353343095893, 34.772494671700464], [135.56365907842167, 34.77229458347618], [135.56378472588437, 34.772094495251906], [135.56391037334708, 34.77189440702763]]}}]}