{"type": "FeatureCollection", "features": [{"type": "Feature", "properties": {"id": "東京外環道-下り-0-0", "route": "東京外環道", "direction": "下り", "from": "大泉IC/JCT", "to": "和光", "grade": 0.0, "elevation_start": 3.6, "elevation_end": 3.6, "quality": "estimated", "structure": "tunnel", "chain_rank": 0, "cum_dist_start": 0.0, "cum_dist_end": 250.0, "anomaly": false}, "geometry": {"type": "LineString", "coordinates": [[139.5993759, 35.7633867], [139.59944877630105, 35.76360404747066], [139.59952165260205, 35.763821394941324], [139.59959194752386, 35.764039298678995], [139.5996603795479, 35.76425760385654], [139.599728811572, 35.76447590903409], [139.59979724359604, 35.764694214211644], [139.5998656756201, 35.76491251938919], [139.5999335404557, 35.765130942108456], [139.60000120400494, 35.76534940654146], [139.60006886755417, 35.765567870974465]]}}, {"type": "Feature", "properties": {"id": "東京外環道-下り-0-1", "route": "東京外環道", "direction": "下り", "from": "大泉IC/JCT", "to": "和光", "grade": 0.0, "elevation_start": 3.6, "elevation_end": 3.6, "quality": "estimated", "structure": "tunnel", "chain_rank": 0, "cum_dist_start": 250.0, "cum_dist_end": 500.0, "anomaly": false}, "geometry": {"type": "LineString", "coordinates": [[139.60006886755417, 35.765567870974465], [139.6001365311034, 35.76578633540747], [139.60020419465263, 35.766004799840466], [139.60027185820184, 35.76622326427347], [139.60033952175107, 35.766441728706475], [139.6004071853003, 35.76666019313948], [139.60047600785975, 35.76687841617025], [139.600542751532, 35.76709706687236], [139.6006090556788, 35.767315808201744], [139.60067535982557, 35.76753454953113], [139.60074166397234, 35.76775329086052]]}}, {"type": "Feature", "properties": {"id": "東京外環道-下り-0-2", "route": "東京外環道", "direction": "下り", "from": "大泉IC/JCT", "to": "和光", "grade": 0.0, "elevation_start": 3.6, "elevation_end": 3.6, "quality": "estimated", "structure": "tunnel", "chain_rank": 0, "cum_dist_start": 500.0, "cum_dist_end": 750.0, "anomaly": false}, "geometry": {"type": "LineString", "coordinates": [[139.60074166397234, 35.76775329086052], [139.60080808829332, 35.76797200744101], [139.60087727094563, 35.768190155965655], [139.60094645359794, 35.7684083044903], [139.60101563625025, 35.76862645301495], [139.60109189423446, 35.76884302894677], [139.6011706253026, 35.76905901325675], [139.60125356581648, 35.76927393327362], [139.60133985657203, 35.769487994556], [139.6014261473276, 35.769702055838394], [139.60151243808315, 35.76991611712078]]}}, {"type": "Feature", "properties": {"id": "東京外環道-下り-0-3", "route": "東京外環道", "direction": "下り", "from": "大泉IC/JCT", "to": "和光", "grade": 0.0, "elevation_start": 3.6, "elevation_end": 3.6, "quality": "estimated", "structure": "tunnel", "chain_rank": 0, "cum_dist_start": 750.0, "cum_dist_end": 1000.0, "anomaly": false}, "geometry": {"type": "LineString", "coordinates": [[139.60151243808315, 35.76991611712078], [139.60160523923133, 35.77012826907017], [139.60170611092718, 35.770338054132665], [139.6018076818581, 35.77054761447195], [139.60190973140863, 35.77075702099039], [139.60201894278572, 35.77096397094206], [139.60213533490938, 35.77116829527508], [139.60225852625936, 35.77137000921046], [139.60238171760935, 35.77157172314584], [139.60250842850527, 35.77177197516296], [139.60263635794448, 35.771971721032216]]}}, {"type": "Feature", "properties": {"id": "東京外環道-下り-0-4", "route": "東京外環道", "direction": "下り", "from": "大泉IC/JCT", "to": "和光", "grade": 0.0, "elevation_start": 3.6, "elevation_end": 3.6, "quality": "estimated", "structure": "tunnel", "chain_rank": 0, "cum_dist_start": 1000.0, "cum_dist_end": 1250.0, "anomaly": false}, "geometry": {"type": "LineString", "coordinates": [[139.60263635794448, 35.771971721032216], [139.6027672521301, 35.77217014470344], [139.6029047382171, 35.77236562856204], [139.60304816489122, 35.77255823796266], [139.60319296791593, 35.77275018139176], [139.60334889493092, 35.77293619642475], [139.60351328605256, 35.773117309325954], [139.60368038488375, 35.773296820040855], [139.60385388066913, 35.77347221524017], [139.6040293840635, 35.773646318833215], [139.60420488745788, 35.773820422426255]]}}, {"type": "Feature", "properties": {"id": "東京外環道-下り-0-5", "route": "東京外環道", "direction": "下り", "from": "大泉IC/JCT", "to": "和光", "grade": 0.0, "elevation_start": 3.6, "elevation_end": 3.6, "quality": "estimated", "structure": "tunnel", "chain_rank": 0, "cum_dist_start": 1250.0, "cum_dist_end": 1500.0, "anomaly": false}, "geometry": {"type": "LineString", "coordinates": [[139.60420488745788, 35.773820422426255], [139.60438039085227, 35.7739945260193], [139.60456065970757, 35.774165364629006], [139.60474105137018, 35.774336119099154], [139.60492144303277, 35.774506873569294], [139.60510183469538, 35.77467762803944], [139.60528264990884, 35.77484808147284], [139.60546586862822, 35.77501682662601], [139.60564908734756, 35.775185571779176], [139.6058323060669, 35.775354316932344], [139.60601552478624, 35.77552306208551]]}}, {"type": "Feature", "properties": {"id": "東京外環道-下り-0-6", "route": "東京外環道", "direction": "下り", "from": "大泉IC/JCT", "to": "和光", "grade": 0.0, "elevation_start": 3.6, "elevation_end": 3.6, "quality": "estimated", "structure": "tunnel", "chain_rank": 0, "cum_dist_start": 1500.0, "cum_dist_end": 1750.0, "anomaly": false}, "geometry": {"type": "LineString", "coordinates": [[139.60601552478624, 35.77552306208551], [139.60619874350562, 35.77569180723868], [139.6063823261267, 35.775860288543896], [139.60656696457463, 35.776028004319], [139.60675160302253, 35.776195720094115], [139.60693624147044, 35.77636343586922], [139.60712087991837, 35.776531151644335], [139.60730141736335, 35.776701804461545], [139.607474401711, 35.77687744656099], [139.60764164016845, 35.77705687566059], [139.607800293658, 35.777241394188906]]}}, {"type": "Feature", "properties": {"id": "東京外環道-下り-0-7", "route": "東京外環道", "direction": "下り", "from": "大泉IC/JCT", "to": "和光", "grade": 0.0, "elevation_start": 3.6, "elevation_end": 3.6, "quality": "estimated", "structure": "tunnel", "chain_rank": 0, "cum_dist_start": 1750.0, "cum_dist_end": 2000.0, "anomaly": false}, "geometry": {"type": "LineString", "coordinates": [[139.607800293658, 35.777241394188906], [139.6079536269388, 35.77742875011856], [139.60809490890168, 35.77762243258733], [139.60823619086455, 35.777816115056105], [139.608375895528, 35.77801053583778], [139.6085100058244, 35.77820757526836], [139.60863759037082, 35.77840739359772], [139.6087584418766, 35.778610019151174], [139.6088650076167, 35.77881792962537], [139.60896067462662, 35.7790292260835], [139.60904561423212, 35.77924356051604]]}}, {"type": "Feature", "properties": {"id": "東京外環道-下り-0-8", "route": "東京外環道", "direction": "下り", "from": "和光", "to": "和光IC", "grade": 0.0, "elevation_start": 3.6, "elevation_end": 3.6, "quality": "estimated", "structure": "tunnel", "chain_rank": 0, "cum_dist_start": 2000.0, "cum_dist_end": 2250.0, "anomaly": false}, "geometry": {"type": "LineString", "coordinates": [[139.60904561423212, 35.77924356051604], [139.6091209976311, 35.77946034207657], [139.6091839927849, 35.77967965080775], [139.60924288162752, 35.77989979765823], [139.60931136887282, 35.78011809355855], [139.60938244439177, 35.78033580916624], [139.60946064146313, 35.78055192811725], [139.60955136511697, 35.78076465792653], [139.609650105809, 35.78097511898863], [139.60975850428034, 35.78118237951094], [139.60986806350516, 35.78138925536535]]}}, {"type": "Feature", "properties": {"id": "東京外環道-下り-0-9", "route": "東京外環道", "direction": "下り", "from": "和光", "to": "和光IC", "grade": 0.0, "elevation_start": 3.6, "elevation_end": 3.6, "quality": "estimated", "structure": "tunnel", "chain_rank": 0, "cum_dist_start": 2250.0, "cum_dist_end": 2500.0, "anomaly": false}, "geometry": {"type": "LineString", "coordinates": [[139.60986806350516, 35.78138925536535], [139.60999376458832, 35.78158982007352], [139.61012427076975, 35.78178842313322], [139.6102721136293, 35.78197882993147], [139.61042715433277, 35.782165306581774], [139.61058706833805, 35.782349122324526], [139.61075309410623, 35.78252925046822], [139.6109296023423, 35.78270264475142], [139.61110810696124, 35.78287472383096], [139.61128825831582, 35.783045629539096], [139.61147377650752, 35.78321271114032]]}}, {"type": "Feature", "properties": {"id": "東京外環道-下り-0-10", "route": "東京外環道", "direction": "下り", "from": "和光", "to": "和光IC", "grade": 0.0, "elevation_start": 3.6, "elevation_end": 3.6, "quality": "estimated", "structure": "tunnel", "chain_rank": 0, "cum_dist_start": 2500.0, "cum_dist_end": 2750.0, "anomaly": false}, "geometry": {"type": "LineString", "coordinates": [[139.61147377650752, 35.78321271114032], [139.61166041079798, 35.78337895909162], [139.6118486357997, 35.783544018889664], [139.61204132443908, 35.783705602991525], [139.61223517453254, 35.78386628270515], [139.6124258649205, 35.78402940727419], [139.61261275662937, 35.78419547111124], [139.61279566501972, 35.78436433202911], [139.61296962066072, 35.78453947955527], [139.6131435763017, 35.784714627081435], [139.6133175319427, 35.7848897746076]]}}, {"type": "Feature", "properties": {"id": "東京外環道-下り-0-11", "route": "東京外環道", "direction": "下り", "from": "和光", "to": "和光IC", "grade": 0.0, "elevation_start": 3.6, "elevation_end": 3.6, "quality": "estimated", "structure": "tunnel", "chain_rank": 0, "cum_dist_start": 2750.0, "cum_dist_end": 3000.0, "anomaly": false}, "geometry": {"type": "LineString", "coordinates": [[139.6133175319427, 35.7848897746076], [139.61349088637834, 35.7850653179853], [139.61366290823048, 35.78524170396358], [139.61382754588385, 35.785422702861084], [139.61397859451137, 35.785611435137895], [139.6141210051796, 35.7858045256412], [139.61426045157256, 35.78599909517665], [139.61439790926866, 35.78619458471108], [139.61452927345255, 35.78639285440189], [139.614649393467, 35.78659576540351], [139.61476710998025, 35.7867996293414]]}}, {"type": "Feature", "properties": {"id": "東京外環道-下り-0-12", "route": "東京外環道", "direction": "下り", "from": "和光IC", "to": "新倉PA", "grade": 0.0, "elevation_start": 3.6, "elevation_end": 3.6, "quality": "estimated", "structure": "tunnel", "chain_rank": 0, "cum_dist_start": 3000.0, "cum_dist_end": 3250.0, "anomaly": false}, "geometry": {"type": "LineString", "coordinates": [[139.61476710998025, 35.7867996293414], [139.61487281006538, 35.787007836402964], [139.61496602475017, 35.78721991223039], [139.6150555496862, 35.78743308818625], [139.61514226264882, 35.78764704071772], [139.61522067141286, 35.78786309465283], [139.61528378583793, 35.78808228347173], [139.61533850452912, 35.788303137495774], [139.6153829136846, 35.78852552954339], [139.61542124580683, 35.78874866371765], [139.61544920468063, 35.78897270822372]]}}, {"type": "Feature", "properties": {"id": "東京外環道-下り-0-13", "route": "東京外環道", "direction": "下り", "from": "和光IC", "to": "新倉PA", "grade": 0.0, "elevation_start": 3.6, "elevation_end": 3.6, "quality": "estimated", "structure": "tunnel", "chain_rank": 0, "cum_dist_start": 3250.0, "cum_dist_end": 3500.0, "anomaly": false}, "geometry": {"type": "LineString", "coordinates": [[139.61544920468063, 35.78897270822372], [139.61546694570947, 35.789197535713896], [139.6154765674922, 35.789422715654986], [139.61548365305742, 35.78964792386022], [139.61548159474316, 35.78987323396681], [139.6154779962782, 35.7900985192077], [139.61546909949996, 35.79032371890749], [139.61545818204385, 35.790548841188894], [139.61544110354245, 35.790773727421694], [139.61542402504105, 35.790998613654494], [139.61540694653965, 35.791223499887295]]}}, {"type": "Feature", "properties": {"id": "東京外環道-下り-0-14", "route": "東京外環道", "direction": "下り", "from": "和光IC", "to": "新倉PA", "grade": 0.0, "elevation_start": 3.6, "elevation_end": 3.6, "quality": "estimated", "structure": "tunnel", "chain_rank": 0, "cum_dist_start": 3500.0, "cum_dist_end": 3750.0, "anomaly": false}, "geometry": {"type": "LineString", "coordinates": [[139.61540694653965, 35.791223499887295], [139.61538793170453, 35.791448281474764], [139.6153684093832, 35.79167303563614], [139.61534888706188, 35.79189778979752], [139.61533036499878, 35.79212259209428], [139.61531968052464, 35.79234773252555], [139.6153111368867, 35.792572941224606], [139.6153027166895, 35.79279815210325], [139.61529927402734, 35.79302345087006], [139.61529583136516, 35.793248749636874], [139.61529641144296, 35.79347403826408]]}}, {"type": "Feature", "properties": {"id": "東京外環道-下り-0-15", "route": "東京外環道", "direction": "下り", "from": "和光IC", "to": "新倉PA", "grade": 0.0, "elevation_start": 3.6, "elevation_end": 3.6, "quality": "estimated", "structure": "bridge", "chain_rank": 0, "cum_dist_start": 3750.0, "cum_dist_end": 4000.0, "anomaly": false}, "geometry": {"type": "LineString", "coordinates": [[139.61529641144296, 35.79347403826408], [139.61530156367954, 35.79369931536682], [139.6153149272796, 35.79392434017938], [139.6153324167265, 35.7941491866593], [139.61535690016183, 35.7943736181499], [139.6153910393643, 35.794597182846914], [139.61543596088077, 35.79481941184989], [139.61549167627788, 35.79504005126811], [139.61555769074124, 35.79525884596352], [139.61563095141554, 35.795476112946695], [139.61571076712747, 35.795691829891865]]}}, {"type": "Feature", "properties": {"id": "東京外環道-下り-0-16", "route": "東京外環道", "direction": "下り", "from": "和光IC", "to": "新倉PA", "grade": 0.0, "elevation_start": 3.6, "elevation_end": 3.6, "quality": "estimated", "structure": "bridge", "chain_rank": 0, "cum_dist_start": 4000.0, "cum_dist_end": 4250.0, "anomaly": false}, "geometry": {"type": "LineString", "coordinates": [[139.61571076712747, 35.795691829891865], [139.61579900109754, 35.79590530845651], [139.6158946754721, 35.79611666647653], [139.61600076716508, 35.79632474512437], [139.61611280759809, 35.796530738387325], [139.6162314674105, 35.79673419593222], [139.6163555465703, 35.796935563457524], [139.6164852156954, 35.79713456868534], [139.61661583048235, 35.79733317428017], [139.61674644526926, 35.797531779875], [139.61688710683964, 35.79772572750457]]}}, {"type": "Feature", "properties": {"id": "東京外環道-下り-0-17", "route": "東京外環道", "direction": "下り", "from": "和光IC", "to": "新倉PA", "grade": 0.0, "elevation_start": 3.6, "elevation_end": 3.6, "quality": "estimated", "structure": "tunnel", "chain_rank": 0, "cum_dist_start": 4250.0, "cum_dist_end": 4500.0, "anomaly": false}, "geometry": {"type": "LineString", "coordinates": [[139.61688710683964, 35.79772572750457], [139.6170300017856, 35.79791863967978], [139.61717421658645, 35.79811089010492], [139.6173212752013, 35.79830171469597], [139.61746833381613, 35.79849253928701], [139.6176155829788, 35.7986832652734], [139.61776519077443, 35.7988727707145], [139.6179147985701, 35.79906227615562], [139.61806449409818, 35.799251735450184], [139.61821508094027, 35.79944072592084], [139.61836568080184, 35.799629709789826]]}}, {"type": "Feature", "properties": {"id": "東京外環道-下り-0-18", "route": "東京外環道", "direction": "下り", "from": "和光IC", "to": "新倉PA", "grade": 0.0, "elevation_start": 3.6, "elevation_end": 3.6, "quality": "estimated", "structure": "bridge", "chain_rank": 0, "cum_dist_start": 4500.0, "cum_dist_end": 4750.0, "anomaly": false}, "geometry": {"type": "LineString", "coordinates": [[139.61836568080184, 35.799629709789826], [139.61851628324504, 35.79981869234975], [139.61866607897812, 35.800008097330235], [139.6188144838812, 35.80019823059608], [139.61896288878427, 35.80038836386192], [139.6191092089374, 35.80057956676577], [139.619255507643, 35.800770780673865], [139.61940213712353, 35.80096182662813], [139.61954906835112, 35.80115271936776], [139.61969599957868, 35.80134361210739], [139.61984293080624, 35.80153450484701]]}}, {"type": "Feature", "properties": {"id": "東京外環道-下り-0-19", "route": "東京外環道", "direction": "下り", "from": "和光北IC", "to": "戸田西", "grade": 0.0, "elevation_start": 3.6, "elevation_end": 3.6, "quality": "estimated", "structure": "bridge", "chain_rank": 0, "cum_dist_start": 4750.0, "cum_dist_end": 5000.0, "anomaly": false}, "geometry": {"type": "LineString", "coordinates": [[139.61984293080624, 35.80153450484701], [139.6199898620338, 35.80172539758664], [139.6201367932614, 35.80191629032627], [139.62028372448896, 35.80210718306589], [139.62043065571652, 35.802298075805524], [139.6205775869441, 35.80248896854515], [139.6207288354845, 35.80267759845359], [139.62088127711988, 35.8028656030257], [139.62103371875526, 35.80305360759781], [139.62118616039064, 35.80324161216993], [139.6213383021281, 35.80342977771973]]}}, {"type": "Feature", "properties": {"id": "東京外環道-下り-0-20", "route": "東京外環道", "direction": "下り", "from": "和光北IC", "to": "戸田西", "grade": 0.0, "elevation_start": 3.6, "elevation_end": 3.6, "quality": "estimated", "structure": "bridge", "chain_rank": 0, "cum_dist_start": 5000.0, "cum_dist_end": 5250.0, "anomaly": false}, "geometry": {"type": "LineString", "coordinates": [[139.6213383021281, 35.80342977771973], [139.62148990495194, 35.80361823254487], [139.62164150777576, 35.803806687370006], [139.6217978830092, 35.80399247003006], [139.62195957514723, 35.80417527565166], [139.62212126728528, 35.80435808127326], [139.6222829594233, 35.80454088689486], [139.62244465156135, 35.80472369251646], [139.6226103157326, 35.80490411152635], [139.62277704337257, 35.8050838915469], [139.62294377101253, 35.80526367156745]]}}, {"type": "Feature", "properties": {"id": "東京外環道-下り-0-21", "route": "東京外環道", "direction": "下り", "from": "和光北IC", "to": "戸田西", "grade": 0.0, "elevation_start": 3.6, "elevation_end": 3.6, "quality": "estimated", "structure": "bridge", "chain_rank": 0, "cum_dist_start": 5250.0, "cum_dist_end": 5500.0, "anomaly": false}, "geometry": {"type": "LineString", "coordinates": [[139.62294377101253, 35.80526367156745], [139.6231104986525, 35.805443451588005], [139.62327722629246, 35.80562323160855], [139.62344604038248, 35.80580171520772], [139.62361497176158, 35.80598012592898], [139.6237839031407, 35.80615853665025], [139.6239528345198, 35.80633694737151], [139.624121570348, 35.80651548129848], [139.62429013040858, 35.80669412596679], [139.62445869046917, 35.80687277063511], [139.62462725052976, 35.80705141530342]]}}, {"type": "Feature", "properties": {"id": "東京外環道-下り-0-22", "route": "東京外環道", "direction": "下り", "from": "和光北IC", "to": "戸田西", "grade": 0.0, "elevation_start": 3.6, "elevation_end": 3.6, "quality": "estimated", "structure": "bridge", "chain_rank": 0, "cum_dist_start": 5500.0, "cum_dist_end": 5750.0, "anomaly": false}, "geometry": {"type": "LineString", "coordinates": [[139.62462725052976, 35.80705141530342], [139.62479581059034, 35.80723005997173], [139.62496756468033, 35.807406669074], [139.62513994387479, 35.80758287979501], [139.62531122460157, 35.807759791809474], [139.62547999865686, 35.80793830415533], [139.62564877271214, 35.80811681650118], [139.62581754676742, 35.80829532884704], [139.6259863208227, 35.80847384119289], [139.626155094878, 35.80865235353875], [139.6263249456494, 35.808830185965626]]}}, {"type": "Feature", "properties": {"id": "東京外環道-下り-0-23", "route": "東京外環道", "direction": "下り", "from": "和光北IC", "to": "戸田西", "grade": 0.0, "elevation_start": 3.6, "elevation_end": 3.6, "quality": "estimated", "structure": "bridge", "chain_rank": 0, "cum_dist_start": 5750.0, "cum_dist_end": 6000.0, "anomaly": false}, "geometry": {"type": "LineString", "coordinates": [[139.6263249456494, 35.808830185965626], [139.62649586090924, 35.809007346195], [139.62666677616906, 35.80918450642438], [139.6268376914289, 35.80936166665376], [139.62700860668875, 35.809538826883134], [139.6271795219486, 35.80971598711252], [139.6273504372084, 35.809893147341896], [139.62752135246825, 35.81007030757127], [139.6276922677281, 35.81024746780065], [139.6278631829879, 35.81042462803003], [139.62803409824775, 35.810601788259405]]}}, {"type": "Feature", "properties": {"id": "東京外環道-下り-0-24", "route": "東京外環道", "direction": "下り", "from": "和光北IC", "to": "戸田西", "grade": 0.0, "elevation_start": 3.6, "elevation_end": 3.6, "quality": "estimated", "structure": "bridge", "chain_rank": 0, "cum_dist_start": 6000.0, "cum_dist_end": 6250.0, "anomaly": false}, "geometry": {"type": "LineString", "coordinates": [[139.62803409824775, 35.810601788259405], [139.6282050135076, 35.81077894848879], [139.62837592876744, 35.810956108718166], [139.62854684402726, 35.81113326894754], [139.6287177592871, 35.81131042917692], [139.62888867454694, 35.8114875894063], [139.62905958980676, 35.811664749635675], [139.6292305050666, 35.81184190986505], [139.62940142032645, 35.812019070094436], [139.6295723355863, 35.81219623032381], [139.6297432508461, 35.81237339055319]]}}, {"type": "Feature", "properties": {"id": "東京外環道-下り-0-25", "route": "東京外環道", "direction": "下り", "from": "和光北IC", "to": "戸田西", "grade": 0.0, "elevation_start": 3.6, "elevation_end": 3.6, "quality": "estimated", "structure": "bridge", "chain_rank": 0, "cum_dist_start": 6250.0, "cum_dist_end": 6500.0, "anomaly": false}, "geometry": {"type": "LineString", "coordinates": [[139.6297432508461, 35.81237339055319], [139.62991416610595, 35.81255055078257], [139.6300850813658, 35.812727711011945], [139.6302559966256, 35.81290487124132], [139.63042691188545, 35.81308203147071], [139.6305978271453, 35.813259191700084], [139.63076874240514, 35.81343635192946], [139.63093965766495, 35.81361351215884], [139.6311105729248, 35.813790672388215], [139.63128148818464, 35.81396783261759], [139.63145240344446, 35.81414499284698]]}}, {"type": "Feature", "properties": {"id": "東京外環道-下り-0-26", "route": "東京外環道", "direction": "下り", "from": "和光北IC", "to": "戸田西", "grade": 0.0, "elevation_start": 3.6, "elevation_end": 3.6, "quality": "estimated", "structure": "bridge", "chain_rank": 0, "cum_dist_start": 6500.0, "cum_dist_end": 6750.0, "anomaly": false}, "geometry": {"type": "LineString", "coordinates": [[139.63145240344446, 35.81414499284698], [139.6316233187043, 35.814322153076354], [139.63179423396414, 35.81449931330573], [139.631965149224, 35.81467647353511], [139.6321360644838, 35.814853633764486], [139.6323092660587, 35.81502931607813], [139.63248281842752, 35.81520477163218], [139.63265791962118, 35.81537919987172], [139.632833818157, 35.815553099245015], [139.6330097166928, 35.81572699861832], [139.63318584937454, 35.815900737889706]]}}, {"type": "Feature", "properties": {"id": "東京外環道-下り-0-27", "route": "東京外環道", "direction": "下り", "from": "戸田西", "to": "美女木JCT", "grade": 0.0, "elevation_start": 3.6, "elevation_end": 3.6, "quality": "estimated", "structure": "bridge", "chain_rank": 0, "cum_dist_start": 6750.0, "cum_dist_end": 7000.0, "anomaly": false}, "geometry": {"type": "LineString", "coordinates": [[139.63318584937454, 35.815900737889706], [139.6333657406403, 35.816071907154694], [139.63354563190603, 35.81624307641968], [139.6337255231718, 35.81641424568467], [139.63390563885355, 35.81658525708125], [139.63408748847888, 35.81675504871235], [139.63426957315122, 35.816924675016715], [139.63445172118324, 35.8170942567553], [139.63463386921524, 35.81726383849387], [139.63481601724726, 35.817433420232454], [139.63499816527928, 35.81760300197104]]}}, {"type": "Feature", "properties": {"id": "東京外環道-下り-0-28", "route": "東京外環道", "direction": "下り", "from": "戸田西", "to": "美女木JCT", "grade": 0.0, "elevation_start": 3.6, "elevation_end": 3.6, "quality": "estimated", "structure": "bridge", "chain_rank": 0, "cum_dist_start": 7000.0, "cum_dist_end": 7250.0, "anomaly": false}, "geometry": {"type": "LineString", "coordinates": [[139.63499816527928, 35.81760300197104], [139.6351803133113, 35.81777258370962], [139.63536246134333, 35.8179421654482], [139.63554460937536, 35.81811174718678], [139.63572675740738, 35.81828132892536], [139.63590890543938, 35.81845091066394], [139.6360910534714, 35.81862049240252], [139.63627320150343, 35.818790074141106], [139.63645534953545, 35.81895965587969], [139.63663749756748, 35.81912923761826], [139.6368196455995, 35.819298819356845]]}}, {"type": "Feature", "properties": {"id": "東京外環道-下り-0-29", "route": "東京外環道", "direction": "下り", "from": "戸田西", "to": "美女木JCT", "grade": 0.0, "elevation_start": 3.6, "elevation_end": 3.6, "quality": "estimated", "structure": "bridge", "chain_rank": 0, "cum_dist_start": 7250.0, "cum_dist_end": 7500.0, "anomaly": false}, "geometry": {"type": "LineString", "coordinates": [[139.6368196455995, 35.819298819356845], [139.63700179363153, 35.81946840109543], [139.63718459544683, 35.81963750917687], [139.63737038059833, 35.819804455871704], [139.6375561657498, 35.81997140256654], [139.63774195090127, 35.82013834926137], [139.63793422790323, 35.82030029442714], [139.63813027562807, 35.82045925497657], [139.63832953299357, 35.82061554056908], [139.63853166301476, 35.820769372360765], [139.63873740646562, 35.820919999076]]}}, {"type": "Feature", "properties": {"id": "東京外環道-下り-0-30", "route": "東京外環道", "direction": "下り", "from": "戸田西", "to": "美女木JCT", "grade": 0.0, "elevation_start": 3.6, "elevation_end": 3.6, "quality": "estimated", "structure": "bridge", "chain_rank": 0, "cum_dist_start": 7500.0, "cum_dist_end": 7750.0, "anomaly": false}, "geometry": {"type": "LineString", "coordinates": [[139.63873740646562, 35.820919999076], [139.63894500846482, 35.82106892020341], [139.63915705016376, 35.821213591164664], [139.6393730182551, 35.82135439225568], [139.63959058826856, 35.82149355381775], [139.6398113623744, 35.82162933507533], [139.640033549164, 35.82176357719478], [139.64025837731697, 35.82189478882394], [139.64048782862574, 35.822020668006914], [139.64071827288953, 35.822145324662245], [139.6409503256484, 35.822268000936134]]}}, {"type": "Feature", "properties": {"id": "東京外環道-下り-0-31", "route": "東京外環道", "direction": "下り", "from": "戸田西", "to": "美女木JCT", "grade": 0.0, "elevation_start": 3.6, "elevation_end": 3.6, "quality": "estimated", "structure": "bridge", "chain_rank": 0, "cum_dist_start": 7750.0, "cum_dist_end": 8000.0, "anomaly": false}, "geometry": {"type": "LineString", "coordinates": [[139.6409503256484, 35.822268000936134], [139.64118237840725, 35.82239067721002], [139.6414176039764, 35.8225092718683], [139.6416530664301, 35.82262756178991], [139.6418885288838, 35.82274585171151], [139.64212399133748, 35.82286414163312], [139.64236009080827, 35.82298157995071], [139.6425972922418, 35.82309754509598], [139.6428344936753, 35.82321351024126], [139.64307169510883, 35.82332947538654], [139.64330889654235, 35.82344544053181]]}}, {"type": "Feature", "properties": {"id": "東京外環道-下り-0-32", "route": "東京外環道", "direction": "下り", "from": "美女木JCT", "to": "戸田東IC", "grade": 0.0, "elevation_start": 3.6, "elevation_end": 3.6, "quality": "estimated", "structure": "bridge", "chain_rank": 0, "cum_dist_start": 8000.0, "cum_dist_end": 8250.0, "anomaly": false}, "geometry": {"type": "LineString", "coordinates": [[139.64330889654235, 35.82344544053181], [139.64354609797587, 35.8235614056771], [139.6437832994094, 35.823677370822374], [139.64402078121017, 35.82379295734646], [139.64425829515898, 35.82390850045635], [139.64449580910778, 35.82402404356623], [139.6447333230566, 35.82413958667612], [139.64497083700542, 35.824255129785996], [139.64520835095422, 35.82437067289588], [139.64544460239856, 35.82448790439873], [139.64567952607683, 35.824606911571294]]}}, {"type": "Feature", "properties": {"id": "東京外環道-下り-0-33", "route": "東京外環道", "direction": "下り", "from": "美女木JCT", "to": "戸田東IC", "grade": 0.0, "elevation_start": 3.6, "elevation_end": 3.6, "quality": "estimated", "structure": "bridge", "chain_rank": 0, "cum_dist_start": 8250.0, "cum_dist_end": 8500.0, "anomaly": false}, "geometry": {"type": "LineString", "coordinates": [[139.64567952607683, 35.824606911571294], [139.64591444975508, 35.82472591874385], [139.64614937343333, 35.824844925916416], [139.6463842971116, 35.82496393308898], [139.64661922078986, 35.825082940261545], [139.6468541444681, 35.8252019474341], [139.64708906814639, 35.82532095460667], [139.64732399182463, 35.82543996177923], [139.64755845145896, 35.825559572534786], [139.64779220186796, 35.82568010578139], [139.64802595227692, 35.82580063902799]]}}, {"type": "Feature", "properties": {"id": "東京外環道-下り-0-34", "route": "東京外環道", "direction": "下り", "from": "美女木JCT", "to": "戸田東IC", "grade": 0.0, "elevation_start": 3.6, "elevation_end": 3.6, "quality": "estimated", "structure": "bridge", "chain_rank": 0, "cum_dist_start": 8500.0, "cum_dist_end": 8750.0, "anomaly": false}, "geometry": {"type": "LineString", "coordinates": [[139.64802595227692, 35.82580063902799], [139.64825970268592, 35.8259211722746], [139.6484934530949, 35.8260417055212], [139.64872720350388, 35.8261622387678], [139.64896095391285, 35.8262827720144], [139.64919387958184, 35.82640435960564], [139.64942660837505, 35.82652619888215], [139.64965915413646, 35.82664827052189], [139.64989160220236, 35.826770466188435], [139.65012405026826, 35.826892661854984], [139.65035649833416, 35.827014857521526]]}}, {"type": "Feature", "properties": {"id": "東京外環道-下り-0-35", "route": "東京外環道", "direction": "下り", "from": "美女木JCT", "to": "戸田東IC", "grade": 0.0, "elevation_start": 3.6, "elevation_end": 3.6, "quality": "estimated", "structure": "bridge", "chain_rank": 0, "cum_dist_start": 8750.0, "cum_dist_end": 9000.0, "anomaly": false}, "geometry": {"type": "LineString", "coordinates": [[139.65035649833416, 35.827014857521526], [139.65058816898195, 35.82713800191243], [139.65081587978997, 35.827265978704936], [139.65104359059802, 35.827393955497435], [139.65127130140604, 35.82752193228994], [139.6514990122141, 35.82764990908244], [139.6517267230221, 35.827777885874944], [139.65195227982352, 35.82790835277527], [139.65217682073268, 35.82803999408292], [139.65240136164186, 35.82817163539057], [139.65262590255105, 35.828303276698215]]}}, {"type": "Feature", "properties": {"id": "東京外環道-下り-0-36", "route": "東京外環道", "direction": "下り", "from": "美女木JCT", "to": "戸田東IC", "grade": 0.0, "elevation_start": 3.6, "elevation_end": 3.6, "quality": "estimated", "structure": "bridge", "chain_rank": 0, "cum_dist_start": 9000.0, "cum_dist_end": 9250.0, "anomaly": false}, "geometry": {"type": "LineString", "coordinates": [[139.65262590255105, 35.828303276698215], [139.6528504434602, 35.82843491800587], [139.6530749843694, 35.828566559313515], [139.65330087120225, 35.828696666431405], [139.65352680721602, 35.82882671748899], [139.65375274322983, 35.82895676854657], [139.6539786792436, 35.82908681960415], [139.65420461525738, 35.82921687066173], [139.65443127140725, 35.829346063433334], [139.6546622367342, 35.82947012036131], [139.65489320206112, 35.82959417728927]]}}, {"type": "Feature", "properties": {"id": "東京外環道-下り-0-37", "route": "東京外環道", "direction": "下り", "from": "戸田東IC", "to": "外環浦和", "grade": 0.0, "elevation_start": 3.6, "elevation_end": 3.6, "quality": "estimated", "structure": "bridge", "chain_rank": 0, "cum_dist_start": 9250.0, "cum_dist_end": 9500.0, "anomaly": false}, "geometry": {"type": "LineString", "coordinates": [[139.65489320206112, 35.82959417728927], [139.65512416738807, 35.82971823421724], [139.655355132715, 35.82984229114521], [139.65558609804194, 35.82996634807318], [139.65581706336886, 35.83009040500115], [139.6560480286958, 35.83021446192912], [139.65627997371024, 35.83033725919538], [139.65651645871617, 35.830454219035595], [139.65675308972484, 35.83057098001655], [139.65699158873124, 35.83068519674009], [139.65723008773764, 35.83079941346362]]}}, {"type": "Feature", "properties": {"id": "東京外環道-下り-0-38", "route": "東京外環道", "direction": "下り", "from": "戸田東IC", "to": "外環浦和", "grade": 0.0, "elevation_start": 3.6, "elevation_end": 3.6, "quality": "estimated", "structure": "bridge", "chain_rank": 0, "cum_dist_start": 9500.0, "cum_dist_end": 9750.0, "anomaly": false}, "geometry": {"type": "LineString", "coordinates": [[139.65723008773764, 35.83079941346362], [139.6574689372866, 35.83091314383761], [139.65770793845945, 35.83102666384571], [139.65794693963227, 35.83114018385381], [139.65818594080508, 35.83125370386191], [139.65842378181796, 35.83136882211879], [139.6586609794522, 35.83148482670098], [139.65889817708646, 35.83160083128316], [139.6591353747207, 35.83171683586534], [139.65937257235495, 35.831832840447525], [139.6596097699892, 35.83194884502971]]}}, {"type": "Feature", "properties": {"id": "東京外環道-下り-0-39", "route": "東京外環道", "direction": "下り", "from": "戸田東IC", "to": "外環浦和", "grade": 0.0, "elevation_start": 3.6, "elevation_end": 3.6, "quality": "estimated", "structure": "bridge", "chain_rank": 0, "cum_dist_start": 9750.0, "cum_dist_end": 10000.0, "anomaly": false}, "geometry": {"type": "LineString", "coordinates": [[139.6596097699892, 35.83194884502971], [139.65984696762345, 35.83206484961189], [139.6600841652577, 35.83218085419407], [139.66032136289195, 35.83229685877625], [139.66055794909659, 35.83241363597398], [139.66078564314915, 35.832541649485435], [139.66101286645193, 35.832670204371595], [139.66123673747938, 35.83280261446305], [139.66145707102254, 35.83293878831209], [139.66167249094693, 35.833080190076835], [139.66188587515833, 35.83322353490677]]}}, {"type": "Feature", "properties": {"id": "東京外環道-下り-0-40", "route": "東京外環道", "direction": "下り", "from": "戸田東IC", "to": "外環浦和", "grade": 0.0, "elevation_start": 3.6, "elevation_end": 3.6, "quality": "estimated", "structure": "bridge", "chain_rank": 0, "cum_dist_start": 10000.0, "cum_dist_end": 10250.0, "anomaly": false}, "geometry": {"type": "LineString", "coordinates": [[139.66188587515833, 35.83322353490677], [139.6620912624953, 35.833374512663525], [139.66229664983229, 35.833525490420286], [139.66250203716925, 35.833676468177046], [139.6627082837275, 35.83382666474482], [139.6629153184296, 35.833976144746025], [139.66312235313168, 35.83412562474722], [139.66332938783378, 35.83427510474842], [139.66353642253588, 35.83442458474962], [139.66374345723796, 35.83457406475082], [139.6639568222277, 35.83471737363713]]}}, {"type": "Feature", "properties": {"id": "東京外環道-下り-0-41", "route": "東京外環道", "direction": "下り", "from": "戸田東IC", "to": "外環浦和", "grade": 0.0, "elevation_start": 3.6, "elevation_end": 3.6, "quality": "estimated", "structure": "bridge", "chain_rank": 0, "cum_dist_start": 10250.0, "cum_dist_end": 10500.0, "anomaly": false}, "geometry": {"type": "LineString", "coordinates": [[139.6639568222277, 35.83471737363713], [139.66417434231965, 35.8348566318998], [139.6643988024061, 35.83498836055165], [139.6646272922237, 35.835115323435886], [139.6648597753078, 35.8352375054292], [139.6650955933348, 35.83535525003942], [139.66533500766295, 35.83546820951051], [139.66557848062084, 35.835575071086005], [139.66582541452138, 35.83567673276202], [139.6660758674114, 35.83577246354689], [139.66632907857112, 35.83586314540696]]}}, {"type": "Feature", "properties": {"id": "東京外環道-下り-0-42", "route": "東京外環道", "direction": "下り", "from": "戸田東IC", "to": "外環浦和", "grade": 0.0, "elevation_start": 3.6, "elevation_end": 3.6, "quality": "estimated", "structure": "bridge", "chain_rank": 0, "cum_dist_start": 10500.0, "cum_dist_end": 10750.0, "anomaly": false}, "geometry": {"type": "LineString", "coordinates": [[139.66632907857112, 35.83586314540696], [139.6665860052568, 35.83594679271903], [139.6668448611553, 35.836026386720064], [139.66710613235665, 35.836100328700304], [139.66737032058214, 35.83616728902433], [139.66763668577852, 35.83622829957813], [139.66790543997598, 35.83628186111439], [139.66817565941253, 35.83633013834025], [139.6684472484725, 35.8363731937559], [139.66872020276725, 35.83641011155322], [139.66899422579175, 35.83644139571203]]}}, {"type": "Feature", "properties": {"id": "東京外環道-下り-0-43", "route": "東京外環道", "direction": "下り", "from": "戸田東IC", "to": "外環浦和", "grade": 0.0, "elevation_start": 3.6, "elevation_end": 3.6, "quality": "estimated", "structure": "bridge", "chain_rank": 0, "cum_dist_start": 10750.0, "cum_dist_end": 11000.0, "anomaly": false}, "geometry": {"type": "LineString", "coordinates": [[139.66899422579175, 35.83644139571203], [139.6692694821718, 35.83646417226825], [139.66954543450683, 35.83647970548621], [139.66982190734373, 35.83648862813331], [139.67009856995512, 35.836492497901276], [139.67037523722726, 35.83649489218915], [139.67065192062532, 35.83649218137859], [139.6709286040234, 35.836489470568026], [139.67120529529092, 35.83648753530832], [139.67148198956681, 35.836487035938596], [139.67175861026695, 35.83649254493935]]}}, {"type": "Feature", "properties": {"id": "東京外環道-下り-0-44", "route": "東京外環道", "direction": "下り", "from": "戸田東IC", "to": "外環浦和", "grade": 0.0, "elevation_start": 3.6, "elevation_end": 3.6, "quality": "estimated", "structure": "bridge", "chain_rank": 0, "cum_dist_start": 11000.0, "cum_dist_end": 11250.0, "anomaly": false}, "geometry": {"type": "LineString", "coordinates": [[139.67175861026695, 35.83649254493935], [139.67203489212207, 35.8365040758461], [139.67231076528344, 35.83652094995934], [139.67258534780004, 35.83654879464871], [139.6728593148039, 35.836579886440234], [139.67313142752278, 35.83662076040564], [139.67340270456086, 35.83666490002736], [139.6736722166536, 35.83671593666619], [139.67393990065986, 35.83677264035724], [139.67420542104531, 35.83683605125368], [139.6744675505372, 35.83690768223638]]}}, {"type": "Feature", "properties": {"id": "東京外環道-下り-0-45", "route": "東京外環道", "direction": "下り", "from": "戸田東IC", "to": "外環浦和", "grade": 0.0, "elevation_start": 3.6, "elevation_end": 3.6, "quality": "estimated", "structure": "bridge", "chain_rank": 0, "cum_dist_start": 11250.0, "cum_dist_end": 11500.0, "anomaly": false}, "geometry": {"type": "LineString", "coordinates": [[139.6744675505372, 35.83690768223638], [139.6747262366916, 35.836987660437885], [139.6749828119589, 35.83707183200729], [139.6752360058417, 35.83716272084208], [139.67548680560336, 35.837257728681635], [139.67573363874553, 35.83735956095633], [139.67597663418874, 35.837467096568176], [139.67621487700643, 35.83758169522112], [139.67644516698962, 35.83770657396855], [139.67667364408976, 35.83783366258501], [139.67689997445893, 35.837963265351235]]}}, {"type": "Feature", "properties": {"id": "東京外環道-下り-0-46", "route": "東京外環道", "direction": "下り", "from": "戸田東IC", "to": "外環浦和", "grade": 0.0, "elevation_start": 3.6, "elevation_end": 3.6, "quality": "estimated", "structure": "bridge", "chain_rank": 0, "cum_dist_start": 11500.0, "cum_dist_end": 11750.0, "anomaly": false}, "geometry": {"type": "LineString", "coordinates": [[139.67689997445893, 35.837963265351235], [139.67712291130007, 35.83809673273301], [139.67734024181232, 35.83823613879388], [139.67755595605487, 35.83837725693891], [139.67776967362286, 35.838520370252894], [139.67798291351366, 35.83866396088384], [139.67819585952356, 35.838807841093114], [139.67840871103007, 35.83895181442221], [139.6786215625366, 35.839095787751305], [139.67883441404308, 35.83923976108041], [139.67904938995918, 35.839381615296375]]}}, {"type": "Feature", "properties": {"id": "東京外環道-下り-0-47", "route": "東京外環道", "direction": "下り", "from": "外環浦和", "to": "川口西", "grade": 0.0, "elevation_start": 3.6, "elevation_end": 3.6, "quality": "estimated", "structure": "bridge", "chain_rank": 0, "cum_dist_start": 11750.0, "cum_dist_end": 12000.0, "anomaly": false}, "geometry": {"type": "LineString", "coordinates": [[139.67904938995918, 35.839381615296375], [139.6792653329919, 35.83952250480688], [139.6794812760246, 35.83966339431738], [139.67969721905735, 35.83980428382788], [139.6799128706899, 35.83994546991782], [139.68012836636797, 35.840086814734114], [139.68034386204604, 35.840228159550406], [139.68055935772412, 35.8403695043667], [139.68077485340223, 35.84051084918299], [139.6809903490803, 35.84065219399928], [139.68120761306037, 35.840791726405804]]}}, {"type": "Feature", "properties": {"id": "東京外環道-下り-0-48", "route": "東京外環道", "direction": "下り", "from": "外環浦和", "to": "川口西", "grade": 0.0, "elevation_start": 3.6, "elevation_end": 3.6, "quality": "estimated", "structure": "bridge", "chain_rank": 0, "cum_dist_start": 12000.0, "cum_dist_end": 12250.0, "anomaly": false}, "geometry": {"type": "LineString", "coordinates": [[139.68120761306037, 35.840791726405804], [139.68142558244438, 35.840930535813065], [139.68164355182842, 35.84106934522033], [139.68186152121243, 35.841208154627594], [139.68207949059646, 35.841346964034855], [139.68230191402313, 35.84148097350267], [139.68252549004285, 35.8416137408681], [139.68275306968553, 35.84174191931988], [139.68298171399914, 35.84186881210376], [139.68321311984332, 35.84199236689647], [139.68344655470983, 35.84211332474438]]}}, {"type": "Feature", "properties": {"id": "東京外環道-下り-0-49", "route": "東京外環道", "direction": "下り", "from": "外環浦和", "to": "川口西", "grade": 0.0, "elevation_start": 3.6, "elevation_end": 3.6, "quality": "estimated", "structure": "bridge", "chain_rank": 0, "cum_dist_start": 12250.0, "cum_dist_end": 12500.0, "anomaly": false}, "geometry": {"type": "LineString", "coordinates": [[139.68344655470983, 35.84211332474438], [139.68368208915183, 35.842231595346554], [139.68391904675343, 35.84234793451927], [139.68415809030853, 35.84246144275707], [139.6843973798213, 35.84257459714261], [139.68463997938682, 35.84268298944953], [139.684883266925, 35.842790292770786], [139.6851326569293, 35.84288793655404], [139.68538204693363, 35.842985580337306], [139.68563584636536, 35.84307535234505], [139.68588991506883, 35.843164643644876]]}}, {"type": "Feature", "properties": {"id": "東京外環道-下り-0-50", "route": "東京外環道", "direction": "下り", "from": "外環浦和", "to": "川口西", "grade": 0.0, "elevation_start": 3.6, "elevation_end": 3.6, "quality": "estimated", "structure": "bridge", "chain_rank": 0, "cum_dist_start": 12500.0, "cum_dist_end": 12750.0, "anomaly": false}, "geometry": {"type": "LineString", "coordinates": [[139.68588991506883, 35.843164643644876], [139.6861458368063, 35.84325031407062], [139.6864026208616, 35.843334299506054], [139.68666043909613, 35.84341610444062], [139.68691992180447, 35.84349439993827], [139.68717940451285, 35.843572695435924], [139.6874388872212, 35.84365099093358], [139.68770101273861, 35.84372321436184], [139.68796316930138, 35.843795366460874], [139.68822532586415, 35.843867518559904], [139.68848748242692, 35.84393967065894]]}}, {"type": "Feature", "properties": {"id": "東京外環道-下り-0-51", "route": "東京外環道", "direction": "下り", "from": "外環浦和", "to": "川口西", "grade": 0.0, "elevation_start": 3.6, "elevation_end": 3.6, "quality": "estimated", "structure": "bridge", "chain_rank": 0, "cum_dist_start": 12750.0, "cum_dist_end": 13000.0, "anomaly": false}, "geometry": {"type": "LineString", "coordinates": [[139.68848748242692, 35.84393967065894], [139.6887496389897, 35.84401182275797], [139.68901185927095, 35.844083818500856], [139.68927506670764, 35.84415339190431], [139.68953827414433, 35.844222965307765], [139.68980148158104, 35.844292538711215], [139.69006468901773, 35.84436211211467], [139.69032789645442, 35.844431685518124], [139.6905911038911, 35.84450125892158], [139.6908543113278, 35.84457083232503], [139.6911176496557, 35.844640079694265]]}}, {"type": "Feature", "properties": {"id": "東京外環道-下り-0-52", "route": "東京外環道", "direction": "下り", "from": "外環浦和", "to": "川口西", "grade": 0.0, "elevation_start": 3.6, "elevation_end": 3.6, "quality": "estimated", "structure": "bridge", "chain_rank": 0, "cum_dist_start": 13000.0, "cum_dist_end": 13250.0, "anomaly": false}, "geometry": {"type": "LineString", "coordinates": [[139.6911176496557, 35.844640079694265], [139.6913809961115, 35.844709306817926], [139.69164434256726, 35.844778533941586], [139.69190768902305, 35.84484776106524], [139.69217090943386, 35.844917305597974], [139.69243400140752, 35.84498717356381], [139.6926970933812, 35.84505704152964], [139.69296018535488, 35.84512690949547], [139.69322422346409, 35.8451943553903], [139.69348858235577, 35.845260980094196], [139.69375294124745, 35.84532760479809]]}}, {"type": "Feature", "properties": {"id": "東京外環道-下り-0-53", "route": "東京外環道", "direction": "下り", "from": "川口西", "to": "川口中央", "grade": 0.0, "elevation_start": 3.6, "elevation_end": 3.6, "quality": "estimated", "structure": "bridge", "chain_rank": 0, "cum_dist_start": 13250.0, "cum_dist_end": 13500.0, "anomaly": false}, "geometry": {"type": "LineString", "coordinates": [[139.69375294124745, 35.84532760479809], [139.69401730013914, 35.84539422950199], [139.69428265164444, 35.845458181257044], [139.69454809549143, 35.845521884350816], [139.69481353933844, 35.84558558744459], [139.69507967823483, 35.845647289988534], [139.6953467935011, 35.845706182262255], [139.6956139087674, 35.84576507453597], [139.6958810240337, 35.84582396680968], [139.69614815035064, 35.84588282565996], [139.69641558167928, 35.845940761983]]}}, {"type": "Feature", "properties": {"id": "東京外環道-下り-0-54", "route": "東京外環道", "direction": "下り", "from": "川口西", "to": "川口中央", "grade": 0.0, "elevation_start": 3.6, "elevation_end": 3.6, "quality": "estimated", "structure": "bridge", "chain_rank": 0, "cum_dist_start": 13500.0, "cum_dist_end": 13750.0, "anomaly": false}, "geometry": {"type": "LineString", "coordinates": [[139.69641558167928, 35.845940761983], [139.6966830130079, 35.84599869830603], [139.69695044433652, 35.846056634629065], [139.69721787566516, 35.8461145709521], [139.69748605554148, 35.84617006634932], [139.69775556117673, 35.84622123860266], [139.698025066812, 35.84627241085599], [139.69829457244725, 35.846323583109324], [139.69856419331805, 35.8463743357407], [139.6988348210188, 35.84642142207214], [139.69910544871956, 35.84646850840358]]}}, {"type": "Feature", "properties": {"id": "東京外環道-下り-0-55", "route": "東京外環道", "direction": "下り", "from": "川口西", "to": "川口中央", "grade": 0.0, "elevation_start": 3.6, "elevation_end": 3.6, "quality": "estimated", "structure": "bridge", "chain_rank": 0, "cum_dist_start": 13750.0, "cum_dist_end": 14000.0, "anomaly": false}, "geometry": {"type": "LineString", "coordinates": [[139.69910544871956, 35.84646850840358], [139.69937607642032, 35.846515594735024], [139.69964670412105, 35.846562681066466], [139.69991730773324, 35.84660985746844], [139.70018743519432, 35.846658814266036], [139.7004575626554, 35.84670777106363], [139.70072769011645, 35.84675672786122], [139.70099781757753, 35.84680568465882], [139.7012679450386, 35.84685464145641], [139.7015380724997, 35.846903598254], [139.70180844806913, 35.84695163943746]]}}, {"type": "Feature", "properties": {"id": "東京外環道-下り-0-56", "route": "東京外環道", "direction": "下り", "from": "川口西", "to": "川口中央", "grade": 0.0, "elevation_start": 3.6, "elevation_end": 3.6, "quality": "estimated", "structure": "bridge", "chain_rank": 0, "cum_dist_start": 14000.0, "cum_dist_end": 14250.0, "anomaly": false}, "geometry": {"type": "LineString", "coordinates": [[139.70180844806913, 35.84695163943746], [139.7020788833892, 35.846999460118525], [139.70234931870922, 35.847047280799586], [139.70261975402929, 35.847095101480654], [139.70289018934932, 35.84714292216172], [139.70316062466938, 35.84719074284279], [139.70343112185157, 35.84723833462705], [139.70370164972363, 35.847285812855226], [139.70397217759572, 35.8473332910834], [139.70424270546778, 35.84738076931158], [139.70451323333987, 35.84742824753976]]}}, {"type": "Feature", "properties": {"id": "東京外環道-下り-0-57", "route": "東京外環道", "direction": "下り", "from": "川口西", "to": "川口中央", "grade": 0.0, "elevation_start": 3.6, "elevation_end": 3.6, "quality": "estimated", "structure": "bridge", "chain_rank": 0, "cum_dist_start": 14250.0, "cum_dist_end": 14500.0, "anomaly": false}, "geometry": {"type": "LineString", "coordinates": [[139.70451323333987, 35.84742824753976], [139.70478376121193, 35.847475725767936], [139.70505428908402, 35.84752320399611], [139.7053248169561, 35.84757068222429], [139.70559534482817, 35.84761816045246], [139.70586587270026, 35.84766563868064], [139.70613640057232, 35.84771311690882], [139.7064069284444, 35.847760595137], [139.7066774563165, 35.84780807336517], [139.7069478805449, 35.84785594684809], [139.70721826305257, 35.84790397943703]]}}, {"type": "Feature", "properties": {"id": "東京外環道-下り-0-58", "route": "東京外環道", "direction": "下り", "from": "川口西", "to": "川口中央", "grade": 0.0, "elevation_start": 3.6, "elevation_end": 3.6, "quality": "estimated", "structure": "bridge", "chain_rank": 0, "cum_dist_start": 14500.0, "cum_dist_end": 14750.0, "anomaly": false}, "geometry": {"type": "LineString", "coordinates": [[139.70721826305257, 35.84790397943703], [139.70748864556023, 35.84795201202596], [139.7077590280679, 35.84800004461489], [139.70802941057556, 35.84804807720382], [139.70829979308323, 35.848096109792756], [139.70857017559092, 35.84814414238169], [139.7088405580986, 35.84819217497062], [139.70911094060625, 35.848240207559556], [139.70938132311392, 35.848288240148484], [139.70965170562158, 35.84833627273742], [139.70992208812925, 35.848384305326356]]}}, {"type": "Feature", "properties": {"id": "東京外環道-下り-0-59", "route": "東京外環道", "direction": "下り", "from": "川口西", "to": "川口中央", "grade": 0.0, "elevation_start": 3.6, "elevation_end": 3.6, "quality": "estimated", "structure": "bridge", "chain_rank": 0, "cum_dist_start": 14750.0, "cum_dist_end": 15000.0, "anomaly": false}, "geometry": {"type": "LineString", "coordinates": [[139.70992208812925, 35.848384305326356], [139.7101924706369, 35.848432337915284], [139.71046285314458, 35.84848037050422], [139.71073323565224, 35.84852840309315], [139.71100360982643, 35.848576468427275], [139.7112739532279, 35.84862465467831], [139.7115442966294, 35.848672840929346], [139.7118146400309, 35.84872102718039], [139.71208498343236, 35.848769213431424], [139.71235532683386, 35.84881739968246], [139.71262567023533, 35.848865585933495]]}}, {"type": "Feature", "properties": {"id": "東京外環道-下り-0-60", "route": "東京外環道", "direction": "下り", "from": "川口西", "to": "川口中央", "grade": 0.0, "elevation_start": 3.6, "elevation_end": 3.6, "quality": "estimated", "structure": "bridge", "chain_rank": 0, "cum_dist_start": 15000.0, "cum_dist_end": 15250.0, "anomaly": false}, "geometry": {"type": "LineString", "coordinates": [[139.71262567023533, 35.848865585933495], [139.71289601363682, 35.84891377218453], [139.71316635703832, 35.84896195843557], [139.7134367004398, 35.8490101446866], [139.71370704384128, 35.84905833093764], [139.71397678136427, 35.84910865382817], [139.7142456878045, 35.849161907544435], [139.71451459424472, 35.849215161260695], [139.7147833645536, 35.84926886108922], [139.71505158804365, 35.84932435288248], [139.7153198115337, 35.849379844675745]]}}, {"type": "Feature", "properties": {"id": "東京外環道-下り-0-61", "route": "東京外環道", "direction": "下り", "from": "川口西", "to": "川口中央", "grade": 0.0, "elevation_start": 3.6, "elevation_end": 3.6, "quality": "estimated", "structure": "bridge", "chain_rank": 0, "cum_dist_start": 15250.0, "cum_dist_end": 15500.0, "anomaly": false}, "geometry": {"type": "LineString", "coordinates": [[139.7153198115337, 35.849379844675745], [139.71558803502373, 35.84943533646901], [139.71585560801827, 35.849492817545034], [139.71612220023866, 35.84955329793009], [139.71638879245904, 35.84961377831515], [139.71665538467946, 35.84967425870021], [139.71692093630605, 35.84973766081912], [139.71718589549567, 35.84980272635682], [139.71745085468527, 35.849867791894525], [139.71771581387486, 35.84993285743222], [139.71798004545857, 35.84999984774085]]}}, {"type": "Feature", "properties": {"id": "東京外環道-下り-0-62", "route": "東京外環道", "direction": "下り", "from": "川口西", "to": "川口中央", "grade": 0.0, "elevation_start": 3.6, "elevation_end": 3.6, "quality": "estimated", "structure": "bridge", "chain_rank": 0, "cum_dist_start": 15500.0, "cum_dist_end": 15750.0, "anomaly": false}, "geometry": {"type": "LineString", "coordinates": [[139.71798004545857, 35.84999984774085], [139.7182440229154, 35.850067510303475], [139.71850800037225, 35.8501351728661], [139.71877197782908, 35.85020283542873], [139.71903595528593, 35.85027049799137], [139.71929993274276, 35.850338160553996], [139.7195639101996, 35.850405823116624], [139.71982788765644, 35.85047348567925], [139.7200918651133, 35.85054114824188], [139.7203553455492, 35.85061007406718], [139.72061840191682, 35.85068007773378]]}}, {"type": "Feature", "properties": {"id": "東京外環道-下り-0-63", "route": "東京外環道", "direction": "下り", "from": "川口西", "to": "川口中央", "grade": 0.0, "elevation_start": 3.6, "elevation_end": 3.6, "quality": "estimated", "structure": "bridge", "chain_rank": 0, "cum_dist_start": 15750.0, "cum_dist_end": 16000.0, "anomaly": false}, "geometry": {"type": "LineString", "coordinates": [[139.72061840191682, 35.85068007773378], [139.72088145828442, 35.85075008140038], [139.72114451465202, 35.85082008506697], [139.7214079968118, 35.85088900223514], [139.72167228037443, 35.850955874455074], [139.7219365639371, 35.85102274667501], [139.72220084749975, 35.85108961889493], [139.72246479912374, 35.85115734901091], [139.72272838882265, 35.851226014522915], [139.72299197852155, 35.851294680034925], [139.72325556822045, 35.851363345546936]]}}, {"type": "Feature", "properties": {"id": "東京外環道-下り-0-64", "route": "東京外環道", "direction": "下り", "from": "川口西", "to": "川口中央", "grade": 0.0, "elevation_start": 3.6, "elevation_end": 3.6, "quality": "estimated", "structure": "bridge", "chain_rank": 0, "cum_dist_start": 16000.0, "cum_dist_end": 16250.0, "anomaly": false}, "geometry": {"type": "LineString", "coordinates": [[139.72325556822045, 35.851363345546936], [139.72352004035622, 35.85142972292353], [139.72378457077835, 35.851495949165134], [139.72404910241605, 35.851562172111976], [139.7243147004331, 35.85162550472212], [139.72458029845012, 35.85168883733227], [139.72484589646717, 35.851752169942415], [139.7251130355827, 35.851811050737055], [139.72538018523454, 35.85186990109514], [139.7256473348864, 35.85192875145323], [139.72591469758103, 35.85198695414832]]}}, {"type": "Feature", "properties": {"id": "東京外環道-下り-0-65", "route": "東京外環道", "direction": "下り", "from": "川口西", "to": "川口中央", "grade": 0.0, "elevation_start": 3.6, "elevation_end": 3.6, "quality": "estimated", "structure": "bridge", "chain_rank": 0, "cum_dist_start": 16250.0, "cum_dist_end": 16500.0, "anomaly": false}, "geometry": {"type": "LineString", "coordinates": [[139.72591469758103, 35.85198695414832], [139.7261822679337, 35.85204452555062], [139.72645007319593, 35.85210134158149], [139.72671906759226, 35.85215433385273], [139.72698808153334, 35.852207259034294], [139.72725767595682, 35.8522581916423], [139.72752727038028, 35.852309124250304], [139.72779761519203, 35.85235729913016], [139.72806841691258, 35.85240379483904], [139.72833975527152, 35.85244810216823], [139.728611734469, 35.85248979619545]]}}, {"type": "Feature", "properties": {"id": "東京外環道-下り-0-66", "route": "東京外環道", "direction": "下り", "from": "川口中央", "to": "川口JCT", "grade": 0.0, "elevation_start": 3.6, "elevation_end": 3.6, "quality": "estimated", "structure": "bridge", "chain_rank": 0, "cum_dist_start": 16500.0, "cum_dist_end": 16750.0, "anomaly": false}, "geometry": {"type": "LineString", "coordinates": [[139.728611734469, 35.85248979619545], [139.7288837136665, 35.852531490222674], [139.72915646378658, 35.85256956508062], [139.72942981168296, 35.85260483362084], [139.72970315957934, 35.85264010216106], [139.72997650747573, 35.852675370701284], [139.73024983630427, 35.852710735595316], [139.73052292939465, 35.85274729172448], [139.73079602248504, 35.85278384785364], [139.73106911557542, 35.852820403982804], [139.7313422086658, 35.852856960111964]]}}, {"type": "Feature", "properties": {"id": "東京外環道-下り-0-67", "route": "東京外環道", "direction": "下り", "from": "川口中央", "to": "川口JCT", "grade": 0.0, "elevation_start": 3.6, "elevation_end": 3.6, "quality": "estimated", "structure": "bridge", "chain_rank": 0, "cum_dist_start": 16750.0, "cum_dist_end": 17000.0, "anomaly": false}, "geometry": {"type": "LineString", "coordinates": [[139.7313422086658, 35.852856960111964], [139.7316160034764, 35.85288976810979], [139.73189007879756, 35.85292107780351], [139.7321641541187, 35.85295238749722], [139.73243881364166, 35.85298007224346], [139.73271353765082, 35.85300735685555], [139.7329883783248, 35.853033790444776], [139.73326373372808, 35.85305646928918], [139.7335392414853, 35.85307779308179], [139.73381508026108, 35.85309617276076], [139.7340909190369, 35.85311455243973]]}}, {"type": "Feature", "properties": {"id": "東京外環道-下り-0-68", "route": "東京外環道", "direction": "下り", "from": "川口JCT", "to": "川口東", "grade": 0.0, "elevation_start": 3.6, "elevation_end": 3.6, "quality": "estimated", "structure": "bridge", "chain_rank": 0, "cum_dist_start": 17000.0, "cum_dist_end": 17250.0, "anomaly": false}, "geometry": {"type": "LineString", "coordinates": [[139.7340909190369, 35.85311455243973], [139.7343667578127, 35.8531329321187], [139.73464296305482, 35.85314708110404], [139.73491924172237, 35.85316038242497], [139.73519552038994, 35.8531736837459], [139.73547179905748, 35.853186985066834], [139.73574807772502, 35.85320028638777], [139.7360244982622, 35.85321145611283], [139.73630092684215, 35.85322250499519], [139.7365773554221, 35.85323355387754], [139.73685380230398, 35.85324419644415]]}}, {"type": "Feature", "properties": {"id": "東京外環道-下り-0-69", "route": "東京外環道", "direction": "下り", "from": "川口JCT", "to": "川口東", "grade": 0.0, "elevation_start": 3.6, "elevation_end": 3.6, "quality": "estimated", "structure": "bridge", "chain_rank": 0, "cum_dist_start": 17250.0, "cum_dist_end": 17500.0, "anomaly": false}, "geometry": {"type": "LineString", "coordinates": [[139.73685380230398, 35.85324419644415], [139.73713048278498, 35.85324965295096], [139.737407163266, 35.85325510945777], [139.737683843747, 35.853260565964575], [139.73796057564468, 35.853261015494716], [139.738237329522, 35.853259324635445], [139.73851408339937, 35.85325763377618], [139.73879083727672, 35.85325594291691], [139.73906758799313, 35.8532539503347], [139.73934433721456, 35.85325181505326], [139.73962106212983, 35.853248575669824]]}}, {"type": "Feature", "properties": {"id": "東京外環道-下り-0-70", "route": "東京外環道", "direction": "下り", "from": "川口JCT", "to": "川口東", "grade": 0.0, "elevation_start": 3.6, "elevation_end": 3.6, "quality": "estimated", "structure": "bridge", "chain_rank": 0, "cum_dist_start": 17500.0, "cum_dist_end": 17750.0, "anomaly": false}, "geometry": {"type": "LineString", "coordinates": [[139.73962106212983, 35.853248575669824], [139.73989772767158, 35.85324263925744], [139.74017436234755, 35.853235972762576], [139.74045087483321, 35.853226416041345], [139.7407273873189, 35.853216859320106], [139.74100384860506, 35.8532064330784], [139.74128021706906, 35.85319443043909], [139.74155658553306, 35.85318242779979], [139.74183291718873, 35.85316995186726], [139.7421089391015, 35.853153493162864], [139.74238496101427, 35.85313703445848]]}}, {"type": "Feature", "properties": {"id": "東京外環道-下り-0-71", "route": "東京外環道", "direction": "下り", "from": "川口JCT", "to": "川口東", "grade": 0.0, "elevation_start": 3.6, "elevation_end": 3.6, "quality": "estimated", "structure": "bridge", "chain_rank": 0, "cum_dist_start": 17750.0, "cum_dist_end": 18000.0, "anomaly": false}, "geometry": {"type": "LineString", "coordinates": [[139.74238496101427, 35.85313703445848], [139.74266083538532, 35.85311904414532], [139.74293663702494, 35.85310029881778], [139.74321243866453, 35.85308155349024], [139.7434879511449, 35.853060327319355], [139.74376316308906, 35.85303652269631], [139.74403837503323, 35.85301271807326], [139.7443132712488, 35.85298671264459], [139.74458781728538, 35.85295826627102], [139.74486236332194, 35.85292981989745], [139.74513652151575, 35.852899085205166]]}}, {"type": "Feature", "properties": {"id": "東京外環道-下り-0-72", "route": "東京外環道", "direction": "下り", "from": "川口JCT", "to": "川口東", "grade": 0.0, "elevation_start": 3.6, "elevation_end": 3.6, "quality": "estimated", "structure": "bridge", "chain_rank": 0, "cum_dist_start": 18000.0, "cum_dist_end": 18250.0, "anomaly": false}, "geometry": {"type": "LineString", "coordinates": [[139.74513652151575, 35.852899085205166], [139.74541027534048, 35.852865964686586], [139.74568402916518, 35.85283284416801], [139.74595769696637, 35.8527992625328], [139.74623120467345, 35.852764822736454], [139.74650471238053, 35.85273038294011], [139.7467782200876, 35.852695943143765], [139.74705090705683, 35.85265746550214], [139.7473234693054, 35.852618374262995], [139.74759603155397, 35.85257928302385], [139.74786808650987, 35.852538031376234]]}}, {"type": "Feature", "properties": {"id": "東京外環道-下り-0-73", "route": "東京外環道", "direction": "下り", "from": "川口東", "to": "道の駅 川口・あんぎょう", "grade": 0.0, "elevation_start": 3.6, "elevation_end": 3.6, "quality": "estimated", "structure": "bridge", "chain_rank": 0, "cum_dist_start": 18250.0, "cum_dist_end": 18500.0, "anomaly": false}, "geometry": {"type": "LineString", "coordinates": [[139.74786808650987, 35.852538031376234], [139.74813914736717, 35.8524925461586], [139.74841020822447, 35.852447060940975], [139.74868126908177, 35.85240157572334], [139.7489518933719, 35.85235440132295], [139.7492225120654, 35.85230720526785], [139.74949313075888, 35.85226000921275], [139.74976233854244, 35.85220777189327], [139.75003137127757, 35.85215490911549], [139.75030040401273, 35.85210204633772], [139.75056943674787, 35.85204918355994]]}}, {"type": "Feature", "properties": {"id": "東京外環道-下り-0-74", "route": "東京外環道", "direction": "下り", "from": "川口東", "to": "道の駅 川口・あんぎょう", "grade": 0.0, "elevation_start": 3.6, "elevation_end": 3.6, "quality": "estimated", "structure": "bridge", "chain_rank": 0, "cum_dist_start": 18500.0, "cum_dist_end": 18750.0, "anomaly": false}, "geometry": {"type": "LineString", "coordinates": [[139.75056943674787, 35.85204918355994], [139.75083846948303, 35.85199632078216], [139.75110724236015, 35.851942593614154], [139.75137593374004, 35.8518885953542], [139.75164462511992, 35.85183459709424], [139.7519133164998, 35.85178059883428], [139.7521820078797, 35.851726600574324], [139.75245047278966, 35.85167186499507], [139.75271891660773, 35.851617060746754], [139.75298736042578, 35.85156225649845], [139.75325580424382, 35.85150745225013]]}}, {"type": "Feature", "properties": {"id": "東京外環道-下り-0-75", "route": "東京外環道", "direction": "下り", "from": "川口東", "to": "道の駅 川口・あんぎょう", "grade": 0.0, "elevation_start": 3.6, "elevation_end": 3.6, "quality": "estimated", "structure": "bridge", "chain_rank": 0, "cum_dist_start": 18750.0, "cum_dist_end": 19000.0, "anomaly": false}, "geometry": {"type": "LineString", "coordinates": [[139.75325580424382, 35.85150745225013], [139.75352424806186, 35.851452648001825], [139.7537926918799, 35.85139784375352], [139.75406113569798, 35.8513430395052], [139.75432957951602, 35.851288235256895], [139.75459814629352, 35.851233837605704], [139.75486707251574, 35.85118062855126], [139.75513599873796, 35.85112741949682], [139.75540492496017, 35.85107421044238], [139.7556738511824, 35.851021001387934], [139.7559427774046, 35.85096779233349]]}}, {"type": "Feature", "properties": {"id": "東京外環道-下り-0-76", "route": "東京外環道", "direction": "下り", "from": "川口東", "to": "道の駅 川口・あんぎょう", "grade": 0.0, "elevation_start": 3.6, "elevation_end": 3.6, "quality": "estimated", "structure": "bridge", "chain_rank": 0, "cum_dist_start": 19000.0, "cum_dist_end": 19250.0, "anomaly": false}, "geometry": {"type": "LineString", "coordinates": [[139.7559427774046, 35.85096779233349], [139.75621168341593, 35.85091451674529], [139.7564801245059, 35.85085971064797], [139.7567485655959, 35.85080490455064], [139.75701711893342, 35.850750467211206], [139.75728585863445, 35.85069664211696], [139.75755459833547, 35.85064281702272], [139.7578233380365, 35.85058899192847], [139.75809207773753, 35.85053516683422], [139.75836096355766, 35.85048183157803], [139.75863002747298, 35.85042909335395]]}}, {"type": "Feature", "properties": {"id": "東京外環道-下り-0-77", "route": "東京外環道", "direction": "下り", "from": "川口東", "to": "道の駅 川口・あんぎょう", "grade": 0.0, "elevation_start": 3.6, "elevation_end": 3.6, "quality": "estimated", "structure": "bridge", "chain_rank": 0, "cum_dist_start": 19250.0, "cum_dist_end": 19500.0, "anomaly": false}, "geometry": {"type": "LineString", "coordinates": [[139.75863002747298, 35.85042909335395], [139.75889909138832, 35.85037635512988], [139.75916878651245, 35.85032583158335], [139.75943886585455, 35.85027665611511], [139.75970894519665, 35.850227480646886], [139.75997902453878, 35.85017830517865], [139.76024917188812, 35.85012938574991], [139.76052005316222, 35.850083229463316], [139.7607909344363, 35.85003707317673], [139.76106181571038, 35.849990916890135], [139.76133269698448, 35.84994476060354]]}}, {"type": "Feature", "properties": {"id": "東京外環道-下り-0-78", "route": "東京外環道", "direction": "下り", "from": "川口東", "to": "道の駅 川口・あんぎょう", "grade": 0.0, "elevation_start": 3.6, "elevation_end": 3.6, "quality": "estimated", "structure": "bridge", "chain_rank": 0, "cum_dist_start": 19500.0, "cum_dist_end": 19750.0, "anomaly": false}, "geometry": {"type": "LineString", "coordinates": [[139.76133269698448, 35.84994476060354], [139.76160357825856, 35.84989860431695], [139.76187510998528, 35.849855066957], [139.76214671378779, 35.849811819796734], [139.7624183175903, 35.849768572636464], [139.7626899213928, 35.84972532547619], [139.7629615251953, 35.84968207831592], [139.76323372093574, 35.849641404327244], [139.76350612052795, 35.849601616488144], [139.76377852012018, 35.849561828649044], [139.7640509197124, 35.84952204080994]]}}, {"type": "Feature", "properties": {"id": "東京外環道-下り-0-79", "route": "東京外環道", "direction": "下り", "from": "川口東", "to": "道の駅 川口・あんぎょう", "grade": 0.0, "elevation_start": 3.6, "elevation_end": 3.6, "quality": "estimated", "structure": "bridge", "chain_rank": 0, "cum_dist_start": 19750.0, "cum_dist_end": 20000.0, "anomaly": false}, "geometry": {"type": "LineString", "coordinates": [[139.7640509197124, 35.84952204080994], [139.7643233193046, 35.84948225297084], [139.7645957188968, 35.84944246513174], [139.76486839186825, 35.84940400989261], [139.76514187671296, 35.8493695121684], [139.76541536155767, 35.84933501444419], [139.7656888464024, 35.84930051671998], [139.76596233124712, 35.84926601899577], [139.76623581609184, 35.84923152127156], [139.76650930093658, 35.84919702354735], [139.76678314048073, 35.84916446912962]]}}, {"type": "Feature", "properties": {"id": "東京外環道-下り-0-80", "route": "東京外環道", "direction": "下り", "from": "道の駅 川口・あんぎょう", "to": "草加", "grade": 0.0, "elevation_start": 3.6, "elevation_end": 3.6, "quality": "estimated", "structure": "bridge", "chain_rank": 0, "cum_dist_start": 20000.0, "cum_dist_end": 20250.0, "anomaly": false}, "geometry": {"type": "LineString", "coordinates": [[139.76678314048073, 35.84916446912962], [139.7670571152845, 35.84913265576419], [139.76733109008825, 35.84910084239876], [139.76760525206714, 35.84907015553069], [139.76787975519028, 35.8490415218102], [139.76815425831342, 35.84901288808971], [139.76842876143658, 35.84898425436921], [139.7687035533708, 35.848957523005645], [139.7689783478937, 35.84893080869323], [139.76925314241657, 35.84890409438082], [139.76952793693945, 35.848877380068416]]}}, {"type": "Feature", "properties": {"id": "東京外環道-下り-0-81", "route": "東京外環道", "direction": "下り", "from": "道の駅 川口・あんぎょう", "to": "草加", "grade": 0.0, "elevation_start": 3.6, "elevation_end": 3.6, "quality": "estimated", "structure": "bridge", "chain_rank": 0, "cum_dist_start": 20250.0, "cum_dist_end": 20500.0, "anomaly": false}, "geometry": {"type": "LineString", "coordinates": [[139.76952793693945, 35.848877380068416], [139.76980291910405, 35.848852031010686], [139.77007816383437, 35.84882859234413], [139.77035340856466, 35.84880515367757], [139.77062865329495, 35.848781715011], [139.77090390952563, 35.84875837237045], [139.77117952674453, 35.84873804391499], [139.77145514396344, 35.84871771545954], [139.7717307611823, 35.848697387004094], [139.77200640098332, 35.848677273166565], [139.77228224307106, 35.84865908184305]]}}, {"type": "Feature", "properties": {"id": "東京外環道-下り-0-82", "route": "東京外環道", "direction": "下り", "from": "道の駅 川口・あんぎょう", "to": "草加", "grade": 0.0, "elevation_start": 3.6, "elevation_end": 3.6, "quality": "estimated", "structure": "bridge", "chain_rank": 0, "cum_dist_start": 20500.0, "cum_dist_end": 20750.0, "anomaly": false}, "geometry": {"type": "LineString", "coordinates": [[139.77228224307106, 35.84865908184305], [139.77255808515883, 35.84864089051954], [139.77283392724658, 35.84862269919603], [139.77310976933433, 35.848604507872516], [139.7733856114221, 35.848586316549], [139.77366145350985, 35.84856812522549], [139.77393752018492, 35.848552454925326], [139.7742136953485, 35.84853800242333], [139.77448987051204, 35.84852354992134], [139.77476604567562, 35.848509097419345], [139.77504222083917, 35.84849464491735]]}}, {"type": "Feature", "properties": {"id": "東京外環道-下り-0-83", "route": "東京外環道", "direction": "下り", "from": "道の駅 川口・あんぎょう", "to": "草加", "grade": 0.0, "elevation_start": 3.6, "elevation_end": 3.6, "quality": "estimated", "structure": "bridge", "chain_rank": 0, "cum_dist_start": 20750.0, "cum_dist_end": 21000.0, "anomaly": false}, "geometry": {"type": "LineString", "coordinates": [[139.77504222083917, 35.84849464491735], [139.77531839600275, 35.84848019241535], [139.7755945711663, 35.84846573991336], [139.77587074632987, 35.848451287411365], [139.77614692149342, 35.84843683490937], [139.776423096657, 35.84842238240738], [139.77669927182055, 35.848407929905385], [139.77697542000794, 35.84839314442183], [139.77725155335125, 35.84837817570992], [139.77752770888765, 35.848363487191925], [139.77780390382966, 35.84834929618082]]}}, {"type": "Feature", "properties": {"id": "東京外環道-下り-0-84", "route": "東京外環道", "direction": "下り", "from": "道の駅 川口・あんぎょう", "to": "草加", "grade": 0.0, "elevation_start": 3.6, "elevation_end": 3.6, "quality": "estimated", "structure": "bridge", "chain_rank": 0, "cum_dist_start": 21000.0, "cum_dist_end": 21250.0, "anomaly": false}, "geometry": {"type": "LineString", "coordinates": [[139.77780390382966, 35.84834929618082], [139.7780800987717, 35.84833510516971], [139.77835629371373, 35.8483209141586], [139.77863248865575, 35.848306723147495], [139.7789086835978, 35.848292532136384], [139.7791848785398, 35.84827834112527], [139.77946107348185, 35.84826415011417], [139.77973726842387, 35.84824995910306], [139.78001346336592, 35.848235768091946], [139.78028965830794, 35.84822157708084], [139.78056585324998, 35.84820738606973]]}}, {"type": "Feature", "properties": {"id": "東京外環道-下り-0-85", "route": "東京外環道", "direction": "下り", "from": "道の駅 川口・あんぎょう", "to": "草加", "grade": 0.0, "elevation_start": 3.6, "elevation_end": 3.6, "quality": "estimated", "structure": "bridge", "chain_rank": 0, "cum_dist_start": 21250.0, "cum_dist_end": 21500.0, "anomaly": false}, "geometry": {"type": "LineString", "coordinates": [[139.78056585324998, 35.84820738606973], [139.78084206765507, 35.84819345397947], [139.78111828560435, 35.84817956903804], [139.7813945035536, 35.848165684096614], [139.78167072150288, 35.84815179915519], [139.78194693945215, 35.84813791421376], [139.78222315740143, 35.848124029272334], [139.7824993753507, 35.8481101443309], [139.78277565615875, 35.84809714859042], [139.7830520035904, 35.84808509530845], [139.78332835102208, 35.84807304202648]]}}, {"type": "Feature", "properties": {"id": "東京外環道-下り-0-86", "route": "東京外環道", "direction": "下り", "from": "草加", "to": "外環三郷西IC", "grade": 0.0, "elevation_start": 3.6, "elevation_end": 3.6, "quality": "estimated", "structure": "bridge", "chain_rank": 0, "cum_dist_start": 21500.0, "cum_dist_end": 21750.0, "anomaly": false}, "geometry": {"type": "LineString", "coordinates": [[139.78332835102208, 35.84807304202648], [139.78360496396294, 35.848066158241984], [139.78388158234438, 35.848059380386566], [139.78415829117503, 35.84805644202106], [139.78443502528188, 35.84805457660747], [139.78471174463232, 35.84805610545658], [139.78498845558414, 35.84805956614592], [139.7852651048594, 35.84806513875318], [139.7855417050371, 35.848072392549255], [139.78581805882277, 35.84808410869011], [139.78609434246343, 35.848097095210136]]}}, {"type": "Feature", "properties": {"id": "東京外環道-下り-0-87", "route": "東京外環道", "direction": "下り", "from": "草加", "to": "外環三郷西IC", "grade": 0.0, "elevation_start": 3.6, "elevation_end": 3.6, "quality": "estimated", "structure": "bridge", "chain_rank": 0, "cum_dist_start": 21750.0, "cum_dist_end": 22000.0, "anomaly": false}, "geometry": {"type": "LineString", "coordinates": [[139.78609434246343, 35.848097095210136], [139.78637035525244, 35.84811324688659], [139.78664617394486, 35.848131649175336], [139.78692166312877, 35.84815308044141], [139.78719694436464, 35.84817603861748], [139.78747150735146, 35.84820427071555], [139.7877454573709, 35.848236017435234], [139.78801881883177, 35.84827113882207], [139.78829128037503, 35.84831048848754], [139.78856321556984, 35.84835231121055], [139.78883475347837, 35.84839575240521]]}}, {"type": "Feature", "properties": {"id": "東京外環道-下り-0-88", "route": "東京外環道", "direction": "下り", "from": "草加", "to": "外環三郷西IC", "grade": 0.0, "elevation_start": 3.6, "elevation_end": 3.6, "quality": "estimated", "structure": "bridge", "chain_rank": 0, "cum_dist_start": 22000.0, "cum_dist_end": 22250.0, "anomaly": false}, "geometry": {"type": "LineString", "coordinates": [[139.78883475347837, 35.84839575240521], [139.7891055375252, 35.84844226469473], [139.789376321572, 35.84848877698425], [139.78964651510447, 35.848537489012905], [139.78991642967344, 35.84858724021523], [139.79018634424241, 35.848636991417564], [139.7904564617201, 35.848686006390686], [139.79072666354577, 35.84873471531761], [139.79099686537145, 35.84878342424454], [139.79126706719714, 35.84883213317147], [139.79153690901848, 35.84888210864041]]}}, {"type": "Feature", "properties": {"id": "東京外環道-下り-0-89", "route": "東京外環道", "direction": "下り", "from": "草加", "to": "外環三郷西IC", "grade": 0.0, "elevation_start": 3.6, "elevation_end": 3.6, "quality": "estimated", "structure": "bridge", "chain_rank": 0, "cum_dist_start": 22250.0, "cum_dist_end": 22500.0, "anomaly": false}, "geometry": {"type": "LineString", "coordinates": [[139.79153690901848, 35.84888210864041], [139.7918059050055, 35.84893505986448], [139.79207490099253, 35.848988011088544], [139.79234389697956, 35.84904096231261], [139.7926128929666, 35.84909391353668], [139.79288188895362, 35.84914686476074], [139.7931513670498, 35.8491981682679], [139.7934208491416, 35.84924945811918], [139.79369033123342, 35.84930074797047], [139.79395981332522, 35.84935203782176], [139.79422925484604, 35.849403467568905]]}}, {"type": "Feature", "properties": {"id": "東京外環道-下り-0-90", "route": "東京外環道", "direction": "下り", "from": "草加", "to": "外環三郷西IC", "grade": 0.0, "elevation_start": 3.6, "elevation_end": 3.6, "quality": "estimated", "structure": "bridge", "chain_rank": 0, "cum_dist_start": 22500.0, "cum_dist_end": 22750.0, "anomaly": false}, "geometry": {"type": "LineString", "coordinates": [[139.79422925484604, 35.849403467568905], [139.79449839735082, 35.84945592837655], [139.7947675398556, 35.849508389184194], [139.795036702196, 35.849560781710956], [139.7953062527778, 35.84961183778059], [139.7955758033596, 35.84966289385024], [139.7958453539414, 35.84971394991988], [139.7961149045232, 35.849765005989525], [139.79638445510497, 35.84981606205917], [139.79665400568678, 35.84986711812881], [139.79692361626041, 35.84991796532328]]}}, {"type": "Feature", "properties": {"id": "東京外環道-下り-0-91", "route": "東京外環道", "direction": "下り", "from": "草加", "to": "外環三郷西IC", "grade": 0.0, "elevation_start": 3.6, "elevation_end": 3.6, "quality": "estimated", "structure": "bridge", "chain_rank": 0, "cum_dist_start": 22750.0, "cum_dist_end": 23000.0, "anomaly": false}, "geometry": {"type": "LineString", "coordinates": [[139.79692361626041, 35.84991796532328], [139.79719326541107, 35.8499686782032], [139.79746291456172, 35.85001939108312], [139.79773252464696, 35.85007024138338], [139.79800200596256, 35.85012154465664], [139.79827148727816, 35.85017284792989], [139.79854096859376, 35.85022415120314], [139.79881044990938, 35.8502754544764], [139.79907989542977, 35.85032688362075], [139.79934928284854, 35.8503785170751], [139.7996186702673, 35.85043015052945]]}}, {"type": "Feature", "properties": {"id": "東京外環道-下り-0-92", "route": "東京外環道", "direction": "下り", "from": "草加", "to": "外環三郷西IC", "grade": 0.0, "elevation_start": 3.6, "elevation_end": 3.6, "quality": "estimated", "structure": "bridge", "chain_rank": 0, "cum_dist_start": 23000.0, "cum_dist_end": 23250.0, "anomaly": false}, "geometry": {"type": "LineString", "coordinates": [[139.7996186702673, 35.85043015052945], [139.79988805768608, 35.850481783983795], [139.80015744510484, 35.85053341743815], [139.8004268325236, 35.8505850508925], [139.80069621994238, 35.850636684346846], [139.80096560736115, 35.85068831780119], [139.80123499477992, 35.85073995125554], [139.8015043821987, 35.85079158470989], [139.80177431781595, 35.85084127441565], [139.8020444306759, 35.85089033567175], [139.80231454353583, 35.85093939692784]]}}, {"type": "Feature", "properties": {"id": "東京外環道-下り-0-93", "route": "東京外環道", "direction": "下り", "from": "草加", "to": "外環三郷西IC", "grade": 0.0, "elevation_start": 3.6, "elevation_end": 3.6, "quality": "estimated", "structure": "bridge", "chain_rank": 0, "cum_dist_start": 23250.0, "cum_dist_end": 23500.0, "anomaly": false}, "geometry": {"type": "LineString", "coordinates": [[139.80231454353583, 35.85093939692784], [139.80258456443067, 35.850988790523076], [139.8028543835109, 35.85103891342656], [139.80312451425056, 35.85108788168532], [139.8033952954495, 35.85113444010436], [139.80366624628036, 35.85118030711283], [139.8039382243825, 35.85122198701866], [139.80421065688697, 35.85126154102445], [139.80448394414415, 35.85129709610991], [139.80475769049147, 35.85133015922223], [139.80503176816245, 35.85136142388689]]}}, {"type": "Feature", "properties": {"id": "東京外環道-下り-0-94", "route": "東京外環道", "direction": "下り", "from": "草加", "to": "外環三郷西IC", "grade": 0.0, "elevation_start": 3.6, "elevation_end": 3.6, "quality": "estimated", "structure": "bridge", "chain_rank": 0, "cum_dist_start": 23500.0, "cum_dist_end": 23750.0, "anomaly": false}, "geometry": {"type": "LineString", "coordinates": [[139.80503176816245, 35.85136142388689], [139.80530648878107, 35.851388602821196], [139.80558150776005, 35.85141367195528], [139.805857375875, 35.85143169865902], [139.8061334144104, 35.85144746614044], [139.8064099191861, 35.8514570527883], [139.80668651151615, 35.85146422615547], [139.80696322935594, 35.85146794006642], [139.8072399673089, 35.85146679429757], [139.80751667113225, 35.85146347579997], [139.80779313329415, 35.851453106411476]]}}, {"type": "Feature", "properties": {"id": "東京外環道-下り-0-95", "route": "東京外環道", "direction": "下り", "from": "草加", "to": "外環三郷西IC", "grade": 0.0, "elevation_start": 3.6, "elevation_end": 3.6, "quality": "estimated", "structure": "bridge", "chain_rank": 0, "cum_dist_start": 23750.0, "cum_dist_end": 24000.0, "anomaly": false}, "geometry": {"type": "LineString", "coordinates": [[139.80779313329415, 35.851453106411476], [139.80806950727725, 35.85144143840467], [139.80834568921642, 35.85142694214747], [139.80862161878315, 35.85140963874779], [139.80889741177427, 35.851390894965455], [139.80917287604805, 35.851369158707314], [139.8094482099351, 35.85134645069481], [139.80972294330437, 35.85131926710545], [139.8099974751062, 35.85129083761462], [139.81027148907182, 35.851259207344306], [139.81054550303745, 35.85122757707399]]}}, {"type": "Feature", "properties": {"id": "東京外環道-下り-0-96", "route": "東京外環道", "direction": "下り", "from": "草加", "to": "外環三郷西IC", "grade": 0.0, "elevation_start": 3.6, "elevation_end": 3.6, "quality": "estimated", "structure": "bridge", "chain_rank": 0, "cum_dist_start": 24000.0, "cum_dist_end": 24250.0, "anomaly": false}, "geometry": {"type": "LineString", "coordinates": [[139.81054550303745, 35.85122757707399], [139.81081951700307, 35.85119594680368], [139.81109353096866, 35.851164316533364], [139.81136747360213, 35.85113228510547], [139.8116412863631, 35.851099523301336], [139.8119150991241, 35.85106676149721], [139.81218891188507, 35.85103399969307], [139.81246272464608, 35.851001237888944], [139.81273648454555, 35.85096818734202], [139.81301019312903, 35.850934856494156], [139.8132839017125, 35.85090152564629]]}}, {"type": "Feature", "properties": {"id": "東京外環道-下り-0-97", "route": "東京外環道", "direction": "下り", "from": "草加", "to": "外環三郷西IC", "grade": 0.0, "elevation_start": 3.6, "elevation_end": 3.6, "quality": "estimated", "structure": "bridge", "chain_rank": 0, "cum_dist_start": 24250.0, "cum_dist_end": 24500.0, "anomaly": false}, "geometry": {"type": "LineString", "coordinates": [[139.8132839017125, 35.85090152564629], [139.81355761029596, 35.85086819479843], [139.81383131887944, 35.85083486395057], [139.81410511803676, 35.85080203309227], [139.8143789389854, 35.850769322527285], [139.81465275993403, 35.85073661196229], [139.81492658088268, 35.8507039013973], [139.81520047442646, 35.850671600411985], [139.81547444653702, 35.8506397426982], [139.81574841864762, 35.85060788498442], [139.81602239075818, 35.850576027270634]]}}, {"type": "Feature", "properties": {"id": "東京外環道-下り-0-98", "route": "東京外環道", "direction": "下り", "from": "草加", "to": "外環三郷西IC", "grade": 0.0, "elevation_start": 3.6, "elevation_end": 3.6, "quality": "estimated", "structure": "bridge", "chain_rank": 0, "cum_dist_start": 24500.0, "cum_dist_end": 24750.0, "anomaly": false}, "geometry": {"type": "LineString", "coordinates": [[139.81602239075818, 35.850576027270634], [139.81629636286877, 35.85054416955685], [139.81657011818973, 35.85051110894285], [139.81684380118543, 35.850477647017776], [139.81711748418113, 35.85044418509271], [139.81739164713724, 35.850413550145305], [139.8176662136972, 35.85038529243364], [139.81794078025715, 35.85035703472198], [139.81821566391565, 35.850331073571304], [139.81849108199017, 35.85030898288632], [139.81876655407464, 35.850287378314285]]}}, {"type": "Feature", "properties": {"id": "東京外環道-下り-0-99", "route": "東京外環道", "direction": "下り", "from": "草加", "to": "外環三郷西IC", "grade": 0.0, "elevation_start": 3.6, "elevation_end": 3.6, "quality": "estimated", "structure": "bridge", "chain_rank": 0, "cum_dist_start": 24750.0, "cum_dist_end": 25000.0, "anomaly": false}, "geometry": {"type": "LineString", "coordinates": [[139.81876655407464, 35.850287378314285], [139.81904236882357, 35.850268857870944], [139.81931818357248, 35.8502503374276], [139.81959435110488, 35.85023587596529], [139.8198706201192, 35.85022258211208], [139.82014696241265, 35.850210572210095], [139.82042355488173, 35.85020294572945], [139.82070014735078, 35.850195319248805], [139.82097683632887, 35.8501908668256], [139.82125355339505, 35.85018733818439], [139.82153029711387, 35.850186115226705]]}}, {"type": "Feature", "properties": {"id": "東京外環道-下り-0-100", "route": "東京外環道", "direction": "下り", "from": "草加", "to": "外環三郷西IC", "grade": 0.0, "elevation_start": 3.6, "elevation_end": 3.6, "quality": "estimated", "structure": "bridge", "chain_rank": 0, "cum_dist_start": 25000.0, "cum_dist_end": 25250.0, "anomaly": false}, "geometry": {"type": "LineString", "coordinates": [[139.82153029711387, 35.850186115226705], [139.8218070467173, 35.85018540134123], [139.82208379401462, 35.850186133109545], [139.822360540406, 35.85018743276974], [139.8226372812147, 35.85018919680239], [139.82291400577992, 35.85019231196221], [139.82319073034517, 35.850195427122024], [139.82346744532052, 35.85019683338859], [139.8237441233733, 35.85019166016903], [139.8240208014261, 35.850186486949475], [139.82429743909833, 35.85018018731198]]}}, {"type": "Feature", "properties": {"id": "東京外環道-下り-0-101", "route": "東京外環道", "direction": "下り", "from": "草加", "to": "外環三郷西IC", "grade": 0.0, "elevation_start": 3.6, "elevation_end": 3.6, "quality": "estimated", "structure": "bridge", "chain_rank": 0, "cum_dist_start": 25250.0, "cum_dist_end": 25500.0, "anomaly": false}, "geometry": {"type": "LineString", "coordinates": [[139.82429743909833, 35.85018018731198], [139.82457401702152, 35.85017222097017], [139.82485047309513, 35.85016197697159], [139.82512685473472, 35.85015034162496], [139.82540276219962, 35.850132944463574], [139.82567858050004, 35.85011446384258], [139.82595384367852, 35.85009123532701], [139.82622887598387, 35.85006623497405], [139.82650327904264, 35.85003695085315], [139.8267776480626, 35.850007473760094], [139.82705108641753, 35.8499727205629]]}}, {"type": "Feature", "properties": {"id": "東京外環道-下り-0-102", "route": "東京外環道", "direction": "下り", "from": "草加", "to": "外環三郷西IC", "grade": 0.0, "elevation_start": 3.6, "elevation_end": 3.6, "quality": "estimated", "structure": "bridge", "chain_rank": 0, "cum_dist_start": 25500.0, "cum_dist_end": 25750.0, "anomaly": false}, "geometry": {"type": "LineString", "coordinates": [[139.82705108641753, 35.8499727205629], [139.82732447133458, 35.84993771940662], [139.82759611124285, 35.84989462117243], [139.82786749290523, 35.84985053559382], [139.82813713714935, 35.84979980739191], [139.8284064071931, 35.849747849047176], [139.82867397020615, 35.84969027902602], [139.82894121823475, 35.849631764504515], [139.82920781622917, 35.84957130081516], [139.82947194708996, 35.849504240669845], [139.82973429322467, 35.849432546142026]]}}, {"type": "Feature", "properties": {"id": "東京外環道-下り-0-103", "route": "東京外環道", "direction": "下り", "from": "草加", "to": "外環三郷西IC", "grade": 0.0, "elevation_start": 3.6, "elevation_end": 3.6, "quality": "estimated", "structure": "bridge", "chain_rank": 0, "cum_dist_start": 25750.0, "cum_dist_end": 26000.0, "anomaly": false}, "geometry": {"type": "LineString", "coordinates": [[139.82973429322467, 35.849432546142026], [139.8299940726135, 35.849354863391305], [139.83025350526933, 35.849276449966794], [139.83050996725703, 35.84919177642454], [139.83076522061194, 35.84910476607856], [139.83101883961584, 35.84901459583375], [139.83127010888504, 35.84892019877325], [139.83152071290596, 35.84882460503217], [139.83176650293433, 35.848721193993555], [139.83201052237865, 35.84861490775682], [139.83225077495234, 35.848503236296345]]}}, {"type": "Feature", "properties": {"id": "東京外環道-下り-0-104", "route": "東京外環道", "direction": "下り", "from": "草加", "to": "外環三郷西IC", "grade": 0.0, "elevation_start": 3.6, "elevation_end": 3.6, "quality": "estimated", "structure": "bridge", "chain_rank": 0, "cum_dist_start": 26000.0, "cum_dist_end": 26250.0, "anomaly": false}, "geometry": {"type": "LineString", "coordinates": [[139.83225077495234, 35.848503236296345], [139.83248756475612, 35.84838661436304], [139.83272532688713, 35.84827131556221], [139.8329634229673, 35.84815647119586], [139.83320151904746, 35.8480416268295], [139.83343762705175, 35.84792410650049], [139.83367314376375, 35.84780579028837], [139.83390536574169, 35.84768325937419], [139.83413795529455, 35.84756118064363], [139.8343718326502, 35.84744072990319], [139.8346057100058, 35.84732027916275]]}}, {"type": "Feature", "properties": {"id": "東京外環道-下り-0-105", "route": "東京外環道", "direction": "下り", "from": "草加", "to": "外環三郷西IC", "grade": 0.0, "elevation_start": 3.6, "elevation_end": 3.6, "quality": "estimated", "structure": "bridge", "chain_rank": 0, "cum_dist_start": 26250.0, "cum_dist_end": 26500.0, "anomaly": false}, "geometry": {"type": "LineString", "coordinates": [[139.8346057100058, 35.84732027916275], [139.83483831825012, 35.84719823253496], [139.8350690740931, 35.84707385654191], [139.83529982993608, 35.84694948054887], [139.83553058577905, 35.846825104555826], [139.83576122180594, 35.84670058212818], [139.8359914104076, 35.84657551287466], [139.83622159900924, 35.84645044362114], [139.83645233887776, 35.84632605718367], [139.83668457789543, 35.84620352763832], [139.8369168169131, 35.84608099809298]]}}, {"type": "Feature", "properties": {"id": "東京外環道-下り-0-106", "route": "東京外環道", "direction": "下り", "from": "草加", "to": "外環三郷西IC", "grade": 0.0, "elevation_start": 3.6, "elevation_end": 3.6, "quality": "estimated", "structure": "bridge", "chain_rank": 0, "cum_dist_start": 26500.0, "cum_dist_end": 26750.0, "anomaly": false}, "geometry": {"type": "LineString", "coordinates": [[139.8369168169131, 35.84608099809298], [139.83714931710514, 35.84595879834925], [139.83738189754055, 35.845836699933926], [139.83761785350245, 35.8457191628553], [139.8378591109824, 35.84560878969869], [139.83810036846234, 35.84549841654207], [139.83834857433112, 35.845399107890906], [139.83859988114443, 35.84530478691903], [139.83885732000772, 35.8452221281705], [139.83911582039764, 35.845141827923264], [139.83937789432616, 35.84506946736875]]}}, {"type": "Feature", "properties": {"id": "東京外環道-下り-0-107", "route": "東京外環道", "direction": "下り", "from": "草加", "to": "外環三郷西IC", "grade": 0.0, "elevation_start": 3.6, "elevation_end": 3.6, "quality": "estimated", "structure": "bridge", "chain_rank": 0, "cum_dist_start": 26750.0, "cum_dist_end": 27000.0, "anomaly": false}, "geometry": {"type": "LineString", "coordinates": [[139.83937789432616, 35.84506946736875], [139.83964225612536, 35.845003077457676], [139.8399083685688, 35.844941256193096], [139.8401779011331, 35.844890542377904], [139.840448427281, 35.8448431228003], [139.8407212892067, 35.84480557121819], [139.84099495464264, 35.84477244767961], [139.84126949468126, 35.84474414396595], [139.84154472503195, 35.84472083166517], [139.84182016425223, 35.84469910787384], [139.84209595384237, 35.844680533899755]]}}, {"type": "Feature", "properties": {"id": "東京外環道-下り-0-108", "route": "東京外環道", "direction": "下り", "from": "草加", "to": "外環三郷西IC", "grade": 0.0, "elevation_start": 3.6, "elevation_end": 3.6, "quality": "estimated", "structure": "bridge", "chain_rank": 0, "cum_dist_start": 27000.0, "cum_dist_end": 27250.0, "anomaly": false}, "geometry": {"type": "LineString", "coordinates": [[139.84209595384237, 35.844680533899755], [139.84237174343252, 35.844661959925666], [139.84264753302267, 35.84464338595158], [139.84292332261282, 35.84462481197749], [139.84319911220294, 35.8446062380034], [139.8434749017931, 35.84458766402931], [139.84375069138324, 35.844569090055224], [139.84402648097338, 35.844550516081135], [139.84430227056353, 35.84453194210705], [139.84457806015368, 35.84451336813296], [139.84485384974383, 35.84449479415887]]}}, {"type": "Feature", "properties": {"id": "東京外環道-下り-0-109", "route": "東京外環道", "direction": "下り", "from": "草加", "to": "外環三郷西IC", "grade": 0.0, "elevation_start": 3.6, "elevation_end": 3.6, "quality": "estimated", "structure": "bridge", "chain_rank": 0, "cum_dist_start": 27250.0, "cum_dist_end": 27500.0, "anomaly": false}, "geometry": {"type": "LineString", "coordinates": [[139.84485384974383, 35.84449479415887], [139.84512963933398, 35.84447622018478], [139.84540542892412, 35.84445764621069], [139.84568121851427, 35.844439072236604], [139.84595708961578, 35.84442132522572], [139.84623296377816, 35.84440360926851], [139.84650883794055, 35.844385893311305], [139.84678465304486, 35.844367612464794], [139.8470602383933, 35.84434713400882], [139.8473358237418, 35.84432665555285], [139.84761051444633, 35.84429937252207]]}}, {"type": "Feature", "properties": {"id": "東京外環道-下り-0-110", "route": "東京外環道", "direction": "下り", "from": "草加", "to": "外環三郷西IC", "grade": 0.0, "elevation_start": 3.6, "elevation_end": 3.6, "quality": "estimated", "structure": "bridge", "chain_rank": 0, "cum_dist_start": 27500.0, "cum_dist_end": 27750.0, "anomaly": false}, "geometry": {"type": "LineString", "coordinates": [[139.84761051444633, 35.84429937252207], [139.84788491533433, 35.84427027955758], [139.84815884609094, 35.84423831083124], [139.84843110343448, 35.84419808195718], [139.84870251223933, 35.844154371525605], [139.84897146829377, 35.844101341395294], [139.849238446177, 35.84404229844103], [139.8495039502063, 35.84397877557919], [139.84976651037587, 35.84390777498265], [139.85002758559943, 35.84383312285699], [139.85028381121995, 35.84374801116875]]}}, {"type": "Feature", "properties": {"id": "東京外環道-下り-0-111", "route": "東京外環道", "direction": "下り", "from": "草加", "to": "外環三郷西IC", "grade": 0.0, "elevation_start": 3.6, "elevation_end": 3.6, "quality": "estimated", "structure": "bridge", "chain_rank": 0, "cum_dist_start": 27750.0, "cum_dist_end": 28000.0, "anomaly": false}, "geometry": {"type": "LineString", "coordinates": [[139.85028381121995, 35.84374801116875], [139.8505382243744, 35.8436594517212], [139.85078978785054, 35.84356568629296], [139.8510349253857, 35.843461144117356], [139.85127852685974, 35.84335428495213], [139.85152011699347, 35.84324442735278], [139.85175506716294, 35.84312538502504], [139.85198652258825, 35.84300196982325], [139.85221466636955, 35.84287447354594], [139.8524387083139, 35.84274224249736], [139.85265716810517, 35.84260394053739]]}}, {"type": "Feature", "properties": {"id": "東京外環道-下り-0-112", "route": "東京外環道", "direction": "下り", "from": "外環三郷西IC", "to": "三郷IC西出口", "grade": 0.0, "elevation_start": 3.6, "elevation_end": 3.6, "quality": "estimated", "structure": "bridge", "chain_rank": 0, "cum_dist_start": 28000.0, "cum_dist_end": 28250.0, "anomaly": false}, "geometry": {"type": "LineString", "coordinates": [[139.85265716810517, 35.84260394053739], [139.85286958586002, 35.842459646961764], [139.85307872586296, 35.84231210298708], [139.85327627781038, 35.84215434360889], [139.85347220210298, 35.84199525338374], [139.85366327674717, 35.84183227462659], [139.85385181263422, 35.841667377879595], [139.8540370250053, 35.84149997639223], [139.8542150916642, 35.84132750833571], [139.85438761028502, 35.841151376889364], [139.85455750881803, 35.84097353450755]]}}, {"type": "Feature", "properties": {"id": "東京外環道-下り-0-113", "route": "東京外環道", "direction": "下り", "from": "外環三郷西IC", "to": "三郷IC西出口", "grade": 0.0, "elevation_start": 3.6, "elevation_end": 3.6, "quality": "estimated", "structure": "bridge", "chain_rank": 0, "cum_dist_start": 28250.0, "cum_dist_end": 28500.0, "anomaly": false}, "geometry": {"type": "LineString", "coordinates": [[139.85455750881803, 35.84097353450755], [139.8547250489193, 35.84079421131469], [139.8548925890206, 35.84061488812182], [139.85506012912188, 35.84043556492896], [139.85522766922318, 35.84025624173609], [139.85539398151556, 35.84007616347515], [139.8555602030596, 35.83989602940651], [139.85572642460363, 35.83971589533787], [139.8558929260296, 35.83953593330772], [139.8560594543563, 35.83935598781297], [139.8562277318458, 35.839177135010246]]}}, {"type": "Feature", "properties": {"id": "東京外環道-下り-0-114", "route": "東京外環道", "direction": "下り", "from": "三郷IC西出口", "to": "三郷JCT", "grade": 0.0, "elevation_start": 3.6, "elevation_end": 3.6, "quality": "estimated", "structure": "bridge", "chain_rank": 0, "cum_dist_start": 28500.0, "cum_dist_end": 28750.0, "anomaly": false}, "geometry": {"type": "LineString", "coordinates": [[139.8562277318458, 35.839177135010246], [139.85639800022275, 35.83899952590361], [139.85656826859972, 35.83882191679697], [139.85673986074426, 35.83864517859279], [139.85691729888697, 35.83847228645214], [139.85709473702966, 35.838299394311484], [139.85727217517234, 35.83812650217082], [139.85744961331503, 35.83795361003017], [139.8576270514577, 35.83778071788951], [139.85780448960043, 35.837607825748854], [139.85798568907381, 35.83743754407918]]}}, {"type": "Feature", "properties": {"id": "東京外環道-下り-0-115", "route": "東京外環道", "direction": "下り", "from": "三郷JCT", "to": "三郷IC", "grade": 0.1, "elevation_start": 3.6, "elevation_end": 3.8, "quality": "estimated", "structure": "bridge", "chain_rank": 0, "cum_dist_start": 28750.0, "cum_dist_end": 29000.0, "anomaly": false}, "geometry": {"type": "LineString", "coordinates": [[139.85798568907381, 35.83743754407918], [139.85816713979747, 35.83726743678436], [139.85834994331714, 35.837098296221576], [139.85853340786278, 35.83692962803972], [139.85871687240842, 35.836760959857855], [139.85890033695406, 35.83659229167599], [139.85908791421951, 35.836426665311016], [139.85927643933314, 35.83626173998589], [139.85946496444677, 35.83609681466076], [139.8596534895604, 35.83593188933564], [139.8598421830613, 35.83576709368791]]}}, {"type": "Feature", "properties": {"id": "東京外環道-下り-0-116", "route": "東京外環道", "direction": "下り", "from": "三郷IC", "to": "三郷IC東出口", "grade": -0.49, "elevation_start": 3.8, "elevation_end": 2.6, "quality": "estimated", "structure": "normal", "chain_rank": 0, "cum_dist_start": 29000.0, "cum_dist_end": 29250.0, "anomaly": false}, "geometry": {"type": "LineString", "coordinates": [[139.8598421830613, 35.83576709368791], [139.86003381598152, 35.835604561728104], [139.86022544890176, 35.835442029768295], [139.8604191595484, 35.835281144207094], [139.86061252320016, 35.83511998103439], [139.86080504909987, 35.83495815152531], [139.8609975749996, 35.83479632201624], [139.8611903623708, 35.834634699816064], [139.86138340299007, 35.8344732784048], [139.86157644360932, 35.834311856993544], [139.8617694842286, 35.83415043558228]]}}, {"type": "Feature", "properties": {"id": "東京外環道-下り-0-117", "route": "東京外環道", "direction": "下り", "from": "三郷IC東出口", "to": "三郷中央IC", "grade": 0.0, "elevation_start": 2.6, "elevation_end": 2.6, "quality": "estimated", "structure": "bridge", "chain_rank": 0, "cum_dist_start": 29250.0, "cum_dist_end": 29500.0, "anomaly": false}, "geometry": {"type": "LineString", "coordinates": [[139.8617694842286, 35.83415043558228], [139.86195895375724, 35.83398623571742], [139.86214827259965, 35.83382191861257], [139.8623375914421, 35.833657601507724], [139.86252691028454, 35.83349328440288], [139.862717449271, 35.83332990881939], [139.86290859519445, 35.833167001577415], [139.8630997411179, 35.83300409433544], [139.86329088704133, 35.83284118709347], [139.86348322354382, 35.83267921338955], [139.86367565206058, 35.83251731183438]]}}, {"type": "Feature", "properties": {"id": "東京外環道-下り-1-0", "route": "東京外環道", "direction": "下り", "from": null, "to": "市川中央IC", "grade": 0.0, "elevation_start": -0.8, "elevation_end": -0.8, "quality": "estimated", "structure": "tunnel", "chain_rank": 1, "cum_dist_start": 0.0, "cum_dist_end": 250.0, "anomaly": false}, "geometry": {"type": "LineString", "coordinates": [[139.9181939, 35.7261696], [139.91805322412253, 35.725975667189054], [139.91791254824506, 35.72578173437812], [139.91777187236758, 35.72558780156717], [139.9176311964901, 35.72539386875623], [139.9174911805965, 35.72519962108997], [139.91735264993915, 35.72500466486927], [139.91721411928177, 35.72480970864856], [139.9170755886244, 35.724614752427854], [139.91693705796706, 35.724419796207144], [139.91679518655687, 35.72422656253541]]}}, {"type": "Feature", "properties": {"id": "東京外環道-下り-1-1", "route": "東京外環道", "direction": "下り", "from": null, "to": "市川中央IC", "grade": 0.0, "elevation_start": -0.8, "elevation_end": -0.8, "quality": "estimated", "structure": "tunnel", "chain_rank": 1, "cum_dist_start": 250.0, "cum_dist_end": 500.0, "anomaly": false}, "geometry": {"type": "LineString", "coordinates": [[139.91679518655687, 35.72422656253541], [139.9166699083652, 35.724025760225004], [139.91655797484756, 35.7238197570566], [139.9164516579696, 35.72361182880724], [139.91635513982803, 35.723400752189065], [139.9162695113954, 35.72318657873329], [139.9161958969349, 35.72296943841507], [139.9161385609409, 35.72274908158431], [139.9160923748132, 35.72252702459543], [139.91605877458576, 35.72230342756905], [139.91604041798414, 35.72207878909503]]}}, {"type": "Feature", "properties": {"id": "東京外環道-下り-1-2", "route": "東京外環道", "direction": "下り", "from": "市川中央IC", "to": "京葉JCT", "grade": 0.0, "elevation_start": -0.8, "elevation_end": -0.8, "quality": "estimated", "structure": "tunnel", "chain_rank": 1, "cum_dist_start": 500.0, "cum_dist_end": 750.0, "anomaly": false}, "geometry": {"type": "LineString", "coordinates": [[139.91604041798414, 35.72207878909503], [139.9160372368432, 35.72185350304234], [139.91604641463985, 35.721628388408625], [139.91607168136707, 35.72140407002221], [139.91611061535318, 35.72118106141043], [139.9161600570084, 35.720959500802486], [139.91622564161554, 35.72074066019834], [139.91630276577567, 35.72052429691078], [139.91639166280717, 35.720311001602674], [139.91649300135336, 35.720101384659344], [139.91660681012098, 35.71989613573329]]}}, {"type": "Feature", "properties": {"id": "東京外環道-下り-1-3", "route": "東京外環道", "direction": "下り", "from": "市川中央IC", "to": "京葉JCT", "grade": 0.0, "elevation_start": -0.8, "elevation_end": -0.8, "quality": "estimated", "structure": "tunnel", "chain_rank": 1, "cum_dist_start": 750.0, "cum_dist_end": 1000.0, "anomaly": false}, "geometry": {"type": "LineString", "coordinates": [[139.91660681012098, 35.71989613573329], [139.91672489787874, 35.71969246104015], [139.9168528424401, 35.7194927555073], [139.9169837627656, 35.71929436405302], [139.91711890631393, 35.7190978375472], [139.9172625956338, 35.718905420070726], [139.91740803706267, 35.71871384505387], [139.91755449055702, 35.71852278504756], [139.91770119896955, 35.718331854761665], [139.91784790738208, 35.71814092447576], [139.91799461579464, 35.71794999418986]]}}, {"type": "Feature", "properties": {"id": "東京外環道-下り-1-4", "route": "東京外環道", "direction": "下り", "from": "市川中央IC", "to": "京葉JCT", "grade": 0.0, "elevation_start": -0.8, "elevation_end": -0.8, "quality": "estimated", "structure": "tunnel", "chain_rank": 1, "cum_dist_start": 1000.0, "cum_dist_end": 1250.0, "anomaly": false}, "geometry": {"type": "LineString", "coordinates": [[139.91799461579464, 35.71794999418986], [139.91814132420717, 35.71775906390396], [139.9182880326197, 35.71756813361806], [139.91843474103223, 35.717377203332155], [139.9185814494448, 35.71718627304626], [139.91872815785732, 35.716995342760356], [139.91887486626985, 35.71680441247445], [139.91902157468238, 35.71661348218855], [139.91916887119157, 35.71642285721923], [139.91931865186967, 35.716233521932395], [139.91946843254777, 35.71604418664556]]}}, {"type": "Feature", "properties": {"id": "東京外環道-下り-1-5", "route": "東京外環道", "direction": "下り", "from": "市川中央IC", "to": "京葉JCT", "grade": 0.0, "elevation_start": -0.8, "elevation_end": -0.8, "quality": "estimated", "structure": "tunnel", "chain_rank": 1, "cum_dist_start": 1250.0, "cum_dist_end": 1500.0, "anomaly": false}, "geometry": {"type": "LineString", "coordinates": [[139.91946843254777, 35.71604418664556], [139.91961821322587, 35.71585485135873], [139.919767993904, 35.71566551607189], [139.9199177745821, 35.71547618078505], [139.9200675552602, 35.71528684549822], [139.9202173359383, 35.715097510211386], [139.92036711661643, 35.71490817492455], [139.92051689729453, 35.71471883963772], [139.92067018987262, 35.71453139990779], [139.92082526895425, 35.71434492444767], [139.92098034803587, 35.714158448987554]]}}, {"type": "Feature", "properties": {"id": "東京外環道-下り-1-6", "route": "東京外環道", "direction": "下り", "from": "市川中央IC", "to": "京葉JCT", "grade": 0.0, "elevation_start": -0.8, "elevation_end": -0.8, "quality": "estimated", "structure": "tunnel", "chain_rank": 1, "cum_dist_start": 1500.0, "cum_dist_end": 1750.0, "anomaly": false}, "geometry": {"type": "LineString", "coordinates": [[139.92098034803587, 35.714158448987554], [139.92113399610386, 35.7139711883804], [139.92128753649928, 35.71378386869706], [139.9214410768947, 35.713596549013715], [139.9215946172901, 35.713409229330374], [139.92174815768553, 35.71322190964703], [139.92189850474614, 35.71303287740978], [139.9220486543228, 35.71284373926381], [139.92219880389942, 35.71265460111785], [139.92234895347607, 35.712465462971885], [139.92249910305273, 35.71227632482592]]}}, {"type": "Feature", "properties": {"id": "東京外環道-下り-1-7", "route": "東京外環道", "direction": "下り", "from": "市川中央IC", "to": "京葉JCT", "grade": 0.0, "elevation_start": -0.8, "elevation_end": -0.8, "quality": "estimated", "structure": "tunnel", "chain_rank": 1, "cum_dist_start": 1750.0, "cum_dist_end": 2000.0, "anomaly": false}, "geometry": {"type": "LineString", "coordinates": [[139.92249910305273, 35.71227632482592], [139.92264379224508, 35.71208438590783], [139.92278783486952, 35.71189211534835], [139.92293187749397, 35.711699844788875], [139.92307518929647, 35.71150721427906], [139.92321681868646, 35.7113137553749], [139.92335782469263, 35.7111199940389], [139.92349883069883, 35.710926232702896], [139.9236377020592, 35.71073145355122], [139.92377562206943, 35.71053622078839], [139.92391354207965, 35.71034098802557]]}}, {"type": "Feature", "properties": {"id": "東京外環道-下り-1-8", "route": "東京外環道", "direction": "下り", "from": "市川中央IC", "to": "京葉JCT", "grade": 0.0, "elevation_start": -0.8, "elevation_end": -0.8, "quality": "estimated", "structure": "tunnel", "chain_rank": 1, "cum_dist_start": 2000.0, "cum_dist_end": 2250.0, "anomaly": false}, "geometry": {"type": "LineString", "coordinates": [[139.92391354207965, 35.71034098802557], [139.92405128191456, 35.710145671760664], [139.92418639787024, 35.70994913946146], [139.92432131061483, 35.70975251459615], [139.92445581113208, 35.70955570195433], [139.92458898150258, 35.70935829536863], [139.92471984659144, 35.70915985941689], [139.92485040375308, 35.708961289833745], [139.92497913804647, 35.708761929179126], [139.9251078720868, 35.70856256841713], [139.92523653741728, 35.70836317849573]]}}, {"type": "Feature", "properties": {"id": "東京外環道-下り-1-9", "route": "東京外環道", "direction": "下り", "from": "京葉市川", "to": "市川南", "grade": 0.0, "elevation_start": -0.8, "elevation_end": -0.8, "quality": "estimated", "structure": "tunnel", "chain_rank": 1, "cum_dist_start": 2250.0, "cum_dist_end": 2500.0, "anomaly": false}, "geometry": {"type": "LineString", "coordinates": [[139.92523653741728, 35.70836317849573], [139.9253652027477, 35.70816378857434], [139.92549386807818, 35.70796439865294], [139.9256197973304, 35.707763852940836], [139.92574507420582, 35.707563034405354], [139.92586722793752, 35.70736093888324], [139.9259884724594, 35.70715848092218], [139.92610902080386, 35.706955745443416], [139.92622956914832, 35.70675300996465], [139.9263501174928, 35.706550274485885], [139.9264702031697, 35.706347356809665]]}}, {"type": "Feature", "properties": {"id": "東京外環道-下り-1-10", "route": "東京外環道", "direction": "下り", "from": "京葉市川", "to": "市川南", "grade": 0.0, "elevation_start": -0.8, "elevation_end": -0.8, "quality": "estimated", "structure": "tunnel", "chain_rank": 1, "cum_dist_start": 2500.0, "cum_dist_end": 2750.0, "anomaly": false}, "geometry": {"type": "LineString", "coordinates": [[139.9264702031697, 35.706347356809665], [139.92659021965548, 35.70614441188613], [139.92671093832627, 35.705941751124556], [139.92683644992172, 35.705741029975535], [139.92696698166517, 35.70554247468504], [139.92710320846646, 35.70534649659685], [139.92724459381597, 35.705152924037264], [139.92739295760472, 35.70496290107731], [139.9275461700371, 35.70477544347247], [139.92770469186004, 35.704590914162914], [139.92787387727302, 35.70441289537141]]}}, {"type": "Feature", "properties": {"id": "東京外環道-下り-1-11", "route": "東京外環道", "direction": "下り", "from": "京葉市川", "to": "市川南", "grade": 0.0, "elevation_start": -0.8, "elevation_end": -0.8, "quality": "estimated", "structure": "tunnel", "chain_rank": 1, "cum_dist_start": 2750.0, "cum_dist_end": 3000.0, "anomaly": false}, "geometry": {"type": "LineString", "coordinates": [[139.92787387727302, 35.70441289537141], [139.9280485760151, 35.70423839977205], [139.92822942915853, 35.70406807998464], [139.92841150470633, 35.70389868444068], [139.92860601942053, 35.70373869398311], [139.92880053413472, 35.70357870352555], [139.9290080935397, 35.70343005927996], [139.9292193147945, 35.703284880874044], [139.92943464595152, 35.703143832717245], [139.92965744898834, 35.70301063198133], [139.92988025202516, 35.70287743124541]]}}, {"type": "Feature", "properties": {"id": "東京外環道-下り-1-12", "route": "東京外環道", "direction": "下り", "from": "京葉市川", "to": "市川南", "grade": 0.0, "elevation_start": -0.8, "elevation_end": -0.8, "quality": "estimated", "structure": "tunnel", "chain_rank": 1, "cum_dist_start": 3000.0, "cum_dist_end": 3250.0, "anomaly": false}, "geometry": {"type": "LineString", "coordinates": [[139.92988025202516, 35.70287743124541], [139.9301080688014, 35.702750025258176], [139.93033696917166, 35.70262390029885], [139.93056846587754, 35.70250096086212], [139.93079996258342, 35.70237802142539], [139.9310314592893, 35.70225508198865], [139.93126295599518, 35.702132142551925], [139.93149445270106, 35.70200920311519], [139.93172594940694, 35.70188626367846], [139.9319544614971, 35.70175972575911], [139.93218052834192, 35.70163023966368]]}}, {"type": "Feature", "properties": {"id": "東京外環道-下り-1-13", "route": "東京外環道", "direction": "下り", "from": "京葉市川", "to": "市川南", "grade": 0.0, "elevation_start": -0.8, "elevation_end": -0.8, "quality": "estimated", "structure": "tunnel", "chain_rank": 1, "cum_dist_start": 3250.0, "cum_dist_end": 3500.0, "anomaly": false}, "geometry": {"type": "LineString", "coordinates": [[139.93218052834192, 35.70163023966368], [139.93240184626973, 35.701495467196615], [139.93262134672744, 35.701358671568826], [139.93283318851294, 35.70121411533973], [139.93304393092583, 35.70106844510647], [139.93325467333872, 35.70092277487321], [139.93345583859738, 35.70076838553076], [139.9336564344403, 35.700613477788174], [139.93385703028326, 35.7004585700456], [139.93404875923446, 35.70029644757608], [139.93423819142416, 35.70013245629983]]}}, {"type": "Feature", "properties": {"id": "東京外環道-下り-1-14", "route": "東京外環道", "direction": "下り", "from": "京葉市川", "to": "市川南", "grade": 0.0, "elevation_start": -0.8, "elevation_end": -0.8, "quality": "estimated", "structure": "tunnel", "chain_rank": 1, "cum_dist_start": 3500.0, "cum_dist_end": 3750.0, "anomaly": false}, "geometry": {"type": "LineString", "coordinates": [[139.93423819142416, 35.70013245629983], [139.93442491926632, 35.69996651164837], [139.9346015836511, 35.69979329806862], [139.93477824803588, 35.69962008448887], [139.93494910959208, 35.69944306111292], [139.93511882907927, 35.6992652879216], [139.9352885485665, 35.69908751473027], [139.9354581494133, 35.69890966727611], [139.9356277193804, 35.698731800492794], [139.93579728934745, 35.69855393370948], [139.9359668593145, 35.698376066926166]]}}, {"type": "Feature", "properties": {"id": "東京外環道-下り-1-15", "route": "東京外環道", "direction": "下り", "from": "市川南", "to": "高谷JCT", "grade": 0.0, "elevation_start": -0.8, "elevation_end": -0.8, "quality": "estimated", "structure": "tunnel", "chain_rank": 1, "cum_dist_start": 3750.0, "cum_dist_end": 4000.0, "anomaly": false}, "geometry": {"type": "LineString", "coordinates": [[139.9359668593145, 35.698376066926166], [139.9361364292816, 35.698198200142855], [139.93630599924865, 35.69802033335954], [139.93647556921573, 35.69784246657622], [139.9366451391828, 35.69766459979291], [139.9368157958065, 35.697487429571126], [139.93698532562738, 35.69730955086094], [139.9371528956149, 35.69713042899062], [139.9373204656024, 35.696951307120294], [139.93748803558992, 35.69677218524997], [139.93765561979995, 35.69659307234711]]}}, {"type": "Feature", "properties": {"id": "東京外環道-下り-1-16", "route": "東京外環道", "direction": "下り", "from": "市川南", "to": "高谷JCT", "grade": 0.32, "elevation_start": -0.8, "elevation_end": 0.0, "quality": "estimated", "structure": "normal", "chain_rank": 1, "cum_dist_start": 4000.0, "cum_dist_end": 4250.0, "anomaly": false}, "geometry": {"type": "LineString", "coordinates": [[139.93765561979995, 35.69659307234711], [139.9378233662527, 35.69641406174033], [139.93799111270545, 35.69623505113354], [139.9381588591582, 35.696056040526756], [139.93832660561094, 35.69587702991997], [139.93849435206369, 35.695698019313184], [139.93866209851643, 35.6955190087064], [139.93882984496918, 35.69533999809961], [139.93899788134866, 35.6951611699123], [139.9391659411833, 35.694982356482775], [139.9393340010179, 35.69480354305325]]}}, {"type": "Feature", "properties": {"id": "東京外環道-下り-1-17", "route": "東京外環道", "direction": "下り", "from": "市川南", "to": "高谷JCT", "grade": 0.0, "elevation_start": 0.0, "elevation_end": 0.0, "quality": "estimated", "structure": "bridge", "chain_rank": 1, "cum_dist_start": 4250.0, "cum_dist_end": 4500.0, "anomaly": false}, "geometry": {"type": "LineString", "coordinates": [[139.9393340010179, 35.69480354305325], [139.93950206085253, 35.694624729623726], [139.93967012068714, 35.6944459161942], [139.93983805841881, 35.69426702684972], [139.9400054979306, 35.694087827747516], [139.94017293744238, 35.6939086286453], [139.94034037695417, 35.69372942954309], [139.94050781646592, 35.69355023044088], [139.94067402084383, 35.69337026984079], [139.9408418972568, 35.693191373252176], [139.94101448271405, 35.69301545413029]]}}, {"type": "Feature", "properties": {"id": "東京外環道-下り-1-18", "route": "東京外環道", "direction": "下り", "from": "市川南", "to": "高谷JCT", "grade": 0.0, "elevation_start": 0.0, "elevation_end": 0.0, "quality": "estimated", "structure": "bridge", "chain_rank": 1, "cum_dist_start": 4500.0, "cum_dist_end": 4750.0, "anomaly": false}, "geometry": {"type": "LineString", "coordinates": [[139.94101448271405, 35.69301545413029], [139.94118861653644, 35.69284056177764], [139.94136608323885, 35.692667925871575], [139.94154732612515, 35.6924979001363], [139.94173001695876, 35.6923289243457], [139.94191571771083, 35.692162131126096], [139.94210418146045, 35.691997478788835], [139.94229880266508, 35.691837597496985], [139.94249454441297, 35.69167863462938], [139.9426913723869, 35.691520562058784], [139.94288865853764, 35.69136288048415]]}}, {"type": "Feature", "properties": {"id": "東京外環道-下り-1-19", "route": "東京外環道", "direction": "下り", "from": "市川南", "to": "高谷JCT", "grade": 0.0, "elevation_start": 0.0, "elevation_end": 0.0, "quality": "estimated", "structure": "bridge", "chain_rank": 1, "cum_dist_start": 4750.0, "cum_dist_end": 5000.0, "anomaly": false}, "geometry": {"type": "LineString", "coordinates": [[139.94288865853764, 35.69136288048415], [139.94309105317885, 35.69120955835977], [139.94329344782005, 35.691056236235404], [139.94349584246123, 35.690902914111035], [139.94369745411228, 35.690748908765], [139.94389394791932, 35.69059062311636], [139.9440874403283, 35.690429835221856], [139.94427409699549, 35.69026379520566], [139.94445927247446, 35.6900966171446], [139.94464086275303, 35.68992686644063], [139.9448205172133, 35.68975572664576]]}}, {"type": "Feature", "properties": {"id": "東京外環道-下り-2-0", "route": "東京外環道", "direction": "下り", "from": null, "to": "三郷南", "grade": 0.0, "elevation_start": 0.0, "elevation_end": 0.0, "quality": "estimated", "structure": "bridge", "chain_rank": 2, "cum_dist_start": 0.0, "cum_dist_end": 250.0, "anomaly": false}, "geometry": {"type": "LineString", "coordinates": [[139.8959988, 35.7671255], [139.8958474102517, 35.767314034302345], [139.89569602050338, 35.76750256860469], [139.89554463075507, 35.76769110290704], [139.8953932410068, 35.76787963720938], [139.89524185125848, 35.76806817151173], [139.89509046151016, 35.768256705814075], [139.89493907176185, 35.76844524011642], [139.89478768201354, 35.76863377441877], [139.89463629226523, 35.76882230872111], [139.89448490251692, 35.76901084302346]]}}, {"type": "Feature", "properties": {"id": "東京外環道-下り-2-1", "route": "東京外環道", "direction": "下り", "from": null, "to": "三郷南", "grade": 0.0, "elevation_start": 0.0, "elevation_end": 0.0, "quality": "estimated", "structure": "bridge", "chain_rank": 2, "cum_dist_start": 250.0, "cum_dist_end": 500.0, "anomaly": false}, "geometry": {"type": "LineString", "coordinates": [[139.89448490251692, 35.76901084302346], [139.89433351276864, 35.769199377325805], [139.89418212302033, 35.76938791162815], [139.89403073327202, 35.7695764459305], [139.8938793435237, 35.76976498023284], [139.8937279537754, 35.76995351453519], [139.8935765640271, 35.770142048837535], [139.89342517427878, 35.77033058313989], [139.89327452169374, 35.77051951123175], [139.89312421843184, 35.77070862593057], [139.8929739151699, 35.77089774062939]]}}, {"type": "Feature", "properties": {"id": "東京外環道-下り-2-2", "route": "東京外環道", "direction": "下り", "from": null, "to": "三郷南", "grade": 0.0, "elevation_start": 0.0, "elevation_end": 0.0, "quality": "estimated", "structure": "bridge", "chain_rank": 2, "cum_dist_start": 500.0, "cum_dist_end": 750.0, "anomaly": false}, "geometry": {"type": "LineString", "coordinates": [[139.8929739151699, 35.77089774062939], [139.892823611908, 35.77108685532821], [139.8926733086461, 35.77127597002703], [139.89252300538416, 35.77146508472585], [139.89237270212226, 35.77165419942467], [139.89222239886035, 35.77184331412349], [139.89207209559842, 35.77203242882231], [139.89192179233652, 35.77222154352112], [139.8917714890746, 35.77241065821994], [139.89162118581268, 35.77259977291876], [139.89147088255078, 35.77278888761758]]}}, {"type": "Feature", "properties": {"id": "東京外環道-下り-2-3", "route": "東京外環道", "direction": "下り", "from": null, "to": "三郷南", "grade": 0.0, "elevation_start": 0.0, "elevation_end": 0.0, "quality": "estimated", "structure": "bridge", "chain_rank": 2, "cum_dist_start": 750.0, "cum_dist_end": 1000.0, "anomaly": false}, "geometry": {"type": "LineString", "coordinates": [[139.89147088255078, 35.77278888761758], [139.89132057928887, 35.7729780023164], [139.89117027602697, 35.77316711701522], [139.89101997276504, 35.77335623171404], [139.89086966950313, 35.77354534641286], [139.89071936624123, 35.77373446111168], [139.8905690629793, 35.7739235758105], [139.8904187597174, 35.77411269050931], [139.8902684564555, 35.77430180520813], [139.89011815319355, 35.77449091990695], [139.88996784993165, 35.77468003460577]]}}, {"type": "Feature", "properties": {"id": "東京外環道-下り-2-4", "route": "東京外環道", "direction": "下り", "from": null, "to": "三郷南", "grade": 0.0, "elevation_start": 0.0, "elevation_end": 0.0, "quality": "estimated", "structure": "bridge", "chain_rank": 2, "cum_dist_start": 1000.0, "cum_dist_end": 1250.0, "anomaly": false}, "geometry": {"type": "LineString", "coordinates": [[139.88996784993165, 35.77468003460577], [139.88981754666975, 35.77486914930459], [139.8896672434078, 35.77505826400341], [139.8895167624039, 35.77524728492501], [139.88936523141288, 35.77543575187031], [139.88921370042186, 35.77562421881561], [139.88906216943087, 35.77581268576091], [139.88891063843985, 35.77600115270621], [139.88875910744883, 35.77618961965151], [139.88860757645782, 35.77637808659681], [139.88845604546682, 35.77656655354211]]}}, {"type": "Feature", "properties": {"id": "東京外環道-下り-2-5", "route": "東京外環道", "direction": "下り", "from": null, "to": "三郷南", "grade": 0.0, "elevation_start": 0.0, "elevation_end": 0.0, "quality": "estimated", "structure": "bridge", "chain_rank": 2, "cum_dist_start": 1250.0, "cum_dist_end": 1500.0, "anomaly": false}, "geometry": {"type": "LineString", "coordinates": [[139.88845604546682, 35.77656655354211], [139.8883045144758, 35.77675502048741], [139.8881529834848, 35.77694348743271], [139.8880014524938, 35.77713195437801], [139.88784992150278, 35.7773204213233], [139.88769839051176, 35.777508888268606], [139.88754685952077, 35.7776973552139], [139.88739532852975, 35.777885822159206], [139.88724379753873, 35.7780742891045], [139.88709226654774, 35.778262756049806], [139.88694073555672, 35.7784512229951]]}}, {"type": "Feature", "properties": {"id": "東京外環道-下り-2-6", "route": "東京外環道", "direction": "下り", "from": null, "to": "三郷南", "grade": 0.0, "elevation_start": 0.0, "elevation_end": 0.0, "quality": "estimated", "structure": "bridge", "chain_rank": 2, "cum_dist_start": 1500.0, "cum_dist_end": 1750.0, "anomaly": false}, "geometry": {"type": "LineString", "coordinates": [[139.88694073555672, 35.7784512229951], [139.8867892045657, 35.778639689940405], [139.88664073030478, 35.778829767385425], [139.88649232419073, 35.77901988073499], [139.88634391807665, 35.77920999408456], [139.8861955119626, 35.77940010743413], [139.88604710584852, 35.779590220783696], [139.88589869973447, 35.77978033413326], [139.8857502936204, 35.779970447482825], [139.88560188750634, 35.78016056083239], [139.88545324996585, 35.78035055447593]]}}, {"type": "Feature", "properties": {"id": "東京外環道-下り-2-7", "route": "東京外環道", "direction": "下り", "from": null, "to": "三郷南", "grade": 0.0, "elevation_start": 0.0, "elevation_end": 0.0, "quality": "estimated", "structure": "bridge", "chain_rank": 2, "cum_dist_start": 1750.0, "cum_dist_end": 2000.0, "anomaly": false}, "geometry": {"type": "LineString", "coordinates": [[139.88545324996585, 35.78035055447593], [139.88530423509707, 35.780540352945216], [139.88515522022826, 35.7807301514145], [139.88500620535947, 35.78091994988379], [139.88485719049066, 35.781109748353074], [139.88470817562188, 35.78129954682236], [139.88455916075307, 35.78148934529165], [139.8844101458843, 35.78167914376094], [139.88426113101548, 35.781868942230226], [139.88411502210917, 35.78206020004068], [139.88397398441214, 35.78225400455448]]}}, {"type": "Feature", "properties": {"id": "東京外環道-下り-2-8", "route": "東京外環道", "direction": "下り", "from": null, "to": "三郷南", "grade": 0.0, "elevation_start": 0.0, "elevation_end": 0.0, "quality": "estimated", "structure": "bridge", "chain_rank": 2, "cum_dist_start": 2000.0, "cum_dist_end": 2250.0, "anomaly": false}, "geometry": {"type": "LineString", "coordinates": [[139.88397398441214, 35.78225400455448], [139.88383294671507, 35.78244780906829], [139.883691909018, 35.782641613582086], [139.8835505737257, 35.78283527397686], [139.8834087504553, 35.78302869805421], [139.88326692718485, 35.783222122131555], [139.88312649134718, 35.78341620096954], [139.88299120614477, 35.78361271050773], [139.88285592094232, 35.78380922004593], [139.8827206357399, 35.78400572958412], [139.88258690616092, 35.78420293394705]]}}, {"type": "Feature", "properties": {"id": "東京外環道-下り-2-9", "route": "東京外環道", "direction": "下り", "from": null, "to": "三郷南", "grade": 0.0, "elevation_start": 0.0, "elevation_end": 0.0, "quality": "estimated", "structure": "bridge", "chain_rank": 2, "cum_dist_start": 2250.0, "cum_dist_end": 2500.0, "anomaly": false}, "geometry": {"type": "LineString", "coordinates": [[139.88258690616092, 35.78420293394705], [139.8824564094775, 35.78440158229421], [139.88232628461333, 35.78460038437318], [139.8822066011584, 35.784803503540644], [139.88208691770345, 35.78500662270811], [139.88196723424852, 35.785209741875576], [139.8818540240763, 35.78541531042204], [139.88174081575698, 35.785620879669615], [139.88162839691356, 35.78582673334246], [139.88151800866407, 35.78603331857941], [139.8814076204146, 35.78623990381637]]}}, {"type": "Feature", "properties": {"id": "東京外環道-下り-2-10", "route": "東京外環道", "direction": "下り", "from": null, "to": "三郷南", "grade": 0.0, "elevation_start": 0.0, "elevation_end": 0.0, "quality": "estimated", "structure": "bridge", "chain_rank": 2, "cum_dist_start": 2500.0, "cum_dist_end": 2750.0, "anomaly": false}, "geometry": {"type": "LineString", "coordinates": [[139.8814076204146, 35.78623990381637], [139.88130134696738, 35.78644787765035], [139.88120015956335, 35.786657567840074], [139.8810989721593, 35.786867258029794], [139.88099778475527, 35.787076948219514], [139.88089819187428, 35.787287141921205], [139.88079957765734, 35.78749764466144], [139.8807009634404, 35.78770814740167], [139.8806088727041, 35.78792058528774], [139.88051831486388, 35.78813347789693], [139.88042775702368, 35.788346370506105]]}}, {"type": "Feature", "properties": {"id": "東京外環道-下り-2-11", "route": "東京外環道", "direction": "下り", "from": null, "to": "三郷南", "grade": 0.0, "elevation_start": 0.0, "elevation_end": 0.0, "quality": "estimated", "structure": "bridge", "chain_rank": 2, "cum_dist_start": 2750.0, "cum_dist_end": 3000.0, "anomaly": false}, "geometry": {"type": "LineString", "coordinates": [[139.88042775702368, 35.788346370506105], [139.88034105277347, 35.78856031400217], [139.88025609634923, 35.78877473413621], [139.8801720540262, 35.78898939138007], [139.88008926926324, 35.78920437482396], [139.88000648450026, 35.78941935826786], [139.87992815693408, 35.78963533744285], [139.8798647923227, 35.7898546593196], [139.87980142771133, 35.79007398119635], [139.87973857580667, 35.79029340067717], [139.87967616009723, 35.790512903196564]]}}, {"type": "Feature", "properties": {"id": "東京外環道-下り-2-12", "route": "東京外環道", "direction": "下り", "from": null, "to": "三郷南", "grade": 0.0, "elevation_start": 0.0, "elevation_end": 0.0, "quality": "estimated", "structure": "bridge", "chain_rank": 2, "cum_dist_start": 3000.0, "cum_dist_end": 3250.0, "anomaly": false}, "geometry": {"type": "LineString", "coordinates": [[139.87967616009723, 35.790512903196564], [139.8796137443878, 35.79073240571596], [139.87955132867836, 35.79095190823535], [139.87948891296892, 35.79117141075475], [139.87943467174443, 35.7913923460108], [139.87938078768877, 35.7916133438676], [139.8793269036331, 35.7918343417244], [139.8792818917226, 35.79205659665098], [139.8792410409727, 35.792279441160936], [139.87920019022278, 35.79250228567089], [139.87916028574207, 35.79272524201478]]}}, {"type": "Feature", "properties": {"id": "東京外環道-下り-2-13", "route": "東京外環道", "direction": "下り", "from": null, "to": "三郷南", "grade": 0.0, "elevation_start": 0.0, "elevation_end": 0.0, "quality": "estimated", "structure": "bridge", "chain_rank": 2, "cum_dist_start": 3250.0, "cum_dist_end": 3500.0, "anomaly": false}, "geometry": {"type": "LineString", "coordinates": [[139.87916028574207, 35.79272524201478], [139.87912174135198, 35.7929483590997], [139.8790831969619, 35.79317147618461], [139.8790446525718, 35.793394593269525], [139.87900612983472, 35.79361771269485], [139.87897193645014, 35.7938413000664], [139.87893774306556, 35.79406488743794], [139.87890354968098, 35.794288474809484], [139.87887153066308, 35.794512267836645], [139.87884194272456, 35.794736290799776], [139.87881235478602, 35.794960313762914]]}}, {"type": "Feature", "properties": {"id": "東京外環道-下り-2-14", "route": "東京外環道", "direction": "下り", "from": null, "to": "三郷南", "grade": 0.0, "elevation_start": 0.0, "elevation_end": 0.0, "quality": "estimated", "structure": "bridge", "chain_rank": 2, "cum_dist_start": 3500.0, "cum_dist_end": 3750.0, "anomaly": false}, "geometry": {"type": "LineString", "coordinates": [[139.87881235478602, 35.794960313762914], [139.87878276684748, 35.795184336726045], [139.87874964204593, 35.795408015132445], [139.87871356270517, 35.79563140571136], [139.8786774833644, 35.79585479629028], [139.87864140402365, 35.796078186869195], [139.8786082068749, 35.796301871284435], [139.87857560825327, 35.79652561671885], [139.8785430096316, 35.79674936215328], [139.87851041100998, 35.7969731075877], [139.87847781238835, 35.79719685302212]]}}, {"type": "Feature", "properties": {"id": "東京外環道-下り-2-15", "route": "東京外環道", "direction": "下り", "from": null, "to": "三郷南", "grade": 0.0, "elevation_start": 0.0, "elevation_end": 0.0, "quality": "estimated", "structure": "bridge", "chain_rank": 2, "cum_dist_start": 3750.0, "cum_dist_end": 4000.0, "anomaly": false}, "geometry": {"type": "LineString", "coordinates": [[139.87847781238835, 35.79719685302212], [139.87844521376672, 35.79742059845655], [139.87841261514507, 35.797644343890966], [139.87838001652344, 35.79786808932539], [139.8783474179018, 35.79809183475981], [139.87831481928018, 35.798315580194235], [139.87828222065855, 35.79853932562866], [139.8782496220369, 35.79876307106308], [139.87821702341526, 35.798986816497504], [139.878182146836, 35.799210332192224], [139.87814678513683, 35.79943379896097]]}}, {"type": "Feature", "properties": {"id": "東京外環道-下り-2-16", "route": "東京外環道", "direction": "下り", "from": null, "to": "三郷南", "grade": 0.0, "elevation_start": 0.0, "elevation_end": 0.0, "quality": "estimated", "structure": "bridge", "chain_rank": 2, "cum_dist_start": 4000.0, "cum_dist_end": 4250.0, "anomaly": false}, "geometry": {"type": "LineString", "coordinates": [[139.87814678513683, 35.79943379896097], [139.87811142343767, 35.799657265729714], [139.8780760617385, 35.79988073249846], [139.87804070003935, 35.8001041992672], [139.8780053383402, 35.80032766603595], [139.87796497545176, 35.80055056905004], [139.87792452062345, 35.800773461700295], [139.87788406579514, 35.800996354350545], [139.8778397043417, 35.801218746828056], [139.8777942779294, 35.80144100295682], [139.87774885151708, 35.801663259085586]]}}, {"type": "Feature", "properties": {"id": "東京外環道-下り-2-17", "route": "東京外環道", "direction": "下り", "from": "三郷南", "to": "三郷中央IC", "grade": 0.0, "elevation_start": 0.0, "elevation_end": 0.0, "quality": "estimated", "structure": "bridge", "chain_rank": 2, "cum_dist_start": 4250.0, "cum_dist_end": 4500.0, "anomaly": false}, "geometry": {"type": "LineString", "coordinates": [[139.87774885151708, 35.801663259085586], [139.8777038376356, 35.801885570709445], [139.8776591676259, 35.802107928592136], [139.8776144976162, 35.80233028647483], [139.87756982760652, 35.802552644357526], [139.87752507170399, 35.802774990690544], [139.87747962538512, 35.80299724418594], [139.87743417906623, 35.80321949768133], [139.8773867174432, 35.803441437872245], [139.8773284924264, 35.80366170475772], [139.87727026740959, 35.80388197164319]]}}, {"type": "Feature", "properties": {"id": "東京外環道-下り-2-18", "route": "東京外環道", "direction": "下り", "from": "三郷南", "to": "三郷中央IC", "grade": 0.0, "elevation_start": 0.0, "elevation_end": 0.0, "quality": "estimated", "structure": "bridge", "chain_rank": 2, "cum_dist_start": 4500.0, "cum_dist_end": 4750.0, "anomaly": false}, "geometry": {"type": "LineString", "coordinates": [[139.87727026740959, 35.80388197164319], [139.8772120423928, 35.80410223852867], [139.877153817376, 35.80432250541414], [139.87709559235924, 35.80454277229961], [139.87703271515238, 35.804762188873816], [139.87696982252507, 35.80498160262952], [139.87690692989776, 35.80520101638522], [139.87684403727044, 35.80542043014092], [139.87677833210458, 35.80563929619545], [139.8767125843902, 35.80585815396427], [139.8766468366758, 35.806077011733095]]}}, {"type": "Feature", "properties": {"id": "東京外環道-下り-2-19", "route": "東京外環道", "direction": "下り", "from": "三郷南", "to": "三郷中央IC", "grade": 0.0, "elevation_start": 0.0, "elevation_end": 0.0, "quality": "estimated", "structure": "bridge", "chain_rank": 2, "cum_dist_start": 4750.0, "cum_dist_end": 5000.0, "anomaly": false}, "geometry": {"type": "LineString", "coordinates": [[139.8766468366758, 35.806077011733095], [139.87658167932713, 35.80629598225736], [139.8765211690968, 35.80651584034655], [139.87646065886648, 35.80673569843574], [139.87640014863612, 35.80695555652493], [139.8763396384058, 35.80717541461412], [139.87627912817544, 35.80739527270331], [139.8762186179451, 35.8076151307925], [139.8761587636801, 35.80783509697035], [139.8761096192493, 35.80805682789323], [139.8760604748185, 35.80827855881612]]}}, {"type": "Feature", "properties": {"id": "東京外環道-下り-2-20", "route": "東京外環道", "direction": "下り", "from": "三郷南", "to": "三郷中央IC", "grade": 0.0, "elevation_start": 0.0, "elevation_end": 0.0, "quality": "estimated", "structure": "bridge", "chain_rank": 2, "cum_dist_start": 5000.0, "cum_dist_end": 5250.0, "anomaly": false}, "geometry": {"type": "LineString", "coordinates": [[139.8760604748185, 35.80827855881612], [139.87601133038768, 35.80850028973901], [139.87596218595687, 35.8087220206619], [139.87591855733953, 35.808944492845], [139.87587766257712, 35.80916733242593], [139.8758367678147, 35.809390172006864], [139.87579587305228, 35.80961301158779], [139.87575688628098, 35.80983607162118], [139.8757200935075, 35.81005938515269], [139.875683300734, 35.810282698684205], [139.8756465079605, 35.81050601221571]]}}, {"type": "Feature", "properties": {"id": "東京外環道-下り-2-21", "route": "東京外環道", "direction": "下り", "from": "三郷南", "to": "三郷中央IC", "grade": 0.0, "elevation_start": 0.0, "elevation_end": 0.0, "quality": "estimated", "structure": "bridge", "chain_rank": 2, "cum_dist_start": 5250.0, "cum_dist_end": 5500.0, "anomaly": false}, "geometry": {"type": "LineString", "coordinates": [[139.8756465079605, 35.81050601221571], [139.875609715187, 35.810729325747225], [139.87557292241354, 35.81095263927874], [139.87553612964004, 35.81117595281025], [139.87549933686654, 35.811399266341766], [139.87546254409304, 35.81162257987328], [139.87542575131957, 35.81184589340479], [139.87538895854607, 35.8120692069363], [139.87535205512776, 35.812292508227245], [139.87531436453207, 35.81251572243325], [139.8752766739364, 35.81273893663925]]}}, {"type": "Feature", "properties": {"id": "東京外環道-下り-2-22", "route": "東京外環道", "direction": "下り", "from": "三郷南", "to": "三郷中央IC", "grade": 0.0, "elevation_start": 0.0, "elevation_end": 0.0, "quality": "estimated", "structure": "bridge", "chain_rank": 2, "cum_dist_start": 5500.0, "cum_dist_end": 5750.0, "anomaly": false}, "geometry": {"type": "LineString", "coordinates": [[139.8752766739364, 35.81273893663925], [139.87523898334072, 35.812962150845244], [139.87520129274506, 35.81318536505125], [139.87516360214937, 35.81340857925725], [139.8751259115537, 35.81363179346325], [139.87508822095805, 35.813855007669254], [139.87505053036236, 35.81407822187525], [139.8750128397667, 35.81430143608125], [139.874975149171, 35.814524650287254], [139.8749367469983, 35.81474777892279], [139.8748936288661, 35.81497034044222]]}}, {"type": "Feature", "properties": {"id": "東京外環道-下り-2-23", "route": "東京外環道", "direction": "下り", "from": "三郷南", "to": "三郷中央IC", "grade": 0.0, "elevation_start": 0.0, "elevation_end": 0.0, "quality": "estimated", "structure": "bridge", "chain_rank": 2, "cum_dist_start": 5750.0, "cum_dist_end": 6000.0, "anomaly": false}, "geometry": {"type": "LineString", "coordinates": [[139.8748936288661, 35.81497034044222], [139.8748505107339, 35.81519290196165], [139.87480739260167, 35.81541546348109], [139.87476427446947, 35.81563802500052], [139.87472115633727, 35.815860586519946], [139.87467803820505, 35.816083148039375], [139.8746347921214, 35.81630569152123], [139.87458355984552, 35.816527109173414], [139.87453232756963, 35.816748526825606], [139.8744810952937, 35.81696994447779], [139.8744298630178, 35.817191362129975]]}}, {"type": "Feature", "properties": {"id": "東京外環道-下り-2-24", "route": "東京外環道", "direction": "下り", "from": "三郷南", "to": "三郷中央IC", "grade": 0.0, "elevation_start": 0.0, "elevation_end": 0.0, "quality": "estimated", "structure": "bridge", "chain_rank": 2, "cum_dist_start": 6000.0, "cum_dist_end": 6250.0, "anomaly": false}, "geometry": {"type": "LineString", "coordinates": [[139.8744298630178, 35.817191362129975], [139.87437365306897, 35.817411965672626], [139.87431595962494, 35.81763232658632], [139.87425826618087, 35.81785268750002], [139.8742005727368, 35.818073048413716], [139.87414287929278, 35.81829340932741], [139.87408363627475, 35.818513497082016], [139.87402425965857, 35.818733561285924], [139.8739648830424, 35.81895362548983], [139.87389789662214, 35.81917218094118], [139.87382643652828, 35.819389849422706]]}}, {"type": "Feature", "properties": {"id": "東京外環道-下り-2-25", "route": "東京外環道", "direction": "下り", "from": "三郷南", "to": "三郷中央IC", "grade": 0.0, "elevation_start": 0.0, "elevation_end": 0.0, "quality": "estimated", "structure": "bridge", "chain_rank": 2, "cum_dist_start": 6250.0, "cum_dist_end": 6500.0, "anomaly": false}, "geometry": {"type": "LineString", "coordinates": [[139.87382643652828, 35.819389849422706], [139.87375497643444, 35.81960751790424], [139.87368351634058, 35.81982518638576], [139.87361286972586, 35.82004303068868], [139.8735424695758, 35.82026092826125], [139.87346285160578, 35.82047669531847], [139.87338222080723, 35.82069222828056], [139.87330159000868, 35.82090776124266], [139.87321142896798, 35.82112075236939], [139.8731198892765, 35.82133337579262], [139.873028349585, 35.82154599921586]]}}, {"type": "Feature", "properties": {"id": "東京外環道-下り-2-26", "route": "東京外環道", "direction": "下り", "from": "三郷南", "to": "三郷中央IC", "grade": 0.0, "elevation_start": 0.0, "elevation_end": 0.0, "quality": "estimated", "structure": "bridge", "chain_rank": 2, "cum_dist_start": 6500.0, "cum_dist_end": 6750.0, "anomaly": false}, "geometry": {"type": "LineString", "coordinates": [[139.873028349585, 35.82154599921586], [139.87293680989353, 35.821758622639095], [139.87284527020205, 35.821971246062326], [139.87274796575366, 35.82218214493202], [139.87264873016022, 35.82239246609079], [139.87254949456678, 35.82260278724956], [139.87244511444865, 35.8228114167025], [139.87233720259664, 35.82301888479358], [139.87222929074466, 35.82322635288467], [139.87212137889264, 35.82343382097575], [139.87200299416648, 35.82363735172988]]}}, {"type": "Feature", "properties": {"id": "東京外環道-下り-2-27", "route": "東京外環道", "direction": "下り", "from": "三郷南", "to": "三郷中央IC", "grade": 0.0, "elevation_start": 0.0, "elevation_end": 0.0, "quality": "estimated", "structure": "bridge", "chain_rank": 2, "cum_dist_start": 6750.0, "cum_dist_end": 7000.0, "anomaly": false}, "geometry": {"type": "LineString", "coordinates": [[139.87200299416648, 35.82363735172988], [139.87187910465352, 35.82383881292789], [139.87175475037114, 35.82404007894569], [139.87162503578259, 35.8242390938994], [139.87149532119403, 35.82443810885311], [139.87136560660548, 35.824637123806816], [139.87122890583976, 35.82483294468603], [139.87108780785644, 35.82502675516096], [139.87094670987312, 35.82522056563589], [139.8708056118898, 35.825414376110814], [139.8706624930312, 35.825607201556075]]}}, {"type": "Feature", "properties": {"id": "東京外環道-下り-2-28", "route": "東京外環道", "direction": "下り", "from": "三郷南", "to": "三郷中央IC", "grade": 0.0, "elevation_start": 0.0, "elevation_end": 0.0, "quality": "estimated", "structure": "bridge", "chain_rank": 2, "cum_dist_start": 7000.0, "cum_dist_end": 7250.0, "anomaly": false}, "geometry": {"type": "LineString", "coordinates": [[139.8706624930312, 35.825607201556075], [139.8705193225897, 35.82580000185841], [139.87037355418641, 35.82599147916496], [139.87022335888324, 35.82618070210043], [139.87007316358006, 35.82636992503589], [139.86992076240844, 35.82655793907197], [139.86976205705085, 35.8267424981756], [139.86960335169326, 35.82692705727923], [139.86943927619512, 35.82710845595062], [139.86927388393622, 35.82728907968268], [139.86910742433153, 35.82746903906305]]}}, {"type": "Feature", "properties": {"id": "東京外環道-下り-3-0", "route": "東京外環道", "direction": "下り", "from": null, "to": "市川北IC", "grade": 0.0, "elevation_start": 0.0, "elevation_end": 0.0, "quality": "estimated", "structure": "tunnel", "chain_rank": 3, "cum_dist_start": 0.0, "cum_dist_end": 250.0, "anomaly": false}, "geometry": {"type": "LineString", "coordinates": [[139.9181402, 35.7261933], [139.91826492886847, 35.72639435800064], [139.91838511652952, 35.72659709952685], [139.91848687500277, 35.72680655963114], [139.9185782307543, 35.72701909349783], [139.9186508281144, 35.727236463674096], [139.91871316671208, 35.727455973776706], [139.91877550530978, 35.72767548387932], [139.91883784390748, 35.72789499398193], [139.91890018250518, 35.72811450408454], [139.91896042995623, 35.72833439204513]]}}, {"type": "Feature", "properties": {"id": "東京外環道-下り-3-1", "route": "東京外環道", "direction": "下り", "from": null, "to": "市川北IC", "grade": 0.0, "elevation_start": 0.0, "elevation_end": 0.0, "quality": "estimated", "structure": "tunnel", "chain_rank": 3, "cum_dist_start": 250.0, "cum_dist_end": 500.0, "anomaly": false}, "geometry": {"type": "LineString", "coordinates": [[139.91896042995623, 35.72833439204513], [139.9190176405644, 35.728554828745494], [139.91907485117258, 35.72877526544586], [139.91913206178074, 35.72899570214622], [139.91918927238893, 35.72921613884659], [139.9192464829971, 35.729436575546956], [139.91930402071068, 35.7296569550228], [139.91936279164196, 35.72987711875688], [139.9194215625732, 35.73009728249097], [139.91948033350448, 35.730317446225065], [139.91953910443573, 35.73053760995916]]}}, {"type": "Feature", "properties": {"id": "東京外環道-下り-3-2", "route": "東京外環道", "direction": "下り", "from": null, "to": "市川北IC", "grade": 0.0, "elevation_start": 0.0, "elevation_end": 0.0, "quality": "estimated", "structure": "tunnel", "chain_rank": 3, "cum_dist_start": 500.0, "cum_dist_end": 750.0, "anomaly": false}, "geometry": {"type": "LineString", "coordinates": [[139.91953910443573, 35.73053760995916], [139.91959639757894, 35.73075801301806], [139.9196452713765, 35.73097977957316], [139.9196941451741, 35.731201546128254], [139.91974301897167, 35.73142331268335], [139.91979189276927, 35.73164507923844], [139.91983816062384, 35.73186721334711], [139.9198834834172, 35.732089480751334], [139.91992779502706, 35.732311877524545], [139.9199681396961, 35.732534781820966], [139.92000848436513, 35.732757686117395]]}}, {"type": "Feature", "properties": {"id": "東京外環道-下り-3-3", "route": "東京外環道", "direction": "下り", "from": null, "to": "市川北IC", "grade": 0.0, "elevation_start": 0.0, "elevation_end": 0.0, "quality": "estimated", "structure": "tunnel", "chain_rank": 3, "cum_dist_start": 750.0, "cum_dist_end": 1000.0, "anomaly": false}, "geometry": {"type": "LineString", "coordinates": [[139.92000848436513, 35.732757686117395], [139.92004877940363, 35.73298059626305], [139.9200874948842, 35.733203692568196], [139.92012621036477, 35.733426788873345], [139.92016492584537, 35.73364988517849], [139.920202064914, 35.73387314807236], [139.92023438384697, 35.73409692033835], [139.92026670277994, 35.734320692604335], [139.9202990217129, 35.73454446487032], [139.9203245827864, 35.7347687836584], [139.9203468092846, 35.7349933721205]]}}, {"type": "Feature", "properties": {"id": "東京外環道-下り-3-4", "route": "東京外環道", "direction": "下り", "from": null, "to": "市川北IC", "grade": 0.0, "elevation_start": 0.0, "elevation_end": 0.0, "quality": "estimated", "structure": "tunnel", "chain_rank": 3, "cum_dist_start": 1000.0, "cum_dist_end": 1250.0, "anomaly": false}, "geometry": {"type": "LineString", "coordinates": [[139.9203468092846, 35.7349933721205], [139.9203690357828, 35.735217960582595], [139.92039126228102, 35.73544254904469], [139.92041256347503, 35.73566718653824], [139.92042618044093, 35.73589223121556], [139.9204397974068, 35.73611727589288], [139.9204534143727, 35.7363423205702], [139.92046703133857, 35.736567365247524], [139.9204693506226, 35.73679267469158], [139.92047161265114, 35.73701798547744], [139.9204738746797, 35.7372432962633]]}}, {"type": "Feature", "properties": {"id": "東京外環道-下り-3-5", "route": "東京外環道", "direction": "下り", "from": null, "to": "市川北IC", "grade": 0.0, "elevation_start": 0.0, "elevation_end": 0.0, "quality": "estimated", "structure": "tunnel", "chain_rank": 3, "cum_dist_start": 1250.0, "cum_dist_end": 1500.0, "anomaly": false}, "geometry": {"type": "LineString", "coordinates": [[139.9204738746797, 35.7372432962633], [139.92047319843203, 35.73746861175921], [139.9204720286248, 35.73769392804629], [139.92047085881757, 35.73791924433337], [139.92046750034748, 35.738144532941135], [139.9204601009101, 35.738369770444066], [139.92045270147275, 35.738595007947005], [139.92043960123522, 35.73882000971245], [139.92041901130975, 35.73904470176694], [139.92039842138428, 35.73926939382144], [139.9203778314588, 35.73949408587593]]}}, {"type": "Feature", "properties": {"id": "東京外環道-下り-3-6", "route": "東京外環道", "direction": "下り", "from": null, "to": "市川北IC", "grade": 0.0, "elevation_start": 0.0, "elevation_end": 0.0, "quality": "estimated", "structure": "tunnel", "chain_rank": 3, "cum_dist_start": 1500.0, "cum_dist_end": 1750.0, "anomaly": false}, "geometry": {"type": "LineString", "coordinates": [[139.9203778314588, 35.73949408587593], [139.92035576532749, 35.739718681967986], [139.9203324268321, 35.739943195348566], [139.92030908833672, 35.740167708729146], [139.92027583698814, 35.740391357894204], [139.92024041759657, 35.74061481804644], [139.920204998205, 35.740838278198666], [139.92016957881344, 35.7410617383509], [139.92013415942188, 35.741285198503135], [139.9200987400303, 35.74150865865536], [139.92006332063875, 35.7417321188076]]}}, {"type": "Feature", "properties": {"id": "東京外環道-下り-3-7", "route": "東京外環道", "direction": "下り", "from": null, "to": "市川北IC", "grade": 0.0, "elevation_start": 0.0, "elevation_end": 0.0, "quality": "estimated", "structure": "tunnel", "chain_rank": 3, "cum_dist_start": 1750.0, "cum_dist_end": 2000.0, "anomaly": false}, "geometry": {"type": "LineString", "coordinates": [[139.92006332063875, 35.7417321188076], [139.92002790124718, 35.74195557895983], [139.9199929661962, 35.7421790884006], [139.91995992346085, 35.74240279041137], [139.91992688072554, 35.74262649242214], [139.91989383799023, 35.74285019443291], [139.9198607952549, 35.74307389644368], [139.91982776550617, 35.74329759967249], [139.9197976323941, 35.74352157458175], [139.91976749928205, 35.743745549491], [139.91973736616998, 35.74396952440026]]}}, {"type": "Feature", "properties": {"id": "東京外環道-下り-3-8", "route": "東京外環道", "direction": "下り", "from": null, "to": "市川北IC", "grade": 0.0, "elevation_start": 0.0, "elevation_end": 0.0, "quality": "estimated", "structure": "tunnel", "chain_rank": 3, "cum_dist_start": 2000.0, "cum_dist_end": 2250.0, "anomaly": false}, "geometry": {"type": "LineString", "coordinates": [[139.91973736616998, 35.74396952440026], [139.91970650548163, 35.744193432855916], [139.9196750952558, 35.74441729111925], [139.91964368502997, 35.74464114938257], [139.91961227480414, 35.7448650076459], [139.9195808645783, 35.745088865909224], [139.91954922023004, 35.74531270220354], [139.9195174218497, 35.74553652404416], [139.91948562346934, 35.74576034588478], [139.919453825089, 35.7459841677254], [139.91942179040032, 35.74620796589907]]}}, {"type": "Feature", "properties": {"id": "東京外環道-下り-3-9", "route": "東京外環道", "direction": "下り", "from": "市川北IC", "to": "道の駅いちかわ", "grade": 0.0, "elevation_start": 0.0, "elevation_end": 0.0, "quality": "estimated", "structure": "tunnel", "chain_rank": 3, "cum_dist_start": 2250.0, "cum_dist_end": 2500.0, "anomaly": false}, "geometry": {"type": "LineString", "coordinates": [[139.91942179040032, 35.74620796589907], [139.91938618405652, 35.74643140636126], [139.91935057771272, 35.74665484682345], [139.9193149713689, 35.74687828728564], [139.9192793650251, 35.74710172774783], [139.9192437586813, 35.747325168210025], [139.91920815233746, 35.74754860867222], [139.91917254599366, 35.747772049134404], [139.91913707913892, 35.747995504281356], [139.91910190999073, 35.74821899076947], [139.91906674084257, 35.74844247725759]]}}, {"type": "Feature", "properties": {"id": "東京外環道-下り-3-10", "route": "東京外環道", "direction": "下り", "from": "道の駅いちかわ", "to": null, "grade": 0.0, "elevation_start": 0.0, "elevation_end": 0.0, "quality": "estimated", "structure": "tunnel", "chain_rank": 3, "cum_dist_start": 2500.0, "cum_dist_end": 2750.0, "anomaly": false}, "geometry": {"type": "LineString", "coordinates": [[139.91906674084257, 35.74844247725759], [139.9190315716944, 35.7486659637457], [139.9189964025462, 35.74888945023382], [139.91896123339805, 35.749112936721936], [139.9189260642499, 35.749336423210046], [139.9188908951017, 35.74955990969816], [139.9188539278496, 35.74978319696656], [139.91881464541973, 35.750006227726395], [139.9187753629899, 35.75022925848622], [139.91873608056002, 35.750452289246056], [139.91869679813016, 35.75067532000589]]}}, {"type": "Feature", "properties": {"id": "東京外環道-下り-3-11", "route": "東京外環道", "direction": "下り", "from": "道の駅いちかわ", "to": null, "grade": 0.0, "elevation_start": 0.0, "elevation_end": 0.0, "quality": "estimated", "structure": "tunnel", "chain_rank": 3, "cum_dist_start": 2750.0, "cum_dist_end": 3000.0, "anomaly": false}, "geometry": {"type": "LineString", "coordinates": [[139.91869679813016, 35.75067532000589], [139.9186575157003, 35.75089835076572], [139.91861823327045, 35.75112138152556], [139.91857895084058, 35.75134441228539], [139.9185401316391, 35.75156749619444], [139.91850237429833, 35.75179070193769], [139.91846461695752, 35.75201390768095], [139.91842685961674, 35.7522371134242], [139.91838910227594, 35.752460319167454], [139.91834379669265, 35.75268258611926], [139.91829817833806, 35.752904814171025]]}}, {"type": "Feature", "properties": {"id": "東京外環道-下り-3-12", "route": "東京外環道", "direction": "下り", "from": "道の駅いちかわ", "to": null, "grade": 0.0, "elevation_start": 0.0, "elevation_end": 0.0, "quality": "estimated", "structure": "tunnel", "chain_rank": 3, "cum_dist_start": 3000.0, "cum_dist_end": 3250.0, "anomaly": false}, "geometry": {"type": "LineString", "coordinates": [[139.91829817833806, 35.752904814171025], [139.91825124164916, 35.75312683407086], [139.91819176614862, 35.753346874216554], [139.9181285011312, 35.75356619089356], [139.91805971909633, 35.75378435848339], [139.91797071588724, 35.75399764202931], [139.9178747843654, 35.75420895527458], [139.91777515906725, 35.75441905271554], [139.91766020273323, 35.75462388477095], [139.91753552695144, 35.75482498191482], [139.9173925908389, 35.75501779048037]]}}, {"type": "Feature", "properties": {"id": "東京外環道-下り-3-13", "route": "東京外環道", "direction": "下り", "from": "道の駅いちかわ", "to": null, "grade": 0.0, "elevation_start": 0.0, "elevation_end": 0.0, "quality": "estimated", "structure": "tunnel", "chain_rank": 3, "cum_dist_start": 3250.0, "cum_dist_end": 3500.0, "anomaly": false}, "geometry": {"type": "LineString", "coordinates": [[139.9173925908389, 35.75501779048037], [139.91723555714637, 35.755203040332184], [139.91706334288875, 35.755379105173084], [139.91688467927264, 35.75555102959867], [139.91670157033187, 35.75571975888701], [139.91650595892995, 35.75587881074362], [139.91629757265432, 35.75602682800156], [139.91608219373055, 35.75616806297326], [139.91585645741247, 35.75629806589185], [139.91562158553003, 35.75641648667087], [139.91538094649275, 35.75652728270217]]}}, {"type": "Feature", "properties": {"id": "東京外環道-下り-3-14", "route": "東京外環道", "direction": "下り", "from": "道の駅いちかわ", "to": null, "grade": 0.0, "elevation_start": 0.0, "elevation_end": 0.0, "quality": "estimated", "structure": "tunnel", "chain_rank": 3, "cum_dist_start": 3500.0, "cum_dist_end": 3750.0, "anomaly": false}, "geometry": {"type": "LineString", "coordinates": [[139.91538094649275, 35.75652728270217], [139.915134355715, 35.756629104859925], [139.91488635624202, 35.756728507481746], [139.9146336427734, 35.75681981347511], [139.91437659866395, 35.75690268287119], [139.91411940303885, 35.75698525709697], [139.91386212529068, 35.757067650756994], [139.91360101286335, 35.75714161302535], [139.91333990043606, 35.7572155752937], [139.91307878800876, 35.75728953756205], [139.91281767558146, 35.757363499830404]]}}, {"type": "Feature", "properties": {"id": "東京外環道-下り-3-15", "route": "東京外環道", "direction": "下り", "from": "道の駅いちかわ", "to": null, "grade": 0.0, "elevation_start": 0.0, "elevation_end": 0.0, "quality": "estimated", "structure": "tunnel", "chain_rank": 3, "cum_dist_start": 3750.0, "cum_dist_end": 4000.0, "anomaly": false}, "geometry": {"type": "LineString", "coordinates": [[139.91281767558146, 35.757363499830404], [139.91255656315417, 35.75743746209876], [139.91229545072687, 35.75751142436712], [139.91203433829958, 35.75758538663547], [139.91177322587228, 35.75765934890382], [139.91151211344499, 35.757733311172174], [139.91125100101766, 35.75780727344053], [139.91098988859036, 35.757881235708886], [139.91072877616307, 35.75795519797724], [139.91046766373577, 35.75802916024559], [139.91020609465215, 35.758102024403904]]}}, {"type": "Feature", "properties": {"id": "東京外環道-下り-4-0", "route": "東京外環道", "direction": "下り", "from": null, "to": "松戸IC", "grade": 0.0, "elevation_start": 0.0, "elevation_end": 0.0, "quality": "estimated", "structure": "tunnel", "chain_rank": 4, "cum_dist_start": 0.0, "cum_dist_end": 250.0, "anomaly": false}, "geometry": {"type": "LineString", "coordinates": [[139.8960889, 35.7672078], [139.8962414867565, 35.76701990981291], [139.896394073513, 35.76683201962581], [139.8965466602695, 35.76664412943872], [139.896699247026, 35.766456239251625], [139.8968518337825, 35.766268349064525], [139.89700611933736, 35.766081404494386], [139.89716528170487, 35.76589717454705], [139.8973244440724, 35.76571294459971], [139.89748360643992, 35.76552871465238], [139.89764276880743, 35.76534448470505]]}}, {"type": "Feature", "properties": {"id": "東京外環道-下り-4-1", "route": "東京外環道", "direction": "下り", "from": null, "to": "松戸IC", "grade": 0.0, "elevation_start": 0.0, "elevation_end": 0.0, "quality": "estimated", "structure": "tunnel", "chain_rank": 4, "cum_dist_start": 250.0, "cum_dist_end": 500.0, "anomaly": false}, "geometry": {"type": "LineString", "coordinates": [[139.89764276880743, 35.76534448470505], [139.89780294822657, 35.76516085368964], [139.8979675188796, 35.7649798086298], [139.89813208953265, 35.764798763569964], [139.8982966601857, 35.764617718510124], [139.89846146276977, 35.764436814603926], [139.89862756441977, 35.76425670131167], [139.89880194654265, 35.76408201919921], [139.8989822912928, 35.76391124798671], [139.89917160321937, 35.76374721366988], [139.89936576579134, 35.76358682356508]]}}, {"type": "Feature", "properties": {"id": "東京外環道-下り-4-2", "route": "東京外環道", "direction": "下り", "from": null, "to": "松戸IC", "grade": 0.0, "elevation_start": 0.0, "elevation_end": 0.0, "quality": "estimated", "structure": "tunnel", "chain_rank": 4, "cum_dist_start": 500.0, "cum_dist_end": 750.0, "anomaly": false}, "geometry": {"type": "LineString", "coordinates": [[139.89936576579134, 35.76358682356508], [139.8995599283633, 35.76342643346027], [139.89975548334564, 35.763267201581314], [139.89995614622782, 35.76311221852275], [139.90015680911003, 35.762957235464185], [139.9003574719922, 35.76280225240563], [139.900558743503, 35.76264779597888], [139.90076022640247, 35.7624935224617], [139.90096170930195, 35.76233924894453], [139.9011635507201, 35.762185295929896], [139.9013705510553, 35.7620359547979]]}}, {"type": "Feature", "properties": {"id": "東京外環道-下り-4-3", "route": "東京外環道", "direction": "下り", "from": "松戸IC", "to": null, "grade": 0.0, "elevation_start": 0.0, "elevation_end": 0.0, "quality": "estimated", "structure": "tunnel", "chain_rank": 4, "cum_dist_start": 750.0, "cum_dist_end": 1000.0, "anomaly": false}, "geometry": {"type": "LineString", "coordinates": [[139.9013705510553, 35.7620359547979], [139.90157755139052, 35.76188661366591], [139.90178541077765, 35.76173808682814], [139.90199755771644, 35.76159362415513], [139.9022113746505, 35.76145089988428], [139.9024343214095, 35.7613176794174], [139.90266177256848, 35.76118964015453], [139.9028898595782, 35.76106233228154], [139.90311913911125, 35.760936501149935], [139.90335277184977, 35.76081606073786], [139.90358640458825, 35.760695620325784]]}}, {"type": "Feature", "properties": {"id": "東京外環道-下り-4-4", "route": "東京外環道", "direction": "下り", "from": "松戸IC", "to": null, "grade": 0.0, "elevation_start": 0.0, "elevation_end": 0.0, "quality": "estimated", "structure": "tunnel", "chain_rank": 4, "cum_dist_start": 1000.0, "cum_dist_end": 1250.0, "anomaly": false}, "geometry": {"type": "LineString", "coordinates": [[139.90358640458825, 35.760695620325784], [139.90382003732674, 35.76057517991371], [139.90405457870915, 35.76045592451811], [139.90428969112196, 35.76033741383712], [139.90452500018438, 35.76021917109921], [139.90476427656537, 35.76010633399369], [139.90500355294637, 35.75999349688818], [139.90524503408042, 35.75988386898694], [139.90548808324172, 35.7597765234818], [139.90573383655553, 35.759673455747595], [139.9059821422902, 35.759574425755986]]}}, {"type": "Feature", "properties": {"id": "東京外環道-上り-0-0", "route": "東京外環道", "direction": "上り", "from": null, "to": "三郷中央IC", "grade": 0.0, "elevation_start": 4.0, "elevation_end": 4.0, "quality": "estimated", "structure": "bridge", "chain_rank": 0, "cum_dist_start": 0.0, "cum_dist_end": 250.0, "anomaly": false}, "geometry": {"type": "LineString", "coordinates": [[139.8678703, 35.8286962], [139.86768679553825, 35.828864826493394], [139.86750329107653, 35.82903345298679], [139.8673197866148, 35.82920207948018], [139.86713552668544, 35.82937015716186], [139.8669505057619, 35.829537682017], [139.86676548483834, 35.82970520687213], [139.86657922267727, 35.829871812366285], [139.86639184235213, 35.83003758965765], [139.86620231660166, 35.83020173768873], [139.86601223709584, 35.83036546519175]]}}, {"type": "Feature", "properties": {"id": "東京外環道-上り-0-1", "route": "東京外環道", "direction": "上り", "from": "三郷中央IC", "to": "三郷IC東出口", "grade": 0.0, "elevation_start": 4.0, "elevation_end": 4.0, "quality": "estimated", "structure": "bridge", "chain_rank": 0, "cum_dist_start": 250.0, "cum_dist_end": 500.0, "anomaly": false}, "geometry": {"type": "LineString", "coordinates": [[139.86601223709584, 35.83036546519175], [139.86582215759003, 35.83052919269477], [139.86563038248602, 35.83069159681127], [139.8654375474808, 35.83085317297754], [139.86525266731925, 35.83102080347436], [139.86506778715773, 35.83118843397118], [139.86488282078938, 35.8313560003548], [139.86469447058334, 35.8315210501316], [139.86450612037729, 35.831686099908396], [139.86431777017125, 35.831851149685185], [139.86412483395313, 35.83201261962309]]}}, {"type": "Feature", "properties": {"id": "東京外環道-上り-0-2", "route": "東京外環道", "direction": "上り", "from": "三郷中央IC", "to": "三郷IC東出口", "grade": 0.0, "elevation_start": 4.0, "elevation_end": 4.0, "quality": "estimated", "structure": "bridge", "chain_rank": 0, "cum_dist_start": 500.0, "cum_dist_end": 750.0, "anomaly": false}, "geometry": {"type": "LineString", "coordinates": [[139.86412483395313, 35.83201261962309], [139.8639302641611, 35.83217281439396], [139.86373861093483, 35.83233531577465], [139.86354775485145, 35.832498447587774], [139.86335689876807, 35.83266157940089], [139.8631660426847, 35.83282471121401], [139.86297518660132, 35.832987843027134], [139.86278433051794, 35.83315097484025], [139.86259347443456, 35.833314106653376], [139.8624020449113, 35.83347679212167], [139.8622101177502, 35.8336390902467]]}}, {"type": "Feature", "properties": {"id": "東京外環道-上り-0-3", "route": "東京外環道", "direction": "上り", "from": "三郷IC東出口", "to": "三郷IC", "grade": -0.07, "elevation_start": 4.0, "elevation_end": 3.9, "quality": "estimated", "structure": "bridge", "chain_rank": 0, "cum_dist_start": 750.0, "cum_dist_end": 1000.0, "anomaly": false}, "geometry": {"type": "LineString", "coordinates": [[139.8622101177502, 35.8336390902467], [139.8620181905891, 35.83380138837172], [139.86182626342801, 35.833963686496745], [139.86163424224338, 35.83412591113292], [139.86144200482593, 35.83428796676136], [139.8612497674085, 35.8344500223898], [139.86105752999106, 35.834612078018246], [139.86086558755915, 35.83477436605005], [139.8606737169239, 35.83493671064663], [139.8604818462887, 35.83509905524322], [139.86029056357106, 35.83526185936343]]}}, {"type": "Feature", "properties": {"id": "東京外環道-上り-0-4", "route": "東京外環道", "direction": "上り", "from": "三郷IC", "to": "三郷JCT", "grade": -0.26, "elevation_start": 3.9, "elevation_end": 3.2, "quality": "estimated", "structure": "normal", "chain_rank": 0, "cum_dist_start": 1000.0, "cum_dist_end": 1250.0, "anomaly": false}, "geometry": {"type": "LineString", "coordinates": [[139.86029056357106, 35.83526185936343], [139.86009951080533, 35.83542484321691], [139.85990845803963, 35.83558782707039], [139.85971852897137, 35.83575167646607], [139.85952944951367, 35.83591618028505], [139.85934037005597, 35.83608068410403], [139.85915129059828, 35.83624518792301], [139.85896221114058, 35.83640969174199], [139.85877538021455, 35.83657588164658], [139.858589675821, 35.83674291629362], [139.85840460718708, 35.836910410094056]]}}, {"type": "Feature", "properties": {"id": "東京外環道-上り-0-5", "route": "東京外環道", "direction": "上り", "from": "三郷JCT", "to": "三郷IC西出口", "grade": 0.0, "elevation_start": 3.2, "elevation_end": 3.2, "quality": "estimated", "structure": "bridge", "chain_rank": 0, "cum_dist_start": 1250.0, "cum_dist_end": 1500.0, "anomaly": false}, "geometry": {"type": "LineString", "coordinates": [[139.85840460718708, 35.836910410094056], [139.8582231760276, 35.83708053092304], [139.85804174486813, 35.837250651752015], [139.85786031370867, 35.837420772581], [139.85767959229747, 35.83759138962949], [139.8575006510219, 35.83776325125734], [139.85732170974632, 35.837935112885205], [139.85714276847074, 35.83810697451307], [139.85696382719516, 35.83827883614092], [139.8567878518961, 35.83845269554588], [139.85661413881755, 35.83862807870278]]}}, {"type": "Feature", "properties": {"id": "東京外環道-上り-0-6", "route": "東京外環道", "direction": "上り", "from": "三郷IC西出口", "to": "外環三郷西IC", "grade": 0.0, "elevation_start": 3.2, "elevation_end": 3.2, "quality": "estimated", "structure": "bridge", "chain_rank": 0, "cum_dist_start": 1500.0, "cum_dist_end": 1750.0, "anomaly": false}, "geometry": {"type": "LineString", "coordinates": [[139.85661413881755, 35.83862807870278], [139.85644042573904, 35.838803461859676], [139.85626671266053, 35.83897884501658], [139.85609762087506, 35.83915714724704], [139.85593222671434, 35.83933778510922], [139.8557668325536, 35.8395184229714], [139.85560143839288, 35.83969906083358], [139.85543604423216, 35.83987969869575], [139.85527065007142, 35.84006033655793], [139.8551046900232, 35.840240627622684], [139.85493710108037, 35.84041992043866]]}}, {"type": "Feature", "properties": {"id": "東京外環道-上り-0-7", "route": "東京外環道", "direction": "上り", "from": "三郷IC西出口", "to": "外環三郷西IC", "grade": 0.0, "elevation_start": 3.2, "elevation_end": 3.2, "quality": "estimated", "structure": "bridge", "chain_rank": 0, "cum_dist_start": 1750.0, "cum_dist_end": 2000.0, "anomaly": false}, "geometry": {"type": "LineString", "coordinates": [[139.85493710108037, 35.84041992043866], [139.8547695121375, 35.84059921325465], [139.85460192319465, 35.84077850607063], [139.85443198594177, 35.84095630794132], [139.85425924350008, 35.841132328793755], [139.85408243840175, 35.84130563994805], [139.85390447424317, 35.8414781780359], [139.8537186208603, 35.84164510052341], [139.85353135104359, 35.84181095849075], [139.85333830327565, 35.84197238842277], [139.85314219241684, 35.842131308559914]]}}, {"type": "Feature", "properties": {"id": "東京外環道-上り-0-8", "route": "東京外環道", "direction": "上り", "from": "外環三郷西IC", "to": "草加", "grade": 0.0, "elevation_start": 3.2, "elevation_end": 3.2, "quality": "estimated", "structure": "bridge", "chain_rank": 0, "cum_dist_start": 2000.0, "cum_dist_end": 2250.0, "anomaly": false}, "geometry": {"type": "LineString", "coordinates": [[139.85314219241684, 35.842131308559914], [139.85294269932618, 35.8422874574087], [139.85273480428907, 35.84243609334057], [139.85252231907285, 35.842580230141266], [139.85229807856675, 35.84271225613701], [139.852071871969, 35.842842018303884], [139.8518431821094, 35.84296884432762], [139.85160998182656, 35.84309014577433], [139.85137074760974, 35.84320334714281], [139.85112864919245, 35.84331240802494], [139.8508839626121, 35.84341764755492]]}}, {"type": "Feature", "properties": {"id": "東京外環道-上り-0-9", "route": "東京外環道", "direction": "上り", "from": "外環三郷西IC", "to": "草加", "grade": 0.0, "elevation_start": 3.2, "elevation_end": 3.2, "quality": "estimated", "structure": "bridge", "chain_rank": 0, "cum_dist_start": 2250.0, "cum_dist_end": 2500.0, "anomaly": false}, "geometry": {"type": "LineString", "coordinates": [[139.8508839626121, 35.84341764755492], [139.85063532484568, 35.84351651442749], [139.8503853882935, 35.84361316550072], [139.85013033235035, 35.84370057462435], [139.84987306969242, 35.8437833721915], [139.8496126082912, 35.84385948507712], [139.84934835524462, 35.84392619091101], [139.84908314708775, 35.84399052712157], [139.84881411688426, 35.844043278781065], [139.84854412800567, 35.8440925108998], [139.848272633846, 35.84413613240381]]}}, {"type": "Feature", "properties": {"id": "東京外環道-上り-0-10", "route": "東京外環道", "direction": "上り", "from": "外環三郷西IC", "to": "草加", "grade": 0.0, "elevation_start": 3.2, "elevation_end": 3.2, "quality": "estimated", "structure": "bridge", "chain_rank": 0, "cum_dist_start": 2500.0, "cum_dist_end": 2750.0, "anomaly": false}, "geometry": {"type": "LineString", "coordinates": [[139.848272633846, 35.84413613240381], [139.84799932084306, 35.84417082576889], [139.8477249996281, 35.84420045396762], [139.84744996319768, 35.844225345157], [139.84717478094217, 35.844249078647955], [139.8468992628779, 35.844270146168775], [139.84662359712934, 35.84428979756715], [139.8463476593898, 35.84430684088534], [139.8460717216503, 35.84432388420353], [139.84579585953395, 35.84434170949758], [139.84552005997372, 35.84436018164796]]}}, {"type": "Feature", "properties": {"id": "東京外環道-上り-0-11", "route": "東京外環道", "direction": "上り", "from": "外環三郷西IC", "to": "草加", "grade": 0.0, "elevation_start": 3.2, "elevation_end": 3.2, "quality": "estimated", "structure": "bridge", "chain_rank": 0, "cum_dist_start": 2750.0, "cum_dist_end": 3000.0, "anomaly": false}, "geometry": {"type": "LineString", "coordinates": [[139.84552005997372, 35.84436018164796], [139.84524426041347, 35.84437865379834], [139.84496846085324, 35.84439712594871], [139.84469266129298, 35.84441559809909], [139.84441686173275, 35.84443407024947], [139.8441410621725, 35.84445254239985], [139.84386526261227, 35.84447101455023], [139.843589463052, 35.84448948670061], [139.84331366349178, 35.84450795885098], [139.84303786393153, 35.84452643100136], [139.84276206437127, 35.84454490315174]]}}, {"type": "Feature", "properties": {"id": "東京外環道-上り-0-12", "route": "東京外環道", "direction": "上り", "from": "外環三郷西IC", "to": "草加", "grade": 0.0, "elevation_start": 3.2, "elevation_end": 3.2, "quality": "estimated", "structure": "bridge", "chain_rank": 0, "cum_dist_start": 3000.0, "cum_dist_end": 3250.0, "anomaly": false}, "geometry": {"type": "LineString", "coordinates": [[139.84276206437127, 35.84454490315174], [139.84248626481104, 35.84456337530212], [139.8422104652508, 35.8445818474525], [139.84193466569056, 35.84460031960288], [139.84165902919784, 35.84462030150266], [139.84138351136954, 35.84464138204824], [139.84110852875125, 35.84466640737056], [139.84083400387576, 35.84469480649561], [139.84056127329075, 35.84473272989337], [139.84028903869702, 35.844773112905685], [139.84001986272708, 35.84482540612027]]}}, {"type": "Feature", "properties": {"id": "東京外環道-上り-0-13", "route": "東京外環道", "direction": "上り", "from": "外環三郷西IC", "to": "草加", "grade": 0.0, "elevation_start": 3.2, "elevation_end": 3.2, "quality": "estimated", "structure": "bridge", "chain_rank": 0, "cum_dist_start": 3250.0, "cum_dist_end": 3500.0, "anomaly": false}, "geometry": {"type": "LineString", "coordinates": [[139.84001986272708, 35.84482540612027], [139.83975179566713, 35.84488102642334], [139.83948708057687, 35.84494670371901], [139.83922400189735, 35.8450165468703], [139.83896251266546, 35.84509014698761], [139.83870537775434, 35.84517343000372], [139.8384502944577, 35.845260630906154], [139.83819846375715, 35.84535404316166], [139.83795332820773, 35.84545834703855], [139.83771167004628, 35.845568116150574], [139.83747220935254, 35.845681002777056]]}}, {"type": "Feature", "properties": {"id": "東京外環道-上り-0-14", "route": "東京外環道", "direction": "上り", "from": "外環三郷西IC", "to": "草加", "grade": 0.0, "elevation_start": 3.2, "elevation_end": 3.2, "quality": "estimated", "structure": "bridge", "chain_rank": 0, "cum_dist_start": 3500.0, "cum_dist_end": 3750.0, "anomaly": false}, "geometry": {"type": "LineString", "coordinates": [[139.83747220935254, 35.845681002777056], [139.83723925188607, 35.84580262338543], [139.8370062944196, 35.84592424399381], [139.83677356721287, 35.84604615767166], [139.83654084734383, 35.8461680806888], [139.8363081274748, 35.84629000370593], [139.8360772758612, 35.84641423181327], [139.8358481025429, 35.84654053063442], [139.83561827698074, 35.84666604265551], [139.83538843025443, 35.84679152914638], [139.83515858352814, 35.84691701563725]]}}, {"type": "Feature", "properties": {"id": "東京外環道-上り-0-15", "route": "東京外環道", "direction": "上り", "from": "外環三郷西IC", "to": "草加", "grade": 0.0, "elevation_start": 3.2, "elevation_end": 3.2, "quality": "estimated", "structure": "bridge", "chain_rank": 0, "cum_dist_start": 3750.0, "cum_dist_end": 4000.0, "anomaly": false}, "geometry": {"type": "LineString", "coordinates": [[139.83515858352814, 35.84691701563725], [139.83492873680183, 35.847042502128126], [139.83469889007554, 35.847167988619], [139.83446563760964, 35.84728920837219], [139.83423140193514, 35.847409196353844], [139.83399710464403, 35.84752910482026], [139.83376263853765, 35.84764879543334], [139.83352817243124, 35.847768486046405], [139.83329370632484, 35.84788817665948], [139.8330578277625, 35.84800601232092], [139.8328205590652, 35.84812196920866]]}}, {"type": "Feature", "properties": {"id": "東京外環道-上り-0-16", "route": "東京外環道", "direction": "上り", "from": "外環三郷西IC", "to": "草加", "grade": 0.0, "elevation_start": 3.2, "elevation_end": 3.2, "quality": "estimated", "structure": "bridge", "chain_rank": 0, "cum_dist_start": 4000.0, "cum_dist_end": 4250.0, "anomaly": false}, "geometry": {"type": "LineString", "coordinates": [[139.8328205590652, 35.84812196920866], [139.832582061945, 35.84823626066077], [139.8323420686495, 35.848348405923126], [139.83209924811803, 35.84845649565488], [139.83185572313235, 35.84856352368386], [139.8316115228105, 35.84866953389466], [139.83136445589858, 35.84877091039156], [139.83111444999818, 35.84886753614573], [139.83086144676577, 35.84895882127327], [139.83060638419653, 35.8490462160476], [139.83034986351043, 35.84913074533258]]}}, {"type": "Feature", "properties": {"id": "東京外環道-上り-0-17", "route": "東京外環道", "direction": "上り", "from": "外環三郷西IC", "to": "草加", "grade": 0.0, "elevation_start": 3.2, "elevation_end": 3.2, "quality": "estimated", "structure": "bridge", "chain_rank": 0, "cum_dist_start": 4250.0, "cum_dist_end": 4500.0, "anomaly": false}, "geometry": {"type": "LineString", "coordinates": [[139.83034986351043, 35.84913074533258], [139.8300916680143, 35.84921184413465], [139.82983250696853, 35.8492908799488], [139.82957175721685, 35.849366367215154], [139.82930907214362, 35.84943726930513], [139.82904337815935, 35.84950031443355], [139.82877738884562, 35.8495624880788], [139.8285095692889, 35.84961926088806], [139.82824118517829, 35.849674148242016], [139.82797131547886, 35.84972407413641], [139.82770041893406, 35.84977009999752]]}}, {"type": "Feature", "properties": {"id": "東京外環道-上り-0-18", "route": "東京外環道", "direction": "上り", "from": "外環三郷西IC", "to": "草加", "grade": 0.0, "elevation_start": 3.2, "elevation_end": 3.2, "quality": "estimated", "structure": "bridge", "chain_rank": 0, "cum_dist_start": 4500.0, "cum_dist_end": 4750.0, "anomaly": false}, "geometry": {"type": "LineString", "coordinates": [[139.82770041893406, 35.84977009999752], [139.82742876654447, 35.84981310188564], [139.8271565566016, 35.849853745275425], [139.82688346066922, 35.84989021060948], [139.8266098454406, 35.8499239001594], [139.82633556939487, 35.849953960453554], [139.82606061986996, 35.84997954350109], [139.82578545922564, 35.850003603063676], [139.82550979634237, 35.85002355804155], [139.82523384595214, 35.850040412133666], [139.8249576267628, 35.850054367112484]]}}, {"type": "Feature", "properties": {"id": "東京外環道-上り-0-19", "route": "東京外環道", "direction": "上り", "from": "外環三郷西IC", "to": "草加", "grade": 0.0, "elevation_start": 3.2, "elevation_end": 3.2, "quality": "estimated", "structure": "bridge", "chain_rank": 0, "cum_dist_start": 4750.0, "cum_dist_end": 5000.0, "anomaly": false}, "geometry": {"type": "LineString", "coordinates": [[139.8249576267628, 35.850054367112484], [139.8246812650769, 35.85006610087951], [139.8244047627046, 35.85007564165147], [139.82412820974605, 35.85008390792121], [139.8238515274499, 35.85008891557773], [139.82357484515376, 35.85009392323425], [139.82329812286457, 35.850096081600576], [139.82302137475924, 35.85009582602217], [139.82274464085873, 35.85009334569272], [139.82246790695822, 35.85009086536326], [139.82219116908269, 35.850088716141485]]}}, {"type": "Feature", "properties": {"id": "東京外環道-上り-0-20", "route": "東京外環道", "direction": "上り", "from": "外環三郷西IC", "to": "草加", "grade": 0.0, "elevation_start": 3.2, "elevation_end": 3.2, "quality": "estimated", "structure": "bridge", "chain_rank": 0, "cum_dist_start": 5000.0, "cum_dist_end": 5250.0, "anomaly": false}, "geometry": {"type": "LineString", "coordinates": [[139.82219116908269, 35.850088716141485], [139.82191442867418, 35.850086777907386], [139.82163768826567, 35.85008483967328], [139.8213609611323, 35.8500859918921], [139.8210842441457, 35.85008950626572], [139.8208075335632, 35.85009324295286], [139.82053091858242, 35.850100298366655], [139.82025430360164, 35.85010735378045], [139.819977915877, 35.850118597026324], [139.8197016147199, 35.850131435521924], [139.81942531356276, 35.85014427401752]]}}, {"type": "Feature", "properties": {"id": "東京外環道-上り-0-21", "route": "東京外環道", "direction": "上り", "from": "外環三郷西IC", "to": "草加", "grade": 0.0, "elevation_start": 3.2, "elevation_end": 3.2, "quality": "estimated", "structure": "bridge", "chain_rank": 0, "cum_dist_start": 5250.0, "cum_dist_end": 5500.0, "anomaly": false}, "geometry": {"type": "LineString", "coordinates": [[139.81942531356276, 35.85014427401752], [139.81914929147376, 35.85016040601129], [139.81887344312028, 35.8501785883921], [139.8185975947668, 35.850196770772904], [139.81832235592177, 35.85022028196846], [139.81804712831658, 35.85024389143182], [139.8177721463299, 35.8502692226263], [139.81749760087897, 35.85029761383875], [139.81722326746075, 35.85032726968245], [139.8169494298087, 35.85035988243501], [139.81667559215663, 35.850392495187556]]}}, {"type": "Feature", "properties": {"id": "東京外環道-上り-0-22", "route": "東京外環道", "direction": "上り", "from": "外環三郷西IC", "to": "草加", "grade": 0.0, "elevation_start": 3.2, "elevation_end": 3.2, "quality": "estimated", "structure": "bridge", "chain_rank": 0, "cum_dist_start": 5500.0, "cum_dist_end": 5750.0, "anomaly": false}, "geometry": {"type": "LineString", "coordinates": [[139.81667559215663, 35.850392495187556], [139.81640175450457, 35.85042510794011], [139.81612791685248, 35.85045772069267], [139.81585407920042, 35.850490333445215], [139.81558024154836, 35.85052294619777], [139.8153064038963, 35.85055555895032], [139.81503256624424, 35.850588171702874], [139.81475872859218, 35.85062078445543], [139.81448489094012, 35.85065339720798], [139.8142110693361, 35.85068610065467], [139.81393727922014, 35.85071898205354]]}}, {"type": "Feature", "properties": {"id": "東京外環道-上り-0-23", "route": "東京外環道", "direction": "上り", "from": "外環三郷西IC", "to": "草加", "grade": 0.0, "elevation_start": 3.2, "elevation_end": 3.2, "quality": "estimated", "structure": "bridge", "chain_rank": 0, "cum_dist_start": 5750.0, "cum_dist_end": 6000.0, "anomaly": false}, "geometry": {"type": "LineString", "coordinates": [[139.81393727922014, 35.85071898205354], [139.8136634891042, 35.850751863452416], [139.81338969898823, 35.85078474485129], [139.8131159088723, 35.85081762625016], [139.81284211875635, 35.850850507649035], [139.81256834522455, 35.85088348236765], [139.81229458185382, 35.85091651426318], [139.81202081848312, 35.850949546158716], [139.8117470551124, 35.85098257805425], [139.8114732917417, 35.85101560994978], [139.8111995997965, 35.85104903399002]]}}, {"type": "Feature", "properties": {"id": "東京外環道-上り-0-24", "route": "東京外環道", "direction": "上り", "from": "外環三郷西IC", "to": "草加", "grade": 0.0, "elevation_start": 3.2, "elevation_end": 3.2, "quality": "estimated", "structure": "bridge", "chain_rank": 0, "cum_dist_start": 6000.0, "cum_dist_end": 6250.0, "anomaly": false}, "geometry": {"type": "LineString", "coordinates": [[139.8111995997965, 35.85104903399002], [139.81092591075418, 35.851082473967786], [139.81065216491058, 35.85111559128278], [139.81037795028382, 35.851146045649465], [139.81010373565707, 35.85117650001615], [139.8098296225132, 35.851207552547706], [139.80955539865016, 35.851237850681244], [139.80928023625546, 35.85126198546915], [139.80900481915097, 35.851284042800636], [139.80872922445974, 35.85130465170502], [139.80845344251716, 35.85132351010458]]}}, {"type": "Feature", "properties": {"id": "東京外環道-上り-0-25", "route": "東京外環道", "direction": "上り", "from": "外環三郷西IC", "to": "草加", "grade": 0.0, "elevation_start": 3.2, "elevation_end": 3.2, "quality": "estimated", "structure": "bridge", "chain_rank": 0, "cum_dist_start": 6250.0, "cum_dist_end": 6500.0, "anomaly": false}, "geometry": {"type": "LineString", "coordinates": [[139.80845344251716, 35.85132351010458], [139.80817743955748, 35.85134002613436], [139.8079011502128, 35.85135266362613], [139.8076245796224, 35.851360888950545], [139.80734796469054, 35.851367539487725], [139.80707122159527, 35.85136963829776], [139.80679453301252, 35.851366851097175], [139.80651788240024, 35.85136066056642], [139.80624145823228, 35.85134972866529], [139.80596522424395, 35.85133623198153], [139.805689306587, 35.851318718712015]]}}, {"type": "Feature", "properties": {"id": "東京外環道-上り-0-26", "route": "東京外環道", "direction": "上り", "from": "外環三郷西IC", "to": "草加", "grade": 0.0, "elevation_start": 3.2, "elevation_end": 3.2, "quality": "estimated", "structure": "bridge", "chain_rank": 0, "cum_dist_start": 6500.0, "cum_dist_end": 6750.0, "anomaly": false}, "geometry": {"type": "LineString", "coordinates": [[139.805689306587, 35.851318718712015], [139.8054139174868, 35.85129672231986], [139.8051389449217, 35.85127119295211], [139.80486442664565, 35.85124268162346], [139.80459024523967, 35.85121209171232], [139.80431710627496, 35.85117579087637], [139.80404422989224, 35.85113825488521], [139.80377198932348, 35.85109772809849], [139.80350030190453, 35.85105486346629], [139.803229044611, 35.851010180942005], [139.80295842472916, 35.85096310984192]]}}, {"type": "Feature", "properties": {"id": "東京外環道-上り-0-27", "route": "東京外環道", "direction": "上り", "from": "外環三郷西IC", "to": "草加", "grade": 0.0, "elevation_start": 3.2, "elevation_end": 3.2, "quality": "estimated", "structure": "bridge", "chain_rank": 0, "cum_dist_start": 6750.0, "cum_dist_end": 7000.0, "anomaly": false}, "geometry": {"type": "LineString", "coordinates": [[139.80295842472916, 35.85096310984192], [139.80268884264225, 35.85091214980802], [139.80241922910653, 35.850861301006105], [139.80214956529525, 35.85081063002475], [139.80187990148397, 35.8507599590434], [139.8016102376727, 35.85070928806205], [139.8013408908634, 35.85065751433133], [139.80107156251208, 35.85060567639121], [139.80080223416073, 35.8505538384511], [139.8005329321944, 35.850501910732575], [139.8002636994929, 35.85044974733135]]}}, {"type": "Feature", "properties": {"id": "東京外環道-上り-0-28", "route": "東京外環道", "direction": "上り", "from": "外環三郷西IC", "to": "草加", "grade": 0.0, "elevation_start": 3.2, "elevation_end": 3.2, "quality": "estimated", "structure": "bridge", "chain_rank": 0, "cum_dist_start": 7000.0, "cum_dist_end": 7250.0, "anomaly": false}, "geometry": {"type": "LineString", "coordinates": [[139.8002636994929, 35.85044974733135], [139.7999944667914, 35.85039758393013], [139.7997252340899, 35.85034542052891], [139.7994560013884, 35.85029325712769], [139.7991867686869, 35.85024109372647], [139.79891743365587, 35.85018928448145], [139.79864800592628, 35.850137796060565], [139.7983785781967, 35.85008630763968], [139.79810915046707, 35.850034819218784], [139.79783972273748, 35.8499833307979], [139.79757015165956, 35.84993234502423]]}}, {"type": "Feature", "properties": {"id": "東京外環道-上り-0-29", "route": "東京外環道", "direction": "上り", "from": "外環三郷西IC", "to": "草加", "grade": 0.0, "elevation_start": 3.2, "elevation_end": 3.2, "quality": "estimated", "structure": "bridge", "chain_rank": 0, "cum_dist_start": 7250.0, "cum_dist_end": 7500.0, "anomaly": false}, "geometry": {"type": "LineString", "coordinates": [[139.79757015165956, 35.84993234502423], [139.79730051980206, 35.84988157237251], [139.79703088794457, 35.84983079972079], [139.79676129724777, 35.84977988425511], [139.7964919933141, 35.849727973815526], [139.79622268938044, 35.84967606337594], [139.79595338544678, 35.84962415293635], [139.79568408151312, 35.84957224249676], [139.79541477757948, 35.849520332057175], [139.79514547364582, 35.84946842161759], [139.79487580966682, 35.84941777339891]]}}, {"type": "Feature", "properties": {"id": "東京外環道-上り-0-30", "route": "東京外環道", "direction": "上り", "from": "外環三郷西IC", "to": "草加", "grade": 0.0, "elevation_start": 3.2, "elevation_end": 3.2, "quality": "estimated", "structure": "bridge", "chain_rank": 0, "cum_dist_start": 7500.0, "cum_dist_end": 7750.0, "anomaly": false}, "geometry": {"type": "LineString", "coordinates": [[139.79487580966682, 35.84941777339891], [139.79460639065073, 35.84936626685322], [139.79433701813682, 35.849314597337006], [139.79406764562293, 35.849262927820796], [139.79379827310902, 35.849211258304585], [139.79352890059513, 35.84915958878838], [139.79325952808125, 35.84910791927217], [139.79299015556734, 35.84905624975596], [139.79272068596939, 35.849004921680205], [139.79245120767075, 35.84895362420432], [139.79218172937215, 35.84890232672844]]}}, {"type": "Feature", "properties": {"id": "東京外環道-上り-0-31", "route": "東京外環道", "direction": "上り", "from": "外環三郷西IC", "to": "草加", "grade": 0.0, "elevation_start": 3.2, "elevation_end": 3.2, "quality": "estimated", "structure": "bridge", "chain_rank": 0, "cum_dist_start": 7750.0, "cum_dist_end": 8000.0, "anomaly": false}, "geometry": {"type": "LineString", "coordinates": [[139.79218172937215, 35.84890232672844], [139.7919122510735, 35.84885102925256], [139.79164277277488, 35.84879973177668], [139.79137329447624, 35.848748434300795], [139.79110381617764, 35.84869713682492], [139.790834337879, 35.84864583934903], [139.79056485958037, 35.848594541873155], [139.7902953749538, 35.84854326695479], [139.79002531241196, 35.8484940521608], [139.78975524987013, 35.84844483736681], [139.7894849399603, 35.848396558040086]]}}, {"type": "Feature", "properties": {"id": "東京外環道-上り-0-32", "route": "東京外環道", "direction": "上り", "from": "外環三郷西IC", "to": "草加", "grade": 0.0, "elevation_start": 3.2, "elevation_end": 3.2, "quality": "estimated", "structure": "bridge", "chain_rank": 0, "cum_dist_start": 8000.0, "cum_dist_end": 8250.0, "anomaly": false}, "geometry": {"type": "LineString", "coordinates": [[139.7894849399603, 35.848396558040086], [139.7892139393154, 35.848350890854405], [139.78894293867054, 35.84830522366873], [139.78867124281564, 35.84826246142639], [139.7883990136892, 35.84822192746569], [139.78812651549208, 35.84818269825367], [139.7878529573574, 35.848148608777734], [139.78757922478613, 35.84811553035299], [139.78730471986975, 35.84808692851623], [139.78702982872647, 35.848061026062986], [139.7867546005359, 35.8480374792715]]}}, {"type": "Feature", "properties": {"id": "東京外環道-上り-0-33", "route": "東京外環道", "direction": "上り", "from": "外環三郷西IC", "to": "草加", "grade": 0.0, "elevation_start": 3.2, "elevation_end": 3.2, "quality": "estimated", "structure": "bridge", "chain_rank": 0, "cum_dist_start": 8250.0, "cum_dist_end": 8500.0, "anomaly": false}, "geometry": {"type": "LineString", "coordinates": [[139.7867546005359, 35.8480374792715], [139.7864790060457, 35.84801703249089], [139.78620325534519, 35.847998043861146], [139.78592706445767, 35.847983814109334], [139.7856508658383, 35.847969708220596], [139.7853743263852, 35.84796106244702], [139.78509772971276, 35.84795394936605], [139.7848210559503, 35.847948901240684], [139.78454432804818, 35.84794801662468], [139.7842675850403, 35.84794829369093], [139.78399087225188, 35.847951019839705]]}}, {"type": "Feature", "properties": {"id": "東京外環道-上り-0-34", "route": "東京外環道", "direction": "上り", "from": "外環三郷西IC", "to": "草加", "grade": 0.0, "elevation_start": 3.2, "elevation_end": 3.2, "quality": "estimated", "structure": "bridge", "chain_rank": 0, "cum_dist_start": 8500.0, "cum_dist_end": 8750.0, "anomaly": false}, "geometry": {"type": "LineString", "coordinates": [[139.78399087225188, 35.847951019839705], [139.78371417827728, 35.84795527072479], [139.78343769677176, 35.847964727119034], [139.7831612667611, 35.84797544514153], [139.78288483675047, 35.84798616316403], [139.78260858217953, 35.84799950654762], [139.7823323569754, 35.8480132893896], [139.78205613177124, 35.84802707223158], [139.7817799065671, 35.848040855073556], [139.78150368136295, 35.84805463791553], [139.78122750792286, 35.848069095302044]]}}, {"type": "Feature", "properties": {"id": "東京外環道-上り-0-35", "route": "東京外環道", "direction": "上り", "from": "草加", "to": "道の駅 川口・あんぎょう", "grade": 0.0, "elevation_start": 3.2, "elevation_end": 3.2, "quality": "estimated", "structure": "bridge", "chain_rank": 0, "cum_dist_start": 8750.0, "cum_dist_end": 9000.0, "anomaly": false}, "geometry": {"type": "LineString", "coordinates": [[139.78122750792286, 35.848069095302044], [139.78095133836723, 35.84808360330715], [139.7806751688116, 35.84809811131226], [139.78039899925594, 35.84811261931737], [139.7801228297003, 35.84812712732248], [139.77984666014464, 35.848141635327586], [139.779570490589, 35.848156143332695], [139.77929432103335, 35.8481706513378], [139.77901815147771, 35.84818515934292], [139.77874198192205, 35.84819966734803], [139.77846575875932, 35.848213465997624]]}}, {"type": "Feature", "properties": {"id": "東京外環道-上り-0-36", "route": "東京外環道", "direction": "上り", "from": "草加", "to": "道の駅 川口・あんぎょう", "grade": 0.0, "elevation_start": 3.2, "elevation_end": 3.2, "quality": "estimated", "structure": "bridge", "chain_rank": 0, "cum_dist_start": 9000.0, "cum_dist_end": 9250.0, "anomaly": false}, "geometry": {"type": "LineString", "coordinates": [[139.77846575875932, 35.848213465997624], [139.77818948081426, 35.84822653974114], [139.77791320286923, 35.84823961348466], [139.77763692492417, 35.848252687228175], [139.77736065628716, 35.848265888028195], [139.77708443738734, 35.84827976775279], [139.77680821848753, 35.84829364747739], [139.77653199958772, 35.84830752720199], [139.77625578068793, 35.84832140692659], [139.77597956178812, 35.84833528665118], [139.7757033428883, 35.848349166375776]]}}, {"type": "Feature", "properties": {"id": "東京外環道-上り-0-37", "route": "東京外環道", "direction": "上り", "from": "草加", "to": "道の駅 川口・あんぎょう", "grade": 0.0, "elevation_start": 3.2, "elevation_end": 3.2, "quality": "estimated", "structure": "bridge", "chain_rank": 0, "cum_dist_start": 9250.0, "cum_dist_end": 9500.0, "anomaly": false}, "geometry": {"type": "LineString", "coordinates": [[139.7757033428883, 35.848349166375776], [139.7754271239885, 35.848363046100374], [139.77515100165877, 35.84837814323581], [139.77487489150352, 35.848393393848546], [139.77459878134826, 35.84840864446128], [139.774322671193, 35.84842389507401], [139.77404656103772, 35.84843914568675], [139.77377045088247, 35.84845439629948], [139.77349452282095, 35.84847169085757], [139.77321860488954, 35.84848909912301], [139.77294268695815, 35.848506507388436]]}}, {"type": "Feature", "properties": {"id": "東京外環道-上り-0-38", "route": "東京外環道", "direction": "上り", "from": "草加", "to": "道の駅 川口・あんぎょう", "grade": 0.0, "elevation_start": 3.2, "elevation_end": 3.2, "quality": "estimated", "structure": "bridge", "chain_rank": 0, "cum_dist_start": 9500.0, "cum_dist_end": 9750.0, "anomaly": false}, "geometry": {"type": "LineString", "coordinates": [[139.77294268695815, 35.848506507388436], [139.77266676902673, 35.848523915653864], [139.7723908510953, 35.8485413239193], [139.77211493316392, 35.84855873218473], [139.77183916382538, 35.84857757035104], [139.77156358007923, 35.84859819446227], [139.7712879963331, 35.8486188185735], [139.7710124125869, 35.84863944268473], [139.77073682884077, 35.84866006679596], [139.7704613681122, 35.84868165679287], [139.77018645363285, 35.84870753572383]]}}, {"type": "Feature", "properties": {"id": "東京外環道-上り-0-39", "route": "東京外環道", "direction": "上り", "from": "草加", "to": "道の駅 川口・あんぎょう", "grade": 0.0, "elevation_start": 3.2, "elevation_end": 3.2, "quality": "estimated", "structure": "bridge", "chain_rank": 0, "cum_dist_start": 9750.0, "cum_dist_end": 10000.0, "anomaly": false}, "geometry": {"type": "LineString", "coordinates": [[139.77018645363285, 35.84870753572383], [139.7699115391535, 35.848733414654795], [139.76963662467415, 35.84875929358575], [139.76936171019477, 35.84878517251671], [139.7690868411208, 35.848811353384285], [139.76881238718113, 35.84884029481063], [139.76853793324142, 35.84886923623698], [139.76826347930174, 35.84889817766332], [139.76798902536203, 35.84892711908967], [139.76771457142235, 35.84895606051602], [139.76744031964577, 35.84898622909229]]}}, {"type": "Feature", "properties": {"id": "東京外環道-上り-0-40", "route": "東京外環道", "direction": "上り", "from": "草加", "to": "道の駅 川口・あんぎょう", "grade": 0.0, "elevation_start": 3.2, "elevation_end": 3.2, "quality": "estimated", "structure": "bridge", "chain_rank": 0, "cum_dist_start": 10000.0, "cum_dist_end": 10250.0, "anomaly": false}, "geometry": {"type": "LineString", "coordinates": [[139.76744031964577, 35.84898622909229], [139.7671662118728, 35.84901727178419], [139.7668921040998, 35.84904831447609], [139.76661799632683, 35.84907935716799], [139.76634435445212, 35.84911299894184], [139.76607079451298, 35.84914709780528], [139.76579723457382, 35.84918119666872], [139.7655236746347, 35.849215295532154], [139.76525011469553, 35.84924939439559], [139.7649765547564, 35.84928349325903], [139.76470328860623, 35.849319062517836]]}}, {"type": "Feature", "properties": {"id": "東京外環道-上り-0-41", "route": "東京外環道", "direction": "上り", "from": "道の駅 川口・あんぎょう", "to": "川口東", "grade": 0.0, "elevation_start": 3.2, "elevation_end": 3.2, "quality": "estimated", "structure": "bridge", "chain_rank": 0, "cum_dist_start": 10250.0, "cum_dist_end": 10500.0, "anomaly": false}, "geometry": {"type": "LineString", "coordinates": [[139.76470328860623, 35.849319062517836], [139.76443057106258, 35.849357377517705], [139.7641578535189, 35.84939569251758], [139.76388513597524, 35.84943400751746], [139.76361241843156, 35.849472322517336], [139.7633397008879, 35.84951063751721], [139.76306735878185, 35.84955061629042], [139.762795734937, 35.8495937780793], [139.7625241110921, 35.849636939868184], [139.76225248724722, 35.84968010165707], [139.76198086340236, 35.84972326344595]]}}, {"type": "Feature", "properties": {"id": "東京外環道-上り-0-42", "route": "東京外環道", "direction": "上り", "from": "道の駅 川口・あんぎょう", "to": "川口東", "grade": 0.0, "elevation_start": 3.2, "elevation_end": 3.2, "quality": "estimated", "structure": "bridge", "chain_rank": 0, "cum_dist_start": 10500.0, "cum_dist_end": 10750.0, "anomaly": false}, "geometry": {"type": "LineString", "coordinates": [[139.76198086340236, 35.84972326344595], [139.76170923955746, 35.84976642523483], [139.76143818010834, 35.8498118785529], [139.76116714344298, 35.84985742437635], [139.76089610677758, 35.84990297019981], [139.7606250701122, 35.84994851602327], [139.7603541299151, 35.84999442596853], [139.76008414896518, 35.850043956616254], [139.75981416801525, 35.85009348726397], [139.75954418706533, 35.850143017911684], [139.7592742061154, 35.850192548559406]]}}, {"type": "Feature", "properties": {"id": "東京外環道-上り-0-43", "route": "東京外環道", "direction": "上り", "from": "道の駅 川口・あんぎょう", "to": "川口東", "grade": 0.0, "elevation_start": 3.2, "elevation_end": 3.2, "quality": "estimated", "structure": "bridge", "chain_rank": 0, "cum_dist_start": 10750.0, "cum_dist_end": 11000.0, "anomaly": false}, "geometry": {"type": "LineString", "coordinates": [[139.7592742061154, 35.850192548559406], [139.7590044099169, 35.850242726152], [139.75873531061995, 35.85029534408742], [139.75846621132297, 35.85034796202285], [139.758197112026, 35.850400579958276], [139.75792801272905, 35.85045319789371], [139.75765891343207, 35.85050581582914], [139.75738993714796, 35.850558845606734], [139.75712126839397, 35.85061290498317], [139.75685259964, 35.85066696435962], [139.75658393088605, 35.85072102373606]]}}, {"type": "Feature", "properties": {"id": "東京外環道-上り-0-44", "route": "東京外環道", "direction": "上り", "from": "道の駅 川口・あんぎょう", "to": "川口東", "grade": 0.0, "elevation_start": 3.2, "elevation_end": 3.2, "quality": "estimated", "structure": "bridge", "chain_rank": 0, "cum_dist_start": 11000.0, "cum_dist_end": 11250.0, "anomaly": false}, "geometry": {"type": "LineString", "coordinates": [[139.75658393088605, 35.85072102373606], [139.75631529511313, 35.85077519365023], [139.7560466761853, 35.85082942002168], [139.75577805725746, 35.85088364639313], [139.75550943832963, 35.850937872764575], [139.75524081940182, 35.85099209913602], [139.754972200474, 35.85104632550747], [139.75470358154615, 35.851100551878915], [139.7544352579996, 35.85115574168392], [139.75416698369432, 35.851211092097365], [139.75389870938906, 35.85126644251082]]}}, {"type": "Feature", "properties": {"id": "東京外環道-上り-0-45", "route": "東京外環道", "direction": "上り", "from": "道の駅 川口・あんぎょう", "to": "川口東", "grade": 0.0, "elevation_start": 3.2, "elevation_end": 3.2, "quality": "estimated", "structure": "bridge", "chain_rank": 0, "cum_dist_start": 11250.0, "cum_dist_end": 11500.0, "anomaly": false}, "geometry": {"type": "LineString", "coordinates": [[139.75389870938906, 35.85126644251082], [139.7536304350838, 35.85132179292427], [139.75336216077855, 35.85137714333772], [139.7530938864733, 35.85143249375117], [139.75282561216804, 35.85148784416462], [139.75255733786278, 35.85154319457807], [139.75228906355753, 35.851598544991525], [139.7520205768034, 35.8516532053019], [139.75175184839702, 35.85170708064706], [139.75148311999064, 35.851760955992226], [139.75121439158426, 35.85181483133739]]}}, {"type": "Feature", "properties": {"id": "東京外環道-上り-0-46", "route": "東京外環道", "direction": "上り", "from": "道の駅 川口・あんぎょう", "to": "川口東", "grade": 0.0, "elevation_start": 3.2, "elevation_end": 3.2, "quality": "estimated", "structure": "bridge", "chain_rank": 0, "cum_dist_start": 11500.0, "cum_dist_end": 11750.0, "anomaly": false}, "geometry": {"type": "LineString", "coordinates": [[139.75121439158426, 35.85181483133739], [139.75094566317787, 35.85186870668255], [139.7506769347715, 35.85192258202772], [139.7504078555645, 35.85197525068697], [139.75013795015954, 35.85202507738604], [139.7498680447546, 35.8520749040851], [139.74959813934964, 35.85212473078417], [139.7493282339447, 35.85217455748324], [139.7490578702107, 35.85222269489474], [139.74878727244285, 35.85226996971539], [139.74851667467502, 35.85231724453603]]}}, {"type": "Feature", "properties": {"id": "東京外環道-上り-0-47", "route": "東京外環道", "direction": "上り", "from": "川口東", "to": "川口JCT", "grade": 0.0, "elevation_start": 3.2, "elevation_end": 3.2, "quality": "estimated", "structure": "bridge", "chain_rank": 0, "cum_dist_start": 11750.0, "cum_dist_end": 12000.0, "anomaly": false}, "geometry": {"type": "LineString", "coordinates": [[139.74851667467502, 35.85231724453603], [139.74824589056234, 35.85236377249877], [139.74797407254485, 35.852406156637976], [139.74770225452733, 35.85244854077718], [139.74743043650983, 35.85249092491639], [139.74715792773375, 35.85253016635839], [139.74688491516972, 35.852567115750624], [139.7466119026057, 35.852604065142856], [139.74633889004167, 35.85264101453509], [139.74606587747763, 35.85267796392732], [139.7457921058451, 35.852710965684835]]}}, {"type": "Feature", "properties": {"id": "東京外環道-上り-0-48", "route": "東京外環道", "direction": "上り", "from": "川口東", "to": "川口JCT", "grade": 0.0, "elevation_start": 3.2, "elevation_end": 3.2, "quality": "estimated", "structure": "bridge", "chain_rank": 0, "cum_dist_start": 12000.0, "cum_dist_end": 12250.0, "anomaly": false}, "geometry": {"type": "LineString", "coordinates": [[139.7457921058451, 35.852710965684835], [139.74551827589823, 35.85274366417085], [139.74524444595136, 35.85277636265686], [139.74497050352974, 35.852808392123215], [139.74469594691843, 35.85283676827916], [139.7444213903071, 35.852865144435114], [139.7441467071526, 35.85289265957551], [139.74387167307756, 35.85291778700922], [139.74359663900256, 35.85294291444293], [139.74332153647666, 35.852967496042446], [139.74304593696291, 35.85298811461072]]}}, {"type": "Feature", "properties": {"id": "東京外環道-上り-0-49", "route": "東京外環道", "direction": "上り", "from": "川口東", "to": "川口JCT", "grade": 0.0, "elevation_start": 3.2, "elevation_end": 3.2, "quality": "estimated", "structure": "bridge", "chain_rank": 0, "cum_dist_start": 12250.0, "cum_dist_end": 12500.0, "anomaly": false}, "geometry": {"type": "LineString", "coordinates": [[139.74304593696291, 35.85298811461072], [139.74277033744914, 35.85300873317899], [139.7424947379354, 35.85302935174726], [139.74221873731886, 35.8530459277821], [139.74194264466206, 35.853061576184395], [139.74166645523906, 35.853076028339444], [139.74139022397415, 35.85308996323452], [139.74111399270922, 35.85310389812959], [139.74083759893566, 35.8531152977921], [139.74056108576679, 35.853124834816974], [139.74028457259794, 35.853134371841854]]}}, {"type": "Feature", "properties": {"id": "東京外環道-上り-0-50", "route": "東京外環道", "direction": "上り", "from": "川口東", "to": "川口JCT", "grade": 0.0, "elevation_start": 3.2, "elevation_end": 3.2, "quality": "estimated", "structure": "bridge", "chain_rank": 0, "cum_dist_start": 12500.0, "cum_dist_end": 12750.0, "anomaly": false}, "geometry": {"type": "LineString", "coordinates": [[139.74028457259794, 35.853134371841854], [139.74000802537353, 35.853143142207514], [139.73973138771046, 35.85314987661779], [139.73945475004743, 35.853156611028076], [139.73917811238437, 35.853163345438354], [139.73890147472133, 35.85317007984863], [139.73862483618, 35.85317679205861], [139.7383481719838, 35.85318218193516], [139.7380714109973, 35.85318257407132], [139.7377946500108, 35.85318296620748], [139.73751795485973, 35.853178289608735]]}}, {"type": "Feature", "properties": {"id": "東京外環道-上り-0-51", "route": "東京外環道", "direction": "上り", "from": "川口東", "to": "川口JCT", "grade": 0.0, "elevation_start": 3.2, "elevation_end": 3.2, "quality": "estimated", "structure": "bridge", "chain_rank": 0, "cum_dist_start": 12750.0, "cum_dist_end": 13000.0, "anomaly": false}, "geometry": {"type": "LineString", "coordinates": [[139.73751795485973, 35.853178289608735], [139.73724126591708, 35.85317313501815], [139.73696457697443, 35.85316798042757], [139.73668807256382, 35.853158960258284], [139.73641172649477, 35.85314662314976], [139.7361353804257, 35.85313428604123], [139.73585903435665, 35.8531219489327], [139.73558278267808, 35.853108315503526], [139.73530657882702, 35.853094025231215], [139.73503037497593, 35.8530797349589], [139.73475417112488, 35.853065444686585]]}}, {"type": "Feature", "properties": {"id": "東京外環道-上り-0-52", "route": "東京外環道", "direction": "上り", "from": "川口JCT", "to": "川口中央", "grade": 0.0, "elevation_start": 3.2, "elevation_end": 3.2, "quality": "estimated", "structure": "bridge", "chain_rank": 0, "cum_dist_start": 13000.0, "cum_dist_end": 13250.0, "anomaly": false}, "geometry": {"type": "LineString", "coordinates": [[139.73475417112488, 35.853065444686585], [139.73447796727382, 35.85305115441427], [139.73420204589937, 35.85303370946487], [139.73392621457697, 35.853015258821095], [139.7336503832546, 35.852996808177316], [139.73337467147346, 35.852977276259885], [139.73309922423917, 35.85295535146521], [139.7328240280166, 35.85293151542379], [139.73254911131406, 35.85290555106855], [139.7322741946115, 35.85287958671331], [139.7319999611923, 35.85284932803318]]}}, {"type": "Feature", "properties": {"id": "東京外環道-上り-0-53", "route": "東京外環道", "direction": "上り", "from": "川口JCT", "to": "川口中央", "grade": 0.0, "elevation_start": 3.2, "elevation_end": 3.2, "quality": "estimated", "structure": "bridge", "chain_rank": 0, "cum_dist_start": 13250.0, "cum_dist_end": 13500.0, "anomaly": false}, "geometry": {"type": "LineString", "coordinates": [[139.7319999611923, 35.85284932803318], [139.73172598928412, 35.852817425798335], [139.73145201737597, 35.8527855235635], [139.73117864025588, 35.8527504452373], [139.73090543105195, 35.852714470260345], [139.73063222184803, 35.8526784952834], [139.73035901264413, 35.852642520306446], [139.73008607385583, 35.85260524660601], [139.72981355193002, 35.8525659708424], [139.72954103000424, 35.852526695078794], [139.72926850807843, 35.85248741931518]]}}, {"type": "Feature", "properties": {"id": "東京外環道-上り-0-54", "route": "東京外環道", "direction": "上り", "from": "川口JCT", "to": "川口中央", "grade": 0.0, "elevation_start": 3.2, "elevation_end": 3.2, "quality": "estimated", "structure": "bridge", "chain_rank": 0, "cum_dist_start": 13500.0, "cum_dist_end": 13750.0, "anomaly": false}, "geometry": {"type": "LineString", "coordinates": [[139.72926850807843, 35.85248741931518], [139.72899602962593, 35.85244795032465], [139.7287240852329, 35.85240610758407], [139.7284521408399, 35.852364264843494], [139.72818031103492, 35.852321960546185], [139.72790974525617, 35.852274564795145], [139.72763917947742, 35.852227169044106], [139.7273686412422, 35.852179672422054], [139.72709887797302, 35.85212933769184], [139.72682911470383, 35.85207900296164], [139.72656000715048, 35.85202649745609]]}}, {"type": "Feature", "properties": {"id": "東京外環道-上り-0-55", "route": "東京外環道", "direction": "上り", "from": "川口中央", "to": "川口西", "grade": 0.0, "elevation_start": 3.2, "elevation_end": 3.2, "quality": "estimated", "structure": "bridge", "chain_rank": 0, "cum_dist_start": 13750.0, "cum_dist_end": 14000.0, "anomaly": false}, "geometry": {"type": "LineString", "coordinates": [[139.72656000715048, 35.85202649745609], [139.72629232863133, 35.85196926107175], [139.72602465011218, 35.85191202468741], [139.72575698129893, 35.85185475888685], [139.72549008335218, 35.85179515677917], [139.72522369248952, 35.85173408106656], [139.72495758686208, 35.85167217644995], [139.72469160272223, 35.85160992994648], [139.72442595488445, 35.8515467370318], [139.72416030704667, 35.85148354411714], [139.7238953616562, 35.85141844296682]]}}, {"type": "Feature", "properties": {"id": "東京外環道-上り-0-56", "route": "東京外環道", "direction": "上り", "from": "川口中央", "to": "川口西", "grade": 0.0, "elevation_start": 3.2, "elevation_end": 3.2, "quality": "estimated", "structure": "bridge", "chain_rank": 0, "cum_dist_start": 14000.0, "cum_dist_end": 14250.0, "anomaly": false}, "geometry": {"type": "LineString", "coordinates": [[139.7238953616562, 35.85141844296682], [139.72363078477088, 35.85135234075249], [139.7233662078856, 35.85128623853816], [139.72310199323562, 35.851219187595554], [139.72283794888148, 35.85115169063228], [139.7225739045273, 35.851084193669], [139.7223099321945, 35.851016511560715], [139.72204614364978, 35.85094835698901], [139.72178235510506, 35.85088020241731], [139.72151856656032, 35.85081204784561], [139.72125486843234, 35.85074366346154]]}}, {"type": "Feature", "properties": {"id": "東京外環道-上り-0-57", "route": "東京外環道", "direction": "上り", "from": "川口中央", "to": "川口西", "grade": 0.0, "elevation_start": 3.2, "elevation_end": 3.2, "quality": "estimated", "structure": "bridge", "chain_rank": 0, "cum_dist_start": 14250.0, "cum_dist_end": 14500.0, "anomaly": false}, "geometry": {"type": "LineString", "coordinates": [[139.72125486843234, 35.85074366346154], [139.72099138636784, 35.85067472990857], [139.72072790430337, 35.8506057963556], [139.72046442223888, 35.85053686280263], [139.7202008854514, 35.850468069191606], [139.71993711478447, 35.850399873675514], [139.71967334411755, 35.85033167815942], [139.71940957345063, 35.85026348264333], [139.71914580278371, 35.85019528712724], [139.71888198978777, 35.85012720170036], [139.71861813736547, 35.85005921881336]]}}, {"type": "Feature", "properties": {"id": "東京外環道-上り-0-58", "route": "東京外環道", "direction": "上り", "from": "川口中央", "to": "川口西", "grade": 0.0, "elevation_start": 3.2, "elevation_end": 3.2, "quality": "estimated", "structure": "bridge", "chain_rank": 0, "cum_dist_start": 14500.0, "cum_dist_end": 14750.0, "anomaly": false}, "geometry": {"type": "LineString", "coordinates": [[139.71861813736547, 35.85005921881336], [139.71835428494316, 35.84999123592635], [139.71809043252088, 35.84992325303936], [139.71782658009857, 35.849855270152354], [139.71756117239886, 35.84979143618299], [139.71729568357705, 35.8497278186181], [139.71703019475524, 35.8496642010532], [139.71676468379675, 35.84960064639306], [139.71649812527016, 35.84954006856326], [139.71623156674355, 35.84947949073345], [139.71596500821693, 35.84941891290365]]}}, {"type": "Feature", "properties": {"id": "東京外環道-上り-0-59", "route": "東京外環道", "direction": "上り", "from": "川口中央", "to": "川口西", "grade": 0.0, "elevation_start": 3.2, "elevation_end": 3.2, "quality": "estimated", "structure": "bridge", "chain_rank": 0, "cum_dist_start": 14750.0, "cum_dist_end": 15000.0, "anomaly": false}, "geometry": {"type": "LineString", "coordinates": [[139.71596500821693, 35.84941891290365], [139.71569797875898, 35.84935977260642], [139.71542978678727, 35.84930418091869], [139.71516159481553, 35.84924858923097], [139.7148934028438, 35.84919299754324], [139.71462468545175, 35.849139141269966], [139.71435550314771, 35.849086820557545], [139.7140863208437, 35.84903449984513], [139.71381690974712, 35.848982987184314], [139.71354679376304, 35.84893396405191], [139.71327667777894, 35.8488849409195]]}}, {"type": "Feature", "properties": {"id": "東京外環道-上り-0-60", "route": "東京外環道", "direction": "上り", "from": "川口中央", "to": "川口西", "grade": 0.0, "elevation_start": 3.2, "elevation_end": 3.2, "quality": "estimated", "structure": "bridge", "chain_rank": 0, "cum_dist_start": 15000.0, "cum_dist_end": 15250.0, "anomaly": false}, "geometry": {"type": "LineString", "coordinates": [[139.71327667777894, 35.8488849409195], [139.71300656179486, 35.848835917787085], [139.71273644581078, 35.84878689465467], [139.71246632982667, 35.84873787152226], [139.7121962138426, 35.848688848389855], [139.71192609785848, 35.84863982525744], [139.7116559818744, 35.84859080212503], [139.7113858658903, 35.84854177899262], [139.7111157499062, 35.848492755860214], [139.71084555595678, 35.84844402289207], [139.7105752456344, 35.84839572303032]]}}, {"type": "Feature", "properties": {"id": "東京外環道-上り-0-61", "route": "東京外環道", "direction": "上り", "from": "川口中央", "to": "川口西", "grade": 0.0, "elevation_start": 3.2, "elevation_end": 3.2, "quality": "estimated", "structure": "bridge", "chain_rank": 0, "cum_dist_start": 15250.0, "cum_dist_end": 15500.0, "anomaly": false}, "geometry": {"type": "LineString", "coordinates": [[139.7105752456344, 35.84839572303032], [139.710304935312, 35.84834742316858], [139.7100346249896, 35.848299123306845], [139.70976431466718, 35.8482508234451], [139.7094940043448, 35.84820252358336], [139.7092236940224, 35.84815422372162], [139.7089533837, 35.848105923859876], [139.7086830733776, 35.84805762399814], [139.7084127630552, 35.8480093241364], [139.7081424527328, 35.84796102427466], [139.70787214241042, 35.847912724412915]]}}, {"type": "Feature", "properties": {"id": "東京外環道-上り-0-62", "route": "東京外環道", "direction": "上り", "from": "川口中央", "to": "川口西", "grade": 0.0, "elevation_start": 3.2, "elevation_end": 3.2, "quality": "estimated", "structure": "bridge", "chain_rank": 0, "cum_dist_start": 15500.0, "cum_dist_end": 15750.0, "anomaly": false}, "geometry": {"type": "LineString", "coordinates": [[139.70787214241042, 35.847912724412915], [139.70760183208802, 35.847864424551176], [139.7073315217656, 35.84781612468944], [139.7070612114432, 35.84776782482769], [139.7067908988127, 35.84771953370072], [139.70652029123391, 35.847672358771405], [139.70624968365513, 35.84762518384209], [139.70597907607632, 35.84757800891278], [139.70570846849753, 35.84753083398346], [139.70543786091872, 35.84748365905415], [139.70516725333994, 35.847436484124835]]}}, {"type": "Feature", "properties": {"id": "東京外環道-上り-0-63", "route": "東京外環道", "direction": "上り", "from": "川口中央", "to": "川口西", "grade": 0.0, "elevation_start": 3.2, "elevation_end": 3.2, "quality": "estimated", "structure": "bridge", "chain_rank": 0, "cum_dist_start": 15750.0, "cum_dist_end": 16000.0, "anomaly": false}, "geometry": {"type": "LineString", "coordinates": [[139.70516725333994, 35.847436484124835], [139.70489664576112, 35.84738930919552], [139.70462603818234, 35.847342134266206], [139.70435543060356, 35.84729495933689], [139.70408482302474, 35.84724778440758], [139.70381421544596, 35.847200609478264], [139.70354360786715, 35.84715343454895], [139.70327306397482, 35.84710602172908], [139.70300276804392, 35.84705768268906], [139.702732472113, 35.84700934364904], [139.7024621761821, 35.84696100460903]]}}, {"type": "Feature", "properties": {"id": "東京外環道-上り-0-64", "route": "東京外環道", "direction": "上り", "from": "川口中央", "to": "川口西", "grade": 0.0, "elevation_start": 3.2, "elevation_end": 3.2, "quality": "estimated", "structure": "bridge", "chain_rank": 0, "cum_dist_start": 16000.0, "cum_dist_end": 16250.0, "anomaly": false}, "geometry": {"type": "LineString", "coordinates": [[139.7024621761821, 35.84696100460903], [139.7021918802512, 35.84691266556901], [139.7019215843203, 35.84686432652899], [139.7016512883894, 35.84681598748897], [139.70138124043004, 35.84676674270984], [139.70111122099922, 35.846717393727666], [139.70084120156838, 35.846668044745485], [139.70057118213754, 35.84661869576331], [139.7003011627067, 35.84656934678114], [139.70003114327585, 35.846519997798964], [139.6997609486017, 35.84647129373766]]}}, {"type": "Feature", "properties": {"id": "東京外環道-上り-0-65", "route": "東京外環道", "direction": "上り", "from": "川口中央", "to": "川口西", "grade": 0.0, "elevation_start": 3.2, "elevation_end": 3.2, "quality": "estimated", "structure": "bridge", "chain_rank": 0, "cum_dist_start": 16250.0, "cum_dist_end": 16500.0, "anomaly": false}, "geometry": {"type": "LineString", "coordinates": [[139.6997609486017, 35.84647129373766], [139.69949064234694, 35.846423000309045], [139.69922033609222, 35.84637470688043], [139.69895002983748, 35.84632641345182], [139.69867972358273, 35.8462781200232], [139.69840995795371, 35.84622788607605], [139.6981404892292, 35.8461765864217], [139.69787102050466, 35.846125286767354], [139.69760155178014, 35.846073987113], [139.69733261202018, 35.846020936781066], [139.69706464978483, 35.845964651203104]]}}, {"type": "Feature", "properties": {"id": "東京外環道-上り-0-66", "route": "東京外環道", "direction": "上り", "from": "川口中央", "to": "川口西", "grade": 0.0, "elevation_start": 3.2, "elevation_end": 3.2, "quality": "estimated", "structure": "bridge", "chain_rank": 0, "cum_dist_start": 16500.0, "cum_dist_end": 16750.0, "anomaly": false}, "geometry": {"type": "LineString", "coordinates": [[139.69706464978483, 35.845964651203104], [139.6967966875495, 35.84590836562515], [139.69652872531418, 35.84585208004719], [139.69626076307884, 35.845795794469225], [139.69599358400856, 35.845737118314226], [139.69572676107626, 35.84567735506363], [139.69545993814396, 35.845617591813024], [139.69519311521165, 35.84555782856243], [139.69492663715556, 35.8454970764818], [139.6946610313064, 35.845433823607046], [139.69439542545723, 35.8453705707323]]}}, {"type": "Feature", "properties": {"id": "東京外環道-上り-0-67", "route": "東京外環道", "direction": "上り", "from": "川口西", "to": "外環浦和", "grade": 0.0, "elevation_start": 3.2, "elevation_end": 3.2, "quality": "estimated", "structure": "bridge", "chain_rank": 0, "cum_dist_start": 16750.0, "cum_dist_end": 17000.0, "anomaly": false}, "geometry": {"type": "LineString", "coordinates": [[139.69439542545723, 35.8453705707323], [139.6941298196081, 35.845307317857554], [139.69386505995953, 35.845241773403366], [139.69360061933517, 35.84517536500598], [139.69333617871084, 35.845108956608584], [139.69307173808647, 35.84504254821119], [139.69280871422032, 35.84497251618341], [139.69254575851335, 35.844902309825486], [139.69228280280637, 35.84483210346756], [139.69201966564984, 35.84476235455414], [139.69175601393735, 35.84469390286514]]}}, {"type": "Feature", "properties": {"id": "東京外環道-上り-0-68", "route": "東京外環道", "direction": "上り", "from": "川口西", "to": "外環浦和", "grade": 0.0, "elevation_start": 3.2, "elevation_end": 3.2, "quality": "estimated", "structure": "bridge", "chain_rank": 0, "cum_dist_start": 17000.0, "cum_dist_end": 17250.0, "anomaly": false}, "geometry": {"type": "LineString", "coordinates": [[139.69175601393735, 35.84469390286514], [139.69149236222486, 35.84462545117613], [139.69122871051235, 35.844556999487125], [139.69096505879986, 35.844488547798115], [139.69070146627112, 35.84441994784732], [139.69043789041882, 35.8443513061203], [139.6901743145665, 35.844282664393276], [139.68991073871416, 35.84421402266625], [139.68964716286186, 35.844145380939224], [139.68938358700953, 35.8440767392122], [139.68912001115723, 35.84400809748517]]}}, {"type": "Feature", "properties": {"id": "東京外環道-上り-0-69", "route": "東京外環道", "direction": "上り", "from": "川口西", "to": "外環浦和", "grade": 0.0, "elevation_start": 3.2, "elevation_end": 3.2, "quality": "estimated", "structure": "bridge", "chain_rank": 0, "cum_dist_start": 17250.0, "cum_dist_end": 17500.0, "anomaly": false}, "geometry": {"type": "LineString", "coordinates": [[139.68912001115723, 35.84400809748517], [139.68885731120935, 35.84393728958813], [139.68859514855868, 35.843865152919285], [139.688332985908, 35.84379301625043], [139.68807082325736, 35.843720879581575], [139.6878086606067, 35.84364874291272], [139.68754649795605, 35.84357660624387], [139.68728619776812, 35.84350018372053], [139.68702662726017, 35.84342208207521], [139.6867670567522, 35.84334398042988], [139.68650871811292, 35.843263310694105]]}}, {"type": "Feature", "properties": {"id": "東京外環道-上り-0-70", "route": "東京外環道", "direction": "上り", "from": "川口西", "to": "外環浦和", "grade": 0.0, "elevation_start": 3.2, "elevation_end": 3.2, "quality": "estimated", "structure": "bridge", "chain_rank": 0, "cum_dist_start": 17500.0, "cum_dist_end": 17750.0, "anomaly": false}, "geometry": {"type": "LineString", "coordinates": [[139.68650871811292, 35.843263310694105], [139.6862528308551, 35.8431775305359], [139.68599694359725, 35.84309175037769], [139.6857431778846, 35.84300190819049], [139.68548976563054, 35.84291138925178], [139.68523936312832, 35.842815500359094], [139.68498931309313, 35.84271898260004], [139.68474503833227, 35.84261332016134], [139.6845031453943, 35.8425038862988], [139.68426296072025, 35.84239199790811], [139.68402332151837, 35.842279325752806]]}}, {"type": "Feature", "properties": {"id": "東京外環道-上り-0-71", "route": "東京外環道", "direction": "上り", "from": "川口西", "to": "外環浦和", "grade": 0.0, "elevation_start": 3.2, "elevation_end": 3.2, "quality": "estimated", "structure": "bridge", "chain_rank": 0, "cum_dist_start": 17750.0, "cum_dist_end": 18000.0, "anomaly": false}, "geometry": {"type": "LineString", "coordinates": [[139.68402332151837, 35.842279325752806], [139.68378563636136, 35.8421639836938], [139.6835498633641, 35.84204602896066], [139.68331571672826, 35.84192600274902], [139.68308523932615, 35.84180130307502], [139.68285595960592, 35.841675157347346], [139.6826275508683, 35.84154796001522], [139.6824033604856, 35.84141590345311], [139.68218063862832, 35.84128221396384], [139.68196281386386, 35.84114325434532], [139.6817449890994, 35.8410042947268]]}}, {"type": "Feature", "properties": {"id": "東京外環道-上り-0-72", "route": "東京外環道", "direction": "上り", "from": "川口西", "to": "外環浦和", "grade": 0.0, "elevation_start": 3.2, "elevation_end": 3.2, "quality": "estimated", "structure": "bridge", "chain_rank": 0, "cum_dist_start": 18000.0, "cum_dist_end": 18250.0, "anomaly": false}, "geometry": {"type": "LineString", "coordinates": [[139.6817449890994, 35.8410042947268], [139.68152716433494, 35.84086533510828], [139.6813093395705, 35.840726375489766], [139.6810919366875, 35.840586983530024], [139.68087630070016, 35.8404457808678], [139.68066066471283, 35.840304578205576], [139.6804450287255, 35.84016337554335], [139.68022939273817, 35.84002217288113], [139.68001375675084, 35.8398809702189], [139.6797985326904, 35.83973935498648], [139.67958450647996, 35.83959654003331]]}}, {"type": "Feature", "properties": {"id": "東京外環道-上り-0-73", "route": "東京外環道", "direction": "上り", "from": "外環浦和", "to": "戸田東IC", "grade": 0.0, "elevation_start": 3.2, "elevation_end": 3.2, "quality": "estimated", "structure": "bridge", "chain_rank": 0, "cum_dist_start": 18250.0, "cum_dist_end": 18500.0, "anomaly": false}, "geometry": {"type": "LineString", "coordinates": [[139.67958450647996, 35.83959654003331], [139.67937048026954, 35.839453725080155], [139.6791564540591, 35.839310910127], [139.67894242784868, 35.83916809517384], [139.67872840163824, 35.83902528022068], [139.67851479630514, 35.8388820544364], [139.67830377026337, 35.83873631092763], [139.67809255667046, 35.83859074872778], [139.67788042988286, 35.83844606932898], [139.67766780515961, 35.83830189639497], [139.67744802263357, 35.83816500386934]]}}, {"type": "Feature", "properties": {"id": "東京外環道-上り-0-74", "route": "東京外環道", "direction": "上り", "from": "外環浦和", "to": "戸田東IC", "grade": 0.0, "elevation_start": 3.2, "elevation_end": 3.2, "quality": "estimated", "structure": "bridge", "chain_rank": 0, "cum_dist_start": 18500.0, "cum_dist_end": 18750.0, "anomaly": false}, "geometry": {"type": "LineString", "coordinates": [[139.67744802263357, 35.83816500386934], [139.67722780245523, 35.83802858724914], [139.67700465197782, 35.83789535705165], [139.67678001950668, 35.83776379772381], [139.67655212480878, 35.83763609073735], [139.67631990936817, 35.837513562943094], [139.67608392374464, 35.837395924915455], [139.6758446052046, 35.83728306074596], [139.67559860510707, 35.83717990106213], [139.6753500118426, 35.837081181792094], [139.67509648866712, 35.83699090426345]]}}, {"type": "Feature", "properties": {"id": "東京外環道-上り-0-75", "route": "東京外環道", "direction": "上り", "from": "外環浦和", "to": "戸田東IC", "grade": 0.0, "elevation_start": 3.2, "elevation_end": 3.2, "quality": "estimated", "structure": "bridge", "chain_rank": 0, "cum_dist_start": 18750.0, "cum_dist_end": 19000.0, "anomaly": false}, "geometry": {"type": "LineString", "coordinates": [[139.67509648866712, 35.83699090426345], [139.67484102148964, 35.836904542443925], [139.67458168191686, 35.83682598060265], [139.67432083288662, 35.8367511525528], [139.67405489834235, 35.83668890402209], [139.6737880568108, 35.8366295271595], [139.67351824048356, 35.83657956898016], [139.6732474019264, 35.83653382010555], [139.6729745438372, 35.83649638719309], [139.67270078035938, 35.8364643177345], [139.67242563936742, 35.83644040856545]]}}, {"type": "Feature", "properties": {"id": "東京外環道-上り-0-76", "route": "東京外環道", "direction": "上り", "from": "外環浦和", "to": "戸田東IC", "grade": 0.0, "elevation_start": 3.2, "elevation_end": 3.2, "quality": "estimated", "structure": "bridge", "chain_rank": 0, "cum_dist_start": 19000.0, "cum_dist_end": 19250.0, "anomaly": false}, "geometry": {"type": "LineString", "coordinates": [[139.67242563936742, 35.83644040856545], [139.67215010372593, 35.83642002470812], [139.67187418935066, 35.836403023990194], [139.67159753858226, 35.83639866779441], [139.67132086174394, 35.8363961602279], [139.671044160915, 35.8363958809992], [139.67076746483198, 35.836397486136384], [139.67049076874898, 35.83639909127358], [139.67021407266597, 35.83640069641076], [139.66993737658296, 35.83640230154795], [139.66966092960777, 35.83639682040244]]}}, {"type": "Feature", "properties": {"id": "東京外環道-上り-0-77", "route": "東京外環道", "direction": "上り", "from": "外環浦和", "to": "戸田東IC", "grade": 0.0, "elevation_start": 3.2, "elevation_end": 3.2, "quality": "estimated", "structure": "bridge", "chain_rank": 0, "cum_dist_start": 19250.0, "cum_dist_end": 19500.0, "anomaly": false}, "geometry": {"type": "LineString", "coordinates": [[139.66966092960777, 35.83639682040244], [139.66938484481395, 35.83638184767065], [139.66910923342, 35.83636185354051], [139.66883510148187, 35.836331677335004], [139.6685622358303, 35.836294463907386], [139.66829044880538, 35.83625223090868], [139.66801951552912, 35.83620658100775], [139.66775059230596, 35.83615353057535], [139.6674833193717, 35.83609528561452], [139.6672184943806, 35.83603016103193], [139.66695610988813, 35.83595872537011]]}}, {"type": "Feature", "properties": {"id": "東京外環道-上り-0-78", "route": "東京外環道", "direction": "上り", "from": "外環浦和", "to": "戸田東IC", "grade": 0.0, "elevation_start": 3.2, "elevation_end": 3.2, "quality": "estimated", "structure": "bridge", "chain_rank": 0, "cum_dist_start": 19500.0, "cum_dist_end": 19750.0, "anomaly": false}, "geometry": {"type": "LineString", "coordinates": [[139.66695610988813, 35.83595872537011], [139.66669613303682, 35.835881579461514], [139.66643989195558, 35.83579662475784], [139.6661849990827, 35.835708965121746], [139.6659311060352, 35.835619396422146], [139.66568419077473, 35.83551770510918], [139.6654392786894, 35.83541300093029], [139.66519972108298, 35.83530024337312], [139.6649619913035, 35.835185014699796], [139.6647275587867, 35.8350653283182], [139.66449813564284, 35.834939689385855]]}}, {"type": "Feature", "properties": {"id": "東京外環道-上り-0-79", "route": "東京外環道", "direction": "上り", "from": "外環浦和", "to": "戸田東IC", "grade": 0.0, "elevation_start": 3.2, "elevation_end": 3.2, "quality": "estimated", "structure": "bridge", "chain_rank": 0, "cum_dist_start": 19750.0, "cum_dist_end": 20000.0, "anomaly": false}, "geometry": {"type": "LineString", "coordinates": [[139.66449813564284, 35.834939689385855], [139.6642764438485, 35.83480486342542], [139.66405777390926, 35.834666805836875], [139.66384125414444, 35.834526595620474], [139.6636309980895, 35.834380127505156], [139.66342074203456, 35.83423365938984], [139.66321048597962, 35.83408719127452], [139.66300022992468, 35.8339407231592], [139.66279047728338, 35.83379379071112], [139.66258587353175, 35.8336421090907], [139.66238126978013, 35.833490427470274]]}}, {"type": "Feature", "properties": {"id": "東京外環道-上り-0-80", "route": "東京外環道", "direction": "上り", "from": "外環浦和", "to": "戸田東IC", "grade": 0.0, "elevation_start": 3.2, "elevation_end": 3.2, "quality": "estimated", "structure": "bridge", "chain_rank": 0, "cum_dist_start": 20000.0, "cum_dist_end": 20250.0, "anomaly": false}, "geometry": {"type": "LineString", "coordinates": [[139.66238126978013, 35.833490427470274], [139.66217666602847, 35.83333874584985], [139.66197206227685, 35.83318706422943], [139.6617606380065, 35.83304185723297], [139.6615454254053, 35.83290024644652], [139.66132573665783, 35.832763463657265], [139.6610995506673, 35.83263368883189], [139.66087165194776, 35.832505923752876], [139.66064326278604, 35.83237873416728], [139.6604083472645, 35.83225975665105], [139.66017234651397, 35.832142144670264]]}}, {"type": "Feature", "properties": {"id": "東京外環道-上り-0-81", "route": "東京外環道", "direction": "上り", "from": "外環浦和", "to": "戸田東IC", "grade": 0.0, "elevation_start": 3.2, "elevation_end": 3.2, "quality": "estimated", "structure": "bridge", "chain_rank": 0, "cum_dist_start": 20250.0, "cum_dist_end": 20500.0, "anomaly": false}, "geometry": {"type": "LineString", "coordinates": [[139.66017234651397, 35.832142144670264], [139.65993634576347, 35.83202453268948], [139.65970034501294, 35.83190692070869], [139.6594643442624, 35.831789308727906], [139.65922834351187, 35.83167169674712], [139.65899234276137, 35.83155408476634], [139.65875634201083, 35.831436472785555], [139.6585203412603, 35.83131886080477], [139.65828426871522, 35.83120134537958], [139.65804729192405, 35.8310850460637], [139.65781031513288, 35.83096874674782]]}}, {"type": "Feature", "properties": {"id": "東京外環道-上り-0-82", "route": "東京外環道", "direction": "上り", "from": "外環浦和", "to": "戸田東IC", "grade": 0.0, "elevation_start": 3.2, "elevation_end": 3.2, "quality": "estimated", "structure": "bridge", "chain_rank": 0, "cum_dist_start": 20500.0, "cum_dist_end": 20750.0, "anomaly": false}, "geometry": {"type": "LineString", "coordinates": [[139.65781031513288, 35.83096874674782], [139.6575733383417, 35.83085244743194], [139.65733636155053, 35.83073614811606], [139.65709938475936, 35.830619848800175], [139.6568624079682, 35.83050354948429], [139.65662561193216, 35.830387011573144], [139.65639157530828, 35.830266831261504], [139.6561575386844, 35.830146650949864], [139.65592350206052, 35.830026470638224], [139.65568946543664, 35.82990629032658], [139.65545900192936, 35.829781622770504]]}}, {"type": "Feature", "properties": {"id": "東京外環道-上り-0-83", "route": "東京外環道", "direction": "上り", "from": "戸田東IC", "to": "美女木JCT", "grade": 0.0, "elevation_start": 3.2, "elevation_end": 3.2, "quality": "estimated", "structure": "bridge", "chain_rank": 0, "cum_dist_start": 20750.0, "cum_dist_end": 21000.0, "anomaly": false}, "geometry": {"type": "LineString", "coordinates": [[139.65545900192936, 35.829781622770504], [139.65522872586524, 35.829656719816725], [139.65499844980116, 35.829531816862946], [139.65476817373707, 35.82940691390917], [139.65453789767295, 35.82928201095539], [139.65431023294823, 35.82915397771731], [139.65408269794239, 35.829025788981625], [139.65385516293654, 35.82889760024594], [139.6536276279307, 35.82876941151025], [139.65340009292484, 35.828641222774564], [139.653172557919, 35.82851303403888]]}}, {"type": "Feature", "properties": {"id": "東京外環道-上り-0-84", "route": "東京外環道", "direction": "上り", "from": "戸田東IC", "to": "美女木JCT", "grade": 0.0, "elevation_start": 3.2, "elevation_end": 3.2, "quality": "estimated", "structure": "bridge", "chain_rank": 0, "cum_dist_start": 21000.0, "cum_dist_end": 21250.0, "anomaly": false}, "geometry": {"type": "LineString", "coordinates": [[139.653172557919, 35.82851303403888], [139.6529475719155, 35.828381905114774], [139.65272297389473, 35.82825032866561], [139.65249837587396, 35.828118752216454], [139.65227377785322, 35.82798717576729], [139.65204917983246, 35.827855599318134], [139.65182387190595, 35.82772484694818], [139.651595593135, 35.82759754322061], [139.65136731436408, 35.827470239493046], [139.65113903559313, 35.82734293576548], [139.6509107568222, 35.82721563203791]]}}, {"type": "Feature", "properties": {"id": "東京外環道-上り-0-85", "route": "東京外環道", "direction": "上り", "from": "戸田東IC", "to": "美女木JCT", "grade": 0.0, "elevation_start": 3.2, "elevation_end": 3.2, "quality": "estimated", "structure": "bridge", "chain_rank": 0, "cum_dist_start": 21250.0, "cum_dist_end": 21500.0, "anomaly": false}, "geometry": {"type": "LineString", "coordinates": [[139.6509107568222, 35.82721563203791], [139.6506824780513, 35.827088328310346], [139.65045183255242, 35.82696391002316], [139.65022010156898, 35.826840815124704], [139.64998837058553, 35.82671772022625], [139.6497566396021, 35.82659462532779], [139.64952490861864, 35.82647153042934], [139.6492931776352, 35.82634843553088], [139.6490613922546, 35.82622541010657], [139.64882669760377, 35.82610610029925], [139.64859200295294, 35.82598679049193]]}}, {"type": "Feature", "properties": {"id": "東京外環道-上り-0-86", "route": "東京外環道", "direction": "上り", "from": "戸田東IC", "to": "美女木JCT", "grade": 0.0, "elevation_start": 3.2, "elevation_end": 3.2, "quality": "estimated", "structure": "bridge", "chain_rank": 0, "cum_dist_start": 21500.0, "cum_dist_end": 21750.0, "anomaly": false}, "geometry": {"type": "LineString", "coordinates": [[139.64859200295294, 35.82598679049193], [139.6483573083021, 35.825867480684614], [139.64812261365128, 35.8257481708773], [139.64788791900048, 35.82562886106998], [139.64765322434965, 35.825509551262655], [139.64741791909734, 35.82539104855017], [139.6471817691356, 35.82527366237706], [139.64694561917386, 35.82515627620395], [139.64670946921214, 35.82503889003083], [139.6464733192504, 35.82492150385772], [139.64623716928867, 35.824804117684614]]}}, {"type": "Feature", "properties": {"id": "東京外環道-上り-0-87", "route": "東京外環道", "direction": "上り", "from": "戸田東IC", "to": "美女木JCT", "grade": 0.0, "elevation_start": 3.2, "elevation_end": 3.2, "quality": "estimated", "structure": "bridge", "chain_rank": 0, "cum_dist_start": 21750.0, "cum_dist_end": 22000.0, "anomaly": false}, "geometry": {"type": "LineString", "coordinates": [[139.64623716928867, 35.824804117684614], [139.64600101932695, 35.8246867315115], [139.6457648693652, 35.82456934533839], [139.64552871940347, 35.82445195916527], [139.64529174194007, 35.824335696078606], [139.64505361471043, 35.82422099345625], [139.6448154874808, 35.824106290833896], [139.64457736025116, 35.82399158821154], [139.64433923302153, 35.82387688558919], [139.6441011057919, 35.82376218296684], [139.64386297856225, 35.82364748034448]]}}, {"type": "Feature", "properties": {"id": "東京外環道-上り-0-88", "route": "東京外環道", "direction": "上り", "from": "美女木JCT", "to": "戸田西", "grade": 0.0, "elevation_start": 3.2, "elevation_end": 3.2, "quality": "estimated", "structure": "bridge", "chain_rank": 0, "cum_dist_start": 22000.0, "cum_dist_end": 22250.0, "anomaly": false}, "geometry": {"type": "LineString", "coordinates": [[139.64386297856225, 35.82364748034448], [139.6436259471328, 35.82353128543411], [139.64338895715036, 35.82341503408011], [139.64315196716797, 35.8232987827261], [139.64291497718554, 35.8231825313721], [139.64267798720311, 35.8230662800181], [139.6424409972207, 35.82295002866409], [139.64220567259764, 35.82283158386126], [139.64197200778418, 35.82271095291921], [139.64173834297068, 35.82259032197717], [139.64150467815722, 35.82246969103512]]}}, {"type": "Feature", "properties": {"id": "東京外環道-上り-0-89", "route": "東京外環道", "direction": "上り", "from": "美女木JCT", "to": "戸田西", "grade": 0.0, "elevation_start": 3.2, "elevation_end": 3.2, "quality": "estimated", "structure": "bridge", "chain_rank": 0, "cum_dist_start": 22250.0, "cum_dist_end": 22500.0, "anomaly": false}, "geometry": {"type": "LineString", "coordinates": [[139.64150467815722, 35.82246969103512], [139.64127101334373, 35.822349060093075], [139.64103959764594, 35.82222559091451], [139.64080830920918, 35.82210196114091], [139.64057963840125, 35.82197518884014], [139.6403530695695, 35.82184589306583], [139.64012825017244, 35.821714621985464], [139.6399061635659, 35.821580268402634], [139.63968555127514, 35.82144431301638], [139.63946786448358, 35.821305293209406], [139.63925345277337, 35.82116296203966]]}}, {"type": "Feature", "properties": {"id": "東京外環道-上り-0-90", "route": "東京外環道", "direction": "上り", "from": "美女木JCT", "to": "戸田西", "grade": 0.0, "elevation_start": 3.2, "elevation_end": 3.2, "quality": "estimated", "structure": "bridge", "chain_rank": 0, "cum_dist_start": 22500.0, "cum_dist_end": 22750.0, "anomaly": false}, "geometry": {"type": "LineString", "coordinates": [[139.63925345277337, 35.82116296203966], [139.63904418288172, 35.821015592524375], [139.63883620342492, 35.820867033998496], [139.63863090560326, 35.82071600460587], [139.63842795551363, 35.82056288775159], [139.63822917497, 35.82040622368901], [139.63803447027493, 35.820246166820134], [139.63784235097884, 35.820084066245016], [139.6376541897659, 35.81991890078931], [139.6374685634958, 35.81975183714621], [139.63728293722568, 35.81958477350311]]}}, {"type": "Feature", "properties": {"id": "東京外環道-上り-0-91", "route": "東京外環道", "direction": "上り", "from": "美女木JCT", "to": "戸田西", "grade": 0.0, "elevation_start": 3.2, "elevation_end": 3.2, "quality": "estimated", "structure": "bridge", "chain_rank": 0, "cum_dist_start": 22750.0, "cum_dist_end": 23000.0, "anomaly": false}, "geometry": {"type": "LineString", "coordinates": [[139.63728293722568, 35.81958477350311], [139.6370996594408, 35.81941600745707], [139.636917215473, 35.81924663698201], [139.63673477150522, 35.81907726650694], [139.63655232753743, 35.818907896031874], [139.63636988356967, 35.81873852555681], [139.63618743960188, 35.81856915508174], [139.6360049956341, 35.818399784606676], [139.6358225516663, 35.818230414131605], [139.63564010769852, 35.81806104365654], [139.63545766373073, 35.81789167318147]]}}, {"type": "Feature", "properties": {"id": "東京外環道-上り-0-92", "route": "東京外環道", "direction": "上り", "from": "美女木JCT", "to": "戸田西", "grade": 0.0, "elevation_start": 3.2, "elevation_end": 3.2, "quality": "estimated", "structure": "bridge", "chain_rank": 0, "cum_dist_start": 23000.0, "cum_dist_end": 23250.0, "anomaly": false}, "geometry": {"type": "LineString", "coordinates": [[139.63545766373073, 35.81789167318147], [139.63527521976297, 35.81772230270641], [139.6350927757952, 35.81755293223134], [139.6349103318274, 35.81738356175627], [139.6347278878596, 35.8172141912812], [139.63454544389182, 35.81704482080614], [139.63436299992406, 35.81687545033107], [139.63418123850516, 35.81670560272151], [139.63400320349984, 35.81653315016974], [139.6338256802354, 35.81636034873706], [139.6336482623598, 35.81618747545521]]}}, {"type": "Feature", "properties": {"id": "東京外環道-上り-0-93", "route": "東京外環道", "direction": "上り", "from": "戸田西", "to": "和光北IC", "grade": 0.0, "elevation_start": 3.2, "elevation_end": 3.2, "quality": "estimated", "structure": "bridge", "chain_rank": 0, "cum_dist_start": 23250.0, "cum_dist_end": 23500.0, "anomaly": false}, "geometry": {"type": "LineString", "coordinates": [[139.6336482623598, 35.81618747545521], [139.6334708444842, 35.816014602173354], [139.63329342660862, 35.8158417288915], [139.63311749519661, 35.81566785227104], [139.63294170634782, 35.81549387942275], [139.63276591749903, 35.81531990657446], [139.63259082352687, 35.81514547275947], [139.63241712019533, 35.81497011642239], [139.63224376264893, 35.81479453558889], [139.6320722853015, 35.814617734061194], [139.63190080795408, 35.8144409325335]]}}, {"type": "Feature", "properties": {"id": "東京外環道-上り-0-94", "route": "東京外環道", "direction": "上り", "from": "戸田西", "to": "和光北IC", "grade": 0.0, "elevation_start": 3.2, "elevation_end": 3.2, "quality": "estimated", "structure": "bridge", "chain_rank": 0, "cum_dist_start": 23500.0, "cum_dist_end": 23750.0, "anomaly": false}, "geometry": {"type": "LineString", "coordinates": [[139.63190080795408, 35.8144409325335], [139.63172933060665, 35.81426413100581], [139.63155785325924, 35.81408732947811], [139.6313863759118, 35.81391052795042], [139.6312148985644, 35.813733726422726], [139.63104342121696, 35.81355692489503], [139.63087194386955, 35.81338012336734], [139.63070046652211, 35.813203321839644], [139.6305289891747, 35.81302652031195], [139.6303575118273, 35.81284971878426], [139.63018603447986, 35.81267291725656]]}}, {"type": "Feature", "properties": {"id": "東京外環道-上り-0-95", "route": "東京外環道", "direction": "上り", "from": "戸田西", "to": "和光北IC", "grade": 0.0, "elevation_start": 3.2, "elevation_end": 3.2, "quality": "estimated", "structure": "bridge", "chain_rank": 0, "cum_dist_start": 23750.0, "cum_dist_end": 24000.0, "anomaly": false}, "geometry": {"type": "LineString", "coordinates": [[139.63018603447986, 35.81267291725656], [139.63001455713245, 35.81249611572887], [139.62984307978502, 35.812319314201176], [139.6296716024376, 35.81214251267348], [139.62950012509017, 35.81196571114579], [139.62932888692018, 35.81178875759067], [139.6291594051447, 35.81161068762514], [139.6289899233692, 35.81143261765962], [139.62882044159372, 35.81125454769409], [139.62865095981823, 35.81107647772856], [139.62848147804274, 35.81089840776304]]}}, {"type": "Feature", "properties": {"id": "東京外環道-上り-0-96", "route": "東京外環道", "direction": "上り", "from": "戸田西", "to": "和光北IC", "grade": 0.0, "elevation_start": 3.2, "elevation_end": 3.2, "quality": "estimated", "structure": "bridge", "chain_rank": 0, "cum_dist_start": 24000.0, "cum_dist_end": 24250.0, "anomaly": false}, "geometry": {"type": "LineString", "coordinates": [[139.62848147804274, 35.81089840776304], [139.62831199626726, 35.81072033779751], [139.62814251449177, 35.81054226783199], [139.62797303271628, 35.81036419786646], [139.6278035509408, 35.81018612790094], [139.6276340691653, 35.81000805793541], [139.62746458738985, 35.809829987969884], [139.62729510561437, 35.80965191800436], [139.62712562383888, 35.809473848038834], [139.62695570530542, 35.8092960568728], [139.6267843136627, 35.80911920604941]]}}, {"type": "Feature", "properties": {"id": "東京外環道-上り-0-97", "route": "東京外環道", "direction": "上り", "from": "戸田西", "to": "和光北IC", "grade": 0.0, "elevation_start": 3.2, "elevation_end": 3.2, "quality": "estimated", "structure": "bridge", "chain_rank": 0, "cum_dist_start": 24250.0, "cum_dist_end": 24500.0, "anomaly": false}, "geometry": {"type": "LineString", "coordinates": [[139.6267843136627, 35.80911920604941], [139.62661292201997, 35.808942355226016], [139.62644153037726, 35.80876550440262], [139.6262710264255, 35.80858808832276], [139.62610150935697, 35.808410043823606], [139.62593199228846, 35.808231999324455], [139.62576247521991, 35.808053954825304], [139.6255929581514, 35.80787591032615], [139.6254234410829, 35.807697865827], [139.62525265619863, 35.80752063028062], [139.6250812094825, 35.807343817028055]]}}, {"type": "Feature", "properties": {"id": "東京外環道-上り-0-98", "route": "東京外環道", "direction": "上り", "from": "戸田西", "to": "和光北IC", "grade": 0.0, "elevation_start": 3.2, "elevation_end": 3.2, "quality": "estimated", "structure": "bridge", "chain_rank": 0, "cum_dist_start": 24500.0, "cum_dist_end": 24750.0, "anomaly": false}, "geometry": {"type": "LineString", "coordinates": [[139.6250812094825, 35.807343817028055], [139.62490961756853, 35.8071670977121], [139.62473735832185, 35.80699081013114], [139.62456509907514, 35.80681452255018], [139.62439283982846, 35.80663823496921], [139.62422058058178, 35.80646194738825], [139.6240498596267, 35.80628467766455], [139.6238807595261, 35.80610637308477], [139.62371165942545, 35.80592806850499], [139.62354255932485, 35.80574976392521], [139.6233737944889, 35.805571250113545]]}}, {"type": "Feature", "properties": {"id": "東京外環道-上り-0-99", "route": "東京外環道", "direction": "上り", "from": "戸田西", "to": "和光北IC", "grade": 0.0, "elevation_start": 3.2, "elevation_end": 3.2, "quality": "estimated", "structure": "bridge", "chain_rank": 0, "cum_dist_start": 24750.0, "cum_dist_end": 25000.0, "anomaly": false}, "geometry": {"type": "LineString", "coordinates": [[139.6233737944889, 35.805571250113545], [139.6232062374503, 35.805391982540144], [139.62303868041167, 35.80521271496674], [139.62287112337302, 35.80503344739334], [139.6227035663344, 35.80485417981994], [139.62253822938143, 35.804673576921], [139.6223771767387, 35.80449039711752], [139.62221612409593, 35.80430721731404], [139.6220550714532, 35.80412403751057], [139.62189401881045, 35.80394085770709], [139.6217357670022, 35.80375608587753]]}}, {"type": "Feature", "properties": {"id": "東京外環道-上り-0-100", "route": "東京外環道", "direction": "上り", "from": "戸田西", "to": "和光北IC", "grade": 0.0, "elevation_start": 3.2, "elevation_end": 3.2, "quality": "estimated", "structure": "bridge", "chain_rank": 0, "cum_dist_start": 25000.0, "cum_dist_end": 25250.0, "anomaly": false}, "geometry": {"type": "LineString", "coordinates": [[139.6217357670022, 35.80375608587753], [139.62158123920645, 35.803569225214765], [139.62143105776525, 35.803380017235504], [139.62128087632408, 35.80319080925624], [139.62113069488288, 35.80300160127699], [139.6209805134417, 35.80281239329773], [139.6208303320005, 35.80262318531847], [139.6206806369244, 35.80243372469263], [139.62053321709195, 35.802243082171586], [139.6203857972595, 35.802052439650545], [139.62023837742706, 35.801861797129504]]}}, {"type": "Feature", "properties": {"id": "東京外環道-上り-0-101", "route": "東京外環道", "direction": "上り", "from": "新倉PA", "to": "和光IC", "grade": 0.0, "elevation_start": 3.2, "elevation_end": 3.2, "quality": "estimated", "structure": "bridge", "chain_rank": 0, "cum_dist_start": 25250.0, "cum_dist_end": 25500.0, "anomaly": false}, "geometry": {"type": "LineString", "coordinates": [[139.62023837742706, 35.801861797129504], [139.62009095759464, 35.801671154608464], [139.6199435377622, 35.80148051208742], [139.61979611792975, 35.80128986956638], [139.6196486980973, 35.80109922704534], [139.61950127826486, 35.8009085845243], [139.6193535198491, 35.800718116823], [139.61920533845583, 35.80052786751647], [139.61905735380716, 35.80033751809084], [139.6189124324044, 35.80014560984526], [139.61876751100164, 35.79995370159967]]}}, {"type": "Feature", "properties": {"id": "東京外環道-上り-0-102", "route": "東京外環道", "direction": "上り", "from": "新倉PA", "to": "和光IC", "grade": 0.0, "elevation_start": 3.2, "elevation_end": 3.2, "quality": "estimated", "structure": "bridge", "chain_rank": 0, "cum_dist_start": 25500.0, "cum_dist_end": 25750.0, "anomaly": false}, "geometry": {"type": "LineString", "coordinates": [[139.61876751100164, 35.79995370159967], [139.61862104518974, 35.79976257940003], [139.61847294050358, 35.79957229132556], [139.61832484010716, 35.79938200116017], [139.61817675523542, 35.79919170342772], [139.61802867036369, 35.799001405695265], [139.61788058549195, 35.798811107962806], [139.6177325006202, 35.798620810230354], [139.61758984448005, 35.79842778402514], [139.61744747391546, 35.79823461429006], [139.61730510335087, 35.79804144455498]]}}, {"type": "Feature", "properties": {"id": "東京外環道-上り-0-103", "route": "東京外環道", "direction": "上り", "from": "新倉PA", "to": "和光IC", "grade": 0.0, "elevation_start": 3.2, "elevation_end": 3.2, "quality": "estimated", "structure": "tunnel", "chain_rank": 0, "cum_dist_start": 25750.0, "cum_dist_end": 26000.0, "anomaly": false}, "geometry": {"type": "LineString", "coordinates": [[139.61730510335087, 35.79804144455498], [139.6171648919396, 35.79784723588287], [139.61702590061313, 35.797652440132815], [139.61688690928668, 35.79745764438276], [139.61675050806528, 35.79726167712741], [139.61662104513226, 35.79706257168218], [139.61649462774085, 35.79686219355528], [139.6163716478563, 35.79666037895087], [139.6162547099957, 35.79645622379779], [139.61614383468748, 35.79624987257239], [139.61604254793772, 35.79604021193589]]}}, {"type": "Feature", "properties": {"id": "東京外環道-上り-0-104", "route": "東京外環道", "direction": "上り", "from": "新倉PA", "to": "和光IC", "grade": 0.0, "elevation_start": 3.2, "elevation_end": 3.2, "quality": "estimated", "structure": "bridge", "chain_rank": 0, "cum_dist_start": 26000.0, "cum_dist_end": 26250.0, "anomaly": false}, "geometry": {"type": "LineString", "coordinates": [[139.61604254793772, 35.79604021193589], [139.61594723490512, 35.795828699372805], [139.6158622735496, 35.79561437433881], [139.61578439346485, 35.79539818320705], [139.61571058557007, 35.795181068050425], [139.6156471754679, 35.79496175429916], [139.61559339049265, 35.7947407528484], [139.61555006289828, 35.79451827934285], [139.61551746285616, 35.794294607046965], [139.61549384571856, 35.79407013302568], [139.6154779009879, 35.793845191626154]]}}, {"type": "Feature", "properties": {"id": "東京外環道-上り-0-105", "route": "東京外環道", "direction": "上り", "from": "新倉PA", "to": "和光IC", "grade": 0.0, "elevation_start": 3.2, "elevation_end": 3.2, "quality": "estimated", "structure": "bridge", "chain_rank": 0, "cum_dist_start": 26250.0, "cum_dist_end": 26500.0, "anomaly": false}, "geometry": {"type": "LineString", "coordinates": [[139.6154779009879, 35.793845191626154], [139.6154677224913, 35.793620060155924], [139.61546131151238, 35.7933948044981], [139.61546178796513, 35.793169488734115], [139.6154622768081, 35.792944172862], [139.6154677252977, 35.79271893081945], [139.61547734073022, 35.792493750806216], [139.61548695616278, 35.79226857079299], [139.61550484425078, 35.79204374282901], [139.6155240763483, 35.7918189720604], [139.61554330844578, 35.79159420129178]]}}, {"type": "Feature", "properties": {"id": "東京外環道-上り-0-106", "route": "東京外環道", "direction": "上り", "from": "新倉PA", "to": "和光IC", "grade": 0.0, "elevation_start": 3.2, "elevation_end": 3.2, "quality": "estimated", "structure": "tunnel", "chain_rank": 0, "cum_dist_start": 26500.0, "cum_dist_end": 26750.0, "anomaly": false}, "geometry": {"type": "LineString", "coordinates": [[139.61554330844578, 35.79159420129178], [139.6155625405433, 35.79136943052317], [139.61558047558452, 35.79114459044446], [139.61559743429012, 35.79091969819384], [139.61561439299575, 35.79069480594322], [139.61562972451864, 35.790469860462025], [139.61563433045094, 35.79024457597516], [139.61563828698024, 35.79001928269601], [139.6156422435095, 35.78979398941686], [139.61564010756717, 35.78956875238885], [139.6156298849834, 35.78934359002394]]}}, {"type": "Feature", "properties": {"id": "東京外環道-上り-0-107", "route": "東京外環道", "direction": "上り", "from": "新倉PA", "to": "和光IC", "grade": 0.0, "elevation_start": 3.2, "elevation_end": 3.2, "quality": "estimated", "structure": "tunnel", "chain_rank": 0, "cum_dist_start": 26750.0, "cum_dist_end": 27000.0, "anomaly": false}, "geometry": {"type": "LineString", "coordinates": [[139.6156298849834, 35.78934359002394], [139.6156180246802, 35.789118500347534], [139.61559816712855, 35.78889376562087], [139.6155674040031, 35.78866989078052], [139.61553031755466, 35.78844663663492], [139.61548217984085, 35.78822483296303], [139.6154265001143, 35.788004131053604], [139.61536093720548, 35.78778535746497], [139.61528626515795, 35.787568450589994], [139.61519701521573, 35.787355191799485], [139.61510325137397, 35.78714323280836]]}}, {"type": "Feature", "properties": {"id": "東京外環道-上り-0-108", "route": "東京外環道", "direction": "上り", "from": "和光IC", "to": "和光", "grade": 0.0, "elevation_start": 3.2, "elevation_end": 3.2, "quality": "estimated", "structure": "tunnel", "chain_rank": 0, "cum_dist_start": 27000.0, "cum_dist_end": 27250.0, "anomaly": false}, "geometry": {"type": "LineString", "coordinates": [[139.61510325137397, 35.78714323280836], [139.61500602637554, 35.78693231731038], [139.61490485414433, 35.7867226222339], [139.61479391379555, 35.786516339560386], [139.61467615634461, 35.78631248857495], [139.61455160159812, 35.78611132244994], [139.61441774213836, 35.78591418149641], [139.61427558511707, 35.78572098785228], [139.6141258254044, 35.78553162471624], [139.61396937121629, 35.78534586298338], [139.61380437060706, 35.78516505313704]]}}, {"type": "Feature", "properties": {"id": "東京外環道-上り-0-109", "route": "東京外環道", "direction": "上り", "from": "和光IC", "to": "和光", "grade": 0.0, "elevation_start": 3.2, "elevation_end": 3.2, "quality": "estimated", "structure": "tunnel", "chain_rank": 0, "cum_dist_start": 27250.0, "cum_dist_end": 27500.0, "anomaly": false}, "geometry": {"type": "LineString", "coordinates": [[139.61380437060706, 35.78516505313704], [139.61363294922106, 35.784988336174706], [139.61345729355745, 35.78481431832614], [139.61327607073437, 35.78464419000381], [139.61309183412118, 35.78447616728236], [139.61290759750798, 35.7843081445609], [139.61272172945604, 35.784141324527106], [139.61253501163952, 35.78397513093507], [139.61234829742514, 35.78380893511784], [139.61216158436505, 35.783642738587574], [139.61197486349263, 35.78347654817701]]}}, {"type": "Feature", "properties": {"id": "東京外環道-上り-0-110", "route": "東京外環道", "direction": "上り", "from": "和光IC", "to": "和光", "grade": 0.0, "elevation_start": 3.2, "elevation_end": 3.2, "quality": "estimated", "structure": "tunnel", "chain_rank": 0, "cum_dist_start": 27500.0, "cum_dist_end": 27750.0, "anomaly": false}, "geometry": {"type": "LineString", "coordinates": [[139.61197486349263, 35.78347654817701], [139.61178813006833, 35.78331036759884], [139.61160139664403, 35.78314418702067], [139.61141620175093, 35.78297687891929], [139.61123511111992, 35.78280661056394], [139.61105620407662, 35.78263481235445], [139.61088090824893, 35.782460645248825], [139.61071578113445, 35.78227991557235], [139.61055650826228, 35.78209573212527], [139.6104051569615, 35.78190725511969], [139.61025896849875, 35.7817160280208]]}}, {"type": "Feature", "properties": {"id": "東京外環道-上り-0-111", "route": "東京外環道", "direction": "上り", "from": "和光IC", "to": "和光", "grade": 0.0, "elevation_start": 3.2, "elevation_end": 3.2, "quality": "estimated", "structure": "normal", "chain_rank": 0, "cum_dist_start": 27750.0, "cum_dist_end": 28000.0, "anomaly": false}, "geometry": {"type": "LineString", "coordinates": [[139.61025896849875, 35.7817160280208], [139.610131581461, 35.78151604585263], [139.6100070500769, 35.78131493128027], [139.60989251468527, 35.78110985281549], [139.6097852916105, 35.780902357119906], [139.60969211022166, 35.780690219667605], [139.60960572356572, 35.78047629676414], [139.60952926050626, 35.780259766238395], [139.60946040985996, 35.78004159390747], [139.609395404264, 35.77982259229634], [139.60932558873483, 35.77960462520644]]}}, {"type": "Feature", "properties": {"id": "東京外環道-上り-0-112", "route": "東京外環道", "direction": "上り", "from": "和光", "to": "大泉IC/JCT", "grade": 0.0, "elevation_start": 3.2, "elevation_end": 3.2, "quality": "estimated", "structure": "tunnel", "chain_rank": 0, "cum_dist_start": 28000.0, "cum_dist_end": 28250.0, "anomaly": false}, "geometry": {"type": "LineString", "coordinates": [[139.60932558873483, 35.77960462520644], [139.60924817792434, 35.77938832063995], [139.60916983156255, 35.7791722378257], [139.60908215920753, 35.778958736785185], [139.60898276540615, 35.778748480666884], [139.60887760324846, 35.77854019949282], [139.60876289116104, 35.77833518798129], [139.6086404760161, 35.778133253988926], [139.6085118530199, 35.777933800152134], [139.60838323002372, 35.77773434631534], [139.6082422161049, 35.77754071291939]]}}, {"type": "Feature", "properties": {"id": "東京外環道-上り-0-113", "route": "東京外環道", "direction": "上り", "from": "和光", "to": "大泉IC/JCT", "grade": 0.0, "elevation_start": 3.2, "elevation_end": 3.2, "quality": "estimated", "structure": "tunnel", "chain_rank": 0, "cum_dist_start": 28250.0, "cum_dist_end": 28500.0, "anomaly": false}, "geometry": {"type": "LineString", "coordinates": [[139.6082422161049, 35.77754071291939], [139.60809479713703, 35.77735009211958], [139.60793553327247, 35.77716594915292], [139.60777442350485, 35.776982845841076], [139.60760488799662, 35.77680485411074], [139.60743147302205, 35.77662944887602], [139.60725096612768, 35.77645877192549], [139.60706522304937, 35.77629187017958], [139.60687937443913, 35.77612504452049], [139.6066935258289, 35.775958218861405], [139.60650767721864, 35.77579139320232]]}}, {"type": "Feature", "properties": {"id": "東京外環道-上り-0-114", "route": "東京外環道", "direction": "上り", "from": "和光", "to": "大泉IC/JCT", "grade": 0.0, "elevation_start": 3.2, "elevation_end": 3.2, "quality": "estimated", "structure": "tunnel", "chain_rank": 0, "cum_dist_start": 28500.0, "cum_dist_end": 28750.0, "anomaly": false}, "geometry": {"type": "LineString", "coordinates": [[139.60650767721864, 35.77579139320232], [139.6063249862582, 35.775622282379416], [139.60614357432024, 35.77545224593896], [139.60596216238233, 35.7752822094985], [139.60578075044438, 35.77511217305804], [139.60559933850647, 35.774942136617575], [139.60541792656852, 35.77477210017712], [139.60523635483537, 35.774602178270804], [139.60505475253927, 35.774432278270645], [139.6048731502432, 35.774262378270485], [139.6046915479471, 35.77409247827032]]}}, {"type": "Feature", "properties": {"id": "東京外環道-上り-0-115", "route": "東京外環道", "direction": "上り", "from": "和光", "to": "大泉IC/JCT", "grade": 0.0, "elevation_start": 3.2, "elevation_end": 3.2, "quality": "estimated", "structure": "tunnel", "chain_rank": 0, "cum_dist_start": 28750.0, "cum_dist_end": 29000.0, "anomaly": false}, "geometry": {"type": "LineString", "coordinates": [[139.6046915479471, 35.77409247827032], [139.60450994565102, 35.77392257827016], [139.60433475022236, 35.77374826968853], [139.60415959189757, 35.77357393557565], [139.60398443357278, 35.77339960146276], [139.60381033585873, 35.773224574897526], [139.60363972807727, 35.77304726982245], [139.603476196911, 35.77286573079167], [139.6033197132497, 35.77267997522187], [139.6031711154196, 35.77249003936213], [139.60302948594443, 35.77229661700354]]}}, {"type": "Feature", "properties": {"id": "東京外環道-上り-0-116", "route": "東京外環道", "direction": "上り", "from": "和光", "to": "大泉IC/JCT", "grade": 0.0, "elevation_start": 3.2, "elevation_end": 3.2, "quality": "estimated", "structure": "tunnel", "chain_rank": 0, "cum_dist_start": 29000.0, "cum_dist_end": 29250.0, "anomaly": false}, "geometry": {"type": "LineString", "coordinates": [[139.60302948594443, 35.77229661700354], [139.6028993682745, 35.772097811865066], [139.60276323095718, 35.77190171545657], [139.60262611045553, 35.77170606146283], [139.6024957376603, 35.77150751284174], [139.6023754367934, 35.771304643570375], [139.60225513592655, 35.77110177429902], [139.60214176598674, 35.77089629736474], [139.6020326289755, 35.77068929364158], [139.60192706105005, 35.77048104878509], [139.6018223101556, 35.77027253386987]]}}, {"type": "Feature", "properties": {"id": "東京外環道-上り-0-117", "route": "東京外環道", "direction": "上り", "from": "和光", "to": "大泉IC/JCT", "grade": 0.0, "elevation_start": 3.2, "elevation_end": 3.2, "quality": "estimated", "structure": "tunnel", "chain_rank": 0, "cum_dist_start": 29250.0, "cum_dist_end": 29500.0, "anomaly": false}, "geometry": {"type": "LineString", "coordinates": [[139.6018223101556, 35.77027253386987], [139.60172003343783, 35.770063201148496], [139.60162841087984, 35.7698507114834], [139.60154182570912, 35.769636729185535], [139.60145524053837, 35.76942274688767], [139.60136865536762, 35.769208764589806], [139.60128824950328, 35.76899321893449], [139.60121316596337, 35.76877638123027], [139.60114233686764, 35.76855859587176], [139.60107729220218, 35.76833960341331], [139.60101224753672, 35.76812061095486]]}}, {"type": "Feature", "properties": {"id": "東京外環道-上り-0-118", "route": "東京外環道", "direction": "上り", "from": "和光", "to": "大泉IC/JCT", "grade": 0.0, "elevation_start": 3.2, "elevation_end": 3.2, "quality": "estimated", "structure": "tunnel", "chain_rank": 0, "cum_dist_start": 29500.0, "cum_dist_end": 29750.0, "anomaly": false}, "geometry": {"type": "LineString", "coordinates": [[139.60101224753672, 35.76812061095486], [139.60094719208297, 35.767901620640416], [139.60088206673342, 35.76768264421674], [139.60081694138384, 35.767463667793066], [139.6007518160343, 35.767244691369385], [139.60068669068474, 35.76702571494571], [139.6006212961719, 35.76680679206184], [139.60055483619044, 35.766588082810564], [139.60048779083664, 35.76636949181656], [139.6004207454828, 35.76615090082255], [139.60035370012898, 35.76593230982855]]}}, {"type": "Feature", "properties": {"id": "東京外環道-上り-0-119", "route": "東京外環道", "direction": "上り", "from": "和光", "to": "大泉IC/JCT", "grade": 0.0, "elevation_start": 3.2, "elevation_end": 3.2, "quality": "estimated", "structure": "tunnel", "chain_rank": 0, "cum_dist_start": 29750.0, "cum_dist_end": 30000.0, "anomaly": false}, "geometry": {"type": "LineString", "coordinates": [[139.60035370012898, 35.76593230982855], [139.60028665477515, 35.76571371883455], [139.60021960942132, 35.76549512784054], [139.60015256406749, 35.765276536846535], [139.60008551871368, 35.765057945852526], [139.60001892771947, 35.76483926311903], [139.59995290369096, 35.76462046590981], [139.59988687966245, 35.764401668700586], [139.59982085563394, 35.76418287149137], [139.59975483160542, 35.76396407428215], [139.59968384951898, 35.763746339068376]]}}, {"type": "Feature", "properties": {"id": "東京外環道-上り-1-0", "route": "東京外環道", "direction": "上り", "from": null, "to": "市川南", "grade": 0.0, "elevation_start": 0.0, "elevation_end": 0.0, "quality": "estimated", "structure": "bridge", "chain_rank": 1, "cum_dist_start": 0.0, "cum_dist_end": 250.0, "anomaly": false}, "geometry": {"type": "LineString", "coordinates": [[139.9445289, 35.6894139], [139.94436308055364, 35.68959409335137], [139.944192904373, 35.689771552710546], [139.9440193825576, 35.68994678767927], [139.9438379915983, 35.69011670404429], [139.94365712324384, 35.69028699132157], [139.9434728714439, 35.690454822647], [139.94328655110837, 35.69062115247823], [139.9430991494697, 35.69078667132071], [139.94291149374743, 35.690951999597814], [139.94272947484885, 35.69112142636331]]}}, {"type": "Feature", "properties": {"id": "東京外環道-上り-1-1", "route": "東京外環道", "direction": "上り", "from": null, "to": "市川南", "grade": 0.0, "elevation_start": 0.0, "elevation_end": 0.0, "quality": "estimated", "structure": "bridge", "chain_rank": 1, "cum_dist_start": 250.0, "cum_dist_end": 500.0, "anomaly": false}, "geometry": {"type": "LineString", "coordinates": [[139.94272947484885, 35.69112142636331], [139.94254554968828, 35.69128948952588], [139.9423593717341, 35.69145592696614], [139.94217319377992, 35.691622364406406], [139.94198972548716, 35.69179079192705], [139.94180638034626, 35.69195930989521], [139.94162342831308, 35.692128110835476], [139.9414418970741, 35.692297919265286], [139.94126745173065, 35.69247261240041], [139.94109780555365, 35.69265033948375], [139.9409339853384, 35.692831749637165]]}}, {"type": "Feature", "properties": {"id": "東京外環道-上り-1-2", "route": "東京外環道", "direction": "上り", "from": null, "to": "市川南", "grade": 0.0, "elevation_start": 0.0, "elevation_end": 0.0, "quality": "estimated", "structure": "bridge", "chain_rank": 1, "cum_dist_start": 500.0, "cum_dist_end": 750.0, "anomaly": false}, "geometry": {"type": "LineString", "coordinates": [[139.9409339853384, 35.692831749637165], [139.94077231535582, 35.69301443253812], [139.9406117769404, 35.69319778522673], [139.94045123852496, 35.69338113791533], [139.94029052425458, 35.69356438864012], [139.94012976406773, 35.69374761274173], [139.9399690038809, 35.69393083684334], [139.93980824369402, 35.694114060944955], [139.93964618033579, 35.6942965099229], [139.93948139261718, 35.69447733845689], [139.93931660489858, 35.69465816699089]]}}, {"type": "Feature", "properties": {"id": "東京外環道-上り-1-3", "route": "東京外環道", "direction": "上り", "from": null, "to": "市川南", "grade": 0.0, "elevation_start": 0.0, "elevation_end": 0.0, "quality": "estimated", "structure": "bridge", "chain_rank": 1, "cum_dist_start": 750.0, "cum_dist_end": 1000.0, "anomaly": false}, "geometry": {"type": "LineString", "coordinates": [[139.93931660489858, 35.69465816699089], [139.93915181717998, 35.69483899552488], [139.93898702946137, 35.69501982405888], [139.93882224174274, 35.695200652592874], [139.93865539504174, 35.6953802142909], [139.93848738042823, 35.695559057404076], [139.93831936581472, 35.69573790051725], [139.9381513512012, 35.69591674363043], [139.93798333658768, 35.6960955867436], [139.93781532197417, 35.69627442985678], [139.93764730736066, 35.696453272969954]]}}, {"type": "Feature", "properties": {"id": "東京外環道-上り-1-4", "route": "東京外環道", "direction": "上り", "from": null, "to": "市川南", "grade": 0.0, "elevation_start": 0.0, "elevation_end": 0.0, "quality": "estimated", "structure": "tunnel", "chain_rank": 1, "cum_dist_start": 1000.0, "cum_dist_end": 1250.0, "anomaly": false}, "geometry": {"type": "LineString", "coordinates": [[139.93764730736066, 35.696453272969954], [139.93747953890525, 35.696632270083995], [139.93731212887903, 35.69681149143771], [139.93714471885284, 35.69699071279141], [139.93697730882664, 35.69716993414512], [139.93680989880042, 35.697349155498834], [139.9366355778405, 35.69752382999538], [139.93646690012153, 35.697702259427444], [139.93629823294816, 35.697880695839515], [139.93612956577482, 35.69805913225159], [139.93596328453228, 35.698239032551136]]}}, {"type": "Feature", "properties": {"id": "東京外環道-上り-1-5", "route": "東京外環道", "direction": "上り", "from": "市川南", "to": "京葉市川", "grade": 0.0, "elevation_start": 0.0, "elevation_end": 0.0, "quality": "estimated", "structure": "tunnel", "chain_rank": 1, "cum_dist_start": 1250.0, "cum_dist_end": 1500.0, "anomaly": false}, "geometry": {"type": "LineString", "coordinates": [[139.93596328453228, 35.698239032551136], [139.93579995450403, 35.698420743567745], [139.9356366244758, 35.69860245458436], [139.93547329444758, 35.69878416560097], [139.93530996441933, 35.69896587661758], [139.9351429231413, 35.69914531468394], [139.93497451068794, 35.69932391297567], [139.93480609823456, 35.6995025112674], [139.93463078210397, 35.699676568198385], [139.9344524589575, 35.699848647061245], [139.9342708660909, 35.7000183639852]]}}, {"type": "Feature", "properties": {"id": "東京外環道-上り-1-6", "route": "東京外環道", "direction": "上り", "from": "市川南", "to": "京葉市川", "grade": 0.0, "elevation_start": 0.0, "elevation_end": 0.0, "quality": "estimated", "structure": "tunnel", "chain_rank": 1, "cum_dist_start": 1500.0, "cum_dist_end": 1750.0, "anomaly": false}, "geometry": {"type": "LineString", "coordinates": [[139.9342708660909, 35.7000183639852], [139.93408299452017, 35.70018354537861], [139.93389512294942, 35.70034872677201], [139.93369728077317, 35.70050584084264], [139.93349628688085, 35.700660404826294], [139.9332952929885, 35.70081496880995], [139.93308847375698, 35.700964233343974], [139.93287823874988, 35.70111039046567], [139.93266800374275, 35.70125654758737], [139.93245151059725, 35.701396413405924], [139.93223283802774, 35.701534088250725]]}}, {"type": "Feature", "properties": {"id": "東京外環道-上り-1-7", "route": "東京外環道", "direction": "上り", "from": "市川南", "to": "京葉市川", "grade": 0.0, "elevation_start": 0.0, "elevation_end": 0.0, "quality": "estimated", "structure": "tunnel", "chain_rank": 1, "cum_dist_start": 1750.0, "cum_dist_end": 2000.0, "anomaly": false}, "geometry": {"type": "LineString", "coordinates": [[139.93223283802774, 35.701534088250725], [139.9320075317523, 35.701664402108094], [139.93178074558568, 35.7017930315591], [139.9315490950386, 35.70191577787736], [139.9313174444915, 35.70203852419563], [139.93108579394442, 35.70216127051389], [139.93085414339734, 35.70228401683215], [139.93062249285023, 35.70240676315042], [139.93039084230315, 35.70252950946868], [139.9301602789711, 35.70265359963717], [139.92993090747535, 35.70277916297279]]}}, {"type": "Feature", "properties": {"id": "東京外環道-上り-1-8", "route": "東京外環道", "direction": "上り", "from": "市川南", "to": "京葉市川", "grade": 0.0, "elevation_start": 0.0, "elevation_end": 0.0, "quality": "estimated", "structure": "tunnel", "chain_rank": 1, "cum_dist_start": 2000.0, "cum_dist_end": 2250.0, "anomaly": false}, "geometry": {"type": "LineString", "coordinates": [[139.92993090747535, 35.70277916297279], [139.9297069465647, 35.70291098114693], [139.9294850303376, 35.70304516305168], [139.92926651947946, 35.703182883734854], [139.9290540159478, 35.703326847088896], [139.92884633517374, 35.70347541725434], [139.92864636912128, 35.70363070936418], [139.92845106172334, 35.7037900559824], [139.9282620069085, 35.70395415530639], [139.92808089169094, 35.704124289667284], [139.9279017682785, 35.704295784810775]]}}, {"type": "Feature", "properties": {"id": "東京外環道-上り-1-9", "route": "東京外環道", "direction": "上り", "from": "市川南", "to": "京葉市川", "grade": 0.0, "elevation_start": 0.0, "elevation_end": 0.0, "quality": "estimated", "structure": "tunnel", "chain_rank": 1, "cum_dist_start": 2250.0, "cum_dist_end": 2500.0, "anomaly": false}, "geometry": {"type": "LineString", "coordinates": [[139.9279017682785, 35.704295784810775], [139.92772819634015, 35.704471072669406], [139.9275682805246, 35.70465462425003], [139.9274152321015, 35.70484215810151], [139.92726988789897, 35.70503376986783], [139.92713063959096, 35.70522834320465], [139.9269941455693, 35.705424222568176], [139.9268656514532, 35.70562368414588], [139.92674090203428, 35.705824713459116], [139.92661854314582, 35.70602671819651], [139.9264987256293, 35.706229741309805]]}}, {"type": "Feature", "properties": {"id": "東京外環道-上り-1-10", "route": "東京外環道", "direction": "上り", "from": "市川南", "to": "京葉市川", "grade": 0.0, "elevation_start": 0.0, "elevation_end": 0.0, "quality": "estimated", "structure": "tunnel", "chain_rank": 1, "cum_dist_start": 2500.0, "cum_dist_end": 2750.0, "anomaly": false}, "geometry": {"type": "LineString", "coordinates": [[139.9264987256293, 35.706229741309805], [139.92637890811275, 35.7064327644231], [139.92625868484978, 35.706635627918736], [139.92613820508114, 35.706838390506945], [139.9260177253125, 35.707041153095155], [139.92589724554387, 35.70724391568336], [139.92577462877804, 35.70744582363782], [139.92565049417223, 35.70764711003466], [139.92552464110548, 35.707847690087014], [139.9253976485137, 35.7080477903314], [139.9252699664821, 35.708247600280515]]}}, {"type": "Feature", "properties": {"id": "東京外環道-上り-1-11", "route": "東京外環道", "direction": "上り", "from": "京葉JCT", "to": "市川中央IC", "grade": 0.0, "elevation_start": 0.0, "elevation_end": 0.0, "quality": "estimated", "structure": "tunnel", "chain_rank": 1, "cum_dist_start": 2750.0, "cum_dist_end": 3000.0, "anomaly": false}, "geometry": {"type": "LineString", "coordinates": [[139.9252699664821, 35.708247600280515], [139.9251422844505, 35.70844741022964], [139.9250142222078, 35.70864705809291], [139.92488575714367, 35.70884653423143], [139.92475585406746, 35.709045381616015], [139.92462323840908, 35.70924304295588], [139.92449053041878, 35.70944066298019], [139.9243571935211, 35.70963800158878], [139.92422337076135, 35.70983511858971], [139.92408698428542, 35.71003106624815], [139.92395000265583, 35.71022673663348]]}}, {"type": "Feature", "properties": {"id": "東京外環道-上り-1-12", "route": "東京外環道", "direction": "上り", "from": "京葉JCT", "to": "市川中央IC", "grade": 0.0, "elevation_start": 0.0, "elevation_end": 0.0, "quality": "estimated", "structure": "tunnel", "chain_rank": 1, "cum_dist_start": 3000.0, "cum_dist_end": 3250.0, "anomaly": false}, "geometry": {"type": "LineString", "coordinates": [[139.92395000265583, 35.71022673663348], [139.9238122045656, 35.71042202664215], [139.92367440647536, 35.71061731665082], [139.92353660838512, 35.71081260665949], [139.92339598780106, 35.71100654968874], [139.92325468547358, 35.71120016736942], [139.9231127857353, 35.7113934933097], [139.92296909248373, 35.71158592579344], [139.92282081500596, 35.711776042980304], [139.92267253752823, 35.71196616016716], [139.92252426005047, 35.71215627735401]]}}, {"type": "Feature", "properties": {"id": "東京外環道-上り-1-13", "route": "東京外環道", "direction": "上り", "from": "京葉JCT", "to": "市川中央IC", "grade": 0.0, "elevation_start": 0.0, "elevation_end": 0.0, "quality": "estimated", "structure": "tunnel", "chain_rank": 1, "cum_dist_start": 3250.0, "cum_dist_end": 3500.0, "anomaly": false}, "geometry": {"type": "LineString", "coordinates": [[139.92252426005047, 35.71215627735401], [139.9223738230929, 35.71234525535635], [139.92222192822328, 35.7125334642703], [139.92207003335366, 35.712721673184255], [139.92191813848405, 35.71290988209821], [139.92176624361443, 35.713098091012164], [139.92161340709322, 35.71328579099579], [139.92145984811708, 35.71347310051734], [139.92130628914094, 35.71366041003889], [139.92115273016478, 35.71384771956044], [139.92099917118864, 35.71403502908199]]}}, {"type": "Feature", "properties": {"id": "東京外環道-上り-1-14", "route": "東京外環道", "direction": "上り", "from": "京葉JCT", "to": "市川中央IC", "grade": 0.0, "elevation_start": 0.0, "elevation_end": 0.0, "quality": "estimated", "structure": "tunnel", "chain_rank": 1, "cum_dist_start": 3500.0, "cum_dist_end": 3750.0, "anomaly": false}, "geometry": {"type": "LineString", "coordinates": [[139.92099917118864, 35.71403502908199], [139.920845208351, 35.714222118074225], [139.9206909413246, 35.71440904096361], [139.92053667429818, 35.71459596385299], [139.92038662742976, 35.714785148887366], [139.92023727372163, 35.714974707677165], [139.9200874700298, 35.71516403097403], [139.919937666338, 35.7153533542709], [139.9197878626462, 35.71554267756777], [139.91963805895435, 35.715732000864634], [139.91948825526254, 35.7159213241615]]}}, {"type": "Feature", "properties": {"id": "東京外環道-上り-1-15", "route": "東京外環道", "direction": "上り", "from": "京葉JCT", "to": "市川中央IC", "grade": 0.0, "elevation_start": 0.0, "elevation_end": 0.0, "quality": "estimated", "structure": "tunnel", "chain_rank": 1, "cum_dist_start": 3750.0, "cum_dist_end": 4000.0, "anomaly": false}, "geometry": {"type": "LineString", "coordinates": [[139.91948825526254, 35.7159213241615], [139.91933845157072, 35.71611064745837], [139.9191886478789, 35.71629997075524], [139.91903959070356, 35.71648968152366], [139.91889288003927, 35.71668061022407], [139.918746169375, 35.71687153892447], [139.9185994587107, 35.71706246762488], [139.9184527480464, 35.71725339632528], [139.9183060373821, 35.71744432502569], [139.9181593267178, 35.717635253726094], [139.91801261493907, 35.71782618235984]]}}, {"type": "Feature", "properties": {"id": "東京外環道-上り-1-16", "route": "東京外環道", "direction": "上り", "from": "京葉JCT", "to": "市川中央IC", "grade": 0.0, "elevation_start": 0.0, "elevation_end": 0.0, "quality": "estimated", "structure": "tunnel", "chain_rank": 1, "cum_dist_start": 4000.0, "cum_dist_end": 4250.0, "anomaly": false}, "geometry": {"type": "LineString", "coordinates": [[139.91801261493907, 35.71782618235984], [139.91786590206476, 35.718017110928066], [139.91771918919048, 35.71820803949629], [139.91757247631617, 35.71839896806451], [139.91742576344188, 35.718589896632736], [139.9172810496937, 35.71878183344165], [139.91713719967123, 35.71897420586258], [139.9169983683908, 35.71916898547643], [139.91686259106893, 35.71936521453118], [139.91673331090647, 35.71956434720969], [139.9166086171306, 35.71976534150104]]}}, {"type": "Feature", "properties": {"id": "東京外環道-上り-1-17", "route": "東京外環道", "direction": "上り", "from": "京葉JCT", "to": "市川中央IC", "grade": 0.0, "elevation_start": 0.0, "elevation_end": 0.0, "quality": "estimated", "structure": "tunnel", "chain_rank": 1, "cum_dist_start": 4250.0, "cum_dist_end": 4500.0, "anomaly": false}, "geometry": {"type": "LineString", "coordinates": [[139.9166086171306, 35.71976534150104], [139.9164917493198, 35.719969512349074], [139.91638562935907, 35.720177429301636], [139.91628878129504, 35.720388428413045], [139.91620561141397, 35.72060319077585], [139.91613213704224, 35.720820350782446], [139.91607053972047, 35.72103990992567], [139.9160282977706, 35.72126258009968], [139.91599587261496, 35.72148629871762], [139.9159747989262, 35.721710937702426], [139.91597029114166, 35.72193619808658]]}}, {"type": "Feature", "properties": {"id": "東京外環道-上り-1-18", "route": "東京外環道", "direction": "上り", "from": "市川中央IC", "to": null, "grade": 0.0, "elevation_start": 0.0, "elevation_end": 0.0, "quality": "estimated", "structure": "tunnel", "chain_rank": 1, "cum_dist_start": 4500.0, "cum_dist_end": 4750.0, "anomaly": false}, "geometry": {"type": "LineString", "coordinates": [[139.91597029114166, 35.72193619808658], [139.9159759146773, 35.72216147030786], [139.91600242779484, 35.722385714791656], [139.9160395800212, 35.722608967234706], [139.91609088622772, 35.72283029867589], [139.91615284927101, 35.72304978712172], [139.9162299379712, 35.72326610423139], [139.91631998787446, 35.72347908697102], [139.91642114596294, 35.723688717949194], [139.9165324539417, 35.72389488080905], [139.916650770496, 35.72409845188428]]}}, {"type": "Feature", "properties": {"id": "東京外環道-上り-1-19", "route": "東京外環道", "direction": "上り", "from": "市川中央IC", "to": null, "grade": 0.0, "elevation_start": 0.0, "elevation_end": 0.0, "quality": "estimated", "structure": "tunnel", "chain_rank": 1, "cum_dist_start": 4750.0, "cum_dist_end": 5000.0, "anomaly": false}, "geometry": {"type": "LineString", "coordinates": [[139.916650770496, 35.72409845188428], [139.91677903684388, 35.72429802271388], [139.9169094717983, 35.72449665739232], [139.9170399067527, 35.72469529207076], [139.9171714901322, 35.72489339770449], [139.9173128258263, 35.7250870107417], [139.91745416152034, 35.725280623778914], [139.91759787873994, 35.72547306667517], [139.91774182780233, 35.72566539565756], [139.91788577686475, 35.72585772463995], [139.91803088652964, 35.7260494718608]]}}, {"type": "Feature", "properties": {"id": "東京外環道-上り-2-0", "route": "東京外環道", "direction": "上り", "from": null, "to": "三郷中央IC", "grade": 0.0, "elevation_start": 0.0, "elevation_end": 0.0, "quality": "estimated", "structure": "bridge", "chain_rank": 2, "cum_dist_start": 0.0, "cum_dist_end": 250.0, "anomaly": false}, "geometry": {"type": "LineString", "coordinates": [[139.8650215, 35.8313695], [139.86521054443924, 35.83120497894093], [139.86539958887843, 35.83104045788187], [139.86558863331766, 35.8308759368228], [139.86577767775685, 35.83071141576374], [139.86596672219608, 35.83054689470467], [139.86615576663527, 35.830382373645605], [139.8663448110745, 35.830217852586536], [139.86653447330696, 35.83005380573699], [139.86672466662998, 35.829890166545205], [139.86691272509734, 35.82972491133909]]}}, {"type": "Feature", "properties": {"id": "東京外環道-上り-2-1", "route": "東京外環道", "direction": "上り", "from": "三郷中央IC", "to": "三郷南", "grade": 0.0, "elevation_start": 0.0, "elevation_end": 0.0, "quality": "estimated", "structure": "bridge", "chain_rank": 2, "cum_dist_start": 250.0, "cum_dist_end": 500.0, "anomaly": false}, "geometry": {"type": "LineString", "coordinates": [[139.86691272509734, 35.82972491133909], [139.86709930471915, 35.8295585366964], [139.867283620271, 35.82939051859343], [139.8674652525065, 35.82922055270444], [139.86764663503547, 35.829050416364204], [139.86782181110794, 35.82887602241521], [139.86799873427034, 35.828702794483405], [139.86817607786338, 35.82852985256072], [139.8683536419491, 35.82835706063407], [139.8685303813161, 35.828183722116606], [139.86870211252432, 35.828007064390384]]}}, {"type": "Feature", "properties": {"id": "東京外環道-上り-2-2", "route": "東京外環道", "direction": "上り", "from": "三郷中央IC", "to": "三郷南", "grade": 0.0, "elevation_start": 0.0, "elevation_end": 0.0, "quality": "estimated", "structure": "bridge", "chain_rank": 2, "cum_dist_start": 500.0, "cum_dist_end": 750.0, "anomaly": false}, "geometry": {"type": "LineString", "coordinates": [[139.86870211252432, 35.828007064390384], [139.86887384373253, 35.82783040666416], [139.86904557494074, 35.82765374893795], [139.86921730614895, 35.827477091211726], [139.86937955193102, 35.827294589778084], [139.86954160647733, 35.82711197052941], [139.86970164487977, 35.8269281911385], [139.8698589269984, 35.826742825709395], [139.87001620911707, 35.82655746028029], [139.87016565233364, 35.82636786891168], [139.87031376717, 35.82617756141542]]}}, {"type": "Feature", "properties": {"id": "東京外環道-上り-2-3", "route": "東京外環道", "direction": "上り", "from": "三郷中央IC", "to": "三郷南", "grade": 0.0, "elevation_start": 0.0, "elevation_end": 0.0, "quality": "estimated", "structure": "bridge", "chain_rank": 2, "cum_dist_start": 750.0, "cum_dist_end": 1000.0, "anomaly": false}, "geometry": {"type": "LineString", "coordinates": [[139.87031376717, 35.82617756141542], [139.8704618820063, 35.82598725391916], [139.8706088740102, 35.825796371101525], [139.87075556858497, 35.825605335885975], [139.87090084410644, 35.825413605657594], [139.87103929872157, 35.82521853473899], [139.8711777533367, 35.82502346382037], [139.87131767546714, 35.82482908932679], [139.87145254580224, 35.824632420765546], [139.87158214760746, 35.82443335706831], [139.8717117494127, 35.82423429337107]]}}, {"type": "Feature", "properties": {"id": "東京外環道-上り-2-4", "route": "東京外環道", "direction": "上り", "from": "三郷中央IC", "to": "三郷南", "grade": 0.0, "elevation_start": 0.0, "elevation_end": 0.0, "quality": "estimated", "structure": "bridge", "chain_rank": 2, "cum_dist_start": 1000.0, "cum_dist_end": 1250.0, "anomaly": false}, "geometry": {"type": "LineString", "coordinates": [[139.8717117494127, 35.82423429337107], [139.87184070047624, 35.824034960734146], [139.8719614722769, 35.823832247756904], [139.87208224407755, 35.82362953477966], [139.87220173841192, 35.82342632360453], [139.87231182885444, 35.82321964021423], [139.87242038317132, 35.823012394568224], [139.87252893748817, 35.822805148922214], [139.87263491738594, 35.82259703023075], [139.87273908394354, 35.82238829659344], [139.87284325050115, 35.822179562956116]]}}, {"type": "Feature", "properties": {"id": "東京外環道-上り-2-5", "route": "東京外環道", "direction": "上り", "from": "三郷中央IC", "to": "三郷南", "grade": 0.0, "elevation_start": 0.0, "elevation_end": 0.0, "quality": "estimated", "structure": "bridge", "chain_rank": 2, "cum_dist_start": 1250.0, "cum_dist_end": 1500.0, "anomaly": false}, "geometry": {"type": "LineString", "coordinates": [[139.87284325050115, 35.822179562956116], [139.87294383738535, 35.821969712972376], [139.87303750526237, 35.8217577052474], [139.87313117313943, 35.82154569752242], [139.87322484101645, 35.821333689797434], [139.87331850889348, 35.82112168207246], [139.87340977237957, 35.82090901965156], [139.87349150949794, 35.820693763278896], [139.8735732466163, 35.82047850690624], [139.8736543645794, 35.82026309888466], [139.87373198178076, 35.82004683342593]]}}, {"type": "Feature", "properties": {"id": "東京外環道-上り-2-6", "route": "東京外環道", "direction": "上り", "from": "三郷中央IC", "to": "三郷南", "grade": 0.0, "elevation_start": 0.0, "elevation_end": 0.0, "quality": "estimated", "structure": "bridge", "chain_rank": 2, "cum_dist_start": 1500.0, "cum_dist_end": 1750.0, "anomaly": false}, "geometry": {"type": "LineString", "coordinates": [[139.87373198178076, 35.82004683342593], [139.87380825933937, 35.81983027070404], [139.8738760662287, 35.81961182836325], [139.87394387311798, 35.819393386022455], [139.8740116800073, 35.819174943681666], [139.87407670187588, 35.81895596731282], [139.87413567889163, 35.818735831842716], [139.8741946559074, 35.818515696372614], [139.87425363292317, 35.81829556090251], [139.87430933162253, 35.81807486425539], [139.87436416048183, 35.81785401871042]]}}, {"type": "Feature", "properties": {"id": "東京外環道-上り-2-7", "route": "東京外環道", "direction": "上り", "from": "三郷中央IC", "to": "三郷南", "grade": 0.0, "elevation_start": 0.0, "elevation_end": 0.0, "quality": "estimated", "structure": "bridge", "chain_rank": 2, "cum_dist_start": 1750.0, "cum_dist_end": 2000.0, "anomaly": false}, "geometry": {"type": "LineString", "coordinates": [[139.87436416048183, 35.81785401871042], [139.87441898934114, 35.817633173165454], [139.87447381820047, 35.81741232762049], [139.87452828133135, 35.81719142430661], [139.87457879510254, 35.81696989716862], [139.87462930887372, 35.81674837003062], [139.8746798226449, 35.81652684289263], [139.8747303364161, 35.81630531575463], [139.8747733909915, 35.8160827601592], [139.87481521294072, 35.81586003461199], [139.87485703488994, 35.815637309064776]]}}, {"type": "Feature", "properties": {"id": "東京外環道-上り-2-8", "route": "東京外環道", "direction": "上り", "from": "三郷中央IC", "to": "三郷南", "grade": 0.0, "elevation_start": 0.0, "elevation_end": 0.0, "quality": "estimated", "structure": "bridge", "chain_rank": 2, "cum_dist_start": 2000.0, "cum_dist_end": 2250.0, "anomaly": false}, "geometry": {"type": "LineString", "coordinates": [[139.87485703488994, 35.815637309064776], [139.8748988568392, 35.815414583517565], [139.87494067878842, 35.815191857970355], [139.87498250073764, 35.814969132423144], [139.87502432268687, 35.81474640687593], [139.8750643707775, 35.81452346747603], [139.87510356616698, 35.81430042527625], [139.87514276155648, 35.814077383076466], [139.87518195694597, 35.81385434087669], [139.87522115233546, 35.8136312986769], [139.87526034772495, 35.813408256477125]]}}, {"type": "Feature", "properties": {"id": "東京外環道-上り-2-9", "route": "東京外環道", "direction": "上り", "from": "三郷中央IC", "to": "三郷南", "grade": 0.0, "elevation_start": 0.0, "elevation_end": 0.0, "quality": "estimated", "structure": "bridge", "chain_rank": 2, "cum_dist_start": 2250.0, "cum_dist_end": 2500.0, "anomaly": false}, "geometry": {"type": "LineString", "coordinates": [[139.87526034772495, 35.813408256477125], [139.8752995431144, 35.81318521427735], [139.8753387385039, 35.81296217207756], [139.8753779338934, 35.812739129877784], [139.87541712928288, 35.812516087678006], [139.87545632467237, 35.81229304547822], [139.87549377337209, 35.812069804759204], [139.87553104674961, 35.811846544114026], [139.87556832012712, 35.81162328346884], [139.87560559350464, 35.81140002282366], [139.87564286688215, 35.81117676217848]]}}, {"type": "Feature", "properties": {"id": "東京外環道-上り-2-10", "route": "東京外環道", "direction": "上り", "from": "三郷中央IC", "to": "三郷南", "grade": 0.0, "elevation_start": 0.0, "elevation_end": 0.0, "quality": "estimated", "structure": "bridge", "chain_rank": 2, "cum_dist_start": 2500.0, "cum_dist_end": 2750.0, "anomaly": false}, "geometry": {"type": "LineString", "coordinates": [[139.87564286688215, 35.81117676217848], [139.87568014025967, 35.81095350153329], [139.87571741363718, 35.81073024088811], [139.8757546870147, 35.81050698024293], [139.8757919603922, 35.81028371959775], [139.87582923376974, 35.81006045895256], [139.87586650714724, 35.80983719830738], [139.87590527662294, 35.80961410923659], [139.87594512210762, 35.80939114356384], [139.8759849675923, 35.809168177891095], [139.87602481307698, 35.80894521221835]]}}, {"type": "Feature", "properties": {"id": "東京外環道-上り-2-11", "route": "東京外環道", "direction": "上り", "from": "三郷中央IC", "to": "三郷南", "grade": 0.0, "elevation_start": 0.0, "elevation_end": 0.0, "quality": "estimated", "structure": "bridge", "chain_rank": 2, "cum_dist_start": 2750.0, "cum_dist_end": 3000.0, "anomaly": false}, "geometry": {"type": "LineString", "coordinates": [[139.87602481307698, 35.80894521221835], [139.8760694510236, 35.808722894521914], [139.8761201719987, 35.80850139929594], [139.87617089297382, 35.80827990406998], [139.87622161394893, 35.808058408844005], [139.876272675687, 35.807836969913325], [139.87633189026207, 35.80761687786109], [139.87639110483715, 35.80739678580886], [139.8764503194122, 35.80717669375663], [139.8765095339873, 35.8069566017044], [139.87656874856236, 35.80673650965216]]}}, {"type": "Feature", "properties": {"id": "東京外環道-上り-2-12", "route": "東京外環道", "direction": "上り", "from": "三郷中央IC", "to": "三郷南", "grade": 0.0, "elevation_start": 0.0, "elevation_end": 0.0, "quality": "estimated", "structure": "bridge", "chain_rank": 2, "cum_dist_start": 3000.0, "cum_dist_end": 3250.0, "anomaly": false}, "geometry": {"type": "LineString", "coordinates": [[139.87656874856236, 35.80673650965216], [139.87662796313745, 35.80651641759993], [139.8766871777125, 35.8062963255477], [139.87674699353238, 35.806076341610435], [139.87680687119067, 35.80585636879287], [139.87686674884895, 35.805636395975306], [139.8769266265072, 35.80541642315774], [139.8769865041655, 35.80519645034017], [139.8770463818238, 35.8049764775226], [139.87710625948208, 35.80475650470503], [139.8771660352968, 35.804536513717956]]}}, {"type": "Feature", "properties": {"id": "東京外環道-上り-2-13", "route": "東京外環道", "direction": "上り", "from": "三郷中央IC", "to": "三郷南", "grade": 0.0, "elevation_start": 0.0, "elevation_end": 0.0, "quality": "estimated", "structure": "bridge", "chain_rank": 2, "cum_dist_start": 3250.0, "cum_dist_end": 3500.0, "anomaly": false}, "geometry": {"type": "LineString", "coordinates": [[139.8771660352968, 35.804536513717956], [139.87722456890307, 35.80431630111323], [139.87728310250935, 35.804096088508516], [139.8773416361156, 35.8038758759038], [139.87740016972188, 35.80365566329908], [139.87745870332816, 35.803435450694366], [139.87750705590233, 35.80321362022298], [139.8775544165282, 35.80299163212119], [139.87760177715407, 35.8027696440194], [139.8776486842085, 35.80254759206558], [139.87769557310682, 35.8023255375558]]}}, {"type": "Feature", "properties": {"id": "東京外環道-上り-2-14", "route": "東京外環道", "direction": "上り", "from": "三郷南", "to": null, "grade": 0.0, "elevation_start": 0.0, "elevation_end": 0.0, "quality": "estimated", "structure": "bridge", "chain_rank": 2, "cum_dist_start": 3500.0, "cum_dist_end": 3750.0, "anomaly": false}, "geometry": {"type": "LineString", "coordinates": [[139.87769557310682, 35.8023255375558], [139.87774246200513, 35.802103483046025], [139.87778935090344, 35.801881428536255], [139.87783604655422, 35.8016593470787], [139.87788255376597, 35.80143723934388], [139.87792906097772, 35.80121513160908], [139.87797426699288, 35.80099285189789], [139.87801634676927, 35.8007701589984], [139.87805842654566, 35.80054746609891], [139.87810015208808, 35.8003247311372], [139.87813785585837, 35.800101518624885]]}}, {"type": "Feature", "properties": {"id": "東京外環道-上り-2-15", "route": "東京外環道", "direction": "上り", "from": "三郷南", "to": null, "grade": 0.0, "elevation_start": 0.0, "elevation_end": 0.0, "quality": "estimated", "structure": "bridge", "chain_rank": 2, "cum_dist_start": 3750.0, "cum_dist_end": 4000.0, "anomaly": false}, "geometry": {"type": "LineString", "coordinates": [[139.87813785585837, 35.800101518624885], [139.87817555962866, 35.79987830611257], [139.87821326339895, 35.79965509360025], [139.87825096716924, 35.79943188108793], [139.87828867093953, 35.799208668575616], [139.87832411995169, 35.79898523199963], [139.8783533854757, 35.798761180947494], [139.8783826509997, 35.798537129895365], [139.8784119165237, 35.798313078843236], [139.87844118204774, 35.7980890277911], [139.87847055570066, 35.79786498679976]]}}, {"type": "Feature", "properties": {"id": "東京外環道-上り-2-16", "route": "東京外環道", "direction": "上り", "from": "三郷南", "to": null, "grade": 0.0, "elevation_start": 0.0, "elevation_end": 0.0, "quality": "estimated", "structure": "bridge", "chain_rank": 2, "cum_dist_start": 4000.0, "cum_dist_end": 4250.0, "anomaly": false}, "geometry": {"type": "LineString", "coordinates": [[139.87847055570066, 35.79786498679976], [139.87850405419567, 35.79764132960188], [139.87853755269066, 35.797417672403995], [139.87857105118567, 35.79719401520612], [139.8786045496807, 35.79697035800823], [139.87863564712916, 35.796746473953526], [139.87866586915075, 35.79652250718632], [139.87869609117234, 35.79629854041911], [139.87872663391056, 35.79607460310376], [139.87875836730137, 35.79585077512773], [139.87879010069219, 35.79562694715171]]}}, {"type": "Feature", "properties": {"id": "東京外環道-上り-2-17", "route": "東京外環道", "direction": "上り", "from": "三郷南", "to": null, "grade": 0.0, "elevation_start": 0.0, "elevation_end": 0.0, "quality": "estimated", "structure": "bridge", "chain_rank": 2, "cum_dist_start": 4250.0, "cum_dist_end": 4500.0, "anomaly": false}, "geometry": {"type": "LineString", "coordinates": [[139.87879010069219, 35.79562694715171], [139.878821834083, 35.79540311917568], [139.87885566870696, 35.79517950239691], [139.878891658001, 35.7949561021864], [139.87892764729506, 35.79473270197589], [139.8789636365891, 35.79450930176537], [139.87899782677616, 35.7942857157588], [139.87903139337794, 35.79406206535378], [139.8790649599797, 35.79383841494876], [139.87909859214776, 35.79361477117365], [139.87913314718716, 35.793391220717204]]}}, {"type": "Feature", "properties": {"id": "東京外環道-上り-2-18", "route": "東京外環道", "direction": "上り", "from": "三郷南", "to": null, "grade": 0.0, "elevation_start": 0.0, "elevation_end": 0.0, "quality": "estimated", "structure": "bridge", "chain_rank": 2, "cum_dist_start": 4500.0, "cum_dist_end": 4750.0, "anomaly": false}, "geometry": {"type": "LineString", "coordinates": [[139.87913314718716, 35.793391220717204], [139.87916770222654, 35.79316767026076], [139.87920225726594, 35.79294411980432], [139.87923732156386, 35.792720630029905], [139.87928279106686, 35.792498380115035], [139.87932826056988, 35.79227613020017], [139.87937373007287, 35.7920538802853], [139.8794216973592, 35.791831995022086], [139.87947377010448, 35.791610709115254], [139.87952584284977, 35.791389423208415], [139.87957933396544, 35.79116837933803]]}}, {"type": "Feature", "properties": {"id": "東京外環道-上り-2-19", "route": "東京外環道", "direction": "上り", "from": "三郷南", "to": null, "grade": 0.0, "elevation_start": 0.0, "elevation_end": 0.0, "quality": "estimated", "structure": "bridge", "chain_rank": 2, "cum_dist_start": 4750.0, "cum_dist_end": 5000.0, "anomaly": false}, "geometry": {"type": "LineString", "coordinates": [[139.87957933396544, 35.79116837933803], [139.87964062105348, 35.79094866580387], [139.87970190814153, 35.790728952269696], [139.87976319522954, 35.79050923873553], [139.8798244823176, 35.79028952520136], [139.8798910436034, 35.790070850218946], [139.87995966549022, 35.789852580993184], [139.88002828737706, 35.789634311767415], [139.88010608203766, 35.789418144639306], [139.88018716605507, 35.789202731323456], [139.8802682500725, 35.78898731800761]]}}, {"type": "Feature", "properties": {"id": "東京外環道-上り-2-20", "route": "東京外環道", "direction": "上り", "from": "三郷南", "to": null, "grade": 0.0, "elevation_start": 0.0, "elevation_end": 0.0, "quality": "estimated", "structure": "bridge", "chain_rank": 2, "cum_dist_start": 5000.0, "cum_dist_end": 5250.0, "anomaly": false}, "geometry": {"type": "LineString", "coordinates": [[139.8802682500725, 35.78898731800761], [139.88035289494462, 35.7887728255918], [139.8804391133637, 35.78855874012309], [139.88052466841341, 35.788344479096985], [139.88060935886207, 35.78812998925852], [139.88069404931073, 35.78791549942006], [139.880781610334, 35.78770181188969], [139.880876330183, 35.78749012520745], [139.88097105003203, 35.787278438525206], [139.88106791486464, 35.78706740576411], [139.8811669695342, 35.78685704059819]]}}, {"type": "Feature", "properties": {"id": "東京外環道-上り-2-21", "route": "東京外環道", "direction": "上り", "from": "三郷南", "to": null, "grade": 0.0, "elevation_start": 0.0, "elevation_end": 0.0, "quality": "estimated", "structure": "bridge", "chain_rank": 2, "cum_dist_start": 5250.0, "cum_dist_end": 5500.0, "anomaly": false}, "geometry": {"type": "LineString", "coordinates": [[139.8811669695342, 35.78685704059819], [139.88126602420377, 35.78664667543227], [139.8813650788733, 35.78643631026635], [139.88147266908751, 35.78622879881266], [139.88158349382326, 35.78602236876549], [139.88169440029992, 35.785815968019044], [139.88180612924882, 35.78560986209495], [139.88191785819774, 35.78540375617086], [139.88203174893457, 35.78519848496654], [139.88215675837756, 35.78499750696962], [139.88228176782056, 35.78479652897269]]}}, {"type": "Feature", "properties": {"id": "東京外環道-上り-2-22", "route": "東京外環道", "direction": "上り", "from": "三郷南", "to": null, "grade": 0.0, "elevation_start": 0.0, "elevation_end": 0.0, "quality": "estimated", "structure": "bridge", "chain_rank": 2, "cum_dist_start": 5500.0, "cum_dist_end": 5750.0, "anomaly": false}, "geometry": {"type": "LineString", "coordinates": [[139.88228176782056, 35.78479652897269], [139.8824075627944, 35.78459588400138], [139.88253777419766, 35.78439711137418], [139.8826679856009, 35.784198338747], [139.88279959726316, 35.7840001799336], [139.88293125806254, 35.783802042659815], [139.8830629188619, 35.78360390538604], [139.88319457966128, 35.78340576811226], [139.8833314909657, 35.7832100439683], [139.88347145644875, 35.783015723523484], [139.8836114219318, 35.78282140307867]]}}, {"type": "Feature", "properties": {"id": "東京外環道-上り-2-23", "route": "東京外環道", "direction": "上り", "from": "三郷南", "to": null, "grade": 0.0, "elevation_start": 0.0, "elevation_end": 0.0, "quality": "estimated", "structure": "bridge", "chain_rank": 2, "cum_dist_start": 5750.0, "cum_dist_end": 6000.0, "anomaly": false}, "geometry": {"type": "LineString", "coordinates": [[139.8836114219318, 35.78282140307867], [139.88375224835494, 35.78262750312297], [139.88389653485154, 35.782435293091076], [139.88404082134815, 35.78224308305919], [139.88418510784473, 35.78205087302731], [139.88433293099354, 35.781860484856914], [139.88448406755614, 35.78167180354959], [139.88463520411875, 35.78148312224227], [139.88478634068136, 35.78129444093495], [139.88493747724397, 35.78110575962763], [139.88508861380657, 35.7809170783203]]}}, {"type": "Feature", "properties": {"id": "東京外環道-上り-2-24", "route": "東京外環道", "direction": "上り", "from": "三郷南", "to": null, "grade": 0.0, "elevation_start": 0.0, "elevation_end": 0.0, "quality": "estimated", "structure": "bridge", "chain_rank": 2, "cum_dist_start": 6000.0, "cum_dist_end": 6250.0, "anomaly": false}, "geometry": {"type": "LineString", "coordinates": [[139.88508861380657, 35.7809170783203], [139.88523975036918, 35.78072839701298], [139.8853908869318, 35.78053971570566], [139.8855431717439, 35.78035165291039], [139.88569672454216, 35.78016427312405], [139.8858502773404, 35.77997689333771], [139.88600383013866, 35.77978951355138], [139.88615738293691, 35.77960213376504], [139.88631093573517, 35.779414753978706], [139.88646448853342, 35.77922737419237], [139.88661804133167, 35.779039994406034]]}}, {"type": "Feature", "properties": {"id": "東京外環道-上り-2-25", "route": "東京外環道", "direction": "上り", "from": "三郷南", "to": null, "grade": 0.0, "elevation_start": 0.0, "elevation_end": 0.0, "quality": "estimated", "structure": "bridge", "chain_rank": 2, "cum_dist_start": 6250.0, "cum_dist_end": 6500.0, "anomaly": false}, "geometry": {"type": "LineString", "coordinates": [[139.88661804133167, 35.779039994406034], [139.88677159412993, 35.778852614619694], [139.88692476845452, 35.77866503330164], [139.88707393414595, 35.77847531744472], [139.88722309983737, 35.778285601587804], [139.88737226552877, 35.778095885730885], [139.8875214312202, 35.777906169873965], [139.88767059691162, 35.777716454017046], [139.88781976260304, 35.77752673816013], [139.88796892829444, 35.77733702230321], [139.88811809398587, 35.77714730644629]]}}, {"type": "Feature", "properties": {"id": "東京外環道-上り-2-26", "route": "東京外環道", "direction": "上り", "from": "三郷南", "to": null, "grade": 0.0, "elevation_start": 0.0, "elevation_end": 0.0, "quality": "estimated", "structure": "bridge", "chain_rank": 2, "cum_dist_start": 6500.0, "cum_dist_end": 6750.0, "anomaly": false}, "geometry": {"type": "LineString", "coordinates": [[139.88811809398587, 35.77714730644629], [139.8882672596773, 35.77695759058937], [139.88841642536872, 35.77676787473246], [139.88856559106011, 35.77657815887554], [139.88871475675154, 35.77638844301862], [139.88886392244297, 35.7761987271617], [139.8890130881344, 35.77600901130478], [139.8891622538258, 35.77581929544786], [139.8893114195172, 35.77562957959094], [139.88946058520864, 35.77543986373402], [139.88960982348473, 35.77525018636787]]}}, {"type": "Feature", "properties": {"id": "東京外環道-上り-2-27", "route": "東京外環道", "direction": "上り", "from": "三郷南", "to": null, "grade": 0.0, "elevation_start": 0.0, "elevation_end": 0.0, "quality": "estimated", "structure": "bridge", "chain_rank": 2, "cum_dist_start": 6750.0, "cum_dist_end": 7000.0, "anomaly": false}, "geometry": {"type": "LineString", "coordinates": [[139.88960982348473, 35.77525018636787], [139.88976166195164, 35.775061887850825], [139.88991350041854, 35.77487358933377], [139.89006533888545, 35.77468529081672], [139.89021717735235, 35.77449699229967], [139.89036901581926, 35.77430869378262], [139.89052085428617, 35.77412039526557], [139.89067269275307, 35.77393209674852], [139.89082453121998, 35.773743798231465], [139.89097636968688, 35.77355549971442], [139.8911282081538, 35.77336720119737]]}}, {"type": "Feature", "properties": {"id": "東京外環道-上り-2-28", "route": "東京外環道", "direction": "上り", "from": "三郷南", "to": null, "grade": 0.0, "elevation_start": 0.0, "elevation_end": 0.0, "quality": "estimated", "structure": "bridge", "chain_rank": 2, "cum_dist_start": 7000.0, "cum_dist_end": 7250.0, "anomaly": false}, "geometry": {"type": "LineString", "coordinates": [[139.8911282081538, 35.77336720119737], [139.8912800466207, 35.773178902680314], [139.8914318850876, 35.77299060416326], [139.8915837235545, 35.772802305646216], [139.8917355620214, 35.772614007129164], [139.8918874004883, 35.77242570861211], [139.8920392389552, 35.77223741009506], [139.8921910774221, 35.77204911157801], [139.892342915889, 35.77186081306096], [139.8924947543559, 35.77167251454391], [139.8926465928228, 35.771484216026856]]}}, {"type": "Feature", "properties": {"id": "東京外環道-上り-2-29", "route": "東京外環道", "direction": "上り", "from": "三郷南", "to": null, "grade": 0.0, "elevation_start": 0.0, "elevation_end": 0.0, "quality": "estimated", "structure": "bridge", "chain_rank": 2, "cum_dist_start": 7250.0, "cum_dist_end": 7500.0, "anomaly": false}, "geometry": {"type": "LineString", "coordinates": [[139.8926465928228, 35.771484216026856], [139.89279843128972, 35.77129591750981], [139.89295026975662, 35.77110761899276], [139.89310210822353, 35.770919320475706], [139.89325394669044, 35.77073102195865], [139.89340578515734, 35.77054272344161], [139.89355749443266, 35.770354357874226], [139.89370908435225, 35.77016593036133], [139.89386067427185, 35.769977502848434], [139.89401226419145, 35.76978907533554], [139.89416385411107, 35.76960064782264]]}}, {"type": "Feature", "properties": {"id": "東京外環道-上り-2-30", "route": "東京外環道", "direction": "上り", "from": "三郷南", "to": null, "grade": 0.0, "elevation_start": 0.0, "elevation_end": 0.0, "quality": "estimated", "structure": "bridge", "chain_rank": 2, "cum_dist_start": 7500.0, "cum_dist_end": 7750.0, "anomaly": false}, "geometry": {"type": "LineString", "coordinates": [[139.89416385411107, 35.76960064782264], [139.89431544403067, 35.76941222030975], [139.89446703395026, 35.76922379279686], [139.8946186238699, 35.76903536528396], [139.89477021378949, 35.768846937771066], [139.89492180370908, 35.76865851025817], [139.89507339362868, 35.768470082745274], [139.8952249835483, 35.76828165523238], [139.8953765734679, 35.76809322771949], [139.8955281633875, 35.767904800206594], [139.8956797533071, 35.7677163726937]]}}, {"type": "Feature", "properties": {"id": "東京外環道-上り-3-0", "route": "東京外環道", "direction": "上り", "from": null, "to": "道の駅いちかわ", "grade": 0.0, "elevation_start": 0.0, "elevation_end": 0.0, "quality": "estimated", "structure": "tunnel", "chain_rank": 3, "cum_dist_start": 0.0, "cum_dist_end": 250.0, "anomaly": false}, "geometry": {"type": "LineString", "coordinates": [[139.9081563, 35.7588237], [139.9084103792929, 35.75873497014157], [139.90866853480722, 35.75865439909895], [139.90892669032155, 35.75857382805634], [139.90918493619236, 35.75849345260856], [139.9094441402633, 35.75841515137879], [139.9097043844955, 35.75833922024584], [139.90996569584254, 35.758265720625666], [139.91022731608743, 35.7581929631998], [139.91048877454756, 35.75811982883268], [139.91074983027372, 35.758045733038195]]}}, {"type": "Feature", "properties": {"id": "東京外環道-上り-3-1", "route": "東京外環道", "direction": "上り", "from": null, "to": "道の駅いちかわ", "grade": 0.0, "elevation_start": 0.0, "elevation_end": 0.0, "quality": "estimated", "structure": "tunnel", "chain_rank": 3, "cum_dist_start": 250.0, "cum_dist_end": 500.0, "anomaly": false}, "geometry": {"type": "LineString", "coordinates": [[139.91074983027372, 35.758045733038195], [139.9110108859999, 35.757971637243706], [139.91127194172606, 35.75789754144922], [139.9115329974522, 35.75782344565472], [139.91179405317837, 35.757749349860234], [139.91205510890453, 35.757675254065745], [139.91231616463068, 35.75760115827126], [139.91257722035684, 35.75752706247677], [139.912838276083, 35.75745296668227], [139.91309933180915, 35.757378870887784], [139.9133603875353, 35.757304775093296]]}}, {"type": "Feature", "properties": {"id": "東京外環道-上り-3-2", "route": "東京外環道", "direction": "上り", "from": null, "to": "道の駅いちかわ", "grade": 0.0, "elevation_start": 0.0, "elevation_end": 0.0, "quality": "estimated", "structure": "tunnel", "chain_rank": 3, "cum_dist_start": 500.0, "cum_dist_end": 750.0, "anomaly": false}, "geometry": {"type": "LineString", "coordinates": [[139.9133603875353, 35.757304775093296], [139.91362144326146, 35.75723067929881], [139.91388249898762, 35.75715658350432], [139.91414012652734, 35.75707493467893], [139.91439752275465, 35.756992776222575], [139.91465491898194, 35.756910617766216], [139.91490747708136, 35.75681904924163], [139.91515646817973, 35.75672128386212], [139.91540387154643, 35.756620779459105], [139.91564499829684, 35.756510795159265], [139.91588101129062, 35.756393741263096]]}}, {"type": "Feature", "properties": {"id": "東京外環道-上り-3-3", "route": "東京外環道", "direction": "上り", "from": null, "to": "道の駅いちかわ", "grade": 0.0, "elevation_start": 0.0, "elevation_end": 0.0, "quality": "estimated", "structure": "tunnel", "chain_rank": 3, "cum_dist_start": 750.0, "cum_dist_end": 1000.0, "anomaly": false}, "geometry": {"type": "LineString", "coordinates": [[139.91588101129062, 35.756393741263096], [139.91610826864203, 35.75626546744073], [139.9163238161868, 35.7561245167378], [139.91653446737567, 35.75597864513014], [139.91673350993585, 35.755822601594765], [139.9169197791482, 35.75565621221953], [139.91709981095443, 35.755485247108176], [139.91727680535874, 35.75531224397141], [139.91743899045858, 35.755129785734105], [139.91758344182068, 35.75493771714417], [139.91771325935017, 35.754738957331845]]}}, {"type": "Feature", "properties": {"id": "東京外環道-上り-3-4", "route": "東京外環道", "direction": "上り", "from": null, "to": "道の駅いちかわ", "grade": 0.0, "elevation_start": 0.0, "elevation_end": 0.0, "quality": "estimated", "structure": "tunnel", "chain_rank": 3, "cum_dist_start": 1000.0, "cum_dist_end": 1250.0, "anomaly": false}, "geometry": {"type": "LineString", "coordinates": [[139.91771325935017, 35.754738957331845], [139.91783352118284, 35.75453614740385], [139.91794001030624, 35.75432833123446], [139.91803645192516, 35.75411717230986], [139.91812889149216, 35.7539048942422], [139.9182049429517, 35.75368835949394], [139.91827332323658, 35.75347004507884], [139.91833424409515, 35.75325026792699], [139.91838832275582, 35.7530294052764], [139.91843294726462, 35.75280704318096], [139.91847757177345, 35.75258468108552]]}}, {"type": "Feature", "properties": {"id": "東京外環道-上り-3-5", "route": "東京外環道", "direction": "上り", "from": null, "to": "道の駅いちかわ", "grade": 0.0, "elevation_start": 0.0, "elevation_end": 0.0, "quality": "estimated", "structure": "tunnel", "chain_rank": 3, "cum_dist_start": 1250.0, "cum_dist_end": 1500.0, "anomaly": false}, "geometry": {"type": "LineString", "coordinates": [[139.91847757177345, 35.75258468108552], [139.91851860811715, 35.75236187788896], [139.9185564179264, 35.752138678047324], [139.91859422773564, 35.751915478205696], [139.91863203754488, 35.75169227836407], [139.918670091844, 35.75146910654878], [139.91870925168067, 35.751246061463426], [139.91874841151733, 35.75102301637807], [139.918787571354, 35.75079997129271], [139.91882673119065, 35.75057692620735], [139.9188658910273, 35.750353881121995]]}}, {"type": "Feature", "properties": {"id": "東京外環道-上り-3-6", "route": "東京外環道", "direction": "上り", "from": "道の駅いちかわ", "to": "市川北IC", "grade": 0.0, "elevation_start": 0.0, "elevation_end": 0.0, "quality": "estimated", "structure": "tunnel", "chain_rank": 3, "cum_dist_start": 1500.0, "cum_dist_end": 1750.0, "anomaly": false}, "geometry": {"type": "LineString", "coordinates": [[139.9188658910273, 35.750353881121995], [139.91890505086397, 35.75013083603664], [139.91894421070063, 35.749907790951276], [139.91898321388254, 35.74968472837019], [139.91901909414005, 35.74946131701054], [139.9190549743976, 35.74923790565089], [139.91909085465514, 35.74901449429124], [139.91912673491265, 35.74879108293158], [139.9191626151702, 35.74856767157193], [139.91919849542774, 35.74834426021228], [139.91923437568528, 35.74812084885262]]}}, {"type": "Feature", "properties": {"id": "東京外環道-上り-3-7", "route": "東京外環道", "direction": "上り", "from": "市川北IC", "to": null, "grade": 0.0, "elevation_start": 0.0, "elevation_end": 0.0, "quality": "estimated", "structure": "tunnel", "chain_rank": 3, "cum_dist_start": 1750.0, "cum_dist_end": 2000.0, "anomaly": false}, "geometry": {"type": "LineString", "coordinates": [[139.91923437568528, 35.74812084885262], [139.91927010870555, 35.74789742198226], [139.91930508681787, 35.74767391558612], [139.9193400649302, 35.74745040918998], [139.91937504304255, 35.74722690279384], [139.91941002115487, 35.7470033963977], [139.9194449992672, 35.74677989000156], [139.91947997737952, 35.74655638360542], [139.91951495549188, 35.74633287720928], [139.91954878821224, 35.74610925648811], [139.9195809906042, 35.745885473038946]]}}, {"type": "Feature", "properties": {"id": "東京外環道-上り-3-8", "route": "東京外環道", "direction": "上り", "from": "市川北IC", "to": null, "grade": 0.0, "elevation_start": 0.0, "elevation_end": 0.0, "quality": "estimated", "structure": "tunnel", "chain_rank": 3, "cum_dist_start": 2000.0, "cum_dist_end": 2250.0, "anomaly": false}, "geometry": {"type": "LineString", "coordinates": [[139.9195809906042, 35.745885473038946], [139.9196131929962, 35.74566168958979], [139.9196453953882, 35.74543790614062], [139.91967759778018, 35.74521412269146], [139.91970899711887, 35.74499026354279], [139.9197402889447, 35.74476639425945], [139.9197715807705, 35.74454252497611], [139.9198028725963, 35.74431865569277], [139.9198341644221, 35.744094786409434], [139.9198644669022, 35.74387082683419], [139.919894670797, 35.74364685826163]]}}, {"type": "Feature", "properties": {"id": "東京外環道-上り-3-9", "route": "東京外環道", "direction": "上り", "from": "市川北IC", "to": null, "grade": 0.0, "elevation_start": 0.0, "elevation_end": 0.0, "quality": "estimated", "structure": "tunnel", "chain_rank": 3, "cum_dist_start": 2250.0, "cum_dist_end": 2500.0, "anomaly": false}, "geometry": {"type": "LineString", "coordinates": [[139.919894670797, 35.74364685826163], [139.9199248746918, 35.743422889689064], [139.91995650508875, 35.74319905544615], [139.91998972650353, 35.742975371024855], [139.9200229479183, 35.74275168660356], [139.9200561693331, 35.74252800218227], [139.92008939074788, 35.742304317760976], [139.92012316517312, 35.742080689494], [139.92015825893665, 35.741857195196516], [139.92019335270015, 35.74163370089903], [139.92022844646365, 35.74141020660155]]}}, {"type": "Feature", "properties": {"id": "東京外環道-上り-3-10", "route": "東京外環道", "direction": "上り", "from": "市川北IC", "to": null, "grade": 0.0, "elevation_start": 0.0, "elevation_end": 0.0, "quality": "estimated", "structure": "tunnel", "chain_rank": 3, "cum_dist_start": 2500.0, "cum_dist_end": 2750.0, "anomaly": false}, "geometry": {"type": "LineString", "coordinates": [[139.92022844646365, 35.74141020660155], [139.92026354022718, 35.741186712304064], [139.92029863399068, 35.740963218006584], [139.9203337277542, 35.7407397237091], [139.9203688215177, 35.74051622941161], [139.9204039152812, 35.74029273511413], [139.92043072283673, 35.74006853479492], [139.92045306752513, 35.73984395421962], [139.92047541221353, 35.73961937364432], [139.92049432648753, 35.73939458531565], [139.92051292419893, 35.73916977781526]]}}, {"type": "Feature", "properties": {"id": "東京外環道-上り-3-11", "route": "東京外環道", "direction": "上り", "from": "市川北IC", "to": null, "grade": 0.0, "elevation_start": 0.0, "elevation_end": 0.0, "quality": "estimated", "structure": "tunnel", "chain_rank": 3, "cum_dist_start": 2750.0, "cum_dist_end": 3000.0, "anomaly": false}, "geometry": {"type": "LineString", "coordinates": [[139.92051292419893, 35.73916977781526], [139.92053152191033, 35.73894497031488], [139.92055011141926, 35.73872016245797], [139.9205609347208, 35.73849501703804], [139.92057175802236, 35.73826987161811], [139.92058151447003, 35.73804470750542], [139.92058256324563, 35.7378193908223], [139.92058361202126, 35.73759407413918], [139.92058466079686, 35.73736875745606], [139.92058366477636, 35.737143445041376], [139.92058119545942, 35.73691813570213]]}}, {"type": "Feature", "properties": {"id": "東京外環道-上り-3-12", "route": "東京外環道", "direction": "上り", "from": "市川北IC", "to": null, "grade": 0.0, "elevation_start": 0.0, "elevation_end": 0.0, "quality": "estimated", "structure": "tunnel", "chain_rank": 3, "cum_dist_start": 3000.0, "cum_dist_end": 3250.0, "anomaly": false}, "geometry": {"type": "LineString", "coordinates": [[139.92058119545942, 35.73691813570213], [139.9205787261425, 35.73669282636289], [139.9205714999647, 35.73646763074909], [139.92055777059662, 35.73624259061137], [139.92054404122854, 35.73601755047365], [139.92053031186046, 35.73579251033593], [139.9205139493559, 35.73556761045784], [139.9204916482665, 35.73534302691113], [139.92046934717712, 35.735118443364414], [139.9204470460877, 35.7348938598177], [139.92042474499831, 35.73466927627099]]}}, {"type": "Feature", "properties": {"id": "東京外環道-上り-3-13", "route": "東京外環道", "direction": "上り", "from": "市川北IC", "to": null, "grade": 0.0, "elevation_start": 0.0, "elevation_end": 0.0, "quality": "estimated", "structure": "tunnel", "chain_rank": 3, "cum_dist_start": 3250.0, "cum_dist_end": 3500.0, "anomaly": false}, "geometry": {"type": "LineString", "coordinates": [[139.92042474499831, 35.73466927627099], [139.92039528580247, 35.73444527028805], [139.92036316478948, 35.734221479078265], [139.9203310437765, 35.733997687868474], [139.92029804313725, 35.73377398957685], [139.92025915820577, 35.73355091286459], [139.92022027327425, 35.73332783615233], [139.92018138834277, 35.73310475944007], [139.9201417217029, 35.73288177623731], [139.9201003847519, 35.73265899284048], [139.92005904780092, 35.73243620944365]]}}, {"type": "Feature", "properties": {"id": "東京外環道-上り-3-14", "route": "東京外環道", "direction": "上り", "from": "市川北IC", "to": null, "grade": 0.0, "elevation_start": 0.0, "elevation_end": 0.0, "quality": "estimated", "structure": "tunnel", "chain_rank": 3, "cum_dist_start": 3500.0, "cum_dist_end": 3750.0, "anomaly": false}, "geometry": {"type": "LineString", "coordinates": [[139.92005904780092, 35.73243620944365], [139.9200167587484, 35.732213550414976], [139.91997067378668, 35.73199138722656], [139.91992458882498, 35.73176922403814], [139.9198730037781, 35.731547891802194], [139.91981841196812, 35.73132701382781], [139.91976382015812, 35.731106135853416], [139.91970922834813, 35.73088525787903], [139.9196539332753, 35.73066450080774], [139.91959452039708, 35.73044445165869], [139.91953510751887, 35.73022440250964]]}}, {"type": "Feature", "properties": {"id": "東京外環道-上り-3-15", "route": "東京外環道", "direction": "上り", "from": "市川北IC", "to": null, "grade": 0.0, "elevation_start": 0.0, "elevation_end": 0.0, "quality": "estimated", "structure": "tunnel", "chain_rank": 3, "cum_dist_start": 3750.0, "cum_dist_end": 4000.0, "anomaly": false}, "geometry": {"type": "LineString", "coordinates": [[139.91953510751887, 35.73022440250964], [139.91947569464065, 35.73000435336059], [139.91941628176247, 35.72978430421154], [139.9193569291608, 35.72956424437706], [139.91929887737967, 35.72934395394174], [139.91924082559854, 35.72912366350643], [139.91918277381743, 35.72890337307111], [139.9191247220363, 35.7286830826358], [139.91906667025515, 35.728462792200474], [139.91900840027867, 35.72824254073728], [139.91894823087264, 35.728022628533346]]}}, {"type": "Feature", "properties": {"id": "東京外環道-上り-4-0", "route": "東京外環道", "direction": "上り", "from": null, "to": "松戸IC", "grade": 0.0, "elevation_start": 0.0, "elevation_end": 0.0, "quality": "estimated", "structure": "tunnel", "chain_rank": 4, "cum_dist_start": 0.0, "cum_dist_end": 250.0, "anomaly": false}, "geometry": {"type": "LineString", "coordinates": [[139.9081282, 35.7587346], [139.90787064719055, 35.75881644385645], [139.9076130943811, 35.7588982877129], [139.90735694245063, 35.75898298807891], [139.90710116910017, 35.75906846040135], [139.90684539574974, 35.75915393272379], [139.9065924327795, 35.75924470641099], [139.9063407934886, 35.75933797702268], [139.90608915419767, 35.759431247634375], [139.9058408611203, 35.75953026428772], [139.90559312223212, 35.759630232582076]]}}, {"type": "Feature", "properties": {"id": "東京外環道-上り-4-1", "route": "東京外環道", "direction": "上り", "from": null, "to": "松戸IC", "grade": 0.0, "elevation_start": 0.0, "elevation_end": 0.0, "quality": "estimated", "structure": "tunnel", "chain_rank": 4, "cum_dist_start": 250.0, "cum_dist_end": 500.0, "anomaly": false}, "geometry": {"type": "LineString", "coordinates": [[139.90559312223212, 35.759630232582076], [139.9053482262189, 35.7597347284101], [139.90510386657448, 35.759840078453585], [139.90486435512352, 35.75995250200886], [139.9046261918482, 35.7600668925517], [139.90438884604606, 35.760182388879606], [139.90415351789594, 35.7603006144584], [139.9039181897458, 35.760418840037204], [139.90368394969855, 35.76053848863953], [139.90345016280094, 35.76065872987207], [139.90321637590333, 35.76077897110461]]}}, {"type": "Feature", "properties": {"id": "東京外環道-上り-4-2", "route": "東京外環道", "direction": "上り", "from": null, "to": "松戸IC", "grade": 0.0, "elevation_start": 0.0, "elevation_end": 0.0, "quality": "estimated", "structure": "tunnel", "chain_rank": 4, "cum_dist_start": 500.0, "cum_dist_end": 750.0, "anomaly": false}, "geometry": {"type": "LineString", "coordinates": [[139.90321637590333, 35.76077897110461], [139.90298329283127, 35.760900084338914], [139.90275529753637, 35.76102750105386], [139.90252730224148, 35.761154917768806], [139.90230136269503, 35.761284697289426], [139.90207985271783, 35.761419420991956], [139.90186697056723, 35.761563163193046], [139.90165479182193, 35.76170757273896], [139.90144838877873, 35.76185746189239], [139.9012419857355, 35.762007351045824], [139.90103648122272, 35.76215804299215]]}}, {"type": "Feature", "properties": {"id": "東京外環道-上り-4-3", "route": "東京外環道", "direction": "上り", "from": "松戸IC", "to": null, "grade": 0.0, "elevation_start": 0.0, "elevation_end": 0.0, "quality": "estimated", "structure": "tunnel", "chain_rank": 4, "cum_dist_start": 750.0, "cum_dist_end": 1000.0, "anomaly": false}, "geometry": {"type": "LineString", "coordinates": [[139.90103648122272, 35.76215804299215], [139.9008345025908, 35.76231188514027], [139.90063252395888, 35.762465727288394], [139.90043054532694, 35.76261956943652], [139.90023171681418, 35.76277607130196], [139.90003599849973, 35.76293519917867], [139.8998402801853, 35.76309432705538], [139.89964464437904, 35.76325352181733], [139.89945061909714, 35.763414022150464], [139.89925659381524, 35.763574522483594], [139.89906256853334, 35.76373502281672]]}}, {"type": "Feature", "properties": {"id": "東京外環道-上り-4-4", "route": "東京外環道", "direction": "上り", "from": "松戸IC", "to": null, "grade": 0.0, "elevation_start": 0.0, "elevation_end": 0.0, "quality": "estimated", "structure": "tunnel", "chain_rank": 4, "cum_dist_start": 1000.0, "cum_dist_end": 1250.0, "anomaly": false}, "geometry": {"type": "LineString", "coordinates": [[139.89906256853334, 35.76373502281672], [139.89887429041823, 35.76389991266853], [139.8986903879447, 35.76406814450799], [139.89851160292721, 35.76423994091482], [139.89833638114288, 35.764414219294004], [139.8981686294636, 35.764593314373215], [139.89800088124522, 35.76477241168401], [139.89783313302686, 35.7649515089948], [139.89766584360535, 35.76513088192039], [139.89750562949482, 35.76531450522487], [139.8973454153843, 35.76549812852935]]}}]}