{"type": "FeatureCollection", "features": [{"type": "Feature", "properties": {"id": "京葉道路-下り-0-0", "route": "京葉道路", "direction": "下り", "from": null, "to": "篠崎IC", "grade": 0.0, "elevation_start": 8.7, "elevation_end": 8.7, "quality": "estimated", "structure": "bridge", "chain_rank": 0, "cum_dist_start": 0.0, "cum_dist_end": 50.0, "anomaly": false}, "geometry": {"type": "LineString", "coordinates": [[139.9006029, 35.7024489], [139.9008571224627, 35.702537051193936], [139.9011113449254, 35.702625202387864]]}}, {"type": "Feature", "properties": {"id": "京葉道路-下り-0-1", "route": "京葉道路", "direction": "下り", "from": null, "to": "篠崎IC", "grade": 0.0, "elevation_start": 8.7, "elevation_end": 8.7, "quality": "estimated", "structure": "bridge", "chain_rank": 0, "cum_dist_start": 50.0, "cum_dist_end": 100.0, "anomaly": false}, "geometry": {"type": "LineString", "coordinates": [[139.9011113449254, 35.702625202387864], [139.90136556738807, 35.7027133535818], [139.90161978985077, 35.702801504775735]]}}, {"type": "Feature", "properties": {"id": "京葉道路-下り-0-2", "route": "京葉道路", "direction": "下り", "from": null, "to": "篠崎IC", "grade": 0.0, "elevation_start": 8.7, "elevation_end": 8.7, "quality": "estimated", "structure": "bridge", "chain_rank": 0, "cum_dist_start": 100.0, "cum_dist_end": 150.0, "anomaly": false}, "geometry": {"type": "LineString", "coordinates": [[139.90161978985077, 35.702801504775735], [139.90187401231347, 35.70288965596966], [139.90212823477617, 35.7029778071636]]}}, {"type": "Feature", "properties": {"id": "京葉道路-下り-0-3", "route": "京葉道路", "direction": "下り", "from": null, "to": "篠崎IC", "grade": 0.0, "elevation_start": 8.7, "elevation_end": 8.7, "quality": "estimated", "structure": "bridge", "chain_rank": 0, "cum_dist_start": 150.0, "cum_dist_end": 200.0, "anomaly": false}, "geometry": {"type": "LineString", "coordinates": [[139.90212823477617, 35.7029778071636], [139.90238285750405, 35.703065189845134], [139.90263760378969, 35.703152335294746]]}}, {"type": "Feature", "properties": {"id": "京葉道路-下り-0-4", "route": "京葉道路", "direction": "下り", "from": null, "to": "篠崎IC", "grade": 0.0, "elevation_start": 8.7, "elevation_end": 8.7, "quality": "estimated", "structure": "bridge", "chain_rank": 0, "cum_dist_start": 200.0, "cum_dist_end": 250.0, "anomaly": false}, "geometry": {"type": "LineString", "coordinates": [[139.90263760378969, 35.703152335294746], [139.90289235007535, 35.703239480744365], [139.90314709636098, 35.70332662619398]]}}, {"type": "Feature", "properties": {"id": "京葉道路-下り-0-5", "route": "京葉道路", "direction": "下り", "from": null, "to": "篠崎IC", "grade": 0.0, "elevation_start": 8.7, "elevation_end": 8.7, "quality": "estimated", "structure": "bridge", "chain_rank": 0, "cum_dist_start": 250.0, "cum_dist_end": 300.0, "anomaly": false}, "geometry": {"type": "LineString", "coordinates": [[139.90314709636098, 35.70332662619398], [139.90340184264664, 35.70341377164359], [139.9036565889323, 35.70350091709321]]}}, {"type": "Feature", "properties": {"id": "京葉道路-下り-0-6", "route": "京葉道路", "direction": "下り", "from": null, "to": "篠崎IC", "grade": 0.0, "elevation_start": 8.7, "elevation_end": 8.7, "quality": "estimated", "structure": "bridge", "chain_rank": 0, "cum_dist_start": 300.0, "cum_dist_end": 350.0, "anomaly": false}, "geometry": {"type": "LineString", "coordinates": [[139.9036565889323, 35.70350091709321], [139.90391133521794, 35.70358806254282], [139.9041660815036, 35.70367520799244]]}}, {"type": "Feature", "properties": {"id": "京葉道路-下り-0-7", "route": "京葉道路", "direction": "下り", "from": null, "to": "篠崎IC", "grade": 0.0, "elevation_start": 8.7, "elevation_end": 8.7, "quality": "estimated", "structure": "bridge", "chain_rank": 0, "cum_dist_start": 350.0, "cum_dist_end": 400.0, "anomaly": false}, "geometry": {"type": "LineString", "coordinates": [[139.9041660815036, 35.70367520799244], [139.90442082778924, 35.70376235344205], [139.9046755740749, 35.703849498891664]]}}, {"type": "Feature", "properties": {"id": "京葉道路-下り-0-8", "route": "京葉道路", "direction": "下り", "from": null, "to": "篠崎IC", "grade": 0.0, "elevation_start": 8.7, "elevation_end": 8.7, "quality": "estimated", "structure": "bridge", "chain_rank": 0, "cum_dist_start": 400.0, "cum_dist_end": 450.0, "anomaly": false}, "geometry": {"type": "LineString", "coordinates": [[139.9046755740749, 35.703849498891664], [139.90493032036053, 35.70393664434128], [139.9051850666462, 35.704023789790895]]}}, {"type": "Feature", "properties": {"id": "京葉道路-下り-0-9", "route": "京葉道路", "direction": "下り", "from": null, "to": "篠崎IC", "grade": 0.0, "elevation_start": 8.7, "elevation_end": 8.7, "quality": "estimated", "structure": "bridge", "chain_rank": 0, "cum_dist_start": 450.0, "cum_dist_end": 500.0, "anomaly": false}, "geometry": {"type": "LineString", "coordinates": [[139.9051850666462, 35.704023789790895], [139.90543981293183, 35.70411093524051], [139.9056945592175, 35.70419808069013]]}}, {"type": "Feature", "properties": {"id": "京葉道路-下り-0-10", "route": "京葉道路", "direction": "下り", "from": null, "to": "篠崎IC", "grade": 0.0, "elevation_start": 8.7, "elevation_end": 8.7, "quality": "estimated", "structure": "bridge", "chain_rank": 0, "cum_dist_start": 500.0, "cum_dist_end": 550.0, "anomaly": false}, "geometry": {"type": "LineString", "coordinates": [[139.9056945592175, 35.70419808069013], [139.90594930550316, 35.70428522613974], [139.9062040517888, 35.70437237158936]]}}, {"type": "Feature", "properties": {"id": "京葉道路-下り-0-11", "route": "京葉道路", "direction": "下り", "from": null, "to": "篠崎IC", "grade": 0.0, "elevation_start": 8.7, "elevation_end": 8.7, "quality": "estimated", "structure": "bridge", "chain_rank": 0, "cum_dist_start": 550.0, "cum_dist_end": 600.0, "anomaly": false}, "geometry": {"type": "LineString", "coordinates": [[139.9062040517888, 35.70437237158936], [139.90645882154016, 35.704459472289116], [139.9067137169054, 35.704546333439346]]}}, {"type": "Feature", "properties": {"id": "京葉道路-下り-0-12", "route": "京葉道路", "direction": "下り", "from": null, "to": "篠崎IC", "grade": 0.0, "elevation_start": 8.7, "elevation_end": 8.7, "quality": "estimated", "structure": "bridge", "chain_rank": 0, "cum_dist_start": 600.0, "cum_dist_end": 650.0, "anomaly": false}, "geometry": {"type": "LineString", "coordinates": [[139.9067137169054, 35.704546333439346], [139.90696861227062, 35.704633194589576], [139.90722350763588, 35.704720055739806]]}}, {"type": "Feature", "properties": {"id": "京葉道路-下り-0-13", "route": "京葉道路", "direction": "下り", "from": null, "to": "篠崎IC", "grade": 0.0, "elevation_start": 8.7, "elevation_end": 8.7, "quality": "estimated", "structure": "bridge", "chain_rank": 0, "cum_dist_start": 650.0, "cum_dist_end": 700.0, "anomaly": false}, "geometry": {"type": "LineString", "coordinates": [[139.90722350763588, 35.704720055739806], [139.9074784030011, 35.704806916890035], [139.90773329836634, 35.704893778040265]]}}, {"type": "Feature", "properties": {"id": "京葉道路-下り-0-14", "route": "京葉道路", "direction": "下り", "from": null, "to": "篠崎IC", "grade": 0.0, "elevation_start": 8.7, "elevation_end": 8.7, "quality": "estimated", "structure": "bridge", "chain_rank": 0, "cum_dist_start": 700.0, "cum_dist_end": 750.0, "anomaly": false}, "geometry": {"type": "LineString", "coordinates": [[139.90773329836634, 35.704893778040265], [139.90798819373157, 35.704980639190495], [139.90824211791363, 35.70506936810002]]}}, {"type": "Feature", "properties": {"id": "京葉道路-下り-0-15", "route": "京葉道路", "direction": "下り", "from": null, "to": "篠崎IC", "grade": 0.0, "elevation_start": 8.7, "elevation_end": 8.7, "quality": "estimated", "structure": "bridge", "chain_rank": 0, "cum_dist_start": 750.0, "cum_dist_end": 800.0, "anomaly": false}, "geometry": {"type": "LineString", "coordinates": [[139.90824211791363, 35.70506936810002], [139.90849496421006, 35.70516011325943], [139.90874348588463, 35.70525835877698]]}}, {"type": "Feature", "properties": {"id": "京葉道路-下り-0-16", "route": "京葉道路", "direction": "下り", "from": null, "to": "篠崎IC", "grade": 0.0, "elevation_start": 8.7, "elevation_end": 8.7, "quality": "estimated", "structure": "bridge", "chain_rank": 0, "cum_dist_start": 800.0, "cum_dist_end": 850.0, "anomaly": false}, "geometry": {"type": "LineString", "coordinates": [[139.90874348588463, 35.70525835877698], [139.90898892702964, 35.70536172994131], [139.90923140470233, 35.70546967345594]]}}, {"type": "Feature", "properties": {"id": "京葉道路-下り-0-17", "route": "京葉道路", "direction": "下り", "from": null, "to": "篠崎IC", "grade": 0.0, "elevation_start": 8.7, "elevation_end": 8.7, "quality": "estimated", "structure": "bridge", "chain_rank": 0, "cum_dist_start": 850.0, "cum_dist_end": 900.0, "anomaly": false}, "geometry": {"type": "LineString", "coordinates": [[139.90923140470233, 35.70546967345594], [139.90947113650273, 35.70558159572721], [139.9097054803143, 35.70570090536484]]}}, {"type": "Feature", "properties": {"id": "京葉道路-下り-0-18", "route": "京葉道路", "direction": "下り", "from": null, "to": "篠崎IC", "grade": 0.0, "elevation_start": 8.7, "elevation_end": 8.7, "quality": "estimated", "structure": "bridge", "chain_rank": 0, "cum_dist_start": 900.0, "cum_dist_end": 950.0, "anomaly": false}, "geometry": {"type": "LineString", "coordinates": [[139.9097054803143, 35.70570090536484], [139.90993575323287, 35.705825353909766], [139.91016456280826, 35.70595159680276]]}}, {"type": "Feature", "properties": {"id": "京葉道路-下り-0-19", "route": "京葉道路", "direction": "下り", "from": null, "to": "篠崎IC", "grade": 0.0, "elevation_start": 8.7, "elevation_end": 8.7, "quality": "estimated", "structure": "bridge", "chain_rank": 0, "cum_dist_start": 950.0, "cum_dist_end": 1000.0, "anomaly": false}, "geometry": {"type": "LineString", "coordinates": [[139.91016456280826, 35.70595159680276], [139.91039171180145, 35.706079831050964], [139.91061827705448, 35.70620874683375]]}}, {"type": "Feature", "properties": {"id": "京葉道路-下り-0-20", "route": "京葉道路", "direction": "下り", "from": null, "to": "篠崎IC", "grade": 0.0, "elevation_start": 8.7, "elevation_end": 8.7, "quality": "estimated", "structure": "bridge", "chain_rank": 0, "cum_dist_start": 1000.0, "cum_dist_end": 1050.0, "anomaly": false}, "geometry": {"type": "LineString", "coordinates": [[139.91061827705448, 35.70620874683375], [139.91084393387112, 35.70633872324392], [139.91106959068776, 35.70646869965408]]}}, {"type": "Feature", "properties": {"id": "京葉道路-下り-0-21", "route": "京葉道路", "direction": "下り", "from": null, "to": "篠崎IC", "grade": 0.0, "elevation_start": 8.7, "elevation_end": 8.7, "quality": "estimated", "structure": "bridge", "chain_rank": 0, "cum_dist_start": 1050.0, "cum_dist_end": 1100.0, "anomaly": false}, "geometry": {"type": "LineString", "coordinates": [[139.91106959068776, 35.70646869965408], [139.9112952475044, 35.70659867606424], [139.91152090432104, 35.7067286524744]]}}, {"type": "Feature", "properties": {"id": "京葉道路-下り-0-22", "route": "京葉道路", "direction": "下り", "from": null, "to": "篠崎IC", "grade": 0.0, "elevation_start": 8.7, "elevation_end": 8.7, "quality": "estimated", "structure": "bridge", "chain_rank": 0, "cum_dist_start": 1100.0, "cum_dist_end": 1150.0, "anomaly": false}, "geometry": {"type": "LineString", "coordinates": [[139.91152090432104, 35.7067286524744], [139.91174760813894, 35.7068574100352], [139.91197405436895, 35.70698645798597]]}}, {"type": "Feature", "properties": {"id": "京葉道路-下り-0-23", "route": "京葉道路", "direction": "下り", "from": null, "to": "篠崎IC", "grade": 0.0, "elevation_start": 8.7, "elevation_end": 8.7, "quality": "estimated", "structure": "bridge", "chain_rank": 0, "cum_dist_start": 1150.0, "cum_dist_end": 1200.0, "anomaly": false}, "geometry": {"type": "LineString", "coordinates": [[139.91197405436895, 35.70698645798597], [139.91219716509886, 35.70711932826308], [139.91242039260158, 35.70725206715687]]}}, {"type": "Feature", "properties": {"id": "京葉道路-下り-0-24", "route": "京葉道路", "direction": "下り", "from": null, "to": "篠崎IC", "grade": 0.0, "elevation_start": 8.7, "elevation_end": 8.7, "quality": "estimated", "structure": "bridge", "chain_rank": 0, "cum_dist_start": 1200.0, "cum_dist_end": 1250.0, "anomaly": false}, "geometry": {"type": "LineString", "coordinates": [[139.91242039260158, 35.70725206715687], [139.9126448410542, 35.70738343233607], [139.91286928950686, 35.70751479751527]]}}, {"type": "Feature", "properties": {"id": "京葉道路-下り-0-25", "route": "京葉道路", "direction": "下り", "from": null, "to": "篠崎IC", "grade": 0.0, "elevation_start": 8.7, "elevation_end": 8.7, "quality": "estimated", "structure": "bridge", "chain_rank": 0, "cum_dist_start": 1250.0, "cum_dist_end": 1300.0, "anomaly": false}, "geometry": {"type": "LineString", "coordinates": [[139.91286928950686, 35.70751479751527], [139.91309373795949, 35.70764616269447], [139.91331818641214, 35.707777527873674]]}}, {"type": "Feature", "properties": {"id": "京葉道路-下り-0-26", "route": "京葉道路", "direction": "下り", "from": null, "to": "篠崎IC", "grade": 0.0, "elevation_start": 8.7, "elevation_end": 8.7, "quality": "estimated", "structure": "bridge", "chain_rank": 0, "cum_dist_start": 1300.0, "cum_dist_end": 1350.0, "anomaly": false}, "geometry": {"type": "LineString", "coordinates": [[139.91331818641214, 35.707777527873674], [139.91354263486477, 35.707908893052874], [139.91376708331742, 35.70804025823208]]}}, {"type": "Feature", "properties": {"id": "京葉道路-下り-0-27", "route": "京葉道路", "direction": "下り", "from": null, "to": "篠崎IC", "grade": 0.0, "elevation_start": 8.7, "elevation_end": 8.7, "quality": "estimated", "structure": "bridge", "chain_rank": 0, "cum_dist_start": 1350.0, "cum_dist_end": 1400.0, "anomaly": false}, "geometry": {"type": "LineString", "coordinates": [[139.91376708331742, 35.70804025823208], [139.91399153177005, 35.70817162341128], [139.91421598022268, 35.70830298859048]]}}, {"type": "Feature", "properties": {"id": "京葉道路-下り-0-28", "route": "京葉道路", "direction": "下り", "from": "篠崎IC", "to": "京葉JCT", "grade": 0.0, "elevation_start": 8.7, "elevation_end": 8.7, "quality": "estimated", "structure": "bridge", "chain_rank": 0, "cum_dist_start": 1400.0, "cum_dist_end": 1450.0, "anomaly": false}, "geometry": {"type": "LineString", "coordinates": [[139.91421598022268, 35.70830298859048], [139.91444061332842, 35.7084341450234], [139.91466544226034, 35.70856508007915]]}}, {"type": "Feature", "properties": {"id": "京葉道路-下り-0-29", "route": "京葉道路", "direction": "下り", "from": "篠崎IC", "to": "京葉JCT", "grade": 0.0, "elevation_start": 8.7, "elevation_end": 8.7, "quality": "estimated", "structure": "bridge", "chain_rank": 0, "cum_dist_start": 1450.0, "cum_dist_end": 1500.0, "anomaly": false}, "geometry": {"type": "LineString", "coordinates": [[139.91466544226034, 35.70856508007915], [139.91489027119226, 35.70869601513488], [139.91511510012418, 35.70882695019063]]}}, {"type": "Feature", "properties": {"id": "京葉道路-下り-0-30", "route": "京葉道路", "direction": "下り", "from": "篠崎IC", "to": "京葉JCT", "grade": 0.0, "elevation_start": 8.7, "elevation_end": 8.7, "quality": "estimated", "structure": "bridge", "chain_rank": 0, "cum_dist_start": 1500.0, "cum_dist_end": 1550.0, "anomaly": false}, "geometry": {"type": "LineString", "coordinates": [[139.91511510012418, 35.70882695019063], [139.9153399290561, 35.70895788524636], [139.91556475798802, 35.70908882030211]]}}, {"type": "Feature", "properties": {"id": "京葉道路-下り-0-31", "route": "京葉道路", "direction": "下り", "from": "篠崎IC", "to": "京葉JCT", "grade": 0.0, "elevation_start": 8.7, "elevation_end": 8.7, "quality": "estimated", "structure": "bridge", "chain_rank": 0, "cum_dist_start": 1550.0, "cum_dist_end": 1600.0, "anomaly": false}, "geometry": {"type": "LineString", "coordinates": [[139.91556475798802, 35.70908882030211], [139.91578958691994, 35.70921975535784], [139.91601441585186, 35.70935069041359]]}}, {"type": "Feature", "properties": {"id": "京葉道路-下り-0-32", "route": "京葉道路", "direction": "下り", "from": "篠崎IC", "to": "京葉JCT", "grade": 0.0, "elevation_start": 8.7, "elevation_end": 8.7, "quality": "estimated", "structure": "bridge", "chain_rank": 0, "cum_dist_start": 1600.0, "cum_dist_end": 1650.0, "anomaly": false}, "geometry": {"type": "LineString", "coordinates": [[139.91601441585186, 35.70935069041359], [139.9162424311168, 35.70947788592383], [139.91647135728195, 35.709604012383046]]}}, {"type": "Feature", "properties": {"id": "京葉道路-下り-0-33", "route": "京葉道路", "direction": "下り", "from": "篠崎IC", "to": "京葉JCT", "grade": 0.0, "elevation_start": 8.7, "elevation_end": 8.7, "quality": "estimated", "structure": "bridge", "chain_rank": 0, "cum_dist_start": 1650.0, "cum_dist_end": 1700.0, "anomaly": false}, "geometry": {"type": "LineString", "coordinates": [[139.91647135728195, 35.709604012383046], [139.91670028344706, 35.70973013884226], [139.91692599427185, 35.709860027582906]]}}, {"type": "Feature", "properties": {"id": "京葉道路-下り-0-34", "route": "京葉道路", "direction": "下り", "from": "篠崎IC", "to": "京葉JCT", "grade": 0.0, "elevation_start": 8.7, "elevation_end": 8.7, "quality": "estimated", "structure": "normal", "chain_rank": 0, "cum_dist_start": 1700.0, "cum_dist_end": 1750.0, "anomaly": false}, "geometry": {"type": "LineString", "coordinates": [[139.91692599427185, 35.709860027582906], [139.9171502679034, 35.709991597988584], [139.9173745415349, 35.71012316839427]]}}, {"type": "Feature", "properties": {"id": "京葉道路-下り-0-35", "route": "京葉道路", "direction": "下り", "from": "篠崎IC", "to": "京葉JCT", "grade": 0.0, "elevation_start": 8.7, "elevation_end": 8.7, "quality": "estimated", "structure": "normal", "chain_rank": 0, "cum_dist_start": 1750.0, "cum_dist_end": 1800.0, "anomaly": false}, "geometry": {"type": "LineString", "coordinates": [[139.9173745415349, 35.71012316839427], [139.9176004086916, 35.7102529135577], [139.9178300877982, 35.71037806090099]]}}, {"type": "Feature", "properties": {"id": "京葉道路-下り-0-36", "route": "京葉道路", "direction": "下り", "from": "篠崎IC", "to": "京葉JCT", "grade": 0.0, "elevation_start": 8.7, "elevation_end": 8.7, "quality": "estimated", "structure": "normal", "chain_rank": 0, "cum_dist_start": 1800.0, "cum_dist_end": 1850.0, "anomaly": false}, "geometry": {"type": "LineString", "coordinates": [[139.9178300877982, 35.71037806090099], [139.9180671564899, 35.71049341060506], [139.9183138041446, 35.710594601404466]]}}, {"type": "Feature", "properties": {"id": "京葉道路-下り-0-37", "route": "京葉道路", "direction": "下り", "from": "篠崎IC", "to": "京葉JCT", "grade": -0.68, "elevation_start": 8.7, "elevation_end": 8.4, "quality": "measured", "structure": "normal", "chain_rank": 0, "cum_dist_start": 1850.0, "cum_dist_end": 1900.0, "anomaly": false}, "geometry": {"type": "LineString", "coordinates": [[139.9183138041446, 35.710594601404466], [139.9185686673373, 35.710681266969694], [139.91883020179873, 35.71075349520496]]}}, {"type": "Feature", "properties": {"id": "京葉道路-下り-0-38", "route": "京葉道路", "direction": "下り", "from": "篠崎IC", "to": "京葉JCT", "grade": -1.02, "elevation_start": 8.4, "elevation_end": 7.8, "quality": "measured", "structure": "normal", "chain_rank": 0, "cum_dist_start": 1900.0, "cum_dist_end": 1950.0, "anomaly": false}, "geometry": {"type": "LineString", "coordinates": [[139.91883020179873, 35.71075349520496], [139.91909772256244, 35.710808999752885], [139.9193685588829, 35.71085328195188]]}}, {"type": "Feature", "properties": {"id": "京葉道路-下り-0-39", "route": "京葉道路", "direction": "下り", "from": "篠崎IC", "to": "京葉JCT", "grade": -2.61, "elevation_start": 7.8, "elevation_end": 6.5, "quality": "measured", "structure": "normal", "chain_rank": 0, "cum_dist_start": 1950.0, "cum_dist_end": 2000.0, "anomaly": false}, "geometry": {"type": "LineString", "coordinates": [[139.9193685588829, 35.71085328195188], [139.91964272631967, 35.71088027273016], [139.9199187338542, 35.71088856543202]]}}, {"type": "Feature", "properties": {"id": "京葉道路-下り-0-40", "route": "京葉道路", "direction": "下り", "from": "篠崎IC", "to": "京葉JCT", "grade": -2.67, "elevation_start": 6.5, "elevation_end": 5.2, "quality": "measured", "structure": "normal", "chain_rank": 0, "cum_dist_start": 2000.0, "cum_dist_end": 2050.0, "anomaly": false}, "geometry": {"type": "LineString", "coordinates": [[139.9199187338542, 35.71088856543202], [139.92019467446806, 35.710881802974875], [139.92046951308055, 35.710859775714965]]}}, {"type": "Feature", "properties": {"id": "京葉道路-下り-0-41", "route": "京葉道路", "direction": "下り", "from": "篠崎IC", "to": "京葉JCT", "grade": -2.82, "elevation_start": 5.2, "elevation_end": 3.8, "quality": "measured", "structure": "normal", "chain_rank": 0, "cum_dist_start": 2050.0, "cum_dist_end": 2100.0, "anomaly": false}, "geometry": {"type": "LineString", "coordinates": [[139.92046951308055, 35.710859775714965], [139.92074223212876, 35.71082441746423], [139.92101249095552, 35.71077782816439]]}}, {"type": "Feature", "properties": {"id": "京葉道路-下り-0-42", "route": "京葉道路", "direction": "下り", "from": "篠崎IC", "to": "京葉JCT", "grade": -2.47, "elevation_start": 3.8, "elevation_end": 2.6, "quality": "measured", "structure": "normal", "chain_rank": 0, "cum_dist_start": 2100.0, "cum_dist_end": 2150.0, "anomaly": false}, "geometry": {"type": "LineString", "coordinates": [[139.92101249095552, 35.71077782816439], [139.92128103079457, 35.71072490691778], [139.92154927763465, 35.71067100762303]]}}, {"type": "Feature", "properties": {"id": "京葉道路-下り-0-43", "route": "京葉道路", "direction": "下り", "from": "篠崎IC", "to": "京葉JCT", "grade": -1.06, "elevation_start": 2.6, "elevation_end": 2.0, "quality": "measured", "structure": "normal", "chain_rank": 0, "cum_dist_start": 2150.0, "cum_dist_end": 2200.0, "anomaly": false}, "geometry": {"type": "LineString", "coordinates": [[139.92154927763465, 35.71067100762303], [139.92181752447473, 35.71061710832827], [139.92208577131478, 35.71056320903352]]}}, {"type": "Feature", "properties": {"id": "京葉道路-下り-0-44", "route": "京葉道路", "direction": "下り", "from": "篠崎IC", "to": "京葉JCT", "grade": -0.13, "elevation_start": 2.0, "elevation_end": 2.0, "quality": "measured", "structure": "normal", "chain_rank": 0, "cum_dist_start": 2200.0, "cum_dist_end": 2250.0, "anomaly": false}, "geometry": {"type": "LineString", "coordinates": [[139.92208577131478, 35.71056320903352], [139.92235401815486, 35.71050930973877], [139.92262260037427, 35.71045654717408]]}}, {"type": "Feature", "properties": {"id": "京葉道路-下り-0-45", "route": "京葉道路", "direction": "下り", "from": "篠崎IC", "to": "京葉JCT", "grade": -0.04, "elevation_start": 2.0, "elevation_end": 1.9, "quality": "measured", "structure": "normal", "chain_rank": 0, "cum_dist_start": 2250.0, "cum_dist_end": 2300.0, "anomaly": false}, "geometry": {"type": "LineString", "coordinates": [[139.92262260037427, 35.71045654717408], [139.9228912736569, 35.71040409325774], [139.9231599469395, 35.7103516393414]]}}, {"type": "Feature", "properties": {"id": "京葉道路-下り-0-46", "route": "京葉道路", "direction": "下り", "from": "篠崎IC", "to": "京葉JCT", "grade": -0.16, "elevation_start": 1.9, "elevation_end": 1.9, "quality": "measured", "structure": "normal", "chain_rank": 0, "cum_dist_start": 2300.0, "cum_dist_end": 2350.0, "anomaly": false}, "geometry": {"type": "LineString", "coordinates": [[139.9231599469395, 35.7103516393414], [139.92342862022213, 35.71029918542506], [139.92369729350477, 35.71024673150871]]}}, {"type": "Feature", "properties": {"id": "京葉道路-下り-0-47", "route": "京葉道路", "direction": "下り", "from": "篠崎IC", "to": "京葉JCT", "grade": -0.06, "elevation_start": 1.9, "elevation_end": 1.8, "quality": "measured", "structure": "normal", "chain_rank": 0, "cum_dist_start": 2350.0, "cum_dist_end": 2400.0, "anomaly": false}, "geometry": {"type": "LineString", "coordinates": [[139.92369729350477, 35.71024673150871], [139.9239659667874, 35.71019427759237], [139.92423464007, 35.710141823676025]]}}, {"type": "Feature", "properties": {"id": "京葉道路-下り-0-48", "route": "京葉道路", "direction": "下り", "from": "篠崎IC", "to": "京葉JCT", "grade": -0.01, "elevation_start": 1.8, "elevation_end": 1.8, "quality": "measured", "structure": "normal", "chain_rank": 0, "cum_dist_start": 2400.0, "cum_dist_end": 2450.0, "anomaly": false}, "geometry": {"type": "LineString", "coordinates": [[139.92423464007, 35.710141823676025], [139.92450331335263, 35.71008936975968], [139.92477198663525, 35.71003691584334]]}}, {"type": "Feature", "properties": {"id": "京葉道路-下り-0-49", "route": "京葉道路", "direction": "下り", "from": "篠崎IC", "to": "京葉JCT", "grade": -0.05, "elevation_start": 1.8, "elevation_end": 1.8, "quality": "measured", "structure": "normal", "chain_rank": 0, "cum_dist_start": 2450.0, "cum_dist_end": 2500.0, "anomaly": false}, "geometry": {"type": "LineString", "coordinates": [[139.92477198663525, 35.71003691584334], [139.92504065991787, 35.70998446192699], [139.9253093332005, 35.709932008010654]]}}, {"type": "Feature", "properties": {"id": "京葉道路-下り-0-50", "route": "京葉道路", "direction": "下り", "from": "篠崎IC", "to": "京葉JCT", "grade": 0.0, "elevation_start": 1.8, "elevation_end": 1.8, "quality": "measured", "structure": "normal", "chain_rank": 0, "cum_dist_start": 2500.0, "cum_dist_end": 2550.0, "anomaly": false}, "geometry": {"type": "LineString", "coordinates": [[139.9253093332005, 35.709932008010654], [139.9255780064831, 35.70987955409431], [139.92584667976573, 35.70982710017797]]}}, {"type": "Feature", "properties": {"id": "京葉道路-下り-0-51", "route": "京葉道路", "direction": "下り", "from": "京葉JCT", "to": "京葉市川", "grade": 0.0, "elevation_start": 1.8, "elevation_end": 1.8, "quality": "measured", "structure": "normal", "chain_rank": 0, "cum_dist_start": 2550.0, "cum_dist_end": 2600.0, "anomaly": false}, "geometry": {"type": "LineString", "coordinates": [[139.92584667976573, 35.70982710017797], [139.92611535304835, 35.70977464626162], [139.92638402633096, 35.70972219234528]]}}, {"type": "Feature", "properties": {"id": "京葉道路-下り-0-52", "route": "京葉道路", "direction": "下り", "from": "京葉JCT", "to": "京葉市川", "grade": -0.01, "elevation_start": 1.8, "elevation_end": 1.8, "quality": "measured", "structure": "normal", "chain_rank": 0, "cum_dist_start": 2600.0, "cum_dist_end": 2650.0, "anomaly": false}, "geometry": {"type": "LineString", "coordinates": [[139.92638402633096, 35.70972219234528], [139.92665269961358, 35.709669738428936], [139.9269213728962, 35.709617284512596]]}}, {"type": "Feature", "properties": {"id": "京葉道路-下り-0-53", "route": "京葉道路", "direction": "下り", "from": "京葉JCT", "to": "京葉市川", "grade": -0.08, "elevation_start": 1.8, "elevation_end": 1.8, "quality": "measured", "structure": "normal", "chain_rank": 0, "cum_dist_start": 2650.0, "cum_dist_end": 2700.0, "anomaly": false}, "geometry": {"type": "LineString", "coordinates": [[139.9269213728962, 35.709617284512596], [139.92719004617885, 35.70956483059625], [139.92745871946147, 35.70951237667991]]}}, {"type": "Feature", "properties": {"id": "京葉道路-下り-0-54", "route": "京葉道路", "direction": "下り", "from": "京葉市川", "to": "京葉市川PA", "grade": -0.09, "elevation_start": 1.8, "elevation_end": 1.7, "quality": "measured", "structure": "normal", "chain_rank": 0, "cum_dist_start": 2700.0, "cum_dist_end": 2750.0, "anomaly": false}, "geometry": {"type": "LineString", "coordinates": [[139.92745871946147, 35.70951237667991], [139.9277273927441, 35.709459922763564], [139.9279960660267, 35.70940746884722]]}}, {"type": "Feature", "properties": {"id": "京葉道路-下り-0-55", "route": "京葉道路", "direction": "下り", "from": "京葉市川", "to": "京葉市川PA", "grade": 0.0, "elevation_start": 1.7, "elevation_end": 1.7, "quality": "measured", "structure": "normal", "chain_rank": 0, "cum_dist_start": 2750.0, "cum_dist_end": 2800.0, "anomaly": false}, "geometry": {"type": "LineString", "coordinates": [[139.9279960660267, 35.70940746884722], [139.92826473930933, 35.70935501493088], [139.92853341259195, 35.70930256101453]]}}, {"type": "Feature", "properties": {"id": "京葉道路-下り-0-56", "route": "京葉道路", "direction": "下り", "from": "京葉市川", "to": "京葉市川PA", "grade": 0.01, "elevation_start": 1.7, "elevation_end": 1.7, "quality": "measured", "structure": "normal", "chain_rank": 0, "cum_dist_start": 2800.0, "cum_dist_end": 2850.0, "anomaly": false}, "geometry": {"type": "LineString", "coordinates": [[139.92853341259195, 35.70930256101453], [139.92880208587457, 35.70925010709819], [139.92907075915718, 35.709197653181846]]}}, {"type": "Feature", "properties": {"id": "京葉道路-下り-0-57", "route": "京葉道路", "direction": "下り", "from": "京葉市川", "to": "京葉市川PA", "grade": 0.1, "elevation_start": 1.7, "elevation_end": 1.8, "quality": "measured", "structure": "normal", "chain_rank": 0, "cum_dist_start": 2850.0, "cum_dist_end": 2900.0, "anomaly": false}, "geometry": {"type": "LineString", "coordinates": [[139.92907075915718, 35.709197653181846], [139.9293394324398, 35.70914519926551], [139.92960810572242, 35.70909274534916]]}}, {"type": "Feature", "properties": {"id": "京葉道路-下り-0-58", "route": "京葉道路", "direction": "下り", "from": "京葉市川", "to": "京葉市川PA", "grade": -0.01, "elevation_start": 1.8, "elevation_end": 1.8, "quality": "measured", "structure": "normal", "chain_rank": 0, "cum_dist_start": 2900.0, "cum_dist_end": 2950.0, "anomaly": false}, "geometry": {"type": "LineString", "coordinates": [[139.92960810572242, 35.70909274534916], [139.92987677900504, 35.70904029143282], [139.93014545228766, 35.708987837516474]]}}, {"type": "Feature", "properties": {"id": "京葉道路-下り-0-59", "route": "京葉道路", "direction": "下り", "from": "京葉市川", "to": "京葉市川PA", "grade": -0.02, "elevation_start": 1.8, "elevation_end": 1.8, "quality": "measured", "structure": "normal", "chain_rank": 0, "cum_dist_start": 2950.0, "cum_dist_end": 3000.0, "anomaly": false}, "geometry": {"type": "LineString", "coordinates": [[139.93014545228766, 35.708987837516474], [139.93041412557028, 35.708935383600135], [139.93068279885293, 35.70888292968379]]}}, {"type": "Feature", "properties": {"id": "京葉道路-下り-0-60", "route": "京葉道路", "direction": "下り", "from": "京葉市川", "to": "京葉市川PA", "grade": -0.02, "elevation_start": 1.8, "elevation_end": 1.7, "quality": "measured", "structure": "normal", "chain_rank": 0, "cum_dist_start": 3000.0, "cum_dist_end": 3050.0, "anomaly": false}, "geometry": {"type": "LineString", "coordinates": [[139.93068279885293, 35.70888292968379], [139.93095147213555, 35.70883047576744], [139.93122014541817, 35.7087780218511]]}}, {"type": "Feature", "properties": {"id": "京葉道路-下り-0-61", "route": "京葉道路", "direction": "下り", "from": "京葉市川", "to": "京葉市川PA", "grade": -0.0, "elevation_start": 1.7, "elevation_end": 1.7, "quality": "measured", "structure": "normal", "chain_rank": 0, "cum_dist_start": 3050.0, "cum_dist_end": 3100.0, "anomaly": false}, "geometry": {"type": "LineString", "coordinates": [[139.93122014541817, 35.7087780218511], [139.93148881870079, 35.708725567934756], [139.9317574919834, 35.70867311401842]]}}, {"type": "Feature", "properties": {"id": "京葉道路-下り-0-62", "route": "京葉道路", "direction": "下り", "from": "京葉市川PA", "to": "原木", "grade": -0.09, "elevation_start": 1.7, "elevation_end": 1.7, "quality": "measured", "structure": "normal", "chain_rank": 0, "cum_dist_start": 3100.0, "cum_dist_end": 3150.0, "anomaly": false}, "geometry": {"type": "LineString", "coordinates": [[139.9317574919834, 35.70867311401842], [139.93202616526602, 35.70862066010207], [139.93229483854864, 35.70856820618573]]}}, {"type": "Feature", "properties": {"id": "京葉道路-下り-0-63", "route": "京葉道路", "direction": "下り", "from": "京葉市川PA", "to": "原木", "grade": -0.16, "elevation_start": 1.7, "elevation_end": 1.6, "quality": "measured", "structure": "normal", "chain_rank": 0, "cum_dist_start": 3150.0, "cum_dist_end": 3200.0, "anomaly": false}, "geometry": {"type": "LineString", "coordinates": [[139.93229483854864, 35.70856820618573], [139.93256351183126, 35.708515752269385], [139.93283218511388, 35.708463298353045]]}}, {"type": "Feature", "properties": {"id": "京葉道路-下り-0-64", "route": "京葉道路", "direction": "下り", "from": "京葉市川PA", "to": "原木", "grade": -0.09, "elevation_start": 1.6, "elevation_end": 1.6, "quality": "measured", "structure": "normal", "chain_rank": 0, "cum_dist_start": 3200.0, "cum_dist_end": 3250.0, "anomaly": false}, "geometry": {"type": "LineString", "coordinates": [[139.93283218511388, 35.708463298353045], [139.9331008583965, 35.7084108444367], [139.93336953973682, 35.708358418695326]]}}, {"type": "Feature", "properties": {"id": "京葉道路-下り-0-65", "route": "京葉道路", "direction": "下り", "from": "京葉市川PA", "to": "原木", "grade": -0.15, "elevation_start": 1.6, "elevation_end": 1.5, "quality": "measured", "structure": "normal", "chain_rank": 0, "cum_dist_start": 3250.0, "cum_dist_end": 3300.0, "anomaly": false}, "geometry": {"type": "LineString", "coordinates": [[139.93336953973682, 35.708358418695326], [139.9336384930218, 35.7083069438497], [139.93390744630676, 35.70825546900407]]}}, {"type": "Feature", "properties": {"id": "京葉道路-下り-0-66", "route": "京葉道路", "direction": "下り", "from": "京葉市川PA", "to": "原木", "grade": 0.0, "elevation_start": 1.5, "elevation_end": 1.5, "quality": "measured", "structure": "normal", "chain_rank": 0, "cum_dist_start": 3300.0, "cum_dist_end": 3350.0, "anomaly": false}, "geometry": {"type": "LineString", "coordinates": [[139.93390744630676, 35.70825546900407], [139.9341763995917, 35.708203994158445], [139.93444535287668, 35.708152519312826]]}}, {"type": "Feature", "properties": {"id": "京葉道路-下り-0-67", "route": "京葉道路", "direction": "下り", "from": "京葉市川PA", "to": "原木", "grade": 0.05, "elevation_start": 1.5, "elevation_end": 1.5, "quality": "measured", "structure": "normal", "chain_rank": 0, "cum_dist_start": 3350.0, "cum_dist_end": 3400.0, "anomaly": false}, "geometry": {"type": "LineString", "coordinates": [[139.93444535287668, 35.708152519312826], [139.93471430616165, 35.7081010444672], [139.93498325944662, 35.70804956962157]]}}, {"type": "Feature", "properties": {"id": "京葉道路-下り-0-68", "route": "京葉道路", "direction": "下り", "from": "京葉市川PA", "to": "原木", "grade": 0.17, "elevation_start": 1.5, "elevation_end": 1.6, "quality": "measured", "structure": "normal", "chain_rank": 0, "cum_dist_start": 3400.0, "cum_dist_end": 3450.0, "anomaly": false}, "geometry": {"type": "LineString", "coordinates": [[139.93498325944662, 35.70804956962157], [139.93525221273157, 35.70799809477595], [139.93552116601654, 35.707946619930325]]}}, {"type": "Feature", "properties": {"id": "京葉道路-下り-0-69", "route": "京葉道路", "direction": "下り", "from": "京葉市川PA", "to": "原木", "grade": 0.07, "elevation_start": 1.6, "elevation_end": 1.6, "quality": "measured", "structure": "normal", "chain_rank": 0, "cum_dist_start": 3450.0, "cum_dist_end": 3500.0, "anomaly": false}, "geometry": {"type": "LineString", "coordinates": [[139.93552116601654, 35.707946619930325], [139.93579011930152, 35.7078951450847], [139.93605907258646, 35.70784367023907]]}}, {"type": "Feature", "properties": {"id": "京葉道路-下り-0-70", "route": "京葉道路", "direction": "下り", "from": "京葉市川PA", "to": "原木", "grade": 0.12, "elevation_start": 1.6, "elevation_end": 1.7, "quality": "measured", "structure": "normal", "chain_rank": 0, "cum_dist_start": 3500.0, "cum_dist_end": 3550.0, "anomaly": false}, "geometry": {"type": "LineString", "coordinates": [[139.93605907258646, 35.70784367023907], [139.9363278675042, 35.707791657842755], [139.93659618908222, 35.707738038775304]]}}, {"type": "Feature", "properties": {"id": "京葉道路-下り-0-71", "route": "京葉道路", "direction": "下り", "from": "京葉市川PA", "to": "原木", "grade": 0.12, "elevation_start": 1.7, "elevation_end": 1.8, "quality": "measured", "structure": "normal", "chain_rank": 0, "cum_dist_start": 3550.0, "cum_dist_end": 3600.0, "anomaly": false}, "geometry": {"type": "LineString", "coordinates": [[139.93659618908222, 35.707738038775304], [139.93686451066026, 35.70768441970785], [139.93713295268475, 35.70763121271609]]}}, {"type": "Feature", "properties": {"id": "京葉道路-下り-0-72", "route": "京葉道路", "direction": "下り", "from": "京葉市川PA", "to": "原木", "grade": 0.05, "elevation_start": 1.8, "elevation_end": 1.8, "quality": "measured", "structure": "normal", "chain_rank": 0, "cum_dist_start": 3600.0, "cum_dist_end": 3650.0, "anomaly": false}, "geometry": {"type": "LineString", "coordinates": [[139.93713295268475, 35.70763121271609], [139.9374020431579, 35.70758022421985], [139.93767113363103, 35.70752923572362]]}}, {"type": "Feature", "properties": {"id": "京葉道路-下り-0-73", "route": "京葉道路", "direction": "下り", "from": "京葉市川PA", "to": "原木", "grade": -0.0, "elevation_start": 1.8, "elevation_end": 1.8, "quality": "measured", "structure": "normal", "chain_rank": 0, "cum_dist_start": 3650.0, "cum_dist_end": 3700.0, "anomaly": false}, "geometry": {"type": "LineString", "coordinates": [[139.93767113363103, 35.70752923572362], [139.93794022410418, 35.707478247227385], [139.9382093145773, 35.70742725873115]]}}, {"type": "Feature", "properties": {"id": "京葉道路-下り-0-74", "route": "京葉道路", "direction": "下り", "from": "京葉市川PA", "to": "原木", "grade": 0.04, "elevation_start": 1.8, "elevation_end": 1.8, "quality": "measured", "structure": "normal", "chain_rank": 0, "cum_dist_start": 3700.0, "cum_dist_end": 3750.0, "anomaly": false}, "geometry": {"type": "LineString", "coordinates": [[139.9382093145773, 35.70742725873115], [139.93847840505046, 35.70737627023492], [139.9387474955236, 35.70732528173868]]}}, {"type": "Feature", "properties": {"id": "京葉道路-下り-0-75", "route": "京葉道路", "direction": "下り", "from": "京葉市川PA", "to": "原木", "grade": 0.31, "elevation_start": 1.8, "elevation_end": 2.0, "quality": "measured", "structure": "normal", "chain_rank": 0, "cum_dist_start": 3750.0, "cum_dist_end": 3800.0, "anomaly": false}, "geometry": {"type": "LineString", "coordinates": [[139.9387474955236, 35.70732528173868], [139.93901594981526, 35.7072721313756], [139.93928412671764, 35.70721803839033]]}}, {"type": "Feature", "properties": {"id": "京葉道路-下り-0-76", "route": "京葉道路", "direction": "下り", "from": "京葉市川PA", "to": "原木", "grade": 0.04, "elevation_start": 2.0, "elevation_end": 2.0, "quality": "measured", "structure": "normal", "chain_rank": 0, "cum_dist_start": 3800.0, "cum_dist_end": 3850.0, "anomaly": false}, "geometry": {"type": "LineString", "coordinates": [[139.93928412671764, 35.70721803839033], [139.93955230362, 35.707163945405064], [139.93981841349878, 35.70710354904691]]}}, {"type": "Feature", "properties": {"id": "京葉道路-下り-0-77", "route": "京葉道路", "direction": "下り", "from": "京葉市川PA", "to": "原木", "grade": 0.0, "elevation_start": 2.0, "elevation_end": 2.0, "quality": "measured", "structure": "normal", "chain_rank": 0, "cum_dist_start": 3850.0, "cum_dist_end": 3900.0, "anomaly": false}, "geometry": {"type": "LineString", "coordinates": [[139.93981841349878, 35.70710354904691], [139.9400838992342, 35.707041249368146], [139.94034926265854, 35.706978632825844]]}}, {"type": "Feature", "properties": {"id": "京葉道路-下り-0-78", "route": "京葉道路", "direction": "下り", "from": "京葉市川PA", "to": "原木", "grade": -0.08, "elevation_start": 2.0, "elevation_end": 1.9, "quality": "measured", "structure": "normal", "chain_rank": 0, "cum_dist_start": 3900.0, "cum_dist_end": 3950.0, "anomaly": false}, "geometry": {"type": "LineString", "coordinates": [[139.94034926265854, 35.706978632825844], [139.94061063019893, 35.706905664399684], [139.94087199773932, 35.706832695973524]]}}, {"type": "Feature", "properties": {"id": "京葉道路-下り-0-79", "route": "京葉道路", "direction": "下り", "from": "京葉市川PA", "to": "原木", "grade": -0.47, "elevation_start": 1.9, "elevation_end": 1.7, "quality": "measured", "structure": "normal", "chain_rank": 0, "cum_dist_start": 3950.0, "cum_dist_end": 4000.0, "anomaly": false}, "geometry": {"type": "LineString", "coordinates": [[139.94087199773932, 35.706832695973524], [139.94113292572314, 35.70675871017817], [139.94139266287448, 35.706681968159074]]}}, {"type": "Feature", "properties": {"id": "京葉道路-下り-0-80", "route": "京葉道路", "direction": "下り", "from": "京葉市川PA", "to": "原木", "grade": 0.0, "elevation_start": 1.7, "elevation_end": 1.7, "quality": "measured", "structure": "normal", "chain_rank": 0, "cum_dist_start": 4000.0, "cum_dist_end": 4050.0, "anomaly": false}, "geometry": {"type": "LineString", "coordinates": [[139.94139266287448, 35.706681968159074], [139.94165240002582, 35.70660522613998], [139.94191216491683, 35.70652854720984]]}}, {"type": "Feature", "properties": {"id": "京葉道路-下り-0-81", "route": "京葉道路", "direction": "下り", "from": "京葉市川PA", "to": "原木", "grade": 0.01, "elevation_start": 1.7, "elevation_end": 1.7, "quality": "measured", "structure": "normal", "chain_rank": 0, "cum_dist_start": 4050.0, "cum_dist_end": 4100.0, "anomaly": false}, "geometry": {"type": "LineString", "coordinates": [[139.94191216491683, 35.70652854720984], [139.94217202089007, 35.70645207543002], [139.9424318768633, 35.70637560365021]]}}, {"type": "Feature", "properties": {"id": "京葉道路-下り-0-82", "route": "京葉道路", "direction": "下り", "from": "京葉市川PA", "to": "原木", "grade": 0.0, "elevation_start": 1.7, "elevation_end": 1.7, "quality": "measured", "structure": "normal", "chain_rank": 0, "cum_dist_start": 4100.0, "cum_dist_end": 4150.0, "anomaly": false}, "geometry": {"type": "LineString", "coordinates": [[139.9424318768633, 35.70637560365021], [139.94269173283655, 35.70629913187039], [139.94295158880976, 35.706222660090575]]}}, {"type": "Feature", "properties": {"id": "京葉道路-下り-0-83", "route": "京葉道路", "direction": "下り", "from": "京葉市川PA", "to": "原木", "grade": -0.04, "elevation_start": 1.7, "elevation_end": 1.7, "quality": "measured", "structure": "normal", "chain_rank": 0, "cum_dist_start": 4150.0, "cum_dist_end": 4200.0, "anomaly": false}, "geometry": {"type": "LineString", "coordinates": [[139.94295158880976, 35.706222660090575], [139.94321128269252, 35.70614582626712], [139.94347081846922, 35.70606863929967]]}}, {"type": "Feature", "properties": {"id": "京葉道路-下り-0-84", "route": "京葉道路", "direction": "下り", "from": "京葉市川PA", "to": "原木", "grade": -0.02, "elevation_start": 1.7, "elevation_end": 1.7, "quality": "measured", "structure": "normal", "chain_rank": 0, "cum_dist_start": 4200.0, "cum_dist_end": 4250.0, "anomaly": false}, "geometry": {"type": "LineString", "coordinates": [[139.94347081846922, 35.70606863929967], [139.94373035424593, 35.70599145233223], [139.94398989002264, 35.70591426536479]]}}, {"type": "Feature", "properties": {"id": "京葉道路-下り-0-85", "route": "京葉道路", "direction": "下り", "from": "京葉市川PA", "to": "原木", "grade": 0.05, "elevation_start": 1.7, "elevation_end": 1.7, "quality": "measured", "structure": "normal", "chain_rank": 0, "cum_dist_start": 4250.0, "cum_dist_end": 4300.0, "anomaly": false}, "geometry": {"type": "LineString", "coordinates": [[139.94398989002264, 35.70591426536479], [139.94424942579934, 35.705837078397344], [139.94450896157605, 35.7057598914299]]}}, {"type": "Feature", "properties": {"id": "京葉道路-下り-0-86", "route": "京葉道路", "direction": "下り", "from": "京葉市川PA", "to": "原木", "grade": 0.18, "elevation_start": 1.7, "elevation_end": 1.8, "quality": "measured", "structure": "normal", "chain_rank": 0, "cum_dist_start": 4300.0, "cum_dist_end": 4350.0, "anomaly": false}, "geometry": {"type": "LineString", "coordinates": [[139.94450896157605, 35.7057598914299], [139.94476849735275, 35.705682704462454], [139.94502803312946, 35.70560551749501]]}}, {"type": "Feature", "properties": {"id": "京葉道路-下り-0-87", "route": "京葉道路", "direction": "下り", "from": "京葉市川PA", "to": "原木", "grade": 0.18, "elevation_start": 1.8, "elevation_end": 1.9, "quality": "measured", "structure": "normal", "chain_rank": 0, "cum_dist_start": 4350.0, "cum_dist_end": 4400.0, "anomaly": false}, "geometry": {"type": "LineString", "coordinates": [[139.94502803312946, 35.70560551749501], [139.94528756890617, 35.705528330527564], [139.94554710468287, 35.70545114356012]]}}, {"type": "Feature", "properties": {"id": "京葉道路-下り-0-88", "route": "京葉道路", "direction": "下り", "from": "京葉市川PA", "to": "原木", "grade": 0.15, "elevation_start": 1.9, "elevation_end": 2.0, "quality": "estimated", "structure": "normal", "chain_rank": 0, "cum_dist_start": 4400.0, "cum_dist_end": 4450.0, "anomaly": false}, "geometry": {"type": "LineString", "coordinates": [[139.94554710468287, 35.70545114356012], [139.94580664045958, 35.70537395659267], [139.9460661762363, 35.705296769625235]]}}, {"type": "Feature", "properties": {"id": "京葉道路-下り-0-89", "route": "京葉道路", "direction": "下り", "from": "京葉市川PA", "to": "原木", "grade": 0.07, "elevation_start": 2.0, "elevation_end": 2.0, "quality": "estimated", "structure": "normal", "chain_rank": 0, "cum_dist_start": 4450.0, "cum_dist_end": 4500.0, "anomaly": false}, "geometry": {"type": "LineString", "coordinates": [[139.9460661762363, 35.705296769625235], [139.94632571680594, 35.70521959351544], [139.9465857683126, 35.70514357484557]]}}, {"type": "Feature", "properties": {"id": "京葉道路-下り-0-90", "route": "京葉道路", "direction": "下り", "from": "京葉市川PA", "to": "原木", "grade": 0.07, "elevation_start": 2.0, "elevation_end": 2.0, "quality": "estimated", "structure": "normal", "chain_rank": 0, "cum_dist_start": 4500.0, "cum_dist_end": 4550.0, "anomaly": false}, "geometry": {"type": "LineString", "coordinates": [[139.9465857683126, 35.70514357484557], [139.94684581981923, 35.7050675561757], [139.94710587132587, 35.704991537505826]]}}, {"type": "Feature", "properties": {"id": "京葉道路-下り-0-91", "route": "京葉道路", "direction": "下り", "from": "京葉市川PA", "to": "原木", "grade": 0.07, "elevation_start": 2.0, "elevation_end": 2.1, "quality": "estimated", "structure": "bridge", "chain_rank": 0, "cum_dist_start": 4550.0, "cum_dist_end": 4600.0, "anomaly": false}, "geometry": {"type": "LineString", "coordinates": [[139.94710587132587, 35.704991537505826], [139.9473659228325, 35.70491551883595], [139.94762597604947, 35.704839505633785]]}}, {"type": "Feature", "properties": {"id": "京葉道路-下り-0-92", "route": "京葉道路", "direction": "下り", "from": "京葉市川PA", "to": "原木", "grade": 0.07, "elevation_start": 2.1, "elevation_end": 2.1, "quality": "estimated", "structure": "bridge", "chain_rank": 0, "cum_dist_start": 4600.0, "cum_dist_end": 4650.0, "anomaly": false}, "geometry": {"type": "LineString", "coordinates": [[139.94762597604947, 35.704839505633785], [139.9478860298291, 35.704763494230505], [139.94814608360875, 35.70468748282722]]}}, {"type": "Feature", "properties": {"id": "京葉道路-下り-0-93", "route": "京葉道路", "direction": "下り", "from": "京葉市川PA", "to": "原木", "grade": 0.07, "elevation_start": 2.1, "elevation_end": 2.1, "quality": "estimated", "structure": "bridge", "chain_rank": 0, "cum_dist_start": 4650.0, "cum_dist_end": 4700.0, "anomaly": false}, "geometry": {"type": "LineString", "coordinates": [[139.94814608360875, 35.70468748282722], [139.94840605863666, 35.70461129342504], [139.9486659679259, 35.7045349554369]]}}, {"type": "Feature", "properties": {"id": "京葉道路-下り-0-94", "route": "京葉道路", "direction": "下り", "from": "京葉市川PA", "to": "原木", "grade": 0.07, "elevation_start": 2.1, "elevation_end": 2.2, "quality": "estimated", "structure": "normal", "chain_rank": 0, "cum_dist_start": 4700.0, "cum_dist_end": 4750.0, "anomaly": false}, "geometry": {"type": "LineString", "coordinates": [[139.9486659679259, 35.7045349554369], [139.94892588080384, 35.704458625916054], [139.94918578462858, 35.70438227722906]]}}, {"type": "Feature", "properties": {"id": "京葉道路-下り-0-95", "route": "京葉道路", "direction": "下り", "from": "京葉市川PA", "to": "原木", "grade": 0.07, "elevation_start": 2.2, "elevation_end": 2.2, "quality": "estimated", "structure": "normal", "chain_rank": 0, "cum_dist_start": 4750.0, "cum_dist_end": 4800.0, "anomaly": false}, "geometry": {"type": "LineString", "coordinates": [[139.94918578462858, 35.70438227722906], [139.9494456901511, 35.704305933325216], [139.9497055956736, 35.70422958942137]]}}, {"type": "Feature", "properties": {"id": "京葉道路-下り-0-96", "route": "京葉道路", "direction": "下り", "from": "京葉市川PA", "to": "原木", "grade": -0.21, "elevation_start": 2.2, "elevation_end": 2.1, "quality": "estimated", "structure": "normal", "chain_rank": 0, "cum_dist_start": 4800.0, "cum_dist_end": 4850.0, "anomaly": false}, "geometry": {"type": "LineString", "coordinates": [[139.9497055956736, 35.70422958942137], [139.94996550119612, 35.70415324551752], [139.95022540671863, 35.70407690161367]]}}, {"type": "Feature", "properties": {"id": "京葉道路-下り-0-97", "route": "京葉道路", "direction": "下り", "from": "京葉市川PA", "to": "原木", "grade": -0.45, "elevation_start": 2.1, "elevation_end": 1.9, "quality": "measured", "structure": "normal", "chain_rank": 0, "cum_dist_start": 4850.0, "cum_dist_end": 4900.0, "anomaly": false}, "geometry": {"type": "LineString", "coordinates": [[139.95022540671863, 35.70407690161367], [139.95048515251193, 35.70400020136482], [139.95074427344278, 35.70392210709031]]}}, {"type": "Feature", "properties": {"id": "京葉道路-下り-0-98", "route": "京葉道路", "direction": "下り", "from": "京葉市川PA", "to": "原木", "grade": -0.43, "elevation_start": 1.9, "elevation_end": 1.7, "quality": "measured", "structure": "normal", "chain_rank": 0, "cum_dist_start": 4900.0, "cum_dist_end": 4950.0, "anomaly": false}, "geometry": {"type": "LineString", "coordinates": [[139.95074427344278, 35.70392210709031], [139.95100339437363, 35.7038440128158], [139.95126251530448, 35.703765918541286]]}}, {"type": "Feature", "properties": {"id": "京葉道路-下り-0-99", "route": "京葉道路", "direction": "下り", "from": "原木", "to": "船橋IC", "grade": -0.33, "elevation_start": 1.7, "elevation_end": 1.5, "quality": "measured", "structure": "normal", "chain_rank": 0, "cum_dist_start": 4950.0, "cum_dist_end": 5000.0, "anomaly": false}, "geometry": {"type": "LineString", "coordinates": [[139.95126251530448, 35.703765918541286], [139.95152163623533, 35.70368782426678], [139.95178075716618, 35.703609729992266]]}}, {"type": "Feature", "properties": {"id": "京葉道路-下り-0-100", "route": "京葉道路", "direction": "下り", "from": "原木", "to": "船橋IC", "grade": -0.2, "elevation_start": 1.5, "elevation_end": 1.4, "quality": "measured", "structure": "normal", "chain_rank": 0, "cum_dist_start": 5000.0, "cum_dist_end": 5050.0, "anomaly": false}, "geometry": {"type": "LineString", "coordinates": [[139.95178075716618, 35.703609729992266], [139.95203987809703, 35.70353163571776], [139.95229899902787, 35.703453541443245]]}}, {"type": "Feature", "properties": {"id": "京葉道路-下り-0-101", "route": "京葉道路", "direction": "下り", "from": "原木", "to": "船橋IC", "grade": -0.02, "elevation_start": 1.4, "elevation_end": 1.4, "quality": "measured", "structure": "normal", "chain_rank": 0, "cum_dist_start": 5050.0, "cum_dist_end": 5100.0, "anomaly": false}, "geometry": {"type": "LineString", "coordinates": [[139.95229899902787, 35.703453541443245], [139.9525581199587, 35.70337544716874], [139.95281798232216, 35.703299024627576]]}}, {"type": "Feature", "properties": {"id": "京葉道路-下り-0-102", "route": "京葉道路", "direction": "下り", "from": "原木", "to": "船橋IC", "grade": -0.05, "elevation_start": 1.4, "elevation_end": 1.4, "quality": "measured", "structure": "normal", "chain_rank": 0, "cum_dist_start": 5100.0, "cum_dist_end": 5150.0, "anomaly": false}, "geometry": {"type": "LineString", "coordinates": [[139.95281798232216, 35.703299024627576], [139.9530782837843, 35.7032235921371], [139.9533385852464, 35.703148159646624]]}}, {"type": "Feature", "properties": {"id": "京葉道路-下り-0-103", "route": "京葉道路", "direction": "下り", "from": "原木", "to": "船橋IC", "grade": -0.06, "elevation_start": 1.4, "elevation_end": 1.3, "quality": "measured", "structure": "normal", "chain_rank": 0, "cum_dist_start": 5150.0, "cum_dist_end": 5200.0, "anomaly": false}, "geometry": {"type": "LineString", "coordinates": [[139.9533385852464, 35.703148159646624], [139.95359888670853, 35.70307272715615], [139.95385918817064, 35.70299729466567]]}}, {"type": "Feature", "properties": {"id": "京葉道路-下り-0-104", "route": "京葉道路", "direction": "下り", "from": "原木", "to": "船橋IC", "grade": -0.01, "elevation_start": 1.3, "elevation_end": 1.3, "quality": "measured", "structure": "normal", "chain_rank": 0, "cum_dist_start": 5200.0, "cum_dist_end": 5250.0, "anomaly": false}, "geometry": {"type": "LineString", "coordinates": [[139.95385918817064, 35.70299729466567], [139.95411948963277, 35.702921862175195], [139.95437979109488, 35.70284642968472]]}}, {"type": "Feature", "properties": {"id": "京葉道路-下り-0-105", "route": "京葉道路", "direction": "下り", "from": "原木", "to": "船橋IC", "grade": 0.01, "elevation_start": 1.3, "elevation_end": 1.3, "quality": "measured", "structure": "normal", "chain_rank": 0, "cum_dist_start": 5250.0, "cum_dist_end": 5300.0, "anomaly": false}, "geometry": {"type": "LineString", "coordinates": [[139.95437979109488, 35.70284642968472], [139.954640092557, 35.70277099719424], [139.95489952546646, 35.70269360402049]]}}, {"type": "Feature", "properties": {"id": "京葉道路-下り-0-106", "route": "京葉道路", "direction": "下り", "from": "原木", "to": "船橋IC", "grade": -0.03, "elevation_start": 1.3, "elevation_end": 1.3, "quality": "measured", "structure": "normal", "chain_rank": 0, "cum_dist_start": 5300.0, "cum_dist_end": 5350.0, "anomaly": false}, "geometry": {"type": "LineString", "coordinates": [[139.95489952546646, 35.70269360402049], [139.95515892616794, 35.70261613814003], [139.95541832686942, 35.70253867225957]]}}, {"type": "Feature", "properties": {"id": "京葉道路-下り-0-107", "route": "京葉道路", "direction": "下り", "from": "原木", "to": "船橋IC", "grade": 0.03, "elevation_start": 1.3, "elevation_end": 1.3, "quality": "measured", "structure": "normal", "chain_rank": 0, "cum_dist_start": 5350.0, "cum_dist_end": 5400.0, "anomaly": false}, "geometry": {"type": "LineString", "coordinates": [[139.95541832686942, 35.70253867225957], [139.9556777275709, 35.70246120637911], [139.95593712827238, 35.702383740498654]]}}, {"type": "Feature", "properties": {"id": "京葉道路-下り-0-108", "route": "京葉道路", "direction": "下り", "from": "原木", "to": "船橋IC", "grade": -0.03, "elevation_start": 1.3, "elevation_end": 1.3, "quality": "measured", "structure": "normal", "chain_rank": 0, "cum_dist_start": 5400.0, "cum_dist_end": 5450.0, "anomaly": false}, "geometry": {"type": "LineString", "coordinates": [[139.95593712827238, 35.702383740498654], [139.9561971729445, 35.70230773139499], [139.9564573515868, 35.70223202535585]]}}, {"type": "Feature", "properties": {"id": "京葉道路-下り-0-109", "route": "京葉道路", "direction": "下り", "from": "原木", "to": "船橋IC", "grade": -0.05, "elevation_start": 1.3, "elevation_end": 1.3, "quality": "measured", "structure": "normal", "chain_rank": 0, "cum_dist_start": 5450.0, "cum_dist_end": 5500.0, "anomaly": false}, "geometry": {"type": "LineString", "coordinates": [[139.9564573515868, 35.70223202535585], [139.9567175302291, 35.70215631931671], [139.9569777088714, 35.702080613277566]]}}, {"type": "Feature", "properties": {"id": "京葉道路-下り-0-110", "route": "京葉道路", "direction": "下り", "from": "原木", "to": "船橋IC", "grade": 0.0, "elevation_start": 1.3, "elevation_end": 1.3, "quality": "measured", "structure": "normal", "chain_rank": 0, "cum_dist_start": 5500.0, "cum_dist_end": 5550.0, "anomaly": false}, "geometry": {"type": "LineString", "coordinates": [[139.9569777088714, 35.702080613277566], [139.95723788751368, 35.70200490723843], [139.957498066156, 35.70192920119929]]}}, {"type": "Feature", "properties": {"id": "京葉道路-下り-0-111", "route": "京葉道路", "direction": "下り", "from": "原木", "to": "船橋IC", "grade": 0.01, "elevation_start": 1.3, "elevation_end": 1.3, "quality": "measured", "structure": "normal", "chain_rank": 0, "cum_dist_start": 5550.0, "cum_dist_end": 5600.0, "anomaly": false}, "geometry": {"type": "LineString", "coordinates": [[139.957498066156, 35.70192920119929], [139.9577582447983, 35.70185349516015], [139.9580184234406, 35.70177778912101]]}}, {"type": "Feature", "properties": {"id": "京葉道路-下り-0-112", "route": "京葉道路", "direction": "下り", "from": "原木", "to": "船橋IC", "grade": -0.06, "elevation_start": 1.3, "elevation_end": 1.3, "quality": "measured", "structure": "normal", "chain_rank": 0, "cum_dist_start": 5600.0, "cum_dist_end": 5650.0, "anomaly": false}, "geometry": {"type": "LineString", "coordinates": [[139.9580184234406, 35.70177778912101], [139.95827860208288, 35.70170208308187], [139.95853873220776, 35.70162626777347]]}}, {"type": "Feature", "properties": {"id": "京葉道路-下り-0-113", "route": "京葉道路", "direction": "下り", "from": "原木", "to": "船橋IC", "grade": -0.01, "elevation_start": 1.3, "elevation_end": 1.3, "quality": "measured", "structure": "normal", "chain_rank": 0, "cum_dist_start": 5650.0, "cum_dist_end": 5700.0, "anomaly": false}, "geometry": {"type": "LineString", "coordinates": [[139.95853873220776, 35.70162626777347], [139.95879824579637, 35.70154906392391], [139.95905775938502, 35.701471860074356]]}}, {"type": "Feature", "properties": {"id": "京葉道路-下り-0-114", "route": "京葉道路", "direction": "下り", "from": "原木", "to": "船橋IC", "grade": -0.09, "elevation_start": 1.3, "elevation_end": 1.2, "quality": "measured", "structure": "normal", "chain_rank": 0, "cum_dist_start": 5700.0, "cum_dist_end": 5750.0, "anomaly": false}, "geometry": {"type": "LineString", "coordinates": [[139.95905775938502, 35.701471860074356], [139.95931727297366, 35.7013946562248], [139.95957678656228, 35.70131745237524]]}}, {"type": "Feature", "properties": {"id": "京葉道路-下り-0-115", "route": "京葉道路", "direction": "下り", "from": "原木", "to": "船橋IC", "grade": -0.02, "elevation_start": 1.2, "elevation_end": 1.2, "quality": "measured", "structure": "normal", "chain_rank": 0, "cum_dist_start": 5750.0, "cum_dist_end": 5800.0, "anomaly": false}, "geometry": {"type": "LineString", "coordinates": [[139.95957678656228, 35.70131745237524], [139.95983630015093, 35.701240248525686], [139.96009581373957, 35.70116304467613]]}}, {"type": "Feature", "properties": {"id": "京葉道路-下り-0-116", "route": "京葉道路", "direction": "下り", "from": "原木", "to": "船橋IC", "grade": -0.01, "elevation_start": 1.2, "elevation_end": 1.2, "quality": "measured", "structure": "normal", "chain_rank": 0, "cum_dist_start": 5800.0, "cum_dist_end": 5850.0, "anomaly": false}, "geometry": {"type": "LineString", "coordinates": [[139.96009581373957, 35.70116304467613], [139.9603553273282, 35.70108584082657], [139.96061484091683, 35.701008636977015]]}}, {"type": "Feature", "properties": {"id": "京葉道路-下り-0-117", "route": "京葉道路", "direction": "下り", "from": "原木", "to": "船橋IC", "grade": -0.0, "elevation_start": 1.2, "elevation_end": 1.2, "quality": "measured", "structure": "normal", "chain_rank": 0, "cum_dist_start": 5850.0, "cum_dist_end": 5900.0, "anomaly": false}, "geometry": {"type": "LineString", "coordinates": [[139.96061484091683, 35.701008636977015], [139.96087435450548, 35.70093143312746], [139.9611338680941, 35.7008542292779]]}}, {"type": "Feature", "properties": {"id": "京葉道路-下り-0-118", "route": "京葉道路", "direction": "下り", "from": "原木", "to": "船橋IC", "grade": -0.09, "elevation_start": 1.2, "elevation_end": 1.2, "quality": "measured", "structure": "normal", "chain_rank": 0, "cum_dist_start": 5900.0, "cum_dist_end": 5950.0, "anomaly": false}, "geometry": {"type": "LineString", "coordinates": [[139.9611338680941, 35.7008542292779], [139.96139338168274, 35.700777025428344], [139.96165301429474, 35.70070009122778]]}}, {"type": "Feature", "properties": {"id": "京葉道路-下り-0-119", "route": "京葉道路", "direction": "下り", "from": "原木", "to": "船橋IC", "grade": -0.11, "elevation_start": 1.2, "elevation_end": 1.1, "quality": "measured", "structure": "normal", "chain_rank": 0, "cum_dist_start": 5950.0, "cum_dist_end": 6000.0, "anomaly": false}, "geometry": {"type": "LineString", "coordinates": [[139.96165301429474, 35.70070009122778], [139.96191293486768, 35.70062380940638], [139.9621728554406, 35.70054752758498]]}}, {"type": "Feature", "properties": {"id": "京葉道路-下り-0-120", "route": "京葉道路", "direction": "下り", "from": "原木", "to": "船橋IC", "grade": -0.02, "elevation_start": 1.1, "elevation_end": 1.1, "quality": "measured", "structure": "normal", "chain_rank": 0, "cum_dist_start": 6000.0, "cum_dist_end": 6050.0, "anomaly": false}, "geometry": {"type": "LineString", "coordinates": [[139.9621728554406, 35.70054752758498], [139.96243277601351, 35.70047124576358], [139.96269269658643, 35.70039496394218]]}}, {"type": "Feature", "properties": {"id": "京葉道路-下り-0-121", "route": "京葉道路", "direction": "下り", "from": "原木", "to": "船橋IC", "grade": 0.02, "elevation_start": 1.1, "elevation_end": 1.1, "quality": "measured", "structure": "normal", "chain_rank": 0, "cum_dist_start": 6050.0, "cum_dist_end": 6100.0, "anomaly": false}, "geometry": {"type": "LineString", "coordinates": [[139.96269269658643, 35.70039496394218], [139.96295261715935, 35.70031868212078], [139.96321253773226, 35.70024240029938]]}}, {"type": "Feature", "properties": {"id": "京葉道路-下り-0-122", "route": "京葉道路", "direction": "下り", "from": "原木", "to": "船橋IC", "grade": 0.03, "elevation_start": 1.1, "elevation_end": 1.1, "quality": "measured", "structure": "normal", "chain_rank": 0, "cum_dist_start": 6100.0, "cum_dist_end": 6150.0, "anomaly": false}, "geometry": {"type": "LineString", "coordinates": [[139.96321253773226, 35.70024240029938], [139.96347245830518, 35.70016611847798], [139.96373237887812, 35.70008983665658]]}}, {"type": "Feature", "properties": {"id": "京葉道路-下り-0-123", "route": "京葉道路", "direction": "下り", "from": "原木", "to": "船橋IC", "grade": 0.0, "elevation_start": 1.1, "elevation_end": 1.1, "quality": "measured", "structure": "normal", "chain_rank": 0, "cum_dist_start": 6150.0, "cum_dist_end": 6200.0, "anomaly": false}, "geometry": {"type": "LineString", "coordinates": [[139.96373237887812, 35.70008983665658], [139.96399496734958, 35.700019911137915], [139.96425763640931, 35.69995017762188]]}}, {"type": "Feature", "properties": {"id": "京葉道路-下り-0-124", "route": "京葉道路", "direction": "下り", "from": "船橋IC", "to": "花輪IC", "grade": 0.03, "elevation_start": 1.1, "elevation_end": 1.1, "quality": "measured", "structure": "normal", "chain_rank": 0, "cum_dist_start": 6200.0, "cum_dist_end": 6250.0, "anomaly": false}, "geometry": {"type": "LineString", "coordinates": [[139.96425763640931, 35.69995017762188], [139.96452030546905, 35.69988044410584], [139.96478327599968, 35.699811473798064]]}}, {"type": "Feature", "properties": {"id": "京葉道路-下り-0-125", "route": "京葉道路", "direction": "下り", "from": "船橋IC", "to": "花輪IC", "grade": 0.14, "elevation_start": 1.1, "elevation_end": 1.2, "quality": "measured", "structure": "normal", "chain_rank": 0, "cum_dist_start": 6250.0, "cum_dist_end": 6300.0, "anomaly": false}, "geometry": {"type": "LineString", "coordinates": [[139.96478327599968, 35.699811473798064], [139.96504636476138, 35.69974280280592], [139.96530945352308, 35.69967413181379]]}}, {"type": "Feature", "properties": {"id": "京葉道路-下り-0-126", "route": "京葉道路", "direction": "下り", "from": "船橋IC", "to": "花輪IC", "grade": 0.08, "elevation_start": 1.2, "elevation_end": 1.2, "quality": "measured", "structure": "normal", "chain_rank": 0, "cum_dist_start": 6300.0, "cum_dist_end": 6350.0, "anomaly": false}, "geometry": {"type": "LineString", "coordinates": [[139.96530945352308, 35.69967413181379], [139.96557530231024, 35.69961297324083], [139.9658428891037, 35.69955726788483]]}}, {"type": "Feature", "properties": {"id": "京葉道路-下り-0-127", "route": "京葉道路", "direction": "下り", "from": "船橋IC", "to": "花輪IC", "grade": 0.18, "elevation_start": 1.2, "elevation_end": 1.3, "quality": "measured", "structure": "normal", "chain_rank": 0, "cum_dist_start": 6350.0, "cum_dist_end": 6400.0, "anomaly": false}, "geometry": {"type": "LineString", "coordinates": [[139.9658428891037, 35.69955726788483], [139.96611190630244, 35.699506115992165], [139.96638089507772, 35.699454866217096]]}}, {"type": "Feature", "properties": {"id": "京葉道路-下り-0-128", "route": "京葉道路", "direction": "下り", "from": "船橋IC", "to": "花輪IC", "grade": 0.13, "elevation_start": 1.3, "elevation_end": 1.4, "quality": "measured", "structure": "normal", "chain_rank": 0, "cum_dist_start": 6400.0, "cum_dist_end": 6450.0, "anomaly": false}, "geometry": {"type": "LineString", "coordinates": [[139.96638089507772, 35.699454866217096], [139.96664986543024, 35.69940355299932], [139.9669188357828, 35.69935223978155]]}}, {"type": "Feature", "properties": {"id": "京葉道路-下り-0-129", "route": "京葉道路", "direction": "下り", "from": "船橋IC", "to": "花輪IC", "grade": 0.02, "elevation_start": 1.4, "elevation_end": 1.4, "quality": "measured", "structure": "normal", "chain_rank": 0, "cum_dist_start": 6450.0, "cum_dist_end": 6500.0, "anomaly": false}, "geometry": {"type": "LineString", "coordinates": [[139.9669188357828, 35.69935223978155], [139.9671878061353, 35.69930092656378], [139.96745677648786, 35.699249613346005]]}}, {"type": "Feature", "properties": {"id": "京葉道路-下り-0-130", "route": "京葉道路", "direction": "下り", "from": "船橋IC", "to": "花輪IC", "grade": 0.39, "elevation_start": 1.4, "elevation_end": 1.6, "quality": "measured", "structure": "normal", "chain_rank": 0, "cum_dist_start": 6500.0, "cum_dist_end": 6550.0, "anomaly": false}, "geometry": {"type": "LineString", "coordinates": [[139.96745677648786, 35.699249613346005], [139.96772574684042, 35.69919830012823], [139.96799547859652, 35.69914974565832]]}}, {"type": "Feature", "properties": {"id": "京葉道路-下り-0-131", "route": "京葉道路", "direction": "下り", "from": "船橋IC", "to": "花輪IC", "grade": 0.78, "elevation_start": 1.6, "elevation_end": 2.0, "quality": "measured", "structure": "normal", "chain_rank": 0, "cum_dist_start": 6550.0, "cum_dist_end": 6600.0, "anomaly": false}, "geometry": {"type": "LineString", "coordinates": [[139.96799547859652, 35.69914974565832], [139.968265437737, 35.699102015056624], [139.96853539687748, 35.699054284454924]]}}, {"type": "Feature", "properties": {"id": "京葉道路-下り-0-132", "route": "京葉道路", "direction": "下り", "from": "船橋IC", "to": "花輪IC", "grade": 1.14, "elevation_start": 2.0, "elevation_end": 2.6, "quality": "measured", "structure": "normal", "chain_rank": 0, "cum_dist_start": 6600.0, "cum_dist_end": 6650.0, "anomaly": false}, "geometry": {"type": "LineString", "coordinates": [[139.96853539687748, 35.699054284454924], [139.96880307217953, 35.6989989378739], [139.96906956479089, 35.69893964734155]]}}, {"type": "Feature", "properties": {"id": "京葉道路-下り-0-133", "route": "京葉道路", "direction": "下り", "from": "船橋IC", "to": "花輪IC", "grade": 1.06, "elevation_start": 2.6, "elevation_end": 3.1, "quality": "measured", "structure": "normal", "chain_rank": 0, "cum_dist_start": 6650.0, "cum_dist_end": 6700.0, "anomaly": false}, "geometry": {"type": "LineString", "coordinates": [[139.96906956479089, 35.69893964734155], [139.96933605740224, 35.6988803568092], [139.9695986902289, 35.69881069475782]]}}, {"type": "Feature", "properties": {"id": "京葉道路-下り-0-134", "route": "京葉道路", "direction": "下り", "from": "船橋IC", "to": "花輪IC", "grade": 1.11, "elevation_start": 3.1, "elevation_end": 3.6, "quality": "measured", "structure": "normal", "chain_rank": 0, "cum_dist_start": 6700.0, "cum_dist_end": 6750.0, "anomaly": false}, "geometry": {"type": "LineString", "coordinates": [[139.9695986902289, 35.69881069475782], [139.96985628533886, 35.69872934937123], [139.97011164032608, 35.69864343169193]]}}, {"type": "Feature", "properties": {"id": "京葉道路-下り-0-135", "route": "京葉道路", "direction": "下り", "from": "船橋IC", "to": "花輪IC", "grade": 0.01, "elevation_start": 3.6, "elevation_end": 3.7, "quality": "estimated", "structure": "normal", "chain_rank": 0, "cum_dist_start": 6750.0, "cum_dist_end": 6800.0, "anomaly": false}, "geometry": {"type": "LineString", "coordinates": [[139.97011164032608, 35.69864343169193], [139.97036468577625, 35.69855308464228], [139.97061383454493, 35.69845579614647]]}}, {"type": "Feature", "properties": {"id": "京葉道路-下り-0-136", "route": "京葉道路", "direction": "下り", "from": "船橋IC", "to": "花輪IC", "grade": 0.01, "elevation_start": 3.7, "elevation_end": 3.7, "quality": "estimated", "structure": "normal", "chain_rank": 0, "cum_dist_start": 6800.0, "cum_dist_end": 6850.0, "anomaly": false}, "geometry": {"type": "LineString", "coordinates": [[139.97061383454493, 35.69845579614647], [139.97086105569926, 35.69835528743807], [139.9711054706762, 35.69825032399056]]}}, {"type": "Feature", "properties": {"id": "京葉道路-下り-0-137", "route": "京葉道路", "direction": "下り", "from": "船橋IC", "to": "花輪IC", "grade": 0.01, "elevation_start": 3.7, "elevation_end": 3.7, "quality": "estimated", "structure": "normal", "chain_rank": 0, "cum_dist_start": 6850.0, "cum_dist_end": 6900.0, "anomaly": false}, "geometry": {"type": "LineString", "coordinates": [[139.9711054706762, 35.69825032399056], [139.97134506829323, 35.69813820640132], [139.97158156775555, 35.698021813113286]]}}, {"type": "Feature", "properties": {"id": "京葉道路-下り-0-138", "route": "京葉道路", "direction": "下り", "from": "船橋IC", "to": "花輪IC", "grade": 0.01, "elevation_start": 3.7, "elevation_end": 3.7, "quality": "estimated", "structure": "bridge", "chain_rank": 0, "cum_dist_start": 6900.0, "cum_dist_end": 6950.0, "anomaly": false}, "geometry": {"type": "LineString", "coordinates": [[139.97158156775555, 35.698021813113286], [139.97180849267843, 35.69789356869128], [139.97203054063743, 35.69775958567216]]}}, {"type": "Feature", "properties": {"id": "京葉道路-下り-0-139", "route": "京葉道路", "direction": "下り", "from": "船橋IC", "to": "花輪IC", "grade": 0.01, "elevation_start": 3.7, "elevation_end": 3.7, "quality": "estimated", "structure": "bridge", "chain_rank": 0, "cum_dist_start": 6950.0, "cum_dist_end": 7000.0, "anomaly": false}, "geometry": {"type": "LineString", "coordinates": [[139.97203054063743, 35.69775958567216], [139.97224878273312, 35.69762151078196], [139.97245883789847, 35.697475190682624]]}}, {"type": "Feature", "properties": {"id": "京葉道路-下り-0-140", "route": "京葉道路", "direction": "下り", "from": "船橋IC", "to": "花輪IC", "grade": 0.01, "elevation_start": 3.7, "elevation_end": 3.7, "quality": "estimated", "structure": "bridge", "chain_rank": 0, "cum_dist_start": 7000.0, "cum_dist_end": 7050.0, "anomaly": false}, "geometry": {"type": "LineString", "coordinates": [[139.97245883789847, 35.697475190682624], [139.97266889306383, 35.6973288705833], [139.9728681252464, 35.69717291181717]]}}, {"type": "Feature", "properties": {"id": "京葉道路-下り-0-141", "route": "京葉道路", "direction": "下り", "from": "船橋IC", "to": "花輪IC", "grade": 0.01, "elevation_start": 3.7, "elevation_end": 3.7, "quality": "estimated", "structure": "normal", "chain_rank": 0, "cum_dist_start": 7050.0, "cum_dist_end": 7100.0, "anomaly": false}, "geometry": {"type": "LineString", "coordinates": [[139.9728681252464, 35.69717291181717], [139.97306717140395, 35.69701668729228], [139.9732662175615, 35.6968604627674]]}}, {"type": "Feature", "properties": {"id": "京葉道路-下り-0-142", "route": "京葉道路", "direction": "下り", "from": "船橋IC", "to": "花輪IC", "grade": 0.01, "elevation_start": 3.7, "elevation_end": 3.7, "quality": "estimated", "structure": "normal", "chain_rank": 0, "cum_dist_start": 7100.0, "cum_dist_end": 7150.0, "anomaly": false}, "geometry": {"type": "LineString", "coordinates": [[139.9732662175615, 35.6968604627674], [139.9734707295822, 35.6967090175673], [139.9736755546496, 35.69655784609375]]}}, {"type": "Feature", "properties": {"id": "京葉道路-下り-0-143", "route": "京葉道路", "direction": "下り", "from": "船橋IC", "to": "花輪IC", "grade": 0.01, "elevation_start": 3.7, "elevation_end": 3.7, "quality": "estimated", "structure": "normal", "chain_rank": 0, "cum_dist_start": 7150.0, "cum_dist_end": 7200.0, "anomaly": false}, "geometry": {"type": "LineString", "coordinates": [[139.9736755546496, 35.69655784609375], [139.9738803793496, 35.69640667430081], [139.974085178285, 35.69625548011061]]}}, {"type": "Feature", "properties": {"id": "京葉道路-下り-0-144", "route": "京葉道路", "direction": "下り", "from": "船橋IC", "to": "花輪IC", "grade": 0.01, "elevation_start": 3.7, "elevation_end": 3.7, "quality": "estimated", "structure": "bridge", "chain_rank": 0, "cum_dist_start": 7200.0, "cum_dist_end": 7250.0, "anomaly": false}, "geometry": {"type": "LineString", "coordinates": [[139.974085178285, 35.69625548011061], [139.9742899859855, 35.696104293861666], [139.97449474741455, 35.69595306798901]]}}, {"type": "Feature", "properties": {"id": "京葉道路-下り-0-145", "route": "京葉道路", "direction": "下り", "from": "船橋IC", "to": "花輪IC", "grade": 0.01, "elevation_start": 3.7, "elevation_end": 3.7, "quality": "estimated", "structure": "bridge", "chain_rank": 0, "cum_dist_start": 7250.0, "cum_dist_end": 7300.0, "anomaly": false}, "geometry": {"type": "LineString", "coordinates": [[139.97449474741455, 35.69595306798901], [139.97469749796332, 35.69580004870692], [139.97489997178883, 35.69564678647279]]}}, {"type": "Feature", "properties": {"id": "京葉道路-下り-0-146", "route": "京葉道路", "direction": "下り", "from": "船橋IC", "to": "花輪IC", "grade": 0.01, "elevation_start": 3.7, "elevation_end": 3.7, "quality": "estimated", "structure": "bridge", "chain_rank": 0, "cum_dist_start": 7300.0, "cum_dist_end": 7350.0, "anomaly": false}, "geometry": {"type": "LineString", "coordinates": [[139.97489997178883, 35.69564678647279], [139.9751035270035, 35.695494495044926], [139.9753093163623, 35.69534420137405]]}}, {"type": "Feature", "properties": {"id": "京葉道路-下り-0-147", "route": "京葉道路", "direction": "下り", "from": "船橋IC", "to": "花輪IC", "grade": 0.01, "elevation_start": 3.7, "elevation_end": 3.7, "quality": "estimated", "structure": "bridge", "chain_rank": 0, "cum_dist_start": 7350.0, "cum_dist_end": 7400.0, "anomaly": false}, "geometry": {"type": "LineString", "coordinates": [[139.9753093163623, 35.69534420137405], [139.9755168523718, 35.6951955138046], [139.97572647226053, 35.695048787901534]]}}, {"type": "Feature", "properties": {"id": "京葉道路-下り-0-148", "route": "京葉道路", "direction": "下り", "from": "船橋IC", "to": "花輪IC", "grade": 0.01, "elevation_start": 3.7, "elevation_end": 3.7, "quality": "estimated", "structure": "bridge", "chain_rank": 0, "cum_dist_start": 7400.0, "cum_dist_end": 7450.0, "anomaly": false}, "geometry": {"type": "LineString", "coordinates": [[139.97572647226053, 35.695048787901534], [139.97593636141104, 35.694902315468916], [139.97614927843497, 35.6947588317713]]}}, {"type": "Feature", "properties": {"id": "京葉道路-下り-0-149", "route": "京葉道路", "direction": "下り", "from": "船橋IC", "to": "花輪IC", "grade": 0.01, "elevation_start": 3.7, "elevation_end": 3.7, "quality": "estimated", "structure": "bridge", "chain_rank": 0, "cum_dist_start": 7450.0, "cum_dist_end": 7500.0, "anomaly": false}, "geometry": {"type": "LineString", "coordinates": [[139.97614927843497, 35.6947588317713], [139.97636513205697, 35.69461824671311], [139.97658545892963, 35.694482533428854]]}}, {"type": "Feature", "properties": {"id": "京葉道路-下り-0-150", "route": "京葉道路", "direction": "下り", "from": "船橋IC", "to": "花輪IC", "grade": 0.01, "elevation_start": 3.7, "elevation_end": 3.7, "quality": "estimated", "structure": "bridge", "chain_rank": 0, "cum_dist_start": 7500.0, "cum_dist_end": 7550.0, "anomaly": false}, "geometry": {"type": "LineString", "coordinates": [[139.97658545892963, 35.694482533428854], [139.97681153174432, 35.69435307799434], [139.9770437395625, 35.69423117496363]]}}, {"type": "Feature", "properties": {"id": "京葉道路-下り-0-151", "route": "京葉道路", "direction": "下り", "from": "船橋IC", "to": "花輪IC", "grade": 0.01, "elevation_start": 3.7, "elevation_end": 3.7, "quality": "estimated", "structure": "bridge", "chain_rank": 0, "cum_dist_start": 7550.0, "cum_dist_end": 7600.0, "anomaly": false}, "geometry": {"type": "LineString", "coordinates": [[139.9770437395625, 35.69423117496363], [139.97727798515416, 35.6941117805033], [139.97751934839462, 35.69400232633877]]}}, {"type": "Feature", "properties": {"id": "京葉道路-下り-0-152", "route": "京葉道路", "direction": "下り", "from": "船橋IC", "to": "花輪IC", "grade": 0.01, "elevation_start": 3.7, "elevation_end": 3.8, "quality": "estimated", "structure": "bridge", "chain_rank": 0, "cum_dist_start": 7600.0, "cum_dist_end": 7650.0, "anomaly": false}, "geometry": {"type": "LineString", "coordinates": [[139.97751934839462, 35.69400232633877], [139.97776435578658, 35.693898349357326], [139.97801096424976, 35.69379687762767]]}}, {"type": "Feature", "properties": {"id": "京葉道路-下り-0-153", "route": "京葉道路", "direction": "下り", "from": "船橋IC", "to": "花輪IC", "grade": 0.01, "elevation_start": 3.8, "elevation_end": 3.8, "quality": "estimated", "structure": "bridge", "chain_rank": 0, "cum_dist_start": 7650.0, "cum_dist_end": 7700.0, "anomaly": false}, "geometry": {"type": "LineString", "coordinates": [[139.97801096424976, 35.69379687762767], [139.97826379818463, 35.69370616084313], [139.97851994710717, 35.69362196581262]]}}, {"type": "Feature", "properties": {"id": "京葉道路-下り-0-154", "route": "京葉道路", "direction": "下り", "from": "船橋IC", "to": "花輪IC", "grade": 0.01, "elevation_start": 3.8, "elevation_end": 3.8, "quality": "estimated", "structure": "bridge", "chain_rank": 0, "cum_dist_start": 7700.0, "cum_dist_end": 7750.0, "anomaly": false}, "geometry": {"type": "LineString", "coordinates": [[139.97851994710717, 35.69362196581262], [139.9787772791467, 35.69354009839198], [139.9790360670855, 35.693461589705784]]}}, {"type": "Feature", "properties": {"id": "京葉道路-下り-0-155", "route": "京葉道路", "direction": "下り", "from": "船橋IC", "to": "花輪IC", "grade": 0.01, "elevation_start": 3.8, "elevation_end": 3.8, "quality": "estimated", "structure": "bridge", "chain_rank": 0, "cum_dist_start": 7750.0, "cum_dist_end": 7800.0, "anomaly": false}, "geometry": {"type": "LineString", "coordinates": [[139.9790360670855, 35.693461589705784], [139.97929927956068, 35.69339328834843], [139.97956257773947, 35.69332520925575]]}}, {"type": "Feature", "properties": {"id": "京葉道路-下り-0-156", "route": "京葉道路", "direction": "下り", "from": "船橋IC", "to": "花輪IC", "grade": 0.01, "elevation_start": 3.8, "elevation_end": 3.8, "quality": "estimated", "structure": "bridge", "chain_rank": 0, "cum_dist_start": 7800.0, "cum_dist_end": 7850.0, "anomaly": false}, "geometry": {"type": "LineString", "coordinates": [[139.97956257773947, 35.69332520925575], [139.9798262506622, 35.69325810202789], [139.98008992358496, 35.69319099480003]]}}, {"type": "Feature", "properties": {"id": "京葉道路-下り-0-157", "route": "京葉道路", "direction": "下り", "from": "船橋IC", "to": "花輪IC", "grade": 0.01, "elevation_start": 3.8, "elevation_end": 3.8, "quality": "estimated", "structure": "bridge", "chain_rank": 0, "cum_dist_start": 7850.0, "cum_dist_end": 7900.0, "anomaly": false}, "geometry": {"type": "LineString", "coordinates": [[139.98008992358496, 35.69319099480003], [139.9803535965077, 35.69312388757217], [139.98061726943044, 35.693056780344314]]}}, {"type": "Feature", "properties": {"id": "京葉道路-下り-0-158", "route": "京葉道路", "direction": "下り", "from": "船橋IC", "to": "花輪IC", "grade": 0.01, "elevation_start": 3.8, "elevation_end": 3.8, "quality": "estimated", "structure": "bridge", "chain_rank": 0, "cum_dist_start": 7900.0, "cum_dist_end": 7950.0, "anomaly": false}, "geometry": {"type": "LineString", "coordinates": [[139.98061726943044, 35.693056780344314], [139.9808819586522, 35.692992409059535], [139.9811469153131, 35.69292875773842]]}}, {"type": "Feature", "properties": {"id": "京葉道路-下り-0-159", "route": "京葉道路", "direction": "下り", "from": "船橋IC", "to": "花輪IC", "grade": 0.01, "elevation_start": 3.8, "elevation_end": 3.8, "quality": "estimated", "structure": "bridge", "chain_rank": 0, "cum_dist_start": 7950.0, "cum_dist_end": 8000.0, "anomaly": false}, "geometry": {"type": "LineString", "coordinates": [[139.9811469153131, 35.69292875773842], [139.981411871974, 35.692865106417315], [139.98167806968632, 35.692805055373555]]}}, {"type": "Feature", "properties": {"id": "京葉道路-下り-0-160", "route": "京葉道路", "direction": "下り", "from": "船橋IC", "to": "花輪IC", "grade": 0.01, "elevation_start": 3.8, "elevation_end": 3.8, "quality": "estimated", "structure": "bridge", "chain_rank": 0, "cum_dist_start": 8000.0, "cum_dist_end": 8050.0, "anomaly": false}, "geometry": {"type": "LineString", "coordinates": [[139.98167806968632, 35.692805055373555], [139.98194484881205, 35.69274669100407], [139.98221252177947, 35.692691379172786]]}}, {"type": "Feature", "properties": {"id": "京葉道路-下り-0-161", "route": "京葉道路", "direction": "下り", "from": "船橋IC", "to": "花輪IC", "grade": 0.01, "elevation_start": 3.8, "elevation_end": 3.8, "quality": "estimated", "structure": "bridge", "chain_rank": 0, "cum_dist_start": 8050.0, "cum_dist_end": 8100.0, "anomaly": false}, "geometry": {"type": "LineString", "coordinates": [[139.98221252177947, 35.692691379172786], [139.9824832879487, 35.692647136867855], [139.98275640143396, 35.69261351610598]]}}, {"type": "Feature", "properties": {"id": "京葉道路-下り-0-162", "route": "京葉道路", "direction": "下り", "from": "船橋IC", "to": "花輪IC", "grade": 0.01, "elevation_start": 3.8, "elevation_end": 3.8, "quality": "estimated", "structure": "bridge", "chain_rank": 0, "cum_dist_start": 8100.0, "cum_dist_end": 8150.0, "anomaly": false}, "geometry": {"type": "LineString", "coordinates": [[139.98275640143396, 35.69261351610598], [139.9830295138093, 35.69257988977932], [139.9833026377254, 35.6925463267371]]}}, {"type": "Feature", "properties": {"id": "京葉道路-下り-0-163", "route": "京葉道路", "direction": "下り", "from": "船橋IC", "to": "花輪IC", "grade": 0.01, "elevation_start": 3.8, "elevation_end": 3.8, "quality": "estimated", "structure": "bridge", "chain_rank": 0, "cum_dist_start": 8150.0, "cum_dist_end": 8200.0, "anomaly": false}, "geometry": {"type": "LineString", "coordinates": [[139.9833026377254, 35.6925463267371], [139.9835758919117, 35.69251347804125], [139.98384914609804, 35.6924806293454]]}}, {"type": "Feature", "properties": {"id": "京葉道路-下り-0-164", "route": "京葉道路", "direction": "下り", "from": "船橋IC", "to": "花輪IC", "grade": 0.01, "elevation_start": 3.8, "elevation_end": 3.8, "quality": "estimated", "structure": "bridge", "chain_rank": 0, "cum_dist_start": 8200.0, "cum_dist_end": 8250.0, "anomaly": false}, "geometry": {"type": "LineString", "coordinates": [[139.98384914609804, 35.6924806293454], [139.98412240028435, 35.692447780649545], [139.98439523939066, 35.69241299470586]]}}, {"type": "Feature", "properties": {"id": "京葉道路-下り-0-165", "route": "京葉道路", "direction": "下り", "from": "船橋IC", "to": "花輪IC", "grade": 0.01, "elevation_start": 3.8, "elevation_end": 3.8, "quality": "estimated", "structure": "bridge", "chain_rank": 0, "cum_dist_start": 8250.0, "cum_dist_end": 8300.0, "anomaly": false}, "geometry": {"type": "LineString", "coordinates": [[139.98439523939066, 35.69241299470586], [139.98466595357692, 35.69236829140573], [139.98493633060434, 35.69232237511334]]}}, {"type": "Feature", "properties": {"id": "京葉道路-下り-0-166", "route": "京葉道路", "direction": "下り", "from": "船橋IC", "to": "花輪IC", "grade": 0.01, "elevation_start": 3.8, "elevation_end": 3.8, "quality": "estimated", "structure": "bridge", "chain_rank": 0, "cum_dist_start": 8300.0, "cum_dist_end": 8350.0, "anomaly": false}, "geometry": {"type": "LineString", "coordinates": [[139.98493633060434, 35.69232237511334], [139.98520420736347, 35.69226746363656], [139.9854710066169, 35.692209404665455]]}}, {"type": "Feature", "properties": {"id": "京葉道路-下り-0-167", "route": "京葉道路", "direction": "下り", "from": "船橋IC", "to": "花輪IC", "grade": 0.01, "elevation_start": 3.8, "elevation_end": 3.8, "quality": "estimated", "structure": "bridge", "chain_rank": 0, "cum_dist_start": 8350.0, "cum_dist_end": 8400.0, "anomaly": false}, "geometry": {"type": "LineString", "coordinates": [[139.9854710066169, 35.692209404665455], [139.98573500299514, 35.69214315823506], [139.9859989993734, 35.69207691180467]]}}, {"type": "Feature", "properties": {"id": "京葉道路-下り-0-168", "route": "京葉道路", "direction": "下り", "from": "船橋IC", "to": "花輪IC", "grade": 0.01, "elevation_start": 3.8, "elevation_end": 3.9, "quality": "estimated", "structure": "bridge", "chain_rank": 0, "cum_dist_start": 8400.0, "cum_dist_end": 8450.0, "anomaly": false}, "geometry": {"type": "LineString", "coordinates": [[139.9859989993734, 35.69207691180467], [139.98625903659686, 35.69200117690553], [139.98651775938816, 35.69192229185214]]}}, {"type": "Feature", "properties": {"id": "京葉道路-下り-0-169", "route": "京葉道路", "direction": "下り", "from": "船橋IC", "to": "花輪IC", "grade": 0.01, "elevation_start": 3.9, "elevation_end": 3.9, "quality": "estimated", "structure": "bridge", "chain_rank": 0, "cum_dist_start": 8450.0, "cum_dist_end": 8500.0, "anomaly": false}, "geometry": {"type": "LineString", "coordinates": [[139.98651775938816, 35.69192229185214], [139.98677648217947, 35.69184340679874], [139.98703448172097, 35.69176296794945]]}}, {"type": "Feature", "properties": {"id": "京葉道路-下り-0-170", "route": "京葉道路", "direction": "下り", "from": "船橋IC", "to": "花輪IC", "grade": 0.01, "elevation_start": 3.9, "elevation_end": 3.9, "quality": "estimated", "structure": "bridge", "chain_rank": 0, "cum_dist_start": 8500.0, "cum_dist_end": 8550.0, "anomaly": false}, "geometry": {"type": "LineString", "coordinates": [[139.98703448172097, 35.69176296794945], [139.9872922749713, 35.69168208591402], [139.98755006822168, 35.691601203878584]]}}, {"type": "Feature", "properties": {"id": "京葉道路-下り-0-171", "route": "京葉道路", "direction": "下り", "from": "船橋IC", "to": "花輪IC", "grade": 0.01, "elevation_start": 3.9, "elevation_end": 3.9, "quality": "estimated", "structure": "bridge", "chain_rank": 0, "cum_dist_start": 8550.0, "cum_dist_end": 8600.0, "anomaly": false}, "geometry": {"type": "LineString", "coordinates": [[139.98755006822168, 35.691601203878584], [139.98780786147205, 35.69152032184315], [139.98806565472242, 35.69143943980771]]}}, {"type": "Feature", "properties": {"id": "京葉道路-下り-0-172", "route": "京葉道路", "direction": "下り", "from": "船橋IC", "to": "花輪IC", "grade": 0.01, "elevation_start": 3.9, "elevation_end": 3.9, "quality": "estimated", "structure": "bridge", "chain_rank": 0, "cum_dist_start": 8600.0, "cum_dist_end": 8650.0, "anomaly": false}, "geometry": {"type": "LineString", "coordinates": [[139.98806565472242, 35.69143943980771], [139.98832344797276, 35.691358557772276], [139.98858124122313, 35.69127767573684]]}}, {"type": "Feature", "properties": {"id": "京葉道路-下り-0-173", "route": "京葉道路", "direction": "下り", "from": "船橋IC", "to": "花輪IC", "grade": 0.01, "elevation_start": 3.9, "elevation_end": 3.9, "quality": "estimated", "structure": "bridge", "chain_rank": 0, "cum_dist_start": 8650.0, "cum_dist_end": 8700.0, "anomaly": false}, "geometry": {"type": "LineString", "coordinates": [[139.98858124122313, 35.69127767573684], [139.98883893625063, 35.69119658732605], [139.9890963180049, 35.69111484069925]]}}, {"type": "Feature", "properties": {"id": "京葉道路-下り-0-174", "route": "京葉道路", "direction": "下り", "from": "船橋IC", "to": "花輪IC", "grade": 0.01, "elevation_start": 3.9, "elevation_end": 3.9, "quality": "estimated", "structure": "bridge", "chain_rank": 0, "cum_dist_start": 8700.0, "cum_dist_end": 8750.0, "anomaly": false}, "geometry": {"type": "LineString", "coordinates": [[139.9890963180049, 35.69111484069925], [139.98935369975916, 35.69103309407245], [139.9896111726414, 35.69095154083234]]}}, {"type": "Feature", "properties": {"id": "京葉道路-下り-0-175", "route": "京葉道路", "direction": "下り", "from": "船橋IC", "to": "花輪IC", "grade": 0.01, "elevation_start": 3.9, "elevation_end": 3.9, "quality": "estimated", "structure": "bridge", "chain_rank": 0, "cum_dist_start": 8750.0, "cum_dist_end": 8800.0, "anomaly": false}, "geometry": {"type": "LineString", "coordinates": [[139.9896111726414, 35.69095154083234], [139.98986912952557, 35.69087101471452], [139.99012708640979, 35.690790488596704]]}}, {"type": "Feature", "properties": {"id": "京葉道路-下り-0-176", "route": "京葉道路", "direction": "下り", "from": "船橋IC", "to": "花輪IC", "grade": 0.01, "elevation_start": 3.9, "elevation_end": 3.9, "quality": "estimated", "structure": "bridge", "chain_rank": 0, "cum_dist_start": 8800.0, "cum_dist_end": 8850.0, "anomaly": false}, "geometry": {"type": "LineString", "coordinates": [[139.99012708640979, 35.690790488596704], [139.990385043294, 35.69070996247889], [139.9906430001782, 35.69062943636107]]}}, {"type": "Feature", "properties": {"id": "京葉道路-下り-0-177", "route": "京葉道路", "direction": "下り", "from": "船橋IC", "to": "花輪IC", "grade": 0.01, "elevation_start": 3.9, "elevation_end": 3.9, "quality": "estimated", "structure": "bridge", "chain_rank": 0, "cum_dist_start": 8850.0, "cum_dist_end": 8900.0, "anomaly": false}, "geometry": {"type": "LineString", "coordinates": [[139.9906430001782, 35.69062943636107], [139.99090095706242, 35.69054891024326], [139.9911589139466, 35.690468384125445]]}}, {"type": "Feature", "properties": {"id": "京葉道路-下り-0-178", "route": "京葉道路", "direction": "下り", "from": "船橋IC", "to": "花輪IC", "grade": 0.01, "elevation_start": 3.9, "elevation_end": 3.9, "quality": "estimated", "structure": "bridge", "chain_rank": 0, "cum_dist_start": 8900.0, "cum_dist_end": 8950.0, "anomaly": false}, "geometry": {"type": "LineString", "coordinates": [[139.9911589139466, 35.690468384125445], [139.99141687083082, 35.690387858007625], [139.99167482771503, 35.69030733188981]]}}, {"type": "Feature", "properties": {"id": "京葉道路-下り-0-179", "route": "京葉道路", "direction": "下り", "from": "船橋IC", "to": "花輪IC", "grade": 0.01, "elevation_start": 3.9, "elevation_end": 3.9, "quality": "estimated", "structure": "bridge", "chain_rank": 0, "cum_dist_start": 8950.0, "cum_dist_end": 9000.0, "anomaly": false}, "geometry": {"type": "LineString", "coordinates": [[139.99167482771503, 35.69030733188981], [139.99193278459924, 35.690226805772], [139.99219074148343, 35.690146279654186]]}}, {"type": "Feature", "properties": {"id": "京葉道路-下り-0-180", "route": "京葉道路", "direction": "下り", "from": "船橋IC", "to": "花輪IC", "grade": 0.01, "elevation_start": 3.9, "elevation_end": 3.9, "quality": "estimated", "structure": "bridge", "chain_rank": 0, "cum_dist_start": 9000.0, "cum_dist_end": 9050.0, "anomaly": false}, "geometry": {"type": "LineString", "coordinates": [[139.99219074148343, 35.690146279654186], [139.99244869836764, 35.690065753536366], [139.99270665525185, 35.68998522741855]]}}, {"type": "Feature", "properties": {"id": "京葉道路-下り-0-181", "route": "京葉道路", "direction": "下り", "from": "船橋IC", "to": "花輪IC", "grade": 0.01, "elevation_start": 3.9, "elevation_end": 3.9, "quality": "estimated", "structure": "bridge", "chain_rank": 0, "cum_dist_start": 9050.0, "cum_dist_end": 9100.0, "anomaly": false}, "geometry": {"type": "LineString", "coordinates": [[139.99270665525185, 35.68998522741855], [139.99296461213606, 35.68990470130074], [139.99322256902028, 35.68982417518292]]}}, {"type": "Feature", "properties": {"id": "京葉道路-下り-0-182", "route": "京葉道路", "direction": "下り", "from": "船橋IC", "to": "花輪IC", "grade": 0.01, "elevation_start": 3.9, "elevation_end": 3.9, "quality": "estimated", "structure": "bridge", "chain_rank": 0, "cum_dist_start": 9100.0, "cum_dist_end": 9150.0, "anomaly": false}, "geometry": {"type": "LineString", "coordinates": [[139.99322256902028, 35.68982417518292], [139.99348035560325, 35.68974329701916], [139.99373628111013, 35.689658571646966]]}}, {"type": "Feature", "properties": {"id": "京葉道路-下り-0-183", "route": "京葉道路", "direction": "下り", "from": "船橋IC", "to": "花輪IC", "grade": 0.01, "elevation_start": 3.9, "elevation_end": 3.9, "quality": "estimated", "structure": "bridge", "chain_rank": 0, "cum_dist_start": 9150.0, "cum_dist_end": 9200.0, "anomaly": false}, "geometry": {"type": "LineString", "coordinates": [[139.99373628111013, 35.689658571646966], [139.99399220661698, 35.68957384627477], [139.99424782336348, 35.689488515551886]]}}, {"type": "Feature", "properties": {"id": "京葉道路-下り-0-184", "route": "京葉道路", "direction": "下り", "from": "船橋IC", "to": "花輪IC", "grade": 0.01, "elevation_start": 3.9, "elevation_end": 3.9, "quality": "estimated", "structure": "bridge", "chain_rank": 0, "cum_dist_start": 9200.0, "cum_dist_end": 9250.0, "anomaly": false}, "geometry": {"type": "LineString", "coordinates": [[139.99424782336348, 35.689488515551886], [139.9945019168332, 35.6894001983167], [139.99475601030292, 35.689311881081515]]}}, {"type": "Feature", "properties": {"id": "京葉道路-下り-0-185", "route": "京葉道路", "direction": "下り", "from": "船橋IC", "to": "花輪IC", "grade": 0.01, "elevation_start": 3.9, "elevation_end": 4.0, "quality": "estimated", "structure": "bridge", "chain_rank": 0, "cum_dist_start": 9250.0, "cum_dist_end": 9300.0, "anomaly": false}, "geometry": {"type": "LineString", "coordinates": [[139.99475601030292, 35.689311881081515], [139.99501010377264, 35.689223563846326], [139.9952631745567, 35.68913334368713]]}}, {"type": "Feature", "properties": {"id": "京葉道路-下り-0-186", "route": "京葉道路", "direction": "下り", "from": "船橋IC", "to": "花輪IC", "grade": 0.01, "elevation_start": 4.0, "elevation_end": 4.0, "quality": "estimated", "structure": "bridge", "chain_rank": 0, "cum_dist_start": 9300.0, "cum_dist_end": 9350.0, "anomaly": false}, "geometry": {"type": "LineString", "coordinates": [[139.9952631745567, 35.68913334368713], [139.99551498451115, 35.6890407774864], [139.99576604771804, 35.688946923003215]]}}, {"type": "Feature", "properties": {"id": "京葉道路-下り-0-187", "route": "京葉道路", "direction": "下り", "from": "船橋IC", "to": "花輪IC", "grade": 0.01, "elevation_start": 4.0, "elevation_end": 4.0, "quality": "estimated", "structure": "bridge", "chain_rank": 0, "cum_dist_start": 9350.0, "cum_dist_end": 9400.0, "anomaly": false}, "geometry": {"type": "LineString", "coordinates": [[139.99576604771804, 35.688946923003215], [139.99601353439914, 35.68884689832839], [139.99625949282333, 35.68874444505717]]}}, {"type": "Feature", "properties": {"id": "京葉道路-下り-0-188", "route": "京葉道路", "direction": "下り", "from": "船橋IC", "to": "花輪IC", "grade": 0.01, "elevation_start": 4.0, "elevation_end": 4.0, "quality": "estimated", "structure": "bridge", "chain_rank": 0, "cum_dist_start": 9400.0, "cum_dist_end": 9450.0, "anomaly": false}, "geometry": {"type": "LineString", "coordinates": [[139.99625949282333, 35.68874444505717], [139.99650338494692, 35.68863870816895], [139.9967448161809, 35.688529354664915]]}}, {"type": "Feature", "properties": {"id": "京葉道路-下り-0-189", "route": "京葉道路", "direction": "下り", "from": "船橋IC", "to": "花輪IC", "grade": 0.01, "elevation_start": 4.0, "elevation_end": 4.0, "quality": "estimated", "structure": "bridge", "chain_rank": 0, "cum_dist_start": 9450.0, "cum_dist_end": 9500.0, "anomaly": false}, "geometry": {"type": "LineString", "coordinates": [[139.9967448161809, 35.688529354664915], [139.99698381983802, 35.68841643350272], [139.99721911149692, 35.68829855516164]]}}, {"type": "Feature", "properties": {"id": "京葉道路-下り-0-190", "route": "京葉道路", "direction": "下り", "from": "船橋IC", "to": "花輪IC", "grade": 0.01, "elevation_start": 4.0, "elevation_end": 4.0, "quality": "estimated", "structure": "bridge", "chain_rank": 0, "cum_dist_start": 9500.0, "cum_dist_end": 9550.0, "anomaly": false}, "geometry": {"type": "LineString", "coordinates": [[139.99721911149692, 35.68829855516164], [139.9974513748593, 35.688176632689455], [139.99767962946783, 35.68804984459092]]}}, {"type": "Feature", "properties": {"id": "京葉道路-下り-0-191", "route": "京葉道路", "direction": "下り", "from": "船橋IC", "to": "花輪IC", "grade": 0.01, "elevation_start": 4.0, "elevation_end": 4.0, "quality": "estimated", "structure": "bridge", "chain_rank": 0, "cum_dist_start": 9550.0, "cum_dist_end": 9600.0, "anomaly": false}, "geometry": {"type": "LineString", "coordinates": [[139.99767962946783, 35.68804984459092], [139.99790573640598, 35.68792044975676], [139.9981311333146, 35.687790236649846]]}}, {"type": "Feature", "properties": {"id": "京葉道路-下り-0-192", "route": "京葉道路", "direction": "下り", "from": "船橋IC", "to": "花輪IC", "grade": 0.01, "elevation_start": 4.0, "elevation_end": 4.0, "quality": "estimated", "structure": "bridge", "chain_rank": 0, "cum_dist_start": 9600.0, "cum_dist_end": 9650.0, "anomaly": false}, "geometry": {"type": "LineString", "coordinates": [[139.9981311333146, 35.687790236649846], [139.99835623335835, 35.68765968142138], [139.99858133340214, 35.68752912619291]]}}, {"type": "Feature", "properties": {"id": "京葉道路-下り-0-193", "route": "京葉道路", "direction": "下り", "from": "船橋IC", "to": "花輪IC", "grade": 0.01, "elevation_start": 4.0, "elevation_end": 4.0, "quality": "estimated", "structure": "bridge", "chain_rank": 0, "cum_dist_start": 9650.0, "cum_dist_end": 9700.0, "anomaly": false}, "geometry": {"type": "LineString", "coordinates": [[139.99858133340214, 35.68752912619291], [139.9988064334459, 35.68739857096445], [139.9990315334897, 35.68726801573599]]}}, {"type": "Feature", "properties": {"id": "京葉道路-下り-0-194", "route": "京葉道路", "direction": "下り", "from": "船橋IC", "to": "花輪IC", "grade": 0.01, "elevation_start": 4.0, "elevation_end": 4.0, "quality": "estimated", "structure": "bridge", "chain_rank": 0, "cum_dist_start": 9700.0, "cum_dist_end": 9750.0, "anomaly": false}, "geometry": {"type": "LineString", "coordinates": [[139.9990315334897, 35.68726801573599], [139.99925663353346, 35.68713746050752], [139.99948173357723, 35.687006905279056]]}}, {"type": "Feature", "properties": {"id": "京葉道路-下り-0-195", "route": "京葉道路", "direction": "下り", "from": "船橋IC", "to": "花輪IC", "grade": 0.01, "elevation_start": 4.0, "elevation_end": 4.0, "quality": "estimated", "structure": "bridge", "chain_rank": 0, "cum_dist_start": 9750.0, "cum_dist_end": 9800.0, "anomaly": false}, "geometry": {"type": "LineString", "coordinates": [[139.99948173357723, 35.687006905279056], [139.99970683362102, 35.68687635005059], [139.99993193366478, 35.68674579482213]]}}, {"type": "Feature", "properties": {"id": "京葉道路-下り-0-196", "route": "京葉道路", "direction": "下り", "from": "船橋IC", "to": "花輪IC", "grade": 0.01, "elevation_start": 4.0, "elevation_end": 4.0, "quality": "estimated", "structure": "bridge", "chain_rank": 0, "cum_dist_start": 9800.0, "cum_dist_end": 9850.0, "anomaly": false}, "geometry": {"type": "LineString", "coordinates": [[139.99993193366478, 35.68674579482213], [140.00015703370855, 35.686615239593664], [140.00038213375234, 35.6864846843652]]}}, {"type": "Feature", "properties": {"id": "京葉道路-下り-0-197", "route": "京葉道路", "direction": "下り", "from": "花輪IC", "to": "幕張IC", "grade": 0.01, "elevation_start": 4.0, "elevation_end": 4.0, "quality": "estimated", "structure": "bridge", "chain_rank": 0, "cum_dist_start": 9850.0, "cum_dist_end": 9900.0, "anomaly": false}, "geometry": {"type": "LineString", "coordinates": [[140.00038213375234, 35.6864846843652], [140.00060812611326, 35.68635517763609], [140.00083660572636, 35.686228593502626]]}}, {"type": "Feature", "properties": {"id": "京葉道路-下り-0-198", "route": "京葉道路", "direction": "下り", "from": "花輪IC", "to": "幕張IC", "grade": 0.01, "elevation_start": 4.0, "elevation_end": 4.0, "quality": "estimated", "structure": "bridge", "chain_rank": 0, "cum_dist_start": 9900.0, "cum_dist_end": 9950.0, "anomaly": false}, "geometry": {"type": "LineString", "coordinates": [[140.00083660572636, 35.686228593502626], [140.00106508533943, 35.686102009369165], [140.00129356495253, 35.685975425235696]]}}, {"type": "Feature", "properties": {"id": "京葉道路-下り-0-199", "route": "京葉道路", "direction": "下り", "from": "花輪IC", "to": "幕張IC", "grade": 0.01, "elevation_start": 4.0, "elevation_end": 4.0, "quality": "estimated", "structure": "bridge", "chain_rank": 0, "cum_dist_start": 9950.0, "cum_dist_end": 10000.0, "anomaly": false}, "geometry": {"type": "LineString", "coordinates": [[140.00129356495253, 35.685975425235696], [140.00152247651954, 35.68584937043375], [140.00175370948355, 35.68572616035314]]}}, {"type": "Feature", "properties": {"id": "京葉道路-下り-0-200", "route": "京葉道路", "direction": "下り", "from": "花輪IC", "to": "幕張IC", "grade": 0.01, "elevation_start": 4.0, "elevation_end": 4.0, "quality": "estimated", "structure": "bridge", "chain_rank": 0, "cum_dist_start": 10000.0, "cum_dist_end": 10050.0, "anomaly": false}, "geometry": {"type": "LineString", "coordinates": [[140.00175370948355, 35.68572616035314], [140.00198494244756, 35.68560295027253], [140.00221911788248, 35.685483502779825]]}}, {"type": "Feature", "properties": {"id": "京葉道路-下り-0-201", "route": "京葉道路", "direction": "下り", "from": "花輪IC", "to": "幕張IC", "grade": 0.01, "elevation_start": 4.0, "elevation_end": 4.1, "quality": "estimated", "structure": "bridge", "chain_rank": 0, "cum_dist_start": 10050.0, "cum_dist_end": 10100.0, "anomaly": false}, "geometry": {"type": "LineString", "coordinates": [[140.00221911788248, 35.685483502779825], [140.0024546567112, 35.68536589169886], [140.00269371769738, 35.685253064814084]]}}, {"type": "Feature", "properties": {"id": "京葉道路-下り-0-202", "route": "京葉道路", "direction": "下り", "from": "花輪IC", "to": "幕張IC", "grade": 0.01, "elevation_start": 4.1, "elevation_end": 4.1, "quality": "estimated", "structure": "bridge", "chain_rank": 0, "cum_dist_start": 10100.0, "cum_dist_end": 10150.0, "anomaly": false}, "geometry": {"type": "LineString", "coordinates": [[140.00269371769738, 35.685253064814084], [140.0029327786836, 35.6851402379293], [140.00317399588073, 35.68503052130099]]}}, {"type": "Feature", "properties": {"id": "京葉道路-下り-0-203", "route": "京葉道路", "direction": "下り", "from": "花輪IC", "to": "幕張IC", "grade": 0.01, "elevation_start": 4.1, "elevation_end": 4.1, "quality": "estimated", "structure": "bridge", "chain_rank": 0, "cum_dist_start": 10150.0, "cum_dist_end": 10200.0, "anomaly": false}, "geometry": {"type": "LineString", "coordinates": [[140.00317399588073, 35.68503052130099], [140.00341620573997, 35.68492226599741], [140.00365951884822, 35.68481566275787]]}}, {"type": "Feature", "properties": {"id": "京葉道路-下り-0-204", "route": "京葉道路", "direction": "下り", "from": "花輪IC", "to": "幕張IC", "grade": 0.01, "elevation_start": 4.1, "elevation_end": 4.1, "quality": "estimated", "structure": "bridge", "chain_rank": 0, "cum_dist_start": 10200.0, "cum_dist_end": 10250.0, "anomaly": false}, "geometry": {"type": "LineString", "coordinates": [[140.00365951884822, 35.68481566275787], [140.00390283195648, 35.68470905951834], [140.00414780817778, 35.68460503587327]]}}, {"type": "Feature", "properties": {"id": "京葉道路-下り-0-205", "route": "京葉道路", "direction": "下り", "from": "花輪IC", "to": "幕張IC", "grade": 0.01, "elevation_start": 4.1, "elevation_end": 4.1, "quality": "estimated", "structure": "bridge", "chain_rank": 0, "cum_dist_start": 10250.0, "cum_dist_end": 10300.0, "anomaly": false}, "geometry": {"type": "LineString", "coordinates": [[140.00414780817778, 35.68460503587327], [140.00439329283373, 35.68450180084286], [140.00463917592714, 35.68439920978092]]}}, {"type": "Feature", "properties": {"id": "京葉道路-下り-0-206", "route": "京葉道路", "direction": "下り", "from": "花輪IC", "to": "幕張IC", "grade": 0.01, "elevation_start": 4.1, "elevation_end": 4.1, "quality": "estimated", "structure": "bridge", "chain_rank": 0, "cum_dist_start": 10300.0, "cum_dist_end": 10350.0, "anomaly": false}, "geometry": {"type": "LineString", "coordinates": [[140.00463917592714, 35.68439920978092], [140.00488670351146, 35.68429927660234], [140.0051342310958, 35.684199343423764]]}}, {"type": "Feature", "properties": {"id": "京葉道路-下り-0-207", "route": "京葉道路", "direction": "下り", "from": "花輪IC", "to": "幕張IC", "grade": 0.01, "elevation_start": 4.1, "elevation_end": 4.1, "quality": "estimated", "structure": "bridge", "chain_rank": 0, "cum_dist_start": 10350.0, "cum_dist_end": 10400.0, "anomaly": false}, "geometry": {"type": "LineString", "coordinates": [[140.0051342310958, 35.684199343423764], [140.00538175868013, 35.68409941024518], [140.00562928626445, 35.68399947706661]]}}, {"type": "Feature", "properties": {"id": "京葉道路-下り-0-208", "route": "京葉道路", "direction": "下り", "from": "花輪IC", "to": "幕張IC", "grade": 0.01, "elevation_start": 4.1, "elevation_end": 4.1, "quality": "estimated", "structure": "bridge", "chain_rank": 0, "cum_dist_start": 10400.0, "cum_dist_end": 10450.0, "anomaly": false}, "geometry": {"type": "LineString", "coordinates": [[140.00562928626445, 35.68399947706661], [140.00587681384877, 35.683899543888025], [140.0061236988378, 35.68379857214227]]}}, {"type": "Feature", "properties": {"id": "京葉道路-下り-0-209", "route": "京葉道路", "direction": "下り", "from": "花輪IC", "to": "幕張IC", "grade": 0.01, "elevation_start": 4.1, "elevation_end": 4.1, "quality": "estimated", "structure": "bridge", "chain_rank": 0, "cum_dist_start": 10450.0, "cum_dist_end": 10500.0, "anomaly": false}, "geometry": {"type": "LineString", "coordinates": [[140.0061236988378, 35.68379857214227], [140.00636933152882, 35.68369557642337], [140.00661496421984, 35.683592580704456]]}}, {"type": "Feature", "properties": {"id": "京葉道路-下り-0-210", "route": "京葉道路", "direction": "下り", "from": "花輪IC", "to": "幕張IC", "grade": 0.01, "elevation_start": 4.1, "elevation_end": 4.1, "quality": "estimated", "structure": "bridge", "chain_rank": 0, "cum_dist_start": 10500.0, "cum_dist_end": 10550.0, "anomaly": false}, "geometry": {"type": "LineString", "coordinates": [[140.00661496421984, 35.683592580704456], [140.00686059691085, 35.68348958498555], [140.00710622960187, 35.68338658926664]]}}, {"type": "Feature", "properties": {"id": "京葉道路-下り-0-211", "route": "京葉道路", "direction": "下り", "from": "花輪IC", "to": "幕張IC", "grade": 0.01, "elevation_start": 4.1, "elevation_end": 4.1, "quality": "estimated", "structure": "bridge", "chain_rank": 0, "cum_dist_start": 10550.0, "cum_dist_end": 10600.0, "anomaly": false}, "geometry": {"type": "LineString", "coordinates": [[140.00710622960187, 35.68338658926664], [140.0073515394404, 35.68328308478131], [140.0075966216534, 35.683179221592766]]}}, {"type": "Feature", "properties": {"id": "京葉道路-下り-0-212", "route": "京葉道路", "direction": "下り", "from": "花輪IC", "to": "幕張IC", "grade": 0.01, "elevation_start": 4.1, "elevation_end": 4.1, "quality": "estimated", "structure": "bridge", "chain_rank": 0, "cum_dist_start": 10600.0, "cum_dist_end": 10650.0, "anomaly": false}, "geometry": {"type": "LineString", "coordinates": [[140.0075966216534, 35.683179221592766], [140.0078408062997, 35.683073988313545], [140.00808284610798, 35.682965481046196]]}}, {"type": "Feature", "properties": {"id": "京葉道路-下り-0-213", "route": "京葉道路", "direction": "下り", "from": "花輪IC", "to": "幕張IC", "grade": 0.01, "elevation_start": 4.1, "elevation_end": 4.1, "quality": "estimated", "structure": "bridge", "chain_rank": 0, "cum_dist_start": 10650.0, "cum_dist_end": 10700.0, "anomaly": false}, "geometry": {"type": "LineString", "coordinates": [[140.00808284610798, 35.682965481046196], [140.0083226342835, 35.68285389399218], [140.00855467178664, 35.682731705556826]]}}, {"type": "Feature", "properties": {"id": "京葉道路-下り-0-214", "route": "京葉道路", "direction": "下り", "from": "花輪IC", "to": "幕張IC", "grade": 0.01, "elevation_start": 4.1, "elevation_end": 4.1, "quality": "estimated", "structure": "bridge", "chain_rank": 0, "cum_dist_start": 10700.0, "cum_dist_end": 10750.0, "anomaly": false}, "geometry": {"type": "LineString", "coordinates": [[140.00855467178664, 35.682731705556826], [140.008783041611, 35.68260512098714], [140.0090072742485, 35.68247360085727]]}}, {"type": "Feature", "properties": {"id": "京葉道路-下り-0-215", "route": "京葉道路", "direction": "下り", "from": "花輪IC", "to": "幕張IC", "grade": 0.01, "elevation_start": 4.1, "elevation_end": 4.1, "quality": "estimated", "structure": "bridge", "chain_rank": 0, "cum_dist_start": 10750.0, "cum_dist_end": 10800.0, "anomaly": false}, "geometry": {"type": "LineString", "coordinates": [[140.0090072742485, 35.68247360085727], [140.00922431967305, 35.68233427644693], [140.00943711308815, 35.68219069009453]]}}, {"type": "Feature", "properties": {"id": "京葉道路-下り-0-216", "route": "京葉道路", "direction": "下り", "from": "花輪IC", "to": "幕張IC", "grade": 0.01, "elevation_start": 4.1, "elevation_end": 4.1, "quality": "estimated", "structure": "bridge", "chain_rank": 0, "cum_dist_start": 10800.0, "cum_dist_end": 10850.0, "anomaly": false}, "geometry": {"type": "LineString", "coordinates": [[140.00943711308815, 35.68219069009453], [140.0096436003394, 35.682041181580544], [140.00984369207387, 35.68188591544187]]}}, {"type": "Feature", "properties": {"id": "京葉道路-下り-0-217", "route": "京葉道路", "direction": "下り", "from": "花輪IC", "to": "幕張IC", "grade": 0.01, "elevation_start": 4.1, "elevation_end": 4.1, "quality": "estimated", "structure": "bridge", "chain_rank": 0, "cum_dist_start": 10850.0, "cum_dist_end": 10900.0, "anomaly": false}, "geometry": {"type": "LineString", "coordinates": [[140.00984369207387, 35.68188591544187], [140.0100387205617, 35.6817263844961], [140.01022568912865, 35.681560618922546]]}}, {"type": "Feature", "properties": {"id": "京葉道路-下り-0-218", "route": "京葉道路", "direction": "下り", "from": "花輪IC", "to": "幕張IC", "grade": 0.01, "elevation_start": 4.1, "elevation_end": 4.2, "quality": "estimated", "structure": "bridge", "chain_rank": 0, "cum_dist_start": 10900.0, "cum_dist_end": 10950.0, "anomaly": false}, "geometry": {"type": "LineString", "coordinates": [[140.01022568912865, 35.681560618922546], [140.01041057289996, 35.681393240687406], [140.0105899365262, 35.68122204924181]]}}, {"type": "Feature", "properties": {"id": "京葉道路-下り-0-219", "route": "京葉道路", "direction": "下り", "from": "花輪IC", "to": "幕張IC", "grade": 0.01, "elevation_start": 4.2, "elevation_end": 4.2, "quality": "estimated", "structure": "bridge", "chain_rank": 0, "cum_dist_start": 10950.0, "cum_dist_end": 11000.0, "anomaly": false}, "geometry": {"type": "LineString", "coordinates": [[140.0105899365262, 35.68122204924181], [140.0107617954303, 35.68104567367794], [140.0109266957537, 35.68086500490767]]}}, {"type": "Feature", "properties": {"id": "京葉道路-下り-0-220", "route": "京葉道路", "direction": "下り", "from": "花輪IC", "to": "幕張IC", "grade": 0.01, "elevation_start": 4.2, "elevation_end": 4.2, "quality": "estimated", "structure": "bridge", "chain_rank": 0, "cum_dist_start": 11000.0, "cum_dist_end": 11050.0, "anomaly": false}, "geometry": {"type": "LineString", "coordinates": [[140.0109266957537, 35.68086500490767], [140.0110850363348, 35.680680464204116], [140.011234635998, 35.68049106698555]]}}, {"type": "Feature", "properties": {"id": "京葉道路-下り-0-221", "route": "京葉道路", "direction": "下り", "from": "花輪IC", "to": "幕張IC", "grade": 0.01, "elevation_start": 4.2, "elevation_end": 4.2, "quality": "estimated", "structure": "bridge", "chain_rank": 0, "cum_dist_start": 11050.0, "cum_dist_end": 11100.0, "anomaly": false}, "geometry": {"type": "LineString", "coordinates": [[140.011234635998, 35.68049106698555], [140.01137629444784, 35.680297707816855], [140.01151071446156, 35.68010093517907]]}}, {"type": "Feature", "properties": {"id": "京葉道路-下り-0-222", "route": "京葉道路", "direction": "下り", "from": "花輪IC", "to": "幕張IC", "grade": 0.01, "elevation_start": 4.2, "elevation_end": 4.2, "quality": "estimated", "structure": "bridge", "chain_rank": 0, "cum_dist_start": 11100.0, "cum_dist_end": 11150.0, "anomaly": false}, "geometry": {"type": "LineString", "coordinates": [[140.01151071446156, 35.68010093517907], [140.01163896381414, 35.679901385448886], [140.01175450750387, 35.679696785849714]]}}, {"type": "Feature", "properties": {"id": "京葉道路-下り-0-223", "route": "京葉道路", "direction": "下り", "from": "花輪IC", "to": "幕張IC", "grade": 0.01, "elevation_start": 4.2, "elevation_end": 4.2, "quality": "estimated", "structure": "bridge", "chain_rank": 0, "cum_dist_start": 11150.0, "cum_dist_end": 11200.0, "anomaly": false}, "geometry": {"type": "LineString", "coordinates": [[140.01175450750387, 35.679696785849714], [140.01186279039518, 35.67948956445074], [140.01196545615053, 35.67928039307909]]}}, {"type": "Feature", "properties": {"id": "京葉道路-下り-0-224", "route": "京葉道路", "direction": "下り", "from": "花輪IC", "to": "幕張IC", "grade": 0.01, "elevation_start": 4.2, "elevation_end": 4.2, "quality": "estimated", "structure": "bridge", "chain_rank": 0, "cum_dist_start": 11200.0, "cum_dist_end": 11250.0, "anomaly": false}, "geometry": {"type": "LineString", "coordinates": [[140.01196545615053, 35.67928039307909], [140.0120603301743, 35.679068786884905], [140.01215440015991, 35.67885695312247]]}}, {"type": "Feature", "properties": {"id": "京葉道路-下り-0-225", "route": "京葉道路", "direction": "下り", "from": "花輪IC", "to": "幕張IC", "grade": 0.01, "elevation_start": 4.2, "elevation_end": 4.2, "quality": "estimated", "structure": "bridge", "chain_rank": 0, "cum_dist_start": 11250.0, "cum_dist_end": 11300.0, "anomaly": false}, "geometry": {"type": "LineString", "coordinates": [[140.01215440015991, 35.67885695312247], [140.0122402993454, 35.67864281008265], [140.01232619853084, 35.67842866704283]]}}, {"type": "Feature", "properties": {"id": "京葉道路-下り-0-226", "route": "京葉道路", "direction": "下り", "from": "花輪IC", "to": "幕張IC", "grade": 0.01, "elevation_start": 4.2, "elevation_end": 4.2, "quality": "estimated", "structure": "bridge", "chain_rank": 0, "cum_dist_start": 11300.0, "cum_dist_end": 11350.0, "anomaly": false}, "geometry": {"type": "LineString", "coordinates": [[140.01232619853084, 35.67842866704283], [140.01241299049784, 35.67821476949039], [140.01250345513748, 35.67800188180964]]}}, {"type": "Feature", "properties": {"id": "京葉道路-下り-0-227", "route": "京葉道路", "direction": "下り", "from": "花輪IC", "to": "幕張IC", "grade": 0.01, "elevation_start": 4.2, "elevation_end": 4.2, "quality": "estimated", "structure": "normal", "chain_rank": 0, "cum_dist_start": 11350.0, "cum_dist_end": 11400.0, "anomaly": false}, "geometry": {"type": "LineString", "coordinates": [[140.01250345513748, 35.67800188180964], [140.01260726164438, 35.67779316284752], [140.012718823109, 35.677587105613966]]}}, {"type": "Feature", "properties": {"id": "京葉道路-下り-0-228", "route": "京葉道路", "direction": "下り", "from": "花輪IC", "to": "幕張IC", "grade": 0.01, "elevation_start": 4.2, "elevation_end": 4.2, "quality": "estimated", "structure": "normal", "chain_rank": 0, "cum_dist_start": 11400.0, "cum_dist_end": 11450.0, "anomaly": false}, "geometry": {"type": "LineString", "coordinates": [[140.012718823109, 35.677587105613966], [140.01283693032016, 35.67738343230556], [140.01295835363425, 35.67718116437011]]}}, {"type": "Feature", "properties": {"id": "京葉道路-下り-0-229", "route": "京葉道路", "direction": "下り", "from": "花輪IC", "to": "幕張IC", "grade": 0.16, "elevation_start": 4.2, "elevation_end": 4.3, "quality": "estimated", "structure": "normal", "chain_rank": 0, "cum_dist_start": 11450.0, "cum_dist_end": 11500.0, "anomaly": false}, "geometry": {"type": "LineString", "coordinates": [[140.01295835363425, 35.67718116437011], [140.0130946456438, 35.676985197826156], [140.01323781864647, 35.67679257017217]]}}, {"type": "Feature", "properties": {"id": "京葉道路-下り-0-230", "route": "京葉道路", "direction": "下り", "from": "花輪IC", "to": "幕張IC", "grade": 0.17, "elevation_start": 4.3, "elevation_end": 4.4, "quality": "measured", "structure": "normal", "chain_rank": 0, "cum_dist_start": 11500.0, "cum_dist_end": 11550.0, "anomaly": false}, "geometry": {"type": "LineString", "coordinates": [[140.01323781864647, 35.67679257017217], [140.01338590336036, 35.67660245484831], [140.01354673923305, 35.67641929475352]]}}, {"type": "Feature", "properties": {"id": "京葉道路-下り-0-231", "route": "京葉道路", "direction": "下り", "from": "花輪IC", "to": "幕張IC", "grade": 0.05, "elevation_start": 4.4, "elevation_end": 4.4, "quality": "measured", "structure": "normal", "chain_rank": 0, "cum_dist_start": 11550.0, "cum_dist_end": 11600.0, "anomaly": false}, "geometry": {"type": "LineString", "coordinates": [[140.01354673923305, 35.67641929475352], [140.01370932430052, 35.67623716756982], [140.01387574835775, 35.67605750503103]]}}, {"type": "Feature", "properties": {"id": "京葉道路-下り-0-232", "route": "京葉道路", "direction": "下り", "from": "花輪IC", "to": "幕張IC", "grade": -0.02, "elevation_start": 4.4, "elevation_end": 4.4, "quality": "measured", "structure": "normal", "chain_rank": 0, "cum_dist_start": 11600.0, "cum_dist_end": 11650.0, "anomaly": false}, "geometry": {"type": "LineString", "coordinates": [[140.01387574835775, 35.67605750503103], [140.01405566174654, 35.67588656779831], [140.01424248599994, 35.67572065381657]]}}, {"type": "Feature", "properties": {"id": "京葉道路-下り-0-233", "route": "京葉道路", "direction": "下り", "from": "花輪IC", "to": "幕張IC", "grade": -0.06, "elevation_start": 4.4, "elevation_end": 4.4, "quality": "measured", "structure": "normal", "chain_rank": 0, "cum_dist_start": 11650.0, "cum_dist_end": 11700.0, "anomaly": false}, "geometry": {"type": "LineString", "coordinates": [[140.01424248599994, 35.67572065381657], [140.01443130934055, 35.675556277929786], [140.01462695823284, 35.67539726599224]]}}, {"type": "Feature", "properties": {"id": "京葉道路-下り-0-234", "route": "京葉道路", "direction": "下り", "from": "花輪IC", "to": "幕張IC", "grade": -0.09, "elevation_start": 4.4, "elevation_end": 4.3, "quality": "measured", "structure": "normal", "chain_rank": 0, "cum_dist_start": 11700.0, "cum_dist_end": 11750.0, "anomaly": false}, "geometry": {"type": "LineString", "coordinates": [[140.01462695823284, 35.67539726599224], [140.01482918273663, 35.67524397082068], [140.01503699095082, 35.67509562977661]]}}, {"type": "Feature", "properties": {"id": "京葉道路-下り-0-235", "route": "京葉道路", "direction": "下り", "from": "花輪IC", "to": "幕張IC", "grade": -0.02, "elevation_start": 4.3, "elevation_end": 4.3, "quality": "estimated", "structure": "normal", "chain_rank": 0, "cum_dist_start": 11750.0, "cum_dist_end": 11800.0, "anomaly": false}, "geometry": {"type": "LineString", "coordinates": [[140.01503699095082, 35.67509562977661], [140.0152536939885, 35.67495597145065], [140.01547990591936, 35.674826881077394]]}}, {"type": "Feature", "properties": {"id": "京葉道路-下り-0-236", "route": "京葉道路", "direction": "下り", "from": "花輪IC", "to": "幕張IC", "grade": 0.02, "elevation_start": 4.3, "elevation_end": 4.3, "quality": "estimated", "structure": "normal", "chain_rank": 0, "cum_dist_start": 11800.0, "cum_dist_end": 11850.0, "anomaly": false}, "geometry": {"type": "LineString", "coordinates": [[140.01547990591936, 35.674826881077394], [140.01570810806547, 35.674700002581005], [140.01593276536963, 35.67456898849604]]}}, {"type": "Feature", "properties": {"id": "京葉道路-下り-0-237", "route": "京葉道路", "direction": "下り", "from": "花輪IC", "to": "幕張IC", "grade": 0.02, "elevation_start": 4.3, "elevation_end": 4.3, "quality": "estimated", "structure": "normal", "chain_rank": 0, "cum_dist_start": 11850.0, "cum_dist_end": 11900.0, "anomaly": false}, "geometry": {"type": "LineString", "coordinates": [[140.01593276536963, 35.67456898849604], [140.01615715194225, 35.67443765856223], [140.01638153851488, 35.674306328628425]]}}, {"type": "Feature", "properties": {"id": "京葉道路-下り-0-238", "route": "京葉道路", "direction": "下り", "from": "花輪IC", "to": "幕張IC", "grade": 0.02, "elevation_start": 4.3, "elevation_end": 4.3, "quality": "estimated", "structure": "bridge", "chain_rank": 0, "cum_dist_start": 11900.0, "cum_dist_end": 11950.0, "anomaly": false}, "geometry": {"type": "LineString", "coordinates": [[140.01638153851488, 35.674306328628425], [140.0166059250875, 35.67417499869462], [140.01683223277755, 35.67404589023617]]}}, {"type": "Feature", "properties": {"id": "京葉道路-下り-0-239", "route": "京葉道路", "direction": "下り", "from": "花輪IC", "to": "幕張IC", "grade": 0.02, "elevation_start": 4.3, "elevation_end": 4.3, "quality": "estimated", "structure": "bridge", "chain_rank": 0, "cum_dist_start": 11950.0, "cum_dist_end": 12000.0, "anomaly": false}, "geometry": {"type": "LineString", "coordinates": [[140.01683223277755, 35.67404589023617], [140.01705906468388, 35.673917388983895], [140.01728588958508, 35.67378888438882]]}}, {"type": "Feature", "properties": {"id": "京葉道路-下り-0-240", "route": "京葉道路", "direction": "下り", "from": "花輪IC", "to": "幕張IC", "grade": 0.02, "elevation_start": 4.3, "elevation_end": 4.3, "quality": "estimated", "structure": "normal", "chain_rank": 0, "cum_dist_start": 12000.0, "cum_dist_end": 12050.0, "anomaly": false}, "geometry": {"type": "LineString", "coordinates": [[140.01728588958508, 35.67378888438882], [140.01751271428503, 35.6736603796977], [140.01773953898498, 35.67353187500658]]}}, {"type": "Feature", "properties": {"id": "京葉道路-下り-0-241", "route": "京葉道路", "direction": "下り", "from": "花輪IC", "to": "幕張IC", "grade": 0.02, "elevation_start": 4.3, "elevation_end": 4.4, "quality": "estimated", "structure": "normal", "chain_rank": 0, "cum_dist_start": 12050.0, "cum_dist_end": 12100.0, "anomaly": false}, "geometry": {"type": "LineString", "coordinates": [[140.01773953898498, 35.67353187500658], [140.0179663636849, 35.67340337031546], [140.01819318838486, 35.67327486562434]]}}, {"type": "Feature", "properties": {"id": "京葉道路-下り-0-242", "route": "京葉道路", "direction": "下り", "from": "花輪IC", "to": "幕張IC", "grade": 0.02, "elevation_start": 4.4, "elevation_end": 4.4, "quality": "estimated", "structure": "normal", "chain_rank": 0, "cum_dist_start": 12100.0, "cum_dist_end": 12150.0, "anomaly": false}, "geometry": {"type": "LineString", "coordinates": [[140.01819318838486, 35.67327486562434], [140.0184200130848, 35.673146360933224], [140.01864683778476, 35.673017856242105]]}}, {"type": "Feature", "properties": {"id": "京葉道路-下り-0-243", "route": "京葉道路", "direction": "下り", "from": "花輪IC", "to": "幕張IC", "grade": 0.0, "elevation_start": 4.4, "elevation_end": 4.4, "quality": "measured", "structure": "normal", "chain_rank": 0, "cum_dist_start": 12150.0, "cum_dist_end": 12200.0, "anomaly": false}, "geometry": {"type": "LineString", "coordinates": [[140.01864683778476, 35.673017856242105], [140.0188736624847, 35.672889351550985], [140.01910048718463, 35.672760846859866]]}}, {"type": "Feature", "properties": {"id": "京葉道路-下り-0-244", "route": "京葉道路", "direction": "下り", "from": "花輪IC", "to": "幕張IC", "grade": -0.03, "elevation_start": 4.4, "elevation_end": 4.3, "quality": "measured", "structure": "normal", "chain_rank": 0, "cum_dist_start": 12200.0, "cum_dist_end": 12250.0, "anomaly": false}, "geometry": {"type": "LineString", "coordinates": [[140.01910048718463, 35.672760846859866], [140.01932731188458, 35.67263234216875], [140.01955413658453, 35.67250383747763]]}}, {"type": "Feature", "properties": {"id": "京葉道路-下り-0-245", "route": "京葉道路", "direction": "下り", "from": "花輪IC", "to": "幕張IC", "grade": -0.0, "elevation_start": 4.3, "elevation_end": 4.3, "quality": "measured", "structure": "normal", "chain_rank": 0, "cum_dist_start": 12250.0, "cum_dist_end": 12300.0, "anomaly": false}, "geometry": {"type": "LineString", "coordinates": [[140.01955413658453, 35.67250383747763], [140.01978096128448, 35.67237533278651], [140.02000778598443, 35.67224682809539]]}}, {"type": "Feature", "properties": {"id": "京葉道路-下り-0-246", "route": "京葉道路", "direction": "下り", "from": "花輪IC", "to": "幕張IC", "grade": -0.03, "elevation_start": 4.3, "elevation_end": 4.3, "quality": "measured", "structure": "normal", "chain_rank": 0, "cum_dist_start": 12300.0, "cum_dist_end": 12350.0, "anomaly": false}, "geometry": {"type": "LineString", "coordinates": [[140.02000778598443, 35.67224682809539], [140.02023461068435, 35.67211832340427], [140.0204614353843, 35.67198981871315]]}}, {"type": "Feature", "properties": {"id": "京葉道路-下り-0-247", "route": "京葉道路", "direction": "下り", "from": "花輪IC", "to": "幕張IC", "grade": 0.04, "elevation_start": 4.3, "elevation_end": 4.3, "quality": "estimated", "structure": "normal", "chain_rank": 0, "cum_dist_start": 12350.0, "cum_dist_end": 12400.0, "anomaly": false}, "geometry": {"type": "LineString", "coordinates": [[140.0204614353843, 35.67198981871315], [140.02068826008426, 35.67186131402203], [140.0209150847842, 35.67173280933091]]}}, {"type": "Feature", "properties": {"id": "京葉道路-下り-0-248", "route": "京葉道路", "direction": "下り", "from": "花輪IC", "to": "幕張IC", "grade": -0.03, "elevation_start": 4.3, "elevation_end": 4.3, "quality": "estimated", "structure": "normal", "chain_rank": 0, "cum_dist_start": 12400.0, "cum_dist_end": 12450.0, "anomaly": false}, "geometry": {"type": "LineString", "coordinates": [[140.0209150847842, 35.67173280933091], [140.02114190948416, 35.67160430463979], [140.02136873418408, 35.671475799948674]]}}, {"type": "Feature", "properties": {"id": "京葉道路-下り-0-249", "route": "京葉道路", "direction": "下り", "from": "花輪IC", "to": "幕張IC", "grade": -0.03, "elevation_start": 4.3, "elevation_end": 4.3, "quality": "estimated", "structure": "normal", "chain_rank": 0, "cum_dist_start": 12450.0, "cum_dist_end": 12500.0, "anomaly": false}, "geometry": {"type": "LineString", "coordinates": [[140.02136873418408, 35.671475799948674], [140.02159555888403, 35.671347295257554], [140.02182238358398, 35.671218790566435]]}}, {"type": "Feature", "properties": {"id": "京葉道路-下り-0-250", "route": "京葉道路", "direction": "下り", "from": "花輪IC", "to": "幕張IC", "grade": -0.03, "elevation_start": 4.3, "elevation_end": 4.3, "quality": "estimated", "structure": "bridge", "chain_rank": 0, "cum_dist_start": 12500.0, "cum_dist_end": 12550.0, "anomaly": false}, "geometry": {"type": "LineString", "coordinates": [[140.02182238358398, 35.671218790566435], [140.02204920828393, 35.671090285875316], [140.02227603487717, 35.67096178567146]]}}, {"type": "Feature", "properties": {"id": "京葉道路-下り-0-251", "route": "京葉道路", "direction": "下り", "from": "花輪IC", "to": "幕張IC", "grade": -0.03, "elevation_start": 4.3, "elevation_end": 4.3, "quality": "estimated", "structure": "bridge", "chain_rank": 0, "cum_dist_start": 12550.0, "cum_dist_end": 12600.0, "anomaly": false}, "geometry": {"type": "LineString", "coordinates": [[140.02227603487717, 35.67096178567146], [140.02250283946805, 35.670833262498505], [140.02272903898734, 35.670704032989875]]}}, {"type": "Feature", "properties": {"id": "京葉道路-下り-0-252", "route": "京葉道路", "direction": "下り", "from": "花輪IC", "to": "幕張IC", "grade": -0.03, "elevation_start": 4.3, "elevation_end": 4.3, "quality": "estimated", "structure": "normal", "chain_rank": 0, "cum_dist_start": 12600.0, "cum_dist_end": 12650.0, "anomaly": false}, "geometry": {"type": "LineString", "coordinates": [[140.02272903898734, 35.670704032989875], [140.02295501345273, 35.670574540811494], [140.0231809879181, 35.67044504863311]]}}, {"type": "Feature", "properties": {"id": "京葉道路-下り-0-253", "route": "京葉道路", "direction": "下り", "from": "花輪IC", "to": "幕張IC", "grade": -0.03, "elevation_start": 4.3, "elevation_end": 4.3, "quality": "estimated", "structure": "normal", "chain_rank": 0, "cum_dist_start": 12650.0, "cum_dist_end": 12700.0, "anomaly": false}, "geometry": {"type": "LineString", "coordinates": [[140.0231809879181, 35.67044504863311], [140.02341487231868, 35.67032534815502], [140.02365433713572, 35.670213314192914]]}}, {"type": "Feature", "properties": {"id": "京葉道路-下り-0-254", "route": "京葉道路", "direction": "下り", "from": "花輪IC", "to": "幕張IC", "grade": -0.05, "elevation_start": 4.3, "elevation_end": 4.2, "quality": "estimated", "structure": "normal", "chain_rank": 0, "cum_dist_start": 12700.0, "cum_dist_end": 12750.0, "anomaly": false}, "geometry": {"type": "LineString", "coordinates": [[140.02365433713572, 35.670213314192914], [140.0238985473543, 35.67010821727195], [140.02414515687866, 35.67000685429605]]}}, {"type": "Feature", "properties": {"id": "京葉道路-下り-0-255", "route": "京葉道路", "direction": "下り", "from": "花輪IC", "to": "幕張IC", "grade": 0.03, "elevation_start": 4.2, "elevation_end": 4.2, "quality": "measured", "structure": "normal", "chain_rank": 0, "cum_dist_start": 12750.0, "cum_dist_end": 12800.0, "anomaly": false}, "geometry": {"type": "LineString", "coordinates": [[140.02414515687866, 35.67000685429605], [140.02439679095727, 35.66991410844603], [140.0246513144441, 35.66982682382951]]}}, {"type": "Feature", "properties": {"id": "京葉道路-下り-0-256", "route": "京葉道路", "direction": "下り", "from": "花輪IC", "to": "幕張IC", "grade": -0.01, "elevation_start": 4.2, "elevation_end": 4.2, "quality": "measured", "structure": "normal", "chain_rank": 0, "cum_dist_start": 12800.0, "cum_dist_end": 12850.0, "anomaly": false}, "geometry": {"type": "LineString", "coordinates": [[140.0246513144441, 35.66982682382951], [140.02490890603062, 35.66974587319299], [140.02517045770625, 35.66967366977519]]}}, {"type": "Feature", "properties": {"id": "京葉道路-下り-0-257", "route": "京葉道路", "direction": "下り", "from": "花輪IC", "to": "幕張IC", "grade": 0.04, "elevation_start": 4.2, "elevation_end": 4.3, "quality": "measured", "structure": "normal", "chain_rank": 0, "cum_dist_start": 12850.0, "cum_dist_end": 12900.0, "anomaly": false}, "geometry": {"type": "LineString", "coordinates": [[140.02517045770625, 35.66967366977519], [140.02543411459203, 35.66960672316232], [140.02570029768856, 35.66954686597309]]}}, {"type": "Feature", "properties": {"id": "京葉道路-下り-0-258", "route": "京葉道路", "direction": "下り", "from": "花輪IC", "to": "幕張IC", "grade": 0.08, "elevation_start": 4.3, "elevation_end": 4.3, "quality": "measured", "structure": "normal", "chain_rank": 0, "cum_dist_start": 12900.0, "cum_dist_end": 12950.0, "anomaly": false}, "geometry": {"type": "LineString", "coordinates": [[140.02570029768856, 35.66954686597309], [140.02596815836637, 35.6694922264437], [140.0262381720282, 35.66944544925603]]}}, {"type": "Feature", "properties": {"id": "京葉道路-下り-0-259", "route": "京葉道路", "direction": "下り", "from": "花輪IC", "to": "幕張IC", "grade": -0.01, "elevation_start": 4.3, "elevation_end": 4.3, "quality": "measured", "structure": "normal", "chain_rank": 0, "cum_dist_start": 12950.0, "cum_dist_end": 13000.0, "anomaly": false}, "geometry": {"type": "LineString", "coordinates": [[140.0262381720282, 35.66944544925603], [140.02651036597123, 35.669407688407844], [140.02678350640494, 35.669374663847115]]}}, {"type": "Feature", "properties": {"id": "京葉道路-下り-0-260", "route": "京葉道路", "direction": "下り", "from": "花輪IC", "to": "幕張IC", "grade": 0.05, "elevation_start": 4.3, "elevation_end": 4.3, "quality": "measured", "structure": "normal", "chain_rank": 0, "cum_dist_start": 13000.0, "cum_dist_end": 13050.0, "anomaly": false}, "geometry": {"type": "LineString", "coordinates": [[140.02678350640494, 35.669374663847115], [140.02705761325322, 35.66934750997349], [140.0273325534319, 35.66932702138794]]}}, {"type": "Feature", "properties": {"id": "京葉道路-下り-0-261", "route": "京葉道路", "direction": "下り", "from": "花輪IC", "to": "幕張IC", "grade": 0.12, "elevation_start": 4.3, "elevation_end": 4.4, "quality": "measured", "structure": "normal", "chain_rank": 0, "cum_dist_start": 13050.0, "cum_dist_end": 13100.0, "anomaly": false}, "geometry": {"type": "LineString", "coordinates": [[140.0273325534319, 35.66932702138794], [140.02760802191463, 35.66931351257813], [140.02788414585407, 35.66931280191755]]}}, {"type": "Feature", "properties": {"id": "京葉道路-下り-0-262", "route": "京葉道路", "direction": "下り", "from": "花輪IC", "to": "幕張IC", "grade": 0.24, "elevation_start": 4.4, "elevation_end": 4.5, "quality": "measured", "structure": "normal", "chain_rank": 0, "cum_dist_start": 13100.0, "cum_dist_end": 13150.0, "anomaly": false}, "geometry": {"type": "LineString", "coordinates": [[140.02788414585407, 35.66931280191755], [140.02816021030233, 35.669316589888325], [140.028436148097, 35.669324452256255]]}}, {"type": "Feature", "properties": {"id": "京葉道路-下り-0-263", "route": "京葉道路", "direction": "下り", "from": "花輪IC", "to": "幕張IC", "grade": 0.62, "elevation_start": 4.5, "elevation_end": 4.8, "quality": "measured", "structure": "normal", "chain_rank": 0, "cum_dist_start": 13150.0, "cum_dist_end": 13200.0, "anomaly": false}, "geometry": {"type": "LineString", "coordinates": [[140.028436148097, 35.669324452256255], [140.02871194593064, 35.66933542363785], [140.02898754777354, 35.669349236903145]]}}, {"type": "Feature", "properties": {"id": "京葉道路-下り-0-264", "route": "京葉道路", "direction": "下り", "from": "花輪IC", "to": "幕張IC", "grade": 0.82, "elevation_start": 4.8, "elevation_end": 5.2, "quality": "measured", "structure": "normal", "chain_rank": 0, "cum_dist_start": 13200.0, "cum_dist_end": 13250.0, "anomaly": false}, "geometry": {"type": "LineString", "coordinates": [[140.02898754777354, 35.669349236903145], [140.02926311175344, 35.66936359918465], [140.02953867573336, 35.66937796146616]]}}, {"type": "Feature", "properties": {"id": "京葉道路-下り-0-265", "route": "京葉道路", "direction": "下り", "from": "花輪IC", "to": "幕張IC", "grade": 0.96, "elevation_start": 5.2, "elevation_end": 5.7, "quality": "measured", "structure": "normal", "chain_rank": 0, "cum_dist_start": 13250.0, "cum_dist_end": 13300.0, "anomaly": false}, "geometry": {"type": "LineString", "coordinates": [[140.02953867573336, 35.66937796146616], [140.0298142397133, 35.669392323747665], [140.03008996882647, 35.669404325820096]]}}, {"type": "Feature", "properties": {"id": "京葉道路-下り-0-266", "route": "京葉道路", "direction": "下り", "from": "花輪IC", "to": "幕張IC", "grade": 0.84, "elevation_start": 5.7, "elevation_end": 6.1, "quality": "measured", "structure": "normal", "chain_rank": 0, "cum_dist_start": 13300.0, "cum_dist_end": 13350.0, "anomaly": false}, "geometry": {"type": "LineString", "coordinates": [[140.03008996882647, 35.669404325820096], [140.03036574674144, 35.669415630380335], [140.03064152465643, 35.669426934940574]]}}, {"type": "Feature", "properties": {"id": "京葉道路-下り-0-267", "route": "京葉道路", "direction": "下り", "from": "花輪IC", "to": "幕張IC", "grade": 1.01, "elevation_start": 6.1, "elevation_end": 6.6, "quality": "measured", "structure": "normal", "chain_rank": 0, "cum_dist_start": 13350.0, "cum_dist_end": 13400.0, "anomaly": false}, "geometry": {"type": "LineString", "coordinates": [[140.03064152465643, 35.669426934940574], [140.03091708667023, 35.66944123409232], [140.03119258531663, 35.669456412162134]]}}, {"type": "Feature", "properties": {"id": "京葉道路-下り-0-268", "route": "京葉道路", "direction": "下り", "from": "花輪IC", "to": "幕張IC", "grade": 0.67, "elevation_start": 6.6, "elevation_end": 7.0, "quality": "measured", "structure": "normal", "chain_rank": 0, "cum_dist_start": 13400.0, "cum_dist_end": 13450.0, "anomaly": false}, "geometry": {"type": "LineString", "coordinates": [[140.03119258531663, 35.669456412162134], [140.031468083963, 35.66947159023196], [140.0317435826094, 35.66948676830177]]}}, {"type": "Feature", "properties": {"id": "京葉道路-下り-0-269", "route": "京葉道路", "direction": "下り", "from": "花輪IC", "to": "幕張IC", "grade": 0.57, "elevation_start": 7.0, "elevation_end": 7.2, "quality": "measured", "structure": "normal", "chain_rank": 0, "cum_dist_start": 13450.0, "cum_dist_end": 13500.0, "anomaly": false}, "geometry": {"type": "LineString", "coordinates": [[140.0317435826094, 35.66948676830177], [140.0320190812558, 35.66950194637159], [140.03229477263093, 35.66951457886705]]}}, {"type": "Feature", "properties": {"id": "京葉道路-下り-0-270", "route": "京葉道路", "direction": "下り", "from": "花輪IC", "to": "幕張IC", "grade": 0.72, "elevation_start": 7.2, "elevation_end": 7.6, "quality": "estimated", "structure": "normal", "chain_rank": 0, "cum_dist_start": 13500.0, "cum_dist_end": 13550.0, "anomaly": false}, "geometry": {"type": "LineString", "coordinates": [[140.03229477263093, 35.66951457886705], [140.03257046860352, 35.66952715063932], [140.0328461645761, 35.66953972241159]]}}, {"type": "Feature", "properties": {"id": "京葉道路-下り-0-271", "route": "京葉道路", "direction": "下り", "from": "花輪IC", "to": "幕張IC", "grade": 0.85, "elevation_start": 7.6, "elevation_end": 8.0, "quality": "estimated", "structure": "normal", "chain_rank": 0, "cum_dist_start": 13550.0, "cum_dist_end": 13600.0, "anomaly": false}, "geometry": {"type": "LineString", "coordinates": [[140.0328461645761, 35.66953972241159], [140.0331218605487, 35.66955229418386], [140.03339755652127, 35.669564865956126]]}}, {"type": "Feature", "properties": {"id": "京葉道路-下り-0-272", "route": "京葉道路", "direction": "下り", "from": "花輪IC", "to": "幕張IC", "grade": 0.85, "elevation_start": 8.0, "elevation_end": 8.5, "quality": "estimated", "structure": "normal", "chain_rank": 0, "cum_dist_start": 13600.0, "cum_dist_end": 13650.0, "anomaly": false}, "geometry": {"type": "LineString", "coordinates": [[140.03339755652127, 35.669564865956126], [140.03367325249386, 35.6695774377284], [140.0339489477392, 35.66959002083829]]}}, {"type": "Feature", "properties": {"id": "京葉道路-下り-0-273", "route": "京葉道路", "direction": "下り", "from": "幕張IC", "to": "幕張PA", "grade": 0.85, "elevation_start": 8.5, "elevation_end": 8.9, "quality": "estimated", "structure": "bridge", "chain_rank": 0, "cum_dist_start": 13650.0, "cum_dist_end": 13700.0, "anomaly": false}, "geometry": {"type": "LineString", "coordinates": [[140.0339489477392, 35.66959002083829], [140.034224640946, 35.66960263544982], [140.03450034538346, 35.66961508561418]]}}, {"type": "Feature", "properties": {"id": "京葉道路-下り-0-274", "route": "京葉道路", "direction": "下り", "from": "幕張IC", "to": "幕張PA", "grade": 0.85, "elevation_start": 8.9, "elevation_end": 9.3, "quality": "estimated", "structure": "bridge", "chain_rank": 0, "cum_dist_start": 13700.0, "cum_dist_end": 13750.0, "anomaly": false}, "geometry": {"type": "LineString", "coordinates": [[140.03450034538346, 35.66961508561418], [140.0347760569802, 35.66962743090956], [140.0350517351484, 35.66964026202381]]}}, {"type": "Feature", "properties": {"id": "京葉道路-下り-0-275", "route": "京葉道路", "direction": "下り", "from": "幕張IC", "to": "幕張PA", "grade": 0.85, "elevation_start": 9.3, "elevation_end": 9.7, "quality": "estimated", "structure": "normal", "chain_rank": 0, "cum_dist_start": 13750.0, "cum_dist_end": 13800.0, "anomaly": false}, "geometry": {"type": "LineString", "coordinates": [[140.0350517351484, 35.66964026202381], [140.0353274025196, 35.66965325117004], [140.03560306984522, 35.66966624100084]]}}, {"type": "Feature", "properties": {"id": "京葉道路-下り-0-276", "route": "京葉道路", "direction": "下り", "from": "幕張IC", "to": "幕張PA", "grade": 0.85, "elevation_start": 9.7, "elevation_end": 10.1, "quality": "estimated", "structure": "normal", "chain_rank": 0, "cum_dist_start": 13800.0, "cum_dist_end": 13850.0, "anomaly": false}, "geometry": {"type": "LineString", "coordinates": [[140.03560306984522, 35.66966624100084], [140.0358787371708, 35.66967923083164], [140.0361544044964, 35.66969222066244]]}}, {"type": "Feature", "properties": {"id": "京葉道路-下り-0-277", "route": "京葉道路", "direction": "下り", "from": "幕張IC", "to": "幕張PA", "grade": 0.85, "elevation_start": 10.1, "elevation_end": 10.6, "quality": "estimated", "structure": "normal", "chain_rank": 0, "cum_dist_start": 13850.0, "cum_dist_end": 13900.0, "anomaly": false}, "geometry": {"type": "LineString", "coordinates": [[140.0361544044964, 35.66969222066244], [140.036430071822, 35.669705210493234], [140.03670572406034, 35.669718405292116]]}}, {"type": "Feature", "properties": {"id": "京葉道路-下り-0-278", "route": "京葉道路", "direction": "下り", "from": "幕張IC", "to": "幕張PA", "grade": 0.09, "elevation_start": 10.6, "elevation_end": 10.6, "quality": "measured", "structure": "normal", "chain_rank": 0, "cum_dist_start": 13900.0, "cum_dist_end": 13950.0, "anomaly": false}, "geometry": {"type": "LineString", "coordinates": [[140.03670572406034, 35.669718405292116], [140.03698130973828, 35.669732504348424], [140.03725689541622, 35.66974660340473]]}}, {"type": "Feature", "properties": {"id": "京葉道路-下り-0-279", "route": "京葉道路", "direction": "下り", "from": "幕張IC", "to": "幕張PA", "grade": 0.01, "elevation_start": 10.6, "elevation_end": 10.6, "quality": "measured", "structure": "normal", "chain_rank": 0, "cum_dist_start": 13950.0, "cum_dist_end": 14000.0, "anomaly": false}, "geometry": {"type": "LineString", "coordinates": [[140.03725689541622, 35.66974660340473], [140.03753248109416, 35.66976070246104], [140.03780806571356, 35.66977481664112]]}}, {"type": "Feature", "properties": {"id": "京葉道路-下り-0-280", "route": "京葉道路", "direction": "下り", "from": "幕張IC", "to": "幕張PA", "grade": 0.01, "elevation_start": 10.6, "elevation_end": 10.6, "quality": "measured", "structure": "normal", "chain_rank": 0, "cum_dist_start": 14000.0, "cum_dist_end": 14050.0, "anomaly": false}, "geometry": {"type": "LineString", "coordinates": [[140.03780806571356, 35.66977481664112], [140.03808364997036, 35.669788936002206], [140.03835927797996, 35.66980245642954]]}}, {"type": "Feature", "properties": {"id": "京葉道路-下り-0-281", "route": "京葉道路", "direction": "下り", "from": "幕張IC", "to": "幕張PA", "grade": 0.11, "elevation_start": 10.6, "elevation_end": 10.7, "quality": "measured", "structure": "normal", "chain_rank": 0, "cum_dist_start": 14050.0, "cum_dist_end": 14100.0, "anomaly": false}, "geometry": {"type": "LineString", "coordinates": [[140.03835927797996, 35.66980245642954], [140.03863496957345, 35.66981510645471], [140.03891066116694, 35.66982775647989]]}}, {"type": "Feature", "properties": {"id": "京葉道路-下り-0-282", "route": "京葉道路", "direction": "下り", "from": "幕張IC", "to": "幕張PA", "grade": 0.89, "elevation_start": 10.7, "elevation_end": 11.1, "quality": "measured", "structure": "normal", "chain_rank": 0, "cum_dist_start": 14100.0, "cum_dist_end": 14150.0, "anomaly": false}, "geometry": {"type": "LineString", "coordinates": [[140.03891066116694, 35.66982775647989], [140.03918635276045, 35.669840406505074], [140.03946204435394, 35.66985305653025]]}}, {"type": "Feature", "properties": {"id": "京葉道路-下り-0-283", "route": "京葉道路", "direction": "下り", "from": "幕張IC", "to": "幕張PA", "grade": 0.99, "elevation_start": 11.1, "elevation_end": 11.6, "quality": "measured", "structure": "normal", "chain_rank": 0, "cum_dist_start": 14150.0, "cum_dist_end": 14200.0, "anomaly": false}, "geometry": {"type": "LineString", "coordinates": [[140.03946204435394, 35.66985305653025], [140.03973773594743, 35.66986570655543], [140.04001333805178, 35.669879558580085]]}}, {"type": "Feature", "properties": {"id": "京葉道路-下り-0-284", "route": "京葉道路", "direction": "下り", "from": "幕張IC", "to": "幕張PA", "grade": 1.01, "elevation_start": 11.6, "elevation_end": 12.1, "quality": "measured", "structure": "normal", "chain_rank": 0, "cum_dist_start": 14200.0, "cum_dist_end": 14250.0, "anomaly": false}, "geometry": {"type": "LineString", "coordinates": [[140.04001333805178, 35.669879558580085], [140.040288875764, 35.66989427550624], [140.04056441347618, 35.6699089924324]]}}, {"type": "Feature", "properties": {"id": "京葉道路-下り-0-285", "route": "京葉道路", "direction": "下り", "from": "幕張IC", "to": "幕張PA", "grade": 0.42, "elevation_start": 12.1, "elevation_end": 12.3, "quality": "estimated", "structure": "normal", "chain_rank": 0, "cum_dist_start": 14250.0, "cum_dist_end": 14300.0, "anomaly": false}, "geometry": {"type": "LineString", "coordinates": [[140.04056441347618, 35.6699089924324], [140.0408399511884, 35.66992370935855], [140.04111552293108, 35.66993799250342]]}}, {"type": "Feature", "properties": {"id": "京葉道路-下り-0-286", "route": "京葉道路", "direction": "下り", "from": "幕張IC", "to": "幕張PA", "grade": -0.33, "elevation_start": 12.3, "elevation_end": 12.2, "quality": "estimated", "structure": "normal", "chain_rank": 0, "cum_dist_start": 14300.0, "cum_dist_end": 14350.0, "anomaly": false}, "geometry": {"type": "LineString", "coordinates": [[140.04111552293108, 35.66993799250342], [140.04139112079307, 35.66995194270981], [140.04166671865505, 35.669965892916196]]}}, {"type": "Feature", "properties": {"id": "京葉道路-下り-0-287", "route": "京葉道路", "direction": "下り", "from": "幕張IC", "to": "幕張PA", "grade": -0.33, "elevation_start": 12.2, "elevation_end": 12.0, "quality": "estimated", "structure": "normal", "chain_rank": 0, "cum_dist_start": 14350.0, "cum_dist_end": 14400.0, "anomaly": false}, "geometry": {"type": "LineString", "coordinates": [[140.04166671865505, 35.669965892916196], [140.04194231651704, 35.669979843122576], [140.04221791437902, 35.66999379332896]]}}, {"type": "Feature", "properties": {"id": "京葉道路-下り-0-288", "route": "京葉道路", "direction": "下り", "from": "幕張IC", "to": "幕張PA", "grade": -0.33, "elevation_start": 12.0, "elevation_end": 11.8, "quality": "estimated", "structure": "bridge", "chain_rank": 0, "cum_dist_start": 14400.0, "cum_dist_end": 14450.0, "anomaly": false}, "geometry": {"type": "LineString", "coordinates": [[140.04221791437902, 35.66999379332896], [140.042493512241, 35.67000774353535], [140.04276911300946, 35.670021655288416]]}}, {"type": "Feature", "properties": {"id": "京葉道路-下り-0-289", "route": "京葉道路", "direction": "下り", "from": "幕張IC", "to": "幕張PA", "grade": -0.33, "elevation_start": 11.8, "elevation_end": 11.7, "quality": "estimated", "structure": "bridge", "chain_rank": 0, "cum_dist_start": 14450.0, "cum_dist_end": 14500.0, "anomaly": false}, "geometry": {"type": "LineString", "coordinates": [[140.04276911300946, 35.670021655288416], [140.04304473801523, 35.67003524637535], [140.04332036329524, 35.67004883598687]]}}, {"type": "Feature", "properties": {"id": "京葉道路-下り-0-290", "route": "京葉道路", "direction": "下り", "from": "幕張IC", "to": "幕張PA", "grade": -0.33, "elevation_start": 11.7, "elevation_end": 11.5, "quality": "estimated", "structure": "bridge", "chain_rank": 0, "cum_dist_start": 14500.0, "cum_dist_end": 14550.0, "anomaly": false}, "geometry": {"type": "LineString", "coordinates": [[140.04332036329524, 35.67004883598687], [140.04359598916037, 35.67006242245073], [140.04387161502547, 35.67007600891458]]}}, {"type": "Feature", "properties": {"id": "京葉道路-下り-0-291", "route": "京葉道路", "direction": "下り", "from": "幕張IC", "to": "幕張PA", "grade": -0.33, "elevation_start": 11.5, "elevation_end": 11.3, "quality": "estimated", "structure": "bridge", "chain_rank": 0, "cum_dist_start": 14550.0, "cum_dist_end": 14600.0, "anomaly": false}, "geometry": {"type": "LineString", "coordinates": [[140.04387161502547, 35.67007600891458], [140.04414724089057, 35.670089595378435], [140.04442286675567, 35.67010318184229]]}}, {"type": "Feature", "properties": {"id": "京葉道路-下り-0-292", "route": "京葉道路", "direction": "下り", "from": "幕張IC", "to": "幕張PA", "grade": -0.33, "elevation_start": 11.3, "elevation_end": 11.1, "quality": "estimated", "structure": "bridge", "chain_rank": 0, "cum_dist_start": 14600.0, "cum_dist_end": 14650.0, "anomaly": false}, "geometry": {"type": "LineString", "coordinates": [[140.04442286675567, 35.67010318184229], [140.04469849262077, 35.670116768306144], [140.04497411848587, 35.67013035477]]}}, {"type": "Feature", "properties": {"id": "京葉道路-下り-0-293", "route": "京葉道路", "direction": "下り", "from": "幕張IC", "to": "幕張PA", "grade": -0.33, "elevation_start": 11.1, "elevation_end": 11.0, "quality": "estimated", "structure": "bridge", "chain_rank": 0, "cum_dist_start": 14650.0, "cum_dist_end": 14700.0, "anomaly": false}, "geometry": {"type": "LineString", "coordinates": [[140.04497411848587, 35.67013035477], [140.045249744351, 35.67014394123385], [140.0455253702161, 35.67015752769771]]}}, {"type": "Feature", "properties": {"id": "京葉道路-下り-0-294", "route": "京葉道路", "direction": "下り", "from": "幕張IC", "to": "幕張PA", "grade": -0.33, "elevation_start": 11.0, "elevation_end": 10.8, "quality": "estimated", "structure": "bridge", "chain_rank": 0, "cum_dist_start": 14700.0, "cum_dist_end": 14750.0, "anomaly": false}, "geometry": {"type": "LineString", "coordinates": [[140.0455253702161, 35.67015752769771], [140.0458009960812, 35.67017111416156], [140.0460766219463, 35.67018470062542]]}}, {"type": "Feature", "properties": {"id": "京葉道路-下り-0-295", "route": "京葉道路", "direction": "下り", "from": "幕張IC", "to": "幕張PA", "grade": -0.33, "elevation_start": 10.8, "elevation_end": 10.6, "quality": "estimated", "structure": "bridge", "chain_rank": 0, "cum_dist_start": 14750.0, "cum_dist_end": 14800.0, "anomaly": false}, "geometry": {"type": "LineString", "coordinates": [[140.0460766219463, 35.67018470062542], [140.0463522478114, 35.67019828708928], [140.04662787367653, 35.67021187355313]]}}, {"type": "Feature", "properties": {"id": "京葉道路-下り-0-296", "route": "京葉道路", "direction": "下り", "from": "幕張IC", "to": "幕張PA", "grade": -0.33, "elevation_start": 10.6, "elevation_end": 10.5, "quality": "estimated", "structure": "bridge", "chain_rank": 0, "cum_dist_start": 14800.0, "cum_dist_end": 14850.0, "anomaly": false}, "geometry": {"type": "LineString", "coordinates": [[140.04662787367653, 35.67021187355313], [140.04690349954163, 35.67022546001699], [140.04717912540673, 35.67023904648084]]}}, {"type": "Feature", "properties": {"id": "京葉道路-下り-0-297", "route": "京葉道路", "direction": "下り", "from": "幕張IC", "to": "幕張PA", "grade": -0.33, "elevation_start": 10.5, "elevation_end": 10.3, "quality": "estimated", "structure": "bridge", "chain_rank": 0, "cum_dist_start": 14850.0, "cum_dist_end": 14900.0, "anomaly": false}, "geometry": {"type": "LineString", "coordinates": [[140.04717912540673, 35.67023904648084], [140.04745475127183, 35.670252632944695], [140.04773037713693, 35.670266219408546]]}}, {"type": "Feature", "properties": {"id": "京葉道路-下り-0-298", "route": "京葉道路", "direction": "下り", "from": "幕張IC", "to": "幕張PA", "grade": -0.33, "elevation_start": 10.3, "elevation_end": 10.1, "quality": "estimated", "structure": "bridge", "chain_rank": 0, "cum_dist_start": 14900.0, "cum_dist_end": 14950.0, "anomaly": false}, "geometry": {"type": "LineString", "coordinates": [[140.04773037713693, 35.670266219408546], [140.04800600300203, 35.670279805872404], [140.04828162886716, 35.67029339233626]]}}, {"type": "Feature", "properties": {"id": "京葉道路-下り-0-299", "route": "京葉道路", "direction": "下り", "from": "幕張IC", "to": "幕張PA", "grade": -0.33, "elevation_start": 10.1, "elevation_end": 10.0, "quality": "estimated", "structure": "bridge", "chain_rank": 0, "cum_dist_start": 14950.0, "cum_dist_end": 15000.0, "anomaly": false}, "geometry": {"type": "LineString", "coordinates": [[140.04828162886716, 35.67029339233626], [140.04855725473226, 35.67030697880011], [140.04883288059736, 35.67032056526397]]}}, {"type": "Feature", "properties": {"id": "京葉道路-下り-0-300", "route": "京葉道路", "direction": "下り", "from": "幕張IC", "to": "幕張PA", "grade": -0.33, "elevation_start": 10.0, "elevation_end": 9.8, "quality": "estimated", "structure": "bridge", "chain_rank": 0, "cum_dist_start": 15000.0, "cum_dist_end": 15050.0, "anomaly": false}, "geometry": {"type": "LineString", "coordinates": [[140.04883288059736, 35.67032056526397], [140.04910852374175, 35.67033392442133], [140.0493841674573, 35.67034727606497]]}}, {"type": "Feature", "properties": {"id": "京葉道路-下り-0-301", "route": "京葉道路", "direction": "下り", "from": "幕張IC", "to": "幕張PA", "grade": -0.33, "elevation_start": 9.8, "elevation_end": 9.6, "quality": "estimated", "structure": "normal", "chain_rank": 0, "cum_dist_start": 15050.0, "cum_dist_end": 15100.0, "anomaly": false}, "geometry": {"type": "LineString", "coordinates": [[140.0493841674573, 35.67034727606497], [140.04965981117283, 35.67036062770862], [140.04993545488838, 35.67037397935226]]}}, {"type": "Feature", "properties": {"id": "京葉道路-下り-0-302", "route": "京葉道路", "direction": "下り", "from": "幕張IC", "to": "幕張PA", "grade": -0.33, "elevation_start": 9.6, "elevation_end": 9.5, "quality": "estimated", "structure": "normal", "chain_rank": 0, "cum_dist_start": 15100.0, "cum_dist_end": 15150.0, "anomaly": false}, "geometry": {"type": "LineString", "coordinates": [[140.04993545488838, 35.67037397935226], [140.05021109860394, 35.67038733099591], [140.0504867423195, 35.67040068263956]]}}, {"type": "Feature", "properties": {"id": "京葉道路-下り-0-303", "route": "京葉道路", "direction": "下り", "from": "幕張IC", "to": "幕張PA", "grade": -0.56, "elevation_start": 9.5, "elevation_end": 9.2, "quality": "estimated", "structure": "normal", "chain_rank": 0, "cum_dist_start": 15150.0, "cum_dist_end": 15200.0, "anomaly": false}, "geometry": {"type": "LineString", "coordinates": [[140.0504867423195, 35.67040068263956], [140.05076249496875, 35.67041241024502], [140.05103828079922, 35.67042364316881]]}}, {"type": "Feature", "properties": {"id": "京葉道路-下り-0-304", "route": "京葉道路", "direction": "下り", "from": "幕張IC", "to": "幕張PA", "grade": -0.56, "elevation_start": 9.2, "elevation_end": 8.9, "quality": "measured", "structure": "normal", "chain_rank": 0, "cum_dist_start": 15200.0, "cum_dist_end": 15250.0, "anomaly": false}, "geometry": {"type": "LineString", "coordinates": [[140.05103828079922, 35.67042364316881], [140.05131406662966, 35.6704348760926], [140.0515898524601, 35.67044610901638]]}}, {"type": "Feature", "properties": {"id": "京葉道路-下り-0-305", "route": "京葉道路", "direction": "下り", "from": "幕張IC", "to": "幕張PA", "grade": -0.17, "elevation_start": 8.9, "elevation_end": 8.8, "quality": "measured", "structure": "normal", "chain_rank": 0, "cum_dist_start": 15250.0, "cum_dist_end": 15300.0, "anomaly": false}, "geometry": {"type": "LineString", "coordinates": [[140.0515898524601, 35.67044610901638], [140.05186563829054, 35.67045734194017], [140.0521413649428, 35.67046924833908]]}}, {"type": "Feature", "properties": {"id": "京葉道路-下り-0-306", "route": "京葉道路", "direction": "下り", "from": "幕張IC", "to": "幕張PA", "grade": 0.14, "elevation_start": 8.8, "elevation_end": 8.9, "quality": "measured", "structure": "normal", "chain_rank": 0, "cum_dist_start": 15300.0, "cum_dist_end": 15350.0, "anomaly": false}, "geometry": {"type": "LineString", "coordinates": [[140.0521413649428, 35.67046924833908], [140.0524162928883, 35.67049024438912], [140.0526912208338, 35.67051124043917]]}}, {"type": "Feature", "properties": {"id": "京葉道路-下り-0-307", "route": "京葉道路", "direction": "下り", "from": "幕張IC", "to": "幕張PA", "grade": 0.9, "elevation_start": 8.9, "elevation_end": 9.4, "quality": "measured", "structure": "normal", "chain_rank": 0, "cum_dist_start": 15350.0, "cum_dist_end": 15400.0, "anomaly": false}, "geometry": {"type": "LineString", "coordinates": [[140.0526912208338, 35.67051124043917], [140.05296658013572, 35.67052728376319], [140.05324238427636, 35.67053821956152]]}}, {"type": "Feature", "properties": {"id": "京葉道路-下り-0-308", "route": "京葉道路", "direction": "下り", "from": "幕張IC", "to": "幕張PA", "grade": 0.87, "elevation_start": 9.4, "elevation_end": 9.8, "quality": "measured", "structure": "normal", "chain_rank": 0, "cum_dist_start": 15400.0, "cum_dist_end": 15450.0, "anomaly": false}, "geometry": {"type": "LineString", "coordinates": [[140.05324238427636, 35.67053821956152], [140.05351818841697, 35.67054915535986], [140.0537939925576, 35.67056009115819]]}}, {"type": "Feature", "properties": {"id": "京葉道路-下り-0-309", "route": "京葉道路", "direction": "下り", "from": "幕張ＰＡ", "to": "武石IC", "grade": 0.75, "elevation_start": 9.8, "elevation_end": 10.2, "quality": "measured", "structure": "normal", "chain_rank": 0, "cum_dist_start": 15450.0, "cum_dist_end": 15500.0, "anomaly": false}, "geometry": {"type": "LineString", "coordinates": [[140.0537939925576, 35.67056009115819], [140.05406985254885, 35.670569840027866], [140.0543458727421, 35.670576184311514]]}}, {"type": "Feature", "properties": {"id": "京葉道路-下り-0-310", "route": "京葉道路", "direction": "下り", "from": "幕張ＰＡ", "to": "武石IC", "grade": 0.79, "elevation_start": 10.2, "elevation_end": 10.6, "quality": "measured", "structure": "normal", "chain_rank": 0, "cum_dist_start": 15500.0, "cum_dist_end": 15550.0, "anomaly": false}, "geometry": {"type": "LineString", "coordinates": [[140.0543458727421, 35.670576184311514], [140.0546218929353, 35.67058252859517], [140.05489791312854, 35.67058887287882]]}}, {"type": "Feature", "properties": {"id": "京葉道路-下り-0-311", "route": "京葉道路", "direction": "下り", "from": "幕張ＰＡ", "to": "武石IC", "grade": 0.68, "elevation_start": 10.6, "elevation_end": 10.9, "quality": "measured", "structure": "normal", "chain_rank": 0, "cum_dist_start": 15550.0, "cum_dist_end": 15600.0, "anomaly": false}, "geometry": {"type": "LineString", "coordinates": [[140.05489791312854, 35.67058887287882], [140.0551739751125, 35.67059382596121], [140.0554500451692, 35.67059851030397]]}}, {"type": "Feature", "properties": {"id": "京葉道路-下り-0-312", "route": "京葉道路", "direction": "下り", "from": "幕張ＰＡ", "to": "武石IC", "grade": 0.0, "elevation_start": 10.9, "elevation_end": 10.9, "quality": "measured", "structure": "normal", "chain_rank": 0, "cum_dist_start": 15600.0, "cum_dist_end": 15650.0, "anomaly": false}, "geometry": {"type": "LineString", "coordinates": [[140.0554500451692, 35.67059851030397], [140.05572611522592, 35.67060319464673], [140.0560022010582, 35.670603235027436]]}}, {"type": "Feature", "properties": {"id": "京葉道路-下り-0-313", "route": "京葉道路", "direction": "下り", "from": "幕張ＰＡ", "to": "武石IC", "grade": -0.41, "elevation_start": 10.9, "elevation_end": 10.7, "quality": "measured", "structure": "normal", "chain_rank": 0, "cum_dist_start": 15650.0, "cum_dist_end": 15700.0, "anomaly": false}, "geometry": {"type": "LineString", "coordinates": [[140.0560022010582, 35.670603235027436], [140.05627829869923, 35.67059979917783], [140.0565543963403, 35.67059636332822]]}}, {"type": "Feature", "properties": {"id": "京葉道路-下り-0-314", "route": "京葉道路", "direction": "下り", "from": "幕張ＰＡ", "to": "武石IC", "grade": -0.71, "elevation_start": 10.7, "elevation_end": 10.3, "quality": "measured", "structure": "normal", "chain_rank": 0, "cum_dist_start": 15700.0, "cum_dist_end": 15750.0, "anomaly": false}, "geometry": {"type": "LineString", "coordinates": [[140.0565543963403, 35.67059636332822], [140.05683034785363, 35.67058855770318], [140.05710626440577, 35.67057970660544]]}}, {"type": "Feature", "properties": {"id": "京葉道路-下り-0-315", "route": "京葉道路", "direction": "下り", "from": "幕張ＰＡ", "to": "武石IC", "grade": -0.75, "elevation_start": 10.3, "elevation_end": 10.0, "quality": "measured", "structure": "normal", "chain_rank": 0, "cum_dist_start": 15750.0, "cum_dist_end": 15800.0, "anomaly": false}, "geometry": {"type": "LineString", "coordinates": [[140.05710626440577, 35.67057970660544], [140.05738218095794, 35.6705708555077], [140.05765804745465, 35.670561050979664]]}}, {"type": "Feature", "properties": {"id": "京葉道路-下り-0-316", "route": "京葉道路", "direction": "下り", "from": "幕張ＰＡ", "to": "武石IC", "grade": -0.94, "elevation_start": 10.0, "elevation_end": 9.5, "quality": "measured", "structure": "normal", "chain_rank": 0, "cum_dist_start": 15800.0, "cum_dist_end": 15850.0, "anomaly": false}, "geometry": {"type": "LineString", "coordinates": [[140.05765804745465, 35.670561050979664], [140.05793388189426, 35.6705506358445], [140.05820963260942, 35.67053905664845]]}}, {"type": "Feature", "properties": {"id": "京葉道路-下り-0-317", "route": "京葉道路", "direction": "下り", "from": "幕張ＰＡ", "to": "武石IC", "grade": -0.77, "elevation_start": 9.5, "elevation_end": 9.1, "quality": "measured", "structure": "normal", "chain_rank": 0, "cum_dist_start": 15850.0, "cum_dist_end": 15900.0, "anomaly": false}, "geometry": {"type": "LineString", "coordinates": [[140.05820963260942, 35.67053905664845], [140.05848506691808, 35.67052307830333], [140.05876050122677, 35.67050709995821]]}}, {"type": "Feature", "properties": {"id": "京葉道路-下り-0-318", "route": "京葉道路", "direction": "下り", "from": "幕張ＰＡ", "to": "武石IC", "grade": -0.67, "elevation_start": 9.1, "elevation_end": 8.8, "quality": "measured", "structure": "normal", "chain_rank": 0, "cum_dist_start": 15900.0, "cum_dist_end": 15950.0, "anomaly": false}, "geometry": {"type": "LineString", "coordinates": [[140.05876050122677, 35.67050709995821], [140.0590357001637, 35.67048867696854], [140.0593108151713, 35.67046938226315]]}}, {"type": "Feature", "properties": {"id": "京葉道路-下り-0-319", "route": "京葉道路", "direction": "下り", "from": "幕張ＰＡ", "to": "武石IC", "grade": -0.67, "elevation_start": 8.8, "elevation_end": 8.4, "quality": "measured", "structure": "normal", "chain_rank": 0, "cum_dist_start": 15950.0, "cum_dist_end": 16000.0, "anomaly": false}, "geometry": {"type": "LineString", "coordinates": [[140.0593108151713, 35.67046938226315], [140.05958593017894, 35.67045008755777], [140.05986104518658, 35.670430792852386]]}}, {"type": "Feature", "properties": {"id": "京葉道路-下り-0-320", "route": "京葉道路", "direction": "下り", "from": "幕張ＰＡ", "to": "武石IC", "grade": 0.41, "elevation_start": 8.4, "elevation_end": 8.6, "quality": "measured", "structure": "normal", "chain_rank": 0, "cum_dist_start": 16000.0, "cum_dist_end": 16050.0, "anomaly": false}, "geometry": {"type": "LineString", "coordinates": [[140.05986104518658, 35.670430792852386], [140.06013469185157, 35.67040108279337], [140.06040799096985, 35.67036890749106]]}}, {"type": "Feature", "properties": {"id": "京葉道路-下り-0-321", "route": "京葉道路", "direction": "下り", "from": "幕張ＰＡ", "to": "武石IC", "grade": 1.86, "elevation_start": 8.6, "elevation_end": 9.6, "quality": "measured", "structure": "normal", "chain_rank": 0, "cum_dist_start": 16050.0, "cum_dist_end": 16100.0, "anomaly": false}, "geometry": {"type": "LineString", "coordinates": [[140.06040799096985, 35.67036890749106], [140.06068129008813, 35.67033673218875], [140.0609545892064, 35.67030455688644]]}}, {"type": "Feature", "properties": {"id": "京葉道路-下り-0-322", "route": "京葉道路", "direction": "下り", "from": "幕張ＰＡ", "to": "武石IC", "grade": 3.15, "elevation_start": 9.6, "elevation_end": 11.1, "quality": "measured", "structure": "normal", "chain_rank": 0, "cum_dist_start": 16100.0, "cum_dist_end": 16150.0, "anomaly": false}, "geometry": {"type": "LineString", "coordinates": [[140.0609545892064, 35.67030455688644], [140.06122800249875, 35.67027303989922], [140.06150148604863, 35.67024192800915]]}}, {"type": "Feature", "properties": {"id": "京葉道路-下り-0-323", "route": "京葉道路", "direction": "下り", "from": "幕張ＰＡ", "to": "武石IC", "grade": 2.95, "elevation_start": 11.1, "elevation_end": 12.6, "quality": "measured", "structure": "normal", "chain_rank": 0, "cum_dist_start": 16150.0, "cum_dist_end": 16200.0, "anomaly": false}, "geometry": {"type": "LineString", "coordinates": [[140.06150148604863, 35.67024192800915], [140.0617749695985, 35.670210816119074], [140.0620483983338, 35.6701794239322]]}}, {"type": "Feature", "properties": {"id": "京葉道路-下り-0-324", "route": "京葉道路", "direction": "下り", "from": "幕張ＰＡ", "to": "武石IC", "grade": 1.99, "elevation_start": 12.6, "elevation_end": 13.6, "quality": "measured", "structure": "normal", "chain_rank": 0, "cum_dist_start": 16200.0, "cum_dist_end": 16250.0, "anomaly": false}, "geometry": {"type": "LineString", "coordinates": [[140.0620483983338, 35.6701794239322], [140.06232016925523, 35.67013955444305], [140.06259194017667, 35.6700996849539]]}}, {"type": "Feature", "properties": {"id": "京葉道路-下り-0-325", "route": "京葉道路", "direction": "下り", "from": "幕張ＰＡ", "to": "武石IC", "grade": 1.14, "elevation_start": 13.6, "elevation_end": 14.2, "quality": "measured", "structure": "normal", "chain_rank": 0, "cum_dist_start": 16250.0, "cum_dist_end": 16300.0, "anomaly": false}, "geometry": {"type": "LineString", "coordinates": [[140.06259194017667, 35.6700996849539], [140.0628637110981, 35.67005981546475], [140.06313521823972, 35.670018828767866]]}}, {"type": "Feature", "properties": {"id": "京葉道路-下り-0-326", "route": "京葉道路", "direction": "下り", "from": "幕張ＰＡ", "to": "武石IC", "grade": 0.59, "elevation_start": 14.2, "elevation_end": 14.5, "quality": "estimated", "structure": "normal", "chain_rank": 0, "cum_dist_start": 16300.0, "cum_dist_end": 16350.0, "anomaly": false}, "geometry": {"type": "LineString", "coordinates": [[140.06313521823972, 35.670018828767866], [140.0634056993972, 35.669973496638505], [140.06367618055472, 35.669928164509145]]}}, {"type": "Feature", "properties": {"id": "京葉道路-下り-0-327", "route": "京葉道路", "direction": "下り", "from": "幕張ＰＡ", "to": "武石IC", "grade": 0.11, "elevation_start": 14.5, "elevation_end": 14.5, "quality": "estimated", "structure": "normal", "chain_rank": 0, "cum_dist_start": 16350.0, "cum_dist_end": 16400.0, "anomaly": false}, "geometry": {"type": "LineString", "coordinates": [[140.06367618055472, 35.669928164509145], [140.0639466617122, 35.669882832379784], [140.0642171428697, 35.66983750025042]]}}, {"type": "Feature", "properties": {"id": "京葉道路-下り-0-328", "route": "京葉道路", "direction": "下り", "from": "武石IC", "to": "宮野木JCT", "grade": 0.11, "elevation_start": 14.5, "elevation_end": 14.6, "quality": "estimated", "structure": "normal", "chain_rank": 0, "cum_dist_start": 16400.0, "cum_dist_end": 16450.0, "anomaly": false}, "geometry": {"type": "LineString", "coordinates": [[140.0642171428697, 35.66983750025042], [140.0644876240272, 35.66979216812106], [140.06475784973625, 35.66974590605549]]}}, {"type": "Feature", "properties": {"id": "京葉道路-下り-0-329", "route": "京葉道路", "direction": "下り", "from": "武石IC", "to": "宮野木JCT", "grade": 0.11, "elevation_start": 14.6, "elevation_end": 14.6, "quality": "estimated", "structure": "bridge", "chain_rank": 0, "cum_dist_start": 16450.0, "cum_dist_end": 16500.0, "anomaly": false}, "geometry": {"type": "LineString", "coordinates": [[140.06475784973625, 35.66974590605549], [140.06502617205635, 35.669692714879986], [140.06529397828925, 35.669637893627694]]}}, {"type": "Feature", "properties": {"id": "京葉道路-下り-0-330", "route": "京葉道路", "direction": "下り", "from": "武石IC", "to": "宮野木JCT", "grade": 0.11, "elevation_start": 14.6, "elevation_end": 14.7, "quality": "estimated", "structure": "bridge", "chain_rank": 0, "cum_dist_start": 16500.0, "cum_dist_end": 16550.0, "anomaly": false}, "geometry": {"type": "LineString", "coordinates": [[140.06529397828925, 35.669637893627694], [140.065560307963, 35.66957840861936], [140.06582663763677, 35.66951892361102]]}}, {"type": "Feature", "properties": {"id": "京葉道路-下り-0-331", "route": "京葉道路", "direction": "下り", "from": "武石IC", "to": "宮野木JCT", "grade": 0.11, "elevation_start": 14.7, "elevation_end": 14.7, "quality": "estimated", "structure": "bridge", "chain_rank": 0, "cum_dist_start": 16550.0, "cum_dist_end": 16600.0, "anomaly": false}, "geometry": {"type": "LineString", "coordinates": [[140.06582663763677, 35.66951892361102], [140.06609296731057, 35.669459438602686], [140.06635929698433, 35.66939995359436]]}}, {"type": "Feature", "properties": {"id": "京葉道路-下り-0-332", "route": "京葉道路", "direction": "下り", "from": "武石IC", "to": "宮野木JCT", "grade": 0.11, "elevation_start": 14.7, "elevation_end": 14.8, "quality": "estimated", "structure": "bridge", "chain_rank": 0, "cum_dist_start": 16600.0, "cum_dist_end": 16650.0, "anomaly": false}, "geometry": {"type": "LineString", "coordinates": [[140.06635929698433, 35.66939995359436], [140.06662498848453, 35.66933864636705], [140.066889640766, 35.669274371790095]]}}, {"type": "Feature", "properties": {"id": "京葉道路-下り-0-333", "route": "京葉道路", "direction": "下り", "from": "武石IC", "to": "宮野木JCT", "grade": 0.11, "elevation_start": 14.8, "elevation_end": 14.8, "quality": "estimated", "structure": "bridge", "chain_rank": 0, "cum_dist_start": 16650.0, "cum_dist_end": 16700.0, "anomaly": false}, "geometry": {"type": "LineString", "coordinates": [[140.066889640766, 35.669274371790095], [140.06715429304748, 35.66921009721313], [140.06741894532894, 35.66914582263617]]}}, {"type": "Feature", "properties": {"id": "京葉道路-下り-0-334", "route": "京葉道路", "direction": "下り", "from": "武石IC", "to": "宮野木JCT", "grade": 0.11, "elevation_start": 14.8, "elevation_end": 14.9, "quality": "estimated", "structure": "bridge", "chain_rank": 0, "cum_dist_start": 16700.0, "cum_dist_end": 16750.0, "anomaly": false}, "geometry": {"type": "LineString", "coordinates": [[140.06741894532894, 35.66914582263617], [140.06768172002353, 35.66907674200442], [140.06794314138577, 35.66900419725109]]}}, {"type": "Feature", "properties": {"id": "京葉道路-下り-0-335", "route": "京葉道路", "direction": "下り", "from": "武石IC", "to": "宮野木JCT", "grade": 0.11, "elevation_start": 14.9, "elevation_end": 15.0, "quality": "estimated", "structure": "bridge", "chain_rank": 0, "cum_dist_start": 16750.0, "cum_dist_end": 16800.0, "anomaly": false}, "geometry": {"type": "LineString", "coordinates": [[140.06794314138577, 35.66900419725109], [140.068204562748, 35.668931652497754], [140.0684655767029, 35.66885814491102]]}}, {"type": "Feature", "properties": {"id": "京葉道路-下り-0-336", "route": "京葉道路", "direction": "下り", "from": "武石IC", "to": "宮野木JCT", "grade": 0.11, "elevation_start": 15.0, "elevation_end": 15.0, "quality": "estimated", "structure": "bridge", "chain_rank": 0, "cum_dist_start": 16800.0, "cum_dist_end": 16850.0, "anomaly": false}, "geometry": {"type": "LineString", "coordinates": [[140.0684655767029, 35.66885814491102], [140.0687261724885, 35.668783651571715], [140.0689847133198, 35.668704533713196]]}}, {"type": "Feature", "properties": {"id": "京葉道路-下り-0-337", "route": "京葉道路", "direction": "下り", "from": "武石IC", "to": "宮野木JCT", "grade": 0.11, "elevation_start": 15.0, "elevation_end": 15.1, "quality": "estimated", "structure": "bridge", "chain_rank": 0, "cum_dist_start": 16850.0, "cum_dist_end": 16900.0, "anomaly": false}, "geometry": {"type": "LineString", "coordinates": [[140.0689847133198, 35.668704533713196], [140.06924325415105, 35.66862541585467], [140.06950179498233, 35.66854629799615]]}}, {"type": "Feature", "properties": {"id": "京葉道路-下り-0-338", "route": "京葉道路", "direction": "下り", "from": "武石IC", "to": "宮野木JCT", "grade": 0.11, "elevation_start": 15.1, "elevation_end": 15.1, "quality": "estimated", "structure": "bridge", "chain_rank": 0, "cum_dist_start": 16900.0, "cum_dist_end": 16950.0, "anomaly": false}, "geometry": {"type": "LineString", "coordinates": [[140.06950179498233, 35.66854629799615], [140.06976033581358, 35.668467180137625], [140.07001748216646, 35.66838511355977]]}}, {"type": "Feature", "properties": {"id": "京葉道路-下り-0-339", "route": "京葉道路", "direction": "下り", "from": "武石IC", "to": "宮野木JCT", "grade": 0.11, "elevation_start": 15.1, "elevation_end": 15.2, "quality": "estimated", "structure": "bridge", "chain_rank": 0, "cum_dist_start": 16950.0, "cum_dist_end": 17000.0, "anomaly": false}, "geometry": {"type": "LineString", "coordinates": [[140.07001748216646, 35.66838511355977], [140.07027416053336, 35.668302057393774], [140.0705295082096, 35.66821633141049]]}}, {"type": "Feature", "properties": {"id": "京葉道路-下り-0-340", "route": "京葉道路", "direction": "下り", "from": "武石IC", "to": "宮野木JCT", "grade": 0.11, "elevation_start": 15.2, "elevation_end": 15.2, "quality": "estimated", "structure": "bridge", "chain_rank": 0, "cum_dist_start": 17000.0, "cum_dist_end": 17050.0, "anomaly": false}, "geometry": {"type": "LineString", "coordinates": [[140.0705295082096, 35.66821633141049], [140.0707843835703, 35.66812965780194], [140.07103848354595, 35.66804148731184]]}}, {"type": "Feature", "properties": {"id": "京葉道路-下り-0-341", "route": "京葉道路", "direction": "下り", "from": "武石IC", "to": "宮野木JCT", "grade": 0.11, "elevation_start": 15.2, "elevation_end": 15.3, "quality": "estimated", "structure": "bridge", "chain_rank": 0, "cum_dist_start": 17050.0, "cum_dist_end": 17100.0, "anomaly": false}, "geometry": {"type": "LineString", "coordinates": [[140.07103848354595, 35.66804148731184], [140.07129225966213, 35.6679526951888], [140.0715438327686, 35.66785982103176]]}}, {"type": "Feature", "properties": {"id": "京葉道路-下り-0-342", "route": "京葉道路", "direction": "下り", "from": "武石IC", "to": "宮野木JCT", "grade": 0.11, "elevation_start": 15.3, "elevation_end": 15.3, "quality": "estimated", "structure": "normal", "chain_rank": 0, "cum_dist_start": 17100.0, "cum_dist_end": 17150.0, "anomaly": false}, "geometry": {"type": "LineString", "coordinates": [[140.0715438327686, 35.66785982103176], [140.07179540587506, 35.66776694687473], [140.07204555765293, 35.66767155785165]]}}, {"type": "Feature", "properties": {"id": "京葉道路-下り-0-343", "route": "京葉道路", "direction": "下り", "from": "武石IC", "to": "宮野木JCT", "grade": 0.11, "elevation_start": 15.3, "elevation_end": 15.4, "quality": "estimated", "structure": "normal", "chain_rank": 0, "cum_dist_start": 17150.0, "cum_dist_end": 17200.0, "anomaly": false}, "geometry": {"type": "LineString", "coordinates": [[140.07204555765293, 35.66767155785165], [140.0722955155742, 35.66757582582319], [140.0725454734955, 35.667480093794744]]}}, {"type": "Feature", "properties": {"id": "京葉道路-下り-0-344", "route": "京葉道路", "direction": "下り", "from": "武石IC", "to": "宮野木JCT", "grade": 0.14, "elevation_start": 15.4, "elevation_end": 15.4, "quality": "estimated", "structure": "normal", "chain_rank": 0, "cum_dist_start": 17200.0, "cum_dist_end": 17250.0, "anomaly": false}, "geometry": {"type": "LineString", "coordinates": [[140.0725454734955, 35.667480093794744], [140.07279543141675, 35.66738436176629], [140.07304538933803, 35.66728862973784]]}}, {"type": "Feature", "properties": {"id": "京葉道路-下り-0-345", "route": "京葉道路", "direction": "下り", "from": "武石IC", "to": "宮野木JCT", "grade": 0.28, "elevation_start": 15.4, "elevation_end": 15.6, "quality": "measured", "structure": "normal", "chain_rank": 0, "cum_dist_start": 17250.0, "cum_dist_end": 17300.0, "anomaly": false}, "geometry": {"type": "LineString", "coordinates": [[140.07304538933803, 35.66728862973784], [140.07329534725932, 35.667192897709384], [140.0735448690438, 35.66709641509794]]}}, {"type": "Feature", "properties": {"id": "京葉道路-下り-0-346", "route": "京葉道路", "direction": "下り", "from": "武石IC", "to": "宮野木JCT", "grade": 0.27, "elevation_start": 15.6, "elevation_end": 15.7, "quality": "measured", "structure": "normal", "chain_rank": 0, "cum_dist_start": 17300.0, "cum_dist_end": 17350.0, "anomaly": false}, "geometry": {"type": "LineString", "coordinates": [[140.0735448690438, 35.66709641509794], [140.07379423418212, 35.666999662901574], [140.07404359932045, 35.666902910705204]]}}, {"type": "Feature", "properties": {"id": "京葉道路-下り-0-347", "route": "京葉道路", "direction": "下り", "from": "武石IC", "to": "宮野木JCT", "grade": 0.0, "elevation_start": 15.7, "elevation_end": 15.7, "quality": "measured", "structure": "normal", "chain_rank": 0, "cum_dist_start": 17350.0, "cum_dist_end": 17400.0, "anomaly": false}, "geometry": {"type": "LineString", "coordinates": [[140.07404359932045, 35.666902910705204], [140.0742929644588, 35.66680615850884], [140.07454232959714, 35.66670940631247]]}}, {"type": "Feature", "properties": {"id": "京葉道路-下り-0-348", "route": "京葉道路", "direction": "下り", "from": "武石IC", "to": "宮野木JCT", "grade": -0.26, "elevation_start": 15.7, "elevation_end": 15.6, "quality": "measured", "structure": "normal", "chain_rank": 0, "cum_dist_start": 17400.0, "cum_dist_end": 17450.0, "anomaly": false}, "geometry": {"type": "LineString", "coordinates": [[140.07454232959714, 35.66670940631247], [140.07479169473547, 35.66661265411611], [140.07504105987383, 35.66651590191974]]}}, {"type": "Feature", "properties": {"id": "京葉道路-下り-0-349", "route": "京葉道路", "direction": "下り", "from": "武石IC", "to": "宮野木JCT", "grade": -0.88, "elevation_start": 15.6, "elevation_end": 15.2, "quality": "measured", "structure": "normal", "chain_rank": 0, "cum_dist_start": 17450.0, "cum_dist_end": 17500.0, "anomaly": false}, "geometry": {"type": "LineString", "coordinates": [[140.07504105987383, 35.66651590191974], [140.07529042501216, 35.666419149723374], [140.0755398113246, 35.66632243428057]]}}, {"type": "Feature", "properties": {"id": "京葉道路-下り-0-350", "route": "京葉道路", "direction": "下り", "from": "武石IC", "to": "宮野木JCT", "grade": -0.9, "elevation_start": 15.2, "elevation_end": 14.7, "quality": "measured", "structure": "normal", "chain_rank": 0, "cum_dist_start": 17500.0, "cum_dist_end": 17550.0, "anomaly": false}, "geometry": {"type": "LineString", "coordinates": [[140.0755398113246, 35.66632243428057], [140.07578947326107, 35.66622619726022], [140.0760391351975, 35.66612996023987]]}}, {"type": "Feature", "properties": {"id": "京葉道路-下り-0-351", "route": "京葉道路", "direction": "下り", "from": "武石IC", "to": "宮野木JCT", "grade": -0.82, "elevation_start": 14.7, "elevation_end": 14.3, "quality": "measured", "structure": "normal", "chain_rank": 0, "cum_dist_start": 17550.0, "cum_dist_end": 17600.0, "anomaly": false}, "geometry": {"type": "LineString", "coordinates": [[140.0760391351975, 35.66612996023987], [140.07628879713397, 35.66603372321952], [140.0765384590704, 35.66593748619917]]}}, {"type": "Feature", "properties": {"id": "京葉道路-下り-0-352", "route": "京葉道路", "direction": "下り", "from": "武石IC", "to": "宮野木JCT", "grade": -14.14, "elevation_start": 14.3, "elevation_end": 7.2, "quality": "estimated", "structure": "normal", "chain_rank": 0, "cum_dist_start": 17600.0, "cum_dist_end": 17650.0, "anomaly": true}, "geometry": {"type": "LineString", "coordinates": [[140.0765384590704, 35.66593748619917], [140.07678812100687, 35.66584124917882], [140.07703778294334, 35.66574501215847]]}}, {"type": "Feature", "properties": {"id": "京葉道路-下り-0-353", "route": "京葉道路", "direction": "下り", "from": "武石IC", "to": "宮野木JCT", "grade": 13.77, "elevation_start": 7.2, "elevation_end": 14.1, "quality": "estimated", "structure": "normal", "chain_rank": 0, "cum_dist_start": 17650.0, "cum_dist_end": 17700.0, "anomaly": true}, "geometry": {"type": "LineString", "coordinates": [[140.07703778294334, 35.66574501215847], [140.07728744487977, 35.66564877513812], [140.07753653841888, 35.66555156726654]]}}, {"type": "Feature", "properties": {"id": "京葉道路-下り-0-354", "route": "京葉道路", "direction": "下り", "from": "武石IC", "to": "宮野木JCT", "grade": 0.44, "elevation_start": 14.1, "elevation_end": 14.3, "quality": "measured", "structure": "normal", "chain_rank": 0, "cum_dist_start": 17700.0, "cum_dist_end": 17750.0, "anomaly": false}, "geometry": {"type": "LineString", "coordinates": [[140.07753653841888, 35.66555156726654], [140.07778547451272, 35.665454090470504], [140.07803441060653, 35.66535661367446]]}}, {"type": "Feature", "properties": {"id": "京葉道路-下り-0-355", "route": "京葉道路", "direction": "下り", "from": "武石IC", "to": "宮野木JCT", "grade": 0.5, "elevation_start": 14.3, "elevation_end": 14.6, "quality": "measured", "structure": "normal", "chain_rank": 0, "cum_dist_start": 17750.0, "cum_dist_end": 17800.0, "anomaly": false}, "geometry": {"type": "LineString", "coordinates": [[140.07803441060653, 35.66535661367446], [140.07828334670037, 35.665259136878426], [140.0785322827942, 35.66516166008238]]}}, {"type": "Feature", "properties": {"id": "京葉道路-下り-0-356", "route": "京葉道路", "direction": "下り", "from": "武石IC", "to": "宮野木JCT", "grade": 0.85, "elevation_start": 14.6, "elevation_end": 15.0, "quality": "measured", "structure": "normal", "chain_rank": 0, "cum_dist_start": 17800.0, "cum_dist_end": 17850.0, "anomaly": false}, "geometry": {"type": "LineString", "coordinates": [[140.0785322827942, 35.66516166008238], [140.07878121888803, 35.66506418328635], [140.07903015498187, 35.66496670649031]]}}, {"type": "Feature", "properties": {"id": "京葉道路-下り-0-357", "route": "京葉道路", "direction": "下り", "from": "武石IC", "to": "宮野木JCT", "grade": 0.64, "elevation_start": 15.0, "elevation_end": 15.3, "quality": "measured", "structure": "normal", "chain_rank": 0, "cum_dist_start": 17850.0, "cum_dist_end": 17900.0, "anomaly": false}, "geometry": {"type": "LineString", "coordinates": [[140.07903015498187, 35.66496670649031], [140.07927909107568, 35.66486922969427], [140.07952802716952, 35.66477175289823]]}}, {"type": "Feature", "properties": {"id": "京葉道路-下り-0-358", "route": "京葉道路", "direction": "下り", "from": "武石IC", "to": "宮野木JCT", "grade": 0.59, "elevation_start": 15.3, "elevation_end": 15.6, "quality": "measured", "structure": "normal", "chain_rank": 0, "cum_dist_start": 17900.0, "cum_dist_end": 17950.0, "anomaly": false}, "geometry": {"type": "LineString", "coordinates": [[140.07952802716952, 35.66477175289823], [140.07977723553662, 35.66467474753923], [140.08002766906225, 35.66457986352344]]}}, {"type": "Feature", "properties": {"id": "京葉道路-下り-0-359", "route": "京葉道路", "direction": "下り", "from": "武石IC", "to": "宮野木JCT", "grade": 0.46, "elevation_start": 15.6, "elevation_end": 15.8, "quality": "measured", "structure": "normal", "chain_rank": 0, "cum_dist_start": 17950.0, "cum_dist_end": 18000.0, "anomaly": false}, "geometry": {"type": "LineString", "coordinates": [[140.08002766906225, 35.66457986352344], [140.08027810258784, 35.664484979507655], [140.08052853611346, 35.66439009549187]]}}, {"type": "Feature", "properties": {"id": "京葉道路-下り-0-360", "route": "京葉道路", "direction": "下り", "from": "武石IC", "to": "宮野木JCT", "grade": 0.69, "elevation_start": 15.8, "elevation_end": 16.2, "quality": "measured", "structure": "normal", "chain_rank": 0, "cum_dist_start": 18000.0, "cum_dist_end": 18050.0, "anomaly": false}, "geometry": {"type": "LineString", "coordinates": [[140.08052853611346, 35.66439009549187], [140.08077896963906, 35.66429521147608], [140.08102940316468, 35.66420032746029]]}}, {"type": "Feature", "properties": {"id": "京葉道路-下り-0-361", "route": "京葉道路", "direction": "下り", "from": "武石IC", "to": "宮野木JCT", "grade": 0.55, "elevation_start": 16.2, "elevation_end": 16.5, "quality": "measured", "structure": "normal", "chain_rank": 0, "cum_dist_start": 18050.0, "cum_dist_end": 18100.0, "anomaly": false}, "geometry": {"type": "LineString", "coordinates": [[140.08102940316468, 35.66420032746029], [140.08128017608655, 35.66410604909328], [140.08153184078648, 35.66401336209414]]}}, {"type": "Feature", "properties": {"id": "京葉道路-下り-0-362", "route": "京葉道路", "direction": "下り", "from": "武石IC", "to": "宮野木JCT", "grade": 0.57, "elevation_start": 16.5, "elevation_end": 16.8, "quality": "measured", "structure": "normal", "chain_rank": 0, "cum_dist_start": 18100.0, "cum_dist_end": 18150.0, "anomaly": false}, "geometry": {"type": "LineString", "coordinates": [[140.08153184078648, 35.66401336209414], [140.0817835054864, 35.663920675095], [140.08203694839344, 35.66383132142965]]}}, {"type": "Feature", "properties": {"id": "京葉道路-下り-0-363", "route": "京葉道路", "direction": "下り", "from": "武石IC", "to": "宮野木JCT", "grade": 0.47, "elevation_start": 16.8, "elevation_end": 17.0, "quality": "measured", "structure": "normal", "chain_rank": 0, "cum_dist_start": 18150.0, "cum_dist_end": 18200.0, "anomaly": false}, "geometry": {"type": "LineString", "coordinates": [[140.08203694839344, 35.66383132142965], [140.08229153475827, 35.663744111230315], [140.08254649193893, 35.66365763454003]]}}, {"type": "Feature", "properties": {"id": "京葉道路-下り-0-364", "route": "京葉道路", "direction": "下り", "from": "武石IC", "to": "宮野木JCT", "grade": 0.59, "elevation_start": 17.0, "elevation_end": 17.3, "quality": "measured", "structure": "normal", "chain_rank": 0, "cum_dist_start": 18200.0, "cum_dist_end": 18250.0, "anomaly": false}, "geometry": {"type": "LineString", "coordinates": [[140.08254649193893, 35.66365763454003], [140.0828023366781, 35.663572913524966], [140.08305833361388, 35.66348850580287]]}}, {"type": "Feature", "properties": {"id": "京葉道路-下り-0-365", "route": "京葉道路", "direction": "下り", "from": "武石IC", "to": "宮野木JCT", "grade": 0.0, "elevation_start": 17.3, "elevation_end": 17.3, "quality": "measured", "structure": "normal", "chain_rank": 0, "cum_dist_start": 18250.0, "cum_dist_end": 18300.0, "anomaly": false}, "geometry": {"type": "LineString", "coordinates": [[140.08305833361388, 35.66348850580287], [140.08331578862726, 35.66340709949655], [140.08357324364064, 35.66332569319024]]}}, {"type": "Feature", "properties": {"id": "京葉道路-下り-0-366", "route": "京葉道路", "direction": "下り", "from": "武石IC", "to": "宮野木JCT", "grade": -0.85, "elevation_start": 17.3, "elevation_end": 16.8, "quality": "measured", "structure": "normal", "chain_rank": 0, "cum_dist_start": 18300.0, "cum_dist_end": 18350.0, "anomaly": false}, "geometry": {"type": "LineString", "coordinates": [[140.08357324364064, 35.66332569319024], [140.08383310402075, 35.66324960638638], [140.0840936323734, 35.66317499681319]]}}, {"type": "Feature", "properties": {"id": "京葉道路-下り-0-367", "route": "京葉道路", "direction": "下り", "from": "武石IC", "to": "宮野木JCT", "grade": -0.95, "elevation_start": 16.8, "elevation_end": 16.4, "quality": "measured", "structure": "normal", "chain_rank": 0, "cum_dist_start": 18350.0, "cum_dist_end": 18400.0, "anomaly": false}, "geometry": {"type": "LineString", "coordinates": [[140.0840936323734, 35.66317499681319], [140.08435451943154, 35.66310124668881], [140.08461666852259, 35.663030520361595]]}}, {"type": "Feature", "properties": {"id": "京葉道路-下り-0-368", "route": "京葉道路", "direction": "下り", "from": "武石IC", "to": "宮野木JCT", "grade": -1.52, "elevation_start": 16.4, "elevation_end": 15.6, "quality": "measured", "structure": "normal", "chain_rank": 0, "cum_dist_start": 18400.0, "cum_dist_end": 18450.0, "anomaly": false}, "geometry": {"type": "LineString", "coordinates": [[140.08461666852259, 35.663030520361595], [140.08487881761366, 35.662959794034386], [140.08514224004674, 35.66289234138172]]}}, {"type": "Feature", "properties": {"id": "京葉道路-下り-0-369", "route": "京葉道路", "direction": "下り", "from": "武石IC", "to": "宮野木JCT", "grade": -1.57, "elevation_start": 15.6, "elevation_end": 14.8, "quality": "measured", "structure": "normal", "chain_rank": 0, "cum_dist_start": 18450.0, "cum_dist_end": 18500.0, "anomaly": false}, "geometry": {"type": "LineString", "coordinates": [[140.08514224004674, 35.66289234138172], [140.08540636704842, 35.66282670012629], [140.08567052458855, 35.66276114389998]]}}, {"type": "Feature", "properties": {"id": "京葉道路-下り-0-370", "route": "京葉道路", "direction": "下り", "from": "武石IC", "to": "宮野木JCT", "grade": -1.22, "elevation_start": 14.8, "elevation_end": 14.2, "quality": "measured", "structure": "normal", "chain_rank": 0, "cum_dist_start": 18500.0, "cum_dist_end": 18550.0, "anomaly": false}, "geometry": {"type": "LineString", "coordinates": [[140.08567052458855, 35.66276114389998], [140.0859362667171, 35.6626999996934], [140.0862020088457, 35.66263885548683]]}}, {"type": "Feature", "properties": {"id": "京葉道路-下り-0-371", "route": "京葉道路", "direction": "下り", "from": "武石IC", "to": "宮野木JCT", "grade": -1.14, "elevation_start": 14.2, "elevation_end": 13.7, "quality": "measured", "structure": "normal", "chain_rank": 0, "cum_dist_start": 18550.0, "cum_dist_end": 18600.0, "anomaly": false}, "geometry": {"type": "LineString", "coordinates": [[140.0862020088457, 35.66263885548683], [140.08646775097426, 35.66257771128026], [140.08673531743034, 35.662522132874265]]}}, {"type": "Feature", "properties": {"id": "京葉道路-下り-0-372", "route": "京葉道路", "direction": "下り", "from": "武石IC", "to": "宮野木JCT", "grade": -0.08, "elevation_start": 13.7, "elevation_end": 13.6, "quality": "measured", "structure": "normal", "chain_rank": 0, "cum_dist_start": 18600.0, "cum_dist_end": 18650.0, "anomaly": false}, "geometry": {"type": "LineString", "coordinates": [[140.08673531743034, 35.662522132874265], [140.0870029652736, 35.66246680277066], [140.08727061311689, 35.66241147266705]]}}, {"type": "Feature", "properties": {"id": "京葉道路-下り-0-373", "route": "京葉道路", "direction": "下り", "from": "武石IC", "to": "宮野木JCT", "grade": 0.17, "elevation_start": 13.6, "elevation_end": 13.7, "quality": "measured", "structure": "normal", "chain_rank": 0, "cum_dist_start": 18650.0, "cum_dist_end": 18700.0, "anomaly": false}, "geometry": {"type": "LineString", "coordinates": [[140.08727061311689, 35.66241147266705], [140.08753875658067, 35.662357809775656], [140.08780770670666, 35.66230686040586]]}}, {"type": "Feature", "properties": {"id": "京葉道路-下り-0-374", "route": "京葉道路", "direction": "下り", "from": "武石IC", "to": "宮野木JCT", "grade": 1.06, "elevation_start": 13.7, "elevation_end": 14.2, "quality": "measured", "structure": "normal", "chain_rank": 0, "cum_dist_start": 18700.0, "cum_dist_end": 18750.0, "anomaly": false}, "geometry": {"type": "LineString", "coordinates": [[140.08780770670666, 35.66230686040586], [140.088076773018, 35.66225634425221], [140.08834720713105, 35.66221092817125]]}}, {"type": "Feature", "properties": {"id": "京葉道路-下り-0-375", "route": "京葉道路", "direction": "下り", "from": "武石IC", "to": "宮野木JCT", "grade": 1.59, "elevation_start": 14.2, "elevation_end": 15.0, "quality": "measured", "structure": "normal", "chain_rank": 0, "cum_dist_start": 18750.0, "cum_dist_end": 18800.0, "anomaly": false}, "geometry": {"type": "LineString", "coordinates": [[140.08834720713105, 35.66221092817125], [140.08861764124407, 35.66216551209028], [140.08888872892342, 35.66212279294957]]}}, {"type": "Feature", "properties": {"id": "京葉道路-下り-0-376", "route": "京葉道路", "direction": "下り", "from": "武石IC", "to": "宮野木JCT", "grade": 2.34, "elevation_start": 15.0, "elevation_end": 16.2, "quality": "measured", "structure": "normal", "chain_rank": 0, "cum_dist_start": 18800.0, "cum_dist_end": 18850.0, "anomaly": false}, "geometry": {"type": "LineString", "coordinates": [[140.08888872892342, 35.66212279294957], [140.08915998064413, 35.66208075072516], [140.0894321688976, 35.6620430006393]]}}, {"type": "Feature", "properties": {"id": "京葉道路-下り-0-377", "route": "京葉道路", "direction": "下り", "from": "武石IC", "to": "宮野木JCT", "grade": 2.67, "elevation_start": 16.2, "elevation_end": 17.5, "quality": "measured", "structure": "normal", "chain_rank": 0, "cum_dist_start": 18850.0, "cum_dist_end": 18900.0, "anomaly": false}, "geometry": {"type": "LineString", "coordinates": [[140.0894321688976, 35.6620430006393], [140.08970452843494, 35.66200603651522], [140.08997768428537, 35.66197322029043]]}}, {"type": "Feature", "properties": {"id": "京葉道路-下り-0-378", "route": "京葉道路", "direction": "下り", "from": "武石IC", "to": "宮野木JCT", "grade": 2.2, "elevation_start": 17.5, "elevation_end": 18.6, "quality": "measured", "structure": "normal", "chain_rank": 0, "cum_dist_start": 18900.0, "cum_dist_end": 18950.0, "anomaly": false}, "geometry": {"type": "LineString", "coordinates": [[140.08997768428537, 35.66197322029043], [140.0902508401358, 35.66194040406563], [140.09052399598625, 35.66190758784084]]}}, {"type": "Feature", "properties": {"id": "京葉道路-下り-0-379", "route": "京葉道路", "direction": "下り", "from": "武石IC", "to": "宮野木JCT", "grade": 1.62, "elevation_start": 18.6, "elevation_end": 19.4, "quality": "measured", "structure": "normal", "chain_rank": 0, "cum_dist_start": 18950.0, "cum_dist_end": 19000.0, "anomaly": false}, "geometry": {"type": "LineString", "coordinates": [[140.09052399598625, 35.66190758784084], [140.09079715183668, 35.66187477161605], [140.09107030768712, 35.66184195539125]]}}, {"type": "Feature", "properties": {"id": "京葉道路-下り-0-380", "route": "京葉道路", "direction": "下り", "from": "武石IC", "to": "宮野木JCT", "grade": 1.15, "elevation_start": 19.4, "elevation_end": 20.0, "quality": "measured", "structure": "normal", "chain_rank": 0, "cum_dist_start": 19000.0, "cum_dist_end": 19050.0, "anomaly": false}, "geometry": {"type": "LineString", "coordinates": [[140.09107030768712, 35.66184195539125], [140.09134346353756, 35.66180913916646], [140.0916169354431, 35.66177813977822]]}}, {"type": "Feature", "properties": {"id": "京葉道路-下り-0-381", "route": "京葉道路", "direction": "下り", "from": "武石IC", "to": "宮野木JCT", "grade": 0.44, "elevation_start": 20.0, "elevation_end": 20.2, "quality": "measured", "structure": "normal", "chain_rank": 0, "cum_dist_start": 19050.0, "cum_dist_end": 19100.0, "anomaly": false}, "geometry": {"type": "LineString", "coordinates": [[140.0916169354431, 35.66177813977822], [140.09189047718908, 35.661747541866006], [140.09216401862787, 35.6617169434961]]}}, {"type": "Feature", "properties": {"id": "京葉道路-下り-0-382", "route": "京葉道路", "direction": "下り", "from": "武石IC", "to": "宮野木JCT", "grade": 0.03, "elevation_start": 20.2, "elevation_end": 20.2, "quality": "measured", "structure": "normal", "chain_rank": 0, "cum_dist_start": 19100.0, "cum_dist_end": 19150.0, "anomaly": false}, "geometry": {"type": "LineString", "coordinates": [[140.09216401862787, 35.6617169434961], [140.0924375598533, 35.66168634480828], [140.09271110107875, 35.66165574612045]]}}, {"type": "Feature", "properties": {"id": "京葉道路-下り-0-383", "route": "京葉道路", "direction": "下り", "from": "武石IC", "to": "宮野木JCT", "grade": -0.35, "elevation_start": 20.2, "elevation_end": 20.1, "quality": "measured", "structure": "normal", "chain_rank": 0, "cum_dist_start": 19150.0, "cum_dist_end": 19200.0, "anomaly": false}, "geometry": {"type": "LineString", "coordinates": [[140.09271110107875, 35.66165574612045], [140.09298464230417, 35.66162514743263], [140.09325818352963, 35.66159454874481]]}}, {"type": "Feature", "properties": {"id": "京葉道路-下り-0-384", "route": "京葉道路", "direction": "下り", "from": "武石IC", "to": "宮野木JCT", "grade": -0.26, "elevation_start": 20.1, "elevation_end": 19.9, "quality": "measured", "structure": "normal", "chain_rank": 0, "cum_dist_start": 19200.0, "cum_dist_end": 19250.0, "anomaly": false}, "geometry": {"type": "LineString", "coordinates": [[140.09325818352963, 35.66159454874481], [140.09353199229358, 35.66156569257005], [140.0938066603052, 35.66154393479048]]}}, {"type": "Feature", "properties": {"id": "京葉道路-下り-0-385", "route": "京葉道路", "direction": "下り", "from": "武石IC", "to": "宮野木JCT", "grade": -0.73, "elevation_start": 19.9, "elevation_end": 19.6, "quality": "measured", "structure": "normal", "chain_rank": 0, "cum_dist_start": 19250.0, "cum_dist_end": 19300.0, "anomaly": false}, "geometry": {"type": "LineString", "coordinates": [[140.0938066603052, 35.66154393479048], [140.09408258850794, 35.661536020979696], [140.09435862298787, 35.66153130938623]]}}, {"type": "Feature", "properties": {"id": "京葉道路-下り-0-386", "route": "京葉道路", "direction": "下り", "from": "武石IC", "to": "宮野木JCT", "grade": -0.5, "elevation_start": 19.6, "elevation_end": 19.3, "quality": "measured", "structure": "normal", "chain_rank": 0, "cum_dist_start": 19300.0, "cum_dist_end": 19350.0, "anomaly": false}, "geometry": {"type": "LineString", "coordinates": [[140.09435862298787, 35.66153130938623], [140.09463423107817, 35.661520418827365], [140.09490921848754, 35.661500225230775]]}}, {"type": "Feature", "properties": {"id": "京葉道路-下り-0-387", "route": "京葉道路", "direction": "下り", "from": "武石IC", "to": "宮野木JCT", "grade": -0.46, "elevation_start": 19.3, "elevation_end": 19.1, "quality": "measured", "structure": "normal", "chain_rank": 0, "cum_dist_start": 19350.0, "cum_dist_end": 19400.0, "anomaly": false}, "geometry": {"type": "LineString", "coordinates": [[140.09490921848754, 35.661500225230775], [140.0951830478642, 35.6614716425143], [140.09545664803952, 35.661441401140515]]}}, {"type": "Feature", "properties": {"id": "京葉道路-下り-0-388", "route": "京葉道路", "direction": "下り", "from": "武石IC", "to": "宮野木JCT", "grade": -0.55, "elevation_start": 19.1, "elevation_end": 18.8, "quality": "measured", "structure": "normal", "chain_rank": 0, "cum_dist_start": 19400.0, "cum_dist_end": 19450.0, "anomaly": false}, "geometry": {"type": "LineString", "coordinates": [[140.09545664803952, 35.661441401140515], [140.09573024744796, 35.66141115566319], [140.09600307166338, 35.66137743929822]]}}, {"type": "Feature", "properties": {"id": "京葉道路-下り-0-389", "route": "京葉道路", "direction": "下り", "from": "武石IC", "to": "宮野木JCT", "grade": 0.0, "elevation_start": 18.8, "elevation_end": 18.8, "quality": "measured", "structure": "normal", "chain_rank": 0, "cum_dist_start": 19450.0, "cum_dist_end": 19500.0, "anomaly": false}, "geometry": {"type": "LineString", "coordinates": [[140.09600307166338, 35.66137743929822], [140.09627060816686, 35.66132195193478], [140.09653693730465, 35.66126254674213]]}}, {"type": "Feature", "properties": {"id": "京葉道路-下り-0-390", "route": "京葉道路", "direction": "下り", "from": "武石IC", "to": "宮野木JCT", "grade": 0.14, "elevation_start": 18.8, "elevation_end": 18.9, "quality": "measured", "structure": "normal", "chain_rank": 0, "cum_dist_start": 19500.0, "cum_dist_end": 19550.0, "anomaly": false}, "geometry": {"type": "LineString", "coordinates": [[140.09653693730465, 35.66126254674213], [140.09680390876795, 35.66120535496205], [140.09707564538365, 35.661165931017486]]}}, {"type": "Feature", "properties": {"id": "京葉道路-下り-0-391", "route": "京葉道路", "direction": "下り", "from": "武石IC", "to": "宮野木JCT", "grade": -0.02, "elevation_start": 18.9, "elevation_end": 18.9, "quality": "measured", "structure": "normal", "chain_rank": 0, "cum_dist_start": 19550.0, "cum_dist_end": 19600.0, "anomaly": false}, "geometry": {"type": "LineString", "coordinates": [[140.09707564538365, 35.661165931017486], [140.09734890313115, 35.66113369926388], [140.0976213031482, 35.661097192623515]]}}, {"type": "Feature", "properties": {"id": "京葉道路-下り-0-392", "route": "京葉道路", "direction": "下り", "from": "武石IC", "to": "宮野木JCT", "grade": -0.54, "elevation_start": 18.9, "elevation_end": 18.6, "quality": "measured", "structure": "normal", "chain_rank": 0, "cum_dist_start": 19600.0, "cum_dist_end": 19650.0, "anomaly": false}, "geometry": {"type": "LineString", "coordinates": [[140.0976213031482, 35.661097192623515], [140.09789288866384, 35.661056626547705], [140.09816323789647, 35.66101102720519]]}}, {"type": "Feature", "properties": {"id": "京葉道路-下り-0-393", "route": "京葉道路", "direction": "下り", "from": "武石IC", "to": "宮野木JCT", "grade": -0.66, "elevation_start": 18.6, "elevation_end": 18.3, "quality": "measured", "structure": "normal", "chain_rank": 0, "cum_dist_start": 19650.0, "cum_dist_end": 19700.0, "anomaly": false}, "geometry": {"type": "LineString", "coordinates": [[140.09816323789647, 35.66101102720519], [140.0984321926516, 35.66096032329237], [140.09869891078733, 35.660902095556295]]}}, {"type": "Feature", "properties": {"id": "京葉道路-下り-0-394", "route": "京葉道路", "direction": "下り", "from": "武石IC", "to": "宮野木JCT", "grade": -0.25, "elevation_start": 18.3, "elevation_end": 18.1, "quality": "measured", "structure": "normal", "chain_rank": 0, "cum_dist_start": 19700.0, "cum_dist_end": 19750.0, "anomaly": false}, "geometry": {"type": "LineString", "coordinates": [[140.09869891078733, 35.660902095556295], [140.09896162646817, 35.66083284596977], [140.0992233458566, 35.660761135457385]]}}, {"type": "Feature", "properties": {"id": "京葉道路-下り-0-395", "route": "京葉道路", "direction": "下り", "from": "宮野木JCT", "to": "穴川IC", "grade": -0.5, "elevation_start": 18.1, "elevation_end": 17.9, "quality": "measured", "structure": "normal", "chain_rank": 0, "cum_dist_start": 19750.0, "cum_dist_end": 19800.0, "anomaly": false}, "geometry": {"type": "LineString", "coordinates": [[140.0992233458566, 35.660761135457385], [140.09948368725688, 35.660686111370644], [140.09974402865717, 35.660611087283904]]}}, {"type": "Feature", "properties": {"id": "京葉道路-下り-0-396", "route": "京葉道路", "direction": "下り", "from": "宮野木JCT", "to": "穴川IC", "grade": -0.44, "elevation_start": 17.9, "elevation_end": 17.7, "quality": "measured", "structure": "normal", "chain_rank": 0, "cum_dist_start": 19800.0, "cum_dist_end": 19850.0, "anomaly": false}, "geometry": {"type": "LineString", "coordinates": [[140.09974402865717, 35.660611087283904], [140.09999925651275, 35.66052520534464], [140.10025376443645, 35.660437927623875]]}}, {"type": "Feature", "properties": {"id": "京葉道路-下り-0-397", "route": "京葉道路", "direction": "下り", "from": "宮野木JCT", "to": "穴川IC", "grade": -11.22, "elevation_start": 17.7, "elevation_end": 12.1, "quality": "estimated", "structure": "normal", "chain_rank": 0, "cum_dist_start": 19850.0, "cum_dist_end": 19900.0, "anomaly": true}, "geometry": {"type": "LineString", "coordinates": [[140.10025376443645, 35.660437927623875], [140.10050084007207, 35.660337371974215], [140.10074738164906, 35.660235965354765]]}}, {"type": "Feature", "properties": {"id": "京葉道路-下り-0-398", "route": "京葉道路", "direction": "下り", "from": "宮野木JCT", "to": "穴川IC", "grade": 0.0, "elevation_start": 12.1, "elevation_end": 12.1, "quality": "measured", "structure": "normal", "chain_rank": 0, "cum_dist_start": 19900.0, "cum_dist_end": 19950.0, "anomaly": false}, "geometry": {"type": "LineString", "coordinates": [[140.10074738164906, 35.660235965354765], [140.1009915643327, 35.660130809457314], [140.1012322252028, 35.66002053283984]]}}, {"type": "Feature", "properties": {"id": "京葉道路-下り-0-399", "route": "京葉道路", "direction": "下り", "from": "宮野木JCT", "to": "穴川IC", "grade": 12.0, "elevation_start": 12.1, "elevation_end": 18.1, "quality": "estimated", "structure": "normal", "chain_rank": 0, "cum_dist_start": 19950.0, "cum_dist_end": 20000.0, "anomaly": true}, "geometry": {"type": "LineString", "coordinates": [[140.1012322252028, 35.66002053283984], [140.10146941328097, 35.6599052067797], [140.1017025537585, 35.65978453462228]]}}, {"type": "Feature", "properties": {"id": "京葉道路-下り-0-400", "route": "京葉道路", "direction": "下り", "from": "宮野木JCT", "to": "穴川IC", "grade": 0.73, "elevation_start": 18.1, "elevation_end": 18.4, "quality": "measured", "structure": "normal", "chain_rank": 0, "cum_dist_start": 20000.0, "cum_dist_end": 20050.0, "anomaly": false}, "geometry": {"type": "LineString", "coordinates": [[140.1017025537585, 35.65978453462228], [140.10193507012738, 35.659663038138035], [140.10216187313299, 35.65953455188364]]}}, {"type": "Feature", "properties": {"id": "京葉道路-下り-0-401", "route": "京葉道路", "direction": "下り", "from": "宮野木JCT", "to": "穴川IC", "grade": 0.81, "elevation_start": 18.4, "elevation_end": 18.8, "quality": "measured", "structure": "normal", "chain_rank": 0, "cum_dist_start": 20050.0, "cum_dist_end": 20100.0, "anomaly": false}, "geometry": {"type": "LineString", "coordinates": [[140.10216187313299, 35.65953455188364], [140.10238861819133, 35.659405997655156], [140.1026099343987, 35.65927128889532]]}}, {"type": "Feature", "properties": {"id": "京葉道路-下り-0-402", "route": "京葉道路", "direction": "下り", "from": "宮野木JCT", "to": "穴川IC", "grade": 0.7, "elevation_start": 18.8, "elevation_end": 19.2, "quality": "measured", "structure": "normal", "chain_rank": 0, "cum_dist_start": 20100.0, "cum_dist_end": 20150.0, "anomaly": false}, "geometry": {"type": "LineString", "coordinates": [[140.1026099343987, 35.65927128889532], [140.1028262864813, 35.659131526842835], [140.10303553641785, 35.658984535072356]]}}, {"type": "Feature", "properties": {"id": "京葉道路-下り-0-403", "route": "京葉道路", "direction": "下り", "from": "宮野木JCT", "to": "穴川IC", "grade": 0.8, "elevation_start": 19.2, "elevation_end": 19.6, "quality": "measured", "structure": "normal", "chain_rank": 0, "cum_dist_start": 20150.0, "cum_dist_end": 20200.0, "anomaly": false}, "geometry": {"type": "LineString", "coordinates": [[140.10303553641785, 35.658984535072356], [140.10324194422995, 35.65883490519785], [140.1034473913132, 35.65868438355993]]}}, {"type": "Feature", "properties": {"id": "京葉道路-下り-0-404", "route": "京葉道路", "direction": "下り", "from": "宮野木JCT", "to": "穴川IC", "grade": 0.67, "elevation_start": 19.6, "elevation_end": 19.9, "quality": "measured", "structure": "normal", "chain_rank": 0, "cum_dist_start": 20200.0, "cum_dist_end": 20250.0, "anomaly": false}, "geometry": {"type": "LineString", "coordinates": [[140.1034473913132, 35.65868438355993], [140.10364803363328, 35.65852964318062], [140.10384699664542, 35.65837342831332]]}}, {"type": "Feature", "properties": {"id": "京葉道路-下り-0-405", "route": "京葉道路", "direction": "下り", "from": "宮野木JCT", "to": "穴川IC", "grade": 0.28, "elevation_start": 19.9, "elevation_end": 20.0, "quality": "measured", "structure": "normal", "chain_rank": 0, "cum_dist_start": 20250.0, "cum_dist_end": 20300.0, "anomaly": false}, "geometry": {"type": "LineString", "coordinates": [[140.10384699664542, 35.65837342831332], [140.1040337077134, 35.6582078301102], [140.10421006821812, 35.6580344845709]]}}, {"type": "Feature", "properties": {"id": "京葉道路-下り-0-406", "route": "京葉道路", "direction": "下り", "from": "宮野木JCT", "to": "穴川IC", "grade": 0.98, "elevation_start": 20.0, "elevation_end": 20.5, "quality": "measured", "structure": "normal", "chain_rank": 0, "cum_dist_start": 20300.0, "cum_dist_end": 20350.0, "anomaly": false}, "geometry": {"type": "LineString", "coordinates": [[140.10421006821812, 35.6580344845709], [140.10438364215025, 35.6578592772484], [140.1045515432745, 35.65768041203021]]}}, {"type": "Feature", "properties": {"id": "京葉道路-下り-0-407", "route": "京葉道路", "direction": "下り", "from": "宮野木JCT", "to": "穴川IC", "grade": 1.08, "elevation_start": 20.5, "elevation_end": 21.1, "quality": "measured", "structure": "normal", "chain_rank": 0, "cum_dist_start": 20350.0, "cum_dist_end": 20400.0, "anomaly": false}, "geometry": {"type": "LineString", "coordinates": [[140.1045515432745, 35.65768041203021], [140.1047139840083, 35.65749825055683], [140.1048724866959, 35.65731377349694]]}}, {"type": "Feature", "properties": {"id": "京葉道路-下り-0-408", "route": "京葉道路", "direction": "下り", "from": "宮野木JCT", "to": "穴川IC", "grade": 0.88, "elevation_start": 21.1, "elevation_end": 21.5, "quality": "measured", "structure": "normal", "chain_rank": 0, "cum_dist_start": 20400.0, "cum_dist_end": 20450.0, "anomaly": false}, "geometry": {"type": "LineString", "coordinates": [[140.1048724866959, 35.65731377349694], [140.10502789849122, 35.65712756326439], [140.1051744685614, 35.656936616999204]]}}, {"type": "Feature", "properties": {"id": "京葉道路-下り-0-409", "route": "京葉道路", "direction": "下り", "from": "宮野木JCT", "to": "穴川IC", "grade": 0.41, "elevation_start": 21.5, "elevation_end": 21.7, "quality": "measured", "structure": "normal", "chain_rank": 0, "cum_dist_start": 20450.0, "cum_dist_end": 20500.0, "anomaly": false}, "geometry": {"type": "LineString", "coordinates": [[140.1051744685614, 35.656936616999204], [140.10531808838002, 35.65674420100685], [140.10545920128158, 35.656550536143314]]}}, {"type": "Feature", "properties": {"id": "京葉道路-下り-0-410", "route": "京葉道路", "direction": "下り", "from": "宮野木JCT", "to": "穴川IC", "grade": -0.06, "elevation_start": 21.7, "elevation_end": 21.7, "quality": "measured", "structure": "normal", "chain_rank": 0, "cum_dist_start": 20500.0, "cum_dist_end": 20550.0, "anomaly": false}, "geometry": {"type": "LineString", "coordinates": [[140.10545920128158, 35.656550536143314], [140.10558516501928, 35.65635007016875], [140.105707492397, 35.65614808811895]]}}, {"type": "Feature", "properties": {"id": "京葉道路-下り-0-411", "route": "京葉道路", "direction": "下り", "from": "宮野木JCT", "to": "穴川IC", "grade": -0.13, "elevation_start": 21.7, "elevation_end": 21.6, "quality": "measured", "structure": "normal", "chain_rank": 0, "cum_dist_start": 20550.0, "cum_dist_end": 20600.0, "anomaly": false}, "geometry": {"type": "LineString", "coordinates": [[140.105707492397, 35.65614808811895], [140.10582671446767, 35.65594486581482], [140.1059388089925, 35.65573895304638]]}}, {"type": "Feature", "properties": {"id": "京葉道路-下り-0-412", "route": "京葉道路", "direction": "下り", "from": "宮野木JCT", "to": "穴川IC", "grade": -0.65, "elevation_start": 21.6, "elevation_end": 21.3, "quality": "measured", "structure": "normal", "chain_rank": 0, "cum_dist_start": 20600.0, "cum_dist_end": 20650.0, "anomaly": false}, "geometry": {"type": "LineString", "coordinates": [[140.1059388089925, 35.65573895304638], [140.10604503576695, 35.65553104325566], [140.1061454065582, 35.65532114044747]]}}, {"type": "Feature", "properties": {"id": "京葉道路-下り-0-413", "route": "京葉道路", "direction": "下り", "from": "宮野木JCT", "to": "穴川IC", "grade": -0.61, "elevation_start": 21.3, "elevation_end": 21.0, "quality": "measured", "structure": "normal", "chain_rank": 0, "cum_dist_start": 20650.0, "cum_dist_end": 20700.0, "anomaly": false}, "geometry": {"type": "LineString", "coordinates": [[140.1061454065582, 35.65532114044747], [140.10624072292865, 35.6551097173915], [140.10633125769257, 35.654896856143694]]}}, {"type": "Feature", "properties": {"id": "京葉道路-下り-0-414", "route": "京葉道路", "direction": "下り", "from": "宮野木JCT", "to": "穴川IC", "grade": -0.73, "elevation_start": 21.0, "elevation_end": 20.6, "quality": "measured", "structure": "normal", "chain_rank": 0, "cum_dist_start": 20700.0, "cum_dist_end": 20750.0, "anomaly": false}, "geometry": {"type": "LineString", "coordinates": [[140.10633125769257, 35.654896856143694], [140.1064217924565, 35.6546839948959], [140.1065105728414, 35.654470642600856]]}}, {"type": "Feature", "properties": {"id": "京葉道路-下り-0-415", "route": "京葉道路", "direction": "下り", "from": "宮野木JCT", "to": "穴川IC", "grade": -0.63, "elevation_start": 20.6, "elevation_end": 20.3, "quality": "measured", "structure": "normal", "chain_rank": 0, "cum_dist_start": 20750.0, "cum_dist_end": 20800.0, "anomaly": false}, "geometry": {"type": "LineString", "coordinates": [[140.1065105728414, 35.654470642600856], [140.1065992240819, 35.654257254158566], [140.10668787532242, 35.65404386571628]]}}, {"type": "Feature", "properties": {"id": "京葉道路-下り-0-416", "route": "京葉道路", "direction": "下り", "from": "宮野木JCT", "to": "穴川IC", "grade": -0.61, "elevation_start": 20.3, "elevation_end": 20.0, "quality": "measured", "structure": "normal", "chain_rank": 0, "cum_dist_start": 20800.0, "cum_dist_end": 20850.0, "anomaly": false}, "geometry": {"type": "LineString", "coordinates": [[140.10668787532242, 35.65404386571628], [140.10677652656295, 35.65383047727399], [140.10686517780348, 35.6536170888317]]}}, {"type": "Feature", "properties": {"id": "京葉道路-下り-0-417", "route": "京葉道路", "direction": "下り", "from": "宮野木JCT", "to": "穴川IC", "grade": -0.35, "elevation_start": 20.0, "elevation_end": 19.8, "quality": "measured", "structure": "normal", "chain_rank": 0, "cum_dist_start": 20850.0, "cum_dist_end": 20900.0, "anomaly": false}, "geometry": {"type": "LineString", "coordinates": [[140.10686517780348, 35.6536170888317], [140.10695282471167, 35.65340342559032], [140.1070397777464, 35.653189572495656]]}}, {"type": "Feature", "properties": {"id": "京葉道路-下り-0-418", "route": "京葉道路", "direction": "下り", "from": "宮野木JCT", "to": "穴川IC", "grade": -0.32, "elevation_start": 19.8, "elevation_end": 19.7, "quality": "measured", "structure": "normal", "chain_rank": 0, "cum_dist_start": 20900.0, "cum_dist_end": 20950.0, "anomaly": false}, "geometry": {"type": "LineString", "coordinates": [[140.1070397777464, 35.653189572495656], [140.1071267307811, 35.652975719400985], [140.10721368381581, 35.652761866306314]]}}, {"type": "Feature", "properties": {"id": "京葉道路-下り-0-419", "route": "京葉道路", "direction": "下り", "from": "宮野木JCT", "to": "穴川IC", "grade": -0.22, "elevation_start": 19.7, "elevation_end": 19.6, "quality": "measured", "structure": "normal", "chain_rank": 0, "cum_dist_start": 20950.0, "cum_dist_end": 21000.0, "anomaly": false}, "geometry": {"type": "LineString", "coordinates": [[140.10721368381581, 35.652761866306314], [140.10730063685054, 35.65254801321164], [140.10738759363213, 35.65233416113923]]}}, {"type": "Feature", "properties": {"id": "京葉道路-下り-0-420", "route": "京葉道路", "direction": "下り", "from": "宮野木JCT", "to": "穴川IC", "grade": -0.3, "elevation_start": 19.6, "elevation_end": 19.4, "quality": "measured", "structure": "normal", "chain_rank": 0, "cum_dist_start": 21000.0, "cum_dist_end": 21050.0, "anomaly": false}, "geometry": {"type": "LineString", "coordinates": [[140.10738759363213, 35.65233416113923], [140.10747470256175, 35.65212035057715], [140.10756181149137, 35.65190654001507]]}}, {"type": "Feature", "properties": {"id": "京葉道路-下り-0-421", "route": "京葉道路", "direction": "下り", "from": "宮野木JCT", "to": "穴川IC", "grade": -0.07, "elevation_start": 19.4, "elevation_end": 19.4, "quality": "measured", "structure": "normal", "chain_rank": 0, "cum_dist_start": 21050.0, "cum_dist_end": 21100.0, "anomaly": false}, "geometry": {"type": "LineString", "coordinates": [[140.10756181149137, 35.65190654001507], [140.10764892042098, 35.65169272945299], [140.10773603065104, 35.6514789192472]]}}, {"type": "Feature", "properties": {"id": "京葉道路-下り-0-422", "route": "京葉道路", "direction": "下り", "from": "宮野木JCT", "to": "穴川IC", "grade": -0.15, "elevation_start": 19.4, "elevation_end": 19.3, "quality": "measured", "structure": "normal", "chain_rank": 0, "cum_dist_start": 21100.0, "cum_dist_end": 21150.0, "anomaly": false}, "geometry": {"type": "LineString", "coordinates": [[140.10773603065104, 35.6514789192472], [140.1078232614732, 35.65126514208015], [140.10791049229533, 35.6510513649131]]}}, {"type": "Feature", "properties": {"id": "京葉道路-下り-0-423", "route": "京葉道路", "direction": "下り", "from": "宮野木JCT", "to": "穴川IC", "grade": -0.23, "elevation_start": 19.3, "elevation_end": 19.2, "quality": "measured", "structure": "normal", "chain_rank": 0, "cum_dist_start": 21150.0, "cum_dist_end": 21200.0, "anomaly": false}, "geometry": {"type": "LineString", "coordinates": [[140.10791049229533, 35.6510513649131], [140.10799772311745, 35.650837587746054], [140.1080849539396, 35.650623810579]]}}, {"type": "Feature", "properties": {"id": "京葉道路-下り-0-424", "route": "京葉道路", "direction": "下り", "from": "宮野木JCT", "to": "穴川IC", "grade": -0.37, "elevation_start": 19.2, "elevation_end": 19.0, "quality": "measured", "structure": "normal", "chain_rank": 0, "cum_dist_start": 21200.0, "cum_dist_end": 21250.0, "anomaly": false}, "geometry": {"type": "LineString", "coordinates": [[140.1080849539396, 35.650623810579], [140.1081721847617, 35.65041003341195], [140.10825941558386, 35.650196256244904]]}}, {"type": "Feature", "properties": {"id": "京葉道路-下り-0-425", "route": "京葉道路", "direction": "下り", "from": "宮野木JCT", "to": "穴川IC", "grade": -0.21, "elevation_start": 19.0, "elevation_end": 18.9, "quality": "measured", "structure": "normal", "chain_rank": 0, "cum_dist_start": 21250.0, "cum_dist_end": 21300.0, "anomaly": false}, "geometry": {"type": "LineString", "coordinates": [[140.10825941558386, 35.650196256244904], [140.10834666851352, 35.6499824852918], [140.10843393161304, 35.64976871719723]]}}, {"type": "Feature", "properties": {"id": "京葉道路-下り-0-426", "route": "京葉道路", "direction": "下り", "from": "宮野木JCT", "to": "穴川IC", "grade": -0.86, "elevation_start": 18.9, "elevation_end": 18.5, "quality": "measured", "structure": "normal", "chain_rank": 0, "cum_dist_start": 21300.0, "cum_dist_end": 21350.0, "anomaly": false}, "geometry": {"type": "LineString", "coordinates": [[140.10843393161304, 35.64976871719723], [140.10852119471252, 35.649554949102665], [140.10860845781204, 35.64934118100809]]}}, {"type": "Feature", "properties": {"id": "京葉道路-下り-0-427", "route": "京葉道路", "direction": "下り", "from": "宮野木JCT", "to": "穴川IC", "grade": -11.54, "elevation_start": 18.5, "elevation_end": 12.7, "quality": "estimated", "structure": "normal", "chain_rank": 0, "cum_dist_start": 21350.0, "cum_dist_end": 21400.0, "anomaly": true}, "geometry": {"type": "LineString", "coordinates": [[140.10860845781204, 35.64934118100809], [140.10869625451534, 35.6491275595268], [140.10878506351497, 35.648914216184586]]}}, {"type": "Feature", "properties": {"id": "京葉道路-下り-0-428", "route": "京葉道路", "direction": "下り", "from": "宮野木JCT", "to": "穴川IC", "grade": -0.33, "elevation_start": 12.7, "elevation_end": 12.5, "quality": "measured", "structure": "normal", "chain_rank": 0, "cum_dist_start": 21400.0, "cum_dist_end": 21450.0, "anomaly": false}, "geometry": {"type": "LineString", "coordinates": [[140.10878506351497, 35.648914216184586], [140.1088738725146, 35.648700872842376], [140.10896791144611, 35.648489029755986]]}}, {"type": "Feature", "properties": {"id": "京葉道路-下り-0-429", "route": "京葉道路", "direction": "下り", "from": "宮野木JCT", "to": "穴川IC", "grade": 10.72, "elevation_start": 12.5, "elevation_end": 17.9, "quality": "estimated", "structure": "normal", "chain_rank": 0, "cum_dist_start": 21450.0, "cum_dist_end": 21500.0, "anomaly": true}, "geometry": {"type": "LineString", "coordinates": [[140.10896791144611, 35.648489029755986], [140.1090621349575, 35.6482772396181], [140.1091563584689, 35.648065449480214]]}}, {"type": "Feature", "properties": {"id": "京葉道路-下り-0-430", "route": "京葉道路", "direction": "下り", "from": "宮野木JCT", "to": "穴川IC", "grade": 2.47, "elevation_start": 17.9, "elevation_end": 19.1, "quality": "measured", "structure": "normal", "chain_rank": 0, "cum_dist_start": 21500.0, "cum_dist_end": 21550.0, "anomaly": false}, "geometry": {"type": "LineString", "coordinates": [[140.1091563584689, 35.648065449480214], [140.10925784465417, 35.64785595332877], [140.10936281397827, 35.647647557360735]]}}, {"type": "Feature", "properties": {"id": "京葉道路-下り-0-431", "route": "京葉道路", "direction": "下り", "from": "宮野木JCT", "to": "穴川IC", "grade": 0.35, "elevation_start": 19.1, "elevation_end": 19.3, "quality": "measured", "structure": "normal", "chain_rank": 0, "cum_dist_start": 21550.0, "cum_dist_end": 21600.0, "anomaly": false}, "geometry": {"type": "LineString", "coordinates": [[140.10936281397827, 35.647647557360735], [140.10946778330236, 35.6474391613927], [140.10957275262646, 35.647230765424666]]}}, {"type": "Feature", "properties": {"id": "京葉道路-下り-0-432", "route": "京葉道路", "direction": "下り", "from": "宮野木JCT", "to": "穴川IC", "grade": 0.58, "elevation_start": 19.3, "elevation_end": 19.6, "quality": "measured", "structure": "normal", "chain_rank": 0, "cum_dist_start": 21600.0, "cum_dist_end": 21650.0, "anomaly": false}, "geometry": {"type": "LineString", "coordinates": [[140.10957275262646, 35.647230765424666], [140.1096801258996, 35.64702323050373], [140.1097969300183, 35.646819073525556]]}}, {"type": "Feature", "properties": {"id": "京葉道路-下り-0-433", "route": "京葉道路", "direction": "下り", "from": "宮野木JCT", "to": "穴川IC", "grade": 0.15, "elevation_start": 19.6, "elevation_end": 19.7, "quality": "measured", "structure": "normal", "chain_rank": 0, "cum_dist_start": 21650.0, "cum_dist_end": 21700.0, "anomaly": false}, "geometry": {"type": "LineString", "coordinates": [[140.1097969300183, 35.646819073525556], [140.10991373413697, 35.646614916547385], [140.11003053825567, 35.646410759569214]]}}, {"type": "Feature", "properties": {"id": "京葉道路-下り-0-434", "route": "京葉道路", "direction": "下り", "from": "宮野木JCT", "to": "穴川IC", "grade": 0.42, "elevation_start": 19.7, "elevation_end": 19.9, "quality": "measured", "structure": "normal", "chain_rank": 0, "cum_dist_start": 21700.0, "cum_dist_end": 21750.0, "anomaly": false}, "geometry": {"type": "LineString", "coordinates": [[140.11003053825567, 35.646410759569214], [140.11015983105426, 35.64621171492699], [140.11029041726408, 35.64601319975249]]}}, {"type": "Feature", "properties": {"id": "京葉道路-下り-0-435", "route": "京葉道路", "direction": "下り", "from": "宮野木JCT", "to": "穴川IC", "grade": 0.64, "elevation_start": 19.9, "elevation_end": 20.2, "quality": "measured", "structure": "normal", "chain_rank": 0, "cum_dist_start": 21750.0, "cum_dist_end": 21800.0, "anomaly": false}, "geometry": {"type": "LineString", "coordinates": [[140.11029041726408, 35.64601319975249], [140.1104210034739, 35.64581468457798], [140.1105534175968, 35.64561698041761]]}}, {"type": "Feature", "properties": {"id": "京葉道路-下り-0-436", "route": "京葉道路", "direction": "下り", "from": "宮野木JCT", "to": "穴川IC", "grade": 0.37, "elevation_start": 20.2, "elevation_end": 20.4, "quality": "measured", "structure": "normal", "chain_rank": 0, "cum_dist_start": 21800.0, "cum_dist_end": 21850.0, "anomaly": false}, "geometry": {"type": "LineString", "coordinates": [[140.1105534175968, 35.64561698041761], [140.1106864176099, 35.64541953620681], [140.11082185473904, 35.64522321549698]]}}, {"type": "Feature", "properties": {"id": "京葉道路-下り-0-437", "route": "京葉道路", "direction": "下り", "from": "宮野木JCT", "to": "穴川IC", "grade": 0.44, "elevation_start": 20.4, "elevation_end": 20.6, "quality": "measured", "structure": "normal", "chain_rank": 0, "cum_dist_start": 21850.0, "cum_dist_end": 21900.0, "anomaly": false}, "geometry": {"type": "LineString", "coordinates": [[140.11082185473904, 35.64522321549698], [140.11096103931112, 35.645028638768665], [140.11110392156786, 35.64483584993185]]}}, {"type": "Feature", "properties": {"id": "京葉道路-下り-0-438", "route": "京葉道路", "direction": "下り", "from": "宮野木JCT", "to": "穴川IC", "grade": 0.5, "elevation_start": 20.6, "elevation_end": 20.9, "quality": "measured", "structure": "normal", "chain_rank": 0, "cum_dist_start": 21900.0, "cum_dist_end": 21950.0, "anomaly": false}, "geometry": {"type": "LineString", "coordinates": [[140.11110392156786, 35.64483584993185], [140.11125126421896, 35.64464532782841], [140.11140012479038, 35.64445557711879]]}}, {"type": "Feature", "properties": {"id": "京葉道路-下り-0-439", "route": "京葉道路", "direction": "下り", "from": "宮野木JCT", "to": "穴川IC", "grade": 0.41, "elevation_start": 20.9, "elevation_end": 21.1, "quality": "measured", "structure": "normal", "chain_rank": 0, "cum_dist_start": 21950.0, "cum_dist_end": 22000.0, "anomaly": false}, "geometry": {"type": "LineString", "coordinates": [[140.11140012479038, 35.64445557711879], [140.11155418737195, 35.644268660942416], [140.1117117698114, 35.644083662708084]]}}, {"type": "Feature", "properties": {"id": "京葉道路-下り-0-440", "route": "京葉道路", "direction": "下り", "from": "宮野木JCT", "to": "穴川IC", "grade": 0.22, "elevation_start": 21.1, "elevation_end": 21.2, "quality": "measured", "structure": "normal", "chain_rank": 0, "cum_dist_start": 22000.0, "cum_dist_end": 22050.0, "anomaly": false}, "geometry": {"type": "LineString", "coordinates": [[140.1117117698114, 35.644083662708084], [140.1118708588166, 35.643899533199516], [140.1120317499788, 35.64371644286247]]}}, {"type": "Feature", "properties": {"id": "京葉道路-下り-0-441", "route": "京葉道路", "direction": "下り", "from": "宮野木JCT", "to": "穴川IC", "grade": 0.22, "elevation_start": 21.2, "elevation_end": 21.3, "quality": "measured", "structure": "normal", "chain_rank": 0, "cum_dist_start": 22050.0, "cum_dist_end": 22100.0, "anomaly": false}, "geometry": {"type": "LineString", "coordinates": [[140.1120317499788, 35.64371644286247], [140.11219350482145, 35.64353388175043], [140.11236395221758, 35.64335664704913]]}}, {"type": "Feature", "properties": {"id": "京葉道路-下り-0-442", "route": "京葉道路", "direction": "下り", "from": "宮野木JCT", "to": "穴川IC", "grade": 0.22, "elevation_start": 21.3, "elevation_end": 21.4, "quality": "measured", "structure": "normal", "chain_rank": 0, "cum_dist_start": 22100.0, "cum_dist_end": 22150.0, "anomaly": false}, "geometry": {"type": "LineString", "coordinates": [[140.11236395221758, 35.64335664704913], [140.1125343996137, 35.64317941234784], [140.1127128759767, 35.64300752559497]]}}, {"type": "Feature", "properties": {"id": "京葉道路-下り-0-443", "route": "京葉道路", "direction": "下り", "from": "宮野木JCT", "to": "穴川IC", "grade": 0.09, "elevation_start": 21.4, "elevation_end": 21.4, "quality": "measured", "structure": "normal", "chain_rank": 0, "cum_dist_start": 22150.0, "cum_dist_end": 22200.0, "anomaly": false}, "geometry": {"type": "LineString", "coordinates": [[140.1127128759767, 35.64300752559497], [140.11289136651448, 35.642835648283636], [140.11306985705227, 35.642663770972305]]}}, {"type": "Feature", "properties": {"id": "京葉道路-下り-0-444", "route": "京葉道路", "direction": "下り", "from": "宮野木JCT", "to": "穴川IC", "grade": 0.11, "elevation_start": 21.4, "elevation_end": 21.5, "quality": "measured", "structure": "normal", "chain_rank": 0, "cum_dist_start": 22200.0, "cum_dist_end": 22250.0, "anomaly": false}, "geometry": {"type": "LineString", "coordinates": [[140.11306985705227, 35.642663770972305], [140.11324834759003, 35.64249189366097], [140.1134312471698, 35.64232320435832]]}}, {"type": "Feature", "properties": {"id": "京葉道路-下り-0-445", "route": "京葉道路", "direction": "下り", "from": "宮野木JCT", "to": "穴川IC", "grade": 0.21, "elevation_start": 21.5, "elevation_end": 21.6, "quality": "measured", "structure": "normal", "chain_rank": 0, "cum_dist_start": 22250.0, "cum_dist_end": 22300.0, "anomaly": false}, "geometry": {"type": "LineString", "coordinates": [[140.1134312471698, 35.64232320435832], [140.11361869705473, 35.642157805206274], [140.11380614693968, 35.641992406054236]]}}, {"type": "Feature", "properties": {"id": "京葉道路-下り-0-446", "route": "京葉道路", "direction": "下り", "from": "宮野木JCT", "to": "穴川IC", "grade": -0.12, "elevation_start": 21.6, "elevation_end": 21.5, "quality": "measured", "structure": "normal", "chain_rank": 0, "cum_dist_start": 22300.0, "cum_dist_end": 22350.0, "anomaly": false}, "geometry": {"type": "LineString", "coordinates": [[140.11380614693968, 35.641992406054236], [140.11400045136253, 35.641832408887346], [140.1141963604313, 35.64167367730094]]}}, {"type": "Feature", "properties": {"id": "京葉道路-下り-0-447", "route": "京葉道路", "direction": "下り", "from": "宮野木JCT", "to": "穴川IC", "grade": -0.78, "elevation_start": 21.5, "elevation_end": 21.2, "quality": "measured", "structure": "normal", "chain_rank": 0, "cum_dist_start": 22350.0, "cum_dist_end": 22400.0, "anomaly": false}, "geometry": {"type": "LineString", "coordinates": [[140.1141963604313, 35.64167367730094], [140.11439228027427, 35.64151495482677], [140.11458820011723, 35.64135623235259]]}}, {"type": "Feature", "properties": {"id": "京葉道路-下り-0-448", "route": "京葉道路", "direction": "下り", "from": "宮野木JCT", "to": "穴川IC", "grade": -1.15, "elevation_start": 21.2, "elevation_end": 20.6, "quality": "measured", "structure": "normal", "chain_rank": 0, "cum_dist_start": 22400.0, "cum_dist_end": 22450.0, "anomaly": false}, "geometry": {"type": "LineString", "coordinates": [[140.11458820011723, 35.64135623235259], [140.1147848095741, 35.64119808100231], [140.11498172638494, 35.64104018419621]]}}, {"type": "Feature", "properties": {"id": "京葉道路-下り-0-449", "route": "京葉道路", "direction": "下り", "from": "宮野木JCT", "to": "穴川IC", "grade": -1.84, "elevation_start": 20.6, "elevation_end": 19.7, "quality": "measured", "structure": "normal", "chain_rank": 0, "cum_dist_start": 22450.0, "cum_dist_end": 22500.0, "anomaly": false}, "geometry": {"type": "LineString", "coordinates": [[140.11498172638494, 35.64104018419621], [140.11517864319578, 35.640882287390106], [140.11537556000664, 35.640724390584]]}}, {"type": "Feature", "properties": {"id": "京葉道路-下り-0-450", "route": "京葉道路", "direction": "下り", "from": "宮野木JCT", "to": "穴川IC", "grade": -1.34, "elevation_start": 19.7, "elevation_end": 19.0, "quality": "measured", "structure": "normal", "chain_rank": 0, "cum_dist_start": 22500.0, "cum_dist_end": 22550.0, "anomaly": false}, "geometry": {"type": "LineString", "coordinates": [[140.11537556000664, 35.640724390584], [140.11557247681748, 35.6405664937779], [140.1157693936283, 35.64040859697179]]}}, {"type": "Feature", "properties": {"id": "京葉道路-下り-0-451", "route": "京葉道路", "direction": "下り", "from": "宮野木JCT", "to": "穴川IC", "grade": -1.63, "elevation_start": 19.0, "elevation_end": 18.2, "quality": "measured", "structure": "normal", "chain_rank": 0, "cum_dist_start": 22550.0, "cum_dist_end": 22600.0, "anomaly": false}, "geometry": {"type": "LineString", "coordinates": [[140.1157693936283, 35.64040859697179], [140.11596611369848, 35.640250538212264], [140.11616269248125, 35.640092363147474]]}}, {"type": "Feature", "properties": {"id": "京葉道路-下り-0-452", "route": "京葉道路", "direction": "下り", "from": "宮野木JCT", "to": "穴川IC", "grade": -1.57, "elevation_start": 18.2, "elevation_end": 17.4, "quality": "measured", "structure": "normal", "chain_rank": 0, "cum_dist_start": 22600.0, "cum_dist_end": 22650.0, "anomaly": false}, "geometry": {"type": "LineString", "coordinates": [[140.11616269248125, 35.640092363147474], [140.116359271264, 35.63993418808268], [140.11655585004675, 35.63977601301788]]}}, {"type": "Feature", "properties": {"id": "京葉道路-下り-0-453", "route": "京葉道路", "direction": "下り", "from": "宮野木JCT", "to": "穴川IC", "grade": -1.7, "elevation_start": 17.4, "elevation_end": 16.5, "quality": "measured", "structure": "normal", "chain_rank": 0, "cum_dist_start": 22650.0, "cum_dist_end": 22700.0, "anomaly": false}, "geometry": {"type": "LineString", "coordinates": [[140.11655585004675, 35.63977601301788], [140.1167524288295, 35.63961783795308], [140.11694900761228, 35.639459662888285]]}}, {"type": "Feature", "properties": {"id": "京葉道路-下り-0-454", "route": "京葉道路", "direction": "下り", "from": "宮野木JCT", "to": "穴川IC", "grade": -1.27, "elevation_start": 16.5, "elevation_end": 15.9, "quality": "measured", "structure": "normal", "chain_rank": 0, "cum_dist_start": 22700.0, "cum_dist_end": 22750.0, "anomaly": false}, "geometry": {"type": "LineString", "coordinates": [[140.11694900761228, 35.639459662888285], [140.11714558639503, 35.63930148782349], [140.11734227732217, 35.63914340713221]]}}, {"type": "Feature", "properties": {"id": "京葉道路-下り-0-455", "route": "京葉道路", "direction": "下り", "from": "宮野木JCT", "to": "穴川IC", "grade": -0.38, "elevation_start": 15.9, "elevation_end": 15.7, "quality": "measured", "structure": "normal", "chain_rank": 0, "cum_dist_start": 22750.0, "cum_dist_end": 22800.0, "anomaly": false}, "geometry": {"type": "LineString", "coordinates": [[140.11734227732217, 35.63914340713221], [140.11754177014203, 35.63898768433378], [140.11774126296189, 35.63883196153535]]}}, {"type": "Feature", "properties": {"id": "京葉道路-下り-0-456", "route": "京葉道路", "direction": "下り", "from": "宮野木JCT", "to": "穴川IC", "grade": 0.38, "elevation_start": 15.7, "elevation_end": 15.9, "quality": "measured", "structure": "normal", "chain_rank": 0, "cum_dist_start": 22800.0, "cum_dist_end": 22850.0, "anomaly": false}, "geometry": {"type": "LineString", "coordinates": [[140.11774126296189, 35.63883196153535], [140.11794075578175, 35.63867623873692], [140.1181402486016, 35.638520515938495]]}}, {"type": "Feature", "properties": {"id": "京葉道路-下り-0-457", "route": "京葉道路", "direction": "下り", "from": "宮野木JCT", "to": "穴川IC", "grade": 1.31, "elevation_start": 15.9, "elevation_end": 16.6, "quality": "measured", "structure": "normal", "chain_rank": 0, "cum_dist_start": 22850.0, "cum_dist_end": 22900.0, "anomaly": false}, "geometry": {"type": "LineString", "coordinates": [[140.1181402486016, 35.638520515938495], [140.11833974142147, 35.63836479314006], [140.11853923446023, 35.63820907137214]]}}, {"type": "Feature", "properties": {"id": "京葉道路-下り-0-458", "route": "京葉道路", "direction": "下り", "from": "宮野木JCT", "to": "穴川IC", "grade": 1.08, "elevation_start": 16.6, "elevation_end": 17.1, "quality": "measured", "structure": "normal", "chain_rank": 0, "cum_dist_start": 22900.0, "cum_dist_end": 22950.0, "anomaly": false}, "geometry": {"type": "LineString", "coordinates": [[140.11853923446023, 35.63820907137214], [140.11873872758517, 35.638053350009976], [140.11893632939035, 35.63789603425471]]}}, {"type": "Feature", "properties": {"id": "京葉道路-下り-0-459", "route": "京葉道路", "direction": "下り", "from": "宮野木JCT", "to": "穴川IC", "grade": 1.39, "elevation_start": 17.1, "elevation_end": 17.8, "quality": "measured", "structure": "normal", "chain_rank": 0, "cum_dist_start": 22950.0, "cum_dist_end": 23000.0, "anomaly": false}, "geometry": {"type": "LineString", "coordinates": [[140.11893632939035, 35.63789603425471], [140.11913355124344, 35.637738398197726], [140.11933077309655, 35.63758076214074]]}}, {"type": "Feature", "properties": {"id": "京葉道路-下り-0-460", "route": "京葉道路", "direction": "下り", "from": "宮野木JCT", "to": "穴川IC", "grade": 0.9, "elevation_start": 17.8, "elevation_end": 18.3, "quality": "measured", "structure": "normal", "chain_rank": 0, "cum_dist_start": 23000.0, "cum_dist_end": 23050.0, "anomaly": false}, "geometry": {"type": "LineString", "coordinates": [[140.11933077309655, 35.63758076214074], [140.11952799494964, 35.63742312608376], [140.11972521680272, 35.63726549002678]]}}, {"type": "Feature", "properties": {"id": "京葉道路-下り-0-461", "route": "京葉道路", "direction": "下り", "from": "宮野木JCT", "to": "穴川IC", "grade": 0.53, "elevation_start": 18.3, "elevation_end": 18.5, "quality": "measured", "structure": "normal", "chain_rank": 0, "cum_dist_start": 23050.0, "cum_dist_end": 23100.0, "anomaly": false}, "geometry": {"type": "LineString", "coordinates": [[140.11972521680272, 35.63726549002678], [140.11992243865583, 35.6371078539698], [140.12011966050892, 35.63695021791282]]}}, {"type": "Feature", "properties": {"id": "京葉道路-下り-0-462", "route": "京葉道路", "direction": "下り", "from": "宮野木JCT", "to": "穴川IC", "grade": 0.0, "elevation_start": 18.5, "elevation_end": 18.5, "quality": "measured", "structure": "normal", "chain_rank": 0, "cum_dist_start": 23100.0, "cum_dist_end": 23150.0, "anomaly": false}, "geometry": {"type": "LineString", "coordinates": [[140.12011966050892, 35.63695021791282], [140.12031666574427, 35.63679240261377], [140.12051324595967, 35.63663423562861]]}}, {"type": "Feature", "properties": {"id": "京葉道路-下り-0-463", "route": "京葉道路", "direction": "下り", "from": "宮野木JCT", "to": "穴川IC", "grade": -0.53, "elevation_start": 18.5, "elevation_end": 18.3, "quality": "measured", "structure": "normal", "chain_rank": 0, "cum_dist_start": 23150.0, "cum_dist_end": 23200.0, "anomaly": false}, "geometry": {"type": "LineString", "coordinates": [[140.12051324595967, 35.63663423562861], [140.12070982617507, 35.636476068643454], [140.12090640639047, 35.63631790165829]]}}, {"type": "Feature", "properties": {"id": "京葉道路-下り-0-464", "route": "京葉道路", "direction": "下り", "from": "穴川IC", "to": "貝塚IC", "grade": -0.15, "elevation_start": 18.3, "elevation_end": 18.2, "quality": "measured", "structure": "normal", "chain_rank": 0, "cum_dist_start": 23200.0, "cum_dist_end": 23250.0, "anomaly": false}, "geometry": {"type": "LineString", "coordinates": [[140.12090640639047, 35.63631790165829], [140.12110298660585, 35.63615973467313], [140.12129956682125, 35.63600156768797]]}}, {"type": "Feature", "properties": {"id": "京葉道路-下り-0-465", "route": "京葉道路", "direction": "下り", "from": "穴川IC", "to": "貝塚IC", "grade": -0.53, "elevation_start": 18.2, "elevation_end": 17.9, "quality": "measured", "structure": "normal", "chain_rank": 0, "cum_dist_start": 23250.0, "cum_dist_end": 23300.0, "anomaly": false}, "geometry": {"type": "LineString", "coordinates": [[140.12129956682125, 35.63600156768797], [140.12149614703665, 35.63584340070281], [140.12169296269425, 35.63568543026559]]}}, {"type": "Feature", "properties": {"id": "京葉道路-下り-0-466", "route": "京葉道路", "direction": "下り", "from": "穴川IC", "to": "貝塚IC", "grade": 0.26, "elevation_start": 17.9, "elevation_end": 18.0, "quality": "estimated", "structure": "normal", "chain_rank": 0, "cum_dist_start": 23300.0, "cum_dist_end": 23350.0, "anomaly": false}, "geometry": {"type": "LineString", "coordinates": [[140.12169296269425, 35.63568543026559], [140.1218900436632, 35.6355276813112], [140.12208712463215, 35.63536993235682]]}}, {"type": "Feature", "properties": {"id": "京葉道路-下り-0-467", "route": "京葉道路", "direction": "下り", "from": "穴川IC", "to": "貝塚IC", "grade": 0.26, "elevation_start": 18.0, "elevation_end": 18.2, "quality": "estimated", "structure": "normal", "chain_rank": 0, "cum_dist_start": 23350.0, "cum_dist_end": 23400.0, "anomaly": false}, "geometry": {"type": "LineString", "coordinates": [[140.12208712463215, 35.63536993235682], [140.12228420560112, 35.63521218340243], [140.12248128657006, 35.63505443444805]]}}, {"type": "Feature", "properties": {"id": "京葉道路-下り-0-468", "route": "京葉道路", "direction": "下り", "from": "穴川IC", "to": "貝塚IC", "grade": 0.26, "elevation_start": 18.2, "elevation_end": 18.3, "quality": "estimated", "structure": "normal", "chain_rank": 0, "cum_dist_start": 23400.0, "cum_dist_end": 23450.0, "anomaly": false}, "geometry": {"type": "LineString", "coordinates": [[140.12248128657006, 35.63505443444805], [140.122678367539, 35.634896685493665], [140.12287544850798, 35.63473893653928]]}}, {"type": "Feature", "properties": {"id": "京葉道路-下り-0-469", "route": "京葉道路", "direction": "下り", "from": "穴川IC", "to": "貝塚IC", "grade": 0.26, "elevation_start": 18.3, "elevation_end": 18.4, "quality": "estimated", "structure": "bridge", "chain_rank": 0, "cum_dist_start": 23450.0, "cum_dist_end": 23500.0, "anomaly": false}, "geometry": {"type": "LineString", "coordinates": [[140.12287544850798, 35.63473893653928], [140.12307250329465, 35.63458116729368], [140.12326953913063, 35.63442338336134]]}}, {"type": "Feature", "properties": {"id": "京葉道路-下り-0-470", "route": "京葉道路", "direction": "下り", "from": "穴川IC", "to": "貝塚IC", "grade": 0.26, "elevation_start": 18.4, "elevation_end": 18.6, "quality": "estimated", "structure": "bridge", "chain_rank": 0, "cum_dist_start": 23500.0, "cum_dist_end": 23550.0, "anomaly": false}, "geometry": {"type": "LineString", "coordinates": [[140.12326953913063, 35.63442338336134], [140.1234665749666, 35.63426559942899], [140.1236636108026, 35.63410781549665]]}}, {"type": "Feature", "properties": {"id": "京葉道路-下り-0-471", "route": "京葉道路", "direction": "下り", "from": "穴川IC", "to": "貝塚IC", "grade": 0.26, "elevation_start": 18.6, "elevation_end": 18.7, "quality": "estimated", "structure": "bridge", "chain_rank": 0, "cum_dist_start": 23550.0, "cum_dist_end": 23600.0, "anomaly": false}, "geometry": {"type": "LineString", "coordinates": [[140.1236636108026, 35.63410781549665], [140.12386064663858, 35.633950031564304], [140.12405768247456, 35.633792247631966]]}}, {"type": "Feature", "properties": {"id": "京葉道路-下り-0-472", "route": "京葉道路", "direction": "下り", "from": "穴川IC", "to": "貝塚IC", "grade": 0.26, "elevation_start": 18.7, "elevation_end": 18.8, "quality": "estimated", "structure": "bridge", "chain_rank": 0, "cum_dist_start": 23600.0, "cum_dist_end": 23650.0, "anomaly": false}, "geometry": {"type": "LineString", "coordinates": [[140.12405768247456, 35.633792247631966], [140.12425471831054, 35.63363446369962], [140.12445175414652, 35.63347667976728]]}}, {"type": "Feature", "properties": {"id": "京葉道路-下り-0-473", "route": "京葉道路", "direction": "下り", "from": "穴川IC", "to": "貝塚IC", "grade": 0.26, "elevation_start": 18.8, "elevation_end": 19.0, "quality": "estimated", "structure": "bridge", "chain_rank": 0, "cum_dist_start": 23650.0, "cum_dist_end": 23700.0, "anomaly": false}, "geometry": {"type": "LineString", "coordinates": [[140.12445175414652, 35.63347667976728], [140.1246487899825, 35.63331889583493], [140.1248463528427, 35.63316155777108]]}}, {"type": "Feature", "properties": {"id": "京葉道路-下り-0-474", "route": "京葉道路", "direction": "下り", "from": "穴川IC", "to": "貝塚IC", "grade": 0.26, "elevation_start": 19.0, "elevation_end": 19.1, "quality": "estimated", "structure": "bridge", "chain_rank": 0, "cum_dist_start": 23700.0, "cum_dist_end": 23750.0, "anomaly": false}, "geometry": {"type": "LineString", "coordinates": [[140.1248463528427, 35.63316155777108], [140.12504637045095, 35.633006296452], [140.12524638805917, 35.632851035132916]]}}, {"type": "Feature", "properties": {"id": "京葉道路-下り-0-475", "route": "京葉道路", "direction": "下り", "from": "穴川IC", "to": "貝塚IC", "grade": 0.26, "elevation_start": 19.1, "elevation_end": 19.2, "quality": "estimated", "structure": "bridge", "chain_rank": 0, "cum_dist_start": 23750.0, "cum_dist_end": 23800.0, "anomaly": false}, "geometry": {"type": "LineString", "coordinates": [[140.12524638805917, 35.632851035132916], [140.12544644275883, 35.63269580586056], [140.12564744881215, 35.63254139855063]]}}, {"type": "Feature", "properties": {"id": "京葉道路-下り-0-476", "route": "京葉道路", "direction": "下り", "from": "穴川IC", "to": "貝塚IC", "grade": 0.26, "elevation_start": 19.2, "elevation_end": 19.4, "quality": "estimated", "structure": "bridge", "chain_rank": 0, "cum_dist_start": 23800.0, "cum_dist_end": 23850.0, "anomaly": false}, "geometry": {"type": "LineString", "coordinates": [[140.12564744881215, 35.63254139855063], [140.12584845486546, 35.6323869912407], [140.12605077433957, 35.63223373331291]]}}, {"type": "Feature", "properties": {"id": "京葉道路-下り-0-477", "route": "京葉道路", "direction": "下り", "from": "穴川IC", "to": "貝塚IC", "grade": 0.26, "elevation_start": 19.4, "elevation_end": 19.5, "quality": "estimated", "structure": "bridge", "chain_rank": 0, "cum_dist_start": 23850.0, "cum_dist_end": 23900.0, "anomaly": false}, "geometry": {"type": "LineString", "coordinates": [[140.12605077433957, 35.63223373331291], [140.12625329365744, 35.632080650269586], [140.12646137257556, 35.63193263421613]]}}, {"type": "Feature", "properties": {"id": "京葉道路-下り-0-478", "route": "京葉道路", "direction": "下り", "from": "穴川IC", "to": "貝塚IC", "grade": 0.26, "elevation_start": 19.5, "elevation_end": 19.6, "quality": "estimated", "structure": "bridge", "chain_rank": 0, "cum_dist_start": 23900.0, "cum_dist_end": 23950.0, "anomaly": false}, "geometry": {"type": "LineString", "coordinates": [[140.12646137257556, 35.63193263421613], [140.1266699994954, 35.63178512034833], [140.12688075138084, 35.6316396335629]]}}, {"type": "Feature", "properties": {"id": "京葉道路-下り-0-479", "route": "京葉道路", "direction": "下り", "from": "穴川IC", "to": "貝塚IC", "grade": 0.26, "elevation_start": 19.6, "elevation_end": 19.8, "quality": "estimated", "structure": "bridge", "chain_rank": 0, "cum_dist_start": 23950.0, "cum_dist_end": 24000.0, "anomaly": false}, "geometry": {"type": "LineString", "coordinates": [[140.12688075138084, 35.6316396335629], [140.1270919874352, 35.63149461933635], [140.12730457116132, 35.63135092046539]]}}, {"type": "Feature", "properties": {"id": "京葉道路-下り-0-480", "route": "京葉道路", "direction": "下り", "from": "穴川IC", "to": "貝塚IC", "grade": 0.26, "elevation_start": 19.8, "elevation_end": 19.9, "quality": "estimated", "structure": "bridge", "chain_rank": 0, "cum_dist_start": 24000.0, "cum_dist_end": 24050.0, "anomaly": false}, "geometry": {"type": "LineString", "coordinates": [[140.12730457116132, 35.63135092046539], [140.12751895067805, 35.631209017197534], [140.1277343969306, 35.63106819385845]]}}, {"type": "Feature", "properties": {"id": "京葉道路-下り-0-481", "route": "京葉道路", "direction": "下り", "from": "穴川IC", "to": "貝塚IC", "grade": 0.26, "elevation_start": 19.9, "elevation_end": 20.0, "quality": "estimated", "structure": "bridge", "chain_rank": 0, "cum_dist_start": 24050.0, "cum_dist_end": 24100.0, "anomaly": false}, "geometry": {"type": "LineString", "coordinates": [[140.1277343969306, 35.63106819385845], [140.12795133312585, 35.6309288991965], [140.12816988479358, 35.6307913142069]]}}, {"type": "Feature", "properties": {"id": "京葉道路-下り-0-482", "route": "京葉道路", "direction": "下り", "from": "穴川IC", "to": "貝塚IC", "grade": 0.26, "elevation_start": 20.0, "elevation_end": 20.1, "quality": "estimated", "structure": "bridge", "chain_rank": 0, "cum_dist_start": 24100.0, "cum_dist_end": 24150.0, "anomaly": false}, "geometry": {"type": "LineString", "coordinates": [[140.12816988479358, 35.6307913142069], [140.1283899509038, 35.6306553319685], [140.12861292189277, 35.630522550751245]]}}, {"type": "Feature", "properties": {"id": "京葉道路-下り-0-483", "route": "京葉道路", "direction": "下り", "from": "穴川IC", "to": "貝塚IC", "grade": 0.26, "elevation_start": 20.1, "elevation_end": 20.3, "quality": "estimated", "structure": "normal", "chain_rank": 0, "cum_dist_start": 24150.0, "cum_dist_end": 24200.0, "anomaly": false}, "geometry": {"type": "LineString", "coordinates": [[140.12861292189277, 35.630522550751245], [140.1288363172151, 35.630390237126676], [140.1290602529394, 35.63025854396196]]}}, {"type": "Feature", "properties": {"id": "京葉道路-下り-0-484", "route": "京葉道路", "direction": "下り", "from": "穴川IC", "to": "貝塚IC", "grade": 0.26, "elevation_start": 20.3, "elevation_end": 20.4, "quality": "estimated", "structure": "normal", "chain_rank": 0, "cum_dist_start": 24200.0, "cum_dist_end": 24250.0, "anomaly": false}, "geometry": {"type": "LineString", "coordinates": [[140.1290602529394, 35.63025854396196], [140.1292866429448, 35.63012966866789], [140.12951309116892, 35.63000086266401]]}}, {"type": "Feature", "properties": {"id": "京葉道路-下り-0-485", "route": "京葉道路", "direction": "下り", "from": "穴川IC", "to": "貝塚IC", "grade": 0.26, "elevation_start": 20.4, "elevation_end": 20.5, "quality": "estimated", "structure": "normal", "chain_rank": 0, "cum_dist_start": 24250.0, "cum_dist_end": 24300.0, "anomaly": false}, "geometry": {"type": "LineString", "coordinates": [[140.12951309116892, 35.63000086266401], [140.12974182100152, 35.62987477216377], [140.12997055083412, 35.62974868166353]]}}, {"type": "Feature", "properties": {"id": "京葉道路-下り-0-486", "route": "京葉道路", "direction": "下り", "from": "穴川IC", "to": "貝塚IC", "grade": -1.26, "elevation_start": 20.5, "elevation_end": 19.9, "quality": "measured", "structure": "normal", "chain_rank": 0, "cum_dist_start": 24300.0, "cum_dist_end": 24350.0, "anomaly": false}, "geometry": {"type": "LineString", "coordinates": [[140.12997055083412, 35.62974868166353], [140.13020046401908, 35.629624036671316], [140.13043056515104, 35.62949962126325]]}}, {"type": "Feature", "properties": {"id": "京葉道路-下り-0-487", "route": "京葉道路", "direction": "下り", "from": "穴川IC", "to": "貝塚IC", "grade": -0.13, "elevation_start": 19.9, "elevation_end": 19.8, "quality": "measured", "structure": "normal", "chain_rank": 0, "cum_dist_start": 24350.0, "cum_dist_end": 24400.0, "anomaly": false}, "geometry": {"type": "LineString", "coordinates": [[140.13043056515104, 35.62949962126325], [140.13066325925817, 35.62937849977052], [140.13089743400016, 35.62925925916195]]}}, {"type": "Feature", "properties": {"id": "京葉道路-下り-0-488", "route": "京葉道路", "direction": "下り", "from": "穴川IC", "to": "貝塚IC", "grade": -2.12, "elevation_start": 19.8, "elevation_end": 18.8, "quality": "measured", "structure": "normal", "chain_rank": 0, "cum_dist_start": 24400.0, "cum_dist_end": 24450.0, "anomaly": false}, "geometry": {"type": "LineString", "coordinates": [[140.13089743400016, 35.62925925916195], [140.13113222884712, 35.629140853308066], [140.13136994461246, 35.629026379450515]]}}, {"type": "Feature", "properties": {"id": "京葉道路-下り-0-489", "route": "京葉道路", "direction": "下り", "from": "穴川IC", "to": "貝塚IC", "grade": -0.64, "elevation_start": 18.8, "elevation_end": 18.5, "quality": "measured", "structure": "normal", "chain_rank": 0, "cum_dist_start": 24450.0, "cum_dist_end": 24500.0, "anomaly": false}, "geometry": {"type": "LineString", "coordinates": [[140.13136994461246, 35.629026379450515], [140.1316076603778, 35.62891190559296], [140.13184700739956, 35.62879975067495]]}}, {"type": "Feature", "properties": {"id": "京葉道路-下り-0-490", "route": "京葉道路", "direction": "下り", "from": "穴川IC", "to": "貝塚IC", "grade": -1.81, "elevation_start": 18.5, "elevation_end": 17.6, "quality": "measured", "structure": "normal", "chain_rank": 0, "cum_dist_start": 24500.0, "cum_dist_end": 24550.0, "anomaly": false}, "geometry": {"type": "LineString", "coordinates": [[140.13184700739956, 35.62879975067495], [140.13208787385972, 35.62868975573975], [140.13232874031985, 35.62857976080454]]}}, {"type": "Feature", "properties": {"id": "京葉道路-下り-0-491", "route": "京葉道路", "direction": "下り", "from": "穴川IC", "to": "貝塚IC", "grade": -1.19, "elevation_start": 17.6, "elevation_end": 17.0, "quality": "measured", "structure": "normal", "chain_rank": 0, "cum_dist_start": 24550.0, "cum_dist_end": 24600.0, "anomaly": false}, "geometry": {"type": "LineString", "coordinates": [[140.13232874031985, 35.62857976080454], [140.13257126012894, 35.6284722721897], [140.13281626596788, 35.6283685521606]]}}, {"type": "Feature", "properties": {"id": "京葉道路-下り-0-492", "route": "京葉道路", "direction": "下り", "from": "穴川IC", "to": "貝塚IC", "grade": -1.77, "elevation_start": 17.0, "elevation_end": 16.1, "quality": "measured", "structure": "normal", "chain_rank": 0, "cum_dist_start": 24600.0, "cum_dist_end": 24650.0, "anomaly": false}, "geometry": {"type": "LineString", "coordinates": [[140.13281626596788, 35.6283685521606], [140.1330612718068, 35.628264832131514], [140.13330627764574, 35.62816111210242]]}}, {"type": "Feature", "properties": {"id": "京葉道路-下り-0-493", "route": "京葉道路", "direction": "下り", "from": "穴川IC", "to": "貝塚IC", "grade": -1.41, "elevation_start": 16.1, "elevation_end": 15.4, "quality": "measured", "structure": "normal", "chain_rank": 0, "cum_dist_start": 24650.0, "cum_dist_end": 24700.0, "anomaly": false}, "geometry": {"type": "LineString", "coordinates": [[140.13330627764574, 35.62816111210242], [140.1335512834847, 35.62805739207333], [140.13379628932364, 35.62795367204424]]}}, {"type": "Feature", "properties": {"id": "京葉道路-下り-0-494", "route": "京葉道路", "direction": "下り", "from": "穴川IC", "to": "貝塚IC", "grade": -1.27, "elevation_start": 15.4, "elevation_end": 14.7, "quality": "measured", "structure": "normal", "chain_rank": 0, "cum_dist_start": 24700.0, "cum_dist_end": 24750.0, "anomaly": false}, "geometry": {"type": "LineString", "coordinates": [[140.13379628932364, 35.62795367204424], [140.13404307083525, 35.62785281315764], [140.13429033790655, 35.62775273665371]]}}, {"type": "Feature", "properties": {"id": "京葉道路-下り-0-495", "route": "京葉道路", "direction": "下り", "from": "穴川IC", "to": "貝塚IC", "grade": -1.51, "elevation_start": 14.7, "elevation_end": 14.0, "quality": "measured", "structure": "normal", "chain_rank": 0, "cum_dist_start": 24750.0, "cum_dist_end": 24800.0, "anomaly": false}, "geometry": {"type": "LineString", "coordinates": [[140.13429033790655, 35.62775273665371], [140.13453760497788, 35.62765266014978], [140.13478487204918, 35.62755258364585]]}}, {"type": "Feature", "properties": {"id": "京葉道路-下り-0-496", "route": "京葉道路", "direction": "下り", "from": "穴川IC", "to": "貝塚IC", "grade": -1.72, "elevation_start": 14.0, "elevation_end": 13.1, "quality": "measured", "structure": "normal", "chain_rank": 0, "cum_dist_start": 24800.0, "cum_dist_end": 24850.0, "anomaly": false}, "geometry": {"type": "LineString", "coordinates": [[140.13478487204918, 35.62755258364585], [140.1350321391205, 35.62745250714192], [140.1352798503315, 35.62735316959978]]}}, {"type": "Feature", "properties": {"id": "京葉道路-下り-0-497", "route": "京葉道路", "direction": "下り", "from": "穴川IC", "to": "貝塚IC", "grade": -0.97, "elevation_start": 13.1, "elevation_end": 12.6, "quality": "measured", "structure": "normal", "chain_rank": 0, "cum_dist_start": 24850.0, "cum_dist_end": 24900.0, "anomaly": false}, "geometry": {"type": "LineString", "coordinates": [[140.1352798503315, 35.62735316959978], [140.13552787371435, 35.627254351450716], [140.1357758970972, 35.62715553330165]]}}, {"type": "Feature", "properties": {"id": "京葉道路-下り-0-498", "route": "京葉道路", "direction": "下り", "from": "穴川IC", "to": "貝塚IC", "grade": 0.0, "elevation_start": 12.6, "elevation_end": 12.6, "quality": "measured", "structure": "normal", "chain_rank": 0, "cum_dist_start": 24900.0, "cum_dist_end": 24950.0, "anomaly": false}, "geometry": {"type": "LineString", "coordinates": [[140.1357758970972, 35.62715553330165], [140.13602392048006, 35.627056715152584], [140.1362719438629, 35.626957897003514]]}}, {"type": "Feature", "properties": {"id": "京葉道路-下り-0-499", "route": "京葉道路", "direction": "下り", "from": "穴川IC", "to": "貝塚IC", "grade": 0.67, "elevation_start": 12.6, "elevation_end": 13.0, "quality": "measured", "structure": "normal", "chain_rank": 0, "cum_dist_start": 24950.0, "cum_dist_end": 25000.0, "anomaly": false}, "geometry": {"type": "LineString", "coordinates": [[140.1362719438629, 35.626957897003514], [140.13651996724576, 35.62685907885445], [140.136767819169, 35.626759976903614]]}}, {"type": "Feature", "properties": {"id": "京葉道路-下り-0-500", "route": "京葉道路", "direction": "下り", "from": "穴川IC", "to": "貝塚IC", "grade": 1.4, "elevation_start": 13.0, "elevation_end": 13.7, "quality": "measured", "structure": "normal", "chain_rank": 0, "cum_dist_start": 25000.0, "cum_dist_end": 25050.0, "anomaly": false}, "geometry": {"type": "LineString", "coordinates": [[140.136767819169, 35.626759976903614], [140.13701497095016, 35.626659716070215], [140.13726212273133, 35.62655945523682]]}}, {"type": "Feature", "properties": {"id": "京葉道路-下り-0-501", "route": "京葉道路", "direction": "下り", "from": "穴川IC", "to": "貝塚IC", "grade": 2.21, "elevation_start": 13.7, "elevation_end": 14.8, "quality": "measured", "structure": "normal", "chain_rank": 0, "cum_dist_start": 25050.0, "cum_dist_end": 25100.0, "anomaly": false}, "geometry": {"type": "LineString", "coordinates": [[140.13726212273133, 35.62655945523682], [140.1375092745125, 35.62645919440343], [140.1377570772686, 35.626360012654864]]}}, {"type": "Feature", "properties": {"id": "京葉道路-下り-0-502", "route": "京葉道路", "direction": "下り", "from": "穴川IC", "to": "貝塚IC", "grade": 3.07, "elevation_start": 14.8, "elevation_end": 16.3, "quality": "measured", "structure": "normal", "chain_rank": 0, "cum_dist_start": 25100.0, "cum_dist_end": 25150.0, "anomaly": false}, "geometry": {"type": "LineString", "coordinates": [[140.1377570772686, 35.626360012654864], [140.13800494339623, 35.6262609359538], [140.13825280952386, 35.62616185925275]]}}, {"type": "Feature", "properties": {"id": "京葉道路-下り-0-503", "route": "京葉道路", "direction": "下り", "from": "穴川IC", "to": "貝塚IC", "grade": 2.73, "elevation_start": 16.3, "elevation_end": 17.7, "quality": "measured", "structure": "normal", "chain_rank": 0, "cum_dist_start": 25150.0, "cum_dist_end": 25200.0, "anomaly": false}, "geometry": {"type": "LineString", "coordinates": [[140.13825280952386, 35.62616185925275], [140.13850042949556, 35.62606237505361], [140.13874797052125, 35.62596276016354]]}}, {"type": "Feature", "properties": {"id": "京葉道路-下り-0-504", "route": "京葉道路", "direction": "下り", "from": "穴川IC", "to": "貝塚IC", "grade": 1.93, "elevation_start": 17.7, "elevation_end": 18.6, "quality": "measured", "structure": "normal", "chain_rank": 0, "cum_dist_start": 25200.0, "cum_dist_end": 25250.0, "anomaly": false}, "geometry": {"type": "LineString", "coordinates": [[140.13874797052125, 35.62596276016354], [140.13899551154694, 35.62586314527348], [140.13924305257262, 35.625763530383416]]}}, {"type": "Feature", "properties": {"id": "京葉道路-下り-0-505", "route": "京葉道路", "direction": "下り", "from": "穴川IC", "to": "貝塚IC", "grade": 1.04, "elevation_start": 18.6, "elevation_end": 19.2, "quality": "measured", "structure": "normal", "chain_rank": 0, "cum_dist_start": 25250.0, "cum_dist_end": 25300.0, "anomaly": false}, "geometry": {"type": "LineString", "coordinates": [[140.13924305257262, 35.625763530383416], [140.13949059359834, 35.62566391549335], [140.13973744393857, 35.62556317553301]]}}, {"type": "Feature", "properties": {"id": "京葉道路-下り-0-506", "route": "京葉道路", "direction": "下り", "from": "貝塚IC", "to": null, "grade": 0.0, "elevation_start": 19.2, "elevation_end": 19.2, "quality": "measured", "structure": "normal", "chain_rank": 0, "cum_dist_start": 25300.0, "cum_dist_end": 25350.0, "anomaly": false}, "geometry": {"type": "LineString", "coordinates": [[140.13973744393857, 35.62556317553301], [140.13998342832414, 35.6254610250031], [140.14022941270972, 35.625358874473186]]}}, {"type": "Feature", "properties": {"id": "京葉道路-下り-0-507", "route": "京葉道路", "direction": "下り", "from": "貝塚IC", "to": null, "grade": -0.32, "elevation_start": 19.2, "elevation_end": 19.0, "quality": "measured", "structure": "normal", "chain_rank": 0, "cum_dist_start": 25350.0, "cum_dist_end": 25400.0, "anomaly": false}, "geometry": {"type": "LineString", "coordinates": [[140.14022941270972, 35.625358874473186], [140.1404753970953, 35.62525672394327], [140.14072138148086, 35.625154573413354]]}}, {"type": "Feature", "properties": {"id": "京葉道路-下り-0-508", "route": "京葉道路", "direction": "下り", "from": "貝塚IC", "to": null, "grade": -5.2, "elevation_start": 19.0, "elevation_end": 16.4, "quality": "measured", "structure": "normal", "chain_rank": 0, "cum_dist_start": 25400.0, "cum_dist_end": 25450.0, "anomaly": false}, "geometry": {"type": "LineString", "coordinates": [[140.14072138148086, 35.625154573413354], [140.14096594231236, 35.625050183179205], [140.141209909181, 35.62494485845219]]}}, {"type": "Feature", "properties": {"id": "京葉道路-下り-0-509", "route": "京葉道路", "direction": "下り", "from": "貝塚IC", "to": null, "grade": 0.0, "elevation_start": 16.4, "elevation_end": 16.4, "quality": "measured", "structure": "normal", "chain_rank": 0, "cum_dist_start": 25450.0, "cum_dist_end": 25500.0, "anomaly": false}, "geometry": {"type": "LineString", "coordinates": [[140.141209909181, 35.62494485845219], [140.1414520207635, 35.624836879026645], [140.14168721169162, 35.62471899694999]]}}, {"type": "Feature", "properties": {"id": "京葉道路-下り-0-510", "route": "京葉道路", "direction": "下り", "from": "貝塚IC", "to": null, "grade": 0.79, "elevation_start": 16.4, "elevation_end": 16.8, "quality": "measured", "structure": "normal", "chain_rank": 0, "cum_dist_start": 25500.0, "cum_dist_end": 25550.0, "anomaly": false}, "geometry": {"type": "LineString", "coordinates": [[140.14168721169162, 35.62471899694999], [140.1419224026197, 35.624601114873336], [140.14215639411202, 35.62448169515994]]}}, {"type": "Feature", "properties": {"id": "京葉道路-下り-0-511", "route": "京葉道路", "direction": "下り", "from": "貝塚IC", "to": null, "grade": -0.09, "elevation_start": 16.8, "elevation_end": 16.8, "quality": "measured", "structure": "normal", "chain_rank": 0, "cum_dist_start": 25550.0, "cum_dist_end": 25600.0, "anomaly": false}, "geometry": {"type": "LineString", "coordinates": [[140.14215639411202, 35.62448169515994], [140.1423867039343, 35.62435755566831], [140.14261208384048, 35.624227649222874]]}}, {"type": "Feature", "properties": {"id": "京葉道路-下り-0-512", "route": "京葉道路", "direction": "下り", "from": "貝塚IC", "to": null, "grade": -0.75, "elevation_start": 16.8, "elevation_end": 16.4, "quality": "measured", "structure": "normal", "chain_rank": 0, "cum_dist_start": 25600.0, "cum_dist_end": 25650.0, "anomaly": false}, "geometry": {"type": "LineString", "coordinates": [[140.14261208384048, 35.624227649222874], [140.14283054008436, 35.62409012833698], [140.14304165102408, 35.62394501440585]]}}, {"type": "Feature", "properties": {"id": "京葉道路-下り-0-513", "route": "京葉道路", "direction": "下り", "from": "貝塚IC", "to": null, "grade": -0.68, "elevation_start": 16.4, "elevation_end": 16.0, "quality": "measured", "structure": "normal", "chain_rank": 0, "cum_dist_start": 25650.0, "cum_dist_end": 25700.0, "anomaly": false}, "geometry": {"type": "LineString", "coordinates": [[140.14304165102408, 35.62394501440585], [140.14325012718265, 35.62379737728045], [140.14345144414648, 35.62364328781095]]}}, {"type": "Feature", "properties": {"id": "京葉道路-下り-0-514", "route": "京葉道路", "direction": "下り", "from": "貝塚IC", "to": null, "grade": -0.73, "elevation_start": 16.0, "elevation_end": 15.7, "quality": "estimated", "structure": "normal", "chain_rank": 0, "cum_dist_start": 25700.0, "cum_dist_end": 25750.0, "anomaly": false}, "geometry": {"type": "LineString", "coordinates": [[140.14345144414648, 35.62364328781095], [140.14364970620758, 35.62348656930285], [140.143842877444, 35.623325652184114]]}}, {"type": "Feature", "properties": {"id": "京葉道路-下り-0-515", "route": "京葉道路", "direction": "下り", "from": "貝塚IC", "to": null, "grade": -0.73, "elevation_start": 15.7, "elevation_end": 15.3, "quality": "estimated", "structure": "normal", "chain_rank": 0, "cum_dist_start": 25750.0, "cum_dist_end": 25800.0, "anomaly": false}, "geometry": {"type": "LineString", "coordinates": [[140.143842877444, 35.623325652184114], [140.14403604868045, 35.62316473506538], [140.14421927740528, 35.62299629962272]]}}, {"type": "Feature", "properties": {"id": "京葉道路-下り-0-516", "route": "京葉道路", "direction": "下り", "from": "貝塚IC", "to": null, "grade": -0.73, "elevation_start": 15.3, "elevation_end": 14.9, "quality": "estimated", "structure": "normal", "chain_rank": 0, "cum_dist_start": 25800.0, "cum_dist_end": 25850.0, "anomaly": false}, "geometry": {"type": "LineString", "coordinates": [[140.14421927740528, 35.62299629962272], [140.14440101100348, 35.622826733595886], [140.1445827446017, 35.62265716756905]]}}, {"type": "Feature", "properties": {"id": "京葉道路-下り-0-517", "route": "京葉道路", "direction": "下り", "from": "貝塚IC", "to": null, "grade": -0.73, "elevation_start": 14.9, "elevation_end": 14.6, "quality": "estimated", "structure": "tunnel", "chain_rank": 0, "cum_dist_start": 25850.0, "cum_dist_end": 25900.0, "anomaly": false}, "geometry": {"type": "LineString", "coordinates": [[140.1445827446017, 35.62265716756905], [140.14476434633517, 35.62248750990921], [140.144940344388, 35.62231395824349]]}}, {"type": "Feature", "properties": {"id": "京葉道路-下り-0-518", "route": "京葉道路", "direction": "下り", "from": "貝塚IC", "to": null, "grade": -0.73, "elevation_start": 14.6, "elevation_end": 14.2, "quality": "estimated", "structure": "tunnel", "chain_rank": 0, "cum_dist_start": 25900.0, "cum_dist_end": 25950.0, "anomaly": false}, "geometry": {"type": "LineString", "coordinates": [[140.144940344388, 35.62231395824349], [140.14511634244084, 35.62214040657776], [140.14529251751676, 35.62196697529187]]}}, {"type": "Feature", "properties": {"id": "京葉道路-下り-0-519", "route": "京葉道路", "direction": "下り", "from": "貝塚IC", "to": null, "grade": -0.73, "elevation_start": 14.2, "elevation_end": 13.9, "quality": "estimated", "structure": "tunnel", "chain_rank": 0, "cum_dist_start": 25950.0, "cum_dist_end": 26000.0, "anomaly": false}, "geometry": {"type": "LineString", "coordinates": [[140.14529251751676, 35.62196697529187], [140.14546938973584, 35.621794018079626], [140.14564626195488, 35.62162106086738]]}}, {"type": "Feature", "properties": {"id": "京葉道路-下り-0-520", "route": "京葉道路", "direction": "下り", "from": "貝塚IC", "to": null, "grade": -0.73, "elevation_start": 13.9, "elevation_end": 13.5, "quality": "estimated", "structure": "tunnel", "chain_rank": 0, "cum_dist_start": 26000.0, "cum_dist_end": 26050.0, "anomaly": false}, "geometry": {"type": "LineString", "coordinates": [[140.14564626195488, 35.62162106086738], [140.14582313417395, 35.62144810365514], [140.14600000639302, 35.6212751464429]]}}, {"type": "Feature", "properties": {"id": "京葉道路-下り-0-521", "route": "京葉道路", "direction": "下り", "from": "貝塚IC", "to": null, "grade": -0.73, "elevation_start": 13.5, "elevation_end": 13.1, "quality": "estimated", "structure": "tunnel", "chain_rank": 0, "cum_dist_start": 26050.0, "cum_dist_end": 26100.0, "anomaly": false}, "geometry": {"type": "LineString", "coordinates": [[140.14600000639302, 35.6212751464429], [140.14617654808708, 35.62110196531487], [140.14635239966887, 35.62092831666685]]}}, {"type": "Feature", "properties": {"id": "京葉道路-下り-0-522", "route": "京葉道路", "direction": "下り", "from": "貝塚IC", "to": null, "grade": -0.73, "elevation_start": 13.1, "elevation_end": 12.8, "quality": "estimated", "structure": "normal", "chain_rank": 0, "cum_dist_start": 26100.0, "cum_dist_end": 26150.0, "anomaly": false}, "geometry": {"type": "LineString", "coordinates": [[140.14635239966887, 35.62092831666685], [140.14652825125066, 35.62075466801883], [140.14670360890656, 35.620580690120875]]}}, {"type": "Feature", "properties": {"id": "京葉道路-下り-0-523", "route": "京葉道路", "direction": "下り", "from": "貝塚IC", "to": null, "grade": -0.73, "elevation_start": 12.8, "elevation_end": 12.4, "quality": "estimated", "structure": "normal", "chain_rank": 0, "cum_dist_start": 26150.0, "cum_dist_end": 26200.0, "anomaly": false}, "geometry": {"type": "LineString", "coordinates": [[140.14670360890656, 35.620580690120875], [140.14687688332683, 35.62040532354237], [140.14705015774706, 35.62022995696387]]}}, {"type": "Feature", "properties": {"id": "京葉道路-下り-0-524", "route": "京葉道路", "direction": "下り", "from": "貝塚IC", "to": null, "grade": -0.14, "elevation_start": 12.4, "elevation_end": 12.3, "quality": "estimated", "structure": "normal", "chain_rank": 0, "cum_dist_start": 26200.0, "cum_dist_end": 26250.0, "anomaly": false}, "geometry": {"type": "LineString", "coordinates": [[140.14705015774706, 35.62022995696387], [140.14722343216732, 35.620054590385365], [140.14739541346898, 35.61987837785937]]}}, {"type": "Feature", "properties": {"id": "京葉道路-下り-0-525", "route": "京葉道路", "direction": "下り", "from": "貝塚IC", "to": null, "grade": 2.87, "elevation_start": 12.3, "elevation_end": 13.8, "quality": "measured", "structure": "normal", "chain_rank": 0, "cum_dist_start": 26250.0, "cum_dist_end": 26300.0, "anomaly": false}, "geometry": {"type": "LineString", "coordinates": [[140.14739541346898, 35.61987837785937], [140.14756677499753, 35.619701775058466], [140.14773164734396, 35.61952108967658]]}}, {"type": "Feature", "properties": {"id": "京葉道路-下り-0-526", "route": "京葉道路", "direction": "下り", "from": "貝塚IC", "to": null, "grade": 8.03, "elevation_start": 13.8, "elevation_end": 17.8, "quality": "estimated", "structure": "normal", "chain_rank": 0, "cum_dist_start": 26300.0, "cum_dist_end": 26350.0, "anomaly": true}, "geometry": {"type": "LineString", "coordinates": [[140.14773164734396, 35.61952108967658], [140.1478965196904, 35.6193404042947], [140.14806139203682, 35.61915971891282]]}}, {"type": "Feature", "properties": {"id": "京葉道路-下り-0-527", "route": "京葉道路", "direction": "下り", "from": "貝塚IC", "to": null, "grade": 1.68, "elevation_start": 17.8, "elevation_end": 18.6, "quality": "measured", "structure": "normal", "chain_rank": 0, "cum_dist_start": 26350.0, "cum_dist_end": 26400.0, "anomaly": false}, "geometry": {"type": "LineString", "coordinates": [[140.14806139203682, 35.61915971891282], [140.14822249464936, 35.61897678947448], [140.1483827822748, 35.618793374888625]]}}, {"type": "Feature", "properties": {"id": "京葉道路-下り-0-528", "route": "京葉道路", "direction": "下り", "from": "貝塚IC", "to": null, "grade": 0.66, "elevation_start": 18.6, "elevation_end": 18.9, "quality": "measured", "structure": "normal", "chain_rank": 0, "cum_dist_start": 26400.0, "cum_dist_end": 26450.0, "anomaly": false}, "geometry": {"type": "LineString", "coordinates": [[140.1483827822748, 35.618793374888625], [140.1485446214874, 35.61861087625541], [140.14870761326077, 35.61842905801654]]}}, {"type": "Feature", "properties": {"id": "京葉道路-下り-0-529", "route": "京葉道路", "direction": "下り", "from": "貝塚IC", "to": null, "grade": 0.62, "elevation_start": 18.9, "elevation_end": 19.2, "quality": "measured", "structure": "normal", "chain_rank": 0, "cum_dist_start": 26450.0, "cum_dist_end": 26500.0, "anomaly": false}, "geometry": {"type": "LineString", "coordinates": [[140.14870761326077, 35.61842905801654], [140.14887060503412, 35.61824723977766], [140.1490373940064, 35.61806774070975]]}}, {"type": "Feature", "properties": {"id": "京葉道路-下り-0-530", "route": "京葉道路", "direction": "下り", "from": "貝塚IC", "to": null, "grade": 0.51, "elevation_start": 19.2, "elevation_end": 19.5, "quality": "measured", "structure": "normal", "chain_rank": 0, "cum_dist_start": 26500.0, "cum_dist_end": 26550.0, "anomaly": false}, "geometry": {"type": "LineString", "coordinates": [[140.1490373940064, 35.61806774070975], [140.1492048870638, 35.61788867166771], [140.14937238012124, 35.617709602625666]]}}, {"type": "Feature", "properties": {"id": "京葉道路-下り-0-531", "route": "京葉道路", "direction": "下り", "from": "貝塚IC", "to": null, "grade": 0.76, "elevation_start": 19.5, "elevation_end": 19.9, "quality": "measured", "structure": "normal", "chain_rank": 0, "cum_dist_start": 26550.0, "cum_dist_end": 26600.0, "anomaly": false}, "geometry": {"type": "LineString", "coordinates": [[140.14937238012124, 35.617709602625666], [140.14953987317864, 35.617530533583626], [140.14970736623604, 35.617351464541585]]}}, {"type": "Feature", "properties": {"id": "京葉道路-下り-0-532", "route": "京葉道路", "direction": "下り", "from": "貝塚IC", "to": null, "grade": 0.29, "elevation_start": 19.9, "elevation_end": 20.0, "quality": "measured", "structure": "normal", "chain_rank": 0, "cum_dist_start": 26600.0, "cum_dist_end": 26650.0, "anomaly": false}, "geometry": {"type": "LineString", "coordinates": [[140.14970736623604, 35.617351464541585], [140.14987203099838, 35.61717066609895], [140.15003540329465, 35.61698907735987]]}}, {"type": "Feature", "properties": {"id": "京葉道路-下り-0-533", "route": "京葉道路", "direction": "下り", "from": "貝塚IC", "to": null, "grade": 0.78, "elevation_start": 20.0, "elevation_end": 20.4, "quality": "measured", "structure": "normal", "chain_rank": 0, "cum_dist_start": 26650.0, "cum_dist_end": 26700.0, "anomaly": false}, "geometry": {"type": "LineString", "coordinates": [[140.15003540329465, 35.61698907735987], [140.15019906235665, 35.616807661776654], [140.15036356150569, 35.616626753457815]]}}, {"type": "Feature", "properties": {"id": "京葉道路-下り-0-534", "route": "京葉道路", "direction": "下り", "from": "貝塚IC", "to": null, "grade": 0.43, "elevation_start": 20.4, "elevation_end": 20.6, "quality": "measured", "structure": "normal", "chain_rank": 0, "cum_dist_start": 26700.0, "cum_dist_end": 26750.0, "anomaly": false}, "geometry": {"type": "LineString", "coordinates": [[140.15036356150569, 35.616626753457815], [140.15052806065475, 35.61644584513897], [140.15069255980382, 35.61626493682012]]}}, {"type": "Feature", "properties": {"id": "京葉道路-下り-0-535", "route": "京葉道路", "direction": "下り", "from": "貝塚IC", "to": null, "grade": 0.23, "elevation_start": 20.6, "elevation_end": 20.7, "quality": "measured", "structure": "normal", "chain_rank": 0, "cum_dist_start": 26750.0, "cum_dist_end": 26800.0, "anomaly": false}, "geometry": {"type": "LineString", "coordinates": [[140.15069255980382, 35.61626493682012], [140.15085705895285, 35.61608402850128], [140.15102155810192, 35.61590312018244]]}}, {"type": "Feature", "properties": {"id": "京葉道路-下り-0-536", "route": "京葉道路", "direction": "下り", "from": "貝塚IC", "to": null, "grade": 0.88, "elevation_start": 20.7, "elevation_end": 21.2, "quality": "measured", "structure": "normal", "chain_rank": 0, "cum_dist_start": 26800.0, "cum_dist_end": 26850.0, "anomaly": false}, "geometry": {"type": "LineString", "coordinates": [[140.15102155810192, 35.61590312018244], [140.15118535917787, 35.61572179103809], [140.151349041928, 35.61554039056235]]}}, {"type": "Feature", "properties": {"id": "京葉道路-下り-0-537", "route": "京葉道路", "direction": "下り", "from": "貝塚IC", "to": null, "grade": 0.92, "elevation_start": 21.2, "elevation_end": 21.6, "quality": "measured", "structure": "normal", "chain_rank": 0, "cum_dist_start": 26850.0, "cum_dist_end": 26900.0, "anomaly": false}, "geometry": {"type": "LineString", "coordinates": [[140.151349041928, 35.61554039056235], [140.15151272467813, 35.61535899008661], [140.1516739390782, 35.61517612574584]]}}, {"type": "Feature", "properties": {"id": "京葉道路-下り-0-538", "route": "京葉道路", "direction": "下り", "from": "貝塚IC", "to": null, "grade": 0.64, "elevation_start": 21.6, "elevation_end": 22.0, "quality": "measured", "structure": "normal", "chain_rank": 0, "cum_dist_start": 26900.0, "cum_dist_end": 26950.0, "anomaly": false}, "geometry": {"type": "LineString", "coordinates": [[140.1516739390782, 35.61517612574584], [140.1518346269871, 35.61499294916735], [140.1519912763544, 35.614807504050255]]}}, {"type": "Feature", "properties": {"id": "京葉道路-下り-0-539", "route": "京葉道路", "direction": "下り", "from": "貝塚IC", "to": null, "grade": 0.58, "elevation_start": 22.0, "elevation_end": 22.3, "quality": "measured", "structure": "normal", "chain_rank": 0, "cum_dist_start": 26950.0, "cum_dist_end": 27000.0, "anomaly": false}, "geometry": {"type": "LineString", "coordinates": [[140.1519912763544, 35.614807504050255], [140.15213947203898, 35.61461745848222], [140.15228431744472, 35.61442567539225]]}}, {"type": "Feature", "properties": {"id": "京葉道路-下り-0-540", "route": "京葉道路", "direction": "下り", "from": "貝塚IC", "to": null, "grade": 0.0, "elevation_start": 22.3, "elevation_end": 22.3, "quality": "measured", "structure": "normal", "chain_rank": 0, "cum_dist_start": 27000.0, "cum_dist_end": 27050.0, "anomaly": false}, "geometry": {"type": "LineString", "coordinates": [[140.15228431744472, 35.61442567539225], [140.15241956457436, 35.614229327115375], [140.15254710008242, 35.61402951804708]]}}, {"type": "Feature", "properties": {"id": "京葉道路-下り-0-541", "route": "京葉道路", "direction": "下り", "from": "貝塚IC", "to": null, "grade": -0.0, "elevation_start": 22.3, "elevation_end": 22.3, "quality": "measured", "structure": "normal", "chain_rank": 0, "cum_dist_start": 27050.0, "cum_dist_end": 27100.0, "anomaly": false}, "geometry": {"type": "LineString", "coordinates": [[140.15254710008242, 35.61402951804708], [140.15266626482025, 35.61382635257546], [140.15277338588587, 35.61361872666091]]}}, {"type": "Feature", "properties": {"id": "京葉道路-下り-1-0", "route": "京葉道路", "direction": "下り", "from": null, "to": "蘇我IC", "grade": 0.0, "elevation_start": 9.4, "elevation_end": 9.4, "quality": "estimated", "structure": "bridge", "chain_rank": 1, "cum_dist_start": 0.0, "cum_dist_end": 50.0, "anomaly": false}, "geometry": {"type": "LineString", "coordinates": [[140.1397539, 35.5543178], [140.13971799457454, 35.55454120658635], [140.13968208914912, 35.55476461317269]]}}, {"type": "Feature", "properties": {"id": "京葉道路-下り-1-1", "route": "京葉道路", "direction": "下り", "from": null, "to": "蘇我IC", "grade": 0.0, "elevation_start": 9.4, "elevation_end": 9.4, "quality": "estimated", "structure": "bridge", "chain_rank": 1, "cum_dist_start": 50.0, "cum_dist_end": 100.0, "anomaly": false}, "geometry": {"type": "LineString", "coordinates": [[140.13968208914912, 35.55476461317269], [140.13964542373716, 35.55498793704001], [140.13960851199218, 35.555211234095765]]}}, {"type": "Feature", "properties": {"id": "京葉道路-下り-1-2", "route": "京葉道路", "direction": "下り", "from": null, "to": "蘇我IC", "grade": 0.0, "elevation_start": 9.4, "elevation_end": 9.4, "quality": "estimated", "structure": "normal", "chain_rank": 1, "cum_dist_start": 100.0, "cum_dist_end": 150.0, "anomaly": false}, "geometry": {"type": "LineString", "coordinates": [[140.13960851199218, 35.555211234095765], [140.1395716002472, 35.55543453115152], [140.1395346885022, 35.555657828207266]]}}, {"type": "Feature", "properties": {"id": "京葉道路-下り-1-3", "route": "京葉道路", "direction": "下り", "from": null, "to": "蘇我IC", "grade": 0.0, "elevation_start": 9.4, "elevation_end": 9.4, "quality": "estimated", "structure": "normal", "chain_rank": 1, "cum_dist_start": 150.0, "cum_dist_end": 200.0, "anomaly": false}, "geometry": {"type": "LineString", "coordinates": [[140.1395346885022, 35.555657828207266], [140.13949777675722, 35.55588112526302], [140.13946086501224, 35.556104422318775]]}}, {"type": "Feature", "properties": {"id": "京葉道路-下り-1-4", "route": "京葉道路", "direction": "下り", "from": null, "to": "蘇我IC", "grade": 0.0, "elevation_start": 9.4, "elevation_end": 9.4, "quality": "estimated", "structure": "normal", "chain_rank": 1, "cum_dist_start": 200.0, "cum_dist_end": 250.0, "anomaly": false}, "geometry": {"type": "LineString", "coordinates": [[140.13946086501224, 35.556104422318775], [140.13942395326725, 35.55632771937452], [140.13938704152227, 35.55655101643028]]}}, {"type": "Feature", "properties": {"id": "京葉道路-下り-1-5", "route": "京葉道路", "direction": "下り", "from": null, "to": "蘇我IC", "grade": 0.0, "elevation_start": 9.4, "elevation_end": 9.4, "quality": "measured", "structure": "normal", "chain_rank": 1, "cum_dist_start": 250.0, "cum_dist_end": 300.0, "anomaly": false}, "geometry": {"type": "LineString", "coordinates": [[140.13938704152227, 35.55655101643028], [140.1393500999409, 35.556774310201774], [140.13931313829553, 35.556997601764714]]}}, {"type": "Feature", "properties": {"id": "京葉道路-下り-1-6", "route": "京葉道路", "direction": "下り", "from": null, "to": "蘇我IC", "grade": 0.19, "elevation_start": 9.4, "elevation_end": 9.5, "quality": "estimated", "structure": "normal", "chain_rank": 1, "cum_dist_start": 300.0, "cum_dist_end": 350.0, "anomaly": false}, "geometry": {"type": "LineString", "coordinates": [[140.13931313829553, 35.556997601764714], [140.13927617665016, 35.55722089332765], [140.13923921500478, 35.5574441848906]]}}, {"type": "Feature", "properties": {"id": "京葉道路-下り-1-7", "route": "京葉道路", "direction": "下り", "from": null, "to": "蘇我IC", "grade": 0.38, "elevation_start": 9.5, "elevation_end": 9.7, "quality": "estimated", "structure": "normal", "chain_rank": 1, "cum_dist_start": 350.0, "cum_dist_end": 400.0, "anomaly": false}, "geometry": {"type": "LineString", "coordinates": [[140.13923921500478, 35.5574441848906], [140.1392027801567, 35.557667528052626], [140.13917411603018, 35.55789163234645]]}}, {"type": "Feature", "properties": {"id": "京葉道路-下り-1-8", "route": "京葉道路", "direction": "下り", "from": null, "to": "蘇我IC", "grade": 0.38, "elevation_start": 9.7, "elevation_end": 9.9, "quality": "estimated", "structure": "normal", "chain_rank": 1, "cum_dist_start": 400.0, "cum_dist_end": 450.0, "anomaly": false}, "geometry": {"type": "LineString", "coordinates": [[140.13917411603018, 35.55789163234645], [140.13914545190366, 35.55811573664027], [140.13911678777717, 35.55833984093409]]}}, {"type": "Feature", "properties": {"id": "京葉道路-下り-1-9", "route": "京葉道路", "direction": "下り", "from": null, "to": "蘇我IC", "grade": 0.38, "elevation_start": 9.9, "elevation_end": 10.1, "quality": "estimated", "structure": "bridge", "chain_rank": 1, "cum_dist_start": 450.0, "cum_dist_end": 500.0, "anomaly": false}, "geometry": {"type": "LineString", "coordinates": [[140.13911678777717, 35.55833984093409], [140.13907990177245, 35.55856313797059], [140.1390422892918, 35.55878635548129]]}}, {"type": "Feature", "properties": {"id": "京葉道路-下り-1-10", "route": "京葉道路", "direction": "下り", "from": null, "to": "蘇我IC", "grade": 0.38, "elevation_start": 10.1, "elevation_end": 10.2, "quality": "estimated", "structure": "bridge", "chain_rank": 1, "cum_dist_start": 500.0, "cum_dist_end": 550.0, "anomaly": false}, "geometry": {"type": "LineString", "coordinates": [[140.1390422892918, 35.55878635548129], [140.13900269793646, 35.559009345869065], [140.13896310658114, 35.55923233625685]]}}, {"type": "Feature", "properties": {"id": "京葉道路-下り-1-11", "route": "京葉道路", "direction": "下り", "from": null, "to": "蘇我IC", "grade": 0.38, "elevation_start": 10.2, "elevation_end": 10.4, "quality": "estimated", "structure": "bridge", "chain_rank": 1, "cum_dist_start": 550.0, "cum_dist_end": 600.0, "anomaly": false}, "geometry": {"type": "LineString", "coordinates": [[140.13896310658114, 35.55923233625685], [140.1389235152258, 35.559455326644624], [140.13888814937877, 35.5596787789129]]}}, {"type": "Feature", "properties": {"id": "京葉道路-下り-1-12", "route": "京葉道路", "direction": "下り", "from": null, "to": "蘇我IC", "grade": 0.38, "elevation_start": 10.4, "elevation_end": 10.6, "quality": "estimated", "structure": "normal", "chain_rank": 1, "cum_dist_start": 600.0, "cum_dist_end": 650.0, "anomaly": false}, "geometry": {"type": "LineString", "coordinates": [[140.13888814937877, 35.5596787789129], [140.1388547264416, 35.559902442580686], [140.13882145127695, 35.560126120985316]]}}, {"type": "Feature", "properties": {"id": "京葉道路-下り-1-13", "route": "京葉道路", "direction": "下り", "from": null, "to": "蘇我IC", "grade": 0.38, "elevation_start": 10.6, "elevation_end": 10.8, "quality": "estimated", "structure": "normal", "chain_rank": 1, "cum_dist_start": 650.0, "cum_dist_end": 700.0, "anomaly": false}, "geometry": {"type": "LineString", "coordinates": [[140.13882145127695, 35.560126120985316], [140.13878817611234, 35.56034979938995], [140.13875490094773, 35.56057347779457]]}}, {"type": "Feature", "properties": {"id": "京葉道路-下り-1-14", "route": "京葉道路", "direction": "下り", "from": null, "to": "蘇我IC", "grade": 0.38, "elevation_start": 10.8, "elevation_end": 11.0, "quality": "estimated", "structure": "normal", "chain_rank": 1, "cum_dist_start": 700.0, "cum_dist_end": 750.0, "anomaly": false}, "geometry": {"type": "LineString", "coordinates": [[140.13875490094773, 35.56057347779457], [140.1387216257831, 35.5607971561992], [140.13868835061848, 35.56102083460383]]}}, {"type": "Feature", "properties": {"id": "京葉道路-下り-1-15", "route": "京葉道路", "direction": "下り", "from": null, "to": "蘇我IC", "grade": 0.0, "elevation_start": 11.0, "elevation_end": 11.0, "quality": "measured", "structure": "normal", "chain_rank": 1, "cum_dist_start": 750.0, "cum_dist_end": 800.0, "anomaly": false}, "geometry": {"type": "LineString", "coordinates": [[140.13868835061848, 35.56102083460383], [140.13865507545384, 35.56124451300846], [140.13862180028923, 35.56146819141309]]}}, {"type": "Feature", "properties": {"id": "京葉道路-下り-1-16", "route": "京葉道路", "direction": "下り", "from": null, "to": "蘇我IC", "grade": 0.17, "elevation_start": 11.0, "elevation_end": 11.1, "quality": "measured", "structure": "normal", "chain_rank": 1, "cum_dist_start": 800.0, "cum_dist_end": 850.0, "anomaly": false}, "geometry": {"type": "LineString", "coordinates": [[140.13862180028923, 35.56146819141309], [140.1385884002024, 35.56169185679231], [140.13855186447816, 35.5619151952244]]}}, {"type": "Feature", "properties": {"id": "京葉道路-下り-1-17", "route": "京葉道路", "direction": "下り", "from": null, "to": "蘇我IC", "grade": 0.36, "elevation_start": 11.1, "elevation_end": 11.3, "quality": "measured", "structure": "normal", "chain_rank": 1, "cum_dist_start": 850.0, "cum_dist_end": 900.0, "anomaly": false}, "geometry": {"type": "LineString", "coordinates": [[140.13855186447816, 35.5619151952244], [140.13851532875395, 35.5621385336565], [140.13847879302975, 35.562361872088594]]}}, {"type": "Feature", "properties": {"id": "京葉道路-下り-1-18", "route": "京葉道路", "direction": "下り", "from": null, "to": "蘇我IC", "grade": 0.16, "elevation_start": 11.3, "elevation_end": 11.3, "quality": "measured", "structure": "normal", "chain_rank": 1, "cum_dist_start": 900.0, "cum_dist_end": 950.0, "anomaly": false}, "geometry": {"type": "LineString", "coordinates": [[140.13847879302975, 35.562361872088594], [140.1384422573055, 35.56258521052069], [140.1384057215813, 35.56280854895278]]}}, {"type": "Feature", "properties": {"id": "京葉道路-下り-1-19", "route": "京葉道路", "direction": "下り", "from": null, "to": "蘇我IC", "grade": 0.21, "elevation_start": 11.3, "elevation_end": 11.4, "quality": "estimated", "structure": "normal", "chain_rank": 1, "cum_dist_start": 950.0, "cum_dist_end": 1000.0, "anomaly": false}, "geometry": {"type": "LineString", "coordinates": [[140.1384057215813, 35.56280854895278], [140.13836918585707, 35.563031887384874], [140.13833265013287, 35.56325522581697]]}}, {"type": "Feature", "properties": {"id": "京葉道路-下り-1-20", "route": "京葉道路", "direction": "下り", "from": null, "to": "蘇我IC", "grade": 0.26, "elevation_start": 11.4, "elevation_end": 11.6, "quality": "estimated", "structure": "normal", "chain_rank": 1, "cum_dist_start": 1000.0, "cum_dist_end": 1050.0, "anomaly": false}, "geometry": {"type": "LineString", "coordinates": [[140.13833265013287, 35.56325522581697], [140.1382911033914, 35.563477977968454], [140.1382494658662, 35.5637007194984]]}}, {"type": "Feature", "properties": {"id": "京葉道路-下り-1-21", "route": "京葉道路", "direction": "下り", "from": null, "to": "蘇我IC", "grade": 0.26, "elevation_start": 11.6, "elevation_end": 11.7, "quality": "estimated", "structure": "normal", "chain_rank": 1, "cum_dist_start": 1050.0, "cum_dist_end": 1100.0, "anomaly": false}, "geometry": {"type": "LineString", "coordinates": [[140.1382494658662, 35.5637007194984], [140.13820782834102, 35.563923461028345], [140.13816619081587, 35.56414620255829]]}}, {"type": "Feature", "properties": {"id": "京葉道路-下り-1-22", "route": "京葉道路", "direction": "下り", "from": null, "to": "蘇我IC", "grade": 0.26, "elevation_start": 11.7, "elevation_end": 11.8, "quality": "estimated", "structure": "bridge", "chain_rank": 1, "cum_dist_start": 1100.0, "cum_dist_end": 1150.0, "anomaly": false}, "geometry": {"type": "LineString", "coordinates": [[140.13816619081587, 35.56414620255829], [140.13812467298249, 35.56436895850384], [140.13808360314863, 35.564591767131134]]}}, {"type": "Feature", "properties": {"id": "京葉道路-下り-1-23", "route": "京葉道路", "direction": "下り", "from": null, "to": "蘇我IC", "grade": 0.26, "elevation_start": 11.8, "elevation_end": 12.0, "quality": "estimated", "structure": "bridge", "chain_rank": 1, "cum_dist_start": 1150.0, "cum_dist_end": 1200.0, "anomaly": false}, "geometry": {"type": "LineString", "coordinates": [[140.13808360314863, 35.564591767131134], [140.13804571650053, 35.56481494607363], [140.1380092919429, 35.56503829665774]]}}, {"type": "Feature", "properties": {"id": "京葉道路-下り-1-24", "route": "京葉道路", "direction": "下り", "from": null, "to": "蘇我IC", "grade": 0.26, "elevation_start": 12.0, "elevation_end": 12.1, "quality": "estimated", "structure": "bridge", "chain_rank": 1, "cum_dist_start": 1200.0, "cum_dist_end": 1250.0, "anomaly": false}, "geometry": {"type": "LineString", "coordinates": [[140.1380092919429, 35.56503829665774], [140.13797227269436, 35.56526158080595], [140.13793643519048, 35.56548499461954]]}}, {"type": "Feature", "properties": {"id": "京葉道路-下り-1-25", "route": "京葉道路", "direction": "下り", "from": "蘇我IC", "to": "松ヶ丘IC", "grade": 0.26, "elevation_start": 12.1, "elevation_end": 12.2, "quality": "estimated", "structure": "normal", "chain_rank": 1, "cum_dist_start": 1250.0, "cum_dist_end": 1300.0, "anomaly": false}, "geometry": {"type": "LineString", "coordinates": [[140.13793643519048, 35.56548499461954], [140.13790091753458, 35.565708442702935], [140.1378654400591, 35.56593189502509]]}}, {"type": "Feature", "properties": {"id": "京葉道路-下り-1-26", "route": "京葉道路", "direction": "下り", "from": "蘇我IC", "to": "松ヶ丘IC", "grade": 0.26, "elevation_start": 12.2, "elevation_end": 12.3, "quality": "estimated", "structure": "normal", "chain_rank": 1, "cum_dist_start": 1300.0, "cum_dist_end": 1350.0, "anomaly": false}, "geometry": {"type": "LineString", "coordinates": [[140.1378654400591, 35.56593189502509], [140.13783034212733, 35.566155387386544], [140.1377952441956, 35.56637887974801]]}}, {"type": "Feature", "properties": {"id": "京葉道路-下り-1-27", "route": "京葉道路", "direction": "下り", "from": "蘇我IC", "to": "松ヶ丘IC", "grade": 0.26, "elevation_start": 12.3, "elevation_end": 12.5, "quality": "estimated", "structure": "normal", "chain_rank": 1, "cum_dist_start": 1350.0, "cum_dist_end": 1400.0, "anomaly": false}, "geometry": {"type": "LineString", "coordinates": [[140.1377952441956, 35.56637887974801], [140.1377667623295, 35.56660292483545], [140.13774577731525, 35.5668275962324]]}}, {"type": "Feature", "properties": {"id": "京葉道路-下り-1-28", "route": "京葉道路", "direction": "下り", "from": "蘇我IC", "to": "松ヶ丘IC", "grade": 0.26, "elevation_start": 12.5, "elevation_end": 12.6, "quality": "estimated", "structure": "normal", "chain_rank": 1, "cum_dist_start": 1400.0, "cum_dist_end": 1450.0, "anomaly": false}, "geometry": {"type": "LineString", "coordinates": [[140.13774577731525, 35.5668275962324], [140.13773063333426, 35.56705248396063], [140.13772665432518, 35.567277785200076]]}}, {"type": "Feature", "properties": {"id": "京葉道路-下り-1-29", "route": "京葉道路", "direction": "下り", "from": "蘇我IC", "to": "松ヶ丘IC", "grade": 0.26, "elevation_start": 12.6, "elevation_end": 12.7, "quality": "estimated", "structure": "normal", "chain_rank": 1, "cum_dist_start": 1450.0, "cum_dist_end": 1500.0, "anomaly": false}, "geometry": {"type": "LineString", "coordinates": [[140.13772665432518, 35.567277785200076], [140.1377226753161, 35.567503086439515], [140.13773241817452, 35.56772823258556]]}}, {"type": "Feature", "properties": {"id": "京葉道路-下り-1-30", "route": "京葉道路", "direction": "下り", "from": "蘇我IC", "to": "松ヶ丘IC", "grade": 0.26, "elevation_start": 12.7, "elevation_end": 12.9, "quality": "estimated", "structure": "normal", "chain_rank": 1, "cum_dist_start": 1500.0, "cum_dist_end": 1550.0, "anomaly": false}, "geometry": {"type": "LineString", "coordinates": [[140.13773241817452, 35.56772823258556], [140.1377495263318, 35.56795309163673], [140.13777706780112, 35.56817723194939]]}}, {"type": "Feature", "properties": {"id": "京葉道路-下り-1-31", "route": "京葉道路", "direction": "下り", "from": "蘇我IC", "to": "松ヶ丘IC", "grade": 0.26, "elevation_start": 12.9, "elevation_end": 13.0, "quality": "estimated", "structure": "normal", "chain_rank": 1, "cum_dist_start": 1550.0, "cum_dist_end": 1600.0, "anomaly": false}, "geometry": {"type": "LineString", "coordinates": [[140.13777706780112, 35.56817723194939], [140.1378165920845, 35.568400179351656], [140.13787071124864, 35.5686210630049]]}}, {"type": "Feature", "properties": {"id": "京葉道路-下り-1-32", "route": "京葉道路", "direction": "下り", "from": "蘇我IC", "to": "松ヶ丘IC", "grade": 0.26, "elevation_start": 13.0, "elevation_end": 13.1, "quality": "estimated", "structure": "bridge", "chain_rank": 1, "cum_dist_start": 1600.0, "cum_dist_end": 1650.0, "anomaly": false}, "geometry": {"type": "LineString", "coordinates": [[140.13787071124864, 35.5686210630049], [140.13793317647983, 35.5688405207754], [140.13800462744408, 35.569058135244504]]}}, {"type": "Feature", "properties": {"id": "京葉道路-下り-1-33", "route": "京葉道路", "direction": "下り", "from": "蘇我IC", "to": "松ヶ丘IC", "grade": 0.26, "elevation_start": 13.1, "elevation_end": 13.2, "quality": "estimated", "structure": "bridge", "chain_rank": 1, "cum_dist_start": 1650.0, "cum_dist_end": 1700.0, "anomaly": false}, "geometry": {"type": "LineString", "coordinates": [[140.13800462744408, 35.569058135244504], [140.13808262982127, 35.569274216319755], [140.13817883038755, 35.569485325991764]]}}, {"type": "Feature", "properties": {"id": "京葉道路-下り-1-34", "route": "京葉道路", "direction": "下り", "from": "蘇我IC", "to": "松ヶ丘IC", "grade": 0.26, "elevation_start": 13.2, "elevation_end": 13.4, "quality": "estimated", "structure": "normal", "chain_rank": 1, "cum_dist_start": 1700.0, "cum_dist_end": 1750.0, "anomaly": false}, "geometry": {"type": "LineString", "coordinates": [[140.13817883038755, 35.569485325991764], [140.13828755467392, 35.56969240111206], [140.1384009876329, 35.569897760409134]]}}, {"type": "Feature", "properties": {"id": "京葉道路-下り-1-35", "route": "京葉道路", "direction": "下り", "from": "蘇我IC", "to": "松ヶ丘IC", "grade": 0.26, "elevation_start": 13.4, "elevation_end": 13.5, "quality": "estimated", "structure": "normal", "chain_rank": 1, "cum_dist_start": 1750.0, "cum_dist_end": 1800.0, "anomaly": false}, "geometry": {"type": "LineString", "coordinates": [[140.1384009876329, 35.569897760409134], [140.13852560731087, 35.57009873292744], [140.13866603083358, 35.57029255106375]]}}, {"type": "Feature", "properties": {"id": "京葉道路-下り-1-36", "route": "京葉道路", "direction": "下り", "from": "蘇我IC", "to": "松ヶ丘IC", "grade": 0.26, "elevation_start": 13.5, "elevation_end": 13.6, "quality": "estimated", "structure": "normal", "chain_rank": 1, "cum_dist_start": 1800.0, "cum_dist_end": 1850.0, "anomaly": false}, "geometry": {"type": "LineString", "coordinates": [[140.13866603083358, 35.57029255106375], [140.138809391838, 35.57048502700139], [140.13896433737003, 35.5706714270381]]}}, {"type": "Feature", "properties": {"id": "京葉道路-下り-1-37", "route": "京葉道路", "direction": "下り", "from": "蘇我IC", "to": "松ヶ丘IC", "grade": 0.26, "elevation_start": 13.6, "elevation_end": 13.8, "quality": "estimated", "structure": "bridge", "chain_rank": 1, "cum_dist_start": 1850.0, "cum_dist_end": 1900.0, "anomaly": false}, "geometry": {"type": "LineString", "coordinates": [[140.13896433737003, 35.5706714270381], [140.1391255704007, 35.5708542042327], [140.13928964045368, 35.57103531418848]]}}, {"type": "Feature", "properties": {"id": "京葉道路-下り-1-38", "route": "京葉道路", "direction": "下り", "from": "蘇我IC", "to": "松ヶ丘IC", "grade": 0.26, "elevation_start": 13.8, "elevation_end": 13.9, "quality": "estimated", "structure": "bridge", "chain_rank": 1, "cum_dist_start": 1900.0, "cum_dist_end": 1950.0, "anomaly": false}, "geometry": {"type": "LineString", "coordinates": [[140.13928964045368, 35.57103531418848], [140.1394556064525, 35.57121525253048], [140.13962918586006, 35.571390349682815]]}}, {"type": "Feature", "properties": {"id": "京葉道路-下り-1-39", "route": "京葉道路", "direction": "下り", "from": "蘇我IC", "to": "松ヶ丘IC", "grade": 0.26, "elevation_start": 13.9, "elevation_end": 14.0, "quality": "estimated", "structure": "bridge", "chain_rank": 1, "cum_dist_start": 1950.0, "cum_dist_end": 2000.0, "anomaly": false}, "geometry": {"type": "LineString", "coordinates": [[140.13962918586006, 35.571390349682815], [140.13980276526766, 35.571565446835145], [140.13997634467526, 35.57174054398748]]}}, {"type": "Feature", "properties": {"id": "京葉道路-下り-1-40", "route": "京葉道路", "direction": "下り", "from": "蘇我IC", "to": "松ヶ丘IC", "grade": 0.26, "elevation_start": 14.0, "elevation_end": 14.1, "quality": "estimated", "structure": "bridge", "chain_rank": 1, "cum_dist_start": 2000.0, "cum_dist_end": 2050.0, "anomaly": false}, "geometry": {"type": "LineString", "coordinates": [[140.13997634467526, 35.57174054398748], [140.14014937934303, 35.57191599527115], [140.1403191497231, 35.57209356864414]]}}, {"type": "Feature", "properties": {"id": "京葉道路-下り-1-41", "route": "京葉道路", "direction": "下り", "from": "蘇我IC", "to": "松ヶ丘IC", "grade": 0.26, "elevation_start": 14.1, "elevation_end": 14.3, "quality": "estimated", "structure": "bridge", "chain_rank": 1, "cum_dist_start": 2050.0, "cum_dist_end": 2100.0, "anomaly": false}, "geometry": {"type": "LineString", "coordinates": [[140.1403191497231, 35.57209356864414], [140.1404889201032, 35.57227114201713], [140.14065869048326, 35.572448715390124]]}}, {"type": "Feature", "properties": {"id": "京葉道路-下り-1-42", "route": "京葉道路", "direction": "下り", "from": "蘇我IC", "to": "松ヶ丘IC", "grade": 0.26, "elevation_start": 14.3, "elevation_end": 14.4, "quality": "estimated", "structure": "bridge", "chain_rank": 1, "cum_dist_start": 2100.0, "cum_dist_end": 2150.0, "anomaly": false}, "geometry": {"type": "LineString", "coordinates": [[140.14065869048326, 35.572448715390124], [140.1408356075099, 35.572621566705074], [140.14101268858286, 35.57279430962845]]}}, {"type": "Feature", "properties": {"id": "京葉道路-下り-1-43", "route": "京葉道路", "direction": "下り", "from": "蘇我IC", "to": "松ヶ丘IC", "grade": 0.26, "elevation_start": 14.4, "elevation_end": 14.5, "quality": "estimated", "structure": "bridge", "chain_rank": 1, "cum_dist_start": 2150.0, "cum_dist_end": 2200.0, "anomaly": false}, "geometry": {"type": "LineString", "coordinates": [[140.14101268858286, 35.57279430962845], [140.1411897696558, 35.57296705255183], [140.14136685072876, 35.57313979547521]]}}, {"type": "Feature", "properties": {"id": "京葉道路-下り-1-44", "route": "京葉道路", "direction": "下り", "from": "蘇我IC", "to": "松ヶ丘IC", "grade": 0.26, "elevation_start": 14.5, "elevation_end": 14.6, "quality": "estimated", "structure": "bridge", "chain_rank": 1, "cum_dist_start": 2200.0, "cum_dist_end": 2250.0, "anomaly": false}, "geometry": {"type": "LineString", "coordinates": [[140.14136685072876, 35.57313979547521], [140.1415439318017, 35.57331253839858], [140.14172101287465, 35.57348528132196]]}}, {"type": "Feature", "properties": {"id": "京葉道路-下り-1-45", "route": "京葉道路", "direction": "下り", "from": "蘇我IC", "to": "松ヶ丘IC", "grade": 0.26, "elevation_start": 14.6, "elevation_end": 14.8, "quality": "estimated", "structure": "bridge", "chain_rank": 1, "cum_dist_start": 2250.0, "cum_dist_end": 2300.0, "anomaly": false}, "geometry": {"type": "LineString", "coordinates": [[140.14172101287465, 35.57348528132196], [140.14189697682403, 35.573658782494746], [140.1420721719784, 35.57383280548835]]}}, {"type": "Feature", "properties": {"id": "京葉道路-下り-1-46", "route": "京葉道路", "direction": "下り", "from": "蘇我IC", "to": "松ヶ丘IC", "grade": 0.26, "elevation_start": 14.8, "elevation_end": 14.9, "quality": "estimated", "structure": "normal", "chain_rank": 1, "cum_dist_start": 2300.0, "cum_dist_end": 2350.0, "anomaly": false}, "geometry": {"type": "LineString", "coordinates": [[140.1420721719784, 35.57383280548835], [140.1422473671328, 35.574006828481956], [140.14242257585866, 35.57418084242449]]}}, {"type": "Feature", "properties": {"id": "京葉道路-下り-1-47", "route": "京葉道路", "direction": "下り", "from": "蘇我IC", "to": "松ヶ丘IC", "grade": 0.26, "elevation_start": 14.9, "elevation_end": 15.0, "quality": "estimated", "structure": "normal", "chain_rank": 1, "cum_dist_start": 2350.0, "cum_dist_end": 2400.0, "anomaly": false}, "geometry": {"type": "LineString", "coordinates": [[140.14242257585866, 35.57418084242449], [140.1425979145712, 35.57435476967629], [140.14277325328376, 35.57452869692809]]}}, {"type": "Feature", "properties": {"id": "京葉道路-下り-1-48", "route": "京葉道路", "direction": "下り", "from": "蘇我IC", "to": "松ヶ丘IC", "grade": 0.45, "elevation_start": 15.0, "elevation_end": 15.3, "quality": "estimated", "structure": "normal", "chain_rank": 1, "cum_dist_start": 2400.0, "cum_dist_end": 2450.0, "anomaly": false}, "geometry": {"type": "LineString", "coordinates": [[140.14277325328376, 35.57452869692809], [140.1429496115811, 35.574701925257514], [140.1431288628537, 35.57487317046084]]}}, {"type": "Feature", "properties": {"id": "京葉道路-下り-1-49", "route": "京葉道路", "direction": "下り", "from": "蘇我IC", "to": "松ヶ丘IC", "grade": 0.0, "elevation_start": 15.3, "elevation_end": 15.3, "quality": "measured", "structure": "normal", "chain_rank": 1, "cum_dist_start": 2450.0, "cum_dist_end": 2500.0, "anomaly": false}, "geometry": {"type": "LineString", "coordinates": [[140.1431288628537, 35.57487317046084], [140.1433081141263, 35.575044415664166], [140.14348406591338, 35.57521791220484]]}}, {"type": "Feature", "properties": {"id": "京葉道路-下り-1-50", "route": "京葉道路", "direction": "下り", "from": "蘇我IC", "to": "松ヶ丘IC", "grade": 0.32, "elevation_start": 15.3, "elevation_end": 15.4, "quality": "measured", "structure": "normal", "chain_rank": 1, "cum_dist_start": 2500.0, "cum_dist_end": 2550.0, "anomaly": false}, "geometry": {"type": "LineString", "coordinates": [[140.14348406591338, 35.57521791220484], [140.14365833730977, 35.575392555326154], [140.1438326087062, 35.575567198447466]]}}, {"type": "Feature", "properties": {"id": "京葉道路-下り-1-51", "route": "京葉道路", "direction": "下り", "from": "蘇我IC", "to": "松ヶ丘IC", "grade": 1.76, "elevation_start": 15.4, "elevation_end": 16.3, "quality": "estimated", "structure": "normal", "chain_rank": 1, "cum_dist_start": 2550.0, "cum_dist_end": 2600.0, "anomaly": false}, "geometry": {"type": "LineString", "coordinates": [[140.1438326087062, 35.575567198447466], [140.14400810201826, 35.57574102148498], [140.14418411060487, 35.575914498698076]]}}, {"type": "Feature", "properties": {"id": "京葉道路-下り-1-52", "route": "京葉道路", "direction": "下り", "from": "蘇我IC", "to": "松ヶ丘IC", "grade": 1.76, "elevation_start": 16.3, "elevation_end": 17.2, "quality": "estimated", "structure": "normal", "chain_rank": 1, "cum_dist_start": 2600.0, "cum_dist_end": 2650.0, "anomaly": false}, "geometry": {"type": "LineString", "coordinates": [[140.14418411060487, 35.575914498698076], [140.14436011919145, 35.57608797591117], [140.14453724339214, 35.57626068994511]]}}, {"type": "Feature", "properties": {"id": "京葉道路-下り-1-53", "route": "京葉道路", "direction": "下り", "from": "蘇我IC", "to": "松ヶ丘IC", "grade": 1.76, "elevation_start": 17.2, "elevation_end": 18.1, "quality": "estimated", "structure": "normal", "chain_rank": 1, "cum_dist_start": 2650.0, "cum_dist_end": 2700.0, "anomaly": false}, "geometry": {"type": "LineString", "coordinates": [[140.14453724339214, 35.57626068994511], [140.1447154675105, 35.57643265153762], [140.14489369162888, 35.57660461313014]]}}, {"type": "Feature", "properties": {"id": "京葉道路-下り-1-54", "route": "京葉道路", "direction": "下り", "from": "蘇我IC", "to": "松ヶ丘IC", "grade": 1.76, "elevation_start": 18.1, "elevation_end": 18.9, "quality": "estimated", "structure": "bridge", "chain_rank": 1, "cum_dist_start": 2700.0, "cum_dist_end": 2750.0, "anomaly": false}, "geometry": {"type": "LineString", "coordinates": [[140.14489369162888, 35.57660461313014], [140.14507171151197, 35.576776716226114], [140.14524832431715, 35.576949780111164]]}}, {"type": "Feature", "properties": {"id": "京葉道路-下り-1-55", "route": "京葉道路", "direction": "下り", "from": "蘇我IC", "to": "松ヶ丘IC", "grade": 1.76, "elevation_start": 18.9, "elevation_end": 19.8, "quality": "estimated", "structure": "normal", "chain_rank": 1, "cum_dist_start": 2750.0, "cum_dist_end": 2800.0, "anomaly": false}, "geometry": {"type": "LineString", "coordinates": [[140.14524832431715, 35.576949780111164], [140.14542384296382, 35.5771235906731], [140.14559936161046, 35.57729740123502]]}}, {"type": "Feature", "properties": {"id": "京葉道路-下り-1-56", "route": "京葉道路", "direction": "下り", "from": "蘇我IC", "to": "松ヶ丘IC", "grade": 1.76, "elevation_start": 19.8, "elevation_end": 20.7, "quality": "estimated", "structure": "normal", "chain_rank": 1, "cum_dist_start": 2800.0, "cum_dist_end": 2850.0, "anomaly": false}, "geometry": {"type": "LineString", "coordinates": [[140.14559936161046, 35.57729740123502], [140.14577488025714, 35.577471211796954], [140.1459503989038, 35.57764502235888]]}}, {"type": "Feature", "properties": {"id": "京葉道路-下り-1-57", "route": "京葉道路", "direction": "下り", "from": "蘇我IC", "to": "松ヶ丘IC", "grade": 1.76, "elevation_start": 20.7, "elevation_end": 21.6, "quality": "estimated", "structure": "normal", "chain_rank": 1, "cum_dist_start": 2850.0, "cum_dist_end": 2900.0, "anomaly": false}, "geometry": {"type": "LineString", "coordinates": [[140.1459503989038, 35.57764502235888], [140.14612591755048, 35.57781883292081], [140.14630143619712, 35.57799264348274]]}}, {"type": "Feature", "properties": {"id": "京葉道路-下り-1-58", "route": "京葉道路", "direction": "下り", "from": "蘇我IC", "to": "松ヶ丘IC", "grade": 0.87, "elevation_start": 21.6, "elevation_end": 22.0, "quality": "measured", "structure": "normal", "chain_rank": 1, "cum_dist_start": 2900.0, "cum_dist_end": 2950.0, "anomaly": false}, "geometry": {"type": "LineString", "coordinates": [[140.14630143619712, 35.57799264348274], [140.1464769548438, 35.57816645404467], [140.14664948694562, 35.57834224416073]]}}, {"type": "Feature", "properties": {"id": "京葉道路-下り-1-59", "route": "京葉道路", "direction": "下り", "from": "蘇我IC", "to": "松ヶ丘IC", "grade": 0.19, "elevation_start": 22.0, "elevation_end": 22.1, "quality": "measured", "structure": "normal", "chain_rank": 1, "cum_dist_start": 2950.0, "cum_dist_end": 3000.0, "anomaly": false}, "geometry": {"type": "LineString", "coordinates": [[140.14664948694562, 35.57834224416073], [140.14682138480296, 35.57851845466937], [140.14699328266033, 35.578694665178006]]}}, {"type": "Feature", "properties": {"id": "京葉道路-下り-1-60", "route": "京葉道路", "direction": "下り", "from": "蘇我IC", "to": "松ヶ丘IC", "grade": 0.0, "elevation_start": 22.1, "elevation_end": 22.1, "quality": "measured", "structure": "normal", "chain_rank": 1, "cum_dist_start": 3000.0, "cum_dist_end": 3050.0, "anomaly": false}, "geometry": {"type": "LineString", "coordinates": [[140.14699328266033, 35.578694665178006], [140.14716308356876, 35.578872177748956], [140.14732487896543, 35.579054661196864]]}}, {"type": "Feature", "properties": {"id": "京葉道路-下り-1-61", "route": "京葉道路", "direction": "下り", "from": "蘇我IC", "to": "松ヶ丘IC", "grade": -0.86, "elevation_start": 22.1, "elevation_end": 21.7, "quality": "measured", "structure": "normal", "chain_rank": 1, "cum_dist_start": 3050.0, "cum_dist_end": 3100.0, "anomaly": false}, "geometry": {"type": "LineString", "coordinates": [[140.14732487896543, 35.579054661196864], [140.14748137978322, 35.57924020054917], [140.147626686496, 35.579431667135395]]}}, {"type": "Feature", "properties": {"id": "京葉道路-下り-1-62", "route": "京葉道路", "direction": "下り", "from": "蘇我IC", "to": "松ヶ丘IC", "grade": -1.39, "elevation_start": 21.7, "elevation_end": 21.0, "quality": "measured", "structure": "normal", "chain_rank": 1, "cum_dist_start": 3100.0, "cum_dist_end": 3150.0, "anomaly": false}, "geometry": {"type": "LineString", "coordinates": [[140.147626686496, 35.579431667135395], [140.14776575106202, 35.5796262089352], [140.14789713082408, 35.57982429432192]]}}, {"type": "Feature", "properties": {"id": "京葉道路-下り-1-63", "route": "京葉道路", "direction": "下り", "from": "蘇我IC", "to": "松ヶ丘IC", "grade": -1.74, "elevation_start": 21.0, "elevation_end": 20.1, "quality": "measured", "structure": "normal", "chain_rank": 1, "cum_dist_start": 3150.0, "cum_dist_end": 3200.0, "anomaly": false}, "geometry": {"type": "LineString", "coordinates": [[140.14789713082408, 35.57982429432192], [140.14802061050065, 35.58002572409414], [140.14813205322596, 35.58023179472255]]}}, {"type": "Feature", "properties": {"id": "京葉道路-下り-1-64", "route": "京葉道路", "direction": "下り", "from": "蘇我IC", "to": "松ヶ丘IC", "grade": -2.05, "elevation_start": 20.1, "elevation_end": 19.1, "quality": "measured", "structure": "normal", "chain_rank": 1, "cum_dist_start": 3200.0, "cum_dist_end": 3250.0, "anomaly": false}, "geometry": {"type": "LineString", "coordinates": [[140.14813205322596, 35.58023179472255], [140.14823174409983, 35.58044188639451], [140.148323153935, 35.580654462738764]]}}, {"type": "Feature", "properties": {"id": "京葉道路-下り-1-65", "route": "京葉道路", "direction": "下り", "from": "蘇我IC", "to": "松ヶ丘IC", "grade": -2.1, "elevation_start": 19.1, "elevation_end": 18.0, "quality": "measured", "structure": "normal", "chain_rank": 1, "cum_dist_start": 3250.0, "cum_dist_end": 3300.0, "anomaly": false}, "geometry": {"type": "LineString", "coordinates": [[140.148323153935, 35.580654462738764], [140.14840200118206, 35.5808702385567], [140.14846926788806, 35.58108864819639]]}}, {"type": "Feature", "properties": {"id": "京葉道路-下り-1-66", "route": "京葉道路", "direction": "下り", "from": "蘇我IC", "to": "松ヶ丘IC", "grade": -1.32, "elevation_start": 18.0, "elevation_end": 17.4, "quality": "measured", "structure": "normal", "chain_rank": 1, "cum_dist_start": 3300.0, "cum_dist_end": 3350.0, "anomaly": false}, "geometry": {"type": "LineString", "coordinates": [[140.14846926788806, 35.58108864819639], [140.14852005830863, 35.58131011918411], [140.14857000651625, 35.58153168499198]]}}, {"type": "Feature", "properties": {"id": "京葉道路-下り-1-67", "route": "京葉道路", "direction": "下り", "from": "蘇我IC", "to": "松ヶ丘IC", "grade": -0.05, "elevation_start": 17.4, "elevation_end": 17.4, "quality": "measured", "structure": "normal", "chain_rank": 1, "cum_dist_start": 3350.0, "cum_dist_end": 3400.0, "anomaly": false}, "geometry": {"type": "LineString", "coordinates": [[140.14857000651625, 35.58153168499198], [140.14860273238924, 35.581755417552905], [140.14862884197916, 35.58197972748058]]}}, {"type": "Feature", "properties": {"id": "京葉道路-下り-1-68", "route": "京葉道路", "direction": "下り", "from": "蘇我IC", "to": "松ヶ丘IC", "grade": 0.08, "elevation_start": 17.4, "elevation_end": 17.4, "quality": "measured", "structure": "normal", "chain_rank": 1, "cum_dist_start": 3400.0, "cum_dist_end": 3450.0, "anomaly": false}, "geometry": {"type": "LineString", "coordinates": [[140.14862884197916, 35.58197972748058], [140.1486369325973, 35.582204946196455], [140.14863246758085, 35.58243023886135]]}}, {"type": "Feature", "properties": {"id": "京葉道路-下り-1-69", "route": "京葉道路", "direction": "下り", "from": "蘇我IC", "to": "松ヶ丘IC", "grade": 0.58, "elevation_start": 17.4, "elevation_end": 17.7, "quality": "measured", "structure": "normal", "chain_rank": 1, "cum_dist_start": 3450.0, "cum_dist_end": 3500.0, "anomaly": false}, "geometry": {"type": "LineString", "coordinates": [[140.14863246758085, 35.58243023886135], [140.14861833649195, 35.58265521502414], [140.14859166058244, 35.582879473321725]]}}, {"type": "Feature", "properties": {"id": "京葉道路-下り-1-70", "route": "京葉道路", "direction": "下り", "from": "蘇我IC", "to": "松ヶ丘IC", "grade": 2.14, "elevation_start": 17.7, "elevation_end": 18.8, "quality": "measured", "structure": "normal", "chain_rank": 1, "cum_dist_start": 3500.0, "cum_dist_end": 3550.0, "anomaly": false}, "geometry": {"type": "LineString", "coordinates": [[140.14859166058244, 35.582879473321725], [140.14855325824124, 35.583102589541674], [140.1485004804347, 35.58332369287021]]}}, {"type": "Feature", "properties": {"id": "京葉道路-下り-1-71", "route": "京葉道路", "direction": "下り", "from": "蘇我IC", "to": "松ヶ丘IC", "grade": 2.23, "elevation_start": 18.8, "elevation_end": 19.9, "quality": "measured", "structure": "normal", "chain_rank": 1, "cum_dist_start": 3550.0, "cum_dist_end": 3600.0, "anomaly": false}, "geometry": {"type": "LineString", "coordinates": [[140.1485004804347, 35.58332369287021], [140.14844897287696, 35.583545031421004], [140.14837196077778, 35.583761392606355]]}}, {"type": "Feature", "properties": {"id": "京葉道路-下り-1-72", "route": "京葉道路", "direction": "下り", "from": "蘇我IC", "to": "松ヶ丘IC", "grade": 3.4, "elevation_start": 19.9, "elevation_end": 21.6, "quality": "measured", "structure": "normal", "chain_rank": 1, "cum_dist_start": 3600.0, "cum_dist_end": 3650.0, "anomaly": false}, "geometry": {"type": "LineString", "coordinates": [[140.14837196077778, 35.583761392606355], [140.14829082406362, 35.58397674318487], [140.14820307088291, 35.58419036030263]]}}, {"type": "Feature", "properties": {"id": "京葉道路-下り-1-73", "route": "京葉道路", "direction": "下り", "from": "蘇我IC", "to": "松ヶ丘IC", "grade": 3.49, "elevation_start": 21.6, "elevation_end": 23.3, "quality": "measured", "structure": "normal", "chain_rank": 1, "cum_dist_start": 3650.0, "cum_dist_end": 3700.0, "anomaly": false}, "geometry": {"type": "LineString", "coordinates": [[140.14820307088291, 35.58419036030263], [140.14810898825345, 35.58440213182356], [140.14800243499658, 35.584609883129865]]}}, {"type": "Feature", "properties": {"id": "京葉道路-下り-1-74", "route": "京葉道路", "direction": "下り", "from": "蘇我IC", "to": "松ヶ丘IC", "grade": 1.16, "elevation_start": 23.3, "elevation_end": 23.9, "quality": "measured", "structure": "normal", "chain_rank": 1, "cum_dist_start": 3700.0, "cum_dist_end": 3750.0, "anomaly": false}, "geometry": {"type": "LineString", "coordinates": [[140.14800243499658, 35.584609883129865], [140.14789094823107, 35.58481598254976], [140.14777946146555, 35.58502208196966]]}}, {"type": "Feature", "properties": {"id": "京葉道路-下り-1-75", "route": "京葉道路", "direction": "下り", "from": "蘇我IC", "to": "松ヶ丘IC", "grade": -1.49, "elevation_start": 23.9, "elevation_end": 23.1, "quality": "measured", "structure": "normal", "chain_rank": 1, "cum_dist_start": 3750.0, "cum_dist_end": 3800.0, "anomaly": false}, "geometry": {"type": "LineString", "coordinates": [[140.14777946146555, 35.58502208196966], [140.14766797470003, 35.58522818138957], [140.1475564879345, 35.585434280809466]]}}, {"type": "Feature", "properties": {"id": "京葉道路-下り-1-76", "route": "京葉道路", "direction": "下り", "from": "蘇我IC", "to": "松ヶ丘IC", "grade": -14.35, "elevation_start": 23.1, "elevation_end": 16.0, "quality": "estimated", "structure": "normal", "chain_rank": 1, "cum_dist_start": 3800.0, "cum_dist_end": 3850.0, "anomaly": true}, "geometry": {"type": "LineString", "coordinates": [[140.1475564879345, 35.585434280809466], [140.14743845442902, 35.58563789900839], [140.14731777514953, 35.585840514456336]]}}, {"type": "Feature", "properties": {"id": "京葉道路-下り-1-77", "route": "京葉道路", "direction": "下り", "from": "蘇我IC", "to": "松ヶ丘IC", "grade": -7.25, "elevation_start": 16.0, "elevation_end": 12.4, "quality": "estimated", "structure": "normal", "chain_rank": 1, "cum_dist_start": 3850.0, "cum_dist_end": 3900.0, "anomaly": true}, "geometry": {"type": "LineString", "coordinates": [[140.14731777514953, 35.585840514456336], [140.14719906528524, 35.58604388304566], [140.14708588243002, 35.5862493652671]]}}, {"type": "Feature", "properties": {"id": "京葉道路-下り-1-78", "route": "京葉道路", "direction": "下り", "from": "蘇我IC", "to": "松ヶ丘IC", "grade": -1.81, "elevation_start": 12.4, "elevation_end": 11.4, "quality": "measured", "structure": "normal", "chain_rank": 1, "cum_dist_start": 3900.0, "cum_dist_end": 3950.0, "anomaly": false}, "geometry": {"type": "LineString", "coordinates": [[140.14708588243002, 35.5862493652671], [140.14697269957483, 35.58645484748854], [140.14685707658242, 35.58665941816663]]}}, {"type": "Feature", "properties": {"id": "京葉道路-下り-1-79", "route": "京葉道路", "direction": "下り", "from": "松ヶ丘IC", "to": "松ヶ丘ＩＣ", "grade": 0.3, "elevation_start": 11.4, "elevation_end": 11.6, "quality": "measured", "structure": "normal", "chain_rank": 1, "cum_dist_start": 3950.0, "cum_dist_end": 4000.0, "anomaly": false}, "geometry": {"type": "LineString", "coordinates": [[140.14685707658242, 35.58665941816663], [140.1467467461177, 35.586865801435216], [140.14664802844055, 35.58707620189047]]}}, {"type": "Feature", "properties": {"id": "京葉道路-下り-1-80", "route": "京葉道路", "direction": "下り", "from": "松ヶ丘IC", "to": "松ヶ丘ＩＣ", "grade": 4.75, "elevation_start": 11.6, "elevation_end": 14.0, "quality": "measured", "structure": "normal", "chain_rank": 1, "cum_dist_start": 4000.0, "cum_dist_end": 4050.0, "anomaly": false}, "geometry": {"type": "LineString", "coordinates": [[140.14664802844055, 35.58707620189047], [140.1465547845094, 35.58728820439817], [140.1464674693263, 35.587501942128036]]}}, {"type": "Feature", "properties": {"id": "京葉道路-下り-1-81", "route": "京葉道路", "direction": "下り", "from": "松ヶ丘IC", "to": "松ヶ丘ＩＣ", "grade": 17.07, "elevation_start": 14.0, "elevation_end": 22.5, "quality": "estimated", "structure": "normal", "chain_rank": 1, "cum_dist_start": 4050.0, "cum_dist_end": 4100.0, "anomaly": true}, "geometry": {"type": "LineString", "coordinates": [[140.1464674693263, 35.587501942128036], [140.1463801541432, 35.58771567985791], [140.14630710121682, 35.58793276317706]]}}, {"type": "Feature", "properties": {"id": "京葉道路-下り-1-82", "route": "京葉道路", "direction": "下り", "from": "松ヶ丘IC", "to": "松ヶ丘ＩＣ", "grade": 0.0, "elevation_start": 22.5, "elevation_end": 22.5, "quality": "measured", "structure": "normal", "chain_rank": 1, "cum_dist_start": 4100.0, "cum_dist_end": 4150.0, "anomaly": false}, "geometry": {"type": "LineString", "coordinates": [[140.14630710121682, 35.58793276317706], [140.14624867961533, 35.58815292427636], [140.14619825920752, 35.58837444444085]]}}, {"type": "Feature", "properties": {"id": "京葉道路-下り-1-83", "route": "京葉道路", "direction": "下り", "from": "松ヶ丘IC", "to": "松ヶ丘ＩＣ", "grade": -1.15, "elevation_start": 22.5, "elevation_end": 21.9, "quality": "measured", "structure": "normal", "chain_rank": 1, "cum_dist_start": 4150.0, "cum_dist_end": 4200.0, "anomaly": false}, "geometry": {"type": "LineString", "coordinates": [[140.14619825920752, 35.58837444444085], [140.14615814622888, 35.588597282136774], [140.1461340436495, 35.5888216993257]]}}, {"type": "Feature", "properties": {"id": "京葉道路-下り-1-84", "route": "京葉道路", "direction": "下り", "from": "松ヶ丘IC", "to": "松ヶ丘ＩＣ", "grade": -0.78, "elevation_start": 21.9, "elevation_end": 21.5, "quality": "measured", "structure": "normal", "chain_rank": 1, "cum_dist_start": 4200.0, "cum_dist_end": 4250.0, "anomaly": false}, "geometry": {"type": "LineString", "coordinates": [[140.1461340436495, 35.5888216993257], [140.1461245788651, 35.58904687419974], [140.1461224, 35.58927217813546]]}}, {"type": "Feature", "properties": {"id": "京葉道路-下り-1-85", "route": "京葉道路", "direction": "下り", "from": "松ヶ丘IC", "to": "松ヶ丘ＩＣ", "grade": -0.58, "elevation_start": 21.5, "elevation_end": 21.2, "quality": "measured", "structure": "normal", "chain_rank": 1, "cum_dist_start": 4250.0, "cum_dist_end": 4300.0, "anomaly": false}, "geometry": {"type": "LineString", "coordinates": [[140.1461224, 35.58927217813546], [140.14613110273413, 35.58949731622997], [140.1461534401567, 35.58972185176496]]}}, {"type": "Feature", "properties": {"id": "京葉道路-下り-1-86", "route": "京葉道路", "direction": "下り", "from": "松ヶ丘IC", "to": "松ヶ丘ＩＣ", "grade": -0.55, "elevation_start": 21.2, "elevation_end": 21.0, "quality": "measured", "structure": "normal", "chain_rank": 1, "cum_dist_start": 4300.0, "cum_dist_end": 4350.0, "anomaly": false}, "geometry": {"type": "LineString", "coordinates": [[140.1461534401567, 35.58972185176496], [140.14618391818757, 35.58994578058579], [140.14622157737617, 35.59016898382695]]}}, {"type": "Feature", "properties": {"id": "京葉道路-下り-1-87", "route": "京葉道路", "direction": "下り", "from": "松ヶ丘IC", "to": "松ヶ丘ＩＣ", "grade": 0.0, "elevation_start": 21.0, "elevation_end": 21.0, "quality": "measured", "structure": "normal", "chain_rank": 1, "cum_dist_start": 4350.0, "cum_dist_end": 4400.0, "anomaly": false}, "geometry": {"type": "LineString", "coordinates": [[140.14622157737617, 35.59016898382695], [140.1462664379945, 35.590391300734744], [140.14631652434247, 35.59061287931327]]}}, {"type": "Feature", "properties": {"id": "京葉道路-下り-1-88", "route": "京葉道路", "direction": "下り", "from": "松ヶ丘IC", "to": "松ヶ丘ＩＣ", "grade": 0.16, "elevation_start": 21.0, "elevation_end": 21.1, "quality": "measured", "structure": "normal", "chain_rank": 1, "cum_dist_start": 4400.0, "cum_dist_end": 4450.0, "anomaly": false}, "geometry": {"type": "LineString", "coordinates": [[140.14631652434247, 35.59061287931327], [140.1463758231086, 35.59083291667864], [140.14644146152824, 35.59105175662404]]}}, {"type": "Feature", "properties": {"id": "京葉道路-下り-1-89", "route": "京葉道路", "direction": "下り", "from": "松ヶ丘IC", "to": "松ヶ丘ＩＣ", "grade": 0.17, "elevation_start": 21.1, "elevation_end": 21.1, "quality": "measured", "structure": "normal", "chain_rank": 1, "cum_dist_start": 4450.0, "cum_dist_end": 4500.0, "anomaly": false}, "geometry": {"type": "LineString", "coordinates": [[140.14644146152824, 35.59105175662404], [140.14651666077242, 35.59126854676184], [140.1465918600166, 35.59148533689963]]}}, {"type": "Feature", "properties": {"id": "京葉道路-下り-1-90", "route": "京葉道路", "direction": "下り", "from": "松ヶ丘IC", "to": "松ヶ丘ＩＣ", "grade": 0.27, "elevation_start": 21.1, "elevation_end": 21.3, "quality": "measured", "structure": "normal", "chain_rank": 1, "cum_dist_start": 4500.0, "cum_dist_end": 4550.0, "anomaly": false}, "geometry": {"type": "LineString", "coordinates": [[140.1465918600166, 35.59148533689963], [140.1466670592608, 35.59170212703743], [140.146742258505, 35.59191891717522]]}}, {"type": "Feature", "properties": {"id": "京葉道路-下り-1-91", "route": "京葉道路", "direction": "下り", "from": "松ヶ丘IC", "to": "松ヶ丘ＩＣ", "grade": 0.51, "elevation_start": 21.3, "elevation_end": 21.5, "quality": "measured", "structure": "normal", "chain_rank": 1, "cum_dist_start": 4550.0, "cum_dist_end": 4600.0, "anomaly": false}, "geometry": {"type": "LineString", "coordinates": [[140.146742258505, 35.59191891717522], [140.1468174577492, 35.59213570731302], [140.14689118200997, 35.592352829774214]]}}, {"type": "Feature", "properties": {"id": "京葉道路-下り-1-92", "route": "京葉道路", "direction": "下り", "from": "松ヶ丘IC", "to": "松ヶ丘ＩＣ", "grade": 0.77, "elevation_start": 21.5, "elevation_end": 21.9, "quality": "measured", "structure": "normal", "chain_rank": 1, "cum_dist_start": 4600.0, "cum_dist_end": 4650.0, "anomaly": false}, "geometry": {"type": "LineString", "coordinates": [[140.14689118200997, 35.592352829774214], [140.14696264123793, 35.59257046256212], [140.14703410046587, 35.59278809535003]]}}, {"type": "Feature", "properties": {"id": "京葉道路-下り-1-93", "route": "京葉道路", "direction": "下り", "from": "松ヶ丘IC", "to": "松ヶ丘ＩＣ", "grade": 0.27, "elevation_start": 21.9, "elevation_end": 22.0, "quality": "measured", "structure": "normal", "chain_rank": 1, "cum_dist_start": 4650.0, "cum_dist_end": 4700.0, "anomaly": false}, "geometry": {"type": "LineString", "coordinates": [[140.14703410046587, 35.59278809535003], [140.14710555969384, 35.59300572813794], [140.14717701892178, 35.59322336092585]]}}, {"type": "Feature", "properties": {"id": "京葉道路-下り-1-94", "route": "京葉道路", "direction": "下り", "from": "松ヶ丘IC", "to": "松ヶ丘ＩＣ", "grade": 1.06, "elevation_start": 22.0, "elevation_end": 22.6, "quality": "measured", "structure": "normal", "chain_rank": 1, "cum_dist_start": 4700.0, "cum_dist_end": 4750.0, "anomaly": false}, "geometry": {"type": "LineString", "coordinates": [[140.14717701892178, 35.59322336092585], [140.14724847814972, 35.593440993713756], [140.1473199373777, 35.593658626501664]]}}, {"type": "Feature", "properties": {"id": "京葉道路-下り-1-95", "route": "京葉道路", "direction": "下り", "from": "松ヶ丘IC", "to": "松ヶ丘ＩＣ", "grade": 0.09, "elevation_start": 22.6, "elevation_end": 22.6, "quality": "measured", "structure": "normal", "chain_rank": 1, "cum_dist_start": 4750.0, "cum_dist_end": 4800.0, "anomaly": false}, "geometry": {"type": "LineString", "coordinates": [[140.1473199373777, 35.593658626501664], [140.14739139660563, 35.59387625928957], [140.1474628558336, 35.59409389207748]]}}, {"type": "Feature", "properties": {"id": "京葉道路-下り-1-96", "route": "京葉道路", "direction": "下り", "from": "松ヶ丘IC", "to": "松ヶ丘ＩＣ", "grade": -0.21, "elevation_start": 22.6, "elevation_end": 22.5, "quality": "measured", "structure": "normal", "chain_rank": 1, "cum_dist_start": 4800.0, "cum_dist_end": 4850.0, "anomaly": false}, "geometry": {"type": "LineString", "coordinates": [[140.1474628558336, 35.59409389207748], [140.14753431506153, 35.59431152486539], [140.14760849480416, 35.59452854134719]]}}, {"type": "Feature", "properties": {"id": "京葉道路-下り-1-97", "route": "京葉道路", "direction": "下り", "from": "松ヶ丘IC", "to": "松ヶ丘ＩＣ", "grade": 0.06, "elevation_start": 22.5, "elevation_end": 22.5, "quality": "measured", "structure": "normal", "chain_rank": 1, "cum_dist_start": 4850.0, "cum_dist_end": 4900.0, "anomaly": false}, "geometry": {"type": "LineString", "coordinates": [[140.14760849480416, 35.59452854134719], [140.14768453105694, 35.594745137254684], [140.14776056730972, 35.59496173316217]]}}, {"type": "Feature", "properties": {"id": "京葉道路-下り-1-98", "route": "京葉道路", "direction": "下り", "from": "松ヶ丘IC", "to": "松ヶ丘ＩＣ", "grade": -0.34, "elevation_start": 22.5, "elevation_end": 22.4, "quality": "estimated", "structure": "normal", "chain_rank": 1, "cum_dist_start": 4900.0, "cum_dist_end": 4950.0, "anomaly": false}, "geometry": {"type": "LineString", "coordinates": [[140.14776056730972, 35.59496173316217], [140.1478366035625, 35.59517832906967], [140.14791263981527, 35.595394924977164]]}}, {"type": "Feature", "properties": {"id": "京葉道路-下り-1-99", "route": "京葉道路", "direction": "下り", "from": "松ヶ丘IC", "to": "松ヶ丘ＩＣ", "grade": -0.03, "elevation_start": 22.4, "elevation_end": 22.4, "quality": "estimated", "structure": "normal", "chain_rank": 1, "cum_dist_start": 4950.0, "cum_dist_end": 5000.0, "anomaly": false}, "geometry": {"type": "LineString", "coordinates": [[140.14791263981527, 35.595394924977164], [140.14798867606805, 35.59561152088466], [140.14806471232083, 35.59582811679215]]}}, {"type": "Feature", "properties": {"id": "京葉道路-下り-1-100", "route": "京葉道路", "direction": "下り", "from": "松ヶ丘IC", "to": "松ヶ丘ＩＣ", "grade": -0.03, "elevation_start": 22.4, "elevation_end": 22.3, "quality": "estimated", "structure": "normal", "chain_rank": 1, "cum_dist_start": 5000.0, "cum_dist_end": 5050.0, "anomaly": false}, "geometry": {"type": "LineString", "coordinates": [[140.14806471232083, 35.59582811679215], [140.14813974979293, 35.596044945104424], [140.1482147714166, 35.596261777104445]]}}, {"type": "Feature", "properties": {"id": "京葉道路-下り-1-101", "route": "京葉道路", "direction": "下り", "from": "松ヶ丘IC", "to": "松ヶ丘ＩＣ", "grade": -0.03, "elevation_start": 22.3, "elevation_end": 22.3, "quality": "estimated", "structure": "bridge", "chain_rank": 1, "cum_dist_start": 5050.0, "cum_dist_end": 5100.0, "anomaly": false}, "geometry": {"type": "LineString", "coordinates": [[140.1482147714166, 35.596261777104445], [140.14828979304028, 35.596478609104466], [140.14836657908194, 35.59669502866445]]}}, {"type": "Feature", "properties": {"id": "京葉道路-下り-1-102", "route": "京葉道路", "direction": "下り", "from": "松ヶ丘IC", "to": "松ヶ丘ＩＣ", "grade": -0.03, "elevation_start": 22.3, "elevation_end": 22.3, "quality": "estimated", "structure": "bridge", "chain_rank": 1, "cum_dist_start": 5100.0, "cum_dist_end": 5150.0, "anomaly": false}, "geometry": {"type": "LineString", "coordinates": [[140.14836657908194, 35.59669502866445], [140.14844343879656, 35.596911431003065], [140.1485202985112, 35.59712783334169]]}}, {"type": "Feature", "properties": {"id": "京葉道路-下り-1-103", "route": "京葉道路", "direction": "下り", "from": "松ヶ丘IC", "to": "松ヶ丘ＩＣ", "grade": -0.03, "elevation_start": 22.3, "elevation_end": 22.3, "quality": "estimated", "structure": "bridge", "chain_rank": 1, "cum_dist_start": 5150.0, "cum_dist_end": 5200.0, "anomaly": false}, "geometry": {"type": "LineString", "coordinates": [[140.1485202985112, 35.59712783334169], [140.1485971582258, 35.59734423568031], [140.14867401794044, 35.597560638018926]]}}, {"type": "Feature", "properties": {"id": "京葉道路-下り-1-104", "route": "京葉道路", "direction": "下り", "from": "松ヶ丘IC", "to": "松ヶ丘ＩＣ", "grade": -0.03, "elevation_start": 22.3, "elevation_end": 22.3, "quality": "estimated", "structure": "bridge", "chain_rank": 1, "cum_dist_start": 5200.0, "cum_dist_end": 5250.0, "anomaly": false}, "geometry": {"type": "LineString", "coordinates": [[140.14867401794044, 35.597560638018926], [140.14875087765506, 35.59777704035755], [140.1488277373697, 35.597993442696165]]}}, {"type": "Feature", "properties": {"id": "京葉道路-下り-1-105", "route": "京葉道路", "direction": "下り", "from": "松ヶ丘ＩＣ", "to": "千葉東JCT", "grade": -0.03, "elevation_start": 22.3, "elevation_end": 22.3, "quality": "estimated", "structure": "bridge", "chain_rank": 1, "cum_dist_start": 5250.0, "cum_dist_end": 5300.0, "anomaly": false}, "geometry": {"type": "LineString", "coordinates": [[140.1488277373697, 35.597993442696165], [140.14889951442115, 35.59821098646059], [140.14896890427303, 35.59842906632413]]}}, {"type": "Feature", "properties": {"id": "京葉道路-下り-1-106", "route": "京葉道路", "direction": "下り", "from": "松ヶ丘ＩＣ", "to": "千葉東JCT", "grade": -0.03, "elevation_start": 22.3, "elevation_end": 22.3, "quality": "estimated", "structure": "bridge", "chain_rank": 1, "cum_dist_start": 5300.0, "cum_dist_end": 5350.0, "anomaly": false}, "geometry": {"type": "LineString", "coordinates": [[140.14896890427303, 35.59842906632413], [140.14903829412495, 35.598647146187666], [140.14910768397684, 35.5988652260512]]}}, {"type": "Feature", "properties": {"id": "京葉道路-下り-1-107", "route": "京葉道路", "direction": "下り", "from": "松ヶ丘ＩＣ", "to": "千葉東JCT", "grade": -0.03, "elevation_start": 22.3, "elevation_end": 22.2, "quality": "estimated", "structure": "bridge", "chain_rank": 1, "cum_dist_start": 5350.0, "cum_dist_end": 5400.0, "anomaly": false}, "geometry": {"type": "LineString", "coordinates": [[140.14910768397684, 35.5988652260512], [140.14917707382872, 35.59908330591473], [140.14924677643083, 35.59930131397643]]}}, {"type": "Feature", "properties": {"id": "京葉道路-下り-1-108", "route": "京葉道路", "direction": "下り", "from": "松ヶ丘ＩＣ", "to": "千葉東JCT", "grade": -0.03, "elevation_start": 22.2, "elevation_end": 22.2, "quality": "estimated", "structure": "bridge", "chain_rank": 1, "cum_dist_start": 5400.0, "cum_dist_end": 5450.0, "anomaly": false}, "geometry": {"type": "LineString", "coordinates": [[140.14924677643083, 35.59930131397643], [140.14932668229486, 35.59951697955226], [140.14940658815885, 35.59973264512809]]}}, {"type": "Feature", "properties": {"id": "京葉道路-下り-1-109", "route": "京葉道路", "direction": "下り", "from": "松ヶ丘ＩＣ", "to": "千葉東JCT", "grade": -0.03, "elevation_start": 22.2, "elevation_end": 22.2, "quality": "estimated", "structure": "bridge", "chain_rank": 1, "cum_dist_start": 5450.0, "cum_dist_end": 5500.0, "anomaly": false}, "geometry": {"type": "LineString", "coordinates": [[140.14940658815885, 35.59973264512809], [140.14948649402288, 35.599948310703915], [140.14956605802703, 35.60016405618053]]}}, {"type": "Feature", "properties": {"id": "京葉道路-下り-1-110", "route": "京葉道路", "direction": "下り", "from": "千葉東JCT", "to": null, "grade": -0.03, "elevation_start": 22.2, "elevation_end": 22.2, "quality": "estimated", "structure": "bridge", "chain_rank": 1, "cum_dist_start": 5500.0, "cum_dist_end": 5550.0, "anomaly": false}, "geometry": {"type": "LineString", "coordinates": [[140.14956605802703, 35.60016405618053], [140.14963792932807, 35.60038159962514], [140.14970980062907, 35.600599143069736]]}}, {"type": "Feature", "properties": {"id": "京葉道路-下り-1-111", "route": "京葉道路", "direction": "下り", "from": "千葉東JCT", "to": null, "grade": -0.03, "elevation_start": 22.2, "elevation_end": 22.2, "quality": "estimated", "structure": "bridge", "chain_rank": 1, "cum_dist_start": 5550.0, "cum_dist_end": 5600.0, "anomaly": false}, "geometry": {"type": "LineString", "coordinates": [[140.14970980062907, 35.600599143069736], [140.14978167193007, 35.60081668651434], [140.14985354323107, 35.60103422995894]]}}, {"type": "Feature", "properties": {"id": "京葉道路-下り-1-112", "route": "京葉道路", "direction": "下り", "from": "千葉東JCT", "to": null, "grade": -0.03, "elevation_start": 22.2, "elevation_end": 22.2, "quality": "estimated", "structure": "bridge", "chain_rank": 1, "cum_dist_start": 5600.0, "cum_dist_end": 5650.0, "anomaly": false}, "geometry": {"type": "LineString", "coordinates": [[140.14985354323107, 35.60103422995894], [140.14992541453208, 35.60125177340355], [140.14999728583308, 35.601469316848146]]}}, {"type": "Feature", "properties": {"id": "京葉道路-下り-1-113", "route": "京葉道路", "direction": "下り", "from": "千葉東JCT", "to": null, "grade": -0.03, "elevation_start": 22.2, "elevation_end": 22.2, "quality": "estimated", "structure": "bridge", "chain_rank": 1, "cum_dist_start": 5650.0, "cum_dist_end": 5700.0, "anomaly": false}, "geometry": {"type": "LineString", "coordinates": [[140.14999728583308, 35.601469316848146], [140.15007097921455, 35.6016864535532], [140.15014471180928, 35.60190358150474]]}}, {"type": "Feature", "properties": {"id": "京葉道路-下り-1-114", "route": "京葉道路", "direction": "下り", "from": "千葉東JCT", "to": null, "grade": -0.03, "elevation_start": 22.2, "elevation_end": 22.2, "quality": "estimated", "structure": "bridge", "chain_rank": 1, "cum_dist_start": 5700.0, "cum_dist_end": 5750.0, "anomaly": false}, "geometry": {"type": "LineString", "coordinates": [[140.15014471180928, 35.60190358150474], [140.15021844440403, 35.60212070945629], [140.15029217699876, 35.60233783740783]]}}, {"type": "Feature", "properties": {"id": "京葉道路-下り-1-115", "route": "京葉道路", "direction": "下り", "from": "千葉東JCT", "to": null, "grade": -0.03, "elevation_start": 22.2, "elevation_end": 22.1, "quality": "estimated", "structure": "bridge", "chain_rank": 1, "cum_dist_start": 5750.0, "cum_dist_end": 5800.0, "anomaly": false}, "geometry": {"type": "LineString", "coordinates": [[140.15029217699876, 35.60233783740783], [140.15036590959352, 35.602554965359374], [140.15043964218825, 35.60277209331092]]}}, {"type": "Feature", "properties": {"id": "京葉道路-下り-1-116", "route": "京葉道路", "direction": "下り", "from": "千葉東JCT", "to": null, "grade": -0.03, "elevation_start": 22.1, "elevation_end": 22.1, "quality": "estimated", "structure": "bridge", "chain_rank": 1, "cum_dist_start": 5800.0, "cum_dist_end": 5850.0, "anomaly": false}, "geometry": {"type": "LineString", "coordinates": [[140.15043964218825, 35.60277209331092], [140.150513374783, 35.60298922126246], [140.15058710737773, 35.60320634921401]]}}, {"type": "Feature", "properties": {"id": "京葉道路-下り-1-117", "route": "京葉道路", "direction": "下り", "from": "千葉東JCT", "to": null, "grade": -0.03, "elevation_start": 22.1, "elevation_end": 22.1, "quality": "estimated", "structure": "bridge", "chain_rank": 1, "cum_dist_start": 5850.0, "cum_dist_end": 5900.0, "anomaly": false}, "geometry": {"type": "LineString", "coordinates": [[140.15058710737773, 35.60320634921401], [140.1506608399725, 35.603423477165556], [140.15073457256722, 35.6036406051171]]}}, {"type": "Feature", "properties": {"id": "京葉道路-下り-1-118", "route": "京葉道路", "direction": "下り", "from": "千葉東JCT", "to": null, "grade": -0.03, "elevation_start": 22.1, "elevation_end": 22.1, "quality": "estimated", "structure": "bridge", "chain_rank": 1, "cum_dist_start": 5900.0, "cum_dist_end": 5950.0, "anomaly": false}, "geometry": {"type": "LineString", "coordinates": [[140.15073457256722, 35.6036406051171], [140.15080830516197, 35.603857733068644], [140.1508820377567, 35.60407486102019]]}}, {"type": "Feature", "properties": {"id": "京葉道路-下り-1-119", "route": "京葉道路", "direction": "下り", "from": "千葉東JCT", "to": null, "grade": -0.03, "elevation_start": 22.1, "elevation_end": 22.1, "quality": "estimated", "structure": "bridge", "chain_rank": 1, "cum_dist_start": 5950.0, "cum_dist_end": 6000.0, "anomaly": false}, "geometry": {"type": "LineString", "coordinates": [[140.1508820377567, 35.60407486102019], [140.15095577035143, 35.60429198897173], [140.1510295029462, 35.604509116923275]]}}, {"type": "Feature", "properties": {"id": "京葉道路-下り-1-120", "route": "京葉道路", "direction": "下り", "from": "千葉東JCT", "to": null, "grade": -0.03, "elevation_start": 22.1, "elevation_end": 22.1, "quality": "estimated", "structure": "bridge", "chain_rank": 1, "cum_dist_start": 6000.0, "cum_dist_end": 6050.0, "anomaly": false}, "geometry": {"type": "LineString", "coordinates": [[140.1510295029462, 35.604509116923275], [140.15110361124573, 35.604726158991525], [140.15117878397106, 35.604942957740036]]}}, {"type": "Feature", "properties": {"id": "京葉道路-下り-1-121", "route": "京葉道路", "direction": "下り", "from": "千葉東JCT", "to": null, "grade": -0.03, "elevation_start": 22.1, "elevation_end": 22.1, "quality": "estimated", "structure": "bridge", "chain_rank": 1, "cum_dist_start": 6050.0, "cum_dist_end": 6100.0, "anomaly": false}, "geometry": {"type": "LineString", "coordinates": [[140.15117878397106, 35.604942957740036], [140.1512539566964, 35.60515975648855], [140.1513291294217, 35.605376555237065]]}}, {"type": "Feature", "properties": {"id": "京葉道路-下り-1-122", "route": "京葉道路", "direction": "下り", "from": "千葉東JCT", "to": null, "grade": -0.03, "elevation_start": 22.1, "elevation_end": 22.0, "quality": "estimated", "structure": "bridge", "chain_rank": 1, "cum_dist_start": 6100.0, "cum_dist_end": 6150.0, "anomaly": false}, "geometry": {"type": "LineString", "coordinates": [[140.1513291294217, 35.605376555237065], [140.15140430214703, 35.605593353985576], [140.15147947487236, 35.60581015273409]]}}, {"type": "Feature", "properties": {"id": "京葉道路-下り-1-123", "route": "京葉道路", "direction": "下り", "from": "千葉東JCT", "to": null, "grade": -0.03, "elevation_start": 22.0, "elevation_end": 22.0, "quality": "estimated", "structure": "bridge", "chain_rank": 1, "cum_dist_start": 6150.0, "cum_dist_end": 6200.0, "anomaly": false}, "geometry": {"type": "LineString", "coordinates": [[140.15147947487236, 35.60581015273409], [140.15155464759766, 35.6060269514826], [140.15162753135624, 35.6062442671145]]}}, {"type": "Feature", "properties": {"id": "京葉道路-下り-1-124", "route": "京葉道路", "direction": "下り", "from": "千葉東JCT", "to": null, "grade": -0.03, "elevation_start": 22.0, "elevation_end": 22.0, "quality": "estimated", "structure": "bridge", "chain_rank": 1, "cum_dist_start": 6200.0, "cum_dist_end": 6250.0, "anomaly": false}, "geometry": {"type": "LineString", "coordinates": [[140.15162753135624, 35.6062442671145], [140.15169938361075, 35.60646181567564], [140.15177123586525, 35.60667936423678]]}}, {"type": "Feature", "properties": {"id": "京葉道路-下り-1-125", "route": "京葉道路", "direction": "下り", "from": "千葉東JCT", "to": null, "grade": -0.03, "elevation_start": 22.0, "elevation_end": 22.0, "quality": "estimated", "structure": "bridge", "chain_rank": 1, "cum_dist_start": 6250.0, "cum_dist_end": 6300.0, "anomaly": false}, "geometry": {"type": "LineString", "coordinates": [[140.15177123586525, 35.60667936423678], [140.15184308811976, 35.60689691279793], [140.15191638432475, 35.60711413785546]]}}, {"type": "Feature", "properties": {"id": "京葉道路-下り-1-126", "route": "京葉道路", "direction": "下り", "from": "千葉東JCT", "to": null, "grade": -0.03, "elevation_start": 22.0, "elevation_end": 22.0, "quality": "estimated", "structure": "bridge", "chain_rank": 1, "cum_dist_start": 6300.0, "cum_dist_end": 6350.0, "anomaly": false}, "geometry": {"type": "LineString", "coordinates": [[140.15191638432475, 35.60711413785546], [140.15199055553833, 35.60733116687549], [140.15206472675195, 35.607548195895525]]}}, {"type": "Feature", "properties": {"id": "京葉道路-下り-1-127", "route": "京葉道路", "direction": "下り", "from": "千葉東JCT", "to": null, "grade": -0.03, "elevation_start": 22.0, "elevation_end": 22.0, "quality": "estimated", "structure": "bridge", "chain_rank": 1, "cum_dist_start": 6350.0, "cum_dist_end": 6400.0, "anomaly": false}, "geometry": {"type": "LineString", "coordinates": [[140.15206472675195, 35.607548195895525], [140.15213311476393, 35.60776648236521], [140.15220090264316, 35.6079848993226]]}}, {"type": "Feature", "properties": {"id": "京葉道路-下り-1-128", "route": "京葉道路", "direction": "下り", "from": "千葉東JCT", "to": null, "grade": -0.03, "elevation_start": 22.0, "elevation_end": 22.0, "quality": "estimated", "structure": "bridge", "chain_rank": 1, "cum_dist_start": 6400.0, "cum_dist_end": 6450.0, "anomaly": false}, "geometry": {"type": "LineString", "coordinates": [[140.15220090264316, 35.6079848993226], [140.1522807912628, 35.60820051725827], [140.15236038867465, 35.60841623155459]]}}, {"type": "Feature", "properties": {"id": "京葉道路-下り-1-129", "route": "京葉道路", "direction": "下り", "from": "千葉東JCT", "to": null, "grade": -0.03, "elevation_start": 22.0, "elevation_end": 22.0, "quality": "estimated", "structure": "bridge", "chain_rank": 1, "cum_dist_start": 6450.0, "cum_dist_end": 6500.0, "anomaly": false}, "geometry": {"type": "LineString", "coordinates": [[140.15236038867465, 35.60841623155459], [140.15243410006568, 35.608633365284504], [140.1525078114567, 35.608850499014416]]}}, {"type": "Feature", "properties": {"id": "京葉道路-下り-1-130", "route": "京葉道路", "direction": "下り", "from": "千葉東JCT", "to": null, "grade": -0.03, "elevation_start": 22.0, "elevation_end": 21.9, "quality": "estimated", "structure": "bridge", "chain_rank": 1, "cum_dist_start": 6500.0, "cum_dist_end": 6550.0, "anomaly": false}, "geometry": {"type": "LineString", "coordinates": [[140.1525078114567, 35.608850499014416], [140.1525815228477, 35.609067632744335], [140.15265310919037, 35.60928523142279]]}}, {"type": "Feature", "properties": {"id": "京葉道路-下り-1-131", "route": "京葉道路", "direction": "下り", "from": "千葉東JCT", "to": null, "grade": -0.03, "elevation_start": 21.9, "elevation_end": 21.9, "quality": "estimated", "structure": "bridge", "chain_rank": 1, "cum_dist_start": 6550.0, "cum_dist_end": 6600.0, "anomaly": false}, "geometry": {"type": "LineString", "coordinates": [[140.15265310919037, 35.60928523142279], [140.15272219094362, 35.60950337809123], [140.15279127269685, 35.60972152475968]]}}, {"type": "Feature", "properties": {"id": "京葉道路-下り-1-132", "route": "京葉道路", "direction": "下り", "from": "千葉東JCT", "to": null, "grade": -0.03, "elevation_start": 21.9, "elevation_end": 21.9, "quality": "estimated", "structure": "bridge", "chain_rank": 1, "cum_dist_start": 6600.0, "cum_dist_end": 6650.0, "anomaly": false}, "geometry": {"type": "LineString", "coordinates": [[140.15279127269685, 35.60972152475968], [140.15285712152826, 35.60994033590003], [140.1529196280705, 35.610159786958306]]}}, {"type": "Feature", "properties": {"id": "京葉道路-下り-1-133", "route": "京葉道路", "direction": "下り", "from": "千葉東JCT", "to": null, "grade": -0.03, "elevation_start": 21.9, "elevation_end": 21.9, "quality": "estimated", "structure": "bridge", "chain_rank": 1, "cum_dist_start": 6650.0, "cum_dist_end": 6700.0, "anomaly": false}, "geometry": {"type": "LineString", "coordinates": [[140.1529196280705, 35.610159786958306], [140.15297625972016, 35.61038029610977], [140.15302754884078, 35.61060168372615]]}}, {"type": "Feature", "properties": {"id": "京葉道路-下り-1-134", "route": "京葉道路", "direction": "下り", "from": "千葉東JCT", "to": null, "grade": -0.03, "elevation_start": 21.9, "elevation_end": 21.9, "quality": "estimated", "structure": "bridge", "chain_rank": 1, "cum_dist_start": 6700.0, "cum_dist_end": 6750.0, "anomaly": false}, "geometry": {"type": "LineString", "coordinates": [[140.15302754884078, 35.61060168372615], [140.15306862521322, 35.610824418745175], [140.15309859711184, 35.61104838625817]]}}, {"type": "Feature", "properties": {"id": "京葉道路-下り-1-135", "route": "京葉道路", "direction": "下り", "from": "千葉東JCT", "to": null, "grade": -0.03, "elevation_start": 21.9, "elevation_end": 21.9, "quality": "estimated", "structure": "bridge", "chain_rank": 1, "cum_dist_start": 6750.0, "cum_dist_end": 6800.0, "anomaly": false}, "geometry": {"type": "LineString", "coordinates": [[140.15309859711184, 35.61104838625817], [140.1531248811308, 35.611272684684444], [140.15313205468516, 35.61149785853703]]}}, {"type": "Feature", "properties": {"id": "京葉道路-下り-1-136", "route": "京葉道路", "direction": "下り", "from": "千葉東JCT", "to": null, "grade": -0.03, "elevation_start": 21.9, "elevation_end": 21.9, "quality": "estimated", "structure": "normal", "chain_rank": 1, "cum_dist_start": 6800.0, "cum_dist_end": 6850.0, "anomaly": false}, "geometry": {"type": "LineString", "coordinates": [[140.15313205468516, 35.61149785853703], [140.15312807599275, 35.61172301067052], [140.1531116720449, 35.611947920742665]]}}, {"type": "Feature", "properties": {"id": "京葉道路-下り-1-137", "route": "京葉道路", "direction": "下り", "from": "千葉東JCT", "to": null, "grade": -0.03, "elevation_start": 21.9, "elevation_end": 21.8, "quality": "estimated", "structure": "normal", "chain_rank": 1, "cum_dist_start": 6850.0, "cum_dist_end": 6900.0, "anomaly": false}, "geometry": {"type": "LineString", "coordinates": [[140.1531116720449, 35.611947920742665], [140.15308345577563, 35.61217206256364], [140.15304807134586, 35.61239552476212]]}}, {"type": "Feature", "properties": {"id": "京葉道路-下り-1-138", "route": "京葉道路", "direction": "下り", "from": "千葉東JCT", "to": null, "grade": -0.03, "elevation_start": 21.8, "elevation_end": 21.8, "quality": "estimated", "structure": "normal", "chain_rank": 1, "cum_dist_start": 6900.0, "cum_dist_end": 6950.0, "anomaly": false}, "geometry": {"type": "LineString", "coordinates": [[140.15304807134586, 35.61239552476212], [140.1530001079513, 35.61261737143745], [140.15293888523695, 35.61283695419316]]}}, {"type": "Feature", "properties": {"id": "京葉道路-下り-1-139", "route": "京葉道路", "direction": "下り", "from": "千葉東JCT", "to": null, "grade": -0.05, "elevation_start": 21.8, "elevation_end": 21.8, "quality": "measured", "structure": "normal", "chain_rank": 1, "cum_dist_start": 6950.0, "cum_dist_end": 7000.0, "anomaly": false}, "geometry": {"type": "LineString", "coordinates": [[140.15293888523695, 35.61283695419316], [140.1528685893497, 35.61305480986881], [140.15278790282926, 35.61327028436468]]}}, {"type": "Feature", "properties": {"id": "京葉道路-上り-0-0", "route": "京葉道路", "direction": "上り", "from": null, "to": "貝塚IC", "grade": -0.04, "elevation_start": 22.0, "elevation_end": 22.0, "quality": "measured", "structure": "normal", "chain_rank": 0, "cum_dist_start": 0.0, "cum_dist_end": 50.0, "anomaly": false}, "geometry": {"type": "LineString", "coordinates": [[140.1526769, 35.6135185], [140.15256736311, 35.61372530873389], [140.15244903104013, 35.61392879617057]]}}, {"type": "Feature", "properties": {"id": "京葉道路-上り-0-1", "route": "京葉道路", "direction": "上り", "from": null, "to": "貝塚IC", "grade": -0.21, "elevation_start": 22.0, "elevation_end": 21.9, "quality": "measured", "structure": "normal", "chain_rank": 0, "cum_dist_start": 50.0, "cum_dist_end": 100.0, "anomaly": false}, "geometry": {"type": "LineString", "coordinates": [[140.15244903104013, 35.61392879617057], [140.1523249017447, 35.61413002933889], [140.15219205438845, 35.61432747386455]]}}, {"type": "Feature", "properties": {"id": "京葉道路-上り-0-2", "route": "京葉道路", "direction": "上り", "from": null, "to": "貝塚IC", "grade": -0.25, "elevation_start": 21.9, "elevation_end": 21.7, "quality": "measured", "structure": "normal", "chain_rank": 0, "cum_dist_start": 100.0, "cum_dist_end": 150.0, "anomaly": false}, "geometry": {"type": "LineString", "coordinates": [[140.15219205438845, 35.61432747386455], [140.15205197061172, 35.61452159644309], [140.15190639640537, 35.61471300276681]]}}, {"type": "Feature", "properties": {"id": "京葉道路-上り-0-3", "route": "京葉道路", "direction": "上り", "from": null, "to": "貝塚IC", "grade": -0.49, "elevation_start": 21.7, "elevation_end": 21.5, "quality": "measured", "structure": "normal", "chain_rank": 0, "cum_dist_start": 150.0, "cum_dist_end": 200.0, "anomaly": false}, "geometry": {"type": "LineString", "coordinates": [[140.15190639640537, 35.61471300276681], [140.15175373998107, 35.61490064463704], [140.1515934499321, 35.61508405344307]]}}, {"type": "Feature", "properties": {"id": "京葉道路-上り-0-4", "route": "京葉道路", "direction": "上り", "from": null, "to": "貝塚IC", "grade": -0.35, "elevation_start": 21.5, "elevation_end": 21.3, "quality": "measured", "structure": "normal", "chain_rank": 0, "cum_dist_start": 200.0, "cum_dist_end": 250.0, "anomaly": false}, "geometry": {"type": "LineString", "coordinates": [[140.1515934499321, 35.61508405344307], [140.15143315988314, 35.61526746224911], [140.15126865315082, 35.61544836209409]]}}, {"type": "Feature", "properties": {"id": "京葉道路-上り-0-5", "route": "京葉道路", "direction": "上り", "from": null, "to": "貝塚IC", "grade": -1.03, "elevation_start": 21.3, "elevation_end": 20.8, "quality": "measured", "structure": "normal", "chain_rank": 0, "cum_dist_start": 250.0, "cum_dist_end": 300.0, "anomaly": false}, "geometry": {"type": "LineString", "coordinates": [[140.15126865315082, 35.61544836209409], [140.1511038997086, 35.61562911514468], [140.15093914626638, 35.61580986819526]]}}, {"type": "Feature", "properties": {"id": "京葉道路-上り-0-6", "route": "京葉道路", "direction": "上り", "from": null, "to": "貝塚IC", "grade": -0.22, "elevation_start": 20.8, "elevation_end": 20.7, "quality": "measured", "structure": "normal", "chain_rank": 0, "cum_dist_start": 300.0, "cum_dist_end": 350.0, "anomaly": false}, "geometry": {"type": "LineString", "coordinates": [[140.15093914626638, 35.61580986819526], [140.1507746169897, 35.61599075684645], [140.15061109432142, 35.61617225440783]]}}, {"type": "Feature", "properties": {"id": "京葉道路-上り-0-7", "route": "京葉道路", "direction": "上り", "from": null, "to": "貝塚IC", "grade": -0.73, "elevation_start": 20.7, "elevation_end": 20.3, "quality": "measured", "structure": "normal", "chain_rank": 0, "cum_dist_start": 350.0, "cum_dist_end": 400.0, "anomaly": false}, "geometry": {"type": "LineString", "coordinates": [[140.15061109432142, 35.61617225440783], [140.15044757165313, 35.616353751969214], [140.15028404898484, 35.6165352495306]]}}, {"type": "Feature", "properties": {"id": "京葉道路-上り-0-8", "route": "京葉道路", "direction": "上り", "from": null, "to": "貝塚IC", "grade": -0.47, "elevation_start": 20.3, "elevation_end": 20.1, "quality": "measured", "structure": "normal", "chain_rank": 0, "cum_dist_start": 400.0, "cum_dist_end": 450.0, "anomaly": false}, "geometry": {"type": "LineString", "coordinates": [[140.15028404898484, 35.6165352495306], [140.15012172570687, 35.616717454115026], [140.1499622912698, 35.61690136162882]]}}, {"type": "Feature", "properties": {"id": "京葉道路-上り-0-9", "route": "京葉道路", "direction": "上り", "from": null, "to": "貝塚IC", "grade": -0.69, "elevation_start": 20.1, "elevation_end": 19.8, "quality": "measured", "structure": "normal", "chain_rank": 0, "cum_dist_start": 450.0, "cum_dist_end": 500.0, "anomaly": false}, "geometry": {"type": "LineString", "coordinates": [[140.1499622912698, 35.61690136162882], [140.14980285683268, 35.61708526914261], [140.14964270811694, 35.61726874872722]]}}, {"type": "Feature", "properties": {"id": "京葉道路-上り-0-10", "route": "京葉道路", "direction": "上り", "from": null, "to": "貝塚IC", "grade": -0.56, "elevation_start": 19.8, "elevation_end": 19.5, "quality": "measured", "structure": "normal", "chain_rank": 0, "cum_dist_start": 500.0, "cum_dist_end": 550.0, "anomaly": false}, "geometry": {"type": "LineString", "coordinates": [[140.14964270811694, 35.61726874872722], [140.1494756702867, 35.61744810099665], [140.1493086324565, 35.61762745326607]]}}, {"type": "Feature", "properties": {"id": "京葉道路-上り-0-11", "route": "京葉道路", "direction": "上り", "from": null, "to": "貝塚IC", "grade": -0.53, "elevation_start": 19.5, "elevation_end": 19.2, "quality": "measured", "structure": "normal", "chain_rank": 0, "cum_dist_start": 550.0, "cum_dist_end": 600.0, "anomaly": false}, "geometry": {"type": "LineString", "coordinates": [[140.1493086324565, 35.61762745326607], [140.14914159462626, 35.617806805535494], [140.14897455679602, 35.61798615780492]]}}, {"type": "Feature", "properties": {"id": "京葉道路-上り-0-12", "route": "京葉道路", "direction": "上り", "from": null, "to": "貝塚IC", "grade": -0.34, "elevation_start": 19.2, "elevation_end": 19.0, "quality": "measured", "structure": "normal", "chain_rank": 0, "cum_dist_start": 600.0, "cum_dist_end": 650.0, "anomaly": false}, "geometry": {"type": "LineString", "coordinates": [[140.14897455679602, 35.61798615780492], [140.1488075189658, 35.61816551007434], [140.1486432594282, 35.618346565649496]]}}, {"type": "Feature", "properties": {"id": "京葉道路-上り-0-13", "route": "京葉道路", "direction": "上り", "from": null, "to": "貝塚IC", "grade": -0.8, "elevation_start": 19.0, "elevation_end": 18.6, "quality": "measured", "structure": "normal", "chain_rank": 0, "cum_dist_start": 650.0, "cum_dist_end": 700.0, "anomaly": false}, "geometry": {"type": "LineString", "coordinates": [[140.1486432594282, 35.618346565649496], [140.14847903900434, 35.61852764520435], [140.1483156193962, 35.61870920224613]]}}, {"type": "Feature", "properties": {"id": "京葉道路-上り-0-14", "route": "京葉道路", "direction": "上り", "from": null, "to": "貝塚IC", "grade": -0.37, "elevation_start": 18.6, "elevation_end": 18.5, "quality": "measured", "structure": "normal", "chain_rank": 0, "cum_dist_start": 700.0, "cum_dist_end": 750.0, "anomaly": false}, "geometry": {"type": "LineString", "coordinates": [[140.1483156193962, 35.61870920224613], [140.14815443746548, 35.61889209350462], [140.14799325553477, 35.61907498476312]]}}, {"type": "Feature", "properties": {"id": "京葉道路-上り-0-15", "route": "京葉道路", "direction": "上り", "from": null, "to": "貝塚IC", "grade": -12.28, "elevation_start": 18.5, "elevation_end": 12.3, "quality": "estimated", "structure": "normal", "chain_rank": 0, "cum_dist_start": 750.0, "cum_dist_end": 800.0, "anomaly": true}, "geometry": {"type": "LineString", "coordinates": [[140.14799325553477, 35.61907498476312], [140.14782755885568, 35.619255165091886], [140.14766174269863, 35.61943527367881]]}}, {"type": "Feature", "properties": {"id": "京葉道路-上り-0-16", "route": "京葉道路", "direction": "上り", "from": null, "to": "貝塚IC", "grade": -1.26, "elevation_start": 12.3, "elevation_end": 11.7, "quality": "measured", "structure": "normal", "chain_rank": 0, "cum_dist_start": 800.0, "cum_dist_end": 850.0, "anomaly": false}, "geometry": {"type": "LineString", "coordinates": [[140.14766174269863, 35.61943527367881], [140.14749592654155, 35.619615382265735], [140.1473271473891, 35.61979363195168]]}}, {"type": "Feature", "properties": {"id": "京葉道路-上り-0-17", "route": "京葉道路", "direction": "上り", "from": null, "to": "貝塚IC", "grade": 0.0, "elevation_start": 11.7, "elevation_end": 11.7, "quality": "measured", "structure": "normal", "chain_rank": 0, "cum_dist_start": 850.0, "cum_dist_end": 900.0, "anomaly": false}, "geometry": {"type": "LineString", "coordinates": [[140.1473271473891, 35.61979363195168], [140.14715667819385, 35.61997082135175], [140.14698130415547, 35.62014477739559]]}}, {"type": "Feature", "properties": {"id": "京葉道路-上り-0-18", "route": "京葉道路", "direction": "上り", "from": null, "to": "貝塚IC", "grade": 5.88, "elevation_start": 11.7, "elevation_end": 14.6, "quality": "measured", "structure": "normal", "chain_rank": 0, "cum_dist_start": 900.0, "cum_dist_end": 950.0, "anomaly": false}, "geometry": {"type": "LineString", "coordinates": [[140.14698130415547, 35.62014477739559], [140.14680507219995, 35.620318167885806], [140.14662884024443, 35.620491558376024]]}}, {"type": "Feature", "properties": {"id": "京葉道路-上り-0-19", "route": "京葉道路", "direction": "上り", "from": null, "to": "貝塚IC", "grade": 5.04, "elevation_start": 14.6, "elevation_end": 17.2, "quality": "measured", "structure": "normal", "chain_rank": 0, "cum_dist_start": 950.0, "cum_dist_end": 1000.0, "anomaly": false}, "geometry": {"type": "LineString", "coordinates": [[140.14662884024443, 35.620491558376024], [140.14645189390768, 35.620664462371444], [140.14627442635802, 35.620837011420015]]}}, {"type": "Feature", "properties": {"id": "京葉道路-上り-0-20", "route": "京葉道路", "direction": "上り", "from": null, "to": "貝塚IC", "grade": 0.0, "elevation_start": 17.2, "elevation_end": 17.2, "quality": "measured", "structure": "normal", "chain_rank": 0, "cum_dist_start": 1000.0, "cum_dist_end": 1050.0, "anomaly": false}, "geometry": {"type": "LineString", "coordinates": [[140.14627442635802, 35.620837011420015], [140.14609695880836, 35.621009560468586], [140.14592086824865, 35.62118304399293]]}}, {"type": "Feature", "properties": {"id": "京葉道路-上り-0-21", "route": "京葉道路", "direction": "上り", "from": null, "to": "貝塚IC", "grade": -0.19, "elevation_start": 17.2, "elevation_end": 17.1, "quality": "estimated", "structure": "normal", "chain_rank": 0, "cum_dist_start": 1050.0, "cum_dist_end": 1100.0, "anomaly": false}, "geometry": {"type": "LineString", "coordinates": [[140.14592086824865, 35.62118304399293], [140.14574573674696, 35.6213571783691], [140.14557060524527, 35.621531312745276]]}}, {"type": "Feature", "properties": {"id": "京葉道路-上り-0-22", "route": "京葉道路", "direction": "上り", "from": null, "to": "貝塚IC", "grade": -0.09, "elevation_start": 17.1, "elevation_end": 17.0, "quality": "estimated", "structure": "normal", "chain_rank": 0, "cum_dist_start": 1100.0, "cum_dist_end": 1150.0, "anomaly": false}, "geometry": {"type": "LineString", "coordinates": [[140.14557060524527, 35.621531312745276], [140.14539547374355, 35.62170544712145], [140.14522034224186, 35.62187958149762]]}}, {"type": "Feature", "properties": {"id": "京葉道路-上り-0-23", "route": "京葉道路", "direction": "上り", "from": null, "to": "貝塚IC", "grade": -0.09, "elevation_start": 17.0, "elevation_end": 17.0, "quality": "estimated", "structure": "normal", "chain_rank": 0, "cum_dist_start": 1150.0, "cum_dist_end": 1200.0, "anomaly": false}, "geometry": {"type": "LineString", "coordinates": [[140.14522034224186, 35.62187958149762], [140.14504521074016, 35.6220537158738], [140.14487007923844, 35.62222785024997]]}}, {"type": "Feature", "properties": {"id": "京葉道路-上り-0-24", "route": "京葉道路", "direction": "上り", "from": null, "to": "貝塚IC", "grade": -0.09, "elevation_start": 17.0, "elevation_end": 16.9, "quality": "estimated", "structure": "tunnel", "chain_rank": 0, "cum_dist_start": 1200.0, "cum_dist_end": 1250.0, "anomaly": false}, "geometry": {"type": "LineString", "coordinates": [[140.14487007923844, 35.62222785024997], [140.14469494773675, 35.622401984626144], [140.14451302008746, 35.62257138755548]]}}, {"type": "Feature", "properties": {"id": "京葉道路-上り-0-25", "route": "京葉道路", "direction": "上り", "from": null, "to": "貝塚IC", "grade": -0.09, "elevation_start": 16.9, "elevation_end": 16.9, "quality": "estimated", "structure": "tunnel", "chain_rank": 0, "cum_dist_start": 1250.0, "cum_dist_end": 1300.0, "anomaly": false}, "geometry": {"type": "LineString", "coordinates": [[140.14451302008746, 35.62257138755548], [140.14433005220158, 35.62274006627687], [140.14414708431568, 35.622908744998256]]}}, {"type": "Feature", "properties": {"id": "京葉道路-上り-0-26", "route": "京葉道路", "direction": "上り", "from": null, "to": "貝塚IC", "grade": -0.09, "elevation_start": 16.9, "elevation_end": 16.8, "quality": "estimated", "structure": "tunnel", "chain_rank": 0, "cum_dist_start": 1300.0, "cum_dist_end": 1350.0, "anomaly": false}, "geometry": {"type": "LineString", "coordinates": [[140.14414708431568, 35.622908744998256], [140.1439641164298, 35.62307742371964], [140.1437710615159, 35.62323841829767]]}}, {"type": "Feature", "properties": {"id": "京葉道路-上り-0-27", "route": "京葉道路", "direction": "上り", "from": null, "to": "貝塚IC", "grade": -0.09, "elevation_start": 16.8, "elevation_end": 16.8, "quality": "estimated", "structure": "normal", "chain_rank": 0, "cum_dist_start": 1350.0, "cum_dist_end": 1400.0, "anomaly": false}, "geometry": {"type": "LineString", "coordinates": [[140.1437710615159, 35.62323841829767], [140.14357761031889, 35.623399110993276], [140.14338126504023, 35.62355737915106]]}}, {"type": "Feature", "properties": {"id": "京葉道路-上り-0-28", "route": "京葉道路", "direction": "上り", "from": null, "to": "貝塚IC", "grade": -0.09, "elevation_start": 16.8, "elevation_end": 16.8, "quality": "estimated", "structure": "normal", "chain_rank": 0, "cum_dist_start": 1400.0, "cum_dist_end": 1450.0, "anomaly": false}, "geometry": {"type": "LineString", "coordinates": [[140.14338126504023, 35.62355737915106], [140.1431795245883, 35.62371112746337], [140.1429707387454, 35.6238583137149]]}}, {"type": "Feature", "properties": {"id": "京葉道路-上り-0-29", "route": "京葉道路", "direction": "上り", "from": null, "to": "貝塚IC", "grade": -0.09, "elevation_start": 16.8, "elevation_end": 16.7, "quality": "estimated", "structure": "normal", "chain_rank": 0, "cum_dist_start": 1450.0, "cum_dist_end": 1500.0, "anomaly": false}, "geometry": {"type": "LineString", "coordinates": [[140.1429707387454, 35.6238583137149], [140.1427576290134, 35.62400147270621], [140.14254141305958, 35.62414136636406]]}}, {"type": "Feature", "properties": {"id": "京葉道路-上り-0-30", "route": "京葉道路", "direction": "上り", "from": null, "to": "貝塚IC", "grade": 0.0, "elevation_start": 16.7, "elevation_end": 16.7, "quality": "measured", "structure": "normal", "chain_rank": 0, "cum_dist_start": 1500.0, "cum_dist_end": 1550.0, "anomaly": false}, "geometry": {"type": "LineString", "coordinates": [[140.14254141305958, 35.62414136636406], [140.1423167101976, 35.62427217080564], [140.1420889228369, 35.62439937486556]]}}, {"type": "Feature", "properties": {"id": "京葉道路-上り-0-31", "route": "京葉道路", "direction": "上り", "from": null, "to": "貝塚IC", "grade": -0.92, "elevation_start": 16.7, "elevation_end": 16.3, "quality": "measured", "structure": "normal", "chain_rank": 0, "cum_dist_start": 1550.0, "cum_dist_end": 1600.0, "anomaly": false}, "geometry": {"type": "LineString", "coordinates": [[140.1420889228369, 35.62439937486556], [140.14185561896616, 35.624519592441374], [140.1416196700418, 35.62463646014109]]}}, {"type": "Feature", "properties": {"id": "京葉道路-上り-0-32", "route": "京葉道路", "direction": "上り", "from": null, "to": "貝塚IC", "grade": 0.0, "elevation_start": 16.3, "elevation_end": 16.3, "quality": "measured", "structure": "normal", "chain_rank": 0, "cum_dist_start": 1600.0, "cum_dist_end": 1650.0, "anomaly": false}, "geometry": {"type": "LineString", "coordinates": [[140.1416196700418, 35.62463646014109], [140.14138372111745, 35.62475332784081], [140.14114245794693, 35.624862438935175]]}}, {"type": "Feature", "properties": {"id": "京葉道路-上り-0-33", "route": "京葉道路", "direction": "上り", "from": null, "to": "貝塚IC", "grade": 5.27, "elevation_start": 16.3, "elevation_end": 18.9, "quality": "measured", "structure": "normal", "chain_rank": 0, "cum_dist_start": 1650.0, "cum_dist_end": 1700.0, "anomaly": false}, "geometry": {"type": "LineString", "coordinates": [[140.14114245794693, 35.624862438935175], [140.14089746370294, 35.624966157469565], [140.14065298040018, 35.625070679020936]]}}, {"type": "Feature", "properties": {"id": "京葉道路-上り-0-34", "route": "京葉道路", "direction": "上り", "from": null, "to": "貝塚IC", "grade": 0.42, "elevation_start": 18.9, "elevation_end": 19.1, "quality": "measured", "structure": "normal", "chain_rank": 0, "cum_dist_start": 1700.0, "cum_dist_end": 1750.0, "anomaly": false}, "geometry": {"type": "LineString", "coordinates": [[140.14065298040018, 35.625070679020936], [140.14040596279543, 35.62517115336277], [140.14015894519068, 35.62527162770461]]}}, {"type": "Feature", "properties": {"id": "京葉道路-上り-0-35", "route": "京葉道路", "direction": "上り", "from": null, "to": "貝塚IC", "grade": -0.05, "elevation_start": 19.1, "elevation_end": 19.1, "quality": "measured", "structure": "normal", "chain_rank": 0, "cum_dist_start": 1750.0, "cum_dist_end": 1800.0, "anomaly": false}, "geometry": {"type": "LineString", "coordinates": [[140.14015894519068, 35.62527162770461], [140.1399119275859, 35.62537210204645], [140.13966490998115, 35.62547257638829]]}}, {"type": "Feature", "properties": {"id": "京葉道路-上り-0-36", "route": "京葉道路", "direction": "上り", "from": "貝塚IC", "to": "穴川IC", "grade": -1.05, "elevation_start": 19.1, "elevation_end": 18.6, "quality": "measured", "structure": "normal", "chain_rank": 0, "cum_dist_start": 1800.0, "cum_dist_end": 1850.0, "anomaly": false}, "geometry": {"type": "LineString", "coordinates": [[140.13966490998115, 35.62547257638829], [140.13941762056686, 35.62557260503887], [140.13917019382973, 35.6256724085186]]}}, {"type": "Feature", "properties": {"id": "京葉道路-上り-0-37", "route": "京葉道路", "direction": "上り", "from": "貝塚IC", "to": "穴川IC", "grade": -1.76, "elevation_start": 18.6, "elevation_end": 17.7, "quality": "measured", "structure": "normal", "chain_rank": 0, "cum_dist_start": 1850.0, "cum_dist_end": 1900.0, "anomaly": false}, "geometry": {"type": "LineString", "coordinates": [[140.13917019382973, 35.6256724085186], [140.13892276709262, 35.62577221199833], [140.1386753403555, 35.62587201547806]]}}, {"type": "Feature", "properties": {"id": "京葉道路-上り-0-38", "route": "京葉道路", "direction": "上り", "from": "貝塚IC", "to": "穴川IC", "grade": -2.96, "elevation_start": 17.7, "elevation_end": 16.2, "quality": "measured", "structure": "normal", "chain_rank": 0, "cum_dist_start": 1900.0, "cum_dist_end": 1950.0, "anomaly": false}, "geometry": {"type": "LineString", "coordinates": [[140.1386753403555, 35.62587201547806], [140.1384279136184, 35.62597181895779], [140.1381805614193, 35.626071745979694]]}}, {"type": "Feature", "properties": {"id": "京葉道路-上り-0-39", "route": "京葉道路", "direction": "上り", "from": "貝塚IC", "to": "穴川IC", "grade": -2.91, "elevation_start": 16.2, "elevation_end": 14.7, "quality": "measured", "structure": "normal", "chain_rank": 0, "cum_dist_start": 1950.0, "cum_dist_end": 2000.0, "anomaly": false}, "geometry": {"type": "LineString", "coordinates": [[140.1381805614193, 35.626071745979694], [140.13793337603732, 35.626171949490704], [140.13768619065533, 35.62627215300172]]}}, {"type": "Feature", "properties": {"id": "京葉道路-上り-0-40", "route": "京葉道路", "direction": "上り", "from": "貝塚IC", "to": "穴川IC", "grade": -2.27, "elevation_start": 14.7, "elevation_end": 13.6, "quality": "measured", "structure": "normal", "chain_rank": 0, "cum_dist_start": 2000.0, "cum_dist_end": 2050.0, "anomaly": false}, "geometry": {"type": "LineString", "coordinates": [[140.13768619065533, 35.62627215300172], [140.13743894776363, 35.62637226167133], [140.13719128041186, 35.62647167034843]]}}, {"type": "Feature", "properties": {"id": "京葉道路-上り-0-41", "route": "京葉道路", "direction": "上り", "from": "貝塚IC", "to": "穴川IC", "grade": -1.36, "elevation_start": 13.6, "elevation_end": 12.9, "quality": "measured", "structure": "normal", "chain_rank": 0, "cum_dist_start": 2050.0, "cum_dist_end": 2100.0, "anomaly": false}, "geometry": {"type": "LineString", "coordinates": [[140.13719128041186, 35.62647167034843], [140.13694361306008, 35.62657107902554], [140.1366959457083, 35.62667048770264]]}}, {"type": "Feature", "properties": {"id": "京葉道路-上り-0-42", "route": "京葉道路", "direction": "上り", "from": "貝塚IC", "to": "穴川IC", "grade": -0.63, "elevation_start": 12.9, "elevation_end": 12.6, "quality": "measured", "structure": "normal", "chain_rank": 0, "cum_dist_start": 2100.0, "cum_dist_end": 2150.0, "anomaly": false}, "geometry": {"type": "LineString", "coordinates": [[140.1366959457083, 35.62667048770264], [140.13644846754642, 35.62677021189231], [140.13620102490108, 35.62686999531305]]}}, {"type": "Feature", "properties": {"id": "京葉道路-上り-0-43", "route": "京葉道路", "direction": "上り", "from": "貝塚IC", "to": "穴川IC", "grade": -0.07, "elevation_start": 12.6, "elevation_end": 12.6, "quality": "measured", "structure": "normal", "chain_rank": 0, "cum_dist_start": 2150.0, "cum_dist_end": 2200.0, "anomaly": false}, "geometry": {"type": "LineString", "coordinates": [[140.13620102490108, 35.62686999531305], [140.13595358225575, 35.6269697787338], [140.13570613961042, 35.627069562154546]]}}, {"type": "Feature", "properties": {"id": "京葉道路-上り-0-44", "route": "京葉道路", "direction": "上り", "from": "貝塚IC", "to": "穴川IC", "grade": 1.14, "elevation_start": 12.6, "elevation_end": 13.1, "quality": "measured", "structure": "normal", "chain_rank": 0, "cum_dist_start": 2200.0, "cum_dist_end": 2250.0, "anomaly": false}, "geometry": {"type": "LineString", "coordinates": [[140.13570613961042, 35.627069562154546], [140.1354586969651, 35.6271693455753], [140.13521125431976, 35.62726912899604]]}}, {"type": "Feature", "properties": {"id": "京葉道路-上り-0-45", "route": "京葉道路", "direction": "上り", "from": "貝塚IC", "to": "穴川IC", "grade": 1.69, "elevation_start": 13.1, "elevation_end": 14.0, "quality": "measured", "structure": "normal", "chain_rank": 0, "cum_dist_start": 2250.0, "cum_dist_end": 2300.0, "anomaly": false}, "geometry": {"type": "LineString", "coordinates": [[140.13521125431976, 35.62726912899604], [140.13496394135143, 35.62736912773762], [140.13471674941354, 35.627469327442874]]}}, {"type": "Feature", "properties": {"id": "京葉道路-上り-0-46", "route": "京葉道路", "direction": "上り", "from": "貝塚IC", "to": "穴川IC", "grade": 1.65, "elevation_start": 14.0, "elevation_end": 14.8, "quality": "measured", "structure": "normal", "chain_rank": 0, "cum_dist_start": 2300.0, "cum_dist_end": 2350.0, "anomaly": false}, "geometry": {"type": "LineString", "coordinates": [[140.13471674941354, 35.627469327442874], [140.13446955747563, 35.62756952714813], [140.13422236553774, 35.627669726853384]]}}, {"type": "Feature", "properties": {"id": "京葉道路-上り-0-47", "route": "京葉道路", "direction": "上り", "from": "貝塚IC", "to": "穴川IC", "grade": 1.38, "elevation_start": 14.8, "elevation_end": 15.5, "quality": "measured", "structure": "normal", "chain_rank": 0, "cum_dist_start": 2350.0, "cum_dist_end": 2400.0, "anomaly": false}, "geometry": {"type": "LineString", "coordinates": [[140.13422236553774, 35.627669726853384], [140.13397517359982, 35.62776992655864], [140.13372832625444, 35.62787068426465]]}}, {"type": "Feature", "properties": {"id": "京葉道路-上り-0-48", "route": "京葉道路", "direction": "上り", "from": "貝塚IC", "to": "穴川IC", "grade": 1.44, "elevation_start": 15.5, "elevation_end": 16.2, "quality": "measured", "structure": "normal", "chain_rank": 0, "cum_dist_start": 2400.0, "cum_dist_end": 2450.0, "anomaly": false}, "geometry": {"type": "LineString", "coordinates": [[140.13372832625444, 35.62787068426465], [140.1334827686835, 35.62797353051032], [140.1332372111126, 35.62807637675599]]}}, {"type": "Feature", "properties": {"id": "京葉道路-上り-0-49", "route": "京葉道路", "direction": "上り", "from": "貝塚IC", "to": "穴川IC", "grade": 1.33, "elevation_start": 16.2, "elevation_end": 16.9, "quality": "measured", "structure": "normal", "chain_rank": 0, "cum_dist_start": 2450.0, "cum_dist_end": 2500.0, "anomaly": false}, "geometry": {"type": "LineString", "coordinates": [[140.1332372111126, 35.62807637675599], [140.13299165354167, 35.628179223001666], [140.13274609597076, 35.62828206924734]]}}, {"type": "Feature", "properties": {"id": "京葉道路-上り-0-50", "route": "京葉道路", "direction": "上り", "from": "貝塚IC", "to": "穴川IC", "grade": 1.42, "elevation_start": 16.9, "elevation_end": 17.6, "quality": "measured", "structure": "normal", "chain_rank": 0, "cum_dist_start": 2500.0, "cum_dist_end": 2550.0, "anomaly": false}, "geometry": {"type": "LineString", "coordinates": [[140.13274609597076, 35.62828206924734], [140.13250053839982, 35.62838491549301], [140.1322578537552, 35.628492121209725]]}}, {"type": "Feature", "properties": {"id": "京葉道路-上り-0-51", "route": "京葉道路", "direction": "上り", "from": "貝塚IC", "to": "穴川IC", "grade": 1.21, "elevation_start": 17.6, "elevation_end": 18.2, "quality": "measured", "structure": "normal", "chain_rank": 0, "cum_dist_start": 2550.0, "cum_dist_end": 2600.0, "anomaly": false}, "geometry": {"type": "LineString", "coordinates": [[140.1322578537552, 35.628492121209725], [140.13201745616868, 35.62860279738232], [140.1317770585822, 35.628713473554924]]}}, {"type": "Feature", "properties": {"id": "京葉道路-上り-0-52", "route": "京葉道路", "direction": "上り", "from": "貝塚IC", "to": "穴川IC", "grade": 1.25, "elevation_start": 18.2, "elevation_end": 18.8, "quality": "measured", "structure": "normal", "chain_rank": 0, "cum_dist_start": 2600.0, "cum_dist_end": 2650.0, "anomaly": false}, "geometry": {"type": "LineString", "coordinates": [[140.1317770585822, 35.628713473554924], [140.13153744942036, 35.628825275677166], [140.13129873153127, 35.628938350626484]]}}, {"type": "Feature", "properties": {"id": "京葉道路-上り-0-53", "route": "京葉道路", "direction": "上り", "from": "貝塚IC", "to": "穴川IC", "grade": 1.39, "elevation_start": 18.8, "elevation_end": 19.5, "quality": "measured", "structure": "normal", "chain_rank": 0, "cum_dist_start": 2650.0, "cum_dist_end": 2700.0, "anomaly": false}, "geometry": {"type": "LineString", "coordinates": [[140.13129873153127, 35.628938350626484], [140.13106001364218, 35.62905142557581], [140.13082470451872, 35.629169129413384]]}}, {"type": "Feature", "properties": {"id": "京葉道路-上り-0-54", "route": "京葉道路", "direction": "上り", "from": "貝塚IC", "to": "穴川IC", "grade": 1.24, "elevation_start": 19.5, "elevation_end": 20.1, "quality": "measured", "structure": "normal", "chain_rank": 0, "cum_dist_start": 2700.0, "cum_dist_end": 2750.0, "anomaly": false}, "geometry": {"type": "LineString", "coordinates": [[140.13082470451872, 35.629169129413384], [140.13059044778308, 35.629288262327094], [140.13035712222978, 35.62940857819178]]}}, {"type": "Feature", "properties": {"id": "京葉道路-上り-0-55", "route": "京葉道路", "direction": "上り", "from": "貝塚IC", "to": "穴川IC", "grade": 0.51, "elevation_start": 20.1, "elevation_end": 20.4, "quality": "measured", "structure": "normal", "chain_rank": 0, "cum_dist_start": 2750.0, "cum_dist_end": 2800.0, "anomaly": false}, "geometry": {"type": "LineString", "coordinates": [[140.13035712222978, 35.62940857819178], [140.13012710040323, 35.62953309102917], [140.12989735770154, 35.6296579405915]]}}, {"type": "Feature", "properties": {"id": "京葉道路-上り-0-56", "route": "京葉道路", "direction": "上り", "from": "貝塚IC", "to": "穴川IC", "grade": 0.44, "elevation_start": 20.4, "elevation_end": 20.6, "quality": "measured", "structure": "normal", "chain_rank": 0, "cum_dist_start": 2800.0, "cum_dist_end": 2850.0, "anomaly": false}, "geometry": {"type": "LineString", "coordinates": [[140.12989735770154, 35.6296579405915], [140.1296703053745, 35.629786035713266], [140.1294432530475, 35.629914130835026]]}}, {"type": "Feature", "properties": {"id": "京葉道路-上り-0-57", "route": "京葉道路", "direction": "上り", "from": "貝塚IC", "to": "穴川IC", "grade": -0.18, "elevation_start": 20.6, "elevation_end": 20.5, "quality": "estimated", "structure": "normal", "chain_rank": 0, "cum_dist_start": 2850.0, "cum_dist_end": 2900.0, "anomaly": false}, "geometry": {"type": "LineString", "coordinates": [[140.1294432530475, 35.629914130835026], [140.12921732868054, 35.6300435487281], [140.12899146921248, 35.63017304272883]]}}, {"type": "Feature", "properties": {"id": "京葉道路-上り-0-58", "route": "京葉道路", "direction": "上り", "from": "貝塚IC", "to": "穴川IC", "grade": -0.18, "elevation_start": 20.5, "elevation_end": 20.4, "quality": "estimated", "structure": "normal", "chain_rank": 0, "cum_dist_start": 2900.0, "cum_dist_end": 2950.0, "anomaly": false}, "geometry": {"type": "LineString", "coordinates": [[140.12899146921248, 35.63017304272883], [140.1287680044925, 35.63030526666211], [140.1285451634728, 35.63043820159278]]}}, {"type": "Feature", "properties": {"id": "京葉道路-上り-0-59", "route": "京葉道路", "direction": "上り", "from": "貝塚IC", "to": "穴川IC", "grade": -0.18, "elevation_start": 20.4, "elevation_end": 20.3, "quality": "estimated", "structure": "normal", "chain_rank": 0, "cum_dist_start": 2950.0, "cum_dist_end": 3000.0, "anomaly": false}, "geometry": {"type": "LineString", "coordinates": [[140.1285451634728, 35.63043820159278], [140.12832252138543, 35.630571354570655], [140.12810274236782, 35.630707645723334]]}}, {"type": "Feature", "properties": {"id": "京葉道路-上り-0-60", "route": "京葉道路", "direction": "上り", "from": "貝塚IC", "to": "穴川IC", "grade": -0.18, "elevation_start": 20.3, "elevation_end": 20.3, "quality": "estimated", "structure": "bridge", "chain_rank": 0, "cum_dist_start": 3000.0, "cum_dist_end": 3050.0, "anomaly": false}, "geometry": {"type": "LineString", "coordinates": [[140.12810274236782, 35.630707645723334], [140.12788364394376, 35.63084466016426], [140.12766575269126, 35.630982957504486]]}}, {"type": "Feature", "properties": {"id": "京葉道路-上り-0-61", "route": "京葉道路", "direction": "上り", "from": "貝塚IC", "to": "穴川IC", "grade": -0.18, "elevation_start": 20.3, "elevation_end": 20.2, "quality": "estimated", "structure": "bridge", "chain_rank": 0, "cum_dist_start": 3050.0, "cum_dist_end": 3100.0, "anomaly": false}, "geometry": {"type": "LineString", "coordinates": [[140.12766575269126, 35.630982957504486], [140.1274509452098, 35.63112440274204], [140.12723796347248, 35.63126770703437]]}}, {"type": "Feature", "properties": {"id": "京葉道路-上り-0-62", "route": "京葉道路", "direction": "上り", "from": "貝塚IC", "to": "穴川IC", "grade": -0.18, "elevation_start": 20.2, "elevation_end": 20.1, "quality": "estimated", "structure": "bridge", "chain_rank": 0, "cum_dist_start": 3100.0, "cum_dist_end": 3150.0, "anomaly": false}, "geometry": {"type": "LineString", "coordinates": [[140.12723796347248, 35.63126770703437], [140.12702568796433, 35.63141170908889], [140.12681631005734, 35.63155848611417]]}}, {"type": "Feature", "properties": {"id": "京葉道路-上り-0-63", "route": "京葉道路", "direction": "上り", "from": "貝塚IC", "to": "穴川IC", "grade": -0.18, "elevation_start": 20.1, "elevation_end": 20.0, "quality": "estimated", "structure": "bridge", "chain_rank": 0, "cum_dist_start": 3150.0, "cum_dist_end": 3200.0, "anomaly": false}, "geometry": {"type": "LineString", "coordinates": [[140.12681631005734, 35.63155848611417], [140.12660857437436, 35.63170683586231], [140.12639925095152, 35.63185368965203]]}}, {"type": "Feature", "properties": {"id": "京葉道路-上り-0-64", "route": "京葉道路", "direction": "上り", "from": "貝塚IC", "to": "穴川IC", "grade": -0.18, "elevation_start": 20.0, "elevation_end": 19.9, "quality": "estimated", "structure": "bridge", "chain_rank": 0, "cum_dist_start": 3200.0, "cum_dist_end": 3250.0, "anomaly": false}, "geometry": {"type": "LineString", "coordinates": [[140.12639925095152, 35.63185368965203], [140.1261901518168, 35.63200075147914], [140.12598410685476, 35.63215066582806]]}}, {"type": "Feature", "properties": {"id": "京葉道路-上り-0-65", "route": "京葉道路", "direction": "上り", "from": "貝塚IC", "to": "穴川IC", "grade": -0.18, "elevation_start": 19.9, "elevation_end": 19.8, "quality": "estimated", "structure": "bridge", "chain_rank": 0, "cum_dist_start": 3250.0, "cum_dist_end": 3300.0, "anomaly": false}, "geometry": {"type": "LineString", "coordinates": [[140.12598410685476, 35.63215066582806], [140.12577806189276, 35.63230058017697], [140.1255785995658, 35.63245630903545]]}}, {"type": "Feature", "properties": {"id": "京葉道路-上り-0-66", "route": "京葉道路", "direction": "上り", "from": "貝塚IC", "to": "穴川IC", "grade": -0.18, "elevation_start": 19.8, "elevation_end": 19.7, "quality": "estimated", "structure": "bridge", "chain_rank": 0, "cum_dist_start": 3300.0, "cum_dist_end": 3350.0, "anomaly": false}, "geometry": {"type": "LineString", "coordinates": [[140.1255785995658, 35.63245630903545], [140.1253793605949, 35.632612235186606], [140.12518108803724, 35.632768979848976]]}}, {"type": "Feature", "properties": {"id": "京葉道路-上り-0-67", "route": "京葉道路", "direction": "上り", "from": "貝塚IC", "to": "穴川IC", "grade": -0.18, "elevation_start": 19.7, "elevation_end": 19.6, "quality": "estimated", "structure": "bridge", "chain_rank": 0, "cum_dist_start": 3350.0, "cum_dist_end": 3400.0, "anomaly": false}, "geometry": {"type": "LineString", "coordinates": [[140.12518108803724, 35.632768979848976], [140.12498306174518, 35.632925933087925], [140.12478503545313, 35.63308288632688]]}}, {"type": "Feature", "properties": {"id": "京葉道路-上り-0-68", "route": "京葉道路", "direction": "上り", "from": "貝塚IC", "to": "穴川IC", "grade": -0.18, "elevation_start": 19.6, "elevation_end": 19.5, "quality": "estimated", "structure": "bridge", "chain_rank": 0, "cum_dist_start": 3400.0, "cum_dist_end": 3450.0, "anomaly": false}, "geometry": {"type": "LineString", "coordinates": [[140.12478503545313, 35.63308288632688], [140.12458699519274, 35.63323982906379], [140.12438894644694, 35.633396765420954]]}}, {"type": "Feature", "properties": {"id": "京葉道路-上り-0-69", "route": "京葉道路", "direction": "上り", "from": "貝塚IC", "to": "穴川IC", "grade": -0.18, "elevation_start": 19.5, "elevation_end": 19.5, "quality": "estimated", "structure": "bridge", "chain_rank": 0, "cum_dist_start": 3450.0, "cum_dist_end": 3500.0, "anomaly": false}, "geometry": {"type": "LineString", "coordinates": [[140.12438894644694, 35.633396765420954], [140.1241908977011, 35.633553701778126], [140.1239928489553, 35.63371063813529]]}}, {"type": "Feature", "properties": {"id": "京葉道路-上り-0-70", "route": "京葉道路", "direction": "上り", "from": "貝塚IC", "to": "穴川IC", "grade": -0.18, "elevation_start": 19.5, "elevation_end": 19.4, "quality": "estimated", "structure": "bridge", "chain_rank": 0, "cum_dist_start": 3500.0, "cum_dist_end": 3550.0, "anomaly": false}, "geometry": {"type": "LineString", "coordinates": [[140.1239928489553, 35.63371063813529], [140.1237948002095, 35.63386757449246], [140.12359675146368, 35.634024510849635]]}}, {"type": "Feature", "properties": {"id": "京葉道路-上り-0-71", "route": "京葉道路", "direction": "上り", "from": "貝塚IC", "to": "穴川IC", "grade": -0.18, "elevation_start": 19.4, "elevation_end": 19.3, "quality": "estimated", "structure": "bridge", "chain_rank": 0, "cum_dist_start": 3550.0, "cum_dist_end": 3600.0, "anomaly": false}, "geometry": {"type": "LineString", "coordinates": [[140.12359675146368, 35.634024510849635], [140.12339870271788, 35.6341814472068], [140.12320065397205, 35.63433838356397]]}}, {"type": "Feature", "properties": {"id": "京葉道路-上り-0-72", "route": "京葉道路", "direction": "上り", "from": "貝塚IC", "to": "穴川IC", "grade": -0.18, "elevation_start": 19.3, "elevation_end": 19.2, "quality": "estimated", "structure": "bridge", "chain_rank": 0, "cum_dist_start": 3600.0, "cum_dist_end": 3650.0, "anomaly": false}, "geometry": {"type": "LineString", "coordinates": [[140.12320065397205, 35.63433838356397], [140.12300260522625, 35.634495319921136], [140.1228043569156, 35.634652088822634]]}}, {"type": "Feature", "properties": {"id": "京葉道路-上り-0-73", "route": "京葉道路", "direction": "上り", "from": "貝塚IC", "to": "穴川IC", "grade": -0.18, "elevation_start": 19.2, "elevation_end": 19.1, "quality": "estimated", "structure": "bridge", "chain_rank": 0, "cum_dist_start": 3650.0, "cum_dist_end": 3700.0, "anomaly": false}, "geometry": {"type": "LineString", "coordinates": [[140.1228043569156, 35.634652088822634], [140.12260572986236, 35.634808539919646], [140.1224071028091, 35.63496499101666]]}}, {"type": "Feature", "properties": {"id": "京葉道路-上り-0-74", "route": "京葉道路", "direction": "上り", "from": "貝塚IC", "to": "穴川IC", "grade": -0.18, "elevation_start": 19.1, "elevation_end": 19.0, "quality": "estimated", "structure": "bridge", "chain_rank": 0, "cum_dist_start": 3700.0, "cum_dist_end": 3750.0, "anomaly": false}, "geometry": {"type": "LineString", "coordinates": [[140.1224071028091, 35.63496499101666], [140.12220847575585, 35.63512144211368], [140.1220098487026, 35.63527789321069]]}}, {"type": "Feature", "properties": {"id": "京葉道路-上り-0-75", "route": "京葉道路", "direction": "上り", "from": "貝塚IC", "to": "穴川IC", "grade": -0.18, "elevation_start": 19.0, "elevation_end": 18.9, "quality": "estimated", "structure": "bridge", "chain_rank": 0, "cum_dist_start": 3750.0, "cum_dist_end": 3800.0, "anomaly": false}, "geometry": {"type": "LineString", "coordinates": [[140.1220098487026, 35.63527789321069], [140.12181122164935, 35.63543434430771], [140.1216125945961, 35.635590795404724]]}}, {"type": "Feature", "properties": {"id": "京葉道路-上り-0-76", "route": "京葉道路", "direction": "上り", "from": "貝塚IC", "to": "穴川IC", "grade": -0.18, "elevation_start": 18.9, "elevation_end": 18.8, "quality": "estimated", "structure": "bridge", "chain_rank": 0, "cum_dist_start": 3800.0, "cum_dist_end": 3850.0, "anomaly": false}, "geometry": {"type": "LineString", "coordinates": [[140.1216125945961, 35.635590795404724], [140.12141436031453, 35.63574757888031], [140.12121642102815, 35.63590461199219]]}}, {"type": "Feature", "properties": {"id": "京葉道路-上り-0-77", "route": "京葉道路", "direction": "上り", "from": "穴川IC", "to": "宮野木JCT", "grade": -0.18, "elevation_start": 18.8, "elevation_end": 18.8, "quality": "estimated", "structure": "normal", "chain_rank": 0, "cum_dist_start": 3850.0, "cum_dist_end": 3900.0, "anomaly": false}, "geometry": {"type": "LineString", "coordinates": [[140.12121642102815, 35.63590461199219], [140.12101848174174, 35.63606164510407], [140.12082054245536, 35.63621867821595]]}}, {"type": "Feature", "properties": {"id": "京葉道路-上り-0-78", "route": "京葉道路", "direction": "上り", "from": "穴川IC", "to": "宮野木JCT", "grade": -0.18, "elevation_start": 18.8, "elevation_end": 18.7, "quality": "estimated", "structure": "normal", "chain_rank": 0, "cum_dist_start": 3900.0, "cum_dist_end": 3950.0, "anomaly": false}, "geometry": {"type": "LineString", "coordinates": [[140.12082054245536, 35.63621867821595], [140.12062260316898, 35.63637571132783], [140.1204246638826, 35.636532744439705]]}}, {"type": "Feature", "properties": {"id": "京葉道路-上り-0-79", "route": "京葉道路", "direction": "上り", "from": "穴川IC", "to": "宮野木JCT", "grade": -0.26, "elevation_start": 18.7, "elevation_end": 18.5, "quality": "estimated", "structure": "normal", "chain_rank": 0, "cum_dist_start": 3950.0, "cum_dist_end": 4000.0, "anomaly": false}, "geometry": {"type": "LineString", "coordinates": [[140.1204246638826, 35.636532744439705], [140.1202267245962, 35.63668977755159], [140.12003085282203, 35.636848525885355]]}}, {"type": "Feature", "properties": {"id": "京葉道路-上り-0-80", "route": "京葉道路", "direction": "上り", "from": "穴川IC", "to": "宮野木JCT", "grade": -0.18, "elevation_start": 18.5, "elevation_end": 18.4, "quality": "measured", "structure": "normal", "chain_rank": 0, "cum_dist_start": 4000.0, "cum_dist_end": 4050.0, "anomaly": false}, "geometry": {"type": "LineString", "coordinates": [[140.12003085282203, 35.636848525885355], [140.1198355315998, 35.63700773096071], [140.11964021037758, 35.63716693603607]]}}, {"type": "Feature", "properties": {"id": "京葉道路-上り-0-81", "route": "京葉道路", "direction": "上り", "from": "穴川IC", "to": "宮野木JCT", "grade": -0.67, "elevation_start": 18.4, "elevation_end": 18.1, "quality": "measured", "structure": "normal", "chain_rank": 0, "cum_dist_start": 4050.0, "cum_dist_end": 4100.0, "anomaly": false}, "geometry": {"type": "LineString", "coordinates": [[140.11964021037758, 35.63716693603607], [140.11944488915537, 35.63732614111142], [140.11924956793314, 35.63748534618678]]}}, {"type": "Feature", "properties": {"id": "京葉道路-上り-0-82", "route": "京葉道路", "direction": "上り", "from": "穴川IC", "to": "宮野木JCT", "grade": -1.41, "elevation_start": 18.1, "elevation_end": 17.4, "quality": "measured", "structure": "normal", "chain_rank": 0, "cum_dist_start": 4100.0, "cum_dist_end": 4150.0, "anomaly": false}, "geometry": {"type": "LineString", "coordinates": [[140.11924956793314, 35.63748534618678], [140.11905424671093, 35.63764455126213], [140.11885892548872, 35.63780375633748]]}}, {"type": "Feature", "properties": {"id": "京葉道路-上り-0-83", "route": "京葉道路", "direction": "上り", "from": "穴川IC", "to": "宮野木JCT", "grade": -1.6, "elevation_start": 17.4, "elevation_end": 16.6, "quality": "measured", "structure": "normal", "chain_rank": 0, "cum_dist_start": 4150.0, "cum_dist_end": 4200.0, "anomaly": false}, "geometry": {"type": "LineString", "coordinates": [[140.11885892548872, 35.63780375633748], [140.1186633606117, 35.637962760014695], [140.11846568290397, 35.638120017285964]]}}, {"type": "Feature", "properties": {"id": "京葉道路-上り-0-84", "route": "京葉道路", "direction": "上り", "from": "穴川IC", "to": "宮野木JCT", "grade": -1.14, "elevation_start": 16.6, "elevation_end": 16.0, "quality": "measured", "structure": "normal", "chain_rank": 0, "cum_dist_start": 4200.0, "cum_dist_end": 4250.0, "anomaly": false}, "geometry": {"type": "LineString", "coordinates": [[140.11846568290397, 35.638120017285964], [140.11826800519623, 35.63827727455724], [140.11807032748848, 35.638434531828516]]}}, {"type": "Feature", "properties": {"id": "京葉道路-上り-0-85", "route": "京葉道路", "direction": "上り", "from": "穴川IC", "to": "宮野木JCT", "grade": -0.14, "elevation_start": 16.0, "elevation_end": 16.0, "quality": "measured", "structure": "normal", "chain_rank": 0, "cum_dist_start": 4250.0, "cum_dist_end": 4300.0, "anomaly": false}, "geometry": {"type": "LineString", "coordinates": [[140.11807032748848, 35.638434531828516], [140.11787264978076, 35.63859178909979], [140.11767497207302, 35.63874904637106]]}}, {"type": "Feature", "properties": {"id": "京葉道路-上り-0-86", "route": "京葉道路", "direction": "上り", "from": "穴川IC", "to": "宮野木JCT", "grade": 0.14, "elevation_start": 16.0, "elevation_end": 16.0, "quality": "measured", "structure": "normal", "chain_rank": 0, "cum_dist_start": 4300.0, "cum_dist_end": 4350.0, "anomaly": false}, "geometry": {"type": "LineString", "coordinates": [[140.11767497207302, 35.63874904637106], [140.11747729436527, 35.63890630364234], [140.11727961665753, 35.63906356091361]]}}, {"type": "Feature", "properties": {"id": "京葉道路-上り-0-87", "route": "京葉道路", "direction": "上り", "from": "穴川IC", "to": "宮野木JCT", "grade": 1.07, "elevation_start": 16.0, "elevation_end": 16.6, "quality": "measured", "structure": "normal", "chain_rank": 0, "cum_dist_start": 4350.0, "cum_dist_end": 4400.0, "anomaly": false}, "geometry": {"type": "LineString", "coordinates": [[140.11727961665753, 35.63906356091361], [140.1170825860469, 35.6392213604736], [140.11688559769007, 35.63937919544364]]}}, {"type": "Feature", "properties": {"id": "京葉道路-上り-0-88", "route": "京葉道路", "direction": "上り", "from": "穴川IC", "to": "宮野木JCT", "grade": 1.5, "elevation_start": 16.6, "elevation_end": 17.3, "quality": "measured", "structure": "normal", "chain_rank": 0, "cum_dist_start": 4400.0, "cum_dist_end": 4450.0, "anomaly": false}, "geometry": {"type": "LineString", "coordinates": [[140.11688559769007, 35.63937919544364], [140.1166886093332, 35.63953703041368], [140.11649162097638, 35.63969486538372]]}}, {"type": "Feature", "properties": {"id": "京葉道路-上り-0-89", "route": "京葉道路", "direction": "上り", "from": "穴川IC", "to": "宮野木JCT", "grade": 1.65, "elevation_start": 17.3, "elevation_end": 18.1, "quality": "measured", "structure": "normal", "chain_rank": 0, "cum_dist_start": 4450.0, "cum_dist_end": 4500.0, "anomaly": false}, "geometry": {"type": "LineString", "coordinates": [[140.11649162097638, 35.63969486538372], [140.1162946326195, 35.639852700353764], [140.11609764426268, 35.6400105353238]]}}, {"type": "Feature", "properties": {"id": "京葉道路-上り-0-90", "route": "京葉道路", "direction": "上り", "from": "穴川IC", "to": "宮野木JCT", "grade": 1.59, "elevation_start": 18.1, "elevation_end": 18.9, "quality": "measured", "structure": "normal", "chain_rank": 0, "cum_dist_start": 4500.0, "cum_dist_end": 4550.0, "anomaly": false}, "geometry": {"type": "LineString", "coordinates": [[140.11609764426268, 35.6400105353238], [140.11590065590582, 35.64016837029384], [140.11570360073986, 35.64032615089509]]}}, {"type": "Feature", "properties": {"id": "京葉道路-上り-0-91", "route": "京葉道路", "direction": "上り", "from": "穴川IC", "to": "宮野木JCT", "grade": 1.53, "elevation_start": 18.9, "elevation_end": 19.7, "quality": "measured", "structure": "normal", "chain_rank": 0, "cum_dist_start": 4550.0, "cum_dist_end": 4600.0, "anomaly": false}, "geometry": {"type": "LineString", "coordinates": [[140.11570360073986, 35.64032615089509], [140.11550649522522, 35.64048389052297], [140.1153093897106, 35.64064163015085]]}}, {"type": "Feature", "properties": {"id": "京葉道路-上り-0-92", "route": "京葉道路", "direction": "上り", "from": "穴川IC", "to": "宮野木JCT", "grade": 1.8, "elevation_start": 19.7, "elevation_end": 20.6, "quality": "measured", "structure": "normal", "chain_rank": 0, "cum_dist_start": 4600.0, "cum_dist_end": 4650.0, "anomaly": false}, "geometry": {"type": "LineString", "coordinates": [[140.1153093897106, 35.64064163015085], [140.11511228419596, 35.64079936977874], [140.11491517868134, 35.64095710940662]]}}, {"type": "Feature", "properties": {"id": "京葉道路-上り-0-93", "route": "京葉道路", "direction": "上り", "from": "穴川IC", "to": "宮野木JCT", "grade": 1.14, "elevation_start": 20.6, "elevation_end": 21.2, "quality": "measured", "structure": "normal", "chain_rank": 0, "cum_dist_start": 4650.0, "cum_dist_end": 4700.0, "anomaly": false}, "geometry": {"type": "LineString", "coordinates": [[140.11491517868134, 35.64095710940662], [140.1147180731667, 35.6411148490345], [140.11452186013526, 35.64127332415107]]}}, {"type": "Feature", "properties": {"id": "京葉道路-上り-0-94", "route": "京葉道路", "direction": "上り", "from": "穴川IC", "to": "宮野木JCT", "grade": 0.82, "elevation_start": 21.2, "elevation_end": 21.6, "quality": "measured", "structure": "normal", "chain_rank": 0, "cum_dist_start": 4700.0, "cum_dist_end": 4750.0, "anomaly": false}, "geometry": {"type": "LineString", "coordinates": [[140.11452186013526, 35.64127332415107], [140.11432691751594, 35.64143284620477], [140.11413197489665, 35.64159236825847]]}}, {"type": "Feature", "properties": {"id": "京葉道路-上り-0-95", "route": "京葉道路", "direction": "上り", "from": "穴川IC", "to": "宮野木JCT", "grade": 0.14, "elevation_start": 21.6, "elevation_end": 21.6, "quality": "measured", "structure": "normal", "chain_rank": 0, "cum_dist_start": 4750.0, "cum_dist_end": 4800.0, "anomaly": false}, "geometry": {"type": "LineString", "coordinates": [[140.11413197489665, 35.64159236825847], [140.1139370353207, 35.64175189300395], [140.1137435376839, 35.64191254503932]]}}, {"type": "Feature", "properties": {"id": "京葉道路-上り-0-96", "route": "京葉道路", "direction": "上り", "from": "穴川IC", "to": "宮野木JCT", "grade": -0.28, "elevation_start": 21.6, "elevation_end": 21.5, "quality": "measured", "structure": "normal", "chain_rank": 0, "cum_dist_start": 4800.0, "cum_dist_end": 4850.0, "anomaly": false}, "geometry": {"type": "LineString", "coordinates": [[140.1137435376839, 35.64191254503932], [140.11355683567714, 35.64207850672674], [140.11337013367037, 35.64224446841417]]}}, {"type": "Feature", "properties": {"id": "京葉道路-上り-0-97", "route": "京葉道路", "direction": "上り", "from": "穴川IC", "to": "宮野木JCT", "grade": -0.09, "elevation_start": 21.5, "elevation_end": 21.5, "quality": "measured", "structure": "normal", "chain_rank": 0, "cum_dist_start": 4850.0, "cum_dist_end": 4900.0, "anomaly": false}, "geometry": {"type": "LineString", "coordinates": [[140.11337013367037, 35.64224446841417], [140.11318718256018, 35.64241316027941], [140.11300654017094, 35.64258353260122]]}}, {"type": "Feature", "properties": {"id": "京葉道路-上り-0-98", "route": "京葉道路", "direction": "上り", "from": "穴川IC", "to": "宮野木JCT", "grade": -0.14, "elevation_start": 21.5, "elevation_end": 21.4, "quality": "measured", "structure": "normal", "chain_rank": 0, "cum_dist_start": 4900.0, "cum_dist_end": 4950.0, "anomaly": false}, "geometry": {"type": "LineString", "coordinates": [[140.11300654017094, 35.64258353260122], [140.11282723232674, 35.64275482599726], [140.11265148962318, 35.642928579976505]]}}, {"type": "Feature", "properties": {"id": "京葉道路-上り-0-99", "route": "京葉道路", "direction": "上り", "from": "穴川IC", "to": "宮野木JCT", "grade": -0.12, "elevation_start": 21.4, "elevation_end": 21.3, "quality": "measured", "structure": "normal", "chain_rank": 0, "cum_dist_start": 4950.0, "cum_dist_end": 5000.0, "anomaly": false}, "geometry": {"type": "LineString", "coordinates": [[140.11265148962318, 35.642928579976505], [140.11247574691959, 35.64310233395575], [140.11230614184964, 35.643280101337844]]}}, {"type": "Feature", "properties": {"id": "京葉道路-上り-0-100", "route": "京葉道路", "direction": "上り", "from": "穴川IC", "to": "宮野木JCT", "grade": -0.09, "elevation_start": 21.3, "elevation_end": 21.3, "quality": "measured", "structure": "normal", "chain_rank": 0, "cum_dist_start": 5000.0, "cum_dist_end": 5050.0, "anomaly": false}, "geometry": {"type": "LineString", "coordinates": [[140.11230614184964, 35.643280101337844], [140.11213679695925, 35.64345803885151], [140.11196745206882, 35.64363597636519]]}}, {"type": "Feature", "properties": {"id": "京葉道路-上り-0-101", "route": "京葉道路", "direction": "上り", "from": "穴川IC", "to": "宮野木JCT", "grade": -0.2, "elevation_start": 21.3, "elevation_end": 21.2, "quality": "measured", "structure": "normal", "chain_rank": 0, "cum_dist_start": 5050.0, "cum_dist_end": 5100.0, "anomaly": false}, "geometry": {"type": "LineString", "coordinates": [[140.11196745206882, 35.64363597636519], [140.11180381233822, 35.64381743325481], [140.11164142692988, 35.64399964248596]]}}, {"type": "Feature", "properties": {"id": "京葉道路-上り-0-102", "route": "京葉道路", "direction": "上り", "from": "穴川IC", "to": "宮野木JCT", "grade": -0.46, "elevation_start": 21.2, "elevation_end": 21.0, "quality": "measured", "structure": "normal", "chain_rank": 0, "cum_dist_start": 5100.0, "cum_dist_end": 5150.0, "anomaly": false}, "geometry": {"type": "LineString", "coordinates": [[140.11164142692988, 35.64399964248596], [140.11148306335735, 35.6441841872581], [140.11132549353925, 35.644369192762156]]}}, {"type": "Feature", "properties": {"id": "京葉道路-上り-0-103", "route": "京葉道路", "direction": "上り", "from": "穴川IC", "to": "宮野木JCT", "grade": -0.51, "elevation_start": 21.0, "elevation_end": 20.7, "quality": "measured", "structure": "normal", "chain_rank": 0, "cum_dist_start": 5150.0, "cum_dist_end": 5200.0, "anomaly": false}, "geometry": {"type": "LineString", "coordinates": [[140.11132549353925, 35.644369192762156], [140.11116959151946, 35.644555091942735], [140.1110243154536, 35.64474668495658]]}}, {"type": "Feature", "properties": {"id": "京葉道路-上り-0-104", "route": "京葉道路", "direction": "上り", "from": "穴川IC", "to": "宮野木JCT", "grade": -0.53, "elevation_start": 20.7, "elevation_end": 20.4, "quality": "measured", "structure": "normal", "chain_rank": 0, "cum_dist_start": 5200.0, "cum_dist_end": 5250.0, "anomaly": false}, "geometry": {"type": "LineString", "coordinates": [[140.1110243154536, 35.64474668495658], [140.1108790393877, 35.64493827797042], [140.11073562412057, 35.645130799250595]]}}, {"type": "Feature", "properties": {"id": "京葉道路-上り-0-105", "route": "京葉道路", "direction": "上り", "from": "穴川IC", "to": "宮野木JCT", "grade": -0.4, "elevation_start": 20.4, "elevation_end": 20.2, "quality": "measured", "structure": "normal", "chain_rank": 0, "cum_dist_start": 5250.0, "cum_dist_end": 5300.0, "anomaly": false}, "geometry": {"type": "LineString", "coordinates": [[140.11073562412057, 35.645130799250595], [140.11059306393318, 35.64532374709045], [140.11045714278038, 35.64551984962113]]}}, {"type": "Feature", "properties": {"id": "京葉道路-上り-0-106", "route": "京葉道路", "direction": "上り", "from": "穴川IC", "to": "宮野木JCT", "grade": -0.29, "elevation_start": 20.2, "elevation_end": 20.1, "quality": "measured", "structure": "normal", "chain_rank": 0, "cum_dist_start": 5300.0, "cum_dist_end": 5350.0, "anomaly": false}, "geometry": {"type": "LineString", "coordinates": [[140.11045714278038, 35.64551984962113], [140.11032200022467, 35.64571632212021], [140.11018623542466, 35.64591250862001]]}}, {"type": "Feature", "properties": {"id": "京葉道路-上り-0-107", "route": "京葉道路", "direction": "上り", "from": "穴川IC", "to": "宮野木JCT", "grade": -0.33, "elevation_start": 20.1, "elevation_end": 19.9, "quality": "measured", "structure": "normal", "chain_rank": 0, "cum_dist_start": 5350.0, "cum_dist_end": 5400.0, "anomaly": false}, "geometry": {"type": "LineString", "coordinates": [[140.11018623542466, 35.64591250862001], [140.11005028694785, 35.64610861069729], [140.10991433847104, 35.64630471277457]]}}, {"type": "Feature", "properties": {"id": "京葉道路-上り-0-108", "route": "京葉道路", "direction": "上り", "from": "穴川IC", "to": "宮野木JCT", "grade": -0.46, "elevation_start": 19.9, "elevation_end": 19.7, "quality": "measured", "structure": "normal", "chain_rank": 0, "cum_dist_start": 5400.0, "cum_dist_end": 5450.0, "anomaly": false}, "geometry": {"type": "LineString", "coordinates": [[140.10991433847104, 35.64630471277457], [140.1097916996177, 35.64650647611128], [140.10967267587137, 35.646709777136785]]}}, {"type": "Feature", "properties": {"id": "京葉道路-上り-0-109", "route": "京葉道路", "direction": "上り", "from": "穴川IC", "to": "宮野木JCT", "grade": -0.44, "elevation_start": 19.7, "elevation_end": 19.5, "quality": "measured", "structure": "normal", "chain_rank": 0, "cum_dist_start": 5450.0, "cum_dist_end": 5500.0, "anomaly": false}, "geometry": {"type": "LineString", "coordinates": [[140.10967267587137, 35.646709777136785], [140.10955365212507, 35.64691307816229], [140.10944338503816, 35.64711958410573]]}}, {"type": "Feature", "properties": {"id": "京葉道路-上り-0-110", "route": "京葉道路", "direction": "上り", "from": "穴川IC", "to": "宮野木JCT", "grade": -0.76, "elevation_start": 19.5, "elevation_end": 19.1, "quality": "measured", "structure": "normal", "chain_rank": 0, "cum_dist_start": 5500.0, "cum_dist_end": 5550.0, "anomaly": false}, "geometry": {"type": "LineString", "coordinates": [[140.10944338503816, 35.64711958410573], [140.10933659835385, 35.6473273638688], [140.1092328964524, 35.64753615939594]]}}, {"type": "Feature", "properties": {"id": "京葉道路-上り-0-111", "route": "京葉道路", "direction": "上り", "from": "穴川IC", "to": "宮野木JCT", "grade": -0.89, "elevation_start": 19.1, "elevation_end": 18.7, "quality": "measured", "structure": "normal", "chain_rank": 0, "cum_dist_start": 5550.0, "cum_dist_end": 5600.0, "anomaly": false}, "geometry": {"type": "LineString", "coordinates": [[140.1092328964524, 35.64753615939594], [140.10913316535843, 35.64774626243929], [140.10903394924878, 35.64795652421791]]}}, {"type": "Feature", "properties": {"id": "京葉道路-上り-0-112", "route": "京葉道路", "direction": "上り", "from": "穴川IC", "to": "宮野木JCT", "grade": -12.45, "elevation_start": 18.7, "elevation_end": 12.4, "quality": "estimated", "structure": "normal", "chain_rank": 0, "cum_dist_start": 5600.0, "cum_dist_end": 5650.0, "anomaly": true}, "geometry": {"type": "LineString", "coordinates": [[140.10903394924878, 35.64795652421791], [140.1089386588539, 35.64816799603209], [140.1088452045545, 35.64838000242686]]}}, {"type": "Feature", "properties": {"id": "京葉道路-上り-0-113", "route": "京葉道路", "direction": "上り", "from": "穴川IC", "to": "宮野木JCT", "grade": 0.34, "elevation_start": 12.4, "elevation_end": 12.6, "quality": "measured", "structure": "normal", "chain_rank": 0, "cum_dist_start": 5650.0, "cum_dist_end": 5700.0, "anomaly": false}, "geometry": {"type": "LineString", "coordinates": [[140.1088452045545, 35.64838000242686], [140.10875502530152, 35.64859296235386], [140.10866782278032, 35.64880673989507]]}}, {"type": "Feature", "properties": {"id": "京葉道路-上り-0-114", "route": "京葉道路", "direction": "上り", "from": "穴川IC", "to": "宮野木JCT", "grade": 11.98, "elevation_start": 12.6, "elevation_end": 18.6, "quality": "estimated", "structure": "normal", "chain_rank": 0, "cum_dist_start": 5700.0, "cum_dist_end": 5750.0, "anomaly": true}, "geometry": {"type": "LineString", "coordinates": [[140.10866782278032, 35.64880673989507], [140.10858193485416, 35.64902087851401], [140.10849574063033, 35.64923493491938]]}}, {"type": "Feature", "properties": {"id": "京葉道路-上り-0-115", "route": "京葉道路", "direction": "上り", "from": "穴川IC", "to": "宮野木JCT", "grade": 0.33, "elevation_start": 18.6, "elevation_end": 18.8, "quality": "measured", "structure": "normal", "chain_rank": 0, "cum_dist_start": 5750.0, "cum_dist_end": 5800.0, "anomaly": false}, "geometry": {"type": "LineString", "coordinates": [[140.10849574063033, 35.64923493491938], [140.10840902680982, 35.64944885185943], [140.10832231298932, 35.64966276879949]]}}, {"type": "Feature", "properties": {"id": "京葉道路-上り-0-116", "route": "京葉道路", "direction": "上り", "from": "穴川IC", "to": "宮野木JCT", "grade": 0.37, "elevation_start": 18.8, "elevation_end": 18.9, "quality": "measured", "structure": "normal", "chain_rank": 0, "cum_dist_start": 5800.0, "cum_dist_end": 5850.0, "anomaly": false}, "geometry": {"type": "LineString", "coordinates": [[140.10832231298932, 35.64966276879949], [140.1082355991688, 35.64987668573954], [140.10814888534833, 35.6500906026796]]}}, {"type": "Feature", "properties": {"id": "京葉道路-上り-0-117", "route": "京葉道路", "direction": "上り", "from": "穴川IC", "to": "宮野木JCT", "grade": 0.36, "elevation_start": 18.9, "elevation_end": 19.1, "quality": "measured", "structure": "normal", "chain_rank": 0, "cum_dist_start": 5850.0, "cum_dist_end": 5900.0, "anomaly": false}, "geometry": {"type": "LineString", "coordinates": [[140.10814888534833, 35.6500906026796], [140.10806086331317, 35.650304163655086], [140.10797283391454, 35.65051772262698]]}}, {"type": "Feature", "properties": {"id": "京葉道路-上り-0-118", "route": "京葉道路", "direction": "上り", "from": "穴川IC", "to": "宮野木JCT", "grade": 0.23, "elevation_start": 19.1, "elevation_end": 19.2, "quality": "measured", "structure": "normal", "chain_rank": 0, "cum_dist_start": 5900.0, "cum_dist_end": 5950.0, "anomaly": false}, "geometry": {"type": "LineString", "coordinates": [[140.10797283391454, 35.65051772262698], [140.10788480451595, 35.65073128159887], [140.10779677511732, 35.650944840570766]]}}, {"type": "Feature", "properties": {"id": "京葉道路-上り-0-119", "route": "京葉道路", "direction": "上り", "from": "穴川IC", "to": "宮野木JCT", "grade": 0.09, "elevation_start": 19.2, "elevation_end": 19.3, "quality": "measured", "structure": "normal", "chain_rank": 0, "cum_dist_start": 5950.0, "cum_dist_end": 6000.0, "anomaly": false}, "geometry": {"type": "LineString", "coordinates": [[140.10779677511732, 35.650944840570766], [140.10770874571872, 35.65115839954266], [140.1076207163201, 35.65137195851455]]}}, {"type": "Feature", "properties": {"id": "京葉道路-上り-0-120", "route": "京葉道路", "direction": "上り", "from": "穴川IC", "to": "宮野木JCT", "grade": 0.23, "elevation_start": 19.3, "elevation_end": 19.4, "quality": "measured", "structure": "normal", "chain_rank": 0, "cum_dist_start": 6000.0, "cum_dist_end": 6050.0, "anomaly": false}, "geometry": {"type": "LineString", "coordinates": [[140.1076207163201, 35.65137195851455], [140.10753288664304, 35.65158557243373], [140.10744514540178, 35.65179921068333]]}}, {"type": "Feature", "properties": {"id": "京葉道路-上り-0-121", "route": "京葉道路", "direction": "上り", "from": "穴川IC", "to": "宮野木JCT", "grade": 0.27, "elevation_start": 19.4, "elevation_end": 19.5, "quality": "measured", "structure": "normal", "chain_rank": 0, "cum_dist_start": 6050.0, "cum_dist_end": 6100.0, "anomaly": false}, "geometry": {"type": "LineString", "coordinates": [[140.10744514540178, 35.65179921068333], [140.1073574041605, 35.65201284893293], [140.10726966291924, 35.652226487182524]]}}, {"type": "Feature", "properties": {"id": "京葉道路-上り-0-122", "route": "京葉道路", "direction": "上り", "from": "穴川IC", "to": "宮野木JCT", "grade": 0.19, "elevation_start": 19.5, "elevation_end": 19.6, "quality": "measured", "structure": "normal", "chain_rank": 0, "cum_dist_start": 6100.0, "cum_dist_end": 6150.0, "anomaly": false}, "geometry": {"type": "LineString", "coordinates": [[140.10726966291924, 35.652226487182524], [140.10718287902793, 35.652440384777385], [140.10709678552772, 35.65265446939859]]}}, {"type": "Feature", "properties": {"id": "京葉道路-上り-0-123", "route": "京葉道路", "direction": "上り", "from": "穴川IC", "to": "宮野木JCT", "grade": 0.66, "elevation_start": 19.6, "elevation_end": 20.0, "quality": "measured", "structure": "normal", "chain_rank": 0, "cum_dist_start": 6150.0, "cum_dist_end": 6200.0, "anomaly": false}, "geometry": {"type": "LineString", "coordinates": [[140.10709678552772, 35.65265446939859], [140.1070106920275, 35.652868554019804], [140.10692459852729, 35.65308263864101]]}}, {"type": "Feature", "properties": {"id": "京葉道路-上り-0-124", "route": "京葉道路", "direction": "上り", "from": "穴川IC", "to": "宮野木JCT", "grade": 0.2, "elevation_start": 20.0, "elevation_end": 20.1, "quality": "measured", "structure": "normal", "chain_rank": 0, "cum_dist_start": 6200.0, "cum_dist_end": 6250.0, "anomaly": false}, "geometry": {"type": "LineString", "coordinates": [[140.10692459852729, 35.65308263864101], [140.10683850502704, 35.653296723262216], [140.10675224708066, 35.65351076338668]]}}, {"type": "Feature", "properties": {"id": "京葉道路-上り-0-125", "route": "京葉道路", "direction": "上り", "from": "穴川IC", "to": "宮野木JCT", "grade": 0.54, "elevation_start": 20.1, "elevation_end": 20.3, "quality": "measured", "structure": "normal", "chain_rank": 0, "cum_dist_start": 6250.0, "cum_dist_end": 6300.0, "anomaly": false}, "geometry": {"type": "LineString", "coordinates": [[140.10675224708066, 35.65351076338668], [140.10666448570146, 35.65372439670406], [140.10657672432222, 35.65393803002143]]}}, {"type": "Feature", "properties": {"id": "京葉道路-上り-0-126", "route": "京葉道路", "direction": "上り", "from": "穴川IC", "to": "宮野木JCT", "grade": 0.62, "elevation_start": 20.3, "elevation_end": 20.6, "quality": "measured", "structure": "normal", "chain_rank": 0, "cum_dist_start": 6300.0, "cum_dist_end": 6350.0, "anomaly": false}, "geometry": {"type": "LineString", "coordinates": [[140.10657672432222, 35.65393803002143], [140.10648896294302, 35.65415166333881], [140.1064012015638, 35.65436529665618]]}}, {"type": "Feature", "properties": {"id": "京葉道路-上り-0-127", "route": "京葉道路", "direction": "上り", "from": "穴川IC", "to": "宮野木JCT", "grade": 0.57, "elevation_start": 20.6, "elevation_end": 20.9, "quality": "measured", "structure": "normal", "chain_rank": 0, "cum_dist_start": 6350.0, "cum_dist_end": 6400.0, "anomaly": false}, "geometry": {"type": "LineString", "coordinates": [[140.1064012015638, 35.65436529665618], [140.1063134401846, 35.65457892997356], [140.1062246149983, 35.654792269462675]]}}, {"type": "Feature", "properties": {"id": "京葉道路-上り-0-128", "route": "京葉道路", "direction": "上り", "from": "穴川IC", "to": "宮野木JCT", "grade": 0.55, "elevation_start": 20.9, "elevation_end": 21.2, "quality": "measured", "structure": "normal", "chain_rank": 0, "cum_dist_start": 6400.0, "cum_dist_end": 6450.0, "anomaly": false}, "geometry": {"type": "LineString", "coordinates": [[140.1062246149983, 35.654792269462675], [140.10613529555306, 35.65500547243528], [140.10604466719928, 35.65521827531721]]}}, {"type": "Feature", "properties": {"id": "京葉道路-上り-0-129", "route": "京葉道路", "direction": "上り", "from": "穴川IC", "to": "宮野木JCT", "grade": 0.62, "elevation_start": 21.2, "elevation_end": 21.5, "quality": "measured", "structure": "normal", "chain_rank": 0, "cum_dist_start": 6450.0, "cum_dist_end": 6500.0, "anomaly": false}, "geometry": {"type": "LineString", "coordinates": [[140.10604466719928, 35.65521827531721], [140.10594040493754, 35.655426910758], [140.10583396835028, 35.65563479113082]]}}, {"type": "Feature", "properties": {"id": "京葉道路-上り-0-130", "route": "京葉道路", "direction": "上り", "from": "穴川IC", "to": "宮野木JCT", "grade": 0.18, "elevation_start": 21.5, "elevation_end": 21.6, "quality": "measured", "structure": "normal", "chain_rank": 0, "cum_dist_start": 6500.0, "cum_dist_end": 6550.0, "anomaly": false}, "geometry": {"type": "LineString", "coordinates": [[140.10583396835028, 35.65563479113082], [140.1057220621051, 35.65584077208079], [140.1056049910114, 35.65604479616843]]}}, {"type": "Feature", "properties": {"id": "京葉道路-上り-0-131", "route": "京葉道路", "direction": "上り", "from": "穴川IC", "to": "宮野木JCT", "grade": 0.0, "elevation_start": 21.6, "elevation_end": 21.6, "quality": "measured", "structure": "normal", "chain_rank": 0, "cum_dist_start": 6550.0, "cum_dist_end": 6600.0, "anomaly": false}, "geometry": {"type": "LineString", "coordinates": [[140.1056049910114, 35.65604479616843], [140.10548216608296, 35.65624655529576], [140.10535179400776, 35.65644517117579]]}}, {"type": "Feature", "properties": {"id": "京葉道路-上り-0-132", "route": "京葉道路", "direction": "上り", "from": "穴川IC", "to": "宮野木JCT", "grade": -0.41, "elevation_start": 21.6, "elevation_end": 21.4, "quality": "measured", "structure": "normal", "chain_rank": 0, "cum_dist_start": 6600.0, "cum_dist_end": 6650.0, "anomaly": false}, "geometry": {"type": "LineString", "coordinates": [[140.10535179400776, 35.65644517117579], [140.1052134093917, 35.656640104812006], [140.10507116554075, 35.65683319657503]]}}, {"type": "Feature", "properties": {"id": "京葉道路-上り-0-133", "route": "京葉道路", "direction": "上り", "from": "穴川IC", "to": "宮野木JCT", "grade": -1.17, "elevation_start": 21.4, "elevation_end": 20.8, "quality": "measured", "structure": "normal", "chain_rank": 0, "cum_dist_start": 6650.0, "cum_dist_end": 6700.0, "anomaly": false}, "geometry": {"type": "LineString", "coordinates": [[140.10507116554075, 35.65683319657503], [140.10492378968942, 35.65702372921771], [140.10477286397324, 35.65721239037565]]}}, {"type": "Feature", "properties": {"id": "京葉道路-上り-0-134", "route": "京葉道路", "direction": "上り", "from": "穴川IC", "to": "宮野木JCT", "grade": -0.38, "elevation_start": 20.8, "elevation_end": 20.6, "quality": "measured", "structure": "normal", "chain_rank": 0, "cum_dist_start": 6700.0, "cum_dist_end": 6750.0, "anomaly": false}, "geometry": {"type": "LineString", "coordinates": [[140.10477286397324, 35.65721239037565], [140.10462062085017, 35.65740035699818], [140.10446037124436, 35.65758376216855]]}}, {"type": "Feature", "properties": {"id": "京葉道路-上り-0-135", "route": "京葉道路", "direction": "上り", "from": "穴川IC", "to": "宮野木JCT", "grade": -0.92, "elevation_start": 20.6, "elevation_end": 20.2, "quality": "measured", "structure": "normal", "chain_rank": 0, "cum_dist_start": 6750.0, "cum_dist_end": 6800.0, "anomaly": false}, "geometry": {"type": "LineString", "coordinates": [[140.10446037124436, 35.65758376216855], [140.10429495301173, 35.65776410823556], [140.1041189101722, 35.657937681409365]]}}, {"type": "Feature", "properties": {"id": "京葉道路-上り-0-136", "route": "京葉道路", "direction": "上り", "from": "穴川IC", "to": "宮野木JCT", "grade": -1.04, "elevation_start": 20.2, "elevation_end": 19.6, "quality": "measured", "structure": "normal", "chain_rank": 0, "cum_dist_start": 6800.0, "cum_dist_end": 6850.0, "anomaly": false}, "geometry": {"type": "LineString", "coordinates": [[140.1041189101722, 35.657937681409365], [140.10393761852038, 35.65810754320899], [140.10375216928028, 35.65827446522625]]}}, {"type": "Feature", "properties": {"id": "京葉道路-上り-0-137", "route": "京葉道路", "direction": "上り", "from": "穴川IC", "to": "宮野木JCT", "grade": -0.54, "elevation_start": 19.6, "elevation_end": 19.4, "quality": "measured", "structure": "normal", "chain_rank": 0, "cum_dist_start": 6850.0, "cum_dist_end": 6900.0, "anomaly": false}, "geometry": {"type": "LineString", "coordinates": [[140.10375216928028, 35.65827446522625], [140.10356340023304, 35.65843888379192], [140.10336895399877, 35.658598727850695]]}}, {"type": "Feature", "properties": {"id": "京葉道路-上り-0-138", "route": "京葉道路", "direction": "上り", "from": "穴川IC", "to": "宮野木JCT", "grade": -0.32, "elevation_start": 19.4, "elevation_end": 19.2, "quality": "measured", "structure": "normal", "chain_rank": 0, "cum_dist_start": 6900.0, "cum_dist_end": 6950.0, "anomaly": false}, "geometry": {"type": "LineString", "coordinates": [[140.10336895399877, 35.658598727850695], [140.10316860192054, 35.658753745651275], [140.10296414011057, 35.658905158304975]]}}, {"type": "Feature", "properties": {"id": "京葉道路-上り-0-139", "route": "京葉道路", "direction": "上り", "from": "穴川IC", "to": "宮野木JCT", "grade": -1.04, "elevation_start": 19.2, "elevation_end": 18.7, "quality": "measured", "structure": "normal", "chain_rank": 0, "cum_dist_start": 6950.0, "cum_dist_end": 7000.0, "anomaly": false}, "geometry": {"type": "LineString", "coordinates": [[140.10296414011057, 35.658905158304975], [140.10275394940828, 35.659051194458904], [140.1025401018804, 35.65919365740975]]}}, {"type": "Feature", "properties": {"id": "京葉道路-上り-0-140", "route": "京葉道路", "direction": "上り", "from": "穴川IC", "to": "宮野木JCT", "grade": -0.63, "elevation_start": 18.7, "elevation_end": 18.4, "quality": "measured", "structure": "normal", "chain_rank": 0, "cum_dist_start": 7000.0, "cum_dist_end": 7050.0, "anomaly": false}, "geometry": {"type": "LineString", "coordinates": [[140.1025401018804, 35.65919365740975], [140.10232104511547, 35.659330803804785], [140.10209751771626, 35.65946298449949]]}}, {"type": "Feature", "properties": {"id": "京葉道路-上り-0-141", "route": "京葉道路", "direction": "上り", "from": "穴川IC", "to": "宮野木JCT", "grade": -0.81, "elevation_start": 18.4, "elevation_end": 18.0, "quality": "measured", "structure": "normal", "chain_rank": 0, "cum_dist_start": 7050.0, "cum_dist_end": 7100.0, "anomaly": false}, "geometry": {"type": "LineString", "coordinates": [[140.10209751771626, 35.65946298449949], [140.1018711934319, 35.65959200483356], [140.10163791741599, 35.65971252727563]]}}, {"type": "Feature", "properties": {"id": "京葉道路-上り-0-142", "route": "京葉道路", "direction": "上り", "from": "穴川IC", "to": "宮野木JCT", "grade": -11.54, "elevation_start": 18.0, "elevation_end": 12.2, "quality": "estimated", "structure": "normal", "chain_rank": 0, "cum_dist_start": 7100.0, "cum_dist_end": 7150.0, "anomaly": true}, "geometry": {"type": "LineString", "coordinates": [[140.10163791741599, 35.65971252727563], [140.10140394024975, 35.65983211475475], [140.10116627433322, 35.659946783395725]]}}, {"type": "Feature", "properties": {"id": "京葉道路-上り-0-143", "route": "京葉道路", "direction": "上り", "from": "穴川IC", "to": "宮野木JCT", "grade": 0.0, "elevation_start": 12.2, "elevation_end": 12.2, "quality": "measured", "structure": "normal", "chain_rank": 0, "cum_dist_start": 7150.0, "cum_dist_end": 7200.0, "anomaly": false}, "geometry": {"type": "LineString", "coordinates": [[140.10116627433322, 35.659946783395725], [140.10092436244952, 35.660055257879165], [140.10068025224234, 35.66016052537548]]}}, {"type": "Feature", "properties": {"id": "京葉道路-上り-0-144", "route": "京葉道路", "direction": "上り", "from": "穴川IC", "to": "宮野木JCT", "grade": 10.91, "elevation_start": 12.2, "elevation_end": 17.7, "quality": "estimated", "structure": "normal", "chain_rank": 0, "cum_dist_start": 7200.0, "cum_dist_end": 7250.0, "anomaly": true}, "geometry": {"type": "LineString", "coordinates": [[140.10068025224234, 35.66016052537548], [140.10043059671744, 35.660256695439884], [140.10017995522512, 35.66035116815292]]}}, {"type": "Feature", "properties": {"id": "京葉道路-上り-0-145", "route": "京葉道路", "direction": "上り", "from": "穴川IC", "to": "宮野木JCT", "grade": 0.43, "elevation_start": 17.7, "elevation_end": 17.9, "quality": "measured", "structure": "normal", "chain_rank": 0, "cum_dist_start": 7250.0, "cum_dist_end": 7300.0, "anomaly": false}, "geometry": {"type": "LineString", "coordinates": [[140.10017995522512, 35.66035116815292], [140.0999265064234, 35.66044048479499], [140.099668251913, 35.6605201666274]]}}, {"type": "Feature", "properties": {"id": "京葉道路-上り-0-146", "route": "京葉道路", "direction": "上り", "from": "宮野木JCT", "to": "武石IC", "grade": 0.27, "elevation_start": 17.9, "elevation_end": 18.0, "quality": "measured", "structure": "normal", "chain_rank": 0, "cum_dist_start": 7300.0, "cum_dist_end": 7350.0, "anomaly": false}, "geometry": {"type": "LineString", "coordinates": [[140.099668251913, 35.6605201666274], [140.099409103589, 35.6605978469967], [140.099148235268, 35.66067160648138]]}}, {"type": "Feature", "properties": {"id": "京葉道路-上り-0-147", "route": "京葉道路", "direction": "上り", "from": "宮野木JCT", "to": "武石IC", "grade": 0.49, "elevation_start": 18.0, "elevation_end": 18.2, "quality": "measured", "structure": "normal", "chain_rank": 0, "cum_dist_start": 7350.0, "cum_dist_end": 7400.0, "anomaly": false}, "geometry": {"type": "LineString", "coordinates": [[140.099148235268, 35.66067160648138], [140.09888509073977, 35.66073980697943], [140.09861922499041, 35.66080055372809]]}}, {"type": "Feature", "properties": {"id": "京葉道路-上り-0-148", "route": "京葉道路", "direction": "上り", "from": "宮野木JCT", "to": "武石IC", "grade": 0.49, "elevation_start": 18.2, "elevation_end": 18.5, "quality": "measured", "structure": "normal", "chain_rank": 0, "cum_dist_start": 7400.0, "cum_dist_end": 7450.0, "anomaly": false}, "geometry": {"type": "LineString", "coordinates": [[140.09861922499041, 35.66080055372809], [140.09835324737134, 35.660860994052186], [140.0980843096817, 35.660911941354414]]}}, {"type": "Feature", "properties": {"id": "京葉道路-上り-0-149", "route": "京葉道路", "direction": "上り", "from": "宮野木JCT", "to": "武石IC", "grade": 0.17, "elevation_start": 18.5, "elevation_end": 18.6, "quality": "measured", "structure": "normal", "chain_rank": 0, "cum_dist_start": 7450.0, "cum_dist_end": 7500.0, "anomaly": false}, "geometry": {"type": "LineString", "coordinates": [[140.0980843096817, 35.660911941354414], [140.09781425087283, 35.660958711360074], [140.09754362146262, 35.661003329088395]]}}, {"type": "Feature", "properties": {"id": "京葉道路-上り-0-150", "route": "京葉道路", "direction": "上り", "from": "宮野木JCT", "to": "武石IC", "grade": 0.35, "elevation_start": 18.6, "elevation_end": 18.8, "quality": "measured", "structure": "normal", "chain_rank": 0, "cum_dist_start": 7500.0, "cum_dist_end": 7550.0, "anomaly": false}, "geometry": {"type": "LineString", "coordinates": [[140.09754362146262, 35.661003329088395], [140.09727057511512, 35.661036301167066], [140.09699703484074, 35.661066893333185]]}}, {"type": "Feature", "properties": {"id": "京葉道路-上り-0-151", "route": "京葉道路", "direction": "上り", "from": "宮野木JCT", "to": "武石IC", "grade": 0.19, "elevation_start": 18.8, "elevation_end": 18.8, "quality": "measured", "structure": "normal", "chain_rank": 0, "cum_dist_start": 7550.0, "cum_dist_end": 7600.0, "anomaly": false}, "geometry": {"type": "LineString", "coordinates": [[140.09699703484074, 35.661066893333185], [140.09672349456636, 35.66109748549931], [140.09644907115657, 35.66112224323781]]}}, {"type": "Feature", "properties": {"id": "京葉道路-上り-0-152", "route": "京葉道路", "direction": "上り", "from": "宮野木JCT", "to": "武石IC", "grade": 0.07, "elevation_start": 18.8, "elevation_end": 18.9, "quality": "measured", "structure": "normal", "chain_rank": 0, "cum_dist_start": 7600.0, "cum_dist_end": 7650.0, "anomaly": false}, "geometry": {"type": "LineString", "coordinates": [[140.09644907115657, 35.66112224323781], [140.09617384637852, 35.661139308049854], [140.09589822680869, 35.661152555651135]]}}, {"type": "Feature", "properties": {"id": "京葉道路-上り-0-153", "route": "京葉道路", "direction": "上り", "from": "宮野木JCT", "to": "武石IC", "grade": 0.42, "elevation_start": 18.9, "elevation_end": 19.1, "quality": "measured", "structure": "normal", "chain_rank": 0, "cum_dist_start": 7650.0, "cum_dist_end": 7700.0, "anomaly": false}, "geometry": {"type": "LineString", "coordinates": [[140.09589822680869, 35.661152555651135], [140.09562394876025, 35.66117701634795], [140.09535039491394, 35.661207530281935]]}}, {"type": "Feature", "properties": {"id": "京葉道路-上り-0-154", "route": "京葉道路", "direction": "上り", "from": "宮野木JCT", "to": "武石IC", "grade": 0.65, "elevation_start": 19.1, "elevation_end": 19.4, "quality": "measured", "structure": "normal", "chain_rank": 0, "cum_dist_start": 7700.0, "cum_dist_end": 7750.0, "anomaly": false}, "geometry": {"type": "LineString", "coordinates": [[140.09535039491394, 35.661207530281935], [140.09507686221306, 35.66123817102287], [140.09480333902746, 35.661268868825864]]}}, {"type": "Feature", "properties": {"id": "京葉道路-上り-0-155", "route": "京葉道路", "direction": "上り", "from": "宮野木JCT", "to": "武石IC", "grade": 0.49, "elevation_start": 19.4, "elevation_end": 19.7, "quality": "measured", "structure": "normal", "chain_rank": 0, "cum_dist_start": 7750.0, "cum_dist_end": 7800.0, "anomaly": false}, "geometry": {"type": "LineString", "coordinates": [[140.09480333902746, 35.661268868825864], [140.09453031027343, 35.66130209091624], [140.09425869228056, 35.66134251555331]]}}, {"type": "Feature", "properties": {"id": "京葉道路-上り-0-156", "route": "京葉道路", "direction": "上り", "from": "宮野木JCT", "to": "武石IC", "grade": 0.51, "elevation_start": 19.7, "elevation_end": 19.9, "quality": "measured", "structure": "normal", "chain_rank": 0, "cum_dist_start": 7800.0, "cum_dist_end": 7850.0, "anomaly": false}, "geometry": {"type": "LineString", "coordinates": [[140.09425869228056, 35.66134251555331], [140.09398749306274, 35.66138476207538], [140.0937164001545, 35.66142747109846]]}}, {"type": "Feature", "properties": {"id": "京葉道路-上り-0-157", "route": "京葉道路", "direction": "上り", "from": "宮野木JCT", "to": "武石IC", "grade": 0.39, "elevation_start": 19.9, "elevation_end": 20.1, "quality": "measured", "structure": "normal", "chain_rank": 0, "cum_dist_start": 7850.0, "cum_dist_end": 7900.0, "anomaly": false}, "geometry": {"type": "LineString", "coordinates": [[140.0937164001545, 35.66142747109846], [140.0934453072463, 35.66147018012155], [140.09317306973952, 35.66150750904269]]}}, {"type": "Feature", "properties": {"id": "京葉道路-上り-0-158", "route": "京葉道路", "direction": "上り", "from": "宮野木JCT", "to": "武石IC", "grade": 0.2, "elevation_start": 20.1, "elevation_end": 20.2, "quality": "measured", "structure": "normal", "chain_rank": 0, "cum_dist_start": 7900.0, "cum_dist_end": 7950.0, "anomaly": false}, "geometry": {"type": "LineString", "coordinates": [[140.09317306973952, 35.66150750904269], [140.09290019850437, 35.66154185916989], [140.09262679333162, 35.66157314062536]]}}, {"type": "Feature", "properties": {"id": "京葉道路-上り-0-159", "route": "京葉道路", "direction": "上り", "from": "宮野木JCT", "to": "武石IC", "grade": 0.0, "elevation_start": 20.2, "elevation_end": 20.2, "quality": "measured", "structure": "normal", "chain_rank": 0, "cum_dist_start": 7950.0, "cum_dist_end": 8000.0, "anomaly": false}, "geometry": {"type": "LineString", "coordinates": [[140.09262679333162, 35.66157314062536], [140.09235298678382, 35.66160211527868], [140.092079180236, 35.66163108993201]]}}, {"type": "Feature", "properties": {"id": "京葉道路-上り-0-160", "route": "京葉道路", "direction": "上り", "from": "宮野木JCT", "to": "武石IC", "grade": -0.76, "elevation_start": 20.2, "elevation_end": 19.8, "quality": "measured", "structure": "normal", "chain_rank": 0, "cum_dist_start": 8000.0, "cum_dist_end": 8050.0, "anomaly": false}, "geometry": {"type": "LineString", "coordinates": [[140.092079180236, 35.66163108993201], [140.09180537368817, 35.661660064585334], [140.09153156714038, 35.66168903923866]]}}, {"type": "Feature", "properties": {"id": "京葉道路-上り-0-161", "route": "京葉道路", "direction": "上り", "from": "宮野木JCT", "to": "武石IC", "grade": -1.0, "elevation_start": 19.8, "elevation_end": 19.3, "quality": "measured", "structure": "normal", "chain_rank": 0, "cum_dist_start": 8050.0, "cum_dist_end": 8100.0, "anomaly": false}, "geometry": {"type": "LineString", "coordinates": [[140.09153156714038, 35.66168903923866], [140.09125816670314, 35.66172036719522], [140.09098521197274, 35.66175427790461]]}}, {"type": "Feature", "properties": {"id": "京葉道路-上り-0-162", "route": "京葉道路", "direction": "上り", "from": "宮野木JCT", "to": "武石IC", "grade": -1.61, "elevation_start": 19.3, "elevation_end": 18.5, "quality": "measured", "structure": "normal", "chain_rank": 0, "cum_dist_start": 8100.0, "cum_dist_end": 8150.0, "anomaly": false}, "geometry": {"type": "LineString", "coordinates": [[140.09098521197274, 35.66175427790461], [140.0907122572423, 35.661788188614004], [140.0904393025119, 35.6618220993234]]}}, {"type": "Feature", "properties": {"id": "京葉道路-上り-0-163", "route": "京葉道路", "direction": "上り", "from": "宮野木JCT", "to": "武石IC", "grade": -2.44, "elevation_start": 18.5, "elevation_end": 17.3, "quality": "measured", "structure": "normal", "chain_rank": 0, "cum_dist_start": 8150.0, "cum_dist_end": 8200.0, "anomaly": false}, "geometry": {"type": "LineString", "coordinates": [[140.0904393025119, 35.6618220993234], [140.09016634778146, 35.66185601003279], [140.08989339305106, 35.66188992074219]]}}, {"type": "Feature", "properties": {"id": "京葉道路-上り-0-164", "route": "京葉道路", "direction": "上り", "from": "宮野木JCT", "to": "武石IC", "grade": -2.52, "elevation_start": 17.3, "elevation_end": 16.0, "quality": "measured", "structure": "normal", "chain_rank": 0, "cum_dist_start": 8200.0, "cum_dist_end": 8250.0, "anomaly": false}, "geometry": {"type": "LineString", "coordinates": [[140.08989339305106, 35.66188992074219], [140.08962066305375, 35.661924958561855], [140.0893486230331, 35.661963456840226]]}}, {"type": "Feature", "properties": {"id": "京葉道路-上り-0-165", "route": "京葉道路", "direction": "上り", "from": "宮野木JCT", "to": "武石IC", "grade": -2.07, "elevation_start": 16.0, "elevation_end": 15.0, "quality": "measured", "structure": "normal", "chain_rank": 0, "cum_dist_start": 8250.0, "cum_dist_end": 8300.0, "anomaly": false}, "geometry": {"type": "LineString", "coordinates": [[140.0893486230331, 35.661963456840226], [140.08907690150042, 35.66200338642911], [140.08880564972446, 35.66204542714209]]}}, {"type": "Feature", "properties": {"id": "京葉道路-上り-0-166", "route": "京葉道路", "direction": "上り", "from": "宮野木JCT", "to": "武石IC", "grade": -1.7, "elevation_start": 15.0, "elevation_end": 14.2, "quality": "measured", "structure": "normal", "chain_rank": 0, "cum_dist_start": 8300.0, "cum_dist_end": 8350.0, "anomaly": false}, "geometry": {"type": "LineString", "coordinates": [[140.08880564972446, 35.66204542714209], [140.08853465411005, 35.662088537221116], [140.08826398232645, 35.662132999156746]]}}, {"type": "Feature", "properties": {"id": "京葉道路-上り-0-167", "route": "京葉道路", "direction": "上り", "from": "宮野木JCT", "to": "武石IC", "grade": -0.94, "elevation_start": 14.2, "elevation_end": 13.7, "quality": "measured", "structure": "normal", "chain_rank": 0, "cum_dist_start": 8350.0, "cum_dist_end": 8400.0, "anomaly": false}, "geometry": {"type": "LineString", "coordinates": [[140.08826398232645, 35.662132999156746], [140.08799356504494, 35.662178413446206], [140.087724791513, 35.66222997869308]]}}, {"type": "Feature", "properties": {"id": "京葉道路-上り-0-168", "route": "京葉道路", "direction": "上り", "from": "宮野木JCT", "to": "武石IC", "grade": -0.02, "elevation_start": 13.7, "elevation_end": 13.7, "quality": "measured", "structure": "normal", "chain_rank": 0, "cum_dist_start": 8400.0, "cum_dist_end": 8450.0, "anomaly": false}, "geometry": {"type": "LineString", "coordinates": [[140.087724791513, 35.66222997869308], [140.0874560179811, 35.66228154393994], [140.0871880878765, 35.6623359396507]]}}, {"type": "Feature", "properties": {"id": "京葉道路-上り-0-169", "route": "京葉道路", "direction": "上り", "from": "宮野木JCT", "to": "武石IC", "grade": 0.14, "elevation_start": 13.7, "elevation_end": 13.8, "quality": "measured", "structure": "normal", "chain_rank": 0, "cum_dist_start": 8450.0, "cum_dist_end": 8500.0, "anomaly": false}, "geometry": {"type": "LineString", "coordinates": [[140.0871880878765, 35.6623359396507], [140.08692032791632, 35.66239090635027], [140.08665256795612, 35.66244587304984]]}}, {"type": "Feature", "properties": {"id": "京葉道路-上り-0-170", "route": "京葉道路", "direction": "上り", "from": "宮野木JCT", "to": "武石IC", "grade": 1.19, "elevation_start": 13.8, "elevation_end": 14.3, "quality": "measured", "structure": "normal", "chain_rank": 0, "cum_dist_start": 8500.0, "cum_dist_end": 8550.0, "anomaly": false}, "geometry": {"type": "LineString", "coordinates": [[140.08665256795612, 35.66244587304984], [140.0863852525431, 35.66250221084916], [140.08611923301936, 35.66256254550981]]}}, {"type": "Feature", "properties": {"id": "京葉道路-上り-0-171", "route": "京葉道路", "direction": "上り", "from": "宮野木JCT", "to": "武石IC", "grade": 1.03, "elevation_start": 14.3, "elevation_end": 14.9, "quality": "measured", "structure": "normal", "chain_rank": 0, "cum_dist_start": 8550.0, "cum_dist_end": 8600.0, "anomaly": false}, "geometry": {"type": "LineString", "coordinates": [[140.08611923301936, 35.66256254550981], [140.08585321349562, 35.66262288017046], [140.08558767428613, 35.66268453966491]]}}, {"type": "Feature", "properties": {"id": "京葉道路-上り-0-172", "route": "京葉道路", "direction": "上り", "from": "宮野木JCT", "to": "武石IC", "grade": 1.89, "elevation_start": 14.9, "elevation_end": 15.8, "quality": "measured", "structure": "normal", "chain_rank": 0, "cum_dist_start": 8600.0, "cum_dist_end": 8650.0, "anomaly": false}, "geometry": {"type": "LineString", "coordinates": [[140.08558767428613, 35.66268453966491], [140.08532426205326, 35.66275206592361], [140.08506084982037, 35.662819592182316]]}}, {"type": "Feature", "properties": {"id": "京葉道路-上り-0-173", "route": "京葉道路", "direction": "上り", "from": "宮野木JCT", "to": "武石IC", "grade": 1.12, "elevation_start": 15.8, "elevation_end": 16.4, "quality": "measured", "structure": "normal", "chain_rank": 0, "cum_dist_start": 8650.0, "cum_dist_end": 8700.0, "anomaly": false}, "geometry": {"type": "LineString", "coordinates": [[140.08506084982037, 35.662819592182316], [140.08479800223446, 35.66288855313814], [140.0845356977943, 35.6629588941591]]}}, {"type": "Feature", "properties": {"id": "京葉道路-上り-0-174", "route": "京葉道路", "direction": "上り", "from": "宮野木JCT", "to": "武石IC", "grade": 1.24, "elevation_start": 16.4, "elevation_end": 17.0, "quality": "measured", "structure": "normal", "chain_rank": 0, "cum_dist_start": 8700.0, "cum_dist_end": 8750.0, "anomaly": false}, "geometry": {"type": "LineString", "coordinates": [[140.0845356977943, 35.6629588941591], [140.08427339335412, 35.66302923518005], [140.08401296429017, 35.66310406652906]]}}, {"type": "Feature", "properties": {"id": "京葉道路-上り-0-175", "route": "京葉道路", "direction": "上り", "from": "宮野木JCT", "to": "武石IC", "grade": 0.58, "elevation_start": 17.0, "elevation_end": 17.3, "quality": "measured", "structure": "normal", "chain_rank": 0, "cum_dist_start": 8750.0, "cum_dist_end": 8800.0, "anomaly": false}, "geometry": {"type": "LineString", "coordinates": [[140.08401296429017, 35.66310406652906], [140.0837526353424, 35.66317913759237], [140.0834929646528, 35.66325568454255]]}}, {"type": "Feature", "properties": {"id": "京葉道路-上り-0-176", "route": "京葉道路", "direction": "上り", "from": "宮野木JCT", "to": "武石IC", "grade": 0.0, "elevation_start": 17.3, "elevation_end": 17.3, "quality": "measured", "structure": "normal", "chain_rank": 0, "cum_dist_start": 8800.0, "cum_dist_end": 8850.0, "anomaly": false}, "geometry": {"type": "LineString", "coordinates": [[140.0834929646528, 35.66325568454255], [140.08323443209017, 35.663334783297984], [140.08297598888916, 35.663414070219545]]}}, {"type": "Feature", "properties": {"id": "京葉道路-上り-0-177", "route": "京葉道路", "direction": "上り", "from": "宮野木JCT", "to": "武石IC", "grade": -0.22, "elevation_start": 17.3, "elevation_end": 17.2, "quality": "measured", "structure": "normal", "chain_rank": 0, "cum_dist_start": 8850.0, "cum_dist_end": 8900.0, "anomaly": false}, "geometry": {"type": "LineString", "coordinates": [[140.08297598888916, 35.663414070219545], [140.082719677657, 35.66349784636539], [140.0824633664248, 35.66358162251123]]}}, {"type": "Feature", "properties": {"id": "京葉道路-上り-0-178", "route": "京葉道路", "direction": "上り", "from": "宮野木JCT", "to": "武石IC", "grade": -0.76, "elevation_start": 17.2, "elevation_end": 16.8, "quality": "measured", "structure": "normal", "chain_rank": 0, "cum_dist_start": 8900.0, "cum_dist_end": 8950.0, "anomaly": false}, "geometry": {"type": "LineString", "coordinates": [[140.0824633664248, 35.66358162251123], [140.08220829735018, 35.66366788256503], [140.08195337736186, 35.66375444074257]]}}, {"type": "Feature", "properties": {"id": "京葉道路-上り-0-179", "route": "京葉道路", "direction": "上り", "from": "宮野木JCT", "to": "武石IC", "grade": -0.59, "elevation_start": 16.8, "elevation_end": 16.5, "quality": "measured", "structure": "normal", "chain_rank": 0, "cum_dist_start": 8950.0, "cum_dist_end": 9000.0, "anomaly": false}, "geometry": {"type": "LineString", "coordinates": [[140.08195337736186, 35.66375444074257], [140.08170005854097, 35.66384402334232], [140.0814481191409, 35.66393621151027]]}}, {"type": "Feature", "properties": {"id": "京葉道路-上り-0-180", "route": "京葉道路", "direction": "上り", "from": "宮野木JCT", "to": "武石IC", "grade": -0.58, "elevation_start": 16.5, "elevation_end": 16.2, "quality": "measured", "structure": "normal", "chain_rank": 0, "cum_dist_start": 9000.0, "cum_dist_end": 9050.0, "anomaly": false}, "geometry": {"type": "LineString", "coordinates": [[140.0814481191409, 35.66393621151027], [140.08119617974086, 35.66402839967822], [140.0809455237686, 35.6641228830267]]}}, {"type": "Feature", "properties": {"id": "京葉道路-上り-0-181", "route": "京葉道路", "direction": "上り", "from": "宮野木JCT", "to": "武石IC", "grade": -0.62, "elevation_start": 16.2, "elevation_end": 15.9, "quality": "measured", "structure": "normal", "chain_rank": 0, "cum_dist_start": 9050.0, "cum_dist_end": 9100.0, "anomaly": false}, "geometry": {"type": "LineString", "coordinates": [[140.0809455237686, 35.6641228830267], [140.08069516428924, 35.66421789659956], [140.08044480480987, 35.66431291017242]]}}, {"type": "Feature", "properties": {"id": "京葉道路-上り-0-182", "route": "京葉道路", "direction": "上り", "from": "宮野木JCT", "to": "武石IC", "grade": -0.78, "elevation_start": 15.9, "elevation_end": 15.5, "quality": "measured", "structure": "normal", "chain_rank": 0, "cum_dist_start": 9100.0, "cum_dist_end": 9150.0, "anomaly": false}, "geometry": {"type": "LineString", "coordinates": [[140.08044480480987, 35.66431291017242], [140.0801944453305, 35.66440792374528], [140.07994408585117, 35.66450293731814]]}}, {"type": "Feature", "properties": {"id": "京葉道路-上り-0-183", "route": "京葉道路", "direction": "上り", "from": "宮野木JCT", "to": "武石IC", "grade": -0.29, "elevation_start": 15.5, "elevation_end": 15.4, "quality": "measured", "structure": "normal", "chain_rank": 0, "cum_dist_start": 9150.0, "cum_dist_end": 9200.0, "anomaly": false}, "geometry": {"type": "LineString", "coordinates": [[140.07994408585117, 35.66450293731814], [140.0796937263718, 35.66459795089099], [140.07944482232193, 35.664695480681615]]}}, {"type": "Feature", "properties": {"id": "京葉道路-上り-0-184", "route": "京葉道路", "direction": "上り", "from": "宮野木JCT", "to": "武石IC", "grade": -0.53, "elevation_start": 15.4, "elevation_end": 15.1, "quality": "measured", "structure": "normal", "chain_rank": 0, "cum_dist_start": 9200.0, "cum_dist_end": 9250.0, "anomaly": false}, "geometry": {"type": "LineString", "coordinates": [[140.07944482232193, 35.664695480681615], [140.07919595355952, 35.66479307147887], [140.0789470847971, 35.66489066227612]]}}, {"type": "Feature", "properties": {"id": "京葉道路-上り-0-185", "route": "京葉道路", "direction": "上り", "from": "宮野木JCT", "to": "武石IC", "grade": -0.86, "elevation_start": 15.1, "elevation_end": 14.7, "quality": "measured", "structure": "normal", "chain_rank": 0, "cum_dist_start": 9250.0, "cum_dist_end": 9300.0, "anomaly": false}, "geometry": {"type": "LineString", "coordinates": [[140.0789470847971, 35.66489066227612], [140.07869821603467, 35.664988253073375], [140.07844934727225, 35.66508584387063]]}}, {"type": "Feature", "properties": {"id": "京葉道路-上り-0-186", "route": "京葉道路", "direction": "上り", "from": "宮野木JCT", "to": "武石IC", "grade": -0.6, "elevation_start": 14.7, "elevation_end": 14.4, "quality": "measured", "structure": "normal", "chain_rank": 0, "cum_dist_start": 9300.0, "cum_dist_end": 9350.0, "anomaly": false}, "geometry": {"type": "LineString", "coordinates": [[140.07844934727225, 35.66508584387063], [140.07820047850984, 35.66518343466789], [140.0779516097474, 35.66528102546514]]}}, {"type": "Feature", "properties": {"id": "京葉道路-上り-0-187", "route": "京葉道路", "direction": "上り", "from": "宮野木JCT", "to": "武石IC", "grade": -0.56, "elevation_start": 14.4, "elevation_end": 14.1, "quality": "measured", "structure": "normal", "chain_rank": 0, "cum_dist_start": 9350.0, "cum_dist_end": 9400.0, "anomaly": false}, "geometry": {"type": "LineString", "coordinates": [[140.0779516097474, 35.66528102546514], [140.077702740985, 35.665378616262394], [140.07745387222258, 35.66547620705965]]}}, {"type": "Feature", "properties": {"id": "京葉道路-上り-0-188", "route": "京葉道路", "direction": "上り", "from": "宮野木JCT", "to": "武石IC", "grade": -14.41, "elevation_start": 14.1, "elevation_end": 6.9, "quality": "estimated", "structure": "normal", "chain_rank": 0, "cum_dist_start": 9400.0, "cum_dist_end": 9450.0, "anomaly": true}, "geometry": {"type": "LineString", "coordinates": [[140.07745387222258, 35.66547620705965], [140.07720494715772, 35.66557370260357], [140.07695573493697, 35.66567071233244]]}}, {"type": "Feature", "properties": {"id": "京葉道路-上り-0-189", "route": "京葉道路", "direction": "上り", "from": "宮野木JCT", "to": "武石IC", "grade": 14.83, "elevation_start": 6.9, "elevation_end": 14.3, "quality": "estimated", "structure": "normal", "chain_rank": 0, "cum_dist_start": 9450.0, "cum_dist_end": 9500.0, "anomaly": true}, "geometry": {"type": "LineString", "coordinates": [[140.07695573493697, 35.66567071233244], [140.0767065227162, 35.66576772206132], [140.07645731049544, 35.665864731790194]]}}, {"type": "Feature", "properties": {"id": "京葉道路-上り-0-190", "route": "京葉道路", "direction": "上り", "from": "宮野木JCT", "to": "武石IC", "grade": 0.94, "elevation_start": 14.3, "elevation_end": 14.8, "quality": "measured", "structure": "normal", "chain_rank": 0, "cum_dist_start": 9500.0, "cum_dist_end": 9550.0, "anomaly": false}, "geometry": {"type": "LineString", "coordinates": [[140.07645731049544, 35.665864731790194], [140.07620809827466, 35.66596174151907], [140.0759588860539, 35.66605875124794]]}}, {"type": "Feature", "properties": {"id": "京葉道路-上り-0-191", "route": "京葉道路", "direction": "上り", "from": "宮野木JCT", "to": "武石IC", "grade": 1.05, "elevation_start": 14.8, "elevation_end": 15.3, "quality": "measured", "structure": "normal", "chain_rank": 0, "cum_dist_start": 9550.0, "cum_dist_end": 9600.0, "anomaly": false}, "geometry": {"type": "LineString", "coordinates": [[140.0759588860539, 35.66605875124794], [140.07570967383316, 35.666155760976814], [140.07546044762452, 35.666252746969384]]}}, {"type": "Feature", "properties": {"id": "京葉道路-上り-0-192", "route": "京葉道路", "direction": "上り", "from": "宮野木JCT", "to": "武石IC", "grade": 0.6, "elevation_start": 15.3, "elevation_end": 15.6, "quality": "measured", "structure": "normal", "chain_rank": 0, "cum_dist_start": 9600.0, "cum_dist_end": 9650.0, "anomaly": false}, "geometry": {"type": "LineString", "coordinates": [[140.07546044762452, 35.666252746969384], [140.07521100813435, 35.666349371039935], [140.0749615686442, 35.666445995110486]]}}, {"type": "Feature", "properties": {"id": "京葉道路-上り-0-193", "route": "京葉道路", "direction": "上り", "from": "宮野木JCT", "to": "武石IC", "grade": 0.42, "elevation_start": 15.6, "elevation_end": 15.8, "quality": "measured", "structure": "normal", "chain_rank": 0, "cum_dist_start": 9650.0, "cum_dist_end": 9700.0, "anomaly": false}, "geometry": {"type": "LineString", "coordinates": [[140.0749615686442, 35.666445995110486], [140.07471212915402, 35.66654261918104], [140.07446268966385, 35.66663924325159]]}}, {"type": "Feature", "properties": {"id": "京葉道路-上り-0-194", "route": "京葉道路", "direction": "上り", "from": "宮野木JCT", "to": "武石IC", "grade": 0.0, "elevation_start": 15.8, "elevation_end": 15.8, "quality": "measured", "structure": "normal", "chain_rank": 0, "cum_dist_start": 9700.0, "cum_dist_end": 9750.0, "anomaly": false}, "geometry": {"type": "LineString", "coordinates": [[140.07446268966385, 35.66663924325159], [140.07421325017367, 35.66673586732214], [140.07396381068352, 35.66683249139269]]}}, {"type": "Feature", "properties": {"id": "京葉道路-上り-0-195", "route": "京葉道路", "direction": "上り", "from": "宮野木JCT", "to": "武石IC", "grade": -0.53, "elevation_start": 15.8, "elevation_end": 15.5, "quality": "measured", "structure": "normal", "chain_rank": 0, "cum_dist_start": 9750.0, "cum_dist_end": 9800.0, "anomaly": false}, "geometry": {"type": "LineString", "coordinates": [[140.07396381068352, 35.66683249139269], [140.07371437119335, 35.66692911546324], [140.07346493170317, 35.66702573953379]]}}, {"type": "Feature", "properties": {"id": "京葉道路-上り-0-196", "route": "京葉道路", "direction": "上り", "from": "宮野木JCT", "to": "武石IC", "grade": -0.38, "elevation_start": 15.5, "elevation_end": 15.3, "quality": "measured", "structure": "normal", "chain_rank": 0, "cum_dist_start": 9800.0, "cum_dist_end": 9850.0, "anomaly": false}, "geometry": {"type": "LineString", "coordinates": [[140.07346493170317, 35.66702573953379], [140.0732154151618, 35.66712223181502], [140.07296569955867, 35.667218383618575]]}}, {"type": "Feature", "properties": {"id": "京葉道路-上り-0-197", "route": "京葉道路", "direction": "上り", "from": "宮野木JCT", "to": "武石IC", "grade": -0.94, "elevation_start": 15.3, "elevation_end": 14.9, "quality": "measured", "structure": "normal", "chain_rank": 0, "cum_dist_start": 9850.0, "cum_dist_end": 9900.0, "anomaly": false}, "geometry": {"type": "LineString", "coordinates": [[140.07296569955867, 35.667218383618575], [140.07271598395553, 35.66731453542212], [140.0724662683524, 35.66741068722567]]}}, {"type": "Feature", "properties": {"id": "京葉道路-上り-0-198", "route": "京葉道路", "direction": "上り", "from": "宮野木JCT", "to": "武石IC", "grade": -0.11, "elevation_start": 14.9, "elevation_end": 14.8, "quality": "estimated", "structure": "normal", "chain_rank": 0, "cum_dist_start": 9900.0, "cum_dist_end": 9950.0, "anomaly": false}, "geometry": {"type": "LineString", "coordinates": [[140.0724662683524, 35.66741068722567], [140.07221655274927, 35.66750683902922], [140.07196683714614, 35.66760299083277]]}}, {"type": "Feature", "properties": {"id": "京葉道路-上り-0-199", "route": "京葉道路", "direction": "上り", "from": "宮野木JCT", "to": "武石IC", "grade": -0.11, "elevation_start": 14.8, "elevation_end": 14.8, "quality": "estimated", "structure": "normal", "chain_rank": 0, "cum_dist_start": 9950.0, "cum_dist_end": 10000.0, "anomaly": false}, "geometry": {"type": "LineString", "coordinates": [[140.07196683714614, 35.66760299083277], [140.07171657847945, 35.66769818154988], [140.07146476941122, 35.667790628444564]]}}, {"type": "Feature", "properties": {"id": "京葉道路-上り-0-200", "route": "京葉道路", "direction": "上り", "from": "宮野木JCT", "to": "武石IC", "grade": -0.11, "elevation_start": 14.8, "elevation_end": 14.7, "quality": "estimated", "structure": "normal", "chain_rank": 0, "cum_dist_start": 10000.0, "cum_dist_end": 10050.0, "anomaly": false}, "geometry": {"type": "LineString", "coordinates": [[140.07146476941122, 35.667790628444564], [140.0712127534776, 35.66788269241629], [140.07095923313574, 35.66797197161841]]}}, {"type": "Feature", "properties": {"id": "京葉道路-上り-0-201", "route": "京葉道路", "direction": "上り", "from": "宮野木JCT", "to": "武石IC", "grade": -0.11, "elevation_start": 14.7, "elevation_end": 14.6, "quality": "estimated", "structure": "bridge", "chain_rank": 0, "cum_dist_start": 10050.0, "cum_dist_end": 10100.0, "anomaly": false}, "geometry": {"type": "LineString", "coordinates": [[140.07095923313574, 35.66797197161841], [140.07070504432625, 35.66805995989472], [140.0704498639317, 35.668146033249954]]}}, {"type": "Feature", "properties": {"id": "京葉道路-上り-0-202", "route": "京葉道路", "direction": "上り", "from": "宮野木JCT", "to": "武石IC", "grade": -0.11, "elevation_start": 14.6, "elevation_end": 14.6, "quality": "estimated", "structure": "bridge", "chain_rank": 0, "cum_dist_start": 10100.0, "cum_dist_end": 10150.0, "anomaly": false}, "geometry": {"type": "LineString", "coordinates": [[140.0704498639317, 35.668146033249954], [140.07019401861797, 35.66823076607188], [140.06993728750305, 35.66831371304366]]}}, {"type": "Feature", "properties": {"id": "京葉道路-上り-0-203", "route": "京葉道路", "direction": "上り", "from": "宮野木JCT", "to": "武石IC", "grade": -0.11, "elevation_start": 14.6, "elevation_end": 14.5, "quality": "estimated", "structure": "bridge", "chain_rank": 0, "cum_dist_start": 10150.0, "cum_dist_end": 10200.0, "anomaly": false}, "geometry": {"type": "LineString", "coordinates": [[140.06993728750305, 35.66831371304366], [140.06967977369632, 35.66839500300552], [140.06942120655526, 35.66847406298931]]}}, {"type": "Feature", "properties": {"id": "京葉道路-上り-0-204", "route": "京葉道路", "direction": "上り", "from": "宮野木JCT", "to": "武石IC", "grade": -0.11, "elevation_start": 14.5, "elevation_end": 14.5, "quality": "estimated", "structure": "bridge", "chain_rank": 0, "cum_dist_start": 10200.0, "cum_dist_end": 10250.0, "anomaly": false}, "geometry": {"type": "LineString", "coordinates": [[140.06942120655526, 35.66847406298931], [140.06916263941417, 35.66855312297311], [140.0689040722731, 35.668632182956905]]}}, {"type": "Feature", "properties": {"id": "京葉道路-上り-0-205", "route": "京葉道路", "direction": "上り", "from": "宮野木JCT", "to": "武石IC", "grade": -0.11, "elevation_start": 14.5, "elevation_end": 14.4, "quality": "estimated", "structure": "bridge", "chain_rank": 0, "cum_dist_start": 10250.0, "cum_dist_end": 10300.0, "anomaly": false}, "geometry": {"type": "LineString", "coordinates": [[140.0689040722731, 35.668632182956905], [140.06864525446574, 35.66871068301494], [140.06838509464052, 35.66878618534126]]}}, {"type": "Feature", "properties": {"id": "京葉道路-上り-0-206", "route": "京葉道路", "direction": "上り", "from": "宮野木JCT", "to": "武石IC", "grade": -0.11, "elevation_start": 14.4, "elevation_end": 14.4, "quality": "estimated", "structure": "bridge", "chain_rank": 0, "cum_dist_start": 10300.0, "cum_dist_end": 10350.0, "anomaly": false}, "geometry": {"type": "LineString", "coordinates": [[140.06838509464052, 35.66878618534126], [140.06812439989238, 35.66886044362009], [140.06786342559198, 35.66893405175611]]}}, {"type": "Feature", "properties": {"id": "京葉道路-上り-0-207", "route": "京葉道路", "direction": "上り", "from": "宮野木JCT", "to": "武石IC", "grade": -0.11, "elevation_start": 14.4, "elevation_end": 14.3, "quality": "estimated", "structure": "bridge", "chain_rank": 0, "cum_dist_start": 10350.0, "cum_dist_end": 10400.0, "anomaly": false}, "geometry": {"type": "LineString", "coordinates": [[140.06786342559198, 35.66893405175611], [140.06760245129158, 35.669007659892124], [140.06733937068856, 35.669075956816314]]}}, {"type": "Feature", "properties": {"id": "京葉道路-上り-0-208", "route": "京葉道路", "direction": "上り", "from": "宮野木JCT", "to": "武石IC", "grade": -0.11, "elevation_start": 14.3, "elevation_end": 14.3, "quality": "estimated", "structure": "bridge", "chain_rank": 0, "cum_dist_start": 10400.0, "cum_dist_end": 10450.0, "anomaly": false}, "geometry": {"type": "LineString", "coordinates": [[140.06733937068856, 35.669075956816314], [140.06707501623396, 35.669141041620975], [140.06681066177933, 35.669206126425635]]}}, {"type": "Feature", "properties": {"id": "京葉道路-上り-0-209", "route": "京葉道路", "direction": "上り", "from": "宮野木JCT", "to": "武石IC", "grade": -0.11, "elevation_start": 14.3, "elevation_end": 14.2, "quality": "estimated", "structure": "bridge", "chain_rank": 0, "cum_dist_start": 10450.0, "cum_dist_end": 10500.0, "anomaly": false}, "geometry": {"type": "LineString", "coordinates": [[140.06681066177933, 35.669206126425635], [140.06654630732473, 35.669271211230296], [140.06627875086022, 35.669326850908035]]}}, {"type": "Feature", "properties": {"id": "京葉道路-上り-0-210", "route": "京葉道路", "direction": "上り", "from": "宮野木JCT", "to": "武石IC", "grade": -0.11, "elevation_start": 14.2, "elevation_end": 14.1, "quality": "estimated", "structure": "bridge", "chain_rank": 0, "cum_dist_start": 10500.0, "cum_dist_end": 10550.0, "anomaly": false}, "geometry": {"type": "LineString", "coordinates": [[140.06627875086022, 35.669326850908035], [140.0660109797542, 35.66938185744711], [140.06574320864817, 35.66943686398617]]}}, {"type": "Feature", "properties": {"id": "京葉道路-上り-0-211", "route": "京葉道路", "direction": "上り", "from": "宮野木JCT", "to": "武石IC", "grade": -0.11, "elevation_start": 14.1, "elevation_end": 14.1, "quality": "estimated", "structure": "bridge", "chain_rank": 0, "cum_dist_start": 10550.0, "cum_dist_end": 10600.0, "anomaly": false}, "geometry": {"type": "LineString", "coordinates": [[140.06574320864817, 35.66943686398617], [140.06547543754215, 35.66949187052524], [140.06520766643612, 35.669546877064306]]}}, {"type": "Feature", "properties": {"id": "京葉道路-上り-0-212", "route": "京葉道路", "direction": "上り", "from": "宮野木JCT", "to": "武石IC", "grade": -0.11, "elevation_start": 14.1, "elevation_end": 14.0, "quality": "estimated", "structure": "bridge", "chain_rank": 0, "cum_dist_start": 10600.0, "cum_dist_end": 10650.0, "anomaly": false}, "geometry": {"type": "LineString", "coordinates": [[140.06520766643612, 35.669546877064306], [140.0649387023787, 35.66959785962338], [140.0646696057318, 35.66964836975133]]}}, {"type": "Feature", "properties": {"id": "京葉道路-上り-0-213", "route": "京葉道路", "direction": "上り", "from": "宮野木JCT", "to": "武石IC", "grade": -0.11, "elevation_start": 14.0, "elevation_end": 14.0, "quality": "estimated", "structure": "normal", "chain_rank": 0, "cum_dist_start": 10650.0, "cum_dist_end": 10700.0, "anomaly": false}, "geometry": {"type": "LineString", "coordinates": [[140.0646696057318, 35.66964836975133], [140.0643999363698, 35.66969681412183], [140.06413026700778, 35.66974525849233]]}}, {"type": "Feature", "properties": {"id": "京葉道路-上り-0-214", "route": "京葉道路", "direction": "上り", "from": "武石IC", "to": "幕張ＰＡ", "grade": -0.11, "elevation_start": 14.0, "elevation_end": 13.9, "quality": "estimated", "structure": "normal", "chain_rank": 0, "cum_dist_start": 10700.0, "cum_dist_end": 10750.0, "anomaly": false}, "geometry": {"type": "LineString", "coordinates": [[140.06413026700778, 35.66974525849233], [140.06386059764577, 35.669793702862826], [140.06359092828376, 35.669842147233325]]}}, {"type": "Feature", "properties": {"id": "京葉道路-上り-0-215", "route": "京葉道路", "direction": "上り", "from": "武石IC", "to": "幕張ＰＡ", "grade": -0.11, "elevation_start": 13.9, "elevation_end": 13.9, "quality": "estimated", "structure": "normal", "chain_rank": 0, "cum_dist_start": 10750.0, "cum_dist_end": 10800.0, "anomaly": false}, "geometry": {"type": "LineString", "coordinates": [[140.06359092828376, 35.669842147233325], [140.06332125892175, 35.669890591603824], [140.06305158955973, 35.66993903597432]]}}, {"type": "Feature", "properties": {"id": "京葉道路-上り-0-216", "route": "京葉道路", "direction": "上り", "from": "武石IC", "to": "幕張ＰＡ", "grade": -1.45, "elevation_start": 13.9, "elevation_end": 13.1, "quality": "measured", "structure": "normal", "chain_rank": 0, "cum_dist_start": 10800.0, "cum_dist_end": 10850.0, "anomaly": false}, "geometry": {"type": "LineString", "coordinates": [[140.06305158955973, 35.66993903597432], [140.06277963402692, 35.669978003432234], [140.06250757675457, 35.67001654914703]]}}, {"type": "Feature", "properties": {"id": "京葉道路-上り-0-217", "route": "京葉道路", "direction": "上り", "from": "武石IC", "to": "幕張ＰＡ", "grade": -1.44, "elevation_start": 13.1, "elevation_end": 12.4, "quality": "measured", "structure": "normal", "chain_rank": 0, "cum_dist_start": 10850.0, "cum_dist_end": 10900.0, "anomaly": false}, "geometry": {"type": "LineString", "coordinates": [[140.06250757675457, 35.67001654914703], [140.0622355194822, 35.67005509486183], [140.0619632010633, 35.6700923200307]]}}, {"type": "Feature", "properties": {"id": "京葉道路-上り-0-218", "route": "京葉道路", "direction": "上り", "from": "武石IC", "to": "幕張ＰＡ", "grade": -2.96, "elevation_start": 12.4, "elevation_end": 10.9, "quality": "measured", "structure": "normal", "chain_rank": 0, "cum_dist_start": 10900.0, "cum_dist_end": 10950.0, "anomaly": false}, "geometry": {"type": "LineString", "coordinates": [[140.0619632010633, 35.6700923200307], [140.06169008871007, 35.670125530492854], [140.0614169763568, 35.67015874095501]]}}, {"type": "Feature", "properties": {"id": "京葉道路-上り-0-219", "route": "京葉道路", "direction": "上り", "from": "武石IC", "to": "幕張ＰＡ", "grade": -2.8, "elevation_start": 10.9, "elevation_end": 9.5, "quality": "measured", "structure": "normal", "chain_rank": 0, "cum_dist_start": 10950.0, "cum_dist_end": 11000.0, "anomaly": false}, "geometry": {"type": "LineString", "coordinates": [[140.0614169763568, 35.67015874095501], [140.06114386400355, 35.670191951417166], [140.0608701328154, 35.670221405433765]]}}, {"type": "Feature", "properties": {"id": "京葉道路-上り-0-220", "route": "京葉道路", "direction": "上り", "from": "武石IC", "to": "幕張ＰＡ", "grade": -1.66, "elevation_start": 9.5, "elevation_end": 8.7, "quality": "measured", "structure": "normal", "chain_rank": 0, "cum_dist_start": 11000.0, "cum_dist_end": 11050.0, "anomaly": false}, "geometry": {"type": "LineString", "coordinates": [[140.0608701328154, 35.670221405433765], [140.06059596445965, 35.67024820575993], [140.0603217961039, 35.67027500608611]]}}, {"type": "Feature", "properties": {"id": "京葉道路-上り-0-221", "route": "京葉道路", "direction": "上り", "from": "武石IC", "to": "幕張ＰＡ", "grade": -0.05, "elevation_start": 8.7, "elevation_end": 8.7, "quality": "measured", "structure": "normal", "chain_rank": 0, "cum_dist_start": 11050.0, "cum_dist_end": 11100.0, "anomaly": false}, "geometry": {"type": "LineString", "coordinates": [[140.0603217961039, 35.67027500608611], [140.06004762774816, 35.670301806412276], [140.05977304931034, 35.670325547436]]}}, {"type": "Feature", "properties": {"id": "京葉道路-上り-0-222", "route": "京葉道路", "direction": "上り", "from": "武石IC", "to": "幕張ＰＡ", "grade": 0.37, "elevation_start": 8.7, "elevation_end": 8.9, "quality": "measured", "structure": "normal", "chain_rank": 0, "cum_dist_start": 11100.0, "cum_dist_end": 11150.0, "anomaly": false}, "geometry": {"type": "LineString", "coordinates": [[140.05977304931034, 35.670325547436], [140.05949826026813, 35.670347717304466], [140.05922347122592, 35.67036988717293]]}}, {"type": "Feature", "properties": {"id": "京葉道路-上り-0-223", "route": "京葉道路", "direction": "上り", "from": "武石IC", "to": "幕張ＰＡ", "grade": 0.78, "elevation_start": 8.9, "elevation_end": 9.3, "quality": "measured", "structure": "normal", "chain_rank": 0, "cum_dist_start": 11150.0, "cum_dist_end": 11200.0, "anomaly": false}, "geometry": {"type": "LineString", "coordinates": [[140.05922347122592, 35.67036988717293], [140.05894868218368, 35.6703920570414], [140.058673357155, 35.67040849686583]]}}, {"type": "Feature", "properties": {"id": "京葉道路-上り-0-224", "route": "京葉道路", "direction": "上り", "from": "武石IC", "to": "幕張ＰＡ", "grade": 0.51, "elevation_start": 9.3, "elevation_end": 9.5, "quality": "measured", "structure": "normal", "chain_rank": 0, "cum_dist_start": 11200.0, "cum_dist_end": 11250.0, "anomaly": false}, "geometry": {"type": "LineString", "coordinates": [[140.058673357155, 35.67040849686583], [140.0583976270472, 35.67042060613168], [140.0581218969394, 35.67043271539753]]}}, {"type": "Feature", "properties": {"id": "京葉道路-上り-0-225", "route": "京葉道路", "direction": "上り", "from": "武石IC", "to": "幕張ＰＡ", "grade": 0.82, "elevation_start": 9.5, "elevation_end": 9.9, "quality": "measured", "structure": "normal", "chain_rank": 0, "cum_dist_start": 11250.0, "cum_dist_end": 11300.0, "anomaly": false}, "geometry": {"type": "LineString", "coordinates": [[140.0581218969394, 35.67043271539753], [140.05784616683164, 35.67044482466338], [140.05757043672386, 35.67045693392923]]}}, {"type": "Feature", "properties": {"id": "京葉道路-上り-0-226", "route": "京葉道路", "direction": "上り", "from": "武石IC", "to": "幕張ＰＡ", "grade": 0.83, "elevation_start": 9.9, "elevation_end": 10.3, "quality": "measured", "structure": "normal", "chain_rank": 0, "cum_dist_start": 11300.0, "cum_dist_end": 11350.0, "anomaly": false}, "geometry": {"type": "LineString", "coordinates": [[140.05757043672386, 35.67045693392923], [140.05729451115945, 35.67046546907095], [140.0570185544126, 35.670473434009416]]}}, {"type": "Feature", "properties": {"id": "京葉道路-上り-0-227", "route": "京葉道路", "direction": "上り", "from": "武石IC", "to": "幕張ＰＡ", "grade": 0.74, "elevation_start": 10.3, "elevation_end": 10.7, "quality": "measured", "structure": "normal", "chain_rank": 0, "cum_dist_start": 11350.0, "cum_dist_end": 11400.0, "anomaly": false}, "geometry": {"type": "LineString", "coordinates": [[140.0570185544126, 35.670473434009416], [140.05674259766573, 35.670481398947885], [140.05646664091887, 35.670489363886354]]}}, {"type": "Feature", "properties": {"id": "京葉道路-上り-0-228", "route": "京葉道路", "direction": "上り", "from": "武石IC", "to": "幕張ＰＡ", "grade": 0.25, "elevation_start": 10.7, "elevation_end": 10.8, "quality": "measured", "structure": "normal", "chain_rank": 0, "cum_dist_start": 11400.0, "cum_dist_end": 11450.0, "anomaly": false}, "geometry": {"type": "LineString", "coordinates": [[140.05646664091887, 35.670489363886354], [140.0561906665834, 35.67049662014762], [140.0559145408115, 35.67049777475637]]}}, {"type": "Feature", "properties": {"id": "京葉道路-上り-0-229", "route": "京葉道路", "direction": "上り", "from": "武石IC", "to": "幕張ＰＡ", "grade": -0.01, "elevation_start": 10.8, "elevation_end": 10.8, "quality": "measured", "structure": "normal", "chain_rank": 0, "cum_dist_start": 11450.0, "cum_dist_end": 11500.0, "anomaly": false}, "geometry": {"type": "LineString", "coordinates": [[140.0559145408115, 35.67049777475637], [140.0556384150396, 35.67049892936512], [140.0553622892677, 35.67050008397387]]}}, {"type": "Feature", "properties": {"id": "京葉道路-上り-0-230", "route": "京葉道路", "direction": "上り", "from": "武石IC", "to": "幕張ＰＡ", "grade": -0.67, "elevation_start": 10.8, "elevation_end": 10.5, "quality": "measured", "structure": "normal", "chain_rank": 0, "cum_dist_start": 11500.0, "cum_dist_end": 11550.0, "anomaly": false}, "geometry": {"type": "LineString", "coordinates": [[140.0553622892677, 35.67050008397387], [140.0550861634958, 35.67050123858262], [140.05481009983117, 35.670498324431264]]}}, {"type": "Feature", "properties": {"id": "京葉道路-上り-0-231", "route": "京葉道路", "direction": "上り", "from": "武石IC", "to": "幕張ＰＡ", "grade": -0.85, "elevation_start": 10.5, "elevation_end": 10.1, "quality": "measured", "structure": "normal", "chain_rank": 0, "cum_dist_start": 11550.0, "cum_dist_end": 11600.0, "anomaly": false}, "geometry": {"type": "LineString", "coordinates": [[140.05481009983117, 35.670498324431264], [140.0545340949471, 35.670491559460864], [140.054258090063, 35.67048479449046]]}}, {"type": "Feature", "properties": {"id": "京葉道路-上り-0-232", "route": "京葉道路", "direction": "上り", "from": "幕張ＰＡ", "to": "幕張PA", "grade": -0.62, "elevation_start": 10.1, "elevation_end": 9.8, "quality": "measured", "structure": "normal", "chain_rank": 0, "cum_dist_start": 11600.0, "cum_dist_end": 11650.0, "anomaly": false}, "geometry": {"type": "LineString", "coordinates": [[140.054258090063, 35.67048479449046], [140.05398211750494, 35.67047738833382], [140.05370636384384, 35.67046564035832]]}}, {"type": "Feature", "properties": {"id": "京葉道路-上り-0-233", "route": "京葉道路", "direction": "上り", "from": "幕張PA", "to": "幕張IC", "grade": -0.89, "elevation_start": 9.8, "elevation_end": 9.3, "quality": "measured", "structure": "normal", "chain_rank": 0, "cum_dist_start": 11650.0, "cum_dist_end": 11700.0, "anomaly": false}, "geometry": {"type": "LineString", "coordinates": [[140.05370636384384, 35.67046564035832], [140.05343061018274, 35.67045389238283], [140.05315485652164, 35.67044214440733]]}}, {"type": "Feature", "properties": {"id": "京葉道路-上り-0-234", "route": "京葉道路", "direction": "上り", "from": "幕張PA", "to": "幕張IC", "grade": -0.9, "elevation_start": 9.3, "elevation_end": 8.9, "quality": "measured", "structure": "normal", "chain_rank": 0, "cum_dist_start": 11700.0, "cum_dist_end": 11750.0, "anomaly": false}, "geometry": {"type": "LineString", "coordinates": [[140.05315485652164, 35.67044214440733], [140.05287910286054, 35.67043039643183], [140.05260358709896, 35.670415470076385]]}}, {"type": "Feature", "properties": {"id": "京葉道路-上り-0-235", "route": "京葉道路", "direction": "上り", "from": "幕張PA", "to": "幕張IC", "grade": -0.02, "elevation_start": 8.9, "elevation_end": 8.9, "quality": "measured", "structure": "normal", "chain_rank": 0, "cum_dist_start": 11750.0, "cum_dist_end": 11800.0, "anomaly": false}, "geometry": {"type": "LineString", "coordinates": [[140.05260358709896, 35.670415470076385], [140.05232812913957, 35.67039977147323], [140.05205267118018, 35.67038407287008]]}}, {"type": "Feature", "properties": {"id": "京葉道路-上り-0-236", "route": "京葉道路", "direction": "上り", "from": "幕張PA", "to": "幕張IC", "grade": 0.47, "elevation_start": 8.9, "elevation_end": 9.1, "quality": "measured", "structure": "normal", "chain_rank": 0, "cum_dist_start": 11800.0, "cum_dist_end": 11850.0, "anomaly": false}, "geometry": {"type": "LineString", "coordinates": [[140.05205267118018, 35.67038407287008], [140.05177721322082, 35.67036837426692], [140.05150175526143, 35.67035267566377]]}}, {"type": "Feature", "properties": {"id": "京葉道路-上り-0-237", "route": "京葉道路", "direction": "上り", "from": "幕張PA", "to": "幕張IC", "grade": 1.1, "elevation_start": 9.1, "elevation_end": 9.6, "quality": "measured", "structure": "normal", "chain_rank": 0, "cum_dist_start": 11850.0, "cum_dist_end": 11900.0, "anomaly": false}, "geometry": {"type": "LineString", "coordinates": [[140.05150175526143, 35.67035267566377], [140.05122629730204, 35.670336977060614], [140.0509508215727, 35.67032153031517]]}}, {"type": "Feature", "properties": {"id": "京葉道路-上り-0-238", "route": "京葉道路", "direction": "上り", "from": "幕張PA", "to": "幕張IC", "grade": 1.17, "elevation_start": 9.6, "elevation_end": 10.2, "quality": "measured", "structure": "normal", "chain_rank": 0, "cum_dist_start": 11900.0, "cum_dist_end": 11950.0, "anomaly": false}, "geometry": {"type": "LineString", "coordinates": [[140.0509508215727, 35.67032153031517], [140.05067497699247, 35.67031131138089], [140.0503991324122, 35.670301092446614]]}}, {"type": "Feature", "properties": {"id": "京葉道路-上り-0-239", "route": "京葉道路", "direction": "上り", "from": "幕張PA", "to": "幕張IC", "grade": 0.04, "elevation_start": 10.2, "elevation_end": 10.3, "quality": "estimated", "structure": "normal", "chain_rank": 0, "cum_dist_start": 11950.0, "cum_dist_end": 12000.0, "anomaly": false}, "geometry": {"type": "LineString", "coordinates": [[140.0503991324122, 35.670301092446614], [140.05012328783192, 35.670290873512336], [140.04984744325168, 35.670280654578065]]}}, {"type": "Feature", "properties": {"id": "京葉道路-上り-0-240", "route": "京葉道路", "direction": "上り", "from": "幕張PA", "to": "幕張IC", "grade": 0.04, "elevation_start": 10.3, "elevation_end": 10.3, "quality": "estimated", "structure": "normal", "chain_rank": 0, "cum_dist_start": 12000.0, "cum_dist_end": 12050.0, "anomaly": false}, "geometry": {"type": "LineString", "coordinates": [[140.04984744325168, 35.670280654578065], [140.04957159855678, 35.670270438996255], [140.04929575376602, 35.67026022621879]]}}, {"type": "Feature", "properties": {"id": "京葉道路-上り-0-241", "route": "京葉道路", "direction": "上り", "from": "幕張PA", "to": "幕張IC", "grade": 0.04, "elevation_start": 10.3, "elevation_end": 10.3, "quality": "estimated", "structure": "normal", "chain_rank": 0, "cum_dist_start": 12050.0, "cum_dist_end": 12100.0, "anomaly": false}, "geometry": {"type": "LineString", "coordinates": [[140.04929575376602, 35.67026022621879], [140.04901990897525, 35.67025001344132], [140.04874415813006, 35.67023831337427]]}}, {"type": "Feature", "properties": {"id": "京葉道路-上り-0-242", "route": "京葉道路", "direction": "上り", "from": "幕張PA", "to": "幕張IC", "grade": 0.04, "elevation_start": 10.3, "elevation_end": 10.3, "quality": "estimated", "structure": "bridge", "chain_rank": 0, "cum_dist_start": 12100.0, "cum_dist_end": 12150.0, "anomaly": false}, "geometry": {"type": "LineString", "coordinates": [[140.04874415813006, 35.67023831337427], [140.0484685789841, 35.67022411539274], [140.0481930020949, 35.67020988713741]]}}, {"type": "Feature", "properties": {"id": "京葉道路-上り-0-243", "route": "京葉道路", "direction": "上り", "from": "幕張PA", "to": "幕張IC", "grade": 0.04, "elevation_start": 10.3, "elevation_end": 10.3, "quality": "estimated", "structure": "bridge", "chain_rank": 0, "cum_dist_start": 12150.0, "cum_dist_end": 12200.0, "anomaly": false}, "geometry": {"type": "LineString", "coordinates": [[140.0481930020949, 35.67020988713741], [140.0479174252057, 35.670195658882086], [140.04764184831646, 35.67018143062676]]}}, {"type": "Feature", "properties": {"id": "京葉道路-上り-0-244", "route": "京葉道路", "direction": "上り", "from": "幕張PA", "to": "幕張IC", "grade": 0.04, "elevation_start": 10.3, "elevation_end": 10.3, "quality": "estimated", "structure": "bridge", "chain_rank": 0, "cum_dist_start": 12200.0, "cum_dist_end": 12250.0, "anomaly": false}, "geometry": {"type": "LineString", "coordinates": [[140.04764184831646, 35.67018143062676], [140.04736627142725, 35.67016720237144], [140.047090694538, 35.67015297411611]]}}, {"type": "Feature", "properties": {"id": "京葉道路-上り-0-245", "route": "京葉道路", "direction": "上り", "from": "幕張PA", "to": "幕張IC", "grade": 0.04, "elevation_start": 10.3, "elevation_end": 10.4, "quality": "estimated", "structure": "bridge", "chain_rank": 0, "cum_dist_start": 12250.0, "cum_dist_end": 12300.0, "anomaly": false}, "geometry": {"type": "LineString", "coordinates": [[140.047090694538, 35.67015297411611], [140.0468151176488, 35.67013874586078], [140.0465395407596, 35.67012451760546]]}}, {"type": "Feature", "properties": {"id": "京葉道路-上り-0-246", "route": "京葉道路", "direction": "上り", "from": "幕張PA", "to": "幕張IC", "grade": 0.04, "elevation_start": 10.4, "elevation_end": 10.4, "quality": "estimated", "structure": "bridge", "chain_rank": 0, "cum_dist_start": 12300.0, "cum_dist_end": 12350.0, "anomaly": false}, "geometry": {"type": "LineString", "coordinates": [[140.0465395407596, 35.67012451760546], [140.04626396387036, 35.67011028935013], [140.04598838698115, 35.6700960610948]]}}, {"type": "Feature", "properties": {"id": "京葉道路-上り-0-247", "route": "京葉道路", "direction": "上り", "from": "幕張PA", "to": "幕張IC", "grade": 0.04, "elevation_start": 10.4, "elevation_end": 10.4, "quality": "estimated", "structure": "bridge", "chain_rank": 0, "cum_dist_start": 12350.0, "cum_dist_end": 12400.0, "anomaly": false}, "geometry": {"type": "LineString", "coordinates": [[140.04598838698115, 35.6700960610948], [140.04571281009194, 35.67008183283948], [140.0454372332027, 35.670067604584155]]}}, {"type": "Feature", "properties": {"id": "京葉道路-上り-0-248", "route": "京葉道路", "direction": "上り", "from": "幕張PA", "to": "幕張IC", "grade": 0.04, "elevation_start": 10.4, "elevation_end": 10.4, "quality": "estimated", "structure": "bridge", "chain_rank": 0, "cum_dist_start": 12400.0, "cum_dist_end": 12450.0, "anomaly": false}, "geometry": {"type": "LineString", "coordinates": [[140.0454372332027, 35.670067604584155], [140.0451616563135, 35.67005337632882], [140.04488607942426, 35.6700391480735]]}}, {"type": "Feature", "properties": {"id": "京葉道路-上り-0-249", "route": "京葉道路", "direction": "上り", "from": "幕張PA", "to": "幕張IC", "grade": 0.04, "elevation_start": 10.4, "elevation_end": 10.4, "quality": "estimated", "structure": "bridge", "chain_rank": 0, "cum_dist_start": 12450.0, "cum_dist_end": 12500.0, "anomaly": false}, "geometry": {"type": "LineString", "coordinates": [[140.04488607942426, 35.6700391480735], [140.04461050253505, 35.670024919818175], [140.04433492564584, 35.67001069156285]]}}, {"type": "Feature", "properties": {"id": "京葉道路-上り-0-250", "route": "京葉道路", "direction": "上り", "from": "幕張PA", "to": "幕張IC", "grade": 0.04, "elevation_start": 10.4, "elevation_end": 10.5, "quality": "estimated", "structure": "bridge", "chain_rank": 0, "cum_dist_start": 12500.0, "cum_dist_end": 12550.0, "anomaly": false}, "geometry": {"type": "LineString", "coordinates": [[140.04433492564584, 35.67001069156285], [140.0440593487566, 35.66999646330752], [140.0437837718674, 35.669982235052196]]}}, {"type": "Feature", "properties": {"id": "京葉道路-上り-0-251", "route": "京葉道路", "direction": "上り", "from": "幕張PA", "to": "幕張IC", "grade": 0.04, "elevation_start": 10.5, "elevation_end": 10.5, "quality": "estimated", "structure": "bridge", "chain_rank": 0, "cum_dist_start": 12550.0, "cum_dist_end": 12600.0, "anomaly": false}, "geometry": {"type": "LineString", "coordinates": [[140.0437837718674, 35.669982235052196], [140.04350819497816, 35.66996800679687], [140.04323261808895, 35.66995377854154]]}}, {"type": "Feature", "properties": {"id": "京葉道路-上り-0-252", "route": "京葉道路", "direction": "上り", "from": "幕張PA", "to": "幕張IC", "grade": 0.04, "elevation_start": 10.5, "elevation_end": 10.5, "quality": "estimated", "structure": "bridge", "chain_rank": 0, "cum_dist_start": 12600.0, "cum_dist_end": 12650.0, "anomaly": false}, "geometry": {"type": "LineString", "coordinates": [[140.04323261808895, 35.66995377854154], [140.04295704119974, 35.669939550286216], [140.0426814926782, 35.66992497083213]]}}, {"type": "Feature", "properties": {"id": "京葉道路-上り-0-253", "route": "京葉道路", "direction": "上り", "from": "幕張PA", "to": "幕張IC", "grade": 0.04, "elevation_start": 10.5, "elevation_end": 10.5, "quality": "estimated", "structure": "bridge", "chain_rank": 0, "cum_dist_start": 12650.0, "cum_dist_end": 12700.0, "anomaly": false}, "geometry": {"type": "LineString", "coordinates": [[140.0426814926782, 35.66992497083213], [140.04240598814917, 35.66990984674079], [140.04213048362013, 35.669894722649445]]}}, {"type": "Feature", "properties": {"id": "京葉道路-上り-0-254", "route": "京葉道路", "direction": "上り", "from": "幕張PA", "to": "幕張IC", "grade": 0.04, "elevation_start": 10.5, "elevation_end": 10.5, "quality": "estimated", "structure": "bridge", "chain_rank": 0, "cum_dist_start": 12700.0, "cum_dist_end": 12750.0, "anomaly": false}, "geometry": {"type": "LineString", "coordinates": [[140.04213048362013, 35.669894722649445], [140.0418549790911, 35.6698795985581], [140.04157947456207, 35.669864474466756]]}}, {"type": "Feature", "properties": {"id": "京葉道路-上り-0-255", "route": "京葉道路", "direction": "上り", "from": "幕張PA", "to": "幕張IC", "grade": 0.04, "elevation_start": 10.5, "elevation_end": 10.6, "quality": "estimated", "structure": "bridge", "chain_rank": 0, "cum_dist_start": 12750.0, "cum_dist_end": 12800.0, "anomaly": false}, "geometry": {"type": "LineString", "coordinates": [[140.04157947456207, 35.669864474466756], [140.04130397003303, 35.66984935037541], [140.04102846550398, 35.66983422628407]]}}, {"type": "Feature", "properties": {"id": "京葉道路-上り-0-256", "route": "京葉道路", "direction": "上り", "from": "幕張PA", "to": "幕張IC", "grade": 0.04, "elevation_start": 10.6, "elevation_end": 10.6, "quality": "estimated", "structure": "bridge", "chain_rank": 0, "cum_dist_start": 12800.0, "cum_dist_end": 12850.0, "anomaly": false}, "geometry": {"type": "LineString", "coordinates": [[140.04102846550398, 35.66983422628407], [140.04075286848655, 35.66982029086326], [140.04047723676823, 35.66980680142156]]}}, {"type": "Feature", "properties": {"id": "京葉道路-上り-0-257", "route": "京葉道路", "direction": "上り", "from": "幕張PA", "to": "幕張IC", "grade": 0.04, "elevation_start": 10.6, "elevation_end": 10.6, "quality": "estimated", "structure": "normal", "chain_rank": 0, "cum_dist_start": 12850.0, "cum_dist_end": 12900.0, "anomaly": false}, "geometry": {"type": "LineString", "coordinates": [[140.04047723676823, 35.66980680142156], [140.0402016050499, 35.669793311979866], [140.03992597333158, 35.66977982253817]]}}, {"type": "Feature", "properties": {"id": "京葉道路-上り-0-258", "route": "京葉道路", "direction": "上り", "from": "幕張PA", "to": "幕張IC", "grade": 0.04, "elevation_start": 10.6, "elevation_end": 10.6, "quality": "estimated", "structure": "normal", "chain_rank": 0, "cum_dist_start": 12900.0, "cum_dist_end": 12950.0, "anomaly": false}, "geometry": {"type": "LineString", "coordinates": [[140.03992597333158, 35.66977982253817], [140.03965040465832, 35.66976550972603], [140.0393748526672, 35.669750979044245]]}}, {"type": "Feature", "properties": {"id": "京葉道路-上り-0-259", "route": "京葉道路", "direction": "上り", "from": "幕張PA", "to": "幕張IC", "grade": -0.04, "elevation_start": 10.6, "elevation_end": 10.6, "quality": "estimated", "structure": "normal", "chain_rank": 0, "cum_dist_start": 12950.0, "cum_dist_end": 13000.0, "anomaly": false}, "geometry": {"type": "LineString", "coordinates": [[140.0393748526672, 35.669750979044245], [140.0390993006761, 35.66973644836246], [140.038823748685, 35.669721917680675]]}}, {"type": "Feature", "properties": {"id": "京葉道路-上り-0-260", "route": "京葉道路", "direction": "上り", "from": "幕張PA", "to": "幕張IC", "grade": -0.02, "elevation_start": 10.6, "elevation_end": 10.6, "quality": "measured", "structure": "normal", "chain_rank": 0, "cum_dist_start": 13000.0, "cum_dist_end": 13050.0, "anomaly": false}, "geometry": {"type": "LineString", "coordinates": [[140.038823748685, 35.669721917680675], [140.0385481966939, 35.669707386998894], [140.03827259739313, 35.66969358384621]]}}, {"type": "Feature", "properties": {"id": "京葉道路-上り-0-261", "route": "京葉道路", "direction": "上り", "from": "幕張PA", "to": "幕張IC", "grade": -0.0, "elevation_start": 10.6, "elevation_end": 10.6, "quality": "measured", "structure": "normal", "chain_rank": 0, "cum_dist_start": 13050.0, "cum_dist_end": 13100.0, "anomaly": false}, "geometry": {"type": "LineString", "coordinates": [[140.03827259739313, 35.66969358384621], [140.0379967090281, 35.66968422593065], [140.0377210760602, 35.66967078328329]]}}, {"type": "Feature", "properties": {"id": "京葉道路-上り-0-262", "route": "京葉道路", "direction": "上り", "from": "幕張PA", "to": "幕張IC", "grade": 0.01, "elevation_start": 10.6, "elevation_end": 10.6, "quality": "measured", "structure": "normal", "chain_rank": 0, "cum_dist_start": 13100.0, "cum_dist_end": 13150.0, "anomaly": false}, "geometry": {"type": "LineString", "coordinates": [[140.0377210760602, 35.66967078328329], [140.03744545230862, 35.669657193233185], [140.03716982855707, 35.66964360318308]]}}, {"type": "Feature", "properties": {"id": "京葉道路-上り-0-263", "route": "京葉道路", "direction": "上り", "from": "幕張PA", "to": "幕張IC", "grade": -0.1, "elevation_start": 10.6, "elevation_end": 10.5, "quality": "measured", "structure": "normal", "chain_rank": 0, "cum_dist_start": 13150.0, "cum_dist_end": 13200.0, "anomaly": false}, "geometry": {"type": "LineString", "coordinates": [[140.03716982855707, 35.66964360318308], [140.0368942048055, 35.66963001313299], [140.03661858105392, 35.669616423082886]]}}, {"type": "Feature", "properties": {"id": "京葉道路-上り-0-264", "route": "京葉道路", "direction": "上り", "from": "幕張PA", "to": "幕張IC", "grade": -0.56, "elevation_start": 10.5, "elevation_end": 10.3, "quality": "estimated", "structure": "normal", "chain_rank": 0, "cum_dist_start": 13200.0, "cum_dist_end": 13250.0, "anomaly": false}, "geometry": {"type": "LineString", "coordinates": [[140.03661858105392, 35.669616423082886], [140.03634307615116, 35.669601484878676], [140.0360679052104, 35.66958275839733]]}}, {"type": "Feature", "properties": {"id": "京葉道路-上り-0-265", "route": "京葉道路", "direction": "上り", "from": "幕張PA", "to": "幕張IC", "grade": -0.91, "elevation_start": 10.3, "elevation_end": 9.8, "quality": "estimated", "structure": "normal", "chain_rank": 0, "cum_dist_start": 13250.0, "cum_dist_end": 13300.0, "anomaly": false}, "geometry": {"type": "LineString", "coordinates": [[140.0360679052104, 35.66958275839733], [140.03579273426962, 35.66956403191599], [140.03551721285308, 35.66954939871247]]}}, {"type": "Feature", "properties": {"id": "京葉道路-上り-0-266", "route": "京葉道路", "direction": "上り", "from": "幕張PA", "to": "幕張IC", "grade": -0.91, "elevation_start": 9.8, "elevation_end": 9.4, "quality": "estimated", "structure": "normal", "chain_rank": 0, "cum_dist_start": 13300.0, "cum_dist_end": 13350.0, "anomaly": false}, "geometry": {"type": "LineString", "coordinates": [[140.03551721285308, 35.66954939871247], [140.03524152490542, 35.66953671045997], [140.03496583354345, 35.66952408154611]]}}, {"type": "Feature", "properties": {"id": "京葉道路-上り-0-267", "route": "京葉道路", "direction": "上り", "from": "幕張PA", "to": "幕張IC", "grade": -0.91, "elevation_start": 9.4, "elevation_end": 8.9, "quality": "estimated", "structure": "bridge", "chain_rank": 0, "cum_dist_start": 13350.0, "cum_dist_end": 13400.0, "anomaly": false}, "geometry": {"type": "LineString", "coordinates": [[140.03496583354345, 35.66952408154611], [140.03468990193358, 35.669515628024676], [140.03441397479156, 35.669507080728984]]}}, {"type": "Feature", "properties": {"id": "京葉道路-上り-0-268", "route": "京葉道路", "direction": "上り", "from": "幕張IC", "to": "花輪IC", "grade": -0.91, "elevation_start": 8.9, "elevation_end": 8.4, "quality": "estimated", "structure": "bridge", "chain_rank": 0, "cum_dist_start": 13400.0, "cum_dist_end": 13450.0, "anomaly": false}, "geometry": {"type": "LineString", "coordinates": [[140.03441397479156, 35.669507080728984], [140.03413806967714, 35.66949807110481], [140.03386216456272, 35.66948906148063]]}}, {"type": "Feature", "properties": {"id": "京葉道路-上り-0-269", "route": "京葉道路", "direction": "上り", "from": "幕張IC", "to": "花輪IC", "grade": -0.91, "elevation_start": 8.4, "elevation_end": 8.0, "quality": "estimated", "structure": "bridge", "chain_rank": 0, "cum_dist_start": 13450.0, "cum_dist_end": 13500.0, "anomaly": false}, "geometry": {"type": "LineString", "coordinates": [[140.03386216456272, 35.66948906148063], [140.03358665313118, 35.66947468240455], [140.03331139905225, 35.66945679328897]]}}, {"type": "Feature", "properties": {"id": "京葉道路-上り-0-270", "route": "京葉道路", "direction": "上り", "from": "幕張IC", "to": "花輪IC", "grade": -0.91, "elevation_start": 8.0, "elevation_end": 7.5, "quality": "estimated", "structure": "normal", "chain_rank": 0, "cum_dist_start": 13500.0, "cum_dist_end": 13550.0, "anomaly": false}, "geometry": {"type": "LineString", "coordinates": [[140.03331139905225, 35.66945679328897], [140.0330361449733, 35.6694389041734], [140.03276089089434, 35.66942101505783]]}}, {"type": "Feature", "properties": {"id": "京葉道路-上り-0-271", "route": "京葉道路", "direction": "上り", "from": "幕張IC", "to": "花輪IC", "grade": -0.91, "elevation_start": 7.5, "elevation_end": 7.1, "quality": "estimated", "structure": "normal", "chain_rank": 0, "cum_dist_start": 13550.0, "cum_dist_end": 13600.0, "anomaly": false}, "geometry": {"type": "LineString", "coordinates": [[140.03276089089434, 35.66942101505783], [140.0324856368154, 35.66940312594225], [140.03221038273645, 35.66938523682668]]}}, {"type": "Feature", "properties": {"id": "京葉道路-上り-0-272", "route": "京葉道路", "direction": "上り", "from": "幕張IC", "to": "花輪IC", "grade": -0.72, "elevation_start": 7.1, "elevation_end": 6.7, "quality": "estimated", "structure": "normal", "chain_rank": 0, "cum_dist_start": 13600.0, "cum_dist_end": 13650.0, "anomaly": false}, "geometry": {"type": "LineString", "coordinates": [[140.03221038273645, 35.66938523682668], [140.0319348587886, 35.66937066342559], [140.03165912444922, 35.66935867497605]]}}, {"type": "Feature", "properties": {"id": "京葉道路-上り-0-273", "route": "京葉道路", "direction": "上り", "from": "幕張IC", "to": "花輪IC", "grade": -0.49, "elevation_start": 6.7, "elevation_end": 6.5, "quality": "measured", "structure": "normal", "chain_rank": 0, "cum_dist_start": 13650.0, "cum_dist_end": 13700.0, "anomaly": false}, "geometry": {"type": "LineString", "coordinates": [[140.03165912444922, 35.66935867497605], [140.03138339010988, 35.66934668652652], [140.0311076557705, 35.66933469807697]]}}, {"type": "Feature", "properties": {"id": "京葉道路-上り-0-274", "route": "京葉道路", "direction": "上り", "from": "幕張IC", "to": "花輪IC", "grade": -0.79, "elevation_start": 6.5, "elevation_end": 6.1, "quality": "measured", "structure": "normal", "chain_rank": 0, "cum_dist_start": 13700.0, "cum_dist_end": 13750.0, "anomaly": false}, "geometry": {"type": "LineString", "coordinates": [[140.0311076557705, 35.66933469807697], [140.03083199629518, 35.66932162495502], [140.03055635270098, 35.669308321737965]]}}, {"type": "Feature", "properties": {"id": "京葉道路-上り-0-275", "route": "京葉道路", "direction": "上り", "from": "幕張IC", "to": "花輪IC", "grade": -1.01, "elevation_start": 6.1, "elevation_end": 5.6, "quality": "measured", "structure": "normal", "chain_rank": 0, "cum_dist_start": 13750.0, "cum_dist_end": 13800.0, "anomaly": false}, "geometry": {"type": "LineString", "coordinates": [[140.03055635270098, 35.669308321737965], [140.0302807091068, 35.66929501852091], [140.0300050655126, 35.66928171530386]]}}, {"type": "Feature", "properties": {"id": "京葉道路-上り-0-276", "route": "京葉道路", "direction": "上り", "from": "幕張IC", "to": "花輪IC", "grade": -1.22, "elevation_start": 5.6, "elevation_end": 5.0, "quality": "measured", "structure": "normal", "chain_rank": 0, "cum_dist_start": 13800.0, "cum_dist_end": 13850.0, "anomaly": false}, "geometry": {"type": "LineString", "coordinates": [[140.0300050655126, 35.66928171530386], [140.029729344526, 35.6692695725663], [140.02945356157335, 35.66925835899353]]}}, {"type": "Feature", "properties": {"id": "京葉道路-上り-0-277", "route": "京葉道路", "direction": "上り", "from": "幕張IC", "to": "花輪IC", "grade": -0.51, "elevation_start": 5.0, "elevation_end": 4.7, "quality": "measured", "structure": "normal", "chain_rank": 0, "cum_dist_start": 13850.0, "cum_dist_end": 13900.0, "anomaly": false}, "geometry": {"type": "LineString", "coordinates": [[140.02945356157335, 35.66925835899353], [140.02917777862072, 35.66924714542076], [140.02890199566806, 35.669235931848]]}}, {"type": "Feature", "properties": {"id": "京葉道路-上り-0-278", "route": "京葉道路", "direction": "上り", "from": "幕張IC", "to": "花輪IC", "grade": -0.21, "elevation_start": 4.7, "elevation_end": 4.6, "quality": "measured", "structure": "normal", "chain_rank": 0, "cum_dist_start": 13900.0, "cum_dist_end": 13950.0, "anomaly": false}, "geometry": {"type": "LineString", "coordinates": [[140.02890199566806, 35.669235931848], [140.0286261633624, 35.66922556375302], [140.028350225243, 35.669217504490696]]}}, {"type": "Feature", "properties": {"id": "京葉道路-上り-0-279", "route": "京葉道路", "direction": "上り", "from": "幕張IC", "to": "花輪IC", "grade": -0.35, "elevation_start": 4.6, "elevation_end": 4.4, "quality": "measured", "structure": "normal", "chain_rank": 0, "cum_dist_start": 13950.0, "cum_dist_end": 14000.0, "anomaly": false}, "geometry": {"type": "LineString", "coordinates": [[140.028350225243, 35.669217504490696], [140.02807419726227, 35.66921191595671], [140.02779807234657, 35.66921204986792]]}}, {"type": "Feature", "properties": {"id": "京葉道路-上り-0-280", "route": "京葉道路", "direction": "上り", "from": "幕張IC", "to": "花輪IC", "grade": -0.12, "elevation_start": 4.4, "elevation_end": 4.4, "quality": "measured", "structure": "normal", "chain_rank": 0, "cum_dist_start": 14000.0, "cum_dist_end": 14050.0, "anomaly": false}, "geometry": {"type": "LineString", "coordinates": [[140.02779807234657, 35.66921204986792], [140.02752214019566, 35.66921875825612], [140.027246465503, 35.669231584934]]}}, {"type": "Feature", "properties": {"id": "京葉道路-上り-0-281", "route": "京葉道路", "direction": "上り", "from": "幕張IC", "to": "花輪IC", "grade": 0.0, "elevation_start": 4.4, "elevation_end": 4.4, "quality": "measured", "structure": "normal", "chain_rank": 0, "cum_dist_start": 14050.0, "cum_dist_end": 14100.0, "anomaly": false}, "geometry": {"type": "LineString", "coordinates": [[140.027246465503, 35.669231584934], [140.0269711017129, 35.66924821633613], [140.0266970077219, 35.66927475706993]]}}, {"type": "Feature", "properties": {"id": "京葉道路-上り-0-282", "route": "京葉道路", "direction": "上り", "from": "幕張IC", "to": "花輪IC", "grade": -0.19, "elevation_start": 4.4, "elevation_end": 4.3, "quality": "measured", "structure": "normal", "chain_rank": 0, "cum_dist_start": 14100.0, "cum_dist_end": 14150.0, "anomaly": false}, "geometry": {"type": "LineString", "coordinates": [[140.0266970077219, 35.66927475706993], [140.02642398665475, 35.66930820282771], [140.02615268900269, 35.66934994762163]]}}, {"type": "Feature", "properties": {"id": "京葉道路-上り-0-283", "route": "京葉道路", "direction": "上り", "from": "幕張IC", "to": "花輪IC", "grade": 0.0, "elevation_start": 4.3, "elevation_end": 4.3, "quality": "measured", "structure": "normal", "chain_rank": 0, "cum_dist_start": 14150.0, "cum_dist_end": 14200.0, "anomaly": false}, "geometry": {"type": "LineString", "coordinates": [[140.02615268900269, 35.66934994762163], [140.02588349899202, 35.66940013002398], [140.02561600544047, 35.66945582206919]]}}, {"type": "Feature", "properties": {"id": "京葉道路-上り-0-284", "route": "京葉道路", "direction": "上り", "from": "幕張IC", "to": "花輪IC", "grade": 0.07, "elevation_start": 4.3, "elevation_end": 4.3, "quality": "measured", "structure": "normal", "chain_rank": 0, "cum_dist_start": 14200.0, "cum_dist_end": 14250.0, "anomaly": false}, "geometry": {"type": "LineString", "coordinates": [[140.02561600544047, 35.66945582206919], [140.02535059133288, 35.66951792825653], [140.02508680443293, 35.66958441149162]]}}, {"type": "Feature", "properties": {"id": "京葉道路-上り-0-285", "route": "京葉道路", "direction": "上り", "from": "幕張IC", "to": "花輪IC", "grade": 0.02, "elevation_start": 4.3, "elevation_end": 4.3, "quality": "measured", "structure": "normal", "chain_rank": 0, "cum_dist_start": 14250.0, "cum_dist_end": 14300.0, "anomaly": false}, "geometry": {"type": "LineString", "coordinates": [[140.02508680443293, 35.66958441149162], [140.0248256393893, 35.669657573176174], [140.02456935299384, 35.66974107480384]]}}, {"type": "Feature", "properties": {"id": "京葉道路-上り-0-286", "route": "京葉道路", "direction": "上り", "from": "幕張IC", "to": "花輪IC", "grade": 0.02, "elevation_start": 4.3, "elevation_end": 4.3, "quality": "measured", "structure": "normal", "chain_rank": 0, "cum_dist_start": 14300.0, "cum_dist_end": 14350.0, "anomaly": false}, "geometry": {"type": "LineString", "coordinates": [[140.02456935299384, 35.66974107480384], [140.024316318103, 35.66983120659446], [140.02406724316944, 35.66992847189109]]}}, {"type": "Feature", "properties": {"id": "京葉道路-上り-0-287", "route": "京葉道路", "direction": "上り", "from": "幕張IC", "to": "花輪IC", "grade": 0.0, "elevation_start": 4.3, "elevation_end": 4.3, "quality": "measured", "structure": "normal", "chain_rank": 0, "cum_dist_start": 14350.0, "cum_dist_end": 14400.0, "anomaly": false}, "geometry": {"type": "LineString", "coordinates": [[140.02406724316944, 35.66992847189109], [140.02381954186663, 35.67002802771055], [140.02357572155168, 35.670133500856224]]}}, {"type": "Feature", "properties": {"id": "京葉道路-上り-0-288", "route": "京葉道路", "direction": "上り", "from": "幕張IC", "to": "花輪IC", "grade": -0.0, "elevation_start": 4.3, "elevation_end": 4.3, "quality": "estimated", "structure": "normal", "chain_rank": 0, "cum_dist_start": 14400.0, "cum_dist_end": 14450.0, "anomaly": false}, "geometry": {"type": "LineString", "coordinates": [[140.02357572155168, 35.670133500856224], [140.02333866634308, 35.67024904975634], [140.0231048599341, 35.670368881168606]]}}, {"type": "Feature", "properties": {"id": "京葉道路-上り-0-289", "route": "京葉道路", "direction": "上り", "from": "幕張IC", "to": "花輪IC", "grade": -0.0, "elevation_start": 4.3, "elevation_end": 4.3, "quality": "estimated", "structure": "normal", "chain_rank": 0, "cum_dist_start": 14450.0, "cum_dist_end": 14500.0, "anomaly": false}, "geometry": {"type": "LineString", "coordinates": [[140.0231048599341, 35.670368881168606], [140.02287257245646, 35.67049070310635], [140.02264370640833, 35.67061676859629]]}}, {"type": "Feature", "properties": {"id": "京葉道路-上り-0-290", "route": "京葉道路", "direction": "上り", "from": "幕張IC", "to": "花輪IC", "grade": -0.0, "elevation_start": 4.3, "elevation_end": 4.3, "quality": "estimated", "structure": "normal", "chain_rank": 0, "cum_dist_start": 14500.0, "cum_dist_end": 14550.0, "anomaly": false}, "geometry": {"type": "LineString", "coordinates": [[140.02264370640833, 35.67061676859629], [140.0224148403602, 35.670742834086234], [140.02218732836002, 35.67087051643982]]}}, {"type": "Feature", "properties": {"id": "京葉道路-上り-0-291", "route": "京葉道路", "direction": "上り", "from": "幕張IC", "to": "花輪IC", "grade": -0.0, "elevation_start": 4.3, "elevation_end": 4.3, "quality": "estimated", "structure": "bridge", "chain_rank": 0, "cum_dist_start": 14550.0, "cum_dist_end": 14600.0, "anomaly": false}, "geometry": {"type": "LineString", "coordinates": [[140.02218732836002, 35.67087051643982], [140.0219609274405, 35.67099951280723], [140.02173501563902, 35.67112908352637]]}}, {"type": "Feature", "properties": {"id": "京葉道路-上り-0-292", "route": "京葉道路", "direction": "上り", "from": "幕張IC", "to": "花輪IC", "grade": -0.0, "elevation_start": 4.3, "elevation_end": 4.3, "quality": "estimated", "structure": "bridge", "chain_rank": 0, "cum_dist_start": 14600.0, "cum_dist_end": 14650.0, "anomaly": false}, "geometry": {"type": "LineString", "coordinates": [[140.02173501563902, 35.67112908352637], [140.02150910383756, 35.67125865424551], [140.02128319203612, 35.67138822496466]]}}, {"type": "Feature", "properties": {"id": "京葉道路-上り-0-293", "route": "京葉道路", "direction": "上り", "from": "幕張IC", "to": "花輪IC", "grade": -0.0, "elevation_start": 4.3, "elevation_end": 4.3, "quality": "estimated", "structure": "bridge", "chain_rank": 0, "cum_dist_start": 14650.0, "cum_dist_end": 14700.0, "anomaly": false}, "geometry": {"type": "LineString", "coordinates": [[140.02128319203612, 35.67138822496466], [140.02105728023466, 35.6715177956838], [140.02083136843322, 35.671647366402944]]}}, {"type": "Feature", "properties": {"id": "京葉道路-上り-0-294", "route": "京葉道路", "direction": "上り", "from": "幕張IC", "to": "花輪IC", "grade": -0.0, "elevation_start": 4.3, "elevation_end": 4.3, "quality": "estimated", "structure": "bridge", "chain_rank": 0, "cum_dist_start": 14700.0, "cum_dist_end": 14750.0, "anomaly": false}, "geometry": {"type": "LineString", "coordinates": [[140.02083136843322, 35.671647366402944], [140.02060545663176, 35.67177693712208], [140.0203795448303, 35.67190650784123]]}}, {"type": "Feature", "properties": {"id": "京葉道路-上り-0-295", "route": "京葉道路", "direction": "上り", "from": "幕張IC", "to": "花輪IC", "grade": -0.0, "elevation_start": 4.3, "elevation_end": 4.3, "quality": "estimated", "structure": "bridge", "chain_rank": 0, "cum_dist_start": 14750.0, "cum_dist_end": 14800.0, "anomaly": false}, "geometry": {"type": "LineString", "coordinates": [[140.0203795448303, 35.67190650784123], [140.02015363302885, 35.672036078560375], [140.0199277212274, 35.67216564927951]]}}, {"type": "Feature", "properties": {"id": "京葉道路-上り-0-296", "route": "京葉道路", "direction": "上り", "from": "幕張IC", "to": "花輪IC", "grade": -0.0, "elevation_start": 4.3, "elevation_end": 4.3, "quality": "estimated", "structure": "bridge", "chain_rank": 0, "cum_dist_start": 14800.0, "cum_dist_end": 14850.0, "anomaly": false}, "geometry": {"type": "LineString", "coordinates": [[140.0199277212274, 35.67216564927951], [140.01970180942595, 35.67229521999866], [140.0194758976245, 35.672424790717805]]}}, {"type": "Feature", "properties": {"id": "京葉道路-上り-0-297", "route": "京葉道路", "direction": "上り", "from": "幕張IC", "to": "花輪IC", "grade": -0.0, "elevation_start": 4.3, "elevation_end": 4.3, "quality": "estimated", "structure": "bridge", "chain_rank": 0, "cum_dist_start": 14850.0, "cum_dist_end": 14900.0, "anomaly": false}, "geometry": {"type": "LineString", "coordinates": [[140.0194758976245, 35.672424790717805], [140.01924998582302, 35.672554361436944], [140.0190240740216, 35.67268393215609]]}}, {"type": "Feature", "properties": {"id": "京葉道路-上り-0-298", "route": "京葉道路", "direction": "上り", "from": "幕張IC", "to": "花輪IC", "grade": -0.0, "elevation_start": 4.3, "elevation_end": 4.3, "quality": "estimated", "structure": "bridge", "chain_rank": 0, "cum_dist_start": 14900.0, "cum_dist_end": 14950.0, "anomaly": false}, "geometry": {"type": "LineString", "coordinates": [[140.0190240740216, 35.67268393215609], [140.01879816222012, 35.672813502875236], [140.01857225041866, 35.672943073594375]]}}, {"type": "Feature", "properties": {"id": "京葉道路-上り-0-299", "route": "京葉道路", "direction": "上り", "from": "幕張IC", "to": "花輪IC", "grade": -0.0, "elevation_start": 4.3, "elevation_end": 4.3, "quality": "estimated", "structure": "bridge", "chain_rank": 0, "cum_dist_start": 14950.0, "cum_dist_end": 15000.0, "anomaly": false}, "geometry": {"type": "LineString", "coordinates": [[140.01857225041866, 35.672943073594375], [140.01834633861722, 35.67307264431352], [140.01812042681576, 35.67320221503267]]}}, {"type": "Feature", "properties": {"id": "京葉道路-上り-0-300", "route": "京葉道路", "direction": "上り", "from": "幕張IC", "to": "花輪IC", "grade": -0.0, "elevation_start": 4.3, "elevation_end": 4.3, "quality": "estimated", "structure": "bridge", "chain_rank": 0, "cum_dist_start": 15000.0, "cum_dist_end": 15050.0, "anomaly": false}, "geometry": {"type": "LineString", "coordinates": [[140.01812042681576, 35.67320221503267], [140.01789451501432, 35.673331785751806], [140.01766860321285, 35.67346135647095]]}}, {"type": "Feature", "properties": {"id": "京葉道路-上り-0-301", "route": "京葉道路", "direction": "上り", "from": "幕張IC", "to": "花輪IC", "grade": -0.0, "elevation_start": 4.3, "elevation_end": 4.3, "quality": "estimated", "structure": "bridge", "chain_rank": 0, "cum_dist_start": 15050.0, "cum_dist_end": 15100.0, "anomaly": false}, "geometry": {"type": "LineString", "coordinates": [[140.01766860321285, 35.67346135647095], [140.0174426914114, 35.6735909271901], [140.01721677960995, 35.67372049790924]]}}, {"type": "Feature", "properties": {"id": "京葉道路-上り-0-302", "route": "京葉道路", "direction": "上り", "from": "幕張IC", "to": "花輪IC", "grade": -0.0, "elevation_start": 4.3, "elevation_end": 4.3, "quality": "estimated", "structure": "bridge", "chain_rank": 0, "cum_dist_start": 15100.0, "cum_dist_end": 15150.0, "anomaly": false}, "geometry": {"type": "LineString", "coordinates": [[140.01721677960995, 35.67372049790924], [140.0169908213741, 35.67385001457543], [140.01676388102265, 35.673978388016096]]}}, {"type": "Feature", "properties": {"id": "京葉道路-上り-0-303", "route": "京葉道路", "direction": "上り", "from": "幕張IC", "to": "花輪IC", "grade": -0.0, "elevation_start": 4.3, "elevation_end": 4.3, "quality": "estimated", "structure": "bridge", "chain_rank": 0, "cum_dist_start": 15150.0, "cum_dist_end": 15200.0, "anomaly": false}, "geometry": {"type": "LineString", "coordinates": [[140.01676388102265, 35.673978388016096], [140.0165371349057, 35.674106988420476], [140.01631152787098, 35.67423691846799]]}}, {"type": "Feature", "properties": {"id": "京葉道路-上り-0-304", "route": "京葉道路", "direction": "上り", "from": "幕張IC", "to": "花輪IC", "grade": -0.0, "elevation_start": 4.3, "elevation_end": 4.3, "quality": "estimated", "structure": "normal", "chain_rank": 0, "cum_dist_start": 15200.0, "cum_dist_end": 15250.0, "anomaly": false}, "geometry": {"type": "LineString", "coordinates": [[140.01631152787098, 35.67423691846799], [140.0160859143659, 35.67436684119959], [140.01586030086082, 35.6744967639312]]}}, {"type": "Feature", "properties": {"id": "京葉道路-上り-0-305", "route": "京葉道路", "direction": "上り", "from": "幕張IC", "to": "花輪IC", "grade": -0.0, "elevation_start": 4.3, "elevation_end": 4.3, "quality": "estimated", "structure": "normal", "chain_rank": 0, "cum_dist_start": 15250.0, "cum_dist_end": 15300.0, "anomaly": false}, "geometry": {"type": "LineString", "coordinates": [[140.01586030086082, 35.6744967639312], [140.01563447144292, 35.67462643480202], [140.01540742573948, 35.6747546868845]]}}, {"type": "Feature", "properties": {"id": "京葉道路-上り-0-306", "route": "京葉道路", "direction": "上り", "from": "幕張IC", "to": "花輪IC", "grade": 0.09, "elevation_start": 4.3, "elevation_end": 4.3, "quality": "estimated", "structure": "normal", "chain_rank": 0, "cum_dist_start": 15300.0, "cum_dist_end": 15350.0, "anomaly": false}, "geometry": {"type": "LineString", "coordinates": [[140.01540742573948, 35.6747546868845], [140.01518289634672, 35.67488567894251], [140.01496829223674, 35.67502747850236]]}}, {"type": "Feature", "properties": {"id": "京葉道路-上り-0-307", "route": "京葉道路", "direction": "上り", "from": "幕張IC", "to": "花輪IC", "grade": 0.11, "elevation_start": 4.3, "elevation_end": 4.4, "quality": "measured", "structure": "normal", "chain_rank": 0, "cum_dist_start": 15350.0, "cum_dist_end": 15400.0, "anomaly": false}, "geometry": {"type": "LineString", "coordinates": [[140.01496829223674, 35.67502747850236], [140.01476426689143, 35.67517916399598], [140.014563143104, 35.675333561016906]]}}, {"type": "Feature", "properties": {"id": "京葉道路-上り-0-308", "route": "京葉道路", "direction": "上り", "from": "幕張IC", "to": "花輪IC", "grade": 0.02, "elevation_start": 4.4, "elevation_end": 4.4, "quality": "measured", "structure": "normal", "chain_rank": 0, "cum_dist_start": 15400.0, "cum_dist_end": 15450.0, "anomaly": false}, "geometry": {"type": "LineString", "coordinates": [[140.014563143104, 35.675333561016906], [140.0143620193166, 35.675487958037834], [140.0141709439543, 35.67565056653893]]}}, {"type": "Feature", "properties": {"id": "京葉道路-上り-0-309", "route": "京葉道路", "direction": "上り", "from": "幕張IC", "to": "花輪IC", "grade": 0.02, "elevation_start": 4.4, "elevation_end": 4.4, "quality": "measured", "structure": "normal", "chain_rank": 0, "cum_dist_start": 15450.0, "cum_dist_end": 15500.0, "anomaly": false}, "geometry": {"type": "LineString", "coordinates": [[140.0141709439543, 35.67565056653893], [140.0139829671067, 35.67581554112865], [140.01381043716262, 35.675991472863316]]}}, {"type": "Feature", "properties": {"id": "京葉道路-上り-0-310", "route": "京葉道路", "direction": "上り", "from": "幕張IC", "to": "花輪IC", "grade": 0.0, "elevation_start": 4.4, "elevation_end": 4.4, "quality": "measured", "structure": "normal", "chain_rank": 0, "cum_dist_start": 15500.0, "cum_dist_end": 15550.0, "anomaly": false}, "geometry": {"type": "LineString", "coordinates": [[140.01381043716262, 35.675991472863316], [140.0136413080785, 35.67616957743088], [140.0134733839698, 35.676348451865564]]}}, {"type": "Feature", "properties": {"id": "京葉道路-上り-0-311", "route": "京葉道路", "direction": "上り", "from": "幕張IC", "to": "花輪IC", "grade": 0.03, "elevation_start": 4.4, "elevation_end": 4.4, "quality": "measured", "structure": "normal", "chain_rank": 0, "cum_dist_start": 15550.0, "cum_dist_end": 15600.0, "anomaly": false}, "geometry": {"type": "LineString", "coordinates": [[140.0134733839698, 35.676348451865564], [140.013311571482, 35.6765310377295], [140.01316231409126, 35.676720457730966]]}}, {"type": "Feature", "properties": {"id": "京葉道路-上り-0-312", "route": "京葉道路", "direction": "上り", "from": "幕張IC", "to": "花輪IC", "grade": 0.26, "elevation_start": 4.4, "elevation_end": 4.6, "quality": "measured", "structure": "normal", "chain_rank": 0, "cum_dist_start": 15600.0, "cum_dist_end": 15650.0, "anomaly": false}, "geometry": {"type": "LineString", "coordinates": [[140.01316231409126, 35.676720457730966], [140.0130182924819, 35.67691270098859], [140.01288236078483, 35.67710883404757]]}}, {"type": "Feature", "properties": {"id": "京葉道路-上り-0-313", "route": "京葉道路", "direction": "上り", "from": "幕張IC", "to": "花輪IC", "grade": 0.13, "elevation_start": 4.6, "elevation_end": 4.6, "quality": "measured", "structure": "normal", "chain_rank": 0, "cum_dist_start": 15650.0, "cum_dist_end": 15700.0, "anomaly": false}, "geometry": {"type": "LineString", "coordinates": [[140.01288236078483, 35.67710883404757], [140.01275844312946, 35.67731002296533], [140.0126413974258, 35.677514103800576]]}}, {"type": "Feature", "properties": {"id": "京葉道路-上り-0-314", "route": "京葉道路", "direction": "上り", "from": "幕張IC", "to": "花輪IC", "grade": -0.04, "elevation_start": 4.6, "elevation_end": 4.6, "quality": "estimated", "structure": "normal", "chain_rank": 0, "cum_dist_start": 15700.0, "cum_dist_end": 15750.0, "anomaly": false}, "geometry": {"type": "LineString", "coordinates": [[140.0126413974258, 35.677514103800576], [140.01252737026488, 35.677719292589735], [140.01241786608628, 35.677926141536254]]}}, {"type": "Feature", "properties": {"id": "京葉道路-上り-0-315", "route": "京葉道路", "direction": "上り", "from": "幕張IC", "to": "花輪IC", "grade": -0.04, "elevation_start": 4.6, "elevation_end": 4.6, "quality": "estimated", "structure": "normal", "chain_rank": 0, "cum_dist_start": 15750.0, "cum_dist_end": 15800.0, "anomaly": false}, "geometry": {"type": "LineString", "coordinates": [[140.01241786608628, 35.677926141536254], [140.01231958680557, 35.67813670098128], [140.0122282903358, 35.678349306104366]]}}, {"type": "Feature", "properties": {"id": "京葉道路-上り-0-316", "route": "京葉道路", "direction": "上り", "from": "幕張IC", "to": "花輪IC", "grade": -0.04, "elevation_start": 4.6, "elevation_end": 4.6, "quality": "estimated", "structure": "normal", "chain_rank": 0, "cum_dist_start": 15800.0, "cum_dist_end": 15850.0, "anomaly": false}, "geometry": {"type": "LineString", "coordinates": [[140.0122282903358, 35.678349306104366], [140.0121409971243, 35.67856307352588], [140.01205370391278, 35.678776840947386]]}}, {"type": "Feature", "properties": {"id": "京葉道路-上り-0-317", "route": "京葉道路", "direction": "上り", "from": "幕張IC", "to": "花輪IC", "grade": -0.04, "elevation_start": 4.6, "elevation_end": 4.6, "quality": "estimated", "structure": "bridge", "chain_rank": 0, "cum_dist_start": 15850.0, "cum_dist_end": 15900.0, "anomaly": false}, "geometry": {"type": "LineString", "coordinates": [[140.01205370391278, 35.678776840947386], [140.01196108457137, 35.67898908951461], [140.0118661556177, 35.67920067944891]]}}, {"type": "Feature", "properties": {"id": "京葉道路-上り-0-318", "route": "京葉道路", "direction": "上り", "from": "幕張IC", "to": "花輪IC", "grade": -0.04, "elevation_start": 4.6, "elevation_end": 4.5, "quality": "estimated", "structure": "bridge", "chain_rank": 0, "cum_dist_start": 15900.0, "cum_dist_end": 15950.0, "anomaly": false}, "geometry": {"type": "LineString", "coordinates": [[140.0118661556177, 35.67920067944891], [140.0117615775089, 35.679409188385016], [140.0116529025227, 35.67961630468434]]}}, {"type": "Feature", "properties": {"id": "京葉道路-上り-0-319", "route": "京葉道路", "direction": "上り", "from": "幕張IC", "to": "花輪IC", "grade": -0.04, "elevation_start": 4.5, "elevation_end": 4.5, "quality": "estimated", "structure": "bridge", "chain_rank": 0, "cum_dist_start": 15950.0, "cum_dist_end": 16000.0, "anomaly": false}, "geometry": {"type": "LineString", "coordinates": [[140.0116529025227, 35.67961630468434], [140.01153884381313, 35.67982150948847], [140.01141126457023, 35.68002131083911]]}}, {"type": "Feature", "properties": {"id": "京葉道路-上り-0-320", "route": "京葉道路", "direction": "上り", "from": "幕張IC", "to": "花輪IC", "grade": -0.04, "elevation_start": 4.5, "elevation_end": 4.5, "quality": "estimated", "structure": "bridge", "chain_rank": 0, "cum_dist_start": 16000.0, "cum_dist_end": 16050.0, "anomaly": false}, "geometry": {"type": "LineString", "coordinates": [[140.01141126457023, 35.68002131083911], [140.01127747951577, 35.68021835773962], [140.01113609079684, 35.68041187974094]]}}, {"type": "Feature", "properties": {"id": "京葉道路-上り-0-321", "route": "京葉道路", "direction": "上り", "from": "幕張IC", "to": "花輪IC", "grade": -0.04, "elevation_start": 4.5, "elevation_end": 4.5, "quality": "estimated", "structure": "bridge", "chain_rank": 0, "cum_dist_start": 16050.0, "cum_dist_end": 16100.0, "anomaly": false}, "geometry": {"type": "LineString", "coordinates": [[140.01113609079684, 35.68041187974094], [140.01098612359158, 35.680601083317725], [140.01083222283026, 35.68078814823068]]}}, {"type": "Feature", "properties": {"id": "京葉道路-上り-0-322", "route": "京葉道路", "direction": "上り", "from": "幕張IC", "to": "花輪IC", "grade": -0.04, "elevation_start": 4.5, "elevation_end": 4.5, "quality": "estimated", "structure": "bridge", "chain_rank": 0, "cum_dist_start": 16100.0, "cum_dist_end": 16150.0, "anomaly": false}, "geometry": {"type": "LineString", "coordinates": [[140.01083222283026, 35.68078814823068], [140.01067299679195, 35.68097217743472], [140.01050510570406, 35.68115107874994]]}}, {"type": "Feature", "properties": {"id": "京葉道路-上り-0-323", "route": "京葉道路", "direction": "上り", "from": "幕張IC", "to": "花輪IC", "grade": -0.04, "elevation_start": 4.5, "elevation_end": 4.5, "quality": "estimated", "structure": "bridge", "chain_rank": 0, "cum_dist_start": 16150.0, "cum_dist_end": 16200.0, "anomaly": false}, "geometry": {"type": "LineString", "coordinates": [[140.01050510570406, 35.68115107874994], [140.01033106340245, 35.68132593450471], [140.01015241303102, 35.68149775960147]]}}, {"type": "Feature", "properties": {"id": "京葉道路-上り-0-324", "route": "京葉道路", "direction": "上り", "from": "幕張IC", "to": "花輪IC", "grade": -0.04, "elevation_start": 4.5, "elevation_end": 4.4, "quality": "estimated", "structure": "bridge", "chain_rank": 0, "cum_dist_start": 16200.0, "cum_dist_end": 16250.0, "anomaly": false}, "geometry": {"type": "LineString", "coordinates": [[140.01015241303102, 35.68149775960147], [140.009965235045, 35.681663133199564], [140.00976869050982, 35.681821420609715]]}}, {"type": "Feature", "properties": {"id": "京葉道路-上り-0-325", "route": "京葉道路", "direction": "上り", "from": "幕張IC", "to": "花輪IC", "grade": -0.04, "elevation_start": 4.4, "elevation_end": 4.4, "quality": "estimated", "structure": "bridge", "chain_rank": 0, "cum_dist_start": 16250.0, "cum_dist_end": 16300.0, "anomaly": false}, "geometry": {"type": "LineString", "coordinates": [[140.00976869050982, 35.681821420609715], [140.00956805255333, 35.68197622643686], [140.009362943051, 35.68212706452345]]}}, {"type": "Feature", "properties": {"id": "京葉道路-上り-0-326", "route": "京葉道路", "direction": "上り", "from": "幕張IC", "to": "花輪IC", "grade": -0.04, "elevation_start": 4.4, "elevation_end": 4.4, "quality": "estimated", "structure": "bridge", "chain_rank": 0, "cum_dist_start": 16300.0, "cum_dist_end": 16350.0, "anomaly": false}, "geometry": {"type": "LineString", "coordinates": [[140.009362943051, 35.68212706452345], [140.0091512433477, 35.68227158335498], [140.0089312649781, 35.68240780942534]]}}, {"type": "Feature", "properties": {"id": "京葉道路-上り-0-327", "route": "京葉道路", "direction": "上り", "from": "幕張IC", "to": "花輪IC", "grade": -0.04, "elevation_start": 4.4, "elevation_end": 4.4, "quality": "estimated", "structure": "bridge", "chain_rank": 0, "cum_dist_start": 16350.0, "cum_dist_end": 16400.0, "anomaly": false}, "geometry": {"type": "LineString", "coordinates": [[140.0089312649781, 35.68240780942534], [140.00870799432798, 35.682540424613485], [140.00847842086273, 35.682665446748985]]}}, {"type": "Feature", "properties": {"id": "京葉道路-上り-0-328", "route": "京葉道路", "direction": "上り", "from": "幕張IC", "to": "花輪IC", "grade": -0.04, "elevation_start": 4.4, "elevation_end": 4.4, "quality": "estimated", "structure": "bridge", "chain_rank": 0, "cum_dist_start": 16400.0, "cum_dist_end": 16450.0, "anomaly": false}, "geometry": {"type": "LineString", "coordinates": [[140.00847842086273, 35.682665446748985], [140.0082446151596, 35.682785370273116], [140.00800412921595, 35.68289604419189]]}}, {"type": "Feature", "properties": {"id": "京葉道路-上り-0-329", "route": "京葉道路", "direction": "上り", "from": "幕張IC", "to": "花輪IC", "grade": -0.04, "elevation_start": 4.4, "elevation_end": 4.3, "quality": "estimated", "structure": "bridge", "chain_rank": 0, "cum_dist_start": 16450.0, "cum_dist_end": 16500.0, "anomaly": false}, "geometry": {"type": "LineString", "coordinates": [[140.00800412921595, 35.68289604419189], [140.00776224722168, 35.68300478510882], [140.00751778027097, 35.683109584366456]]}}, {"type": "Feature", "properties": {"id": "京葉道路-上り-0-330", "route": "京葉道路", "direction": "上り", "from": "幕張IC", "to": "花輪IC", "grade": -0.04, "elevation_start": 4.3, "elevation_end": 4.3, "quality": "estimated", "structure": "bridge", "chain_rank": 0, "cum_dist_start": 16500.0, "cum_dist_end": 16550.0, "anomaly": false}, "geometry": {"type": "LineString", "coordinates": [[140.00751778027097, 35.683109584366456], [140.00727266087722, 35.683213388749174], [140.00702676116055, 35.683315949782]]}}, {"type": "Feature", "properties": {"id": "京葉道路-上り-0-331", "route": "京葉道路", "direction": "上り", "from": "幕張IC", "to": "花輪IC", "grade": -0.04, "elevation_start": 4.3, "elevation_end": 4.3, "quality": "estimated", "structure": "bridge", "chain_rank": 0, "cum_dist_start": 16550.0, "cum_dist_end": 16600.0, "anomaly": false}, "geometry": {"type": "LineString", "coordinates": [[140.00702676116055, 35.683315949782], [140.00678016883847, 35.68341740723221], [140.00653357651643, 35.68351886468243]]}}, {"type": "Feature", "properties": {"id": "京葉道路-上り-0-332", "route": "京葉道路", "direction": "上り", "from": "幕張IC", "to": "花輪IC", "grade": -0.04, "elevation_start": 4.3, "elevation_end": 4.3, "quality": "estimated", "structure": "bridge", "chain_rank": 0, "cum_dist_start": 16600.0, "cum_dist_end": 16650.0, "anomaly": false}, "geometry": {"type": "LineString", "coordinates": [[140.00653357651643, 35.68351886468243], [140.00628698419436, 35.683620322132654], [140.00604039187232, 35.68372177958287]]}}, {"type": "Feature", "properties": {"id": "京葉道路-上り-0-333", "route": "京葉道路", "direction": "上り", "from": "幕張IC", "to": "花輪IC", "grade": -0.04, "elevation_start": 4.3, "elevation_end": 4.3, "quality": "estimated", "structure": "bridge", "chain_rank": 0, "cum_dist_start": 16650.0, "cum_dist_end": 16700.0, "anomaly": false}, "geometry": {"type": "LineString", "coordinates": [[140.00604039187232, 35.68372177958287], [140.00579399957738, 35.68382356216621], [140.00554764069142, 35.68392539905401]]}}, {"type": "Feature", "properties": {"id": "京葉道路-上り-0-334", "route": "京葉道路", "direction": "上り", "from": "幕張IC", "to": "花輪IC", "grade": -0.04, "elevation_start": 4.3, "elevation_end": 4.3, "quality": "estimated", "structure": "bridge", "chain_rank": 0, "cum_dist_start": 16700.0, "cum_dist_end": 16750.0, "anomaly": false}, "geometry": {"type": "LineString", "coordinates": [[140.00554764069142, 35.68392539905401], [140.00530128180546, 35.684027235941805], [140.0050549229195, 35.684129072829606]]}}, {"type": "Feature", "properties": {"id": "京葉道路-上り-0-335", "route": "京葉道路", "direction": "上り", "from": "幕張IC", "to": "花輪IC", "grade": -0.04, "elevation_start": 4.3, "elevation_end": 4.2, "quality": "estimated", "structure": "bridge", "chain_rank": 0, "cum_dist_start": 16750.0, "cum_dist_end": 16800.0, "anomaly": false}, "geometry": {"type": "LineString", "coordinates": [[140.0050549229195, 35.684129072829606], [140.00480856403354, 35.68423090971741], [140.00456220514758, 35.68433274660521]]}}, {"type": "Feature", "properties": {"id": "京葉道路-上り-0-336", "route": "京葉道路", "direction": "上り", "from": "幕張IC", "to": "花輪IC", "grade": -0.04, "elevation_start": 4.2, "elevation_end": 4.2, "quality": "estimated", "structure": "bridge", "chain_rank": 0, "cum_dist_start": 16800.0, "cum_dist_end": 16850.0, "anomaly": false}, "geometry": {"type": "LineString", "coordinates": [[140.00456220514758, 35.68433274660521], [140.00431577729736, 35.68443447452687], [140.00406934423685, 35.68453619421607]]}}, {"type": "Feature", "properties": {"id": "京葉道路-上り-0-337", "route": "京葉道路", "direction": "上り", "from": "幕張IC", "to": "花輪IC", "grade": -0.04, "elevation_start": 4.2, "elevation_end": 4.2, "quality": "estimated", "structure": "bridge", "chain_rank": 0, "cum_dist_start": 16850.0, "cum_dist_end": 16900.0, "anomaly": false}, "geometry": {"type": "LineString", "coordinates": [[140.00406934423685, 35.68453619421607], [140.00382291117634, 35.68463791390528], [140.0035796482083, 35.684744497515894]]}}, {"type": "Feature", "properties": {"id": "京葉道路-上り-0-338", "route": "京葉道路", "direction": "上り", "from": "幕張IC", "to": "花輪IC", "grade": -0.04, "elevation_start": 4.2, "elevation_end": 4.2, "quality": "estimated", "structure": "bridge", "chain_rank": 0, "cum_dist_start": 16900.0, "cum_dist_end": 16950.0, "anomaly": false}, "geometry": {"type": "LineString", "coordinates": [[140.0035796482083, 35.684744497515894], [140.0033385071517, 35.68485433680774], [140.0030973660951, 35.684964176099584]]}}, {"type": "Feature", "properties": {"id": "京葉道路-上り-0-339", "route": "京葉道路", "direction": "上り", "from": "幕張IC", "to": "花輪IC", "grade": -0.04, "elevation_start": 4.2, "elevation_end": 4.2, "quality": "estimated", "structure": "bridge", "chain_rank": 0, "cum_dist_start": 16950.0, "cum_dist_end": 17000.0, "anomaly": false}, "geometry": {"type": "LineString", "coordinates": [[140.0030973660951, 35.684964176099584], [140.0028567859875, 35.68507482856046], [140.00261666140938, 35.68518614137096]]}}, {"type": "Feature", "properties": {"id": "京葉道路-上り-0-340", "route": "京葉道路", "direction": "上り", "from": "幕張IC", "to": "花輪IC", "grade": -0.04, "elevation_start": 4.2, "elevation_end": 4.1, "quality": "estimated", "structure": "bridge", "chain_rank": 0, "cum_dist_start": 17000.0, "cum_dist_end": 17050.0, "anomaly": false}, "geometry": {"type": "LineString", "coordinates": [[140.00261666140938, 35.68518614137096], [140.0023784792412, 35.685300179972664], [140.0021423930725, 35.685417047584075]]}}, {"type": "Feature", "properties": {"id": "京葉道路-上り-0-341", "route": "京葉道路", "direction": "上り", "from": "幕張IC", "to": "花輪IC", "grade": -0.04, "elevation_start": 4.1, "elevation_end": 4.1, "quality": "estimated", "structure": "bridge", "chain_rank": 0, "cum_dist_start": 17050.0, "cum_dist_end": 17100.0, "anomaly": false}, "geometry": {"type": "LineString", "coordinates": [[140.0021423930725, 35.685417047584075], [140.00191052303362, 35.685539457311584], [140.00167865230964, 35.68566186671702]]}}, {"type": "Feature", "properties": {"id": "京葉道路-上り-0-342", "route": "京葉道路", "direction": "上り", "from": "幕張IC", "to": "花輪IC", "grade": -0.04, "elevation_start": 4.1, "elevation_end": 4.1, "quality": "estimated", "structure": "bridge", "chain_rank": 0, "cum_dist_start": 17100.0, "cum_dist_end": 17150.0, "anomaly": false}, "geometry": {"type": "LineString", "coordinates": [[140.00167865230964, 35.68566186671702], [140.00144678092389, 35.68578427581137], [140.00121490953813, 35.68590668490573]]}}, {"type": "Feature", "properties": {"id": "京葉道路-上り-0-343", "route": "京葉道路", "direction": "上り", "from": "幕張IC", "to": "花輪IC", "grade": -0.04, "elevation_start": 4.1, "elevation_end": 4.1, "quality": "estimated", "structure": "bridge", "chain_rank": 0, "cum_dist_start": 17150.0, "cum_dist_end": 17200.0, "anomaly": false}, "geometry": {"type": "LineString", "coordinates": [[140.00121490953813, 35.68590668490573], [140.00098544392543, 35.68603201149673], [140.00075910866215, 35.68616113428288]]}}, {"type": "Feature", "properties": {"id": "京葉道路-上り-0-344", "route": "京葉道路", "direction": "上り", "from": "花輪IC", "to": "船橋IC", "grade": -0.04, "elevation_start": 4.1, "elevation_end": 4.1, "quality": "estimated", "structure": "bridge", "chain_rank": 0, "cum_dist_start": 17200.0, "cum_dist_end": 17250.0, "anomaly": false}, "geometry": {"type": "LineString", "coordinates": [[140.00075910866215, 35.68616113428288], [140.00053277339885, 35.686290257069025], [140.0003075781722, 35.686420698834056]]}}, {"type": "Feature", "properties": {"id": "京葉道路-上り-0-345", "route": "京葉道路", "direction": "上り", "from": "花輪IC", "to": "船橋IC", "grade": -0.04, "elevation_start": 4.1, "elevation_end": 4.0, "quality": "estimated", "structure": "bridge", "chain_rank": 0, "cum_dist_start": 17250.0, "cum_dist_end": 17300.0, "anomaly": false}, "geometry": {"type": "LineString", "coordinates": [[140.0003075781722, 35.686420698834056], [140.0000826640801, 35.686551465861044], [139.99985774998802, 35.68668223288803]]}}, {"type": "Feature", "properties": {"id": "京葉道路-上り-0-346", "route": "京葉道路", "direction": "上り", "from": "花輪IC", "to": "船橋IC", "grade": -0.04, "elevation_start": 4.0, "elevation_end": 4.0, "quality": "estimated", "structure": "bridge", "chain_rank": 0, "cum_dist_start": 17300.0, "cum_dist_end": 17350.0, "anomaly": false}, "geometry": {"type": "LineString", "coordinates": [[139.99985774998802, 35.68668223288803], [139.9996328358959, 35.68681299991502], [139.99940792180382, 35.686943766942]]}}, {"type": "Feature", "properties": {"id": "京葉道路-上り-0-347", "route": "京葉道路", "direction": "上り", "from": "花輪IC", "to": "船橋IC", "grade": -0.04, "elevation_start": 4.0, "elevation_end": 4.0, "quality": "estimated", "structure": "bridge", "chain_rank": 0, "cum_dist_start": 17350.0, "cum_dist_end": 17400.0, "anomaly": false}, "geometry": {"type": "LineString", "coordinates": [[139.99940792180382, 35.686943766942], [139.99918300771174, 35.68707453396899], [139.9989575262402, 35.687204649190676]]}}, {"type": "Feature", "properties": {"id": "京葉道路-上り-0-348", "route": "京葉道路", "direction": "上り", "from": "花輪IC", "to": "船橋IC", "grade": -0.04, "elevation_start": 4.0, "elevation_end": 4.0, "quality": "estimated", "structure": "bridge", "chain_rank": 0, "cum_dist_start": 17400.0, "cum_dist_end": 17450.0, "anomaly": false}, "geometry": {"type": "LineString", "coordinates": [[139.9989575262402, 35.687204649190676], [139.99873172783768, 35.6873344003222], [139.99850592943517, 35.68746415145372]]}}, {"type": "Feature", "properties": {"id": "京葉道路-上り-0-349", "route": "京葉道路", "direction": "上り", "from": "花輪IC", "to": "船橋IC", "grade": -0.04, "elevation_start": 4.0, "elevation_end": 4.0, "quality": "estimated", "structure": "bridge", "chain_rank": 0, "cum_dist_start": 17450.0, "cum_dist_end": 17500.0, "anomaly": false}, "geometry": {"type": "LineString", "coordinates": [[139.99850592943517, 35.68746415145372], [139.9982801310327, 35.68759390258524], [139.99805433263018, 35.68772365371676]]}}, {"type": "Feature", "properties": {"id": "京葉道路-上り-0-350", "route": "京葉道路", "direction": "上り", "from": "花輪IC", "to": "船橋IC", "grade": -0.04, "elevation_start": 4.0, "elevation_end": 4.0, "quality": "estimated", "structure": "bridge", "chain_rank": 0, "cum_dist_start": 17500.0, "cum_dist_end": 17550.0, "anomaly": false}, "geometry": {"type": "LineString", "coordinates": [[139.99805433263018, 35.68772365371676], [139.99782956473754, 35.687854582626066], [139.99760587849275, 35.68798674775911]]}}, {"type": "Feature", "properties": {"id": "京葉道路-上り-0-351", "route": "京葉道路", "direction": "上り", "from": "花輪IC", "to": "船橋IC", "grade": -0.04, "elevation_start": 4.0, "elevation_end": 3.9, "quality": "estimated", "structure": "bridge", "chain_rank": 0, "cum_dist_start": 17550.0, "cum_dist_end": 17600.0, "anomaly": false}, "geometry": {"type": "LineString", "coordinates": [[139.99760587849275, 35.68798674775911], [139.99737870640323, 35.688114750040434], [139.99714644294144, 35.68823667212324]]}}, {"type": "Feature", "properties": {"id": "京葉道路-上り-0-352", "route": "京葉道路", "direction": "上り", "from": "花輪IC", "to": "船橋IC", "grade": -0.04, "elevation_start": 3.9, "elevation_end": 3.9, "quality": "estimated", "structure": "bridge", "chain_rank": 0, "cum_dist_start": 17600.0, "cum_dist_end": 17650.0, "anomaly": false}, "geometry": {"type": "LineString", "coordinates": [[139.99714644294144, 35.68823667212324], [139.99691202132416, 35.68835577735416], [139.99667589370384, 35.68847265588819]]}}, {"type": "Feature", "properties": {"id": "京葉道路-上り-0-353", "route": "京葉道路", "direction": "上り", "from": "花輪IC", "to": "船橋IC", "grade": -0.04, "elevation_start": 3.9, "elevation_end": 3.9, "quality": "estimated", "structure": "bridge", "chain_rank": 0, "cum_dist_start": 17650.0, "cum_dist_end": 17700.0, "anomaly": false}, "geometry": {"type": "LineString", "coordinates": [[139.99667589370384, 35.68847265588819], [139.99643410353377, 35.688581304590095], [139.99618881365407, 35.68868486688673]]}}, {"type": "Feature", "properties": {"id": "京葉道路-上り-0-354", "route": "京葉道路", "direction": "上り", "from": "花輪IC", "to": "船橋IC", "grade": -0.04, "elevation_start": 3.9, "elevation_end": 3.9, "quality": "estimated", "structure": "bridge", "chain_rank": 0, "cum_dist_start": 17700.0, "cum_dist_end": 17750.0, "anomaly": false}, "geometry": {"type": "LineString", "coordinates": [[139.99618881365407, 35.68868486688673], [139.99594129058323, 35.68878478836079], [139.99569262094082, 35.68888284055297]]}}, {"type": "Feature", "properties": {"id": "京葉道路-上り-0-355", "route": "京葉道路", "direction": "上り", "from": "花輪IC", "to": "船橋IC", "grade": -0.04, "elevation_start": 3.9, "elevation_end": 3.9, "quality": "estimated", "structure": "bridge", "chain_rank": 0, "cum_dist_start": 17750.0, "cum_dist_end": 17800.0, "anomaly": false}, "geometry": {"type": "LineString", "coordinates": [[139.99569262094082, 35.68888284055297], [139.99544034224712, 35.68897453493304], [139.99518782164355, 35.68906580315751]]}}, {"type": "Feature", "properties": {"id": "京葉道路-上り-0-356", "route": "京葉道路", "direction": "上り", "from": "花輪IC", "to": "船橋IC", "grade": -0.04, "elevation_start": 3.9, "elevation_end": 3.8, "quality": "estimated", "structure": "bridge", "chain_rank": 0, "cum_dist_start": 17800.0, "cum_dist_end": 17850.0, "anomaly": false}, "geometry": {"type": "LineString", "coordinates": [[139.99518782164355, 35.68906580315751], [139.99493494416234, 35.68915641113328], [139.99468190383845, 35.689246717838714]]}}, {"type": "Feature", "properties": {"id": "京葉道路-上り-0-357", "route": "京葉道路", "direction": "上り", "from": "花輪IC", "to": "船橋IC", "grade": -0.04, "elevation_start": 3.8, "elevation_end": 3.8, "quality": "estimated", "structure": "bridge", "chain_rank": 0, "cum_dist_start": 17850.0, "cum_dist_end": 17900.0, "anomaly": false}, "geometry": {"type": "LineString", "coordinates": [[139.99468190383845, 35.689246717838714], [139.99442886351457, 35.68933702454415], [139.9941756329986, 35.68942695911146]]}}, {"type": "Feature", "properties": {"id": "京葉道路-上り-0-358", "route": "京葉道路", "direction": "上り", "from": "花輪IC", "to": "船橋IC", "grade": -0.04, "elevation_start": 3.8, "elevation_end": 3.8, "quality": "estimated", "structure": "bridge", "chain_rank": 0, "cum_dist_start": 17900.0, "cum_dist_end": 17950.0, "anomaly": false}, "geometry": {"type": "LineString", "coordinates": [[139.9941756329986, 35.68942695911146], [139.99391888403835, 35.6895100093373], [139.99366213507807, 35.68959305956314]]}}, {"type": "Feature", "properties": {"id": "京葉道路-上り-0-359", "route": "京葉道路", "direction": "上り", "from": "花輪IC", "to": "船橋IC", "grade": -0.04, "elevation_start": 3.8, "elevation_end": 3.8, "quality": "estimated", "structure": "bridge", "chain_rank": 0, "cum_dist_start": 17950.0, "cum_dist_end": 18000.0, "anomaly": false}, "geometry": {"type": "LineString", "coordinates": [[139.99366213507807, 35.68959305956314], [139.993405348969, 35.68967603230999], [139.99314760791012, 35.689757013376976]]}}, {"type": "Feature", "properties": {"id": "京葉道路-上り-0-360", "route": "京葉道路", "direction": "上り", "from": "花輪IC", "to": "船橋IC", "grade": -0.04, "elevation_start": 3.8, "elevation_end": 3.8, "quality": "estimated", "structure": "bridge", "chain_rank": 0, "cum_dist_start": 18000.0, "cum_dist_end": 18050.0, "anomaly": false}, "geometry": {"type": "LineString", "coordinates": [[139.99314760791012, 35.689757013376976], [139.99288986685121, 35.68983799444396], [139.99263212579234, 35.68991897551094]]}}, {"type": "Feature", "properties": {"id": "京葉道路-上り-0-361", "route": "京葉道路", "direction": "上り", "from": "花輪IC", "to": "船橋IC", "grade": -0.04, "elevation_start": 3.8, "elevation_end": 3.8, "quality": "estimated", "structure": "bridge", "chain_rank": 0, "cum_dist_start": 18050.0, "cum_dist_end": 18100.0, "anomaly": false}, "geometry": {"type": "LineString", "coordinates": [[139.99263212579234, 35.68991897551094], [139.99237448910958, 35.69000017805861], [139.9921169672738, 35.69008162430542]]}}, {"type": "Feature", "properties": {"id": "京葉道路-上り-0-362", "route": "京葉道路", "direction": "上り", "from": "花輪IC", "to": "船橋IC", "grade": -0.04, "elevation_start": 3.8, "elevation_end": 3.7, "quality": "estimated", "structure": "bridge", "chain_rank": 0, "cum_dist_start": 18100.0, "cum_dist_end": 18150.0, "anomaly": false}, "geometry": {"type": "LineString", "coordinates": [[139.9921169672738, 35.69008162430542], [139.991859445438, 35.690163070552224], [139.9916019236022, 35.69024451679903]]}}, {"type": "Feature", "properties": {"id": "京葉道路-上り-0-363", "route": "京葉道路", "direction": "上り", "from": "花輪IC", "to": "船橋IC", "grade": -0.04, "elevation_start": 3.7, "elevation_end": 3.7, "quality": "estimated", "structure": "bridge", "chain_rank": 0, "cum_dist_start": 18150.0, "cum_dist_end": 18200.0, "anomaly": false}, "geometry": {"type": "LineString", "coordinates": [[139.9916019236022, 35.69024451679903], [139.99134440176638, 35.69032596304584], [139.99108666170872, 35.690406948993655]]}}, {"type": "Feature", "properties": {"id": "京葉道路-上り-0-364", "route": "京葉道路", "direction": "上り", "from": "花輪IC", "to": "船橋IC", "grade": -0.04, "elevation_start": 3.7, "elevation_end": 3.7, "quality": "estimated", "structure": "bridge", "chain_rank": 0, "cum_dist_start": 18200.0, "cum_dist_end": 18250.0, "anomaly": false}, "geometry": {"type": "LineString", "coordinates": [[139.99108666170872, 35.690406948993655], [139.9908286967499, 35.690487460553705], [139.99057073179105, 35.69056797211375]]}}, {"type": "Feature", "properties": {"id": "京葉道路-上り-0-365", "route": "京葉道路", "direction": "上り", "from": "花輪IC", "to": "船橋IC", "grade": -0.04, "elevation_start": 3.7, "elevation_end": 3.7, "quality": "estimated", "structure": "bridge", "chain_rank": 0, "cum_dist_start": 18250.0, "cum_dist_end": 18300.0, "anomaly": false}, "geometry": {"type": "LineString", "coordinates": [[139.99057073179105, 35.69056797211375], [139.99031276683223, 35.6906484836738], [139.9900548018734, 35.69072899523385]]}}, {"type": "Feature", "properties": {"id": "京葉道路-上り-0-366", "route": "京葉道路", "direction": "上り", "from": "花輪IC", "to": "船橋IC", "grade": -0.04, "elevation_start": 3.7, "elevation_end": 3.7, "quality": "estimated", "structure": "bridge", "chain_rank": 0, "cum_dist_start": 18300.0, "cum_dist_end": 18350.0, "anomaly": false}, "geometry": {"type": "LineString", "coordinates": [[139.9900548018734, 35.69072899523385], [139.9897968369146, 35.69080950679389], [139.98953887195574, 35.69089001835394]]}}, {"type": "Feature", "properties": {"id": "京葉道路-上り-0-367", "route": "京葉道路", "direction": "上り", "from": "花輪IC", "to": "船橋IC", "grade": -0.04, "elevation_start": 3.7, "elevation_end": 3.6, "quality": "estimated", "structure": "bridge", "chain_rank": 0, "cum_dist_start": 18350.0, "cum_dist_end": 18400.0, "anomaly": false}, "geometry": {"type": "LineString", "coordinates": [[139.98953887195574, 35.69089001835394], [139.98928090699692, 35.69097052991398], [139.9890229420381, 35.69105104147403]]}}, {"type": "Feature", "properties": {"id": "京葉道路-上り-0-368", "route": "京葉道路", "direction": "上り", "from": "花輪IC", "to": "船橋IC", "grade": -0.04, "elevation_start": 3.6, "elevation_end": 3.6, "quality": "estimated", "structure": "bridge", "chain_rank": 0, "cum_dist_start": 18400.0, "cum_dist_end": 18450.0, "anomaly": false}, "geometry": {"type": "LineString", "coordinates": [[139.9890229420381, 35.69105104147403], [139.98876497633273, 35.69113155193696], [139.9885070040018, 35.691212052662934]]}}, {"type": "Feature", "properties": {"id": "京葉道路-上り-0-369", "route": "京葉道路", "direction": "上り", "from": "花輪IC", "to": "船橋IC", "grade": -0.04, "elevation_start": 3.6, "elevation_end": 3.6, "quality": "estimated", "structure": "bridge", "chain_rank": 0, "cum_dist_start": 18450.0, "cum_dist_end": 18500.0, "anomaly": false}, "geometry": {"type": "LineString", "coordinates": [[139.9885070040018, 35.691212052662934], [139.98824903167088, 35.69129255338891], [139.98799105933995, 35.691373054114884]]}}, {"type": "Feature", "properties": {"id": "京葉道路-上り-0-370", "route": "京葉道路", "direction": "上り", "from": "花輪IC", "to": "船橋IC", "grade": -0.04, "elevation_start": 3.6, "elevation_end": 3.6, "quality": "estimated", "structure": "bridge", "chain_rank": 0, "cum_dist_start": 18500.0, "cum_dist_end": 18550.0, "anomaly": false}, "geometry": {"type": "LineString", "coordinates": [[139.98799105933995, 35.691373054114884], [139.98773308700902, 35.69145355484086], [139.9874751146781, 35.691534055566834]]}}, {"type": "Feature", "properties": {"id": "京葉道路-上り-0-371", "route": "京葉道路", "direction": "上り", "from": "花輪IC", "to": "船橋IC", "grade": -0.04, "elevation_start": 3.6, "elevation_end": 3.6, "quality": "estimated", "structure": "bridge", "chain_rank": 0, "cum_dist_start": 18550.0, "cum_dist_end": 18600.0, "anomaly": false}, "geometry": {"type": "LineString", "coordinates": [[139.9874751146781, 35.691534055566834], [139.98721714234716, 35.69161455629281], [139.98695917001623, 35.691695057018784]]}}, {"type": "Feature", "properties": {"id": "京葉道路-上り-0-372", "route": "京葉道路", "direction": "上り", "from": "花輪IC", "to": "船橋IC", "grade": -0.04, "elevation_start": 3.6, "elevation_end": 3.6, "quality": "estimated", "structure": "bridge", "chain_rank": 0, "cum_dist_start": 18600.0, "cum_dist_end": 18650.0, "anomaly": false}, "geometry": {"type": "LineString", "coordinates": [[139.98695917001623, 35.691695057018784], [139.98670119768528, 35.691775557744755], [139.9864415970834, 35.69185247128271]]}}, {"type": "Feature", "properties": {"id": "京葉道路-上り-0-373", "route": "京葉道路", "direction": "上り", "from": "花輪IC", "to": "船橋IC", "grade": -0.04, "elevation_start": 3.6, "elevation_end": 3.5, "quality": "estimated", "structure": "bridge", "chain_rank": 0, "cum_dist_start": 18650.0, "cum_dist_end": 18700.0, "anomaly": false}, "geometry": {"type": "LineString", "coordinates": [[139.9864415970834, 35.69185247128271], [139.98618152948075, 35.69192835598728], [139.98591980614137, 35.69200016732398]]}}, {"type": "Feature", "properties": {"id": "京葉道路-上り-0-374", "route": "京葉道路", "direction": "上り", "from": "花輪IC", "to": "船橋IC", "grade": -0.04, "elevation_start": 3.5, "elevation_end": 3.5, "quality": "estimated", "structure": "bridge", "chain_rank": 0, "cum_dist_start": 18700.0, "cum_dist_end": 18750.0, "anomaly": false}, "geometry": {"type": "LineString", "coordinates": [[139.98591980614137, 35.69200016732398], [139.98565567770214, 35.69206606174395], [139.9853915492629, 35.69213195616393]]}}, {"type": "Feature", "properties": {"id": "京葉道路-上り-0-375", "route": "京葉道路", "direction": "上り", "from": "花輪IC", "to": "船橋IC", "grade": -0.04, "elevation_start": 3.5, "elevation_end": 3.5, "quality": "estimated", "structure": "bridge", "chain_rank": 0, "cum_dist_start": 18750.0, "cum_dist_end": 18800.0, "anomaly": false}, "geometry": {"type": "LineString", "coordinates": [[139.9853915492629, 35.69213195616393], [139.98512409922034, 35.69218809228214], [139.98485599587502, 35.69224222583311]]}}, {"type": "Feature", "properties": {"id": "京葉道路-上り-0-376", "route": "京葉道路", "direction": "上り", "from": "花輪IC", "to": "船橋IC", "grade": -0.04, "elevation_start": 3.5, "elevation_end": 3.5, "quality": "estimated", "structure": "bridge", "chain_rank": 0, "cum_dist_start": 18800.0, "cum_dist_end": 18850.0, "anomaly": false}, "geometry": {"type": "LineString", "coordinates": [[139.98485599587502, 35.69224222583311], [139.9845857509568, 35.692288779187145], [139.98431545033347, 35.692335087238135]]}}, {"type": "Feature", "properties": {"id": "京葉道路-上り-0-377", "route": "京葉道路", "direction": "上り", "from": "花輪IC", "to": "船橋IC", "grade": -0.04, "elevation_start": 3.5, "elevation_end": 3.5, "quality": "estimated", "structure": "bridge", "chain_rank": 0, "cum_dist_start": 18850.0, "cum_dist_end": 18900.0, "anomaly": false}, "geometry": {"type": "LineString", "coordinates": [[139.98431545033347, 35.692335087238135], [139.9840426938851, 35.69237058081092], [139.98376993743673, 35.69240607438371]]}}, {"type": "Feature", "properties": {"id": "京葉道路-上り-0-378", "route": "京葉道路", "direction": "上り", "from": "花輪IC", "to": "船橋IC", "grade": -0.04, "elevation_start": 3.5, "elevation_end": 3.4, "quality": "estimated", "structure": "bridge", "chain_rank": 0, "cum_dist_start": 18900.0, "cum_dist_end": 18950.0, "anomaly": false}, "geometry": {"type": "LineString", "coordinates": [[139.98376993743673, 35.69240607438371], [139.98349718098834, 35.69244156795649], [139.9832242567852, 35.69247612645749]]}}, {"type": "Feature", "properties": {"id": "京葉道路-上り-0-379", "route": "京葉道路", "direction": "上り", "from": "花輪IC", "to": "船橋IC", "grade": -0.04, "elevation_start": 3.4, "elevation_end": 3.4, "quality": "estimated", "structure": "bridge", "chain_rank": 0, "cum_dist_start": 18950.0, "cum_dist_end": 19000.0, "anomaly": false}, "geometry": {"type": "LineString", "coordinates": [[139.9832242567852, 35.69247612645749], [139.98295046689327, 35.692505859573835], [139.98267667700134, 35.69253559269018]]}}, {"type": "Feature", "properties": {"id": "京葉道路-上り-0-380", "route": "京葉道路", "direction": "上り", "from": "花輪IC", "to": "船橋IC", "grade": -0.04, "elevation_start": 3.4, "elevation_end": 3.4, "quality": "estimated", "structure": "bridge", "chain_rank": 0, "cum_dist_start": 19000.0, "cum_dist_end": 19050.0, "anomaly": false}, "geometry": {"type": "LineString", "coordinates": [[139.98267667700134, 35.69253559269018], [139.9824028871094, 35.69256532580652], [139.9821329659024, 35.69261273998678]]}}, {"type": "Feature", "properties": {"id": "京葉道路-上り-0-381", "route": "京葉道路", "direction": "上り", "from": "花輪IC", "to": "船橋IC", "grade": -0.04, "elevation_start": 3.4, "elevation_end": 3.4, "quality": "estimated", "structure": "bridge", "chain_rank": 0, "cum_dist_start": 19050.0, "cum_dist_end": 19100.0, "anomaly": false}, "geometry": {"type": "LineString", "coordinates": [[139.9821329659024, 35.69261273998678], [139.98186414259092, 35.692664337104], [139.9815972857352, 35.692722463734725]]}}, {"type": "Feature", "properties": {"id": "京葉道路-上り-0-382", "route": "京葉道路", "direction": "上り", "from": "花輪IC", "to": "船橋IC", "grade": -0.04, "elevation_start": 3.4, "elevation_end": 3.4, "quality": "estimated", "structure": "bridge", "chain_rank": 0, "cum_dist_start": 19100.0, "cum_dist_end": 19150.0, "anomaly": false}, "geometry": {"type": "LineString", "coordinates": [[139.9815972857352, 35.692722463734725], [139.98133168939563, 35.692784241780146], [139.98106687402245, 35.69284828209915]]}}, {"type": "Feature", "properties": {"id": "京葉道路-上り-0-383", "route": "京葉道路", "direction": "上り", "from": "花輪IC", "to": "船橋IC", "grade": -0.04, "elevation_start": 3.4, "elevation_end": 3.4, "quality": "estimated", "structure": "bridge", "chain_rank": 0, "cum_dist_start": 19150.0, "cum_dist_end": 19200.0, "anomaly": false}, "geometry": {"type": "LineString", "coordinates": [[139.98106687402245, 35.69284828209915], [139.9808023022931, 35.69291296645933], [139.98053931774163, 35.69298184632062]]}}, {"type": "Feature", "properties": {"id": "京葉道路-上り-0-384", "route": "京葉道路", "direction": "上り", "from": "花輪IC", "to": "船橋IC", "grade": -0.04, "elevation_start": 3.4, "elevation_end": 3.3, "quality": "estimated", "structure": "bridge", "chain_rank": 0, "cum_dist_start": 19200.0, "cum_dist_end": 19250.0, "anomaly": false}, "geometry": {"type": "LineString", "coordinates": [[139.98053931774163, 35.69298184632062], [139.98027633319018, 35.6930507261819], [139.98001334863872, 35.69311960604318]]}}, {"type": "Feature", "properties": {"id": "京葉道路-上り-0-385", "route": "京葉道路", "direction": "上り", "from": "花輪IC", "to": "船橋IC", "grade": -0.04, "elevation_start": 3.3, "elevation_end": 3.3, "quality": "estimated", "structure": "bridge", "chain_rank": 0, "cum_dist_start": 19250.0, "cum_dist_end": 19300.0, "anomaly": false}, "geometry": {"type": "LineString", "coordinates": [[139.98001334863872, 35.69311960604318], [139.97974931328562, 35.69318575196694], [139.97948517410347, 35.69325162775197]]}}, {"type": "Feature", "properties": {"id": "京葉道路-上り-0-386", "route": "京葉道路", "direction": "上り", "from": "花輪IC", "to": "船橋IC", "grade": -0.04, "elevation_start": 3.3, "elevation_end": 3.3, "quality": "estimated", "structure": "bridge", "chain_rank": 0, "cum_dist_start": 19300.0, "cum_dist_end": 19350.0, "anomaly": false}, "geometry": {"type": "LineString", "coordinates": [[139.97948517410347, 35.69325162775197], [139.97922203830203, 35.69332010221692], [139.97895931439794, 35.69338964346481]]}}, {"type": "Feature", "properties": {"id": "京葉道路-上り-0-387", "route": "京葉道路", "direction": "上り", "from": "花輪IC", "to": "船橋IC", "grade": -0.04, "elevation_start": 3.3, "elevation_end": 3.3, "quality": "estimated", "structure": "bridge", "chain_rank": 0, "cum_dist_start": 19350.0, "cum_dist_end": 19400.0, "anomaly": false}, "geometry": {"type": "LineString", "coordinates": [[139.97895931439794, 35.69338964346481], [139.97870157136498, 35.69347058193718], [139.9784441775759, 35.6935523195491]]}}, {"type": "Feature", "properties": {"id": "京葉道路-上り-0-388", "route": "京葉道路", "direction": "上り", "from": "花輪IC", "to": "船橋IC", "grade": -0.04, "elevation_start": 3.3, "elevation_end": 3.3, "quality": "estimated", "structure": "bridge", "chain_rank": 0, "cum_dist_start": 19400.0, "cum_dist_end": 19450.0, "anomaly": false}, "geometry": {"type": "LineString", "coordinates": [[139.9784441775759, 35.6935523195491], [139.97818783674322, 35.69363615866157], [139.97793396201104, 35.69372491964125]]}}, {"type": "Feature", "properties": {"id": "京葉道路-上り-0-389", "route": "京葉道路", "direction": "上り", "from": "花輪IC", "to": "船橋IC", "grade": -0.04, "elevation_start": 3.3, "elevation_end": 3.2, "quality": "estimated", "structure": "bridge", "chain_rank": 0, "cum_dist_start": 19450.0, "cum_dist_end": 19500.0, "anomaly": false}, "geometry": {"type": "LineString", "coordinates": [[139.97793396201104, 35.69372491964125], [139.97768604216503, 35.6938241620565], [139.97744205694477, 35.69392958546097]]}}, {"type": "Feature", "properties": {"id": "京葉道路-上り-0-390", "route": "京葉道路", "direction": "上り", "from": "花輪IC", "to": "船橋IC", "grade": -0.04, "elevation_start": 3.2, "elevation_end": 3.2, "quality": "estimated", "structure": "bridge", "chain_rank": 0, "cum_dist_start": 19500.0, "cum_dist_end": 19550.0, "anomaly": false}, "geometry": {"type": "LineString", "coordinates": [[139.97744205694477, 35.69392958546097], [139.97720247333888, 35.694041708930506], [139.97696949363552, 35.69416272539663]]}}, {"type": "Feature", "properties": {"id": "京葉道路-上り-0-391", "route": "京葉道路", "direction": "上り", "from": "花輪IC", "to": "船橋IC", "grade": -0.04, "elevation_start": 3.2, "elevation_end": 3.2, "quality": "estimated", "structure": "bridge", "chain_rank": 0, "cum_dist_start": 19550.0, "cum_dist_end": 19600.0, "anomaly": false}, "geometry": {"type": "LineString", "coordinates": [[139.97696949363552, 35.69416272539663], [139.9767385042207, 35.69428620360962], [139.97651175755954, 35.69441487217248]]}}, {"type": "Feature", "properties": {"id": "京葉道路-上り-0-392", "route": "京葉道路", "direction": "上り", "from": "花輪IC", "to": "船橋IC", "grade": -0.04, "elevation_start": 3.2, "elevation_end": 3.2, "quality": "estimated", "structure": "bridge", "chain_rank": 0, "cum_dist_start": 19600.0, "cum_dist_end": 19650.0, "anomaly": false}, "geometry": {"type": "LineString", "coordinates": [[139.97651175755954, 35.69441487217248], [139.97629026867116, 35.6945493668176], [139.97607231462243, 35.69468777838106]]}}, {"type": "Feature", "properties": {"id": "京葉道路-上り-0-393", "route": "京葉道路", "direction": "上り", "from": "花輪IC", "to": "船橋IC", "grade": -0.04, "elevation_start": 3.2, "elevation_end": 3.2, "quality": "estimated", "structure": "bridge", "chain_rank": 0, "cum_dist_start": 19650.0, "cum_dist_end": 19700.0, "anomaly": false}, "geometry": {"type": "LineString", "coordinates": [[139.97607231462243, 35.69468777838106], [139.97585828907845, 35.694830122267476], [139.97564813745356, 35.694976343838114]]}}, {"type": "Feature", "properties": {"id": "京葉道路-上り-0-394", "route": "京葉道路", "direction": "上り", "from": "花輪IC", "to": "船橋IC", "grade": -0.04, "elevation_start": 3.2, "elevation_end": 3.1, "quality": "estimated", "structure": "bridge", "chain_rank": 0, "cum_dist_start": 19700.0, "cum_dist_end": 19750.0, "anomaly": false}, "geometry": {"type": "LineString", "coordinates": [[139.97564813745356, 35.694976343838114], [139.97543956683526, 35.6951240287511], [139.97523537870404, 35.69527576999049]]}}, {"type": "Feature", "properties": {"id": "京葉道路-上り-0-395", "route": "京葉道路", "direction": "上り", "from": "花輪IC", "to": "船橋IC", "grade": -0.04, "elevation_start": 3.1, "elevation_end": 3.1, "quality": "estimated", "structure": "bridge", "chain_rank": 0, "cum_dist_start": 19750.0, "cum_dist_end": 19800.0, "anomaly": false}, "geometry": {"type": "LineString", "coordinates": [[139.97523537870404, 35.69527576999049], [139.97503119057285, 35.69542751122988], [139.97482700244166, 35.69557925246927]]}}, {"type": "Feature", "properties": {"id": "京葉道路-上り-0-396", "route": "京葉道路", "direction": "上り", "from": "花輪IC", "to": "船橋IC", "grade": -0.04, "elevation_start": 3.1, "elevation_end": 3.1, "quality": "estimated", "structure": "bridge", "chain_rank": 0, "cum_dist_start": 19800.0, "cum_dist_end": 19850.0, "anomaly": false}, "geometry": {"type": "LineString", "coordinates": [[139.97482700244166, 35.69557925246927], [139.97462281431044, 35.69573099370866], [139.97441862617924, 35.69588273494805]]}}, {"type": "Feature", "properties": {"id": "京葉道路-上り-0-397", "route": "京葉道路", "direction": "上り", "from": "花輪IC", "to": "船橋IC", "grade": -0.04, "elevation_start": 3.1, "elevation_end": 3.1, "quality": "estimated", "structure": "bridge", "chain_rank": 0, "cum_dist_start": 19850.0, "cum_dist_end": 19900.0, "anomaly": false}, "geometry": {"type": "LineString", "coordinates": [[139.97441862617924, 35.69588273494805], [139.97421380796442, 35.69603390912798], [139.97400839526432, 35.69618454828609]]}}, {"type": "Feature", "properties": {"id": "京葉道路-上り-0-398", "route": "京葉道路", "direction": "上り", "from": "花輪IC", "to": "船橋IC", "grade": -0.04, "elevation_start": 3.1, "elevation_end": 3.1, "quality": "estimated", "structure": "bridge", "chain_rank": 0, "cum_dist_start": 19900.0, "cum_dist_end": 19950.0, "anomaly": false}, "geometry": {"type": "LineString", "coordinates": [[139.97400839526432, 35.69618454828609], [139.97380298256425, 35.6963351874442], [139.97359756986415, 35.696485826602306]]}}, {"type": "Feature", "properties": {"id": "京葉道路-上り-0-399", "route": "京葉道路", "direction": "上り", "from": "花輪IC", "to": "船橋IC", "grade": -0.04, "elevation_start": 3.1, "elevation_end": 3.1, "quality": "estimated", "structure": "bridge", "chain_rank": 0, "cum_dist_start": 19950.0, "cum_dist_end": 20000.0, "anomaly": false}, "geometry": {"type": "LineString", "coordinates": [[139.97359756986415, 35.696485826602306], [139.9733922108669, 35.696636514787194], [139.97318696647272, 35.696787307596324]]}}, {"type": "Feature", "properties": {"id": "京葉道路-上り-0-400", "route": "京葉道路", "direction": "上り", "from": "花輪IC", "to": "船橋IC", "grade": -0.04, "elevation_start": 3.1, "elevation_end": 3.0, "quality": "estimated", "structure": "bridge", "chain_rank": 0, "cum_dist_start": 20000.0, "cum_dist_end": 20050.0, "anomaly": false}, "geometry": {"type": "LineString", "coordinates": [[139.97318696647272, 35.696787307596324], [139.97298172532297, 35.69693810350165], [139.97277649968987, 35.69708891390317]]}}, {"type": "Feature", "properties": {"id": "京葉道路-上り-0-401", "route": "京葉道路", "direction": "上り", "from": "花輪IC", "to": "船橋IC", "grade": -0.04, "elevation_start": 3.0, "elevation_end": 3.0, "quality": "estimated", "structure": "bridge", "chain_rank": 0, "cum_dist_start": 20050.0, "cum_dist_end": 20100.0, "anomaly": false}, "geometry": {"type": "LineString", "coordinates": [[139.97277649968987, 35.69708891390317], [139.97256681294053, 35.69723551957497], [139.9723543874418, 35.69737954430256]]}}, {"type": "Feature", "properties": {"id": "京葉道路-上り-0-402", "route": "京葉道路", "direction": "上り", "from": "花輪IC", "to": "船橋IC", "grade": -0.04, "elevation_start": 3.0, "elevation_end": 3.0, "quality": "estimated", "structure": "bridge", "chain_rank": 0, "cum_dist_start": 20100.0, "cum_dist_end": 20150.0, "anomaly": false}, "geometry": {"type": "LineString", "coordinates": [[139.9723543874418, 35.69737954430256], [139.97214211293885, 35.697523716179056], [139.97192930318542, 35.69766731949036]]}}, {"type": "Feature", "properties": {"id": "京葉道路-上り-0-403", "route": "京葉道路", "direction": "上り", "from": "花輪IC", "to": "船橋IC", "grade": -0.04, "elevation_start": 3.0, "elevation_end": 3.0, "quality": "estimated", "structure": "bridge", "chain_rank": 0, "cum_dist_start": 20150.0, "cum_dist_end": 20200.0, "anomaly": false}, "geometry": {"type": "LineString", "coordinates": [[139.97192930318542, 35.69766731949036], [139.97170814570208, 35.69780219639331], [139.97147730926724, 35.697925811090826]]}}, {"type": "Feature", "properties": {"id": "京葉道路-上り-0-404", "route": "京葉道路", "direction": "上り", "from": "花輪IC", "to": "船橋IC", "grade": -0.04, "elevation_start": 3.0, "elevation_end": 3.0, "quality": "estimated", "structure": "bridge", "chain_rank": 0, "cum_dist_start": 20200.0, "cum_dist_end": 20250.0, "anomaly": false}, "geometry": {"type": "LineString", "coordinates": [[139.97147730926724, 35.697925811090826], [139.97124324316513, 35.69804545303203], [139.97100735418056, 35.698162599680735]]}}, {"type": "Feature", "properties": {"id": "京葉道路-上り-0-405", "route": "京葉道路", "direction": "上り", "from": "花輪IC", "to": "船橋IC", "grade": -0.04, "elevation_start": 3.0, "elevation_end": 2.9, "quality": "estimated", "structure": "normal", "chain_rank": 0, "cum_dist_start": 20250.0, "cum_dist_end": 20300.0, "anomaly": false}, "geometry": {"type": "LineString", "coordinates": [[139.97100735418056, 35.698162599680735], [139.97076611951402, 35.698272360705296], [139.97051986802225, 35.69837439320525]]}}, {"type": "Feature", "properties": {"id": "京葉道路-上り-0-406", "route": "京葉道路", "direction": "上り", "from": "花輪IC", "to": "船橋IC", "grade": -0.04, "elevation_start": 2.9, "elevation_end": 2.9, "quality": "estimated", "structure": "normal", "chain_rank": 0, "cum_dist_start": 20300.0, "cum_dist_end": 20350.0, "anomaly": false}, "geometry": {"type": "LineString", "coordinates": [[139.97051986802225, 35.69837439320525], [139.97026928169072, 35.69846904280405], [139.97001655526608, 35.69855998563224]]}}, {"type": "Feature", "properties": {"id": "京葉道路-上り-0-407", "route": "京葉道路", "direction": "上り", "from": "花輪IC", "to": "船橋IC", "grade": -0.58, "elevation_start": 2.9, "elevation_end": 2.6, "quality": "estimated", "structure": "normal", "chain_rank": 0, "cum_dist_start": 20350.0, "cum_dist_end": 20400.0, "anomaly": false}, "geometry": {"type": "LineString", "coordinates": [[139.97001655526608, 35.69855998563224], [139.96976124471183, 35.69864599337521], [139.96950178807995, 35.698723112452264]]}}, {"type": "Feature", "properties": {"id": "京葉道路-上り-0-408", "route": "京葉道路", "direction": "上り", "from": "花輪IC", "to": "船橋IC", "grade": -0.9, "elevation_start": 2.6, "elevation_end": 2.2, "quality": "measured", "structure": "normal", "chain_rank": 0, "cum_dist_start": 20400.0, "cum_dist_end": 20450.0, "anomaly": false}, "geometry": {"type": "LineString", "coordinates": [[139.96950178807995, 35.698723112452264], [139.96923908540555, 35.69879259277045], [139.96897417238154, 35.698856383181365]]}}, {"type": "Feature", "properties": {"id": "京葉道路-上り-0-409", "route": "京葉道路", "direction": "上り", "from": "花輪IC", "to": "船橋IC", "grade": -0.65, "elevation_start": 2.2, "elevation_end": 1.9, "quality": "measured", "structure": "normal", "chain_rank": 0, "cum_dist_start": 20450.0, "cum_dist_end": 20500.0, "anomaly": false}, "geometry": {"type": "LineString", "coordinates": [[139.96897417238154, 35.698856383181365], [139.96870822035297, 35.6989172666627], [139.96843992096103, 35.69897057560865]]}}, {"type": "Feature", "properties": {"id": "京葉道路-上り-0-410", "route": "京葉道路", "direction": "上り", "from": "花輪IC", "to": "船橋IC", "grade": -0.25, "elevation_start": 1.9, "elevation_end": 1.7, "quality": "measured", "structure": "normal", "chain_rank": 0, "cum_dist_start": 20500.0, "cum_dist_end": 20550.0, "anomaly": false}, "geometry": {"type": "LineString", "coordinates": [[139.96843992096103, 35.69897057560865], [139.96817044451456, 35.69902008640328], [139.96789930577162, 35.69906192981217]]}}, {"type": "Feature", "properties": {"id": "京葉道路-上り-0-411", "route": "京葉道路", "direction": "上り", "from": "花輪IC", "to": "船橋IC", "grade": -0.22, "elevation_start": 1.7, "elevation_end": 1.6, "quality": "measured", "structure": "normal", "chain_rank": 0, "cum_dist_start": 20550.0, "cum_dist_end": 20600.0, "anomaly": false}, "geometry": {"type": "LineString", "coordinates": [[139.96789930577162, 35.69906192981217], [139.96762880127773, 35.699106385677624], [139.96735975098196, 35.69915741695344]]}}, {"type": "Feature", "properties": {"id": "京葉道路-上り-0-412", "route": "京葉道路", "direction": "上り", "from": "花輪IC", "to": "船橋IC", "grade": 0.0, "elevation_start": 1.6, "elevation_end": 1.6, "quality": "measured", "structure": "normal", "chain_rank": 0, "cum_dist_start": 20600.0, "cum_dist_end": 20650.0, "anomaly": false}, "geometry": {"type": "LineString", "coordinates": [[139.96735975098196, 35.69915741695344], [139.96709070183255, 35.6992084522731], [139.96682171323187, 35.699259701178015]]}}, {"type": "Feature", "properties": {"id": "京葉道路-上り-0-413", "route": "京葉道路", "direction": "上り", "from": "花輪IC", "to": "船橋IC", "grade": -0.16, "elevation_start": 1.6, "elevation_end": 1.6, "quality": "measured", "structure": "normal", "chain_rank": 0, "cum_dist_start": 20650.0, "cum_dist_end": 20700.0, "anomaly": false}, "geometry": {"type": "LineString", "coordinates": [[139.96682171323187, 35.699259701178015], [139.96655272463119, 35.69931095008294], [139.96628383442996, 35.69936252926898]]}}, {"type": "Feature", "properties": {"id": "京葉道路-上り-0-414", "route": "京葉道路", "direction": "上り", "from": "花輪IC", "to": "船橋IC", "grade": -0.09, "elevation_start": 1.6, "elevation_end": 1.5, "quality": "measured", "structure": "normal", "chain_rank": 0, "cum_dist_start": 20700.0, "cum_dist_end": 20750.0, "anomaly": false}, "geometry": {"type": "LineString", "coordinates": [[139.96628383442996, 35.69936252926898], [139.96601656179985, 35.69941942854012], [139.96574953926978, 35.69947711588162]]}}, {"type": "Feature", "properties": {"id": "京葉道路-上り-0-415", "route": "京葉道路", "direction": "上り", "from": "花輪IC", "to": "船橋IC", "grade": -0.07, "elevation_start": 1.5, "elevation_end": 1.5, "quality": "measured", "structure": "normal", "chain_rank": 0, "cum_dist_start": 20750.0, "cum_dist_end": 20800.0, "anomaly": false}, "geometry": {"type": "LineString", "coordinates": [[139.96574953926978, 35.69947711588162], [139.96548245637965, 35.69953461805126], [139.96521537348954, 35.6995921202209]]}}, {"type": "Feature", "properties": {"id": "京葉道路-上り-0-416", "route": "京葉道路", "direction": "上り", "from": "花輪IC", "to": "船橋IC", "grade": -0.11, "elevation_start": 1.5, "elevation_end": 1.4, "quality": "measured", "structure": "normal", "chain_rank": 0, "cum_dist_start": 20800.0, "cum_dist_end": 20850.0, "anomaly": false}, "geometry": {"type": "LineString", "coordinates": [[139.96521537348954, 35.6995921202209], [139.96494926966142, 35.699652414821664], [139.96468531056277, 35.69971882651125]]}}, {"type": "Feature", "properties": {"id": "京葉道路-上り-0-417", "route": "京葉道路", "direction": "上り", "from": "船橋IC", "to": "原木", "grade": -0.15, "elevation_start": 1.4, "elevation_end": 1.3, "quality": "measured", "structure": "normal", "chain_rank": 0, "cum_dist_start": 20850.0, "cum_dist_end": 20900.0, "anomaly": false}, "geometry": {"type": "LineString", "coordinates": [[139.96468531056277, 35.69971882651125], [139.96442135146413, 35.69978523820084], [139.96415739236548, 35.69985164989042]]}}, {"type": "Feature", "properties": {"id": "京葉道路-上り-0-418", "route": "京葉道路", "direction": "上り", "from": "船橋IC", "to": "原木", "grade": -0.09, "elevation_start": 1.3, "elevation_end": 1.3, "quality": "measured", "structure": "normal", "chain_rank": 0, "cum_dist_start": 20900.0, "cum_dist_end": 20950.0, "anomaly": false}, "geometry": {"type": "LineString", "coordinates": [[139.96415739236548, 35.69985164989042], [139.96389343326683, 35.69991806158001], [139.9636315959259, 35.69998976971977]]}}, {"type": "Feature", "properties": {"id": "京葉道路-上り-0-419", "route": "京葉道路", "direction": "上り", "from": "船橋IC", "to": "原木", "grade": -0.21, "elevation_start": 1.3, "elevation_end": 1.2, "quality": "measured", "structure": "normal", "chain_rank": 0, "cum_dist_start": 20950.0, "cum_dist_end": 21000.0, "anomaly": false}, "geometry": {"type": "LineString", "coordinates": [[139.9636315959259, 35.69998976971977], [139.9633714709378, 35.70006558558487], [139.96311134594973, 35.70014140144998]]}}, {"type": "Feature", "properties": {"id": "京葉道路-上り-0-420", "route": "京葉道路", "direction": "上り", "from": "船橋IC", "to": "原木", "grade": -0.1, "elevation_start": 1.2, "elevation_end": 1.1, "quality": "measured", "structure": "normal", "chain_rank": 0, "cum_dist_start": 21000.0, "cum_dist_end": 21050.0, "anomaly": false}, "geometry": {"type": "LineString", "coordinates": [[139.96311134594973, 35.70014140144998], [139.96285122096162, 35.700217217315085], [139.96259109597352, 35.70029303318019]]}}, {"type": "Feature", "properties": {"id": "京葉道路-上り-0-421", "route": "京葉道路", "direction": "上り", "from": "船橋IC", "to": "原木", "grade": 0.0, "elevation_start": 1.1, "elevation_end": 1.1, "quality": "measured", "structure": "normal", "chain_rank": 0, "cum_dist_start": 21050.0, "cum_dist_end": 21100.0, "anomaly": false}, "geometry": {"type": "LineString", "coordinates": [[139.96259109597352, 35.70029303318019], [139.96233097098542, 35.70036884904529], [139.96207084599732, 35.7004446649104]]}}, {"type": "Feature", "properties": {"id": "京葉道路-上り-0-422", "route": "京葉道路", "direction": "上り", "from": "船橋IC", "to": "原木", "grade": 0.09, "elevation_start": 1.1, "elevation_end": 1.2, "quality": "measured", "structure": "normal", "chain_rank": 0, "cum_dist_start": 21100.0, "cum_dist_end": 21150.0, "anomaly": false}, "geometry": {"type": "LineString", "coordinates": [[139.96207084599732, 35.7004446649104], [139.96181072100924, 35.7005204807755], [139.96155059940233, 35.70059630432909]]}}, {"type": "Feature", "properties": {"id": "京葉道路-上り-0-423", "route": "京葉道路", "direction": "上り", "from": "船橋IC", "to": "原木", "grade": 0.03, "elevation_start": 1.2, "elevation_end": 1.2, "quality": "measured", "structure": "normal", "chain_rank": 0, "cum_dist_start": 21150.0, "cum_dist_end": 21200.0, "anomaly": false}, "geometry": {"type": "LineString", "coordinates": [[139.96155059940233, 35.70059630432909], [139.96129099057686, 35.70067329389773], [139.9610313817514, 35.70075028346637]]}}, {"type": "Feature", "properties": {"id": "京葉道路-上り-0-424", "route": "京葉道路", "direction": "上り", "from": "船橋IC", "to": "原木", "grade": 0.0, "elevation_start": 1.2, "elevation_end": 1.2, "quality": "measured", "structure": "normal", "chain_rank": 0, "cum_dist_start": 21200.0, "cum_dist_end": 21250.0, "anomaly": false}, "geometry": {"type": "LineString", "coordinates": [[139.9610313817514, 35.70075028346637], [139.96077177292597, 35.70082727303501], [139.9605121641005, 35.70090426260364]]}}, {"type": "Feature", "properties": {"id": "京葉道路-上り-0-425", "route": "京葉道路", "direction": "上り", "from": "船橋IC", "to": "原木", "grade": 0.0, "elevation_start": 1.2, "elevation_end": 1.2, "quality": "measured", "structure": "normal", "chain_rank": 0, "cum_dist_start": 21250.0, "cum_dist_end": 21300.0, "anomaly": false}, "geometry": {"type": "LineString", "coordinates": [[139.9605121641005, 35.70090426260364], [139.96025255527505, 35.700981252172284], [139.9599929464496, 35.701058241740924]]}}, {"type": "Feature", "properties": {"id": "京葉道路-上り-0-426", "route": "京葉道路", "direction": "上り", "from": "船橋IC", "to": "原木", "grade": 0.03, "elevation_start": 1.2, "elevation_end": 1.2, "quality": "measured", "structure": "normal", "chain_rank": 0, "cum_dist_start": 21300.0, "cum_dist_end": 21350.0, "anomaly": false}, "geometry": {"type": "LineString", "coordinates": [[139.9599929464496, 35.701058241740924], [139.95973333762413, 35.701135231309564], [139.95947372879868, 35.701212220878205]]}}, {"type": "Feature", "properties": {"id": "京葉道路-上り-0-427", "route": "京葉道路", "direction": "上り", "from": "船橋IC", "to": "原木", "grade": 0.09, "elevation_start": 1.2, "elevation_end": 1.3, "quality": "measured", "structure": "normal", "chain_rank": 0, "cum_dist_start": 21350.0, "cum_dist_end": 21400.0, "anomaly": false}, "geometry": {"type": "LineString", "coordinates": [[139.95947372879868, 35.701212220878205], [139.95921411997324, 35.701289210446845], [139.95895451114777, 35.701366200015485]]}}, {"type": "Feature", "properties": {"id": "京葉道路-上り-0-428", "route": "京葉道路", "direction": "上り", "from": "船橋IC", "to": "原木", "grade": 0.03, "elevation_start": 1.3, "elevation_end": 1.3, "quality": "measured", "structure": "normal", "chain_rank": 0, "cum_dist_start": 21400.0, "cum_dist_end": 21450.0, "anomaly": false}, "geometry": {"type": "LineString", "coordinates": [[139.95895451114777, 35.701366200015485], [139.95869490232232, 35.701443189584126], [139.9584351686888, 35.701519899230746]]}}, {"type": "Feature", "properties": {"id": "京葉道路-上り-0-429", "route": "京葉道路", "direction": "上り", "from": "船橋IC", "to": "原木", "grade": 0.0, "elevation_start": 1.3, "elevation_end": 1.3, "quality": "measured", "structure": "normal", "chain_rank": 0, "cum_dist_start": 21450.0, "cum_dist_end": 21500.0, "anomaly": false}, "geometry": {"type": "LineString", "coordinates": [[139.9584351686888, 35.701519899230746], [139.95817516571836, 35.701596004803314], [139.95791516274795, 35.70167211037588]]}}, {"type": "Feature", "properties": {"id": "京葉道路-上り-0-430", "route": "京葉道路", "direction": "上り", "from": "船橋IC", "to": "原木", "grade": -0.05, "elevation_start": 1.3, "elevation_end": 1.3, "quality": "measured", "structure": "normal", "chain_rank": 0, "cum_dist_start": 21500.0, "cum_dist_end": 21550.0, "anomaly": false}, "geometry": {"type": "LineString", "coordinates": [[139.95791516274795, 35.70167211037588], [139.95765515977752, 35.70174821594845], [139.9573951568071, 35.701824321521016]]}}, {"type": "Feature", "properties": {"id": "京葉道路-上り-0-431", "route": "京葉道路", "direction": "上り", "from": "船橋IC", "to": "原木", "grade": 0.02, "elevation_start": 1.3, "elevation_end": 1.3, "quality": "measured", "structure": "normal", "chain_rank": 0, "cum_dist_start": 21550.0, "cum_dist_end": 21600.0, "anomaly": false}, "geometry": {"type": "LineString", "coordinates": [[139.9573951568071, 35.701824321521016], [139.9571351538367, 35.701900427093584], [139.95687515086627, 35.70197653266615]]}}, {"type": "Feature", "properties": {"id": "京葉道路-上り-0-432", "route": "京葉道路", "direction": "上り", "from": "船橋IC", "to": "原木", "grade": 0.07, "elevation_start": 1.3, "elevation_end": 1.3, "quality": "measured", "structure": "normal", "chain_rank": 0, "cum_dist_start": 21600.0, "cum_dist_end": 21650.0, "anomaly": false}, "geometry": {"type": "LineString", "coordinates": [[139.95687515086627, 35.70197653266615], [139.95661514789586, 35.70205263823872], [139.95635514492542, 35.702128743811286]]}}, {"type": "Feature", "properties": {"id": "京葉道路-上り-0-433", "route": "京葉道路", "direction": "上り", "from": "船橋IC", "to": "原木", "grade": -0.01, "elevation_start": 1.3, "elevation_end": 1.3, "quality": "measured", "structure": "normal", "chain_rank": 0, "cum_dist_start": 21650.0, "cum_dist_end": 21700.0, "anomaly": false}, "geometry": {"type": "LineString", "coordinates": [[139.95635514492542, 35.702128743811286], [139.95609514195502, 35.702204849383854], [139.95583531194893, 35.70228134709952]]}}, {"type": "Feature", "properties": {"id": "京葉道路-上り-0-434", "route": "京葉道路", "direction": "上り", "from": "船橋IC", "to": "原木", "grade": 0.06, "elevation_start": 1.3, "elevation_end": 1.3, "quality": "measured", "structure": "normal", "chain_rank": 0, "cum_dist_start": 21700.0, "cum_dist_end": 21750.0, "anomaly": false}, "geometry": {"type": "LineString", "coordinates": [[139.95583531194893, 35.70228134709952], [139.95557572746736, 35.70235840146612], [139.9553161429858, 35.70243545583272]]}}, {"type": "Feature", "properties": {"id": "京葉道路-上り-0-435", "route": "京葉道路", "direction": "上り", "from": "船橋IC", "to": "原木", "grade": 0.0, "elevation_start": 1.3, "elevation_end": 1.3, "quality": "measured", "structure": "normal", "chain_rank": 0, "cum_dist_start": 21750.0, "cum_dist_end": 21800.0, "anomaly": false}, "geometry": {"type": "LineString", "coordinates": [[139.9553161429858, 35.70243545583272], [139.95505655850422, 35.70251251019932], [139.95479697402266, 35.70258956456592]]}}, {"type": "Feature", "properties": {"id": "京葉道路-上り-0-436", "route": "京葉道路", "direction": "上り", "from": "船橋IC", "to": "原木", "grade": -0.01, "elevation_start": 1.3, "elevation_end": 1.3, "quality": "measured", "structure": "normal", "chain_rank": 0, "cum_dist_start": 21800.0, "cum_dist_end": 21850.0, "anomaly": false}, "geometry": {"type": "LineString", "coordinates": [[139.95479697402266, 35.70258956456592], [139.954537278183, 35.70266636647997], [139.95427689319013, 35.70274160606032]]}}, {"type": "Feature", "properties": {"id": "京葉道路-上り-0-437", "route": "京葉道路", "direction": "上り", "from": "船橋IC", "to": "原木", "grade": -0.05, "elevation_start": 1.3, "elevation_end": 1.3, "quality": "measured", "structure": "normal", "chain_rank": 0, "cum_dist_start": 21850.0, "cum_dist_end": 21900.0, "anomaly": false}, "geometry": {"type": "LineString", "coordinates": [[139.95427689319013, 35.70274160606032], [139.9540165081972, 35.70281684564067], [139.95375612320433, 35.70289208522102]]}}, {"type": "Feature", "properties": {"id": "京葉道路-上り-0-438", "route": "京葉道路", "direction": "上り", "from": "船橋IC", "to": "原木", "grade": 0.02, "elevation_start": 1.3, "elevation_end": 1.3, "quality": "measured", "structure": "normal", "chain_rank": 0, "cum_dist_start": 21900.0, "cum_dist_end": 21950.0, "anomaly": false}, "geometry": {"type": "LineString", "coordinates": [[139.95375612320433, 35.70289208522102], [139.95349573821144, 35.70296732480137], [139.95323535321856, 35.703042564381725]]}}, {"type": "Feature", "properties": {"id": "京葉道路-上り-0-439", "route": "京葉道路", "direction": "上り", "from": "船橋IC", "to": "原木", "grade": 0.05, "elevation_start": 1.3, "elevation_end": 1.3, "quality": "measured", "structure": "normal", "chain_rank": 0, "cum_dist_start": 21950.0, "cum_dist_end": 22000.0, "anomaly": false}, "geometry": {"type": "LineString", "coordinates": [[139.95323535321856, 35.703042564381725], [139.95297496822565, 35.70311780396208], [139.95271458323276, 35.70319304354243]]}}, {"type": "Feature", "properties": {"id": "京葉道路-上り-0-440", "route": "京葉道路", "direction": "上り", "from": "船橋IC", "to": "原木", "grade": 0.01, "elevation_start": 1.3, "elevation_end": 1.3, "quality": "measured", "structure": "normal", "chain_rank": 0, "cum_dist_start": 22000.0, "cum_dist_end": 22050.0, "anomaly": false}, "geometry": {"type": "LineString", "coordinates": [[139.95271458323276, 35.70319304354243], [139.95245494920954, 35.70326997471382], [139.95219595992526, 35.703348358187014]]}}, {"type": "Feature", "properties": {"id": "京葉道路-上り-0-441", "route": "京葉道路", "direction": "上り", "from": "船橋IC", "to": "原木", "grade": 0.23, "elevation_start": 1.3, "elevation_end": 1.5, "quality": "measured", "structure": "normal", "chain_rank": 0, "cum_dist_start": 22050.0, "cum_dist_end": 22100.0, "anomaly": false}, "geometry": {"type": "LineString", "coordinates": [[139.95219595992526, 35.703348358187014], [139.95193697064101, 35.70342674166021], [139.95167798135674, 35.703505125133404]]}}, {"type": "Feature", "properties": {"id": "京葉道路-上り-0-442", "route": "京葉道路", "direction": "上り", "from": "原木", "to": "京葉市川PA", "grade": 0.38, "elevation_start": 1.5, "elevation_end": 1.6, "quality": "measured", "structure": "normal", "chain_rank": 0, "cum_dist_start": 22100.0, "cum_dist_end": 22150.0, "anomaly": false}, "geometry": {"type": "LineString", "coordinates": [[139.95167798135674, 35.703505125133404], [139.95141899207246, 35.7035835086066], [139.95116000278819, 35.70366189207979]]}}, {"type": "Feature", "properties": {"id": "京葉道路-上り-0-443", "route": "京葉道路", "direction": "上り", "from": "原木", "to": "京葉市川PA", "grade": 0.76, "elevation_start": 1.6, "elevation_end": 2.0, "quality": "measured", "structure": "normal", "chain_rank": 0, "cum_dist_start": 22150.0, "cum_dist_end": 22200.0, "anomaly": false}, "geometry": {"type": "LineString", "coordinates": [[139.95116000278819, 35.70366189207979], [139.9509010135039, 35.70374027555299], [139.95064202421966, 35.70381865902618]]}}, {"type": "Feature", "properties": {"id": "京葉道路-上り-0-444", "route": "京葉道路", "direction": "上り", "from": "原木", "to": "京葉市川PA", "grade": 0.96, "elevation_start": 2.0, "elevation_end": 2.5, "quality": "measured", "structure": "normal", "chain_rank": 0, "cum_dist_start": 22200.0, "cum_dist_end": 22250.0, "anomaly": false}, "geometry": {"type": "LineString", "coordinates": [[139.95064202421966, 35.70381865902618], [139.95038303493538, 35.70389704249938], [139.95012303572892, 35.70397316462949]]}}, {"type": "Feature", "properties": {"id": "京葉道路-上り-0-445", "route": "京葉道路", "direction": "上り", "from": "原木", "to": "京葉市川PA", "grade": 0.65, "elevation_start": 2.5, "elevation_end": 2.8, "quality": "measured", "structure": "normal", "chain_rank": 0, "cum_dist_start": 22250.0, "cum_dist_end": 22300.0, "anomaly": false}, "geometry": {"type": "LineString", "coordinates": [[139.95012303572892, 35.70397316462949], [139.94986282906632, 35.70404882223918], [139.94960262240375, 35.70412447984888]]}}, {"type": "Feature", "properties": {"id": "京葉道路-上り-0-446", "route": "京葉道路", "direction": "上り", "from": "原木", "to": "京葉市川PA", "grade": 0.66, "elevation_start": 2.8, "elevation_end": 3.2, "quality": "measured", "structure": "normal", "chain_rank": 0, "cum_dist_start": 22300.0, "cum_dist_end": 22350.0, "anomaly": false}, "geometry": {"type": "LineString", "coordinates": [[139.94960262240375, 35.70412447984888], [139.94934241574114, 35.70420013745857], [139.94908220907854, 35.70427579506826]]}}, {"type": "Feature", "properties": {"id": "京葉道路-上り-0-447", "route": "京葉道路", "direction": "上り", "from": "原木", "to": "京葉市川PA", "grade": -0.35, "elevation_start": 3.2, "elevation_end": 3.0, "quality": "estimated", "structure": "normal", "chain_rank": 0, "cum_dist_start": 22350.0, "cum_dist_end": 22400.0, "anomaly": false}, "geometry": {"type": "LineString", "coordinates": [[139.94908220907854, 35.70427579506826], [139.94882211709609, 35.70435171563741], [139.94856214086658, 35.70442790162608]]}}, {"type": "Feature", "properties": {"id": "京葉道路-上り-0-448", "route": "京葉道路", "direction": "上り", "from": "原木", "to": "京葉市川PA", "grade": -0.35, "elevation_start": 3.0, "elevation_end": 2.8, "quality": "estimated", "structure": "normal", "chain_rank": 0, "cum_dist_start": 22400.0, "cum_dist_end": 22450.0, "anomaly": false}, "geometry": {"type": "LineString", "coordinates": [[139.94856214086658, 35.70442790162608], [139.94830216463708, 35.70450408761476], [139.9480421884076, 35.70458027360343]]}}, {"type": "Feature", "properties": {"id": "京葉道路-上り-0-449", "route": "京葉道路", "direction": "上り", "from": "原木", "to": "京葉市川PA", "grade": -0.35, "elevation_start": 2.8, "elevation_end": 2.6, "quality": "estimated", "structure": "normal", "chain_rank": 0, "cum_dist_start": 22450.0, "cum_dist_end": 22500.0, "anomaly": false}, "geometry": {"type": "LineString", "coordinates": [[139.9480421884076, 35.70458027360343], [139.9477822121781, 35.7046564595921], [139.9475222359486, 35.704732645580776]]}}, {"type": "Feature", "properties": {"id": "京葉道路-上り-0-450", "route": "京葉道路", "direction": "上り", "from": "原木", "to": "京葉市川PA", "grade": -0.35, "elevation_start": 2.6, "elevation_end": 2.5, "quality": "estimated", "structure": "bridge", "chain_rank": 0, "cum_dist_start": 22500.0, "cum_dist_end": 22550.0, "anomaly": false}, "geometry": {"type": "LineString", "coordinates": [[139.9475222359486, 35.704732645580776], [139.9472622567484, 35.70480882611113], [139.94700227372863, 35.70488499962374]]}}, {"type": "Feature", "properties": {"id": "京葉道路-上り-0-451", "route": "京葉道路", "direction": "上り", "from": "原木", "to": "京葉市川PA", "grade": -0.35, "elevation_start": 2.5, "elevation_end": 2.3, "quality": "estimated", "structure": "bridge", "chain_rank": 0, "cum_dist_start": 22550.0, "cum_dist_end": 22600.0, "anomaly": false}, "geometry": {"type": "LineString", "coordinates": [[139.94700227372863, 35.70488499962374], [139.9467422907089, 35.70496117313633], [139.94648230768917, 35.70503734664893]]}}, {"type": "Feature", "properties": {"id": "京葉道路-上り-0-452", "route": "京葉道路", "direction": "上り", "from": "原木", "to": "京葉市川PA", "grade": -0.35, "elevation_start": 2.3, "elevation_end": 2.1, "quality": "estimated", "structure": "bridge", "chain_rank": 0, "cum_dist_start": 22600.0, "cum_dist_end": 22650.0, "anomaly": false}, "geometry": {"type": "LineString", "coordinates": [[139.94648230768917, 35.70503734664893], [139.94622232629723, 35.70511352387468], [139.9459625816575, 35.70519024114872]]}}, {"type": "Feature", "properties": {"id": "京葉道路-上り-0-453", "route": "京葉道路", "direction": "上り", "from": "原木", "to": "京葉市川PA", "grade": -0.35, "elevation_start": 2.1, "elevation_end": 1.9, "quality": "estimated", "structure": "normal", "chain_rank": 0, "cum_dist_start": 22650.0, "cum_dist_end": 22700.0, "anomaly": false}, "geometry": {"type": "LineString", "coordinates": [[139.9459625816575, 35.70519024114872], [139.9457028370178, 35.705266958422754], [139.9454430923781, 35.70534367569679]]}}, {"type": "Feature", "properties": {"id": "京葉道路-上り-0-454", "route": "京葉道路", "direction": "上り", "from": "原木", "to": "京葉市川PA", "grade": -0.35, "elevation_start": 1.9, "elevation_end": 1.8, "quality": "estimated", "structure": "normal", "chain_rank": 0, "cum_dist_start": 22700.0, "cum_dist_end": 22750.0, "anomaly": false}, "geometry": {"type": "LineString", "coordinates": [[139.9454430923781, 35.70534367569679], [139.94518334773838, 35.70542039297083], [139.9449236030987, 35.70549711024486]]}}, {"type": "Feature", "properties": {"id": "京葉道路-上り-0-455", "route": "京葉道路", "direction": "上り", "from": "原木", "to": "京葉市川PA", "grade": -0.15, "elevation_start": 1.8, "elevation_end": 1.7, "quality": "estimated", "structure": "normal", "chain_rank": 0, "cum_dist_start": 22750.0, "cum_dist_end": 22800.0, "anomaly": false}, "geometry": {"type": "LineString", "coordinates": [[139.9449236030987, 35.70549711024486], [139.94466385845897, 35.705573827518904], [139.94440411381925, 35.70565054479294]]}}, {"type": "Feature", "properties": {"id": "京葉道路-上り-0-456", "route": "京葉道路", "direction": "上り", "from": "原木", "to": "京葉市川PA", "grade": 0.03, "elevation_start": 1.7, "elevation_end": 1.7, "quality": "measured", "structure": "normal", "chain_rank": 0, "cum_dist_start": 22800.0, "cum_dist_end": 22850.0, "anomaly": false}, "geometry": {"type": "LineString", "coordinates": [[139.94440411381925, 35.70565054479294], [139.94414436917955, 35.70572726206697], [139.94388462453983, 35.70580397934101]]}}, {"type": "Feature", "properties": {"id": "京葉道路-上り-0-457", "route": "京葉道路", "direction": "上り", "from": "原木", "to": "京葉市川PA", "grade": 0.07, "elevation_start": 1.7, "elevation_end": 1.7, "quality": "measured", "structure": "normal", "chain_rank": 0, "cum_dist_start": 22850.0, "cum_dist_end": 22900.0, "anomaly": false}, "geometry": {"type": "LineString", "coordinates": [[139.94388462453983, 35.70580397934101], [139.9436248799001, 35.70588069661505], [139.94336513526042, 35.70595741388908]]}}, {"type": "Feature", "properties": {"id": "京葉道路-上り-0-458", "route": "京葉道路", "direction": "上り", "from": "原木", "to": "京葉市川PA", "grade": 0.01, "elevation_start": 1.7, "elevation_end": 1.7, "quality": "measured", "structure": "normal", "chain_rank": 0, "cum_dist_start": 22900.0, "cum_dist_end": 22950.0, "anomaly": false}, "geometry": {"type": "LineString", "coordinates": [[139.94336513526042, 35.70595741388908], [139.9431053906207, 35.70603413116312], [139.9428455777143, 35.70611069816477]]}}, {"type": "Feature", "properties": {"id": "京葉道路-上り-0-459", "route": "京葉道路", "direction": "上り", "from": "原木", "to": "京葉市川PA", "grade": 0.0, "elevation_start": 1.7, "elevation_end": 1.7, "quality": "measured", "structure": "normal", "chain_rank": 0, "cum_dist_start": 22950.0, "cum_dist_end": 23000.0, "anomaly": false}, "geometry": {"type": "LineString", "coordinates": [[139.9428455777143, 35.70611069816477], [139.94258574527288, 35.70618722216487], [139.94232591283148, 35.70626374616497]]}}, {"type": "Feature", "properties": {"id": "京葉道路-上り-0-460", "route": "京葉道路", "direction": "上り", "from": "原木", "to": "京葉市川PA", "grade": -0.02, "elevation_start": 1.7, "elevation_end": 1.7, "quality": "measured", "structure": "normal", "chain_rank": 0, "cum_dist_start": 23000.0, "cum_dist_end": 23050.0, "anomaly": false}, "geometry": {"type": "LineString", "coordinates": [[139.94232591283148, 35.70626374616497], [139.94206608039008, 35.70634027016508], [139.94180624794865, 35.70641679416518]]}}, {"type": "Feature", "properties": {"id": "京葉道路-上り-0-461", "route": "京葉道路", "direction": "上り", "from": "原木", "to": "京葉市川PA", "grade": 0.03, "elevation_start": 1.7, "elevation_end": 1.7, "quality": "measured", "structure": "normal", "chain_rank": 0, "cum_dist_start": 23050.0, "cum_dist_end": 23100.0, "anomaly": false}, "geometry": {"type": "LineString", "coordinates": [[139.94180624794865, 35.70641679416518], [139.9415459629609, 35.70649228999272], [139.94128566201957, 35.70656774957411]]}}, {"type": "Feature", "properties": {"id": "京葉道路-上り-0-462", "route": "京葉道路", "direction": "上り", "from": "原木", "to": "京葉市川PA", "grade": 0.05, "elevation_start": 1.7, "elevation_end": 1.8, "quality": "measured", "structure": "normal", "chain_rank": 0, "cum_dist_start": 23100.0, "cum_dist_end": 23150.0, "anomaly": false}, "geometry": {"type": "LineString", "coordinates": [[139.94128566201957, 35.70656774957411], [139.94102536107823, 35.70664320915551], [139.9407643354218, 35.706716984526246]]}}, {"type": "Feature", "properties": {"id": "京葉道路-上り-0-463", "route": "京葉道路", "direction": "上り", "from": "原木", "to": "京葉市川PA", "grade": -0.0, "elevation_start": 1.8, "elevation_end": 1.8, "quality": "measured", "structure": "normal", "chain_rank": 0, "cum_dist_start": 23150.0, "cum_dist_end": 23200.0, "anomaly": false}, "geometry": {"type": "LineString", "coordinates": [[139.9407643354218, 35.706716984526246], [139.94050325733565, 35.70679063805232], [139.94024129479925, 35.706862039852176]]}}, {"type": "Feature", "properties": {"id": "京葉道路-上り-0-464", "route": "京葉道路", "direction": "上り", "from": "原木", "to": "京葉市川PA", "grade": 0.04, "elevation_start": 1.8, "elevation_end": 1.8, "quality": "measured", "structure": "normal", "chain_rank": 0, "cum_dist_start": 23200.0, "cum_dist_end": 23250.0, "anomaly": false}, "geometry": {"type": "LineString", "coordinates": [[139.94024129479925, 35.706862039852176], [139.939976337216, 35.70692581654765], [139.93971137963277, 35.70698959324312]]}}, {"type": "Feature", "properties": {"id": "京葉道路-上り-0-465", "route": "京葉道路", "direction": "上り", "from": "原木", "to": "京葉市川PA", "grade": -0.04, "elevation_start": 1.8, "elevation_end": 1.8, "quality": "measured", "structure": "normal", "chain_rank": 0, "cum_dist_start": 23250.0, "cum_dist_end": 23300.0, "anomaly": false}, "geometry": {"type": "LineString", "coordinates": [[139.93971137963277, 35.70698959324312], [139.93944499291118, 35.70704909054884], [139.93917697365816, 35.70710369942772]]}}, {"type": "Feature", "properties": {"id": "京葉道路-上り-0-466", "route": "京葉道路", "direction": "上り", "from": "原木", "to": "京葉市川PA", "grade": -0.01, "elevation_start": 1.8, "elevation_end": 1.8, "quality": "measured", "structure": "normal", "chain_rank": 0, "cum_dist_start": 23300.0, "cum_dist_end": 23350.0, "anomaly": false}, "geometry": {"type": "LineString", "coordinates": [[139.93917697365816, 35.70710369942772], [139.93890895440515, 35.70715830830659], [139.93864027698584, 35.70721069276806]]}}, {"type": "Feature", "properties": {"id": "京葉道路-上り-0-467", "route": "京葉道路", "direction": "上り", "from": "原木", "to": "京葉市川PA", "grade": -0.02, "elevation_start": 1.8, "elevation_end": 1.8, "quality": "measured", "structure": "normal", "chain_rank": 0, "cum_dist_start": 23350.0, "cum_dist_end": 23400.0, "anomaly": false}, "geometry": {"type": "LineString", "coordinates": [[139.93864027698584, 35.70721069276806], [139.9383711980422, 35.707261720189955], [139.93810211909855, 35.707312747611844]]}}, {"type": "Feature", "properties": {"id": "京葉道路-上り-0-468", "route": "京葉道路", "direction": "上り", "from": "原木", "to": "京葉市川PA", "grade": -0.0, "elevation_start": 1.8, "elevation_end": 1.8, "quality": "measured", "structure": "normal", "chain_rank": 0, "cum_dist_start": 23400.0, "cum_dist_end": 23450.0, "anomaly": false}, "geometry": {"type": "LineString", "coordinates": [[139.93810211909855, 35.707312747611844], [139.9378330401549, 35.70736377503374], [139.93756396121125, 35.70741480245564]]}}, {"type": "Feature", "properties": {"id": "京葉道路-上り-0-469", "route": "京葉道路", "direction": "上り", "from": "原木", "to": "京葉市川PA", "grade": -0.1, "elevation_start": 1.8, "elevation_end": 1.7, "quality": "measured", "structure": "normal", "chain_rank": 0, "cum_dist_start": 23450.0, "cum_dist_end": 23500.0, "anomaly": false}, "geometry": {"type": "LineString", "coordinates": [[139.93756396121125, 35.70741480245564], [139.93729488226762, 35.70746582987753], [139.93702585001236, 35.70751702011983]]}}, {"type": "Feature", "properties": {"id": "京葉道路-上り-0-470", "route": "京葉道路", "direction": "上り", "from": "原木", "to": "京葉市川PA", "grade": -0.06, "elevation_start": 1.7, "elevation_end": 1.7, "quality": "measured", "structure": "normal", "chain_rank": 0, "cum_dist_start": 23500.0, "cum_dist_end": 23550.0, "anomaly": false}, "geometry": {"type": "LineString", "coordinates": [[139.93702585001236, 35.70751702011983], [139.93675709488156, 35.70756917680194], [139.93648833975078, 35.70762133348405]]}}, {"type": "Feature", "properties": {"id": "京葉道路-上り-0-471", "route": "京葉道路", "direction": "上り", "from": "原木", "to": "京葉市川PA", "grade": -0.09, "elevation_start": 1.7, "elevation_end": 1.6, "quality": "measured", "structure": "normal", "chain_rank": 0, "cum_dist_start": 23550.0, "cum_dist_end": 23600.0, "anomaly": false}, "geometry": {"type": "LineString", "coordinates": [[139.93648833975078, 35.70762133348405], [139.93621958461998, 35.707673490166165], [139.9359508294892, 35.707725646848274]]}}, {"type": "Feature", "properties": {"id": "京葉道路-上り-0-472", "route": "京葉道路", "direction": "上り", "from": "原木", "to": "京葉市川PA", "grade": -0.17, "elevation_start": 1.6, "elevation_end": 1.5, "quality": "measured", "structure": "normal", "chain_rank": 0, "cum_dist_start": 23600.0, "cum_dist_end": 23650.0, "anomaly": false}, "geometry": {"type": "LineString", "coordinates": [[139.9359508294892, 35.707725646848274], [139.9356820743584, 35.70777780353039], [139.93541331922762, 35.7078299602125]]}}, {"type": "Feature", "properties": {"id": "京葉道路-上り-0-473", "route": "京葉道路", "direction": "上り", "from": "原木", "to": "京葉市川PA", "grade": -0.12, "elevation_start": 1.5, "elevation_end": 1.5, "quality": "measured", "structure": "normal", "chain_rank": 0, "cum_dist_start": 23650.0, "cum_dist_end": 23700.0, "anomaly": false}, "geometry": {"type": "LineString", "coordinates": [[139.93541331922762, 35.7078299602125], [139.93514456409682, 35.70788211689461], [139.934875808966, 35.707934273576726]]}}, {"type": "Feature", "properties": {"id": "京葉道路-上り-0-474", "route": "京葉道路", "direction": "上り", "from": "原木", "to": "京葉市川PA", "grade": -0.09, "elevation_start": 1.5, "elevation_end": 1.4, "quality": "measured", "structure": "normal", "chain_rank": 0, "cum_dist_start": 23700.0, "cum_dist_end": 23750.0, "anomaly": false}, "geometry": {"type": "LineString", "coordinates": [[139.934875808966, 35.707934273576726], [139.93460705383524, 35.707986430258835], [139.93433829870443, 35.708038586940944]]}}, {"type": "Feature", "properties": {"id": "京葉道路-上り-0-475", "route": "京葉道路", "direction": "上り", "from": "原木", "to": "京葉市川PA", "grade": 0.13, "elevation_start": 1.4, "elevation_end": 1.5, "quality": "measured", "structure": "normal", "chain_rank": 0, "cum_dist_start": 23750.0, "cum_dist_end": 23800.0, "anomaly": false}, "geometry": {"type": "LineString", "coordinates": [[139.93433829870443, 35.708038586940944], [139.93406954357366, 35.70809074362306], [139.93380078844285, 35.70814290030517]]}}, {"type": "Feature", "properties": {"id": "京葉道路-上り-0-476", "route": "京葉道路", "direction": "上り", "from": "原木", "to": "京葉市川PA", "grade": 0.0, "elevation_start": 1.5, "elevation_end": 1.5, "quality": "measured", "structure": "normal", "chain_rank": 0, "cum_dist_start": 23800.0, "cum_dist_end": 23850.0, "anomaly": false}, "geometry": {"type": "LineString", "coordinates": [[139.93380078844285, 35.70814290030517], [139.93353203331208, 35.708195056987286], [139.93326327818127, 35.708247213669395]]}}, {"type": "Feature", "properties": {"id": "京葉道路-上り-0-477", "route": "京葉道路", "direction": "上り", "from": "原木", "to": "京葉市川PA", "grade": 0.16, "elevation_start": 1.5, "elevation_end": 1.6, "quality": "measured", "structure": "normal", "chain_rank": 0, "cum_dist_start": 23850.0, "cum_dist_end": 23900.0, "anomaly": false}, "geometry": {"type": "LineString", "coordinates": [[139.93326327818127, 35.708247213669395], [139.93299454008428, 35.708299431036316], [139.9327258874207, 35.70835195276915]]}}, {"type": "Feature", "properties": {"id": "京葉道路-上り-0-478", "route": "京葉道路", "direction": "上り", "from": "原木", "to": "京葉市川PA", "grade": 0.16, "elevation_start": 1.6, "elevation_end": 1.7, "quality": "measured", "structure": "normal", "chain_rank": 0, "cum_dist_start": 23900.0, "cum_dist_end": 23950.0, "anomaly": false}, "geometry": {"type": "LineString", "coordinates": [[139.9327258874207, 35.70835195276915], [139.9324572347571, 35.70840447450199], [139.93218858209352, 35.70845699623483]]}}, {"type": "Feature", "properties": {"id": "京葉道路-上り-0-479", "route": "京葉道路", "direction": "上り", "from": "京葉市川PA", "to": "京葉市川", "grade": 0.02, "elevation_start": 1.7, "elevation_end": 1.7, "quality": "measured", "structure": "normal", "chain_rank": 0, "cum_dist_start": 23950.0, "cum_dist_end": 24000.0, "anomaly": false}, "geometry": {"type": "LineString", "coordinates": [[139.93218858209352, 35.70845699623483], [139.93191992942994, 35.70850951796766], [139.93165127676633, 35.7085620397005]]}}, {"type": "Feature", "properties": {"id": "京葉道路-上り-0-480", "route": "京葉道路", "direction": "上り", "from": "京葉市川PA", "to": "京葉市川", "grade": 0.12, "elevation_start": 1.7, "elevation_end": 1.7, "quality": "measured", "structure": "normal", "chain_rank": 0, "cum_dist_start": 24000.0, "cum_dist_end": 24050.0, "anomaly": false}, "geometry": {"type": "LineString", "coordinates": [[139.93165127676633, 35.7085620397005], [139.93138262410275, 35.70861456143334], [139.93111397143917, 35.708667083166176]]}}, {"type": "Feature", "properties": {"id": "京葉道路-上り-0-481", "route": "京葉道路", "direction": "上り", "from": "京葉市川PA", "to": "京葉市川", "grade": 0.0, "elevation_start": 1.7, "elevation_end": 1.7, "quality": "measured", "structure": "normal", "chain_rank": 0, "cum_dist_start": 24050.0, "cum_dist_end": 24100.0, "anomaly": false}, "geometry": {"type": "LineString", "coordinates": [[139.93111397143917, 35.708667083166176], [139.93084531877557, 35.70871960489902], [139.930576666112, 35.70877212663186]]}}, {"type": "Feature", "properties": {"id": "京葉道路-上り-0-482", "route": "京葉道路", "direction": "上り", "from": "京葉市川PA", "to": "京葉市川", "grade": 0.0, "elevation_start": 1.7, "elevation_end": 1.7, "quality": "measured", "structure": "normal", "chain_rank": 0, "cum_dist_start": 24100.0, "cum_dist_end": 24150.0, "anomaly": false}, "geometry": {"type": "LineString", "coordinates": [[139.930576666112, 35.70877212663186], [139.9303080134484, 35.70882464836469], [139.9300393607848, 35.70887717009753]]}}, {"type": "Feature", "properties": {"id": "京葉道路-上り-0-483", "route": "京葉道路", "direction": "上り", "from": "京葉市川PA", "to": "京葉市川", "grade": -0.03, "elevation_start": 1.7, "elevation_end": 1.7, "quality": "measured", "structure": "normal", "chain_rank": 0, "cum_dist_start": 24150.0, "cum_dist_end": 24200.0, "anomaly": false}, "geometry": {"type": "LineString", "coordinates": [[139.9300393607848, 35.70887717009753], [139.92977070812123, 35.70892969183037], [139.92950205545765, 35.70898221356321]]}}, {"type": "Feature", "properties": {"id": "京葉道路-上り-0-484", "route": "京葉道路", "direction": "上り", "from": "京葉市川PA", "to": "京葉市川", "grade": -0.08, "elevation_start": 1.7, "elevation_end": 1.7, "quality": "measured", "structure": "normal", "chain_rank": 0, "cum_dist_start": 24200.0, "cum_dist_end": 24250.0, "anomaly": false}, "geometry": {"type": "LineString", "coordinates": [[139.92950205545765, 35.70898221356321], [139.92923340279404, 35.70903473529604], [139.92896475013046, 35.709087257028884]]}}, {"type": "Feature", "properties": {"id": "京葉道路-上り-0-485", "route": "京葉道路", "direction": "上り", "from": "京葉市川PA", "to": "京葉市川", "grade": -0.05, "elevation_start": 1.7, "elevation_end": 1.7, "quality": "measured", "structure": "normal", "chain_rank": 0, "cum_dist_start": 24250.0, "cum_dist_end": 24300.0, "anomaly": false}, "geometry": {"type": "LineString", "coordinates": [[139.92896475013046, 35.709087257028884], [139.92869609746688, 35.709139778761724], [139.92842744480328, 35.70919230049456]]}}, {"type": "Feature", "properties": {"id": "京葉道路-上り-0-486", "route": "京葉道路", "direction": "上り", "from": "京葉市川PA", "to": "京葉市川", "grade": 0.08, "elevation_start": 1.7, "elevation_end": 1.7, "quality": "measured", "structure": "normal", "chain_rank": 0, "cum_dist_start": 24300.0, "cum_dist_end": 24350.0, "anomaly": false}, "geometry": {"type": "LineString", "coordinates": [[139.92842744480328, 35.70919230049456], [139.9281587921397, 35.7092448222274], [139.92789013947612, 35.70929734396024]]}}, {"type": "Feature", "properties": {"id": "京葉道路-上り-0-487", "route": "京葉道路", "direction": "上り", "from": "京葉市川PA", "to": "京葉市川", "grade": 0.07, "elevation_start": 1.7, "elevation_end": 1.7, "quality": "measured", "structure": "normal", "chain_rank": 0, "cum_dist_start": 24350.0, "cum_dist_end": 24400.0, "anomaly": false}, "geometry": {"type": "LineString", "coordinates": [[139.92789013947612, 35.70929734396024], [139.9276214868125, 35.70934986569307], [139.92735283414893, 35.70940238742591]]}}, {"type": "Feature", "properties": {"id": "京葉道路-上り-0-488", "route": "京葉道路", "direction": "上り", "from": "京葉市川", "to": "京葉JCT", "grade": 0.06, "elevation_start": 1.7, "elevation_end": 1.8, "quality": "measured", "structure": "normal", "chain_rank": 0, "cum_dist_start": 24400.0, "cum_dist_end": 24450.0, "anomaly": false}, "geometry": {"type": "LineString", "coordinates": [[139.92735283414893, 35.70940238742591], [139.92708418148536, 35.70945490915875], [139.92681552882175, 35.709507430891584]]}}, {"type": "Feature", "properties": {"id": "京葉道路-上り-0-489", "route": "京葉道路", "direction": "上り", "from": "京葉市川", "to": "京葉JCT", "grade": 0.02, "elevation_start": 1.8, "elevation_end": 1.8, "quality": "measured", "structure": "normal", "chain_rank": 0, "cum_dist_start": 24450.0, "cum_dist_end": 24500.0, "anomaly": false}, "geometry": {"type": "LineString", "coordinates": [[139.92681552882175, 35.709507430891584], [139.92654687615817, 35.709559952624424], [139.9262782234946, 35.709612474357264]]}}, {"type": "Feature", "properties": {"id": "京葉道路-上り-0-490", "route": "京葉道路", "direction": "上り", "from": "京葉市川", "to": "京葉JCT", "grade": 0.02, "elevation_start": 1.8, "elevation_end": 1.8, "quality": "measured", "structure": "normal", "chain_rank": 0, "cum_dist_start": 24500.0, "cum_dist_end": 24550.0, "anomaly": false}, "geometry": {"type": "LineString", "coordinates": [[139.9262782234946, 35.709612474357264], [139.92600957083098, 35.709664996090105], [139.9257409181674, 35.70971751782294]]}}, {"type": "Feature", "properties": {"id": "京葉道路-上り-0-491", "route": "京葉道路", "direction": "上り", "from": "京葉JCT", "to": "篠崎IC", "grade": 0.03, "elevation_start": 1.8, "elevation_end": 1.8, "quality": "measured", "structure": "normal", "chain_rank": 0, "cum_dist_start": 24550.0, "cum_dist_end": 24600.0, "anomaly": false}, "geometry": {"type": "LineString", "coordinates": [[139.9257409181674, 35.70971751782294], [139.9254722655038, 35.70977003955578], [139.92520361284022, 35.70982256128862]]}}, {"type": "Feature", "properties": {"id": "京葉道路-上り-0-492", "route": "京葉道路", "direction": "上り", "from": "京葉JCT", "to": "篠崎IC", "grade": 0.05, "elevation_start": 1.8, "elevation_end": 1.8, "quality": "measured", "structure": "normal", "chain_rank": 0, "cum_dist_start": 24600.0, "cum_dist_end": 24650.0, "anomaly": false}, "geometry": {"type": "LineString", "coordinates": [[139.92520361284022, 35.70982256128862], [139.92493496017664, 35.70987508302145], [139.92466630751304, 35.70992760475429]]}}, {"type": "Feature", "properties": {"id": "京葉道路-上り-0-493", "route": "京葉道路", "direction": "上り", "from": "京葉JCT", "to": "篠崎IC", "grade": 0.12, "elevation_start": 1.8, "elevation_end": 1.9, "quality": "measured", "structure": "normal", "chain_rank": 0, "cum_dist_start": 24650.0, "cum_dist_end": 24700.0, "anomaly": false}, "geometry": {"type": "LineString", "coordinates": [[139.92466630751304, 35.70992760475429], [139.92439765484946, 35.70998012648713], [139.92412900218588, 35.710032648219965]]}}, {"type": "Feature", "properties": {"id": "京葉道路-上り-0-494", "route": "京葉道路", "direction": "上り", "from": "京葉JCT", "to": "篠崎IC", "grade": 0.04, "elevation_start": 1.9, "elevation_end": 1.9, "quality": "measured", "structure": "normal", "chain_rank": 0, "cum_dist_start": 24700.0, "cum_dist_end": 24750.0, "anomaly": false}, "geometry": {"type": "LineString", "coordinates": [[139.92412900218588, 35.710032648219965], [139.92386034952227, 35.710085169952805], [139.9235916968587, 35.710137691685645]]}}, {"type": "Feature", "properties": {"id": "京葉道路-上り-0-495", "route": "京葉道路", "direction": "上り", "from": "京葉JCT", "to": "篠崎IC", "grade": 0.04, "elevation_start": 1.9, "elevation_end": 1.9, "quality": "measured", "structure": "normal", "chain_rank": 0, "cum_dist_start": 24750.0, "cum_dist_end": 24800.0, "anomaly": false}, "geometry": {"type": "LineString", "coordinates": [[139.9235916968587, 35.710137691685645], [139.9233230150857, 35.710190124689404], [139.92305432568213, 35.71024253443421]]}}, {"type": "Feature", "properties": {"id": "京葉道路-上り-0-496", "route": "京葉道路", "direction": "上り", "from": "京葉JCT", "to": "篠崎IC", "grade": 0.11, "elevation_start": 1.9, "elevation_end": 2.0, "quality": "measured", "structure": "normal", "chain_rank": 0, "cum_dist_start": 24800.0, "cum_dist_end": 24850.0, "anomaly": false}, "geometry": {"type": "LineString", "coordinates": [[139.92305432568213, 35.71024253443421], [139.92278563627855, 35.71029494417902], [139.92251694687496, 35.71034735392382]]}}, {"type": "Feature", "properties": {"id": "京葉道路-上り-0-497", "route": "京葉道路", "direction": "上り", "from": "京葉JCT", "to": "篠崎IC", "grade": 0.2, "elevation_start": 2.0, "elevation_end": 2.1, "quality": "measured", "structure": "normal", "chain_rank": 0, "cum_dist_start": 24850.0, "cum_dist_end": 24900.0, "anomaly": false}, "geometry": {"type": "LineString", "coordinates": [[139.92251694687496, 35.71034735392382], [139.92224825747138, 35.710399763668626], [139.92197956806783, 35.71045217341344]]}}, {"type": "Feature", "properties": {"id": "京葉道路-上り-0-498", "route": "京葉道路", "direction": "上り", "from": "京葉JCT", "to": "篠崎IC", "grade": 0.52, "elevation_start": 2.1, "elevation_end": 2.3, "quality": "measured", "structure": "normal", "chain_rank": 0, "cum_dist_start": 24900.0, "cum_dist_end": 24950.0, "anomaly": false}, "geometry": {"type": "LineString", "coordinates": [[139.92197956806783, 35.71045217341344], [139.92171087866424, 35.71050458315824], [139.92144218926066, 35.710556992903044]]}}, {"type": "Feature", "properties": {"id": "京葉道路-上り-0-499", "route": "京葉道路", "direction": "上り", "from": "京葉JCT", "to": "篠崎IC", "grade": 0.74, "elevation_start": 2.3, "elevation_end": 2.7, "quality": "measured", "structure": "normal", "chain_rank": 0, "cum_dist_start": 24950.0, "cum_dist_end": 25000.0, "anomaly": false}, "geometry": {"type": "LineString", "coordinates": [[139.92144218926066, 35.710556992903044], [139.92117319786135, 35.71060833070581], [139.92090338614938, 35.71065675678674]]}}, {"type": "Feature", "properties": {"id": "京葉道路-上り-0-500", "route": "京葉道路", "direction": "上り", "from": "京葉JCT", "to": "篠崎IC", "grade": 0.0, "elevation_start": 2.7, "elevation_end": 2.7, "quality": "estimated", "structure": "normal", "chain_rank": 0, "cum_dist_start": 25000.0, "cum_dist_end": 25050.0, "anomaly": false}, "geometry": {"type": "LineString", "coordinates": [[139.92090338614938, 35.71065675678674], [139.9206320185294, 35.71069881851284], [139.9203591626741, 35.71073401338534]]}}, {"type": "Feature", "properties": {"id": "京葉道路-上り-0-501", "route": "京葉道路", "direction": "上り", "from": "京葉JCT", "to": "篠崎IC", "grade": 0.0, "elevation_start": 2.7, "elevation_end": 2.7, "quality": "estimated", "structure": "normal", "chain_rank": 0, "cum_dist_start": 25050.0, "cum_dist_end": 25100.0, "anomaly": false}, "geometry": {"type": "LineString", "coordinates": [[139.9203591626741, 35.71073401338534], [139.9200838384468, 35.7107514098528], [139.91980774176355, 35.710749785820774]]}}, {"type": "Feature", "properties": {"id": "京葉道路-上り-0-502", "route": "京葉道路", "direction": "上り", "from": "京葉JCT", "to": "篠崎IC", "grade": 0.0, "elevation_start": 2.7, "elevation_end": 2.7, "quality": "estimated", "structure": "normal", "chain_rank": 0, "cum_dist_start": 25100.0, "cum_dist_end": 25150.0, "anomaly": false}, "geometry": {"type": "LineString", "coordinates": [[139.91980774176355, 35.710749785820774], [139.9195325386874, 35.71073096356318], [139.9192590001541, 35.7106997536615]]}}, {"type": "Feature", "properties": {"id": "京葉道路-上り-0-503", "route": "京葉道路", "direction": "上り", "from": "京葉JCT", "to": "篠崎IC", "grade": 0.0, "elevation_start": 2.7, "elevation_end": 2.7, "quality": "estimated", "structure": "bridge", "chain_rank": 0, "cum_dist_start": 25150.0, "cum_dist_end": 25200.0, "anomaly": false}, "geometry": {"type": "LineString", "coordinates": [[139.9192590001541, 35.7106997536615], [139.91898869718062, 35.71065333113607], [139.91872432472317, 35.71058819683347]]}}, {"type": "Feature", "properties": {"id": "京葉道路-上り-0-504", "route": "京葉道路", "direction": "上り", "from": "京葉JCT", "to": "篠崎IC", "grade": 0.0, "elevation_start": 2.7, "elevation_end": 2.7, "quality": "estimated", "structure": "normal", "chain_rank": 0, "cum_dist_start": 25200.0, "cum_dist_end": 25250.0, "anomaly": false}, "geometry": {"type": "LineString", "coordinates": [[139.91872432472317, 35.71058819683347], [139.91846667673107, 35.7105072056022], [139.91821767655713, 35.71040990109548]]}}, {"type": "Feature", "properties": {"id": "京葉道路-上り-0-505", "route": "京葉道路", "direction": "上り", "from": "京葉JCT", "to": "篠崎IC", "grade": 0.0, "elevation_start": 2.7, "elevation_end": 2.7, "quality": "estimated", "structure": "normal", "chain_rank": 0, "cum_dist_start": 25250.0, "cum_dist_end": 25300.0, "anomaly": false}, "geometry": {"type": "LineString", "coordinates": [[139.91821767655713, 35.71040990109548], [139.9179764652858, 35.71030014818834], [139.91774176061094, 35.710181373246854]]}}, {"type": "Feature", "properties": {"id": "京葉道路-上り-0-506", "route": "京葉道路", "direction": "上り", "from": "京葉JCT", "to": "篠崎IC", "grade": 0.0, "elevation_start": 2.7, "elevation_end": 2.7, "quality": "estimated", "structure": "normal", "chain_rank": 0, "cum_dist_start": 25300.0, "cum_dist_end": 25350.0, "anomaly": false}, "geometry": {"type": "LineString", "coordinates": [[139.91774176061094, 35.710181373246854], [139.91751560460372, 35.710051963960034], [139.91728944859653, 35.70992255467321]]}}, {"type": "Feature", "properties": {"id": "京葉道路-上り-0-507", "route": "京葉道路", "direction": "上り", "from": "京葉JCT", "to": "篠崎IC", "grade": 0.0, "elevation_start": 2.7, "elevation_end": 2.7, "quality": "estimated", "structure": "normal", "chain_rank": 0, "cum_dist_start": 25350.0, "cum_dist_end": 25400.0, "anomaly": false}, "geometry": {"type": "LineString", "coordinates": [[139.91728944859653, 35.70992255467321], [139.91706329258935, 35.70979314538639], [139.91683766178775, 35.7096631524783]]}}, {"type": "Feature", "properties": {"id": "京葉道路-上り-0-508", "route": "京葉道路", "direction": "上り", "from": "京葉JCT", "to": "篠崎IC", "grade": 0.0, "elevation_start": 2.7, "elevation_end": 2.7, "quality": "estimated", "structure": "bridge", "chain_rank": 0, "cum_dist_start": 25400.0, "cum_dist_end": 25450.0, "anomaly": false}, "geometry": {"type": "LineString", "coordinates": [[139.91683766178775, 35.7096631524783], [139.9166184667778, 35.70952600796177], [139.91639416311963, 35.709394583163736]]}}, {"type": "Feature", "properties": {"id": "京葉道路-上り-0-509", "route": "京葉道路", "direction": "上り", "from": "京葉JCT", "to": "篠崎IC", "grade": 0.0, "elevation_start": 2.7, "elevation_end": 2.7, "quality": "estimated", "structure": "bridge", "chain_rank": 0, "cum_dist_start": 25450.0, "cum_dist_end": 25500.0, "anomaly": false}, "geometry": {"type": "LineString", "coordinates": [[139.91639416311963, 35.709394583163736], [139.91616693680797, 35.70926643061198], [139.91593971049633, 35.70913827806022]]}}, {"type": "Feature", "properties": {"id": "京葉道路-上り-0-510", "route": "京葉道路", "direction": "上り", "from": "京葉JCT", "to": "篠崎IC", "grade": 0.0, "elevation_start": 2.7, "elevation_end": 2.7, "quality": "estimated", "structure": "bridge", "chain_rank": 0, "cum_dist_start": 25500.0, "cum_dist_end": 25550.0, "anomaly": false}, "geometry": {"type": "LineString", "coordinates": [[139.91593971049633, 35.70913827806022], [139.9157124841847, 35.70901012550847], [139.91548525787306, 35.70888197295672]]}}, {"type": "Feature", "properties": {"id": "京葉道路-上り-0-511", "route": "京葉道路", "direction": "上り", "from": "京葉JCT", "to": "篠崎IC", "grade": 0.0, "elevation_start": 2.7, "elevation_end": 2.7, "quality": "estimated", "structure": "bridge", "chain_rank": 0, "cum_dist_start": 25550.0, "cum_dist_end": 25600.0, "anomaly": false}, "geometry": {"type": "LineString", "coordinates": [[139.91548525787306, 35.70888197295672], [139.91525803156142, 35.70875382040496], [139.91503080524976, 35.708625667853205]]}}, {"type": "Feature", "properties": {"id": "京葉道路-上り-0-512", "route": "京葉道路", "direction": "上り", "from": "京葉JCT", "to": "篠崎IC", "grade": 0.0, "elevation_start": 2.7, "elevation_end": 2.7, "quality": "estimated", "structure": "bridge", "chain_rank": 0, "cum_dist_start": 25600.0, "cum_dist_end": 25650.0, "anomaly": false}, "geometry": {"type": "LineString", "coordinates": [[139.91503080524976, 35.708625667853205], [139.91480357893812, 35.70849751530145], [139.91457635262648, 35.7083693627497]]}}, {"type": "Feature", "properties": {"id": "京葉道路-上り-0-513", "route": "京葉道路", "direction": "上り", "from": "篠崎IC", "to": null, "grade": 0.0, "elevation_start": 2.7, "elevation_end": 2.7, "quality": "estimated", "structure": "bridge", "chain_rank": 0, "cum_dist_start": 25650.0, "cum_dist_end": 25700.0, "anomaly": false}, "geometry": {"type": "LineString", "coordinates": [[139.91457635262648, 35.7083693627497], [139.9143491951183, 35.70824113035091], [139.91412219096287, 35.70811271998481]]}}, {"type": "Feature", "properties": {"id": "京葉道路-上り-0-514", "route": "京葉道路", "direction": "上り", "from": "篠崎IC", "to": null, "grade": 0.0, "elevation_start": 2.7, "elevation_end": 2.7, "quality": "estimated", "structure": "bridge", "chain_rank": 0, "cum_dist_start": 25700.0, "cum_dist_end": 25750.0, "anomaly": false}, "geometry": {"type": "LineString", "coordinates": [[139.91412219096287, 35.70811271998481], [139.91389518680748, 35.70798430961871], [139.9136681826521, 35.70785589925261]]}}, {"type": "Feature", "properties": {"id": "京葉道路-上り-0-515", "route": "京葉道路", "direction": "上り", "from": "篠崎IC", "to": null, "grade": 0.0, "elevation_start": 2.7, "elevation_end": 2.7, "quality": "estimated", "structure": "bridge", "chain_rank": 0, "cum_dist_start": 25750.0, "cum_dist_end": 25800.0, "anomaly": false}, "geometry": {"type": "LineString", "coordinates": [[139.9136681826521, 35.70785589925261], [139.9134411784967, 35.707727488886505], [139.91321417434128, 35.7075990785204]]}}, {"type": "Feature", "properties": {"id": "京葉道路-上り-0-516", "route": "京葉道路", "direction": "上り", "from": "篠崎IC", "to": null, "grade": 0.0, "elevation_start": 2.7, "elevation_end": 2.7, "quality": "estimated", "structure": "bridge", "chain_rank": 0, "cum_dist_start": 25800.0, "cum_dist_end": 25850.0, "anomaly": false}, "geometry": {"type": "LineString", "coordinates": [[139.91321417434128, 35.7075990785204], [139.9129871701859, 35.7074706681543], [139.9127601660305, 35.7073422577882]]}}, {"type": "Feature", "properties": {"id": "京葉道路-上り-0-517", "route": "京葉道路", "direction": "上り", "from": "篠崎IC", "to": null, "grade": 0.0, "elevation_start": 2.7, "elevation_end": 2.7, "quality": "estimated", "structure": "bridge", "chain_rank": 0, "cum_dist_start": 25850.0, "cum_dist_end": 25900.0, "anomaly": false}, "geometry": {"type": "LineString", "coordinates": [[139.9127601660305, 35.7073422577882], [139.91253316187507, 35.707213847422096], [139.91230759814013, 35.70708376883126]]}}, {"type": "Feature", "properties": {"id": "京葉道路-上り-0-518", "route": "京葉道路", "direction": "上り", "from": "篠崎IC", "to": null, "grade": 0.0, "elevation_start": 2.7, "elevation_end": 2.7, "quality": "estimated", "structure": "bridge", "chain_rank": 0, "cum_dist_start": 25900.0, "cum_dist_end": 25950.0, "anomaly": false}, "geometry": {"type": "LineString", "coordinates": [[139.91230759814013, 35.70708376883126], [139.91208274316662, 35.70695286938753], [139.9118558140245, 35.706824396081736]]}}, {"type": "Feature", "properties": {"id": "京葉道路-上り-0-519", "route": "京葉道路", "direction": "上り", "from": "篠崎IC", "to": null, "grade": 0.0, "elevation_start": 2.7, "elevation_end": 2.7, "quality": "estimated", "structure": "normal", "chain_rank": 0, "cum_dist_start": 25950.0, "cum_dist_end": 26000.0, "anomaly": false}, "geometry": {"type": "LineString", "coordinates": [[139.9118558140245, 35.706824396081736], [139.91162781435685, 35.70669717227562], [139.91140171493151, 35.70656770873538]]}}, {"type": "Feature", "properties": {"id": "京葉道路-上り-0-520", "route": "京葉道路", "direction": "上り", "from": "篠崎IC", "to": null, "grade": 0.0, "elevation_start": 2.7, "elevation_end": 2.7, "quality": "estimated", "structure": "normal", "chain_rank": 0, "cum_dist_start": 26000.0, "cum_dist_end": 26050.0, "anomaly": false}, "geometry": {"type": "LineString", "coordinates": [[139.91140171493151, 35.70656770873538], [139.91117561550618, 35.70643824519513], [139.91094951608082, 35.70630878165489]]}}, {"type": "Feature", "properties": {"id": "京葉道路-上り-0-521", "route": "京葉道路", "direction": "上り", "from": "篠崎IC", "to": null, "grade": 0.0, "elevation_start": 2.7, "elevation_end": 2.7, "quality": "estimated", "structure": "bridge", "chain_rank": 0, "cum_dist_start": 26050.0, "cum_dist_end": 26100.0, "anomaly": false}, "geometry": {"type": "LineString", "coordinates": [[139.91094951608082, 35.70630878165489], [139.9107234166555, 35.70617931811465], [139.91049720281418, 35.70604998830769]]}}, {"type": "Feature", "properties": {"id": "京葉道路-上り-0-522", "route": "京葉道路", "direction": "上り", "from": "篠崎IC", "to": null, "grade": 0.0, "elevation_start": 2.7, "elevation_end": 2.7, "quality": "estimated", "structure": "bridge", "chain_rank": 0, "cum_dist_start": 26100.0, "cum_dist_end": 26150.0, "anomaly": false}, "geometry": {"type": "LineString", "coordinates": [[139.91049720281418, 35.70604998830769], [139.91027079572308, 35.70592088437761], [139.91004314398785, 35.70579326219559]]}}, {"type": "Feature", "properties": {"id": "京葉道路-上り-0-523", "route": "京葉道路", "direction": "上り", "from": "篠崎IC", "to": null, "grade": 0.0, "elevation_start": 2.7, "elevation_end": 2.7, "quality": "estimated", "structure": "bridge", "chain_rank": 0, "cum_dist_start": 26150.0, "cum_dist_end": 26200.0, "anomaly": false}, "geometry": {"type": "LineString", "coordinates": [[139.91004314398785, 35.70579326219559], [139.90981381100895, 35.70566764153311], [139.90957845297748, 35.705549723200605]]}}, {"type": "Feature", "properties": {"id": "京葉道路-上り-0-524", "route": "京葉道路", "direction": "上り", "from": "篠崎IC", "to": null, "grade": 0.0, "elevation_start": 2.7, "elevation_end": 2.7, "quality": "estimated", "structure": "bridge", "chain_rank": 0, "cum_dist_start": 26200.0, "cum_dist_end": 26250.0, "anomaly": false}, "geometry": {"type": "LineString", "coordinates": [[139.90957845297748, 35.705549723200605], [139.90934021712735, 35.70543567979855], [139.90909877614217, 35.705326235129334]]}}, {"type": "Feature", "properties": {"id": "京葉道路-上り-0-525", "route": "京葉道路", "direction": "上り", "from": "篠崎IC", "to": null, "grade": 0.0, "elevation_start": 2.7, "elevation_end": 2.7, "quality": "estimated", "structure": "bridge", "chain_rank": 0, "cum_dist_start": 26250.0, "cum_dist_end": 26300.0, "anomaly": false}, "geometry": {"type": "LineString", "coordinates": [[139.90909877614217, 35.705326235129334], [139.9088542400861, 35.705221446604845], [139.90860759508521, 35.705120021610725]]}}, {"type": "Feature", "properties": {"id": "京葉道路-上り-0-526", "route": "京葉道路", "direction": "上り", "from": "篠崎IC", "to": null, "grade": 0.0, "elevation_start": 2.7, "elevation_end": 2.7, "quality": "estimated", "structure": "bridge", "chain_rank": 0, "cum_dist_start": 26300.0, "cum_dist_end": 26350.0, "anomaly": false}, "geometry": {"type": "LineString", "coordinates": [[139.90860759508521, 35.705120021610725], [139.90835535453215, 35.705028156092645], [139.90810197640997, 35.70493838869011]]}}, {"type": "Feature", "properties": {"id": "京葉道路-上り-0-527", "route": "京葉道路", "direction": "上り", "from": "篠崎IC", "to": null, "grade": 0.0, "elevation_start": 2.7, "elevation_end": 2.7, "quality": "estimated", "structure": "bridge", "chain_rank": 0, "cum_dist_start": 26350.0, "cum_dist_end": 26400.0, "anomaly": false}, "geometry": {"type": "LineString", "coordinates": [[139.90810197640997, 35.70493838869011], [139.90784734539687, 35.7048510183638], [139.9075925557463, 35.70476395154841]]}}, {"type": "Feature", "properties": {"id": "京葉道路-上り-0-528", "route": "京葉道路", "direction": "上り", "from": "篠崎IC", "to": null, "grade": 0.0, "elevation_start": 2.7, "elevation_end": 2.7, "quality": "estimated", "structure": "bridge", "chain_rank": 0, "cum_dist_start": 26400.0, "cum_dist_end": 26450.0, "anomaly": false}, "geometry": {"type": "LineString", "coordinates": [[139.9075925557463, 35.70476395154841], [139.90733776609574, 35.70467688473301], [139.90708297644517, 35.70458981791762]]}}, {"type": "Feature", "properties": {"id": "京葉道路-上り-0-529", "route": "京葉道路", "direction": "上り", "from": "篠崎IC", "to": null, "grade": 0.0, "elevation_start": 2.7, "elevation_end": 2.7, "quality": "estimated", "structure": "bridge", "chain_rank": 0, "cum_dist_start": 26450.0, "cum_dist_end": 26500.0, "anomaly": false}, "geometry": {"type": "LineString", "coordinates": [[139.90708297644517, 35.70458981791762], [139.9068281867946, 35.704502751102225], [139.90657339714406, 35.704415684286836]]}}, {"type": "Feature", "properties": {"id": "京葉道路-上り-0-530", "route": "京葉道路", "direction": "上り", "from": "篠崎IC", "to": null, "grade": 0.0, "elevation_start": 2.7, "elevation_end": 2.7, "quality": "estimated", "structure": "bridge", "chain_rank": 0, "cum_dist_start": 26500.0, "cum_dist_end": 26550.0, "anomaly": false}, "geometry": {"type": "LineString", "coordinates": [[139.90657339714406, 35.704415684286836], [139.90631859863905, 35.704328638137866], [139.90606379302145, 35.70424160858979]]}}, {"type": "Feature", "properties": {"id": "京葉道路-上り-0-531", "route": "京葉道路", "direction": "上り", "from": "篠崎IC", "to": null, "grade": 0.0, "elevation_start": 2.7, "elevation_end": 2.7, "quality": "estimated", "structure": "bridge", "chain_rank": 0, "cum_dist_start": 26550.0, "cum_dist_end": 26600.0, "anomaly": false}, "geometry": {"type": "LineString", "coordinates": [[139.90606379302145, 35.70424160858979], [139.90580898740384, 35.704154579041706], [139.90555418178621, 35.70406754949363]]}}, {"type": "Feature", "properties": {"id": "京葉道路-上り-0-532", "route": "京葉道路", "direction": "上り", "from": "篠崎IC", "to": null, "grade": 0.0, "elevation_start": 2.7, "elevation_end": 2.7, "quality": "estimated", "structure": "bridge", "chain_rank": 0, "cum_dist_start": 26600.0, "cum_dist_end": 26650.0, "anomaly": false}, "geometry": {"type": "LineString", "coordinates": [[139.90555418178621, 35.70406754949363], [139.9052993761686, 35.703980519945546], [139.905044570551, 35.70389349039747]]}}, {"type": "Feature", "properties": {"id": "京葉道路-上り-0-533", "route": "京葉道路", "direction": "上り", "from": "篠崎IC", "to": null, "grade": 0.0, "elevation_start": 2.7, "elevation_end": 2.7, "quality": "estimated", "structure": "bridge", "chain_rank": 0, "cum_dist_start": 26650.0, "cum_dist_end": 26700.0, "anomaly": false}, "geometry": {"type": "LineString", "coordinates": [[139.905044570551, 35.70389349039747], [139.9047897649334, 35.703806460849385], [139.9045349593158, 35.70371943130131]]}}, {"type": "Feature", "properties": {"id": "京葉道路-上り-0-534", "route": "京葉道路", "direction": "上り", "from": "篠崎IC", "to": null, "grade": 0.0, "elevation_start": 2.7, "elevation_end": 2.7, "quality": "estimated", "structure": "bridge", "chain_rank": 0, "cum_dist_start": 26700.0, "cum_dist_end": 26750.0, "anomaly": false}, "geometry": {"type": "LineString", "coordinates": [[139.9045349593158, 35.70371943130131], [139.9042801536982, 35.703632401753225], [139.9040253480806, 35.70354537220515]]}}, {"type": "Feature", "properties": {"id": "京葉道路-上り-0-535", "route": "京葉道路", "direction": "上り", "from": "篠崎IC", "to": null, "grade": 0.0, "elevation_start": 2.7, "elevation_end": 2.7, "quality": "estimated", "structure": "bridge", "chain_rank": 0, "cum_dist_start": 26750.0, "cum_dist_end": 26800.0, "anomaly": false}, "geometry": {"type": "LineString", "coordinates": [[139.9040253480806, 35.70354537220515], [139.903770542463, 35.703458342657065], [139.9035157368454, 35.70337131310899]]}}, {"type": "Feature", "properties": {"id": "京葉道路-上り-0-536", "route": "京葉道路", "direction": "上り", "from": "篠崎IC", "to": null, "grade": 0.0, "elevation_start": 2.7, "elevation_end": 2.7, "quality": "estimated", "structure": "bridge", "chain_rank": 0, "cum_dist_start": 26800.0, "cum_dist_end": 26850.0, "anomaly": false}, "geometry": {"type": "LineString", "coordinates": [[139.9035157368454, 35.70337131310899], [139.9032609312278, 35.703284283560905], [139.9030061256102, 35.70319725401283]]}}, {"type": "Feature", "properties": {"id": "京葉道路-上り-0-537", "route": "京葉道路", "direction": "上り", "from": "篠崎IC", "to": null, "grade": 0.0, "elevation_start": 2.7, "elevation_end": 2.7, "quality": "estimated", "structure": "bridge", "chain_rank": 0, "cum_dist_start": 26850.0, "cum_dist_end": 26900.0, "anomaly": false}, "geometry": {"type": "LineString", "coordinates": [[139.9030061256102, 35.70319725401283], [139.9027513199926, 35.703110224464744], [139.902496514375, 35.70302319491667]]}}, {"type": "Feature", "properties": {"id": "京葉道路-上り-0-538", "route": "京葉道路", "direction": "上り", "from": "篠崎IC", "to": null, "grade": 0.0, "elevation_start": 2.7, "elevation_end": 2.7, "quality": "estimated", "structure": "bridge", "chain_rank": 0, "cum_dist_start": 26900.0, "cum_dist_end": 26950.0, "anomaly": false}, "geometry": {"type": "LineString", "coordinates": [[139.902496514375, 35.70302319491667], [139.9022417087574, 35.702936165368584], [139.90198727071314, 35.70284842921529]]}}, {"type": "Feature", "properties": {"id": "京葉道路-上り-0-539", "route": "京葉道路", "direction": "上り", "from": "篠崎IC", "to": null, "grade": 0.0, "elevation_start": 2.7, "elevation_end": 2.7, "quality": "estimated", "structure": "bridge", "chain_rank": 0, "cum_dist_start": 26950.0, "cum_dist_end": 27000.0, "anomaly": false}, "geometry": {"type": "LineString", "coordinates": [[139.90198727071314, 35.70284842921529], [139.90173285681854, 35.70276064663774], [139.90147844292397, 35.7026728640602]]}}, {"type": "Feature", "properties": {"id": "京葉道路-上り-0-540", "route": "京葉道路", "direction": "上り", "from": "篠崎IC", "to": null, "grade": 0.0, "elevation_start": 2.7, "elevation_end": 2.7, "quality": "estimated", "structure": "bridge", "chain_rank": 0, "cum_dist_start": 27000.0, "cum_dist_end": 27050.0, "anomaly": false}, "geometry": {"type": "LineString", "coordinates": [[139.90147844292397, 35.7026728640602], [139.90122402902938, 35.70258508148265], [139.9009696151348, 35.702497298905115]]}}, {"type": "Feature", "properties": {"id": "京葉道路-上り-1-0", "route": "京葉道路", "direction": "上り", "from": null, "to": "千葉東JCT", "grade": -0.09, "elevation_start": 22.2, "elevation_end": 22.2, "quality": "measured", "structure": "normal", "chain_rank": 1, "cum_dist_start": 0.0, "cum_dist_end": 50.0, "anomaly": false}, "geometry": {"type": "LineString", "coordinates": [[140.1528039, 35.6135576], [140.15289742720577, 35.61334561507318], [140.152980271652, 35.61313078105627]]}}, {"type": "Feature", "properties": {"id": "京葉道路-上り-1-1", "route": "京葉道路", "direction": "上り", "from": null, "to": "千葉東JCT", "grade": -0.2, "elevation_start": 22.2, "elevation_end": 22.1, "quality": "measured", "structure": "normal", "chain_rank": 1, "cum_dist_start": 50.0, "cum_dist_end": 100.0, "anomaly": false}, "geometry": {"type": "LineString", "coordinates": [[140.152980271652, 35.61313078105627], [140.1530512415886, 35.612913082736135], [140.15311303570087, 35.61269355941509]]}}, {"type": "Feature", "properties": {"id": "京葉道路-上り-1-2", "route": "京葉道路", "direction": "上り", "from": null, "to": "千葉東JCT", "grade": -0.22, "elevation_start": 22.1, "elevation_end": 21.9, "quality": "measured", "structure": "normal", "chain_rank": 1, "cum_dist_start": 100.0, "cum_dist_end": 150.0, "anomaly": false}, "geometry": {"type": "LineString", "coordinates": [[140.15311303570087, 35.61269355941509], [140.15316555036569, 35.61247235478622], [140.15319797722677, 35.61224861939208]]}}, {"type": "Feature", "properties": {"id": "京葉道路-上り-1-3", "route": "京葉道路", "direction": "上り", "from": null, "to": "千葉東JCT", "grade": -0.02, "elevation_start": 21.9, "elevation_end": 21.9, "quality": "estimated", "structure": "normal", "chain_rank": 1, "cum_dist_start": 150.0, "cum_dist_end": 200.0, "anomaly": false}, "geometry": {"type": "LineString", "coordinates": [[140.15319797722677, 35.61224861939208], [140.15322677198915, 35.61202453577536], [140.15324816552166, 35.611799937646396]]}}, {"type": "Feature", "properties": {"id": "京葉道路-上り-1-4", "route": "京葉道路", "direction": "上り", "from": null, "to": "千葉東JCT", "grade": -0.02, "elevation_start": 21.9, "elevation_end": 21.9, "quality": "estimated", "structure": "normal", "chain_rank": 1, "cum_dist_start": 200.0, "cum_dist_end": 250.0, "anomaly": false}, "geometry": {"type": "LineString", "coordinates": [[140.15324816552166, 35.611799937646396], [140.15325593447372, 35.61157472176593], [140.15325325760907, 35.611349507939586]]}}, {"type": "Feature", "properties": {"id": "京葉道路-上り-1-5", "route": "京葉道路", "direction": "上り", "from": null, "to": "千葉東JCT", "grade": -0.02, "elevation_start": 21.9, "elevation_end": 21.9, "quality": "estimated", "structure": "normal", "chain_rank": 1, "cum_dist_start": 250.0, "cum_dist_end": 300.0, "anomaly": false}, "geometry": {"type": "LineString", "coordinates": [[140.15325325760907, 35.611349507939586], [140.15323618240348, 35.61112462324733], [140.153210447572, 35.61090029181286]]}}, {"type": "Feature", "properties": {"id": "京葉道路-上り-1-6", "route": "京葉道路", "direction": "上り", "from": null, "to": "千葉東JCT", "grade": -0.02, "elevation_start": 21.9, "elevation_end": 21.9, "quality": "estimated", "structure": "bridge", "chain_rank": 1, "cum_dist_start": 300.0, "cum_dist_end": 350.0, "anomaly": false}, "geometry": {"type": "LineString", "coordinates": [[140.153210447572, 35.61090029181286], [140.15317328353518, 35.61067702865821], [140.1531274374686, 35.610454872048265]]}}, {"type": "Feature", "properties": {"id": "京葉道路-上り-1-7", "route": "京葉道路", "direction": "上り", "from": null, "to": "千葉東JCT", "grade": -0.02, "elevation_start": 21.9, "elevation_end": 21.9, "quality": "estimated", "structure": "bridge", "chain_rank": 1, "cum_dist_start": 350.0, "cum_dist_end": 400.0, "anomaly": false}, "geometry": {"type": "LineString", "coordinates": [[140.1531274374686, 35.610454872048265], [140.15307450695954, 35.610233741598705], [140.15301431402187, 35.61001384547025]]}}, {"type": "Feature", "properties": {"id": "京葉道路-上り-1-8", "route": "京葉道路", "direction": "上り", "from": null, "to": "千葉東JCT", "grade": -0.02, "elevation_start": 21.9, "elevation_end": 21.9, "quality": "estimated", "structure": "bridge", "chain_rank": 1, "cum_dist_start": 400.0, "cum_dist_end": 450.0, "anomaly": false}, "geometry": {"type": "LineString", "coordinates": [[140.15301431402187, 35.61001384547025], [140.15295017475304, 35.60979469589929], [140.15288140349577, 35.60957651048732]]}}, {"type": "Feature", "properties": {"id": "京葉道路-上り-1-9", "route": "京葉道路", "direction": "上り", "from": null, "to": "千葉東JCT", "grade": -0.02, "elevation_start": 21.9, "elevation_end": 21.9, "quality": "estimated", "structure": "bridge", "chain_rank": 1, "cum_dist_start": 450.0, "cum_dist_end": 500.0, "anomaly": false}, "geometry": {"type": "LineString", "coordinates": [[140.15288140349577, 35.60957651048732], [140.15280893276957, 35.60935909830869], [140.1527364644702, 35.6091416856351]]}}, {"type": "Feature", "properties": {"id": "京葉道路-上り-1-10", "route": "京葉道路", "direction": "上り", "from": null, "to": "千葉東JCT", "grade": -0.02, "elevation_start": 21.9, "elevation_end": 21.9, "quality": "estimated", "structure": "bridge", "chain_rank": 1, "cum_dist_start": 500.0, "cum_dist_end": 550.0, "anomaly": false}, "geometry": {"type": "LineString", "coordinates": [[140.1527364644702, 35.6091416856351], [140.1526640004216, 35.608924272094576], [140.15259153637302, 35.60870685855406]]}}, {"type": "Feature", "properties": {"id": "京葉道路-上り-1-11", "route": "京葉道路", "direction": "上り", "from": null, "to": "千葉東JCT", "grade": -0.02, "elevation_start": 21.9, "elevation_end": 21.9, "quality": "estimated", "structure": "bridge", "chain_rank": 1, "cum_dist_start": 550.0, "cum_dist_end": 600.0, "anomaly": false}, "geometry": {"type": "LineString", "coordinates": [[140.15259153637302, 35.60870685855406], [140.15251907232442, 35.60848944501354], [140.15244660827582, 35.608272031473014]]}}, {"type": "Feature", "properties": {"id": "京葉道路-上り-1-12", "route": "京葉道路", "direction": "上り", "from": null, "to": "千葉東JCT", "grade": -0.02, "elevation_start": 21.9, "elevation_end": 21.8, "quality": "estimated", "structure": "bridge", "chain_rank": 1, "cum_dist_start": 600.0, "cum_dist_end": 650.0, "anomaly": false}, "geometry": {"type": "LineString", "coordinates": [[140.15244660827582, 35.608272031473014], [140.15237158111603, 35.60805520355398], [140.15229539911041, 35.607838639494936]]}}, {"type": "Feature", "properties": {"id": "京葉道路-上り-1-13", "route": "京葉道路", "direction": "上り", "from": null, "to": "千葉東JCT", "grade": -0.02, "elevation_start": 21.8, "elevation_end": 21.8, "quality": "estimated", "structure": "bridge", "chain_rank": 1, "cum_dist_start": 650.0, "cum_dist_end": 700.0, "anomaly": false}, "geometry": {"type": "LineString", "coordinates": [[140.15229539911041, 35.607838639494936], [140.1522192171048, 35.6076220754359], [140.1521430350992, 35.607405511376854]]}}, {"type": "Feature", "properties": {"id": "京葉道路-上り-1-14", "route": "京葉道路", "direction": "上り", "from": null, "to": "千葉東JCT", "grade": -0.02, "elevation_start": 21.8, "elevation_end": 21.8, "quality": "estimated", "structure": "bridge", "chain_rank": 1, "cum_dist_start": 700.0, "cum_dist_end": 750.0, "anomaly": false}, "geometry": {"type": "LineString", "coordinates": [[140.1521430350992, 35.607405511376854], [140.15206685309354, 35.60718894731781], [140.15199067108793, 35.60697238325877]]}}, {"type": "Feature", "properties": {"id": "京葉道路-上り-1-15", "route": "京葉道路", "direction": "上り", "from": null, "to": "千葉東JCT", "grade": -0.02, "elevation_start": 21.8, "elevation_end": 21.8, "quality": "estimated", "structure": "bridge", "chain_rank": 1, "cum_dist_start": 750.0, "cum_dist_end": 800.0, "anomaly": false}, "geometry": {"type": "LineString", "coordinates": [[140.15199067108793, 35.60697238325877], [140.15191887054254, 35.60675482936728], [140.15184791125068, 35.60653708542499]]}}, {"type": "Feature", "properties": {"id": "京葉道路-上り-1-16", "route": "京葉道路", "direction": "上り", "from": null, "to": "千葉東JCT", "grade": -0.02, "elevation_start": 21.8, "elevation_end": 21.8, "quality": "estimated", "structure": "bridge", "chain_rank": 1, "cum_dist_start": 800.0, "cum_dist_end": 850.0, "anomaly": false}, "geometry": {"type": "LineString", "coordinates": [[140.15184791125068, 35.60653708542499], [140.15177695195882, 35.6063193414827], [140.15170599266693, 35.606101597540416]]}}, {"type": "Feature", "properties": {"id": "京葉道路-上り-1-17", "route": "京葉道路", "direction": "上り", "from": null, "to": "千葉東JCT", "grade": -0.02, "elevation_start": 21.8, "elevation_end": 21.8, "quality": "estimated", "structure": "bridge", "chain_rank": 1, "cum_dist_start": 850.0, "cum_dist_end": 900.0, "anomaly": false}, "geometry": {"type": "LineString", "coordinates": [[140.15170599266693, 35.606101597540416], [140.15163239740392, 35.605884440087074], [140.15155834472546, 35.605667384406125]]}}, {"type": "Feature", "properties": {"id": "京葉道路-上り-1-18", "route": "京葉道路", "direction": "上り", "from": null, "to": "千葉東JCT", "grade": -0.02, "elevation_start": 21.8, "elevation_end": 21.8, "quality": "estimated", "structure": "bridge", "chain_rank": 1, "cum_dist_start": 900.0, "cum_dist_end": 950.0, "anomaly": false}, "geometry": {"type": "LineString", "coordinates": [[140.15155834472546, 35.605667384406125], [140.151484292047, 35.605450328725176], [140.15141023936854, 35.605233273044234]]}}, {"type": "Feature", "properties": {"id": "京葉道路-上り-1-19", "route": "京葉道路", "direction": "上り", "from": null, "to": "千葉東JCT", "grade": -0.02, "elevation_start": 21.8, "elevation_end": 21.8, "quality": "estimated", "structure": "bridge", "chain_rank": 1, "cum_dist_start": 950.0, "cum_dist_end": 1000.0, "anomaly": false}, "geometry": {"type": "LineString", "coordinates": [[140.15141023936854, 35.605233273044234], [140.1513361866901, 35.605016217363286], [140.15126213401163, 35.60479916168234]]}}, {"type": "Feature", "properties": {"id": "京葉道路-上り-1-20", "route": "京葉道路", "direction": "上り", "from": null, "to": "千葉東JCT", "grade": -0.02, "elevation_start": 21.8, "elevation_end": 21.8, "quality": "estimated", "structure": "bridge", "chain_rank": 1, "cum_dist_start": 1000.0, "cum_dist_end": 1050.0, "anomaly": false}, "geometry": {"type": "LineString", "coordinates": [[140.15126213401163, 35.60479916168234], [140.15118800405824, 35.604582123674085], [140.1511136816921, 35.60436512967045]]}}, {"type": "Feature", "properties": {"id": "京葉道路-上り-1-21", "route": "京葉道路", "direction": "上り", "from": null, "to": "千葉東JCT", "grade": -0.02, "elevation_start": 21.8, "elevation_end": 21.8, "quality": "estimated", "structure": "bridge", "chain_rank": 1, "cum_dist_start": 1050.0, "cum_dist_end": 1100.0, "anomaly": false}, "geometry": {"type": "LineString", "coordinates": [[140.1511136816921, 35.60436512967045], [140.15103935932592, 35.60414813566682], [140.15096503695975, 35.60393114166318]]}}, {"type": "Feature", "properties": {"id": "京葉道路-上り-1-22", "route": "京葉道路", "direction": "上り", "from": null, "to": "千葉東JCT", "grade": -0.02, "elevation_start": 21.8, "elevation_end": 21.7, "quality": "estimated", "structure": "bridge", "chain_rank": 1, "cum_dist_start": 1100.0, "cum_dist_end": 1150.0, "anomaly": false}, "geometry": {"type": "LineString", "coordinates": [[140.15096503695975, 35.60393114166318], [140.15088742562875, 35.60371492249737], [140.15080883614357, 35.603498933772094]]}}, {"type": "Feature", "properties": {"id": "京葉道路-上り-1-23", "route": "京葉道路", "direction": "上り", "from": null, "to": "千葉東JCT", "grade": -0.02, "elevation_start": 21.7, "elevation_end": 21.7, "quality": "estimated", "structure": "bridge", "chain_rank": 1, "cum_dist_start": 1150.0, "cum_dist_end": 1200.0, "anomaly": false}, "geometry": {"type": "LineString", "coordinates": [[140.15080883614357, 35.603498933772094], [140.15073024665838, 35.60328294504683], [140.1506516571732, 35.60306695632156]]}}, {"type": "Feature", "properties": {"id": "京葉道路-上り-1-24", "route": "京葉道路", "direction": "上り", "from": null, "to": "千葉東JCT", "grade": -0.02, "elevation_start": 21.7, "elevation_end": 21.7, "quality": "estimated", "structure": "bridge", "chain_rank": 1, "cum_dist_start": 1200.0, "cum_dist_end": 1250.0, "anomaly": false}, "geometry": {"type": "LineString", "coordinates": [[140.1506516571732, 35.60306695632156], [140.1505734538757, 35.60285087897576], [140.15050278396805, 35.60263307290296]]}}, {"type": "Feature", "properties": {"id": "京葉道路-上り-1-25", "route": "京葉道路", "direction": "上り", "from": null, "to": "千葉東JCT", "grade": -0.02, "elevation_start": 21.7, "elevation_end": 21.7, "quality": "estimated", "structure": "bridge", "chain_rank": 1, "cum_dist_start": 1250.0, "cum_dist_end": 1300.0, "anomaly": false}, "geometry": {"type": "LineString", "coordinates": [[140.15050278396805, 35.60263307290296], [140.1504321140604, 35.60241526683017], [140.1503614441528, 35.60219746075738]]}}, {"type": "Feature", "properties": {"id": "京葉道路-上り-1-26", "route": "京葉道路", "direction": "上り", "from": null, "to": "千葉東JCT", "grade": -0.02, "elevation_start": 21.7, "elevation_end": 21.7, "quality": "estimated", "structure": "bridge", "chain_rank": 1, "cum_dist_start": 1300.0, "cum_dist_end": 1350.0, "anomaly": false}, "geometry": {"type": "LineString", "coordinates": [[140.1503614441528, 35.60219746075738], [140.15029061917033, 35.6019796886595], [140.15021836689036, 35.6017622292642]]}}, {"type": "Feature", "properties": {"id": "京葉道路-上り-1-27", "route": "京葉道路", "direction": "上り", "from": null, "to": "千葉東JCT", "grade": -0.02, "elevation_start": 21.7, "elevation_end": 21.7, "quality": "estimated", "structure": "bridge", "chain_rank": 1, "cum_dist_start": 1350.0, "cum_dist_end": 1400.0, "anomaly": false}, "geometry": {"type": "LineString", "coordinates": [[140.15021836689036, 35.6017622292642], [140.1501461146104, 35.601544769868916], [140.1500741249433, 35.60132725260312]]}}, {"type": "Feature", "properties": {"id": "京葉道路-上り-1-28", "route": "京葉道路", "direction": "上り", "from": null, "to": "千葉東JCT", "grade": -0.02, "elevation_start": 21.7, "elevation_end": 21.7, "quality": "estimated", "structure": "bridge", "chain_rank": 1, "cum_dist_start": 1400.0, "cum_dist_end": 1450.0, "anomaly": false}, "geometry": {"type": "LineString", "coordinates": [[140.1500741249433, 35.60132725260312], [140.15000253989024, 35.60110964617483], [140.14993095483717, 35.60089203974653]]}}, {"type": "Feature", "properties": {"id": "京葉道路-上り-1-29", "route": "京葉道路", "direction": "上り", "from": null, "to": "千葉東JCT", "grade": -0.02, "elevation_start": 21.7, "elevation_end": 21.7, "quality": "estimated", "structure": "bridge", "chain_rank": 1, "cum_dist_start": 1450.0, "cum_dist_end": 1500.0, "anomaly": false}, "geometry": {"type": "LineString", "coordinates": [[140.14993095483717, 35.60089203974653], [140.14985906304537, 35.60067450224627], [140.14978430956154, 35.600457607803996]]}}, {"type": "Feature", "properties": {"id": "京葉道路-上り-1-30", "route": "京葉道路", "direction": "上り", "from": null, "to": "千葉東JCT", "grade": -0.02, "elevation_start": 21.7, "elevation_end": 21.7, "quality": "estimated", "structure": "bridge", "chain_rank": 1, "cum_dist_start": 1500.0, "cum_dist_end": 1550.0, "anomaly": false}, "geometry": {"type": "LineString", "coordinates": [[140.14978430956154, 35.600457607803996], [140.1497095560777, 35.60024071336172], [140.1496348025939, 35.60002381891945]]}}, {"type": "Feature", "properties": {"id": "京葉道路-上り-1-31", "route": "京葉道路", "direction": "上り", "from": "千葉東JCT", "to": "松ヶ丘ＩＣ", "grade": -0.02, "elevation_start": 21.7, "elevation_end": 21.6, "quality": "estimated", "structure": "bridge", "chain_rank": 1, "cum_dist_start": 1550.0, "cum_dist_end": 1600.0, "anomaly": false}, "geometry": {"type": "LineString", "coordinates": [[140.1496348025939, 35.60002381891945], [140.14956004911008, 35.59980692447718], [140.14948529562625, 35.5995900300349]]}}, {"type": "Feature", "properties": {"id": "京葉道路-上り-1-32", "route": "京葉道路", "direction": "上り", "from": "千葉東JCT", "to": "松ヶ丘ＩＣ", "grade": -0.02, "elevation_start": 21.6, "elevation_end": 21.6, "quality": "estimated", "structure": "bridge", "chain_rank": 1, "cum_dist_start": 1600.0, "cum_dist_end": 1650.0, "anomaly": false}, "geometry": {"type": "LineString", "coordinates": [[140.14948529562625, 35.5995900300349], [140.14941054214242, 35.59937313559263], [140.14933553487046, 35.599156300265754]]}}, {"type": "Feature", "properties": {"id": "京葉道路-上り-1-33", "route": "京葉道路", "direction": "上り", "from": "千葉東JCT", "to": "松ヶ丘ＩＣ", "grade": -0.02, "elevation_start": 21.6, "elevation_end": 21.6, "quality": "estimated", "structure": "bridge", "chain_rank": 1, "cum_dist_start": 1650.0, "cum_dist_end": 1700.0, "anomaly": false}, "geometry": {"type": "LineString", "coordinates": [[140.14933553487046, 35.599156300265754], [140.14925904268668, 35.59893981082242], [140.14918255050293, 35.5987233213791]]}}, {"type": "Feature", "properties": {"id": "京葉道路-上り-1-34", "route": "京葉道路", "direction": "上り", "from": "千葉東JCT", "to": "松ヶ丘ＩＣ", "grade": -0.02, "elevation_start": 21.6, "elevation_end": 21.6, "quality": "estimated", "structure": "bridge", "chain_rank": 1, "cum_dist_start": 1700.0, "cum_dist_end": 1750.0, "anomaly": false}, "geometry": {"type": "LineString", "coordinates": [[140.14918255050293, 35.5987233213791], [140.14910605831915, 35.598506831935765], [140.1490295661354, 35.59829034249244]]}}, {"type": "Feature", "properties": {"id": "京葉道路-上り-1-35", "route": "京葉道路", "direction": "上り", "from": "松ヶ丘ＩＣ", "to": "松ヶ丘IC", "grade": -0.02, "elevation_start": 21.6, "elevation_end": 21.6, "quality": "estimated", "structure": "bridge", "chain_rank": 1, "cum_dist_start": 1750.0, "cum_dist_end": 1800.0, "anomaly": false}, "geometry": {"type": "LineString", "coordinates": [[140.1490295661354, 35.59829034249244], [140.14895307395162, 35.59807385304911], [140.1488805404312, 35.59785646196351]]}}, {"type": "Feature", "properties": {"id": "京葉道路-上り-1-36", "route": "京葉道路", "direction": "上り", "from": "松ヶ丘ＩＣ", "to": "松ヶ丘IC", "grade": -0.02, "elevation_start": 21.6, "elevation_end": 21.6, "quality": "estimated", "structure": "bridge", "chain_rank": 1, "cum_dist_start": 1800.0, "cum_dist_end": 1850.0, "anomaly": false}, "geometry": {"type": "LineString", "coordinates": [[140.1488805404312, 35.59785646196351], [140.14880880052627, 35.59763889012063], [140.1487370606213, 35.59742131827774]]}}, {"type": "Feature", "properties": {"id": "京葉道路-上り-1-37", "route": "京葉道路", "direction": "上り", "from": "松ヶ丘ＩＣ", "to": "松ヶ丘IC", "grade": -0.02, "elevation_start": 21.6, "elevation_end": 21.6, "quality": "estimated", "structure": "bridge", "chain_rank": 1, "cum_dist_start": 1850.0, "cum_dist_end": 1900.0, "anomaly": false}, "geometry": {"type": "LineString", "coordinates": [[140.1487370606213, 35.59742131827774], [140.14866532071636, 35.59720374643486], [140.14859358081142, 35.596986174591976]]}}, {"type": "Feature", "properties": {"id": "京葉道路-上り-1-38", "route": "京葉道路", "direction": "上り", "from": "松ヶ丘ＩＣ", "to": "松ヶ丘IC", "grade": -0.02, "elevation_start": 21.6, "elevation_end": 21.6, "quality": "estimated", "structure": "bridge", "chain_rank": 1, "cum_dist_start": 1900.0, "cum_dist_end": 1950.0, "anomaly": false}, "geometry": {"type": "LineString", "coordinates": [[140.14859358081142, 35.596986174591976], [140.1485218533127, 35.596768600161234], [140.14845012447853, 35.59655102606986]]}}, {"type": "Feature", "properties": {"id": "京葉道路-上り-1-39", "route": "京葉道路", "direction": "上り", "from": "松ヶ丘ＩＣ", "to": "松ヶ丘IC", "grade": -0.02, "elevation_start": 21.6, "elevation_end": 21.6, "quality": "estimated", "structure": "bridge", "chain_rank": 1, "cum_dist_start": 1950.0, "cum_dist_end": 2000.0, "anomaly": false}, "geometry": {"type": "LineString", "coordinates": [[140.14845012447853, 35.59655102606986], [140.14837839564436, 35.59633345197849], [140.14830666681019, 35.596115877887115]]}}, {"type": "Feature", "properties": {"id": "京葉道路-上り-1-40", "route": "京葉道路", "direction": "上り", "from": "松ヶ丘ＩＣ", "to": "松ヶ丘IC", "grade": -0.02, "elevation_start": 21.6, "elevation_end": 21.6, "quality": "estimated", "structure": "bridge", "chain_rank": 1, "cum_dist_start": 2000.0, "cum_dist_end": 2050.0, "anomaly": false}, "geometry": {"type": "LineString", "coordinates": [[140.14830666681019, 35.596115877887115], [140.148234937976, 35.59589830379574], [140.1481608816741, 35.59568125698769]]}}, {"type": "Feature", "properties": {"id": "京葉道路-上り-1-41", "route": "京葉道路", "direction": "上り", "from": "松ヶ丘ＩＣ", "to": "松ヶ丘IC", "grade": -0.02, "elevation_start": 21.6, "elevation_end": 21.5, "quality": "estimated", "structure": "bridge", "chain_rank": 1, "cum_dist_start": 2050.0, "cum_dist_end": 2100.0, "anomaly": false}, "geometry": {"type": "LineString", "coordinates": [[140.1481608816741, 35.59568125698769], [140.14808517705677, 35.595464583602315], [140.14800947243944, 35.59524791021694]]}}, {"type": "Feature", "properties": {"id": "京葉道路-上り-1-42", "route": "京葉道路", "direction": "上り", "from": "松ヶ丘ＩＣ", "to": "松ヶ丘IC", "grade": -0.02, "elevation_start": 21.5, "elevation_end": 21.5, "quality": "estimated", "structure": "bridge", "chain_rank": 1, "cum_dist_start": 2100.0, "cum_dist_end": 2150.0, "anomaly": false}, "geometry": {"type": "LineString", "coordinates": [[140.14800947243944, 35.59524791021694], [140.1479337678221, 35.59503123683156], [140.14785806320478, 35.594814563446185]]}}, {"type": "Feature", "properties": {"id": "京葉道路-上り-1-43", "route": "京葉道路", "direction": "上り", "from": "松ヶ丘ＩＣ", "to": "松ヶ丘IC", "grade": -0.02, "elevation_start": 21.5, "elevation_end": 21.5, "quality": "estimated", "structure": "bridge", "chain_rank": 1, "cum_dist_start": 2150.0, "cum_dist_end": 2200.0, "anomaly": false}, "geometry": {"type": "LineString", "coordinates": [[140.14785806320478, 35.594814563446185], [140.14778235858745, 35.59459789006081], [140.14770665397012, 35.59438121667544]]}}, {"type": "Feature", "properties": {"id": "京葉道路-上り-1-44", "route": "京葉道路", "direction": "上り", "from": "松ヶ丘ＩＣ", "to": "松ヶ丘IC", "grade": -0.02, "elevation_start": 21.5, "elevation_end": 21.5, "quality": "estimated", "structure": "bridge", "chain_rank": 1, "cum_dist_start": 2200.0, "cum_dist_end": 2250.0, "anomaly": false}, "geometry": {"type": "LineString", "coordinates": [[140.14770665397012, 35.59438121667544], [140.14763329764162, 35.59416400620299], [140.14756017508148, 35.593946742264386]]}}, {"type": "Feature", "properties": {"id": "京葉道路-上り-1-45", "route": "京葉道路", "direction": "上り", "from": "松ヶ丘ＩＣ", "to": "松ヶ丘IC", "grade": -0.02, "elevation_start": 21.5, "elevation_end": 21.5, "quality": "estimated", "structure": "normal", "chain_rank": 1, "cum_dist_start": 2250.0, "cum_dist_end": 2300.0, "anomaly": false}, "geometry": {"type": "LineString", "coordinates": [[140.14756017508148, 35.593946742264386], [140.14748705252134, 35.59372947832579], [140.1474139299612, 35.59351221438719]]}}, {"type": "Feature", "properties": {"id": "京葉道路-上り-1-46", "route": "京葉道路", "direction": "上り", "from": "松ヶ丘ＩＣ", "to": "松ヶ丘IC", "grade": -0.02, "elevation_start": 21.5, "elevation_end": 21.5, "quality": "estimated", "structure": "normal", "chain_rank": 1, "cum_dist_start": 2300.0, "cum_dist_end": 2350.0, "anomaly": false}, "geometry": {"type": "LineString", "coordinates": [[140.1474139299612, 35.59351221438719], [140.14734080740104, 35.593294950448595], [140.14726739117197, 35.59307775318344]]}}, {"type": "Feature", "properties": {"id": "京葉道路-上り-1-47", "route": "京葉道路", "direction": "上り", "from": "松ヶ丘ＩＣ", "to": "松ヶ丘IC", "grade": 0.14, "elevation_start": 21.5, "elevation_end": 21.6, "quality": "estimated", "structure": "normal", "chain_rank": 1, "cum_dist_start": 2350.0, "cum_dist_end": 2400.0, "anomaly": false}, "geometry": {"type": "LineString", "coordinates": [[140.14726739117197, 35.59307775318344], [140.1471928384688, 35.59286081393889], [140.14711828576566, 35.59264387469434]]}}, {"type": "Feature", "properties": {"id": "京葉道路-上り-1-48", "route": "京葉道路", "direction": "上り", "from": "松ヶ丘ＩＣ", "to": "松ヶ丘IC", "grade": -0.08, "elevation_start": 21.6, "elevation_end": 21.5, "quality": "measured", "structure": "normal", "chain_rank": 1, "cum_dist_start": 2400.0, "cum_dist_end": 2450.0, "anomaly": false}, "geometry": {"type": "LineString", "coordinates": [[140.14711828576566, 35.59264387469434], [140.14704373306247, 35.592426935449794], [140.14696918035932, 35.59220999620524]]}}, {"type": "Feature", "properties": {"id": "京葉道路-上り-1-49", "route": "京葉道路", "direction": "上り", "from": "松ヶ丘ＩＣ", "to": "松ヶ丘IC", "grade": -0.02, "elevation_start": 21.5, "elevation_end": 21.5, "quality": "measured", "structure": "normal", "chain_rank": 1, "cum_dist_start": 2450.0, "cum_dist_end": 2500.0, "anomaly": false}, "geometry": {"type": "LineString", "coordinates": [[140.14696918035932, 35.59220999620524], [140.14689512937338, 35.591992942633716], [140.1468212827816, 35.59177584248661]]}}, {"type": "Feature", "properties": {"id": "京葉道路-上り-1-50", "route": "京葉道路", "direction": "上り", "from": "松ヶ丘ＩＣ", "to": "松ヶ丘IC", "grade": -0.79, "elevation_start": 21.5, "elevation_end": 21.1, "quality": "measured", "structure": "normal", "chain_rank": 1, "cum_dist_start": 2500.0, "cum_dist_end": 2550.0, "anomaly": false}, "geometry": {"type": "LineString", "coordinates": [[140.1468212827816, 35.59177584248661], [140.1467474361898, 35.59155874233951], [140.14667358959798, 35.591341642192404]]}}, {"type": "Feature", "properties": {"id": "京葉道路-上り-1-51", "route": "京葉道路", "direction": "上り", "from": "松ヶ丘ＩＣ", "to": "松ヶ丘IC", "grade": -0.57, "elevation_start": 21.1, "elevation_end": 20.8, "quality": "measured", "structure": "normal", "chain_rank": 1, "cum_dist_start": 2550.0, "cum_dist_end": 2600.0, "anomaly": false}, "geometry": {"type": "LineString", "coordinates": [[140.14667358959798, 35.591341642192404], [140.1466026022071, 35.59112392610699], [140.14653956002016, 35.590904580678476]]}}, {"type": "Feature", "properties": {"id": "京葉道路-上り-1-52", "route": "京葉道路", "direction": "上り", "from": "松ヶ丘ＩＣ", "to": "松ヶ丘IC", "grade": -0.24, "elevation_start": 20.8, "elevation_end": 20.7, "quality": "measured", "structure": "normal", "chain_rank": 1, "cum_dist_start": 2600.0, "cum_dist_end": 2650.0, "anomaly": false}, "geometry": {"type": "LineString", "coordinates": [[140.14653956002016, 35.590904580678476], [140.14648056450207, 35.59068447701895], [140.14642572707967, 35.590463660712985]]}}, {"type": "Feature", "properties": {"id": "京葉道路-上り-1-53", "route": "京葉道路", "direction": "上り", "from": "松ヶ丘ＩＣ", "to": "松ヶ丘IC", "grade": 0.0, "elevation_start": 20.7, "elevation_end": 20.7, "quality": "measured", "structure": "normal", "chain_rank": 1, "cum_dist_start": 2650.0, "cum_dist_end": 2700.0, "anomaly": false}, "geometry": {"type": "LineString", "coordinates": [[140.14642572707967, 35.590463660712985], [140.14637614164542, 35.590242006987715], [140.14633040439182, 35.59001980505459]]}}, {"type": "Feature", "properties": {"id": "京葉道路-上り-1-54", "route": "京葉道路", "direction": "上り", "from": "松ヶ丘ＩＣ", "to": "松ヶ丘IC", "grade": 0.36, "elevation_start": 20.7, "elevation_end": 20.9, "quality": "measured", "structure": "normal", "chain_rank": 1, "cum_dist_start": 2700.0, "cum_dist_end": 2750.0, "anomaly": false}, "geometry": {"type": "LineString", "coordinates": [[140.14633040439182, 35.59001980505459], [140.14629483225042, 35.589796363161824], [140.14626775375646, 35.58957213044751]]}}, {"type": "Feature", "properties": {"id": "京葉道路-上り-1-55", "route": "京葉道路", "direction": "上り", "from": "松ヶ丘ＩＣ", "to": "松ヶ丘IC", "grade": 0.79, "elevation_start": 20.9, "elevation_end": 21.3, "quality": "measured", "structure": "normal", "chain_rank": 1, "cum_dist_start": 2750.0, "cum_dist_end": 2800.0, "anomaly": false}, "geometry": {"type": "LineString", "coordinates": [[140.14626775375646, 35.58957213044751], [140.14625342239367, 35.58934718177095], [140.1462547272193, 35.58912191278311]]}}, {"type": "Feature", "properties": {"id": "京葉道路-上り-1-56", "route": "京葉道路", "direction": "上り", "from": "松ヶ丘ＩＣ", "to": "松ヶ丘IC", "grade": 0.65, "elevation_start": 21.3, "elevation_end": 21.6, "quality": "measured", "structure": "normal", "chain_rank": 1, "cum_dist_start": 2800.0, "cum_dist_end": 2850.0, "anomaly": false}, "geometry": {"type": "LineString", "coordinates": [[140.1462547272193, 35.58912191278311], [140.14626519565473, 35.58889676172985], [140.14628388250262, 35.58867198261192]]}}, {"type": "Feature", "properties": {"id": "京葉道路-上り-1-57", "route": "京葉道路", "direction": "上り", "from": "松ヶ丘ＩＣ", "to": "松ヶ丘IC", "grade": 0.65, "elevation_start": 21.6, "elevation_end": 21.9, "quality": "measured", "structure": "normal", "chain_rank": 1, "cum_dist_start": 2850.0, "cum_dist_end": 2900.0, "anomaly": false}, "geometry": {"type": "LineString", "coordinates": [[140.14628388250262, 35.58867198261192], [140.14631988202285, 35.58844862603692], [140.14636163370645, 35.58822594670963]]}}, {"type": "Feature", "properties": {"id": "京葉道路-上り-1-58", "route": "京葉道路", "direction": "上り", "from": "松ヶ丘ＩＣ", "to": "松ヶ丘IC", "grade": -7.86, "elevation_start": 21.9, "elevation_end": 18.0, "quality": "estimated", "structure": "normal", "chain_rank": 1, "cum_dist_start": 2900.0, "cum_dist_end": 2950.0, "anomaly": true}, "geometry": {"type": "LineString", "coordinates": [[140.14636163370645, 35.58822594670963], [140.14642501887315, 35.58800677644143], [140.1464954986186, 35.58778895051946]]}}, {"type": "Feature", "properties": {"id": "京葉道路-上り-1-59", "route": "京葉道路", "direction": "上り", "from": "松ヶ丘ＩＣ", "to": "松ヶ丘IC", "grade": -10.14, "elevation_start": 18.0, "elevation_end": 12.9, "quality": "estimated", "structure": "normal", "chain_rank": 1, "cum_dist_start": 2950.0, "cum_dist_end": 3000.0, "anomaly": true}, "geometry": {"type": "LineString", "coordinates": [[140.1464954986186, 35.58778895051946], [140.14657609064372, 35.58757350078942], [140.14666429352872, 35.58736002169254]]}}, {"type": "Feature", "properties": {"id": "京葉道路-上り-1-60", "route": "京葉道路", "direction": "上り", "from": "松ヶ丘ＩＣ", "to": "松ヶ丘IC", "grade": -3.12, "elevation_start": 12.9, "elevation_end": 11.4, "quality": "measured", "structure": "normal", "chain_rank": 1, "cum_dist_start": 3000.0, "cum_dist_end": 3050.0, "anomaly": false}, "geometry": {"type": "LineString", "coordinates": [[140.14666429352872, 35.58736002169254], [140.14675923520065, 35.587148464795334], [140.14685494341037, 35.58693713925557]]}}, {"type": "Feature", "properties": {"id": "京葉道路-上り-1-61", "route": "京葉道路", "direction": "上り", "from": "松ヶ丘IC", "to": "蘇我IC", "grade": 0.0, "elevation_start": 11.4, "elevation_end": 11.4, "quality": "measured", "structure": "normal", "chain_rank": 1, "cum_dist_start": 3050.0, "cum_dist_end": 3100.0, "anomaly": false}, "geometry": {"type": "LineString", "coordinates": [[140.14685494341037, 35.58693713925557], [140.1469550397778, 35.58672720630605], [140.1470600447043, 35.58651885395156]]}}, {"type": "Feature", "properties": {"id": "京葉道路-上り-1-62", "route": "京葉道路", "direction": "上り", "from": "松ヶ丘IC", "to": "蘇我IC", "grade": 4.37, "elevation_start": 11.4, "elevation_end": 13.6, "quality": "measured", "structure": "normal", "chain_rank": 1, "cum_dist_start": 3100.0, "cum_dist_end": 3150.0, "anomaly": false}, "geometry": {"type": "LineString", "coordinates": [[140.1470600447043, 35.58651885395156], [140.14717570596082, 35.58631429467809], [140.14729136721738, 35.58610973540461]]}}, {"type": "Feature", "properties": {"id": "京葉道路-上り-1-63", "route": "京葉道路", "direction": "上り", "from": "松ヶ丘IC", "to": "蘇我IC", "grade": 8.29, "elevation_start": 13.6, "elevation_end": 17.7, "quality": "estimated", "structure": "normal", "chain_rank": 1, "cum_dist_start": 3150.0, "cum_dist_end": 3200.0, "anomaly": true}, "geometry": {"type": "LineString", "coordinates": [[140.14729136721738, 35.58610973540461], [140.14741253838505, 35.58590736052499], [140.14753769312787, 35.5857065649262]]}}, {"type": "Feature", "properties": {"id": "京葉道路-上り-1-64", "route": "京葉道路", "direction": "上り", "from": "松ヶ丘IC", "to": "蘇我IC", "grade": 1.81, "elevation_start": 17.7, "elevation_end": 18.6, "quality": "measured", "structure": "normal", "chain_rank": 1, "cum_dist_start": 3200.0, "cum_dist_end": 3250.0, "anomaly": false}, "geometry": {"type": "LineString", "coordinates": [[140.14753769312787, 35.5857065649262], [140.1476628478707, 35.585505769327405], [140.14778166610242, 35.585302422422295]]}}, {"type": "Feature", "properties": {"id": "京葉道路-上り-1-65", "route": "京葉道路", "direction": "上り", "from": "松ヶ丘IC", "to": "蘇我IC", "grade": 8.49, "elevation_start": 18.6, "elevation_end": 22.9, "quality": "estimated", "structure": "normal", "chain_rank": 1, "cum_dist_start": 3250.0, "cum_dist_end": 3300.0, "anomaly": true}, "geometry": {"type": "LineString", "coordinates": [[140.14778166610242, 35.585302422422295], [140.14790041512896, 35.58509904765269], [140.14801698894422, 35.584894847654354]]}}, {"type": "Feature", "properties": {"id": "京葉道路-上り-1-66", "route": "京葉道路", "direction": "上り", "from": "松ヶ丘IC", "to": "蘇我IC", "grade": 0.0, "elevation_start": 22.9, "elevation_end": 22.9, "quality": "measured", "structure": "normal", "chain_rank": 1, "cum_dist_start": 3300.0, "cum_dist_end": 3350.0, "anomaly": false}, "geometry": {"type": "LineString", "coordinates": [[140.14801698894422, 35.584894847654354], [140.14812789989506, 35.584688574291626], [140.1482335352576, 35.58448043133162]]}}, {"type": "Feature", "properties": {"id": "京葉道路-上り-1-67", "route": "京葉道路", "direction": "上り", "from": "松ヶ丘IC", "to": "蘇我IC", "grade": -2.53, "elevation_start": 22.9, "elevation_end": 21.6, "quality": "measured", "structure": "normal", "chain_rank": 1, "cum_dist_start": 3350.0, "cum_dist_end": 3400.0, "anomaly": false}, "geometry": {"type": "LineString", "coordinates": [[140.1482335352576, 35.58448043133162], [140.14833392288372, 35.58427059413541], [140.1484213025486, 35.58405689537426]]}}, {"type": "Feature", "properties": {"id": "京葉道路-上り-1-68", "route": "京葉道路", "direction": "上り", "from": "松ヶ丘IC", "to": "蘇我IC", "grade": -4.26, "elevation_start": 21.6, "elevation_end": 19.5, "quality": "measured", "structure": "normal", "chain_rank": 1, "cum_dist_start": 3400.0, "cum_dist_end": 3450.0, "anomaly": false}, "geometry": {"type": "LineString", "coordinates": [[140.1484213025486, 35.58405689537426], [140.14850273399986, 35.58384161424644], [140.1485699503116, 35.58362320201789]]}}, {"type": "Feature", "properties": {"id": "京葉道路-上り-1-69", "route": "京葉道路", "direction": "上り", "from": "松ヶ丘IC", "to": "蘇我IC", "grade": -1.39, "elevation_start": 19.5, "elevation_end": 18.8, "quality": "measured", "structure": "normal", "chain_rank": 1, "cum_dist_start": 3450.0, "cum_dist_end": 3500.0, "anomaly": false}, "geometry": {"type": "LineString", "coordinates": [[140.1485699503116, 35.58362320201789], [140.14863506694985, 35.58340425028883], [140.14869336811947, 35.583184074256145]]}}, {"type": "Feature", "properties": {"id": "京葉道路-上り-1-70", "route": "京葉道路", "direction": "上り", "from": "松ヶ丘IC", "to": "蘇我IC", "grade": -1.61, "elevation_start": 18.8, "elevation_end": 18.0, "quality": "measured", "structure": "normal", "chain_rank": 1, "cum_dist_start": 3500.0, "cum_dist_end": 3550.0, "anomaly": false}, "geometry": {"type": "LineString", "coordinates": [[140.14869336811947, 35.583184074256145], [140.14873534800375, 35.58296151730858], [140.14875932887838, 35.58273708084595]]}}, {"type": "Feature", "properties": {"id": "京葉道路-上り-1-71", "route": "京葉道路", "direction": "上り", "from": "松ヶ丘IC", "to": "蘇我IC", "grade": -0.61, "elevation_start": 18.0, "elevation_end": 17.7, "quality": "measured", "structure": "normal", "chain_rank": 1, "cum_dist_start": 3550.0, "cum_dist_end": 3600.0, "anomaly": false}, "geometry": {"type": "LineString", "coordinates": [[140.14875932887838, 35.58273708084595], [140.14877552228313, 35.58251215671321], [140.14878538388118, 35.582287030677385]]}}, {"type": "Feature", "properties": {"id": "京葉道路-上り-1-72", "route": "京葉道路", "direction": "上り", "from": "松ヶ丘IC", "to": "蘇我IC", "grade": -0.01, "elevation_start": 17.7, "elevation_end": 17.6, "quality": "measured", "structure": "normal", "chain_rank": 1, "cum_dist_start": 3600.0, "cum_dist_end": 3650.0, "anomaly": false}, "geometry": {"type": "LineString", "coordinates": [[140.14878538388118, 35.582287030677385], [140.1487767936246, 35.58206187159673], [140.14875841812727, 35.58183705234496]]}}, {"type": "Feature", "properties": {"id": "京葉道路-上り-1-73", "route": "京葉道路", "direction": "上り", "from": "松ヶ丘IC", "to": "蘇我IC", "grade": 0.67, "elevation_start": 17.6, "elevation_end": 18.0, "quality": "measured", "structure": "normal", "chain_rank": 1, "cum_dist_start": 3650.0, "cum_dist_end": 3700.0, "anomaly": false}, "geometry": {"type": "LineString", "coordinates": [[140.14875841812727, 35.58183705234496], [140.14873189310782, 35.5816128501583], [140.14869250327916, 35.581389851546106]]}}, {"type": "Feature", "properties": {"id": "京葉道路-上り-1-74", "route": "京葉道路", "direction": "上り", "from": "松ヶ丘IC", "to": "蘇我IC", "grade": 1.35, "elevation_start": 18.0, "elevation_end": 18.7, "quality": "measured", "structure": "normal", "chain_rank": 1, "cum_dist_start": 3700.0, "cum_dist_end": 3750.0, "anomaly": false}, "geometry": {"type": "LineString", "coordinates": [[140.14869250327916, 35.581389851546106], [140.14864133389526, 35.58116844079935], [140.14857670570393, 35.58094940217603]]}}, {"type": "Feature", "properties": {"id": "京葉道路-上り-1-75", "route": "京葉道路", "direction": "上り", "from": "松ヶ丘IC", "to": "蘇我IC", "grade": 2.52, "elevation_start": 18.7, "elevation_end": 19.9, "quality": "measured", "structure": "normal", "chain_rank": 1, "cum_dist_start": 3750.0, "cum_dist_end": 3800.0, "anomaly": false}, "geometry": {"type": "LineString", "coordinates": [[140.14857670570393, 35.58094940217603], [140.14850665888835, 35.58073147682145], [140.14842401459535, 35.58051655892058]]}}, {"type": "Feature", "properties": {"id": "京葉道路-上り-1-76", "route": "京葉道路", "direction": "上り", "from": "松ヶ丘IC", "to": "蘇我IC", "grade": 1.94, "elevation_start": 19.9, "elevation_end": 20.9, "quality": "measured", "structure": "normal", "chain_rank": 1, "cum_dist_start": 3800.0, "cum_dist_end": 3850.0, "anomaly": false}, "geometry": {"type": "LineString", "coordinates": [[140.14842401459535, 35.58051655892058], [140.14832584133924, 35.58030602142177], [140.14821814822005, 35.58009858438885]]}}, {"type": "Feature", "properties": {"id": "京葉道路-上り-1-77", "route": "京葉道路", "direction": "上り", "from": "松ヶ丘IC", "to": "蘇我IC", "grade": 1.49, "elevation_start": 20.9, "elevation_end": 21.6, "quality": "measured", "structure": "normal", "chain_rank": 1, "cum_dist_start": 3850.0, "cum_dist_end": 3900.0, "anomaly": false}, "geometry": {"type": "LineString", "coordinates": [[140.14821814822005, 35.58009858438885], [140.14810582616929, 35.57989283076932], [140.14798194883832, 35.57969155603211]]}}, {"type": "Feature", "properties": {"id": "京葉道路-上り-1-78", "route": "京葉道路", "direction": "上り", "from": "松ヶ丘IC", "to": "蘇我IC", "grade": 1.21, "elevation_start": 21.6, "elevation_end": 22.2, "quality": "measured", "structure": "normal", "chain_rank": 1, "cum_dist_start": 3900.0, "cum_dist_end": 3950.0, "anomaly": false}, "geometry": {"type": "LineString", "coordinates": [[140.14798194883832, 35.57969155603211], [140.14784689671248, 35.579495131401366], [140.1477030772507, 35.57930288311978]]}}, {"type": "Feature", "properties": {"id": "京葉道路-上り-1-79", "route": "京葉道路", "direction": "上り", "from": "松ヶ丘IC", "to": "蘇我IC", "grade": 0.32, "elevation_start": 22.2, "elevation_end": 22.4, "quality": "measured", "structure": "normal", "chain_rank": 1, "cum_dist_start": 3950.0, "cum_dist_end": 4000.0, "anomaly": false}, "geometry": {"type": "LineString", "coordinates": [[140.1477030772507, 35.57930288311978], [140.14755055147424, 35.57911522921735], [140.14739144181846, 35.578931199680525]]}}, {"type": "Feature", "properties": {"id": "京葉道路-上り-1-80", "route": "京葉道路", "direction": "上り", "from": "松ヶ丘IC", "to": "蘇我IC", "grade": 0.0, "elevation_start": 22.4, "elevation_end": 22.4, "quality": "measured", "structure": "normal", "chain_rank": 1, "cum_dist_start": 4000.0, "cum_dist_end": 4050.0, "anomaly": false}, "geometry": {"type": "LineString", "coordinates": [[140.14739144181846, 35.578931199680525], [140.14722681975343, 35.57875043136109], [140.1470576521684, 35.578572466179125]]}}, {"type": "Feature", "properties": {"id": "京葉道路-上り-1-81", "route": "京葉道路", "direction": "上り", "from": "松ヶ丘IC", "to": "蘇我IC", "grade": -0.92, "elevation_start": 22.4, "elevation_end": 21.9, "quality": "measured", "structure": "normal", "chain_rank": 1, "cum_dist_start": 4050.0, "cum_dist_end": 4100.0, "anomaly": false}, "geometry": {"type": "LineString", "coordinates": [[140.1470576521684, 35.578572466179125], [140.1468884845834, 35.57839450099717], [140.14671931699837, 35.57821653581521]]}}, {"type": "Feature", "properties": {"id": "京葉道路-上り-1-82", "route": "京葉道路", "direction": "上り", "from": "松ヶ丘IC", "to": "蘇我IC", "grade": 0.0, "elevation_start": 21.9, "elevation_end": 21.9, "quality": "measured", "structure": "normal", "chain_rank": 1, "cum_dist_start": 4100.0, "cum_dist_end": 4150.0, "anomaly": false}, "geometry": {"type": "LineString", "coordinates": [[140.14671931699837, 35.57821653581521], [140.14654565785972, 35.578041520757196], [140.14636927792492, 35.577868292761416]]}}, {"type": "Feature", "properties": {"id": "京葉道路-上り-1-83", "route": "京葉道路", "direction": "上り", "from": "松ヶ丘IC", "to": "蘇我IC", "grade": -0.96, "elevation_start": 21.9, "elevation_end": 21.5, "quality": "estimated", "structure": "normal", "chain_rank": 1, "cum_dist_start": 4150.0, "cum_dist_end": 4200.0, "anomaly": false}, "geometry": {"type": "LineString", "coordinates": [[140.14636927792492, 35.577868292761416], [140.14619289799012, 35.577695064765635], [140.1460165180553, 35.57752183676986]]}}, {"type": "Feature", "properties": {"id": "京葉道路-上り-1-84", "route": "京葉道路", "direction": "上り", "from": "松ヶ丘IC", "to": "蘇我IC", "grade": -1.49, "elevation_start": 21.5, "elevation_end": 20.7, "quality": "estimated", "structure": "normal", "chain_rank": 1, "cum_dist_start": 4200.0, "cum_dist_end": 4250.0, "anomaly": false}, "geometry": {"type": "LineString", "coordinates": [[140.1460165180553, 35.57752183676986], [140.1458401381205, 35.57734860877408], [140.14566492127668, 35.57717459589839]]}}, {"type": "Feature", "properties": {"id": "京葉道路-上り-1-85", "route": "京葉道路", "direction": "上り", "from": "松ヶ丘IC", "to": "蘇我IC", "grade": -1.49, "elevation_start": 20.7, "elevation_end": 20.0, "quality": "estimated", "structure": "normal", "chain_rank": 1, "cum_dist_start": 4250.0, "cum_dist_end": 4300.0, "anomaly": false}, "geometry": {"type": "LineString", "coordinates": [[140.14566492127668, 35.57717459589839], [140.14548975420527, 35.57700054943517], [140.14531458713384, 35.57682650297195]]}}, {"type": "Feature", "properties": {"id": "京葉道路-上り-1-86", "route": "京葉道路", "direction": "上り", "from": "松ヶ丘IC", "to": "蘇我IC", "grade": -1.49, "elevation_start": 20.0, "elevation_end": 19.2, "quality": "estimated", "structure": "bridge", "chain_rank": 1, "cum_dist_start": 4300.0, "cum_dist_end": 4350.0, "anomaly": false}, "geometry": {"type": "LineString", "coordinates": [[140.14531458713384, 35.57682650297195], [140.14513503708693, 35.57665547654581], [140.14495603988686, 35.57648405476436]]}}, {"type": "Feature", "properties": {"id": "京葉道路-上り-1-87", "route": "京葉道路", "direction": "上り", "from": "松ヶ丘IC", "to": "蘇我IC", "grade": -1.49, "elevation_start": 19.2, "elevation_end": 18.5, "quality": "estimated", "structure": "bridge", "chain_rank": 1, "cum_dist_start": 4350.0, "cum_dist_end": 4400.0, "anomaly": false}, "geometry": {"type": "LineString", "coordinates": [[140.14495603988686, 35.57648405476436], [140.14477769843904, 35.576312174459765], [140.14459935699125, 35.57614029415518]]}}, {"type": "Feature", "properties": {"id": "京葉道路-上り-1-88", "route": "京葉道路", "direction": "上り", "from": "松ヶ丘IC", "to": "蘇我IC", "grade": -1.49, "elevation_start": 18.5, "elevation_end": 17.7, "quality": "estimated", "structure": "bridge", "chain_rank": 1, "cum_dist_start": 4400.0, "cum_dist_end": 4450.0, "anomaly": false}, "geometry": {"type": "LineString", "coordinates": [[140.14459935699125, 35.57614029415518], [140.1444243674763, 35.57596613906123], [140.14425019225368, 35.57579143134776]]}}, {"type": "Feature", "properties": {"id": "京葉道路-上り-1-89", "route": "京葉道路", "direction": "上り", "from": "松ヶ丘IC", "to": "蘇我IC", "grade": -1.49, "elevation_start": 17.7, "elevation_end": 17.0, "quality": "estimated", "structure": "normal", "chain_rank": 1, "cum_dist_start": 4450.0, "cum_dist_end": 4500.0, "anomaly": false}, "geometry": {"type": "LineString", "coordinates": [[140.14425019225368, 35.57579143134776], [140.14407601703104, 35.57561672363428], [140.14390184180843, 35.575442015920814]]}}, {"type": "Feature", "properties": {"id": "京葉道路-上り-1-90", "route": "京葉道路", "direction": "上り", "from": "松ヶ丘IC", "to": "蘇我IC", "grade": -1.49, "elevation_start": 17.0, "elevation_end": 16.3, "quality": "estimated", "structure": "normal", "chain_rank": 1, "cum_dist_start": 4500.0, "cum_dist_end": 4550.0, "anomaly": false}, "geometry": {"type": "LineString", "coordinates": [[140.14390184180843, 35.575442015920814], [140.1437254236854, 35.57526882073219], [140.14354864292167, 35.57509587009437]]}}, {"type": "Feature", "properties": {"id": "京葉道路-上り-1-91", "route": "京葉道路", "direction": "上り", "from": "松ヶ丘IC", "to": "蘇我IC", "grade": -0.74, "elevation_start": 16.3, "elevation_end": 15.9, "quality": "estimated", "structure": "normal", "chain_rank": 1, "cum_dist_start": 4550.0, "cum_dist_end": 4600.0, "anomaly": false}, "geometry": {"type": "LineString", "coordinates": [[140.14354864292167, 35.57509587009437], [140.14337186215792, 35.57492291945656], [140.14319508139417, 35.57474996881874]]}}, {"type": "Feature", "properties": {"id": "京葉道路-上り-1-92", "route": "京葉道路", "direction": "上り", "from": "松ヶ丘IC", "to": "蘇我IC", "grade": 0.0, "elevation_start": 15.9, "elevation_end": 15.9, "quality": "measured", "structure": "normal", "chain_rank": 1, "cum_dist_start": 4600.0, "cum_dist_end": 4650.0, "anomaly": false}, "geometry": {"type": "LineString", "coordinates": [[140.14319508139417, 35.57474996881874], [140.14301830063044, 35.57457701818093], [140.1428415198667, 35.57440406754312]]}}, {"type": "Feature", "properties": {"id": "京葉道路-上り-1-93", "route": "京葉道路", "direction": "上り", "from": "松ヶ丘IC", "to": "蘇我IC", "grade": -0.16, "elevation_start": 15.9, "elevation_end": 15.8, "quality": "estimated", "structure": "normal", "chain_rank": 1, "cum_dist_start": 4650.0, "cum_dist_end": 4700.0, "anomaly": false}, "geometry": {"type": "LineString", "coordinates": [[140.1428415198667, 35.57440406754312], [140.14266473910294, 35.5742311169053], [140.14248795833922, 35.57405816626749]]}}, {"type": "Feature", "properties": {"id": "京葉道路-上り-1-94", "route": "京葉道路", "direction": "上り", "from": "松ヶ丘IC", "to": "蘇我IC", "grade": -0.33, "elevation_start": 15.8, "elevation_end": 15.6, "quality": "estimated", "structure": "normal", "chain_rank": 1, "cum_dist_start": 4700.0, "cum_dist_end": 4750.0, "anomaly": false}, "geometry": {"type": "LineString", "coordinates": [[140.14248795833922, 35.57405816626749], [140.14231141743096, 35.57388505335115], [140.1421349390571, 35.57371189812608]]}}, {"type": "Feature", "properties": {"id": "京葉道路-上り-1-95", "route": "京葉道路", "direction": "上り", "from": "松ヶ丘IC", "to": "蘇我IC", "grade": -0.33, "elevation_start": 15.6, "elevation_end": 15.5, "quality": "estimated", "structure": "normal", "chain_rank": 1, "cum_dist_start": 4750.0, "cum_dist_end": 4800.0, "anomaly": false}, "geometry": {"type": "LineString", "coordinates": [[140.1421349390571, 35.57371189812608], [140.14195846068318, 35.573538742901], [140.14178196028695, 35.573365603074926]]}}, {"type": "Feature", "properties": {"id": "京葉道路-上り-1-96", "route": "京葉道路", "direction": "上り", "from": "松ヶ丘IC", "to": "蘇我IC", "grade": -0.33, "elevation_start": 15.5, "elevation_end": 15.3, "quality": "estimated", "structure": "bridge", "chain_rank": 1, "cum_dist_start": 4800.0, "cum_dist_end": 4850.0, "anomaly": false}, "geometry": {"type": "LineString", "coordinates": [[140.14178196028695, 35.573365603074926], [140.14160544872877, 35.57319247105379], [140.14142900069047, 35.573019296478726]]}}, {"type": "Feature", "properties": {"id": "京葉道路-上り-1-97", "route": "京葉道路", "direction": "上り", "from": "松ヶ丘IC", "to": "蘇我IC", "grade": -0.33, "elevation_start": 15.3, "elevation_end": 15.1, "quality": "estimated", "structure": "bridge", "chain_rank": 1, "cum_dist_start": 4850.0, "cum_dist_end": 4900.0, "anomaly": false}, "geometry": {"type": "LineString", "coordinates": [[140.14142900069047, 35.573019296478726], [140.14125256310814, 35.57284611489888], [140.14107612552584, 35.572672933319026]]}}, {"type": "Feature", "properties": {"id": "京葉道路-上り-1-98", "route": "京葉道路", "direction": "上り", "from": "松ヶ丘IC", "to": "蘇我IC", "grade": -0.33, "elevation_start": 15.1, "elevation_end": 15.0, "quality": "estimated", "structure": "bridge", "chain_rank": 1, "cum_dist_start": 4900.0, "cum_dist_end": 4950.0, "anomaly": false}, "geometry": {"type": "LineString", "coordinates": [[140.14107612552584, 35.572672933319026], [140.14089968794354, 35.57249975173917], [140.14072152887474, 35.572327757155854]]}}, {"type": "Feature", "properties": {"id": "京葉道路-上り-1-99", "route": "京葉道路", "direction": "上り", "from": "松ヶ丘IC", "to": "蘇我IC", "grade": -0.33, "elevation_start": 15.0, "elevation_end": 14.8, "quality": "estimated", "structure": "bridge", "chain_rank": 1, "cum_dist_start": 4950.0, "cum_dist_end": 5000.0, "anomaly": false}, "geometry": {"type": "LineString", "coordinates": [[140.14072152887474, 35.572327757155854], [140.14054231618127, 35.57215648906609], [140.14036360821183, 35.571984875823645]]}}, {"type": "Feature", "properties": {"id": "京葉道路-上り-1-100", "route": "京葉道路", "direction": "上り", "from": "松ヶ丘IC", "to": "蘇我IC", "grade": -0.33, "elevation_start": 14.8, "elevation_end": 14.7, "quality": "estimated", "structure": "bridge", "chain_rank": 1, "cum_dist_start": 5000.0, "cum_dist_end": 5050.0, "anomaly": false}, "geometry": {"type": "LineString", "coordinates": [[140.14036360821183, 35.571984875823645], [140.1401887659624, 35.57181061903021], [140.14001392371298, 35.571636362236774]]}}, {"type": "Feature", "properties": {"id": "京葉道路-上り-1-101", "route": "京葉道路", "direction": "上り", "from": "松ヶ丘IC", "to": "蘇我IC", "grade": -0.33, "elevation_start": 14.7, "elevation_end": 14.5, "quality": "estimated", "structure": "bridge", "chain_rank": 1, "cum_dist_start": 5050.0, "cum_dist_end": 5100.0, "anomaly": false}, "geometry": {"type": "LineString", "coordinates": [[140.14001392371298, 35.571636362236774], [140.1398401288038, 35.57146140917217], [140.13966673278279, 35.571286190926955]]}}, {"type": "Feature", "properties": {"id": "京葉道路-上り-1-102", "route": "京葉道路", "direction": "上り", "from": "松ヶ丘IC", "to": "蘇我IC", "grade": -0.33, "elevation_start": 14.5, "elevation_end": 14.3, "quality": "estimated", "structure": "bridge", "chain_rank": 1, "cum_dist_start": 5100.0, "cum_dist_end": 5150.0, "anomaly": false}, "geometry": {"type": "LineString", "coordinates": [[140.13966673278279, 35.571286190926955], [140.13949891341898, 35.57110738828911], [140.1393356728314, 35.57092581695456]]}}, {"type": "Feature", "properties": {"id": "京葉道路-上り-1-103", "route": "京葉道路", "direction": "上り", "from": "松ヶ丘IC", "to": "蘇我IC", "grade": -0.33, "elevation_start": 14.3, "elevation_end": 14.2, "quality": "estimated", "structure": "bridge", "chain_rank": 1, "cum_dist_start": 5150.0, "cum_dist_end": 5200.0, "anomaly": false}, "geometry": {"type": "LineString", "coordinates": [[140.1393356728314, 35.57092581695456], [140.13917890711662, 35.570740464767695], [140.13902566745685, 35.57055312570756]]}}, {"type": "Feature", "properties": {"id": "京葉道路-上り-1-104", "route": "京葉道路", "direction": "上り", "from": "松ヶ丘IC", "to": "蘇我IC", "grade": -0.33, "elevation_start": 14.2, "elevation_end": 14.0, "quality": "estimated", "structure": "bridge", "chain_rank": 1, "cum_dist_start": 5200.0, "cum_dist_end": 5250.0, "anomaly": false}, "geometry": {"type": "LineString", "coordinates": [[140.13902566745685, 35.57055312570756], [140.13887530034916, 35.57036428650905], [140.1387372600228, 35.57016927487691]]}}, {"type": "Feature", "properties": {"id": "京葉道路-上り-1-105", "route": "京葉道路", "direction": "上り", "from": "松ヶ丘IC", "to": "蘇我IC", "grade": -0.33, "elevation_start": 14.0, "elevation_end": 13.8, "quality": "estimated", "structure": "normal", "chain_rank": 1, "cum_dist_start": 5250.0, "cum_dist_end": 5300.0, "anomaly": false}, "geometry": {"type": "LineString", "coordinates": [[140.1387372600228, 35.57016927487691], [140.1386073205022, 35.56997054616006], [140.13848460456575, 35.56976876718879]]}}, {"type": "Feature", "properties": {"id": "京葉道路-上り-1-106", "route": "京葉道路", "direction": "上り", "from": "松ヶ丘IC", "to": "蘇我IC", "grade": -0.33, "elevation_start": 13.8, "elevation_end": 13.7, "quality": "estimated", "structure": "normal", "chain_rank": 1, "cum_dist_start": 5300.0, "cum_dist_end": 5350.0, "anomaly": false}, "geometry": {"type": "LineString", "coordinates": [[140.13848460456575, 35.56976876718879], [140.13837585615752, 35.56956183911768], [140.13827338600672, 35.56935264698236]]}}, {"type": "Feature", "properties": {"id": "京葉道路-上り-1-107", "route": "京葉道路", "direction": "上り", "from": "松ヶ丘IC", "to": "蘇我IC", "grade": -0.33, "elevation_start": 13.7, "elevation_end": 13.5, "quality": "estimated", "structure": "bridge", "chain_rank": 1, "cum_dist_start": 5350.0, "cum_dist_end": 5400.0, "anomaly": false}, "geometry": {"type": "LineString", "coordinates": [[140.13827338600672, 35.56935264698236], [140.13817648639707, 35.56914174451306], [140.13809996650622, 35.5689253414216]]}}, {"type": "Feature", "properties": {"id": "京葉道路-上り-1-108", "route": "京葉道路", "direction": "上り", "from": "松ヶ丘IC", "to": "蘇我IC", "grade": -0.33, "elevation_start": 13.5, "elevation_end": 13.4, "quality": "estimated", "structure": "bridge", "chain_rank": 1, "cum_dist_start": 5400.0, "cum_dist_end": 5450.0, "anomaly": false}, "geometry": {"type": "LineString", "coordinates": [[140.13809996650622, 35.5689253414216], [140.13803477907703, 35.56870641897873], [140.13798070594996, 35.568485534888204]]}}, {"type": "Feature", "properties": {"id": "京葉道路-上り-1-109", "route": "京葉道路", "direction": "上り", "from": "松ヶ丘IC", "to": "蘇我IC", "grade": -0.33, "elevation_start": 13.4, "elevation_end": 13.2, "quality": "estimated", "structure": "normal", "chain_rank": 1, "cum_dist_start": 5450.0, "cum_dist_end": 5500.0, "anomaly": false}, "geometry": {"type": "LineString", "coordinates": [[140.13798070594996, 35.568485534888204], [140.1379333709879, 35.56826355933234], [140.13790126598974, 35.568039779141806]]}}, {"type": "Feature", "properties": {"id": "京葉道路-上り-1-110", "route": "京葉道路", "direction": "上り", "from": "松ヶ丘IC", "to": "蘇我IC", "grade": -0.33, "elevation_start": 13.2, "elevation_end": 13.0, "quality": "estimated", "structure": "normal", "chain_rank": 1, "cum_dist_start": 5500.0, "cum_dist_end": 5550.0, "anomaly": false}, "geometry": {"type": "LineString", "coordinates": [[140.13790126598974, 35.568039779141806], [140.1378801908623, 35.56781511340077], [140.13786971169927, 35.567589984593724]]}}, {"type": "Feature", "properties": {"id": "京葉道路-上り-1-111", "route": "京葉道路", "direction": "上り", "from": "松ヶ丘IC", "to": "蘇我IC", "grade": -0.33, "elevation_start": 13.0, "elevation_end": 12.9, "quality": "estimated", "structure": "normal", "chain_rank": 1, "cum_dist_start": 5550.0, "cum_dist_end": 5600.0, "anomaly": false}, "geometry": {"type": "LineString", "coordinates": [[140.13786971169927, 35.567589984593724], [140.13786979541115, 35.56736471944678], [140.1378746288098, 35.56713942936422]]}}, {"type": "Feature", "properties": {"id": "京葉道路-上り-1-112", "route": "京葉道路", "direction": "上り", "from": "松ヶ丘IC", "to": "蘇我IC", "grade": -0.33, "elevation_start": 12.9, "elevation_end": 12.7, "quality": "estimated", "structure": "normal", "chain_rank": 1, "cum_dist_start": 5600.0, "cum_dist_end": 5650.0, "anomaly": false}, "geometry": {"type": "LineString", "coordinates": [[140.1378746288098, 35.56713942936422], [140.1378847002321, 35.56691426656531], [140.13790186662277, 35.56668946868251]]}}, {"type": "Feature", "properties": {"id": "京葉道路-上り-1-113", "route": "京葉道路", "direction": "上り", "from": "松ヶ丘IC", "to": "蘇我IC", "grade": -0.33, "elevation_start": 12.7, "elevation_end": 12.5, "quality": "estimated", "structure": "normal", "chain_rank": 1, "cum_dist_start": 5650.0, "cum_dist_end": 5700.0, "anomaly": false}, "geometry": {"type": "LineString", "coordinates": [[140.13790186662277, 35.56668946868251], [140.13792977876705, 35.56646530108713], [140.13796234537742, 35.56624157317351]]}}, {"type": "Feature", "properties": {"id": "京葉道路-上り-1-114", "route": "京葉道路", "direction": "上り", "from": "松ヶ丘IC", "to": "蘇我IC", "grade": -0.33, "elevation_start": 12.5, "elevation_end": 12.4, "quality": "estimated", "structure": "normal", "chain_rank": 1, "cum_dist_start": 5700.0, "cum_dist_end": 5750.0, "anomaly": false}, "geometry": {"type": "LineString", "coordinates": [[140.13796234537742, 35.56624157317351], [140.1379977710718, 35.566018115341784], [140.13803319676623, 35.56579465751007]]}}, {"type": "Feature", "properties": {"id": "京葉道路-上り-1-115", "route": "京葉道路", "direction": "上り", "from": "蘇我IC", "to": null, "grade": -0.33, "elevation_start": 12.4, "elevation_end": 12.2, "quality": "estimated", "structure": "normal", "chain_rank": 1, "cum_dist_start": 5750.0, "cum_dist_end": 5800.0, "anomaly": false}, "geometry": {"type": "LineString", "coordinates": [[140.13803319676623, 35.56579465751007], [140.13806862246062, 35.56557119967835], [140.13810403309432, 35.56534774025565]]}}, {"type": "Feature", "properties": {"id": "京葉道路-上り-1-116", "route": "京葉道路", "direction": "上り", "from": "蘇我IC", "to": null, "grade": -0.33, "elevation_start": 12.2, "elevation_end": 12.1, "quality": "estimated", "structure": "bridge", "chain_rank": 1, "cum_dist_start": 5800.0, "cum_dist_end": 5850.0, "anomaly": false}, "geometry": {"type": "LineString", "coordinates": [[140.13810403309432, 35.56534774025565], [140.1381386079123, 35.56512419728654], [140.13816986151906, 35.56490032427113]]}}, {"type": "Feature", "properties": {"id": "京葉道路-上り-1-117", "route": "京葉道路", "direction": "上り", "from": "蘇我IC", "to": null, "grade": -0.33, "elevation_start": 12.1, "elevation_end": 11.9, "quality": "estimated", "structure": "bridge", "chain_rank": 1, "cum_dist_start": 5850.0, "cum_dist_end": 5900.0, "anomaly": false}, "geometry": {"type": "LineString", "coordinates": [[140.13816986151906, 35.56490032427113], [140.13820149588858, 35.564676489269935], [140.13823689960935, 35.56445302913382]]}}, {"type": "Feature", "properties": {"id": "京葉道路-上り-1-118", "route": "京葉道路", "direction": "上り", "from": "蘇我IC", "to": null, "grade": -0.33, "elevation_start": 11.9, "elevation_end": 11.7, "quality": "estimated", "structure": "bridge", "chain_rank": 1, "cum_dist_start": 5900.0, "cum_dist_end": 5950.0, "anomaly": false}, "geometry": {"type": "LineString", "coordinates": [[140.13823689960935, 35.56445302913382], [140.13827728887017, 35.56423014792344], [140.13831952770283, 35.564007481985]]}}, {"type": "Feature", "properties": {"id": "京葉道路-上り-1-119", "route": "京葉道路", "direction": "上り", "from": "蘇我IC", "to": null, "grade": -0.33, "elevation_start": 11.7, "elevation_end": 11.6, "quality": "estimated", "structure": "normal", "chain_rank": 1, "cum_dist_start": 5950.0, "cum_dist_end": 6000.0, "anomaly": false}, "geometry": {"type": "LineString", "coordinates": [[140.13831952770283, 35.564007481985], [140.13835996723594, 35.563784607415634], [140.13839521209036, 35.563561130517044]]}}, {"type": "Feature", "properties": {"id": "京葉道路-上り-1-120", "route": "京葉道路", "direction": "上り", "from": "蘇我IC", "to": null, "grade": -0.33, "elevation_start": 11.6, "elevation_end": 11.4, "quality": "estimated", "structure": "normal", "chain_rank": 1, "cum_dist_start": 6000.0, "cum_dist_end": 6050.0, "anomaly": false}, "geometry": {"type": "LineString", "coordinates": [[140.13839521209036, 35.563561130517044], [140.13843045694477, 35.56333765361846], [140.13846570179922, 35.56311417671988]]}}, {"type": "Feature", "properties": {"id": "京葉道路-上り-1-121", "route": "京葉道路", "direction": "上り", "from": "蘇我IC", "to": null, "grade": -0.21, "elevation_start": 11.4, "elevation_end": 11.3, "quality": "estimated", "structure": "normal", "chain_rank": 1, "cum_dist_start": 6050.0, "cum_dist_end": 6100.0, "anomaly": false}, "geometry": {"type": "LineString", "coordinates": [[140.13846570179922, 35.56311417671988], [140.13850094665364, 35.562890699821295], [140.13853631731325, 35.562667236373926]]}}, {"type": "Feature", "properties": {"id": "京葉道路-上り-1-122", "route": "京葉道路", "direction": "上り", "from": "蘇我IC", "to": null, "grade": -0.19, "elevation_start": 11.3, "elevation_end": 11.2, "quality": "measured", "structure": "normal", "chain_rank": 1, "cum_dist_start": 6100.0, "cum_dist_end": 6150.0, "anomaly": false}, "geometry": {"type": "LineString", "coordinates": [[140.13853631731325, 35.562667236373926], [140.13857262001756, 35.56244387258171], [140.13860892272186, 35.562220508789494]]}}, {"type": "Feature", "properties": {"id": "京葉道路-上り-1-123", "route": "京葉道路", "direction": "上り", "from": "蘇我IC", "to": null, "grade": -0.58, "elevation_start": 11.2, "elevation_end": 10.9, "quality": "measured", "structure": "normal", "chain_rank": 1, "cum_dist_start": 6150.0, "cum_dist_end": 6200.0, "anomaly": false}, "geometry": {"type": "LineString", "coordinates": [[140.13860892272186, 35.562220508789494], [140.13864522542616, 35.56199714499728], [140.13868152813046, 35.56177378120506]]}}, {"type": "Feature", "properties": {"id": "京葉道路-上り-1-124", "route": "京葉道路", "direction": "上り", "from": "蘇我IC", "to": null, "grade": -0.09, "elevation_start": 10.9, "elevation_end": 10.9, "quality": "measured", "structure": "normal", "chain_rank": 1, "cum_dist_start": 6200.0, "cum_dist_end": 6250.0, "anomaly": false}, "geometry": {"type": "LineString", "coordinates": [[140.13868152813046, 35.56177378120506], [140.13871783083476, 35.561550417412846], [140.13875413353907, 35.56132705362063]]}}, {"type": "Feature", "properties": {"id": "京葉道路-上り-1-125", "route": "京葉道路", "direction": "上り", "from": "蘇我IC", "to": null, "grade": -0.18, "elevation_start": 10.9, "elevation_end": 10.8, "quality": "measured", "structure": "normal", "chain_rank": 1, "cum_dist_start": 6250.0, "cum_dist_end": 6300.0, "anomaly": false}, "geometry": {"type": "LineString", "coordinates": [[140.13875413353907, 35.56132705362063], [140.13879043624337, 35.56110368982842], [140.13882673894767, 35.560880326036205]]}}, {"type": "Feature", "properties": {"id": "京葉道路-上り-1-126", "route": "京葉道路", "direction": "上り", "from": "蘇我IC", "to": null, "grade": -0.19, "elevation_start": 10.8, "elevation_end": 10.7, "quality": "measured", "structure": "normal", "chain_rank": 1, "cum_dist_start": 6300.0, "cum_dist_end": 6350.0, "anomaly": false}, "geometry": {"type": "LineString", "coordinates": [[140.13882673894767, 35.560880326036205], [140.1388614090161, 35.560656790860726], [140.13889538211157, 35.56043318252166]]}}, {"type": "Feature", "properties": {"id": "京葉道路-上り-1-127", "route": "京葉道路", "direction": "上り", "from": "蘇我IC", "to": null, "grade": -0.24, "elevation_start": 10.7, "elevation_end": 10.6, "quality": "estimated", "structure": "normal", "chain_rank": 1, "cum_dist_start": 6350.0, "cum_dist_end": 6400.0, "anomaly": false}, "geometry": {"type": "LineString", "coordinates": [[140.13889538211157, 35.56043318252166], [140.138929355207, 35.56020957418261], [140.13896332830248, 35.559985965843545]]}}, {"type": "Feature", "properties": {"id": "京葉道路-上り-1-128", "route": "京葉道路", "direction": "上り", "from": "蘇我IC", "to": null, "grade": -0.29, "elevation_start": 10.6, "elevation_end": 10.4, "quality": "estimated", "structure": "normal", "chain_rank": 1, "cum_dist_start": 6400.0, "cum_dist_end": 6450.0, "anomaly": false}, "geometry": {"type": "LineString", "coordinates": [[140.13896332830248, 35.559985965843545], [140.13899730139795, 35.55976235750448], [140.1390273086253, 35.55953838382547]]}}, {"type": "Feature", "properties": {"id": "京葉道路-上り-1-129", "route": "京葉道路", "direction": "上り", "from": "蘇我IC", "to": null, "grade": -0.29, "elevation_start": 10.4, "elevation_end": 10.3, "quality": "estimated", "structure": "normal", "chain_rank": 1, "cum_dist_start": 6450.0, "cum_dist_end": 6500.0, "anomaly": false}, "geometry": {"type": "LineString", "coordinates": [[140.1390273086253, 35.55953838382547], [140.1390666252875, 35.559315360987064], [140.1391059419497, 35.55909233814866]]}}, {"type": "Feature", "properties": {"id": "京葉道路-上り-1-130", "route": "京葉道路", "direction": "上り", "from": "蘇我IC", "to": null, "grade": -0.29, "elevation_start": 10.3, "elevation_end": 10.1, "quality": "estimated", "structure": "bridge", "chain_rank": 1, "cum_dist_start": 6500.0, "cum_dist_end": 6550.0, "anomaly": false}, "geometry": {"type": "LineString", "coordinates": [[140.1391059419497, 35.55909233814866], [140.13914525861193, 35.558869315310254], [140.13918599724192, 35.55864646604903]]}}, {"type": "Feature", "properties": {"id": "京葉道路-上り-1-131", "route": "京葉道路", "direction": "上り", "from": "蘇我IC", "to": null, "grade": -0.29, "elevation_start": 10.1, "elevation_end": 10.0, "quality": "estimated", "structure": "bridge", "chain_rank": 1, "cum_dist_start": 6550.0, "cum_dist_end": 6600.0, "anomaly": false}, "geometry": {"type": "LineString", "coordinates": [[140.13918599724192, 35.55864646604903], [140.13922815539073, 35.55842379006604], [140.13926923792877, 35.55820098804254]]}}, {"type": "Feature", "properties": {"id": "京葉道路-上り-1-132", "route": "京葉道路", "direction": "上り", "from": "蘇我IC", "to": null, "grade": -0.29, "elevation_start": 10.0, "elevation_end": 9.8, "quality": "estimated", "structure": "normal", "chain_rank": 1, "cum_dist_start": 6600.0, "cum_dist_end": 6650.0, "anomaly": false}, "geometry": {"type": "LineString", "coordinates": [[140.13926923792877, 35.55820098804254], [140.13930536087167, 35.55797760485172], [140.1393414838146, 35.5577542216609]]}}, {"type": "Feature", "properties": {"id": "京葉道路-上り-1-133", "route": "京葉道路", "direction": "上り", "from": "蘇我IC", "to": null, "grade": -0.29, "elevation_start": 9.8, "elevation_end": 9.7, "quality": "estimated", "structure": "normal", "chain_rank": 1, "cum_dist_start": 6650.0, "cum_dist_end": 6700.0, "anomaly": false}, "geometry": {"type": "LineString", "coordinates": [[140.1393414838146, 35.5577542216609], [140.1393776067575, 35.55753083847007], [140.1394137297004, 35.55730745527925]]}}, {"type": "Feature", "properties": {"id": "京葉道路-上り-1-134", "route": "京葉道路", "direction": "上り", "from": "蘇我IC", "to": null, "grade": -0.29, "elevation_start": 9.7, "elevation_end": 9.5, "quality": "estimated", "structure": "normal", "chain_rank": 1, "cum_dist_start": 6700.0, "cum_dist_end": 6750.0, "anomaly": false}, "geometry": {"type": "LineString", "coordinates": [[140.1394137297004, 35.55730745527925], [140.13944985264334, 35.55708407208842], [140.13948597558624, 35.5568606888976]]}}, {"type": "Feature", "properties": {"id": "京葉道路-上り-1-135", "route": "京葉道路", "direction": "上り", "from": "蘇我IC", "to": null, "grade": 0.17, "elevation_start": 9.5, "elevation_end": 9.6, "quality": "measured", "structure": "normal", "chain_rank": 1, "cum_dist_start": 6750.0, "cum_dist_end": 6800.0, "anomaly": false}, "geometry": {"type": "LineString", "coordinates": [[140.13948597558624, 35.5568606888976], [140.13952209852917, 35.55663730570677], [140.13955822147207, 35.55641392251595]]}}, {"type": "Feature", "properties": {"id": "京葉道路-上り-1-136", "route": "京葉道路", "direction": "上り", "from": "蘇我IC", "to": null, "grade": 0.39, "elevation_start": 9.6, "elevation_end": 9.8, "quality": "measured", "structure": "normal", "chain_rank": 1, "cum_dist_start": 6800.0, "cum_dist_end": 6850.0, "anomaly": false}, "geometry": {"type": "LineString", "coordinates": [[140.13955822147207, 35.55641392251595], [140.139594344415, 35.55619053932512], [140.1396304673579, 35.5559671561343]]}}, {"type": "Feature", "properties": {"id": "京葉道路-上り-1-137", "route": "京葉道路", "direction": "上り", "from": "蘇我IC", "to": null, "grade": 0.84, "elevation_start": 9.8, "elevation_end": 10.2, "quality": "measured", "structure": "normal", "chain_rank": 1, "cum_dist_start": 6850.0, "cum_dist_end": 6900.0, "anomaly": false}, "geometry": {"type": "LineString", "coordinates": [[140.1396304673579, 35.5559671561343], [140.13966659030083, 35.55574377294347], [140.13970271324374, 35.55552038975265]]}}, {"type": "Feature", "properties": {"id": "京葉道路-上り-1-138", "route": "京葉道路", "direction": "上り", "from": "蘇我IC", "to": null, "grade": 0.71, "elevation_start": 10.2, "elevation_end": 10.6, "quality": "measured", "structure": "normal", "chain_rank": 1, "cum_dist_start": 6900.0, "cum_dist_end": 6950.0, "anomaly": false}, "geometry": {"type": "LineString", "coordinates": [[140.13970271324374, 35.55552038975265], [140.13973883618664, 35.55529700656182], [140.13977495912957, 35.555073623371]]}}, {"type": "Feature", "properties": {"id": "京葉道路-上り-1-139", "route": "京葉道路", "direction": "上り", "from": "蘇我IC", "to": null, "grade": -2.97, "elevation_start": 10.6, "elevation_end": 9.1, "quality": "measured", "structure": "normal", "chain_rank": 1, "cum_dist_start": 6950.0, "cum_dist_end": 7000.0, "anomaly": false}, "geometry": {"type": "LineString", "coordinates": [[140.13977495912957, 35.555073623371], [140.13981108207247, 35.55485024018017], [140.13984719687102, 35.55462685612632]]}}]}