{"type": "FeatureCollection", "features": [{"type": "Feature", "properties": {"id": "東京湾アクアライン-上り-0-0", "route": "東京湾アクアライン", "direction": "上り", "from": "木更津JCT", "to": "袖ヶ浦IC", "grade": -0.27, "elevation_start": 38.3, "elevation_end": 37.6, "quality": "estimated", "structure": "bridge", "chain_rank": 0, "cum_dist_start": 0.0, "cum_dist_end": 250.0, "anomaly": false}, "geometry": {"type": "LineString", "coordinates": [[139.9798055, 35.3764606], [139.97971569631252, 35.37667358976212], [139.97962521459834, 35.37688638726462], [139.97953473288416, 35.37709918476711], [139.97944425116998, 35.3773119822696], [139.97935376945577, 35.3775247797721], [139.9792593043092, 35.3777364034716], [139.97916348389361, 35.377947627812276], [139.979067663478, 35.37815885215296], [139.97896994340283, 35.37836948556016], [139.9788703509665, 35.378579536525685]]}}, {"type": "Feature", "properties": {"id": "東京湾アクアライン-上り-0-1", "route": "東京湾アクアライン", "direction": "上り", "from": "木更津JCT", "to": "袖ヶ浦IC", "grade": -1.9, "elevation_start": 37.6, "elevation_end": 32.9, "quality": "measured", "structure": "normal", "chain_rank": 0, "cum_dist_start": 250.0, "cum_dist_end": 500.0, "anomaly": false}, "geometry": {"type": "LineString", "coordinates": [[139.9788703509665, 35.378579536525685], [139.97877075853015, 35.37878958749122], [139.97867116609382, 35.37899963845675], [139.9785633758847, 35.37920692087776], [139.9784532251297, 35.379413406097335], [139.9783430743747, 35.379619891316906], [139.9782329236197, 35.37982637653648], [139.9781170583533, 35.38003073979239], [139.97799997731536, 35.38023465159711], [139.97788289627746, 35.380438563401825], [139.97776017486277, 35.38064023469397]]}}, {"type": "Feature", "properties": {"id": "東京湾アクアライン-上り-0-2", "route": "東京湾アクアライン", "direction": "上り", "from": "木更津JCT", "to": "袖ヶ浦IC", "grade": -1.99, "elevation_start": 32.9, "elevation_end": 27.9, "quality": "measured", "structure": "normal", "chain_rank": 0, "cum_dist_start": 500.0, "cum_dist_end": 750.0, "anomaly": false}, "geometry": {"type": "LineString", "coordinates": [[139.97776017486277, 35.38064023469397], [139.9776371058609, 35.38084176791495], [139.9775104111658, 35.38104173748003], [139.97737712277888, 35.38123886337788], [139.97724383439194, 35.38143598927572], [139.97710795120713, 35.38163191917302], [139.9769713025268, 35.38182749634156], [139.97683465384648, 35.382023073510105], [139.97669759568305, 35.38221844942457], [139.97655112137372, 35.38240919746132], [139.97640453264088, 35.382599884956825]]}}, {"type": "Feature", "properties": {"id": "東京湾アクアライン-上り-0-3", "route": "東京湾アクアライン", "direction": "上り", "from": "木更津JCT", "to": "袖ヶ浦IC", "grade": -1.59, "elevation_start": 27.9, "elevation_end": 23.9, "quality": "measured", "structure": "normal", "chain_rank": 0, "cum_dist_start": 750.0, "cum_dist_end": 1000.0, "anomaly": false}, "geometry": {"type": "LineString", "coordinates": [[139.97640453264088, 35.382599884956825], [139.97625238259022, 35.382787629969336], [139.97610023253955, 35.382975374981854], [139.97594692148476, 35.38316248588353], [139.97579359077795, 35.38334958605177], [139.97564026007117, 35.38353668622001], [139.97547946805742, 35.38371953611928], [139.97531857443224, 35.38390232813648], [139.9751576808071, 35.38408512015368], [139.9749967871819, 35.38426791217088], [139.97483392685854, 35.38444952612528]]}}, {"type": "Feature", "properties": {"id": "東京湾アクアライン-上り-0-4", "route": "東京湾アクアライン", "direction": "上り", "from": "木更津JCT", "to": "袖ヶ浦IC", "grade": 0.3, "elevation_start": 23.9, "elevation_end": 24.6, "quality": "measured", "structure": "normal", "chain_rank": 0, "cum_dist_start": 1000.0, "cum_dist_end": 1250.0, "anomaly": false}, "geometry": {"type": "LineString", "coordinates": [[139.97483392685854, 35.38444952612528], [139.97466986597811, 35.38463042093957], [139.97450581492947, 35.38481132183555], [139.974341835949, 35.38499226731105], [139.97417785696854, 35.38517321278655], [139.97401387798806, 35.38535415826205], [139.97384989900758, 35.38553510373754], [139.97368592002712, 35.38571604921304], [139.97352306831004, 35.385897674931954], [139.97336082240022, 35.386079666223274], [139.9731985764904, 35.3862616575146]]}}, {"type": "Feature", "properties": {"id": "東京湾アクアライン-上り-0-5", "route": "東京湾アクアライン", "direction": "上り", "from": "木更津JCT", "to": "袖ヶ浦IC", "grade": -0.12, "elevation_start": 24.6, "elevation_end": 24.3, "quality": "estimated", "structure": "bridge", "chain_rank": 0, "cum_dist_start": 1250.0, "cum_dist_end": 1500.0, "anomaly": false}, "geometry": {"type": "LineString", "coordinates": [[139.9731985764904, 35.3862616575146], [139.97303633058058, 35.38644364880593], [139.9728740846708, 35.38662564009726], [139.97271508125237, 35.38680952730951], [139.9725576239375, 35.38699431854574], [139.97240016662258, 35.38717910978197], [139.972248072952, 35.38736687189137], [139.97209727657582, 35.3875553525602], [139.97194648019968, 35.387743833229024], [139.97179912130693, 35.3879340895858], [139.97165637197847, 35.388126727087915]]}}, {"type": "Feature", "properties": {"id": "東京湾アクアライン-上り-0-6", "route": "東京湾アクアライン", "direction": "上り", "from": "木更津JCT", "to": "袖ヶ浦IC", "grade": -0.18, "elevation_start": 24.3, "elevation_end": 23.9, "quality": "estimated", "structure": "bridge", "chain_rank": 0, "cum_dist_start": 1500.0, "cum_dist_end": 1750.0, "anomaly": false}, "geometry": {"type": "LineString", "coordinates": [[139.97165637197847, 35.388126727087915], [139.97151661930005, 35.38832082778982], [139.97137758075937, 35.38851527718983], [139.9712385422187, 35.388709726589845], [139.9711037410981, 35.38890612375162], [139.97097347036916, 35.38910460334174], [139.97084438315898, 35.38930359340138], [139.97071823479274, 35.38950385102882], [139.9705920864265, 35.389704108656254], [139.97046874517645, 35.389905492427], [139.97035284256376, 35.390109860389074]]}}, {"type": "Feature", "properties": {"id": "東京湾アクアライン-上り-0-7", "route": "東京湾アクアライン", "direction": "上り", "from": "木更津JCT", "to": "袖ヶ浦IC", "grade": -0.18, "elevation_start": 23.9, "elevation_end": 23.4, "quality": "estimated", "structure": "bridge", "chain_rank": 0, "cum_dist_start": 1750.0, "cum_dist_end": 2000.0, "anomaly": false}, "geometry": {"type": "LineString", "coordinates": [[139.97035284256376, 35.390109860389074], [139.9702369399511, 35.39031422835115], [139.97012206777043, 35.390518971016874], [139.97001465784336, 35.39072642723727], [139.96991415307508, 35.39093615471334], [139.96981648263994, 35.39114681446271], [139.96971881220477, 35.39135747421208], [139.9696211417696, 35.39156813396144], [139.96952347133447, 35.39177879371081], [139.9694315045655, 35.39199114780501], [139.96934152869494, 35.392204093320295]]}}, {"type": "Feature", "properties": {"id": "東京湾アクアライン-上り-0-8", "route": "東京湾アクアライン", "direction": "上り", "from": "木更津JCT", "to": "袖ヶ浦IC", "grade": -0.18, "elevation_start": 23.4, "elevation_end": 23.0, "quality": "estimated", "structure": "bridge", "chain_rank": 0, "cum_dist_start": 2000.0, "cum_dist_end": 2250.0, "anomaly": false}, "geometry": {"type": "LineString", "coordinates": [[139.96934152869494, 35.392204093320295], [139.96925257354377, 35.39241731885413], [139.96916774359175, 35.392631676072504], [139.96908291363974, 35.39284603329088], [139.96900514171563, 35.39306207955421], [139.9689356574519, 35.393280109123836], [139.9688661731882, 35.39349813869345], [139.9687966889245, 35.393716168263076], [139.9687327713602, 35.39393531081033], [139.96867173332743, 35.3941550290765], [139.96861069529467, 35.39437474734267]]}}, {"type": "Feature", "properties": {"id": "東京湾アクアライン-上り-0-9", "route": "東京湾アクアライン", "direction": "上り", "from": "木更津JCT", "to": "袖ヶ浦IC", "grade": -0.18, "elevation_start": 23.0, "elevation_end": 22.6, "quality": "estimated", "structure": "bridge", "chain_rank": 0, "cum_dist_start": 2250.0, "cum_dist_end": 2500.0, "anomaly": false}, "geometry": {"type": "LineString", "coordinates": [[139.96861069529467, 35.39437474734267], [139.9685496572619, 35.39459446560883], [139.96849034370305, 35.39481449225381], [139.96843396709204, 35.39503504409806], [139.9683792692111, 35.395255868366206], [139.96832866005212, 35.39547735615114], [139.96827862369307, 35.39569892945175], [139.96823052459166, 35.39592079197358], [139.96818242549026, 35.39614265449541], [139.96813432638885, 35.39636451701724], [139.96808622728742, 35.39658637953907]]}}, {"type": "Feature", "properties": {"id": "東京湾アクアライン-上り-0-10", "route": "東京湾アクアライン", "direction": "上り", "from": "木更津JCT", "to": "袖ヶ浦IC", "grade": -0.18, "elevation_start": 22.6, "elevation_end": 22.1, "quality": "estimated", "structure": "bridge", "chain_rank": 0, "cum_dist_start": 2500.0, "cum_dist_end": 2750.0, "anomaly": false}, "geometry": {"type": "LineString", "coordinates": [[139.96808622728742, 35.39658637953907], [139.968038128186, 35.3968082420609], [139.9679900290846, 35.39703010458273], [139.96794241498242, 35.39725203715919], [139.96789494859098, 35.397473991071394], [139.9678467463616, 35.397695833419306], [139.9677940021484, 35.39791698713293], [139.96774125793522, 35.398138140846555], [139.96768729696504, 35.39835909195826], [139.96763035441865, 35.3985795466084], [139.96757341187222, 35.39880000125854]]}}, {"type": "Feature", "properties": {"id": "東京湾アクアライン-上り-0-11", "route": "東京湾アクアライン", "direction": "上り", "from": "木更津JCT", "to": "袖ヶ浦IC", "grade": -0.18, "elevation_start": 22.1, "elevation_end": 21.7, "quality": "estimated", "structure": "bridge", "chain_rank": 0, "cum_dist_start": 2750.0, "cum_dist_end": 3000.0, "anomaly": false}, "geometry": {"type": "LineString", "coordinates": [[139.96757341187222, 35.39880000125854], [139.96751510270445, 35.39902021538363], [139.9674561567927, 35.399240315111875], [139.96739220189338, 35.39945947699496], [139.9673271139921, 35.39967840081966], [139.96725427144713, 35.399895695293296], [139.9671814289022, 35.40011298976694], [139.96710858635726, 35.40033028424058], [139.96703099989915, 35.40054645393899], [139.96695075086163, 35.40076199234353], [139.96686988639917, 35.40097737124473]]}}, {"type": "Feature", "properties": {"id": "東京湾アクアライン-上り-0-12", "route": "東京湾アクアライン", "direction": "上り", "from": "木更津JCT", "to": "袖ヶ浦IC", "grade": -0.18, "elevation_start": 21.7, "elevation_end": 21.2, "quality": "estimated", "structure": "bridge", "chain_rank": 0, "cum_dist_start": 3000.0, "cum_dist_end": 3250.0, "anomaly": false}, "geometry": {"type": "LineString", "coordinates": [[139.96686988639917, 35.40097737124473], [139.96678402400934, 35.401191454803374], [139.9666981616195, 35.40140553836201], [139.96660939490235, 35.40161877557587], [139.96651074468508, 35.401829132656786], [139.96641209446784, 35.40203948973771], [139.9663133071744, 35.402249803125045], [139.96621222297537, 35.402459384364384], [139.96611113877634, 35.40266896560373], [139.96600627980166, 35.40287727660031], [139.96589812233944, 35.403084477628944]]}}, {"type": "Feature", "properties": {"id": "東京湾アクアライン-上り-0-13", "route": "東京湾アクアライン", "direction": "上り", "from": "木更津JCT", "to": "袖ヶ浦IC", "grade": -0.18, "elevation_start": 21.2, "elevation_end": 20.8, "quality": "estimated", "structure": "bridge", "chain_rank": 0, "cum_dist_start": 3250.0, "cum_dist_end": 3500.0, "anomaly": false}, "geometry": {"type": "LineString", "coordinates": [[139.96589812233944, 35.403084477628944], [139.96578996487725, 35.40329167865759], [139.96568018621463, 35.403498276648214], [139.9655607107626, 35.40370126772344], [139.96544123531052, 35.40390425879866], [139.96532175985848, 35.40410724987389], [139.96519742265238, 35.40430826916541], [139.96507254965297, 35.40450907115501], [139.96494767665357, 35.40470987314461], [139.9648145062122, 35.40490705915544], [139.96468076957845, 35.4051039984228]]}}, {"type": "Feature", "properties": {"id": "東京湾アクアライン-上り-0-14", "route": "東京湾アクアライン", "direction": "上り", "from": "木更津JCT", "to": "袖ヶ浦IC", "grade": -0.18, "elevation_start": 20.8, "elevation_end": 20.3, "quality": "estimated", "structure": "bridge", "chain_rank": 0, "cum_dist_start": 3500.0, "cum_dist_end": 3750.0, "anomaly": false}, "geometry": {"type": "LineString", "coordinates": [[139.96468076957845, 35.4051039984228], [139.9645466039169, 35.40530073523867], [139.96440548009045, 35.405494188605594], [139.964264356264, 35.40568764197251], [139.96411884131035, 35.405878869811936], [139.96397023937485, 35.40606853309566], [139.96382163743934, 35.40625819637939], [139.9636730355038, 35.40644785966312], [139.96352440213317, 35.40663750577875], [139.9633675532758, 35.40682266505579], [139.96321070441843, 35.40700782433284]]}}, {"type": "Feature", "properties": {"id": "東京湾アクアライン-上り-0-15", "route": "東京湾アクアライン", "direction": "上り", "from": "木更津JCT", "to": "袖ヶ浦IC", "grade": -0.18, "elevation_start": 20.3, "elevation_end": 19.9, "quality": "estimated", "structure": "bridge", "chain_rank": 0, "cum_dist_start": 3750.0, "cum_dist_end": 4000.0, "anomaly": false}, "geometry": {"type": "LineString", "coordinates": [[139.96321070441843, 35.40700782433284], [139.96305385556104, 35.40719298360988], [139.96288713980704, 35.4073722533986], [139.96271976965807, 35.40755113258309], [139.96255239950906, 35.40773001176758], [139.962382927438, 35.407907544247195], [139.96221101035735, 35.4080835102052], [139.96203909327673, 35.40825947616322], [139.96186700739545, 35.40843532849467], [139.96168931387317, 35.40860740609527], [139.96151162035088, 35.40877948369587]]}}, {"type": "Feature", "properties": {"id": "東京湾アクアライン-上り-0-16", "route": "東京湾アクアライン", "direction": "上り", "from": "木更津JCT", "to": "袖ヶ浦IC", "grade": -0.18, "elevation_start": 19.9, "elevation_end": 19.4, "quality": "estimated", "structure": "bridge", "chain_rank": 0, "cum_dist_start": 4000.0, "cum_dist_end": 4250.0, "anomaly": false}, "geometry": {"type": "LineString", "coordinates": [[139.96151162035088, 35.40877948369587], [139.96133325495975, 35.40895109039007], [139.96115288898932, 35.40912129489742], [139.96097252301885, 35.40929149940476], [139.96078614475442, 35.409457283054955], [139.96059870696737, 35.409622287635074], [139.9604112691803, 35.40978729221519], [139.96021745626314, 35.40994718001402], [139.9600196338863, 35.41010384975644], [139.9598218115095, 35.410260519498856], [139.95962398913267, 35.41041718924128]]}}, {"type": "Feature", "properties": {"id": "東京湾アクアライン-上り-0-17", "route": "東京湾アクアライン", "direction": "上り", "from": "木更津JCT", "to": "袖ヶ浦IC", "grade": -0.18, "elevation_start": 19.4, "elevation_end": 19.0, "quality": "estimated", "structure": "bridge", "chain_rank": 0, "cum_dist_start": 4250.0, "cum_dist_end": 4500.0, "anomaly": false}, "geometry": {"type": "LineString", "coordinates": [[139.95962398913267, 35.41041718924128], [139.9594195342256, 35.41056801795866], [139.95921422859647, 35.4107180974765], [139.95900733438697, 35.41086668320591], [139.958797459438, 35.41101246605912], [139.95858771872096, 35.41115837830149], [139.95837831475222, 35.411304615142996], [139.958168619312, 35.41145056423599], [139.95795428885825, 35.411591937519], [139.95773995840452, 35.411733310802], [139.95752413447374, 35.41187313202056]]}}, {"type": "Feature", "properties": {"id": "東京湾アクアライン-上り-0-18", "route": "東京湾アクアライン", "direction": "上り", "from": "木更津JCT", "to": "袖ヶ浦IC", "grade": -0.18, "elevation_start": 19.0, "elevation_end": 18.5, "quality": "estimated", "structure": "bridge", "chain_rank": 0, "cum_dist_start": 4500.0, "cum_dist_end": 4750.0, "anomaly": false}, "geometry": {"type": "LineString", "coordinates": [[139.95752413447374, 35.41187313202056], [139.95730601910984, 35.41201057191565], [139.9570879037459, 35.412148011810736], [139.95686665304345, 35.41228203709623], [139.956644725967, 35.41241532576175], [139.9564210106953, 35.41254656066127], [139.9561946791342, 35.412674790717794], [139.95596834757313, 35.41280302077432], [139.95573537415478, 35.41292299740732], [139.95550209860704, 35.41304259860289], [139.9552688230593, 35.413162199798464]]}}, {"type": "Feature", "properties": {"id": "東京湾アクアライン-上り-0-19", "route": "東京湾アクアライン", "direction": "上り", "from": "袖ヶ浦", "to": "木更津金田IC", "grade": -0.18, "elevation_start": 18.5, "elevation_end": 18.1, "quality": "estimated", "structure": "bridge", "chain_rank": 0, "cum_dist_start": 4750.0, "cum_dist_end": 5000.0, "anomaly": false}, "geometry": {"type": "LineString", "coordinates": [[139.9552688230593, 35.413162199798464], [139.95503554751156, 35.413281800994035], [139.95480154686175, 35.413400421282134], [139.9545638696167, 35.413514067926], [139.95432619237164, 35.41362771456987], [139.95408344553096, 35.41373390536216], [139.9538402049818, 35.41383937005761], [139.9535969644326, 35.41394483475305], [139.95335712095942, 35.414055382004065], [139.9531175177056, 35.41416628866068], [139.95287791445176, 35.414277195317304]]}}, {"type": "Feature", "properties": {"id": "東京湾アクアライン-上り-0-20", "route": "東京湾アクアライン", "direction": "上り", "from": "袖ヶ浦", "to": "木更津金田IC", "grade": -0.18, "elevation_start": 18.1, "elevation_end": 17.6, "quality": "estimated", "structure": "bridge", "chain_rank": 0, "cum_dist_start": 5000.0, "cum_dist_end": 5250.0, "anomaly": false}, "geometry": {"type": "LineString", "coordinates": [[139.95287791445176, 35.414277195317304], [139.95263831119794, 35.41438810197393], [139.9523987079441, 35.41449900863055], [139.95215910469028, 35.414609915287166], [139.9519192698308, 35.41472047696992], [139.95167638266057, 35.41482649227218], [139.95143349549036, 35.414932507574434], [139.95119060832013, 35.41503852287669], [139.95094772114993, 35.41514453817895], [139.9507048339797, 35.41525055348121], [139.95046194680947, 35.415356568783466]]}}, {"type": "Feature", "properties": {"id": "東京湾アクアライン-上り-0-21", "route": "東京湾アクアライン", "direction": "上り", "from": "袖ヶ浦", "to": "木更津金田IC", "grade": -0.18, "elevation_start": 17.6, "elevation_end": 17.2, "quality": "estimated", "structure": "bridge", "chain_rank": 0, "cum_dist_start": 5250.0, "cum_dist_end": 5500.0, "anomaly": false}, "geometry": {"type": "LineString", "coordinates": [[139.95046194680947, 35.415356568783466], [139.95021905963927, 35.415462584085724], [139.94997617246904, 35.41556859938798], [139.94973264873403, 35.41567363364153], [139.94948903367904, 35.41577852715634], [139.94924541862406, 35.41588342067116], [139.9490018035691, 35.415988314185974], [139.94875818851412, 35.41609320770079], [139.94851486229186, 35.41619854675867], [139.94827243528528, 35.4163052729147], [139.9480300082787, 35.416411999070725]]}}, {"type": "Feature", "properties": {"id": "東京湾アクアライン-上り-0-22", "route": "東京湾アクアライン", "direction": "上り", "from": "袖ヶ浦", "to": "木更津金田IC", "grade": -0.18, "elevation_start": 17.2, "elevation_end": 16.8, "quality": "estimated", "structure": "bridge", "chain_rank": 0, "cum_dist_start": 5500.0, "cum_dist_end": 5750.0, "anomaly": false}, "geometry": {"type": "LineString", "coordinates": [[139.9480300082787, 35.416411999070725], [139.94778758127208, 35.41651872522675], [139.9475451542655, 35.41662545138278], [139.94730272725891, 35.416732177538805], [139.94706030025233, 35.41683890369483], [139.94681787324575, 35.41694562985086], [139.94657544623917, 35.417052356006884], [139.94633301923258, 35.417159082162904], [139.946090592226, 35.41726580831893], [139.94584803525643, 35.41737233535658], [139.94560455221603, 35.41747744354621]]}}, {"type": "Feature", "properties": {"id": "東京湾アクアライン-上り-0-23", "route": "東京湾アクアライン", "direction": "上り", "from": "袖ヶ浦", "to": "木更津金田IC", "grade": -0.18, "elevation_start": 16.8, "elevation_end": 16.3, "quality": "estimated", "structure": "bridge", "chain_rank": 0, "cum_dist_start": 5750.0, "cum_dist_end": 6000.0, "anomaly": false}, "geometry": {"type": "LineString", "coordinates": [[139.94560455221603, 35.41747744354621], [139.9453610691756, 35.41758255173584], [139.94511758613518, 35.41768765992547], [139.94487410309475, 35.4177927681151], [139.94463062005434, 35.41789787630473], [139.94438713701393, 35.41800298449436], [139.9441436539735, 35.41810809268399], [139.9439001709331, 35.418213200873616], [139.94365668789268, 35.418318309063245], [139.94341320485225, 35.418423417252875], [139.94316961017736, 35.41852835485097]]}}, {"type": "Feature", "properties": {"id": "東京湾アクアライン-上り-0-24", "route": "東京湾アクアライン", "direction": "上り", "from": "袖ヶ浦", "to": "木更津金田IC", "grade": -0.18, "elevation_start": 16.3, "elevation_end": 15.9, "quality": "estimated", "structure": "bridge", "chain_rank": 0, "cum_dist_start": 6000.0, "cum_dist_end": 6250.0, "anomaly": false}, "geometry": {"type": "LineString", "coordinates": [[139.94316961017736, 35.41852835485097], [139.94292594444144, 35.418633183858915], [139.94268227870552, 35.41873801286686], [139.9424386129696, 35.418842841874806], [139.9421949472337, 35.41894767088275], [139.94195128149778, 35.4190524998907], [139.94170761576186, 35.41915732889864], [139.94146395002593, 35.41926215790659], [139.94122028429004, 35.41936698691453], [139.9409769096495, 35.41947226045954], [139.94073546871755, 35.419580487006314]]}}, {"type": "Feature", "properties": {"id": "東京湾アクアライン-上り-0-25", "route": "東京湾アクアライン", "direction": "上り", "from": "袖ヶ浦", "to": "木更津金田IC", "grade": -0.18, "elevation_start": 15.9, "elevation_end": 15.4, "quality": "estimated", "structure": "bridge", "chain_rank": 0, "cum_dist_start": 6250.0, "cum_dist_end": 6500.0, "anomaly": false}, "geometry": {"type": "LineString", "coordinates": [[139.94073546871755, 35.419580487006314], [139.94049402778563, 35.419688713553086], [139.9402525868537, 35.419796940099864], [139.94001249561612, 35.4199071308916], [139.93977417145842, 35.42001989336028], [139.93953584730076, 35.420132655828965], [139.9392975231431, 35.420245418297654], [139.93905919898543, 35.420358180766335], [139.93882300302568, 35.420473903821176], [139.93858692287014, 35.42058978797403], [139.93835084271464, 35.420705672126886]]}}, {"type": "Feature", "properties": {"id": "東京湾アクアライン-上り-0-26", "route": "東京湾アクアライン", "direction": "上り", "from": "袖ヶ浦", "to": "木更津金田IC", "grade": -0.18, "elevation_start": 15.4, "elevation_end": 15.0, "quality": "estimated", "structure": "bridge", "chain_rank": 0, "cum_dist_start": 6500.0, "cum_dist_end": 6750.0, "anomaly": false}, "geometry": {"type": "LineString", "coordinates": [[139.93835084271464, 35.420705672126886], [139.93811490141184, 35.42082173896404], [139.93788361550227, 35.42094393076019], [139.9376523295927, 35.42106612255634], [139.93742294169496, 35.421190660499356], [139.93719527309517, 35.421317323679645], [139.93696760449538, 35.421443986859934], [139.93673993589562, 35.42157065004022], [139.93651550006456, 35.421701106566296], [139.9362917085624, 35.421832319150894], [139.93606791706029, 35.42196353173549]]}}, {"type": "Feature", "properties": {"id": "東京湾アクアライン-上り-0-27", "route": "東京湾アクアライン", "direction": "上り", "from": "袖ヶ浦", "to": "木更津金田IC", "grade": -0.18, "elevation_start": 15.0, "elevation_end": 14.5, "quality": "estimated", "structure": "bridge", "chain_rank": 0, "cum_dist_start": 6750.0, "cum_dist_end": 7000.0, "anomaly": false}, "geometry": {"type": "LineString", "coordinates": [[139.93606791706029, 35.42196353173549], [139.93584657610398, 35.42209744945731], [139.93562822117553, 35.42223466343047], [139.93540986624708, 35.42237187740364], [139.93519239888676, 35.42251002599115], [139.93497616230636, 35.422649470597065], [139.9347599719946, 35.422788961519814], [139.93455009070297, 35.42293476803723], [139.93434020941137, 35.423080574554646], [139.9341301652736, 35.42322622366215], [139.9339196588277, 35.42337142589455]]}}, {"type": "Feature", "properties": {"id": "東京湾アクアライン-上り-0-28", "route": "東京湾アクアライン", "direction": "上り", "from": "袖ヶ浦", "to": "木更津金田IC", "grade": -0.18, "elevation_start": 14.5, "elevation_end": 14.1, "quality": "estimated", "structure": "bridge", "chain_rank": 0, "cum_dist_start": 7000.0, "cum_dist_end": 7250.0, "anomaly": false}, "geometry": {"type": "LineString", "coordinates": [[139.9339196588277, 35.42337142589455], [139.9337132440588, 35.42352046119677], [139.93350923583893, 35.42367175094636], [139.9333071433379, 35.42382475429439], [139.93310505399575, 35.42397776046799], [139.93290647589657, 35.42413379175967], [139.93270949018316, 35.424291194974295], [139.93251250446974, 35.424448598188924], [139.93231661754612, 35.42460690793526], [139.93212283458362, 35.42476695350721], [139.93192905162113, 35.424926999079155]]}}, {"type": "Feature", "properties": {"id": "東京湾アクアライン-上り-0-29", "route": "東京湾アクアライン", "direction": "上り", "from": "袖ヶ浦", "to": "木更津金田IC", "grade": -0.18, "elevation_start": 14.1, "elevation_end": 13.6, "quality": "estimated", "structure": "bridge", "chain_rank": 0, "cum_dist_start": 7250.0, "cum_dist_end": 7500.0, "anomaly": false}, "geometry": {"type": "LineString", "coordinates": [[139.93192905162113, 35.424926999079155], [139.93173883817227, 35.42508985064873], [139.93155136463656, 35.42525485606634], [139.9313638911009, 35.42541986148394], [139.93117641756518, 35.425584866901545], [139.9309889440295, 35.42574987231915], [139.9308014704938, 35.42591487773675], [139.93061399695813, 35.42607988315436], [139.93042652342243, 35.42624488857196], [139.93023904988675, 35.426409893989565], [139.93005351406893, 35.426576347699914]]}}, {"type": "Feature", "properties": {"id": "東京湾アクアライン-上り-0-30", "route": "東京湾アクアライン", "direction": "上り", "from": "袖ヶ浦", "to": "木更津金田IC", "grade": -0.18, "elevation_start": 13.6, "elevation_end": 13.2, "quality": "estimated", "structure": "bridge", "chain_rank": 0, "cum_dist_start": 7500.0, "cum_dist_end": 7750.0, "anomaly": false}, "geometry": {"type": "LineString", "coordinates": [[139.93005351406893, 35.426576347699914], [139.9298698514535, 35.426744201482684], [139.92968618870606, 35.426912055177525], [139.92950251270645, 35.42707990004342], [139.92931883670684, 35.4272477449093], [139.92913516070723, 35.427415589775194], [139.92895148470762, 35.427583434641086], [139.92876637720582, 35.427750223483415], [139.92858125883015, 35.42791700430406], [139.92839651182774, 35.42808406010753], [139.92821244529554, 35.42825161976429]]}}, {"type": "Feature", "properties": {"id": "東京湾アクアライン-上り-0-31", "route": "東京湾アクアライン", "direction": "上り", "from": "袖ヶ浦", "to": "木更津金田IC", "grade": -0.18, "elevation_start": 13.2, "elevation_end": 12.7, "quality": "estimated", "structure": "bridge", "chain_rank": 0, "cum_dist_start": 7750.0, "cum_dist_end": 8000.0, "anomaly": false}, "geometry": {"type": "LineString", "coordinates": [[139.92821244529554, 35.42825161976429], [139.92802837876334, 35.42841917942104], [139.92784382283958, 35.42858637818842], [139.92765901847253, 35.42875339374763], [139.92747421410544, 35.428920409306826], [139.92728951218794, 35.429087500780625], [139.9271053915675, 35.42925502299268], [139.92692127094705, 35.42942254520473], [139.9267371503266, 35.42959006741678], [139.92655302970616, 35.429757589628835], [139.9263689090857, 35.42992511184088]]}}, {"type": "Feature", "properties": {"id": "東京湾アクアライン-上り-0-32", "route": "東京湾アクアライン", "direction": "上り", "from": "袖ヶ浦", "to": "木更津金田IC", "grade": -0.18, "elevation_start": 12.7, "elevation_end": 12.3, "quality": "estimated", "structure": "bridge", "chain_rank": 0, "cum_dist_start": 8000.0, "cum_dist_end": 8250.0, "anomaly": false}, "geometry": {"type": "LineString", "coordinates": [[139.9263689090857, 35.42992511184088], [139.92618478846526, 35.43009263405293], [139.9260006678448, 35.430260156264985], [139.9258157509231, 35.43042708968902], [139.92563044746927, 35.43059373730979], [139.92544514417654, 35.43076038529841], [139.9252598412928, 35.43092703422111], [139.92507453840906, 35.43109368314379], [139.92488923552534, 35.431260332066486], [139.9247036240641, 35.431426750759776], [139.92451755229055, 35.43159282601449]]}}, {"type": "Feature", "properties": {"id": "東京湾アクアライン-上り-0-33", "route": "東京湾アクアライン", "direction": "上り", "from": "木更津金田IC", "to": "海ほたるPA", "grade": -0.18, "elevation_start": 12.3, "elevation_end": 11.8, "quality": "estimated", "structure": "bridge", "chain_rank": 0, "cum_dist_start": 8250.0, "cum_dist_end": 8500.0, "anomaly": false}, "geometry": {"type": "LineString", "coordinates": [[139.92451755229055, 35.43159282601449], [139.92433148051703, 35.431758901269205], [139.9241454087435, 35.431924976523916], [139.92395933696997, 35.43209105177863], [139.92377082204467, 35.43225525660141], [139.92358068169477, 35.432418217029074], [139.92339054134487, 35.43258117745674], [139.92320040099497, 35.432744137884406], [139.9230085280446, 35.432905714681795], [139.9228140835395, 35.433065237871894], [139.92261963903442, 35.43322476106199]]}}, {"type": "Feature", "properties": {"id": "東京湾アクアライン-上り-0-34", "route": "東京湾アクアライン", "direction": "上り", "from": "木更津金田IC", "to": "海ほたるPA", "grade": -0.18, "elevation_start": 11.8, "elevation_end": 11.4, "quality": "estimated", "structure": "bridge", "chain_rank": 0, "cum_dist_start": 8500.0, "cum_dist_end": 8750.0, "anomaly": false}, "geometry": {"type": "LineString", "coordinates": [[139.92261963903442, 35.43322476106199], [139.92242251073384, 35.43338200428973], [139.92222045970297, 35.43353506551479], [139.92201840867207, 35.43368812673985], [139.9218106993264, 35.43383592259789], [139.92159939423604, 35.43398037242161], [139.92138756250773, 35.434124300225314], [139.92117419706705, 35.43426670776534], [139.9209588698662, 35.434407037676024], [139.9207366679004, 35.43454008677148], [139.9205143587133, 35.43467301072393]]}}, {"type": "Feature", "properties": {"id": "東京湾アクアライン-上り-0-35", "route": "東京湾アクアライン", "direction": "上り", "from": "木更津金田IC", "to": "海ほたるPA", "grade": 0.09, "elevation_start": 11.4, "elevation_end": 11.6, "quality": "estimated", "structure": "normal", "chain_rank": 0, "cum_dist_start": 8750.0, "cum_dist_end": 9000.0, "anomaly": false}, "geometry": {"type": "LineString", "coordinates": [[139.9205143587133, 35.43467301072393], [139.9202857763613, 35.4347986129703], [139.9200571940093, 35.43492421521667], [139.91982861165732, 35.43504981746303], [139.91960002930531, 35.4351754197094], [139.91936906008002, 35.4352979665597], [139.91913380400584, 35.435415025887494], [139.91889908626487, 35.435532797987015], [139.91866600429637, 35.4356527359058], [139.91843283137476, 35.43577255564961], [139.9181994771905, 35.43589213987969]]}}, {"type": "Feature", "properties": {"id": "東京湾アクアライン-上り-0-36", "route": "東京湾アクアライン", "direction": "上り", "from": "木更津金田IC", "to": "海ほたるPA", "grade": -0.07, "elevation_start": 11.6, "elevation_end": 11.4, "quality": "estimated", "structure": "bridge", "chain_rank": 0, "cum_dist_start": 9000.0, "cum_dist_end": 9250.0, "anomaly": false}, "geometry": {"type": "LineString", "coordinates": [[139.9181994771905, 35.43589213987969], [139.91796612300627, 35.436011724109775], [139.91773276882205, 35.43613130833985], [139.9174985418668, 35.43624968352315], [139.9172579360486, 35.43635922208878], [139.91701733023038, 35.436468760654414], [139.91677445752913, 35.43657481731833], [139.9165291487794, 35.4366771322447], [139.91628373978767, 35.43677928598095], [139.91603796584198, 35.43688085286778], [139.91579219189632, 35.43698241975462]]}}, {"type": "Feature", "properties": {"id": "東京湾アクアライン-上り-0-37", "route": "東京湾アクアライン", "direction": "上り", "from": "木更津金田IC", "to": "海ほたるPA", "grade": -0.09, "elevation_start": 11.4, "elevation_end": 11.2, "quality": "estimated", "structure": "bridge", "chain_rank": 0, "cum_dist_start": 9250.0, "cum_dist_end": 9500.0, "anomaly": false}, "geometry": {"type": "LineString", "coordinates": [[139.91579219189632, 35.43698241975462], [139.91554641795062, 35.437083986641454], [139.91530064400496, 35.437185553528295], [139.91505487005927, 35.437287120415135], [139.9148090961136, 35.43738868730197], [139.9145633221679, 35.43749025418881], [139.91431992720555, 35.437595539796455], [139.91407795115114, 35.43770304337789], [139.91383726679595, 35.437812448483434], [139.91359800570828, 35.43792394879615], [139.9133600058471, 35.438037204545296]]}}, {"type": "Feature", "properties": {"id": "東京湾アクアライン-上り-0-38", "route": "東京湾アクアライン", "direction": "上り", "from": "木更津金田IC", "to": "海ほたるPA", "grade": -0.09, "elevation_start": 11.2, "elevation_end": 11.0, "quality": "estimated", "structure": "bridge", "chain_rank": 0, "cum_dist_start": 9500.0, "cum_dist_end": 9750.0, "anomaly": false}, "geometry": {"type": "LineString", "coordinates": [[139.9133600058471, 35.438037204545296], [139.91312464574767, 35.438154134443295], [139.91288991905165, 35.43827189682297], [139.91265788551803, 35.438393198824144], [139.91242621415122, 35.43851494581308], [139.91220003751442, 35.43864344407649], [139.9119739791763, 35.43877207829047], [139.91175165841645, 35.438905007783355], [139.91152933952165, 35.43903793928057], [139.91131366974773, 35.43917801632013], [139.9110979999738, 35.439318093359695]]}}, {"type": "Feature", "properties": {"id": "東京湾アクアライン-上り-0-39", "route": "東京湾アクアライン", "direction": "上り", "from": "木更津金田IC", "to": "海ほたるPA", "grade": -0.09, "elevation_start": 11.0, "elevation_end": 10.7, "quality": "estimated", "structure": "bridge", "chain_rank": 0, "cum_dist_start": 9750.0, "cum_dist_end": 10000.0, "anomaly": false}, "geometry": {"type": "LineString", "coordinates": [[139.9110979999738, 35.439318093359695], [139.91088233019988, 35.43945817039926], [139.91066676544574, 35.43959835358338], [139.91045455913837, 35.439741931182844], [139.910242352831, 35.439885508782304], [139.91003014652364, 35.44002908638177], [139.90981794021627, 35.44017266398124], [139.9096060487354, 35.44031656615644], [139.90939441214235, 35.440460731112566], [139.90918277554928, 35.44060489606869], [139.90897113895622, 35.44074906102482]]}}, {"type": "Feature", "properties": {"id": "東京湾アクアライン-上り-0-40", "route": "東京湾アクアライン", "direction": "上り", "from": "木更津金田IC", "to": "海ほたるPA", "grade": -0.09, "elevation_start": 10.7, "elevation_end": 10.5, "quality": "estimated", "structure": "bridge", "chain_rank": 0, "cum_dist_start": 10000.0, "cum_dist_end": 10250.0, "anomaly": false}, "geometry": {"type": "LineString", "coordinates": [[139.90897113895622, 35.44074906102482], [139.90875950236313, 35.440893225980936], [139.90854786577006, 35.44103739093706], [139.908336229177, 35.44118155589319], [139.90812459258393, 35.44132572084931], [139.90791295599087, 35.44146988580544], [139.9077013193978, 35.441614050761565], [139.90748968280474, 35.44175821571769], [139.90727804621167, 35.44190238067381], [139.9070664096186, 35.442046545629935], [139.90685477302554, 35.44219071058606]]}}, {"type": "Feature", "properties": {"id": "東京湾アクアライン-上り-0-41", "route": "東京湾アクアライン", "direction": "上り", "from": "木更津金田IC", "to": "海ほたるPA", "grade": -0.09, "elevation_start": 10.5, "elevation_end": 10.3, "quality": "estimated", "structure": "bridge", "chain_rank": 0, "cum_dist_start": 10250.0, "cum_dist_end": 10500.0, "anomaly": false}, "geometry": {"type": "LineString", "coordinates": [[139.90685477302554, 35.44219071058606], [139.90664313643248, 35.44233487554219], [139.9064314998394, 35.44247904049831], [139.90621986324635, 35.44262320545444], [139.90600822665326, 35.442767370410564], [139.9057965900602, 35.44291153536668], [139.90558495346713, 35.44305570032281], [139.90537331687406, 35.443199865278935], [139.905161680281, 35.44334403023506], [139.90495004368793, 35.443488195191186], [139.90473840709487, 35.44363236014731]]}}, {"type": "Feature", "properties": {"id": "東京湾アクアライン-上り-0-42", "route": "東京湾アクアライン", "direction": "上り", "from": "木更津金田IC", "to": "海ほたるPA", "grade": -0.09, "elevation_start": 10.3, "elevation_end": 10.0, "quality": "estimated", "structure": "bridge", "chain_rank": 0, "cum_dist_start": 10500.0, "cum_dist_end": 10750.0, "anomaly": false}, "geometry": {"type": "LineString", "coordinates": [[139.90473840709487, 35.44363236014731], [139.9045267705018, 35.44377652510344], [139.90431513390874, 35.44392069005956], [139.90410349731567, 35.44406485501568], [139.9038918607226, 35.44420901997181], [139.90368022412954, 35.444353184927934], [139.90346858753648, 35.44449734988406], [139.9032569509434, 35.444641514840185], [139.90304531435032, 35.44478567979631], [139.90283367775726, 35.44492984475243], [139.9026220411642, 35.445074009708556]]}}, {"type": "Feature", "properties": {"id": "東京湾アクアライン-上り-0-43", "route": "東京湾アクアライン", "direction": "上り", "from": "木更津金田IC", "to": "海ほたるPA", "grade": -0.09, "elevation_start": 10.0, "elevation_end": 9.8, "quality": "estimated", "structure": "bridge", "chain_rank": 0, "cum_dist_start": 10750.0, "cum_dist_end": 11000.0, "anomaly": false}, "geometry": {"type": "LineString", "coordinates": [[139.9026220411642, 35.445074009708556], [139.90241040457113, 35.44521817466468], [139.90219876797806, 35.44536233962081], [139.901987131385, 35.44550650457693], [139.90177549479193, 35.44565066953306], [139.90156385819887, 35.445794834489185], [139.9013522216058, 35.44593899944531], [139.90114058501274, 35.44608316440143], [139.90092894841968, 35.446227329357555], [139.9007173118266, 35.44637149431368], [139.90050567523355, 35.44651565926981]]}}, {"type": "Feature", "properties": {"id": "東京湾アクアライン-上り-0-44", "route": "東京湾アクアライン", "direction": "上り", "from": "木更津金田IC", "to": "海ほたるPA", "grade": -0.09, "elevation_start": 9.8, "elevation_end": 9.5, "quality": "estimated", "structure": "bridge", "chain_rank": 0, "cum_dist_start": 11000.0, "cum_dist_end": 11250.0, "anomaly": false}, "geometry": {"type": "LineString", "coordinates": [[139.90050567523355, 35.44651565926981], [139.90029403864045, 35.44665982422593], [139.9000824020474, 35.44680398918206], [139.89987076545432, 35.446948154138184], [139.89965912886126, 35.4470923190943], [139.8994474922682, 35.44723648405043], [139.89923585567513, 35.447380649006554], [139.89902421908207, 35.44752481396268], [139.898812582489, 35.447668978918806], [139.89860094589594, 35.44781314387493], [139.89838930930287, 35.44795730883106]]}}, {"type": "Feature", "properties": {"id": "東京湾アクアライン-上り-0-45", "route": "東京湾アクアライン", "direction": "上り", "from": "木更津金田IC", "to": "海ほたるPA", "grade": -0.09, "elevation_start": 9.5, "elevation_end": 9.3, "quality": "estimated", "structure": "bridge", "chain_rank": 0, "cum_dist_start": 11250.0, "cum_dist_end": 11500.0, "anomaly": false}, "geometry": {"type": "LineString", "coordinates": [[139.89838930930287, 35.44795730883106], [139.8981776727098, 35.448101473787176], [139.89796603611674, 35.4482456387433], [139.89775439952368, 35.44838980369943], [139.89754276293058, 35.44853396865555], [139.89733112633752, 35.44867813361168], [139.89711948974445, 35.448822298567805], [139.8969078531514, 35.44896646352393], [139.89669621655833, 35.44911062848005], [139.89648457996526, 35.449254793436175], [139.8962729433722, 35.4493989583923]]}}, {"type": "Feature", "properties": {"id": "東京湾アクアライン-上り-0-46", "route": "東京湾アクアライン", "direction": "上り", "from": "木更津金田IC", "to": "海ほたるPA", "grade": -0.09, "elevation_start": 9.3, "elevation_end": 9.1, "quality": "estimated", "structure": "bridge", "chain_rank": 0, "cum_dist_start": 11500.0, "cum_dist_end": 11750.0, "anomaly": false}, "geometry": {"type": "LineString", "coordinates": [[139.8962729433722, 35.4493989583923], [139.89606130677913, 35.44954312334843], [139.89584967018607, 35.44968728830455], [139.895638033593, 35.44983145326068], [139.89542639699994, 35.449975618216804], [139.89521476040687, 35.45011978317293], [139.8950031238138, 35.45026394812905], [139.89479148722074, 35.450408113085174], [139.89457985062765, 35.4505522780413], [139.89436821403459, 35.450696442997426], [139.89415657744152, 35.45084060795355]]}}, {"type": "Feature", "properties": {"id": "東京湾アクアライン-上り-0-47", "route": "東京湾アクアライン", "direction": "上り", "from": "木更津金田IC", "to": "海ほたるPA", "grade": -0.09, "elevation_start": 9.1, "elevation_end": 8.8, "quality": "estimated", "structure": "bridge", "chain_rank": 0, "cum_dist_start": 11750.0, "cum_dist_end": 12000.0, "anomaly": false}, "geometry": {"type": "LineString", "coordinates": [[139.89415657744152, 35.45084060795355], [139.89394494084846, 35.45098477290968], [139.8937333042554, 35.4511289378658], [139.89352166766233, 35.45127310282192], [139.89331003106926, 35.45141726777805], [139.8930983944762, 35.451561432734174], [139.89288675788313, 35.4517055976903], [139.89267512129007, 35.451849762646425], [139.892463484697, 35.45199392760255], [139.89225184810394, 35.45213809255868], [139.89204021151087, 35.452282257514796]]}}, {"type": "Feature", "properties": {"id": "東京湾アクアライン-上り-0-48", "route": "東京湾アクアライン", "direction": "上り", "from": "木更津金田IC", "to": "海ほたるPA", "grade": -0.09, "elevation_start": 8.8, "elevation_end": 8.6, "quality": "estimated", "structure": "bridge", "chain_rank": 0, "cum_dist_start": 12000.0, "cum_dist_end": 12250.0, "anomaly": false}, "geometry": {"type": "LineString", "coordinates": [[139.89204021151087, 35.452282257514796], [139.89182857491778, 35.45242642247092], [139.89161693832472, 35.45257058742705], [139.89140530173165, 35.45271475238317], [139.8911936651386, 35.4528589173393], [139.89098202854552, 35.453003082295425], [139.89077039195246, 35.45314724725155], [139.8905587553594, 35.45329141220767], [139.89034711876633, 35.453435577163795], [139.89013548217326, 35.45357974211992], [139.8899238455802, 35.453723907076046]]}}, {"type": "Feature", "properties": {"id": "東京湾アクアライン-上り-0-49", "route": "東京湾アクアライン", "direction": "上り", "from": "木更津金田IC", "to": "海ほたるPA", "grade": -0.09, "elevation_start": 8.6, "elevation_end": 8.4, "quality": "estimated", "structure": "bridge", "chain_rank": 0, "cum_dist_start": 12250.0, "cum_dist_end": 12500.0, "anomaly": false}, "geometry": {"type": "LineString", "coordinates": [[139.8899238455802, 35.453723907076046], [139.88971220898713, 35.45386807203217], [139.88950057239407, 35.4540122369883], [139.889288935801, 35.454156401944424], [139.8890772992079, 35.45430056690055], [139.88886566261485, 35.45444473185667], [139.88865402602178, 35.454588896812794], [139.88844238942872, 35.45473306176892], [139.88823075283565, 35.454877226725046], [139.8880191162426, 35.45502139168117], [139.88780747964952, 35.4551655566373]]}}, {"type": "Feature", "properties": {"id": "東京湾アクアライン-上り-0-50", "route": "東京湾アクアライン", "direction": "上り", "from": "木更津金田IC", "to": "海ほたるPA", "grade": -0.09, "elevation_start": 8.4, "elevation_end": 8.1, "quality": "estimated", "structure": "bridge", "chain_rank": 0, "cum_dist_start": 12500.0, "cum_dist_end": 12750.0, "anomaly": false}, "geometry": {"type": "LineString", "coordinates": [[139.88780747964952, 35.4551655566373], [139.88759584305646, 35.45530972159342], [139.8873842064634, 35.45545388654954], [139.88717256987033, 35.45559805150567], [139.88696093327727, 35.45574221646179], [139.8867492966842, 35.45588638141792], [139.88653766009114, 35.456030546374045], [139.88632602349807, 35.45617471133017], [139.88611438690498, 35.456318876286296], [139.8859027503119, 35.456463041242415], [139.88569111371885, 35.45660720619854]]}}, {"type": "Feature", "properties": {"id": "東京湾アクアライン-上り-0-51", "route": "東京湾アクアライン", "direction": "上り", "from": "木更津金田IC", "to": "海ほたるPA", "grade": -0.09, "elevation_start": 8.1, "elevation_end": 7.9, "quality": "estimated", "structure": "bridge", "chain_rank": 0, "cum_dist_start": 12750.0, "cum_dist_end": 13000.0, "anomaly": false}, "geometry": {"type": "LineString", "coordinates": [[139.88569111371885, 35.45660720619854], [139.88547947712578, 35.45675137115467], [139.88526784053272, 35.45689553611079], [139.88505620393966, 35.45703970106692], [139.8848445673466, 35.457183866023044], [139.88463293075353, 35.45732803097917], [139.88442129416046, 35.45747219593529], [139.8842096575674, 35.457616360891414], [139.88399802097433, 35.45776052584754], [139.88378638438127, 35.457904690803666], [139.8835747477882, 35.45804885575979]]}}, {"type": "Feature", "properties": {"id": "東京湾アクアライン-上り-0-52", "route": "東京湾アクアライン", "direction": "上り", "from": "木更津金田IC", "to": "海ほたるPA", "grade": -0.09, "elevation_start": 7.9, "elevation_end": 7.7, "quality": "estimated", "structure": "bridge", "chain_rank": 0, "cum_dist_start": 13000.0, "cum_dist_end": 13250.0, "anomaly": false}, "geometry": {"type": "LineString", "coordinates": [[139.8835747477882, 35.45804885575979], [139.8833631111951, 35.45819302071592], [139.88315147460204, 35.45833718567204], [139.88293983800898, 35.45848135062817], [139.88272820141592, 35.45862551558429], [139.88251656482285, 35.458769680540414], [139.8823049282298, 35.45891384549654], [139.88209329163672, 35.459058010452665], [139.88188165504366, 35.45920217540879], [139.8816700184506, 35.45934634036492], [139.881458277306, 35.459490415119184]]}}, {"type": "Feature", "properties": {"id": "東京湾アクアライン-上り-0-53", "route": "東京湾アクアライン", "direction": "上り", "from": "木更津金田IC", "to": "海ほたるPA", "grade": -0.09, "elevation_start": 7.7, "elevation_end": 7.4, "quality": "estimated", "structure": "bridge", "chain_rank": 0, "cum_dist_start": 13250.0, "cum_dist_end": 13500.0, "anomaly": false}, "geometry": {"type": "LineString", "coordinates": [[139.881458277306, 35.459490415119184], [139.88124641542944, 35.45963438571189], [139.88103455355287, 35.45977835630459], [139.88082269167631, 35.4599223268973], [139.88061082979974, 35.46006629749], [139.88039896792318, 35.46021026808271], [139.8801871060466, 35.460354238675414], [139.87997524417005, 35.46049820926812], [139.87976338229348, 35.46064217986083], [139.87955152041692, 35.46078615045353], [139.87933965854035, 35.46093012104624]]}}, {"type": "Feature", "properties": {"id": "東京湾アクアライン-上り-0-54", "route": "東京湾アクアライン", "direction": "上り", "from": "木更津金田IC", "to": "海ほたるPA", "grade": -0.09, "elevation_start": 7.4, "elevation_end": 7.2, "quality": "estimated", "structure": "bridge", "chain_rank": 0, "cum_dist_start": 13500.0, "cum_dist_end": 13750.0, "anomaly": false}, "geometry": {"type": "LineString", "coordinates": [[139.87933965854035, 35.46093012104624], [139.8791277966638, 35.46107409163894], [139.87891593478722, 35.461218062231644], [139.87870407291066, 35.461362032824354], [139.8784922110341, 35.46150600341706], [139.87827978101134, 35.461649404400866], [139.87806464387606, 35.46179009130258], [139.8778495067408, 35.4619307782043], [139.87763436960552, 35.462071465106014], [139.87741923247023, 35.46221215200774], [139.87720409533497, 35.46235283890945]]}}, {"type": "Feature", "properties": {"id": "東京湾アクアライン-上り-0-55", "route": "東京湾アクアライン", "direction": "上り", "from": "木更津金田IC", "to": "海ほたるPA", "grade": -0.09, "elevation_start": 7.2, "elevation_end": 7.0, "quality": "estimated", "structure": "tunnel", "chain_rank": 0, "cum_dist_start": 13750.0, "cum_dist_end": 14000.0, "anomaly": false}, "geometry": {"type": "LineString", "coordinates": [[139.87720409533497, 35.46235283890945], [139.8769889581997, 35.46249352581117], [139.87677382106443, 35.462634212712885], [139.87655868392915, 35.46277489961461], [139.87634354679386, 35.462915586516324], [139.8761284096586, 35.46305627341804], [139.8759125190876, 35.46319617112898], [139.87569345030238, 35.46333273980041], [139.87547438151717, 35.46346930847183], [139.87525531273195, 35.46360587714325], [139.87503624394674, 35.463742445814674]]}}, {"type": "Feature", "properties": {"id": "東京湾アクアライン-上り-0-56", "route": "東京湾アクアライン", "direction": "上り", "from": "海ほたるPA", "to": null, "grade": -0.09, "elevation_start": 7.0, "elevation_end": 6.7, "quality": "estimated", "structure": "tunnel", "chain_rank": 0, "cum_dist_start": 14000.0, "cum_dist_end": 14250.0, "anomaly": false}, "geometry": {"type": "LineString", "coordinates": [[139.87503624394674, 35.463742445814674], [139.87481863525502, 35.463880528974535], [139.87460532715124, 35.46402307293831], [139.8743920190475, 35.46416561690208], [139.8741787109437, 35.46430816086585], [139.87396540283996, 35.464450704829616], [139.8737520947362, 35.464593248793385], [139.87353878663242, 35.46473579275715], [139.87332599416942, 35.46487887236785], [139.87311411226193, 35.465022897862355], [139.87290223035444, 35.465166923356854]]}}, {"type": "Feature", "properties": {"id": "東京湾アクアライン-上り-0-57", "route": "東京湾アクアライン", "direction": "上り", "from": "海ほたるPA", "to": null, "grade": -0.09, "elevation_start": 6.7, "elevation_end": 6.5, "quality": "estimated", "structure": "tunnel", "chain_rank": 0, "cum_dist_start": 14250.0, "cum_dist_end": 14500.0, "anomaly": false}, "geometry": {"type": "LineString", "coordinates": [[139.87290223035444, 35.465166923356854], [139.87269034844692, 35.465310948851354], [139.87247846653943, 35.46545497434586], [139.87226658463192, 35.46559899984036], [139.87205470272443, 35.465743025334866], [139.87184282081694, 35.465887050829366], [139.87163093890942, 35.466031076323866], [139.87141905700193, 35.46617510181837], [139.8712071750944, 35.46631912731287], [139.87099529318692, 35.46646315280738], [139.87078341127943, 35.46660717830188]]}}, {"type": "Feature", "properties": {"id": "東京湾アクアライン-上り-0-58", "route": "東京湾アクアライン", "direction": "上り", "from": "海ほたるPA", "to": null, "grade": -0.09, "elevation_start": 6.5, "elevation_end": 6.2, "quality": "estimated", "structure": "tunnel", "chain_rank": 0, "cum_dist_start": 14500.0, "cum_dist_end": 14750.0, "anomaly": false}, "geometry": {"type": "LineString", "coordinates": [[139.87078341127943, 35.46660717830188], [139.87057152937192, 35.466751203796385], [139.87035964746443, 35.466895229290884], [139.87014776555694, 35.467039254785384], [139.86993588364942, 35.46718328027989], [139.86972400174193, 35.46732730577439], [139.8695121198344, 35.4674713312689], [139.86930023792692, 35.467615356763396], [139.86908835601943, 35.4677593822579], [139.86887647411191, 35.4679034077524], [139.86866459220442, 35.4680474332469]]}}, {"type": "Feature", "properties": {"id": "東京湾アクアライン-上り-0-59", "route": "東京湾アクアライン", "direction": "上り", "from": "海ほたるPA", "to": null, "grade": -0.09, "elevation_start": 6.2, "elevation_end": 6.0, "quality": "estimated", "structure": "tunnel", "chain_rank": 0, "cum_dist_start": 14750.0, "cum_dist_end": 15000.0, "anomaly": false}, "geometry": {"type": "LineString", "coordinates": [[139.86866459220442, 35.4680474332469], [139.8684527102969, 35.46819145874141], [139.86824082838942, 35.46833548423591], [139.86802894648193, 35.468479509730415], [139.8678170645744, 35.468623535224914], [139.86760518266692, 35.468767560719414], [139.86739330075943, 35.46891158621392], [139.8671814188519, 35.46905561170842], [139.86696953694442, 35.46919963720293], [139.8667576550369, 35.469343662697426], [139.86654577312942, 35.46948768819193]]}}, {"type": "Feature", "properties": {"id": "東京湾アクアライン-上り-0-60", "route": "東京湾アクアライン", "direction": "上り", "from": "海ほたるPA", "to": null, "grade": -0.09, "elevation_start": 6.0, "elevation_end": 5.8, "quality": "estimated", "structure": "tunnel", "chain_rank": 0, "cum_dist_start": 15000.0, "cum_dist_end": 15250.0, "anomaly": false}, "geometry": {"type": "LineString", "coordinates": [[139.86654577312942, 35.46948768819193], [139.86633389122193, 35.46963171368643], [139.8661220093144, 35.46977573918093], [139.86591012740692, 35.46991976467544], [139.8656982454994, 35.47006379016994], [139.8654863635919, 35.470207815664445], [139.86527448168442, 35.470351841158944], [139.8650625997769, 35.470495866653444], [139.86485071786942, 35.47063989214795], [139.86463883596193, 35.47078391764245], [139.8644269540544, 35.47092794313696]]}}, {"type": "Feature", "properties": {"id": "東京湾アクアライン-上り-0-61", "route": "東京湾アクアライン", "direction": "上り", "from": "海ほたるPA", "to": null, "grade": -0.09, "elevation_start": 5.8, "elevation_end": 5.5, "quality": "estimated", "structure": "tunnel", "chain_rank": 0, "cum_dist_start": 15250.0, "cum_dist_end": 15500.0, "anomaly": false}, "geometry": {"type": "LineString", "coordinates": [[139.8644269540544, 35.47092794313696], [139.86421507214692, 35.471071968631456], [139.8640031902394, 35.47121599412596], [139.8637913083319, 35.47136001962046], [139.86357942642442, 35.47150404511496], [139.8633675445169, 35.47164807060947], [139.86315566260942, 35.47179209610397], [139.8629437807019, 35.471936121598475], [139.8627318987944, 35.472080147092974], [139.86252001688692, 35.47222417258748], [139.8623081349794, 35.47236819808198]]}}, {"type": "Feature", "properties": {"id": "東京湾アクアライン-上り-0-62", "route": "東京湾アクアライン", "direction": "上り", "from": "海ほたるPA", "to": null, "grade": -0.09, "elevation_start": 5.5, "elevation_end": 5.3, "quality": "estimated", "structure": "tunnel", "chain_rank": 0, "cum_dist_start": 15500.0, "cum_dist_end": 15750.0, "anomaly": false}, "geometry": {"type": "LineString", "coordinates": [[139.8623081349794, 35.47236819808198], [139.8620962530719, 35.47251222357648], [139.86188437116442, 35.47265624907099], [139.8616724892569, 35.472800274565486], [139.86146060734941, 35.47294430005999], [139.8612487254419, 35.47308832555449], [139.8610368435344, 35.47323235104899], [139.86082496162692, 35.4733763765435], [139.8606130797194, 35.473520402038], [139.8604011978119, 35.473664427532505], [139.8601893159044, 35.473808453027004]]}}, {"type": "Feature", "properties": {"id": "東京湾アクアライン-上り-0-63", "route": "東京湾アクアライン", "direction": "上り", "from": "海ほたるPA", "to": null, "grade": -0.09, "elevation_start": 5.3, "elevation_end": 5.1, "quality": "estimated", "structure": "tunnel", "chain_rank": 0, "cum_dist_start": 15750.0, "cum_dist_end": 16000.0, "anomaly": false}, "geometry": {"type": "LineString", "coordinates": [[139.8601893159044, 35.473808453027004], [139.8599774339969, 35.47395247852151], [139.8597655520894, 35.47409650401601], [139.8595536701819, 35.47424052951051], [139.8593417882744, 35.47438455500502], [139.85912990636692, 35.474528580499516], [139.8589180244594, 35.47467260599402], [139.8587061425519, 35.47481663148852], [139.8584942606444, 35.47496065698302], [139.8582823787369, 35.47510468247753], [139.8580704968294, 35.47524870797203]]}}, {"type": "Feature", "properties": {"id": "東京湾アクアライン-上り-0-64", "route": "東京湾アクアライン", "direction": "上り", "from": "海ほたるPA", "to": null, "grade": -0.09, "elevation_start": 5.1, "elevation_end": 4.8, "quality": "estimated", "structure": "tunnel", "chain_rank": 0, "cum_dist_start": 16000.0, "cum_dist_end": 16250.0, "anomaly": false}, "geometry": {"type": "LineString", "coordinates": [[139.8580704968294, 35.47524870797203], [139.8578586149219, 35.475392733466535], [139.8576467330144, 35.475536758961034], [139.8574348511069, 35.47568078445554], [139.8572229691994, 35.47582480995004], [139.8570110872919, 35.47596883544454], [139.8567992053844, 35.47611286093905], [139.8565873234769, 35.476256886433546], [139.8563754415694, 35.47640091192805], [139.8561635596619, 35.47654493742255], [139.8559516777544, 35.47668896291706]]}}, {"type": "Feature", "properties": {"id": "東京湾アクアライン-上り-0-65", "route": "東京湾アクアライン", "direction": "上り", "from": "海ほたるPA", "to": null, "grade": -0.09, "elevation_start": 4.8, "elevation_end": 4.6, "quality": "estimated", "structure": "tunnel", "chain_rank": 0, "cum_dist_start": 16250.0, "cum_dist_end": 16500.0, "anomaly": false}, "geometry": {"type": "LineString", "coordinates": [[139.8559516777544, 35.47668896291706], [139.8557397958469, 35.47683298841156], [139.8555279139394, 35.47697701390606], [139.8553160320319, 35.477121039400565], [139.8551041501244, 35.477265064895064], [139.8548922682169, 35.47740909038957], [139.85468038630938, 35.47755311588407], [139.8544685044019, 35.47769714137857], [139.8542566224944, 35.47784116687308], [139.8540447405869, 35.477985192367576], [139.8538328586794, 35.47812921786208]]}}, {"type": "Feature", "properties": {"id": "東京湾アクアライン-上り-0-66", "route": "東京湾アクアライン", "direction": "上り", "from": "海ほたるPA", "to": null, "grade": -0.09, "elevation_start": 4.6, "elevation_end": 4.4, "quality": "estimated", "structure": "tunnel", "chain_rank": 0, "cum_dist_start": 16500.0, "cum_dist_end": 16750.0, "anomaly": false}, "geometry": {"type": "LineString", "coordinates": [[139.8538328586794, 35.47812921786208], [139.8536209767719, 35.47827324335658], [139.8534090948644, 35.47841726885109], [139.8531972129569, 35.47856129434559], [139.85298533104938, 35.47870531984009], [139.8527734491419, 35.478849345334595], [139.8525615672344, 35.478993370829095], [139.85234968532689, 35.4791373963236], [139.8521378034194, 35.4792814218181], [139.85192592151188, 35.4794254473126], [139.8517140396044, 35.47956947280711]]}}, {"type": "Feature", "properties": {"id": "東京湾アクアライン-上り-0-67", "route": "東京湾アクアライン", "direction": "上り", "from": "海ほたるPA", "to": null, "grade": -0.09, "elevation_start": 4.4, "elevation_end": 4.1, "quality": "estimated", "structure": "tunnel", "chain_rank": 0, "cum_dist_start": 16750.0, "cum_dist_end": 17000.0, "anomaly": false}, "geometry": {"type": "LineString", "coordinates": [[139.8517140396044, 35.47956947280711], [139.8515021576969, 35.47971349830161], [139.85129027578938, 35.47985752379611], [139.8510783938819, 35.48000154929061], [139.8508665119744, 35.48014557478512], [139.85065463006688, 35.48028960027962], [139.8504427481594, 35.48043362577412], [139.85023086625188, 35.480577651268625], [139.8500189843444, 35.480721676763125], [139.8498071024369, 35.48086570225763], [139.84959522052938, 35.48100972775213]]}}, {"type": "Feature", "properties": {"id": "東京湾アクアライン-上り-0-68", "route": "東京湾アクアライン", "direction": "上り", "from": "海ほたるPA", "to": null, "grade": -0.09, "elevation_start": 4.1, "elevation_end": 3.9, "quality": "estimated", "structure": "tunnel", "chain_rank": 0, "cum_dist_start": 17000.0, "cum_dist_end": 17250.0, "anomaly": false}, "geometry": {"type": "LineString", "coordinates": [[139.84959522052938, 35.48100972775213], [139.8493833386219, 35.48115375324663], [139.84917145671437, 35.48129777874114], [139.84895957480688, 35.48144180423564], [139.8487476928994, 35.48158582973014], [139.84853581099188, 35.48172985522464], [139.8483239290844, 35.48187388071915], [139.8481120471769, 35.48201790621365], [139.84790016526938, 35.48216193170815], [139.8476882833619, 35.482305957202655], [139.84747640145437, 35.482449982697155]]}}, {"type": "Feature", "properties": {"id": "東京湾アクアライン-上り-0-69", "route": "東京湾アクアライン", "direction": "上り", "from": "海ほたるPA", "to": null, "grade": -0.09, "elevation_start": 3.9, "elevation_end": 3.7, "quality": "estimated", "structure": "tunnel", "chain_rank": 0, "cum_dist_start": 17250.0, "cum_dist_end": 17500.0, "anomaly": false}, "geometry": {"type": "LineString", "coordinates": [[139.84747640145437, 35.482449982697155], [139.84726451954688, 35.48259400819166], [139.8470526376394, 35.48273803368616], [139.84684075573188, 35.48288205918067], [139.8466288738244, 35.48302608467517], [139.84641699191687, 35.48317011016967], [139.84620511000938, 35.48331413566417], [139.8459932281019, 35.48345816115867], [139.84578134619437, 35.48360218665318], [139.84556946428688, 35.48374621214768], [139.8453575823794, 35.48389023764218]]}}, {"type": "Feature", "properties": {"id": "東京湾アクアライン-上り-0-70", "route": "東京湾アクアライン", "direction": "上り", "from": "海ほたるPA", "to": null, "grade": -0.09, "elevation_start": 3.7, "elevation_end": 3.4, "quality": "estimated", "structure": "tunnel", "chain_rank": 0, "cum_dist_start": 17500.0, "cum_dist_end": 17750.0, "anomaly": false}, "geometry": {"type": "LineString", "coordinates": [[139.8453575823794, 35.48389023764218], [139.84514570047187, 35.484034263136685], [139.84493381856439, 35.484178288631185], [139.84472193665687, 35.48432231412569], [139.84451005474938, 35.48446633962019], [139.8442981728419, 35.4846103651147], [139.84408629093437, 35.4847543906092], [139.84387440902688, 35.4848984161037], [139.84366252711936, 35.4850424415982], [139.84345064521187, 35.4851864670927], [139.84323876330438, 35.48533049258721]]}}, {"type": "Feature", "properties": {"id": "東京湾アクアライン-上り-0-71", "route": "東京湾アクアライン", "direction": "上り", "from": "海ほたるPA", "to": null, "grade": -0.09, "elevation_start": 3.4, "elevation_end": 3.2, "quality": "estimated", "structure": "tunnel", "chain_rank": 0, "cum_dist_start": 17750.0, "cum_dist_end": 18000.0, "anomaly": false}, "geometry": {"type": "LineString", "coordinates": [[139.84323876330438, 35.48533049258721], [139.84302688139687, 35.48547451808171], [139.84281499948938, 35.48561854357621], [139.8426031175819, 35.485762569070715], [139.84239123567437, 35.485906594565215], [139.84217935376688, 35.48605062005972], [139.84196747185936, 35.48619464555422], [139.84175558995187, 35.48633867104873], [139.84154370804438, 35.48648269654323], [139.84133182613687, 35.48662672203773], [139.84111994422938, 35.48677074753223]]}}, {"type": "Feature", "properties": {"id": "東京湾アクアライン-上り-0-72", "route": "東京湾アクアライン", "direction": "上り", "from": "海ほたるPA", "to": null, "grade": -0.09, "elevation_start": 3.2, "elevation_end": 2.9, "quality": "estimated", "structure": "tunnel", "chain_rank": 0, "cum_dist_start": 18000.0, "cum_dist_end": 18250.0, "anomaly": false}, "geometry": {"type": "LineString", "coordinates": [[139.84111994422938, 35.48677074753223], [139.84090806232186, 35.48691477302673], [139.84069618041437, 35.48705879852124], [139.84048429850688, 35.48720282401574], [139.84027241659936, 35.487346849510246], [139.84006053469187, 35.487490875004745], [139.83984865278438, 35.487634900499245], [139.83963677087687, 35.48777892599375], [139.83942488896938, 35.48792295148825], [139.83921300706186, 35.48806697698276], [139.83900112515437, 35.48821100247726]]}}, {"type": "Feature", "properties": {"id": "東京湾アクアライン-上り-0-73", "route": "東京湾アクアライン", "direction": "上り", "from": "海ほたるPA", "to": null, "grade": -0.09, "elevation_start": 2.9, "elevation_end": 2.7, "quality": "estimated", "structure": "tunnel", "chain_rank": 0, "cum_dist_start": 18250.0, "cum_dist_end": 18500.0, "anomaly": false}, "geometry": {"type": "LineString", "coordinates": [[139.83900112515437, 35.48821100247726], [139.83878924324688, 35.48835502797176], [139.83857736133936, 35.48849905346626], [139.83836547943187, 35.48864307896076], [139.83815359752435, 35.48878710445527], [139.83794171561686, 35.48893112994977], [139.83772983370937, 35.489075155444276], [139.83751795180186, 35.489219180938775], [139.83730606989437, 35.489363206433275], [139.83709418798688, 35.48950723192778], [139.83688230607936, 35.48965125742228]]}}, {"type": "Feature", "properties": {"id": "東京湾アクアライン-上り-0-74", "route": "東京湾アクアライン", "direction": "上り", "from": "海ほたるPA", "to": null, "grade": -0.09, "elevation_start": 2.7, "elevation_end": 2.5, "quality": "estimated", "structure": "tunnel", "chain_rank": 0, "cum_dist_start": 18500.0, "cum_dist_end": 18750.0, "anomaly": false}, "geometry": {"type": "LineString", "coordinates": [[139.83688230607936, 35.48965125742228], [139.83667042417187, 35.48979528291679], [139.83645854226435, 35.48993930841129], [139.83624666035686, 35.49008333390579], [139.83603477844937, 35.49022735940029], [139.83582289654186, 35.49037138489479], [139.83561101463437, 35.4905154103893], [139.83539913272685, 35.4906594358838], [139.83518725081936, 35.490803461378306], [139.83497536891187, 35.490947486872805], [139.83476348700435, 35.491091512367305]]}}, {"type": "Feature", "properties": {"id": "東京湾アクアライン-上り-0-75", "route": "東京湾アクアライン", "direction": "上り", "from": "海ほたるPA", "to": null, "grade": -0.09, "elevation_start": 2.5, "elevation_end": 2.2, "quality": "estimated", "structure": "tunnel", "chain_rank": 0, "cum_dist_start": 18750.0, "cum_dist_end": 19000.0, "anomaly": false}, "geometry": {"type": "LineString", "coordinates": [[139.83476348700435, 35.491091512367305], [139.83455160509686, 35.49123553786181], [139.83433972318937, 35.49137956335631], [139.83412784128186, 35.49152358885082], [139.83391595937437, 35.49166761434532], [139.83370407746685, 35.491811639839824], [139.83349219555936, 35.491955665334324], [139.83328031365187, 35.49209969082882], [139.83306843174435, 35.49224371632333], [139.83285654983686, 35.49238774181783], [139.83264466792934, 35.492531767312336]]}}, {"type": "Feature", "properties": {"id": "東京湾アクアライン-上り-0-76", "route": "東京湾アクアライン", "direction": "上り", "from": "海ほたるPA", "to": null, "grade": -0.09, "elevation_start": 2.2, "elevation_end": 2.0, "quality": "estimated", "structure": "tunnel", "chain_rank": 0, "cum_dist_start": 19000.0, "cum_dist_end": 19250.0, "anomaly": false}, "geometry": {"type": "LineString", "coordinates": [[139.83264466792934, 35.492531767312336], [139.83243278602185, 35.492675792806835], [139.83222090411437, 35.492819818301335], [139.83200902220685, 35.49296384379584], [139.83179714029936, 35.49310786929034], [139.83158525839184, 35.49325189478485], [139.83137337648435, 35.49339592027935], [139.83116149457686, 35.493539945773854], [139.83094961266934, 35.493683971268354], [139.83073773076185, 35.49382799676285], [139.83052584885436, 35.49397202225736]]}}, {"type": "Feature", "properties": {"id": "東京湾アクアライン-上り-0-77", "route": "東京湾アクアライン", "direction": "上り", "from": "海ほたるPA", "to": null, "grade": -0.09, "elevation_start": 2.0, "elevation_end": 1.8, "quality": "estimated", "structure": "tunnel", "chain_rank": 0, "cum_dist_start": 19250.0, "cum_dist_end": 19500.0, "anomaly": false}, "geometry": {"type": "LineString", "coordinates": [[139.83052584885436, 35.49397202225736], [139.83031396694685, 35.49411604775186], [139.83010208503936, 35.494260073246366], [139.82989020313184, 35.494404098740866], [139.82967832122435, 35.494548124235365], [139.82946643931686, 35.49469214972987], [139.82925455740934, 35.49483617522437], [139.82904267550185, 35.49498020071888], [139.82883079359434, 35.49512422621338], [139.82861891168685, 35.495268251707884], [139.82840702977936, 35.495412277202384]]}}, {"type": "Feature", "properties": {"id": "東京湾アクアライン-上り-0-78", "route": "東京湾アクアライン", "direction": "上り", "from": "海ほたるPA", "to": null, "grade": -0.09, "elevation_start": 1.8, "elevation_end": 1.5, "quality": "estimated", "structure": "tunnel", "chain_rank": 0, "cum_dist_start": 19500.0, "cum_dist_end": 19750.0, "anomaly": false}, "geometry": {"type": "LineString", "coordinates": [[139.82840702977936, 35.495412277202384], [139.82819514787184, 35.49555630269688], [139.82798326596435, 35.49570032819139], [139.82777138405686, 35.49584435368589], [139.82755950214934, 35.495988379180396], [139.82734762024185, 35.496132404674896], [139.82713573833433, 35.496276430169395], [139.82692385642684, 35.4964204556639], [139.82671197451936, 35.4965644811584], [139.82650009261184, 35.49670850665291], [139.82628821070435, 35.49685253214741]]}}, {"type": "Feature", "properties": {"id": "東京湾アクアライン-上り-0-79", "route": "東京湾アクアライン", "direction": "上り", "from": "海ほたるPA", "to": null, "grade": -0.09, "elevation_start": 1.5, "elevation_end": 1.3, "quality": "estimated", "structure": "tunnel", "chain_rank": 0, "cum_dist_start": 19750.0, "cum_dist_end": 20000.0, "anomaly": false}, "geometry": {"type": "LineString", "coordinates": [[139.82628821070435, 35.49685253214741], [139.82607632879683, 35.496996557641914], [139.82586444688934, 35.497140583136414], [139.82565256498185, 35.49728460863091], [139.82544068307433, 35.49742863412542], [139.82522880116684, 35.49757265961992], [139.82501691925935, 35.497716685114426], [139.82480503735184, 35.497860710608926], [139.82459315544435, 35.49800473610343], [139.82438127353683, 35.49814876159793], [139.82416939162934, 35.49829278709243]]}}, {"type": "Feature", "properties": {"id": "東京湾アクアライン-上り-0-80", "route": "東京湾アクアライン", "direction": "上り", "from": "海ほたるPA", "to": null, "grade": -0.09, "elevation_start": 1.3, "elevation_end": 1.1, "quality": "estimated", "structure": "tunnel", "chain_rank": 0, "cum_dist_start": 20000.0, "cum_dist_end": 20250.0, "anomaly": false}, "geometry": {"type": "LineString", "coordinates": [[139.82416939162934, 35.49829278709243], [139.82395750972185, 35.49843681258694], [139.82374562781433, 35.49858083808144], [139.82353374590684, 35.498724863575944], [139.82332186399933, 35.498868889070444], [139.82310998209184, 35.49901291456494], [139.82289810018435, 35.49915694005945], [139.82268621827683, 35.49930096555395], [139.82247433636934, 35.499444991048456], [139.82226245446185, 35.499589016542956], [139.82205057255433, 35.49973304203746]]}}, {"type": "Feature", "properties": {"id": "東京湾アクアライン-上り-0-81", "route": "東京湾アクアライン", "direction": "上り", "from": "海ほたるPA", "to": null, "grade": -0.09, "elevation_start": 1.1, "elevation_end": 0.8, "quality": "estimated", "structure": "tunnel", "chain_rank": 0, "cum_dist_start": 20250.0, "cum_dist_end": 20500.0, "anomaly": false}, "geometry": {"type": "LineString", "coordinates": [[139.82205057255433, 35.49973304203746], [139.82183869064684, 35.49987706753196], [139.82162680873932, 35.50002109302646], [139.82141492683184, 35.50016511852097], [139.82120304492435, 35.50030914401547], [139.82099116301683, 35.500453169509974], [139.82077928110934, 35.500597195004474], [139.82056739920182, 35.50074122049897], [139.82035551729433, 35.50088524599348], [139.82014363538684, 35.50102927148798], [139.81993175347932, 35.501173296982486]]}}, {"type": "Feature", "properties": {"id": "東京湾アクアライン-上り-0-82", "route": "東京湾アクアライン", "direction": "上り", "from": "海ほたるPA", "to": null, "grade": -0.09, "elevation_start": 0.8, "elevation_end": 0.6, "quality": "estimated", "structure": "tunnel", "chain_rank": 0, "cum_dist_start": 20500.0, "cum_dist_end": 20750.0, "anomaly": false}, "geometry": {"type": "LineString", "coordinates": [[139.81993175347932, 35.501173296982486], [139.81971987157183, 35.501317322476986], [139.81950798966434, 35.50146134797149], [139.81929610775683, 35.50160537346599], [139.81908422584934, 35.50174939896049], [139.81887234394182, 35.501893424455], [139.81866046203433, 35.5020374499495], [139.81844858012684, 35.502181475444004], [139.81823669821932, 35.502325500938504], [139.81802481631183, 35.50246952643301], [139.81781293440432, 35.50261355192751]]}}, {"type": "Feature", "properties": {"id": "東京湾アクアライン-上り-0-83", "route": "東京湾アクアライン", "direction": "上り", "from": "海ほたるPA", "to": null, "grade": -0.09, "elevation_start": 0.6, "elevation_end": 0.4, "quality": "estimated", "structure": "tunnel", "chain_rank": 0, "cum_dist_start": 20750.0, "cum_dist_end": 21000.0, "anomaly": false}, "geometry": {"type": "LineString", "coordinates": [[139.81781293440432, 35.50261355192751], [139.81760105249683, 35.50275757742201], [139.81738917058934, 35.502901602916516], [139.81717728868182, 35.503045628411016], [139.81696540677433, 35.50318965390552], [139.81675352486684, 35.50333367940002], [139.81654164295932, 35.50347770489452], [139.81632976105183, 35.50362173038903], [139.81611787914431, 35.50376575588353], [139.81590599723683, 35.503909781378034], [139.81569411532934, 35.504053806872534]]}}, {"type": "Feature", "properties": {"id": "東京湾アクアライン-上り-0-84", "route": "東京湾アクアライン", "direction": "上り", "from": "海ほたるPA", "to": null, "grade": -0.09, "elevation_start": 0.4, "elevation_end": 0.1, "quality": "estimated", "structure": "tunnel", "chain_rank": 0, "cum_dist_start": 21000.0, "cum_dist_end": 21250.0, "anomaly": false}, "geometry": {"type": "LineString", "coordinates": [[139.81569411532934, 35.504053806872534], [139.81548223342182, 35.50419783236704], [139.81527035151433, 35.50434185786154], [139.8150584696068, 35.50448588335604], [139.81484658769932, 35.504629908850546], [139.81463470579183, 35.504773934345046], [139.8144228238843, 35.50491795983955], [139.81421094197682, 35.50506198533405], [139.81399906006934, 35.50520601082855], [139.81378717816182, 35.50535003632306], [139.81357529625433, 35.50549406181756]]}}, {"type": "Feature", "properties": {"id": "東京湾アクアライン-上り-0-85", "route": "東京湾アクアライン", "direction": "上り", "from": "海ほたるPA", "to": null, "grade": -0.09, "elevation_start": 0.1, "elevation_end": -0.1, "quality": "estimated", "structure": "tunnel", "chain_rank": 0, "cum_dist_start": 21250.0, "cum_dist_end": 21500.0, "anomaly": false}, "geometry": {"type": "LineString", "coordinates": [[139.81357529625433, 35.50549406181756], [139.8133634143468, 35.505638087312064], [139.81315153243932, 35.505782112806564], [139.81293965053183, 35.50592613830107], [139.8127277686243, 35.50607016379557], [139.81251588671682, 35.50621418929007], [139.8123040048093, 35.506358214784576], [139.81209212290182, 35.506502240279076], [139.81188024099433, 35.50664626577358], [139.8116683590868, 35.50679029126808], [139.81145647717932, 35.50693431676259]]}}, {"type": "Feature", "properties": {"id": "東京湾アクアライン-上り-0-86", "route": "東京湾アクアライン", "direction": "上り", "from": "海ほたるPA", "to": null, "grade": -0.09, "elevation_start": -0.1, "elevation_end": -0.3, "quality": "estimated", "structure": "tunnel", "chain_rank": 0, "cum_dist_start": 21500.0, "cum_dist_end": 21750.0, "anomaly": false}, "geometry": {"type": "LineString", "coordinates": [[139.81145647717932, 35.50693431676259], [139.81124459527183, 35.50707834225709], [139.8110327133643, 35.50722236775159], [139.81082083145682, 35.507366393246095], [139.8106089495493, 35.507510418740594], [139.81039706764182, 35.5076544442351], [139.81018518573433, 35.5077984697296], [139.8099733038268, 35.5079424952241], [139.80976142191932, 35.50808652071861], [139.8095495400118, 35.508230546213106], [139.8093376581043, 35.50837457170761]]}}, {"type": "Feature", "properties": {"id": "東京湾アクアライン-上り-0-87", "route": "東京湾アクアライン", "direction": "上り", "from": "海ほたるPA", "to": null, "grade": -0.09, "elevation_start": -0.3, "elevation_end": -0.6, "quality": "estimated", "structure": "tunnel", "chain_rank": 0, "cum_dist_start": 21750.0, "cum_dist_end": 22000.0, "anomaly": false}, "geometry": {"type": "LineString", "coordinates": [[139.8093376581043, 35.50837457170761], [139.80912577619682, 35.50851859720211], [139.8089138942893, 35.50866262269662], [139.80870201238181, 35.50880664819112], [139.80849013047433, 35.50895067368562], [139.8082782485668, 35.509094699180125], [139.80806636665932, 35.509238724674624], [139.8078544847518, 35.50938275016913], [139.8076426028443, 35.50952677566363], [139.80743072093682, 35.50967080115813], [139.8072188390293, 35.50981482665264]]}}, {"type": "Feature", "properties": {"id": "東京湾アクアライン-上り-0-88", "route": "東京湾アクアライン", "direction": "上り", "from": "海ほたるPA", "to": null, "grade": -0.09, "elevation_start": -0.6, "elevation_end": -0.8, "quality": "estimated", "structure": "tunnel", "chain_rank": 0, "cum_dist_start": 22000.0, "cum_dist_end": 22250.0, "anomaly": false}, "geometry": {"type": "LineString", "coordinates": [[139.8072188390293, 35.50981482665264], [139.8070069571218, 35.509958852147136], [139.8067950752143, 35.51010287764164], [139.8065831933068, 35.51024690313614], [139.80637131139932, 35.51039092863065], [139.8061594294918, 35.51053495412515], [139.8059475475843, 35.51067897961965], [139.80573566567682, 35.510823005114155], [139.8055237837693, 35.510967030608654], [139.8053119018618, 35.51111105610316], [139.8051000199543, 35.51125508159766]]}}, {"type": "Feature", "properties": {"id": "東京湾アクアライン-上り-0-89", "route": "東京湾アクアライン", "direction": "上り", "from": "海ほたるPA", "to": null, "grade": -0.09, "elevation_start": -0.8, "elevation_end": -1.1, "quality": "estimated", "structure": "tunnel", "chain_rank": 0, "cum_dist_start": 22250.0, "cum_dist_end": 22500.0, "anomaly": false}, "geometry": {"type": "LineString", "coordinates": [[139.8051000199543, 35.51125508159766], [139.8048881380468, 35.51139910709217], [139.80467625613932, 35.51154313258667], [139.8044643742318, 35.511687158081166], [139.8042524923243, 35.51183118357567], [139.8040406104168, 35.51197520907017], [139.8038287285093, 35.51211923456468], [139.8036168466018, 35.51226326005918], [139.8034049646943, 35.51240728555368], [139.8031930827868, 35.512551311048185], [139.80298120087932, 35.512695336542684]]}}, {"type": "Feature", "properties": {"id": "東京湾アクアライン-上り-0-90", "route": "東京湾アクアライン", "direction": "上り", "from": "海ほたるPA", "to": null, "grade": -0.09, "elevation_start": -1.1, "elevation_end": -1.3, "quality": "estimated", "structure": "tunnel", "chain_rank": 0, "cum_dist_start": 22500.0, "cum_dist_end": 22750.0, "anomaly": false}, "geometry": {"type": "LineString", "coordinates": [[139.80298120087932, 35.512695336542684], [139.8027693189718, 35.51283936203719], [139.8025574370643, 35.51298338753169], [139.8023455551568, 35.5131274130262], [139.8021336732493, 35.5132714385207], [139.8019217913418, 35.513415464015196], [139.8017099094343, 35.5135594895097], [139.8014980275268, 35.5137035150042], [139.8012861456193, 35.51384754049871], [139.8010742637118, 35.51399156599321], [139.8008623818043, 35.51413559148771]]}}, {"type": "Feature", "properties": {"id": "東京湾アクアライン-上り-0-91", "route": "東京湾アクアライン", "direction": "上り", "from": "海ほたるPA", "to": null, "grade": -0.09, "elevation_start": -1.3, "elevation_end": -1.5, "quality": "estimated", "structure": "tunnel", "chain_rank": 0, "cum_dist_start": 22750.0, "cum_dist_end": 23000.0, "anomaly": false}, "geometry": {"type": "LineString", "coordinates": [[139.8008623818043, 35.51413559148771], [139.8006504998968, 35.514279616982215], [139.8004386179893, 35.514423642476714], [139.8002261767107, 35.514567130178904], [139.80001233785228, 35.51470927421551], [139.79979849899388, 35.51485141825212], [139.79958466013545, 35.51499356228872], [139.79936425327327, 35.515128778157326], [139.79914253633268, 35.51526261210783], [139.79892071896654, 35.51539633149848], [139.79869443988062, 35.51552496120794]]}}, {"type": "Feature", "properties": {"id": "東京湾アクアライン-上り-0-92", "route": "東京湾アクアライン", "direction": "上り", "from": "海ほたるPA", "to": null, "grade": -0.09, "elevation_start": -1.5, "elevation_end": -1.8, "quality": "estimated", "structure": "tunnel", "chain_rank": 0, "cum_dist_start": 23000.0, "cum_dist_end": 23250.0, "anomaly": false}, "geometry": {"type": "LineString", "coordinates": [[139.79869443988062, 35.51552496120794], [139.79846816079467, 35.51565359091739], [139.79823939062868, 35.515779186914], [139.79800807501735, 35.515901682990076], [139.797775931123, 35.51602308268571], [139.79753838288005, 35.516137328761495], [139.79730083463713, 35.51625157483728], [139.79706075333524, 35.51636219069283], [139.79681954749995, 35.516471194938106], [139.7965774268254, 35.516578738408064], [139.79632824275967, 35.5166750033642]]}}, {"type": "Feature", "properties": {"id": "東京湾アクアライン-上り-0-93", "route": "東京湾アクアライン", "direction": "上り", "from": "海ほたるPA", "to": null, "grade": -0.09, "elevation_start": -1.8, "elevation_end": -2.0, "quality": "estimated", "structure": "tunnel", "chain_rank": 0, "cum_dist_start": 23250.0, "cum_dist_end": 23500.0, "anomaly": false}, "geometry": {"type": "LineString", "coordinates": [[139.79632824275967, 35.5166750033642], [139.79607905869395, 35.51677126832034], [139.7958263146989, 35.51686103822472], [139.79557256337378, 35.51694897026642], [139.79531881204863, 35.51703690230813], [139.79506506072352, 35.51712483434983], [139.79481130939837, 35.51721276639154], [139.79455755807322, 35.51730069843324], [139.7943038067481, 35.51738863047494], [139.79405005542296, 35.51747656251665], [139.79379650054085, 35.51756485106288]]}}, {"type": "Feature", "properties": {"id": "東京湾アクアライン-下り-0-0", "route": "東京湾アクアライン", "direction": "下り", "from": null, "to": "海ほたるPA", "grade": -0.14, "elevation_start": -1.7, "elevation_end": -2.1, "quality": "estimated", "structure": "tunnel", "chain_rank": 0, "cum_dist_start": 0.0, "cum_dist_end": 250.0, "anomaly": false}, "geometry": {"type": "LineString", "coordinates": [[139.7916385, 35.5185932], [139.79188175940828, 35.51848728056801], [139.79212642610244, 35.5183836810366], [139.79237677044293, 35.518289441063736], [139.79262711478341, 35.51819520109087], [139.79287733822096, 35.51810074775411], [139.7931274208668, 35.518006045954806], [139.79337750351266, 35.51791134415551], [139.79362871418198, 35.51781868279567], [139.7938808728236, 35.517727736187524], [139.79413596060755, 35.51764243546825]]}}, {"type": "Feature", "properties": {"id": "東京湾アクアライン-下り-0-1", "route": "東京湾アクアライン", "direction": "下り", "from": null, "to": "海ほたるPA", "grade": 0.07, "elevation_start": -2.1, "elevation_end": -1.9, "quality": "estimated", "structure": "tunnel", "chain_rank": 0, "cum_dist_start": 250.0, "cum_dist_end": 500.0, "anomaly": false}, "geometry": {"type": "LineString", "coordinates": [[139.79413596060755, 35.51764243546825], [139.7943911634073, 35.51755735644065], [139.79464636620708, 35.517472277413056], [139.79490156900684, 35.51738719838546], [139.7951567718066, 35.517302119357865], [139.79541197460637, 35.517217040330266], [139.79566717740613, 35.517131961302674], [139.7959223802059, 35.517046882275075], [139.79617637865994, 35.51695955635389], [139.7964258879567, 35.516863855214254], [139.79667539725347, 35.51676815407462]]}}, {"type": "Feature", "properties": {"id": "東京湾アクアライン-下り-0-2", "route": "東京湾アクアライン", "direction": "下り", "from": null, "to": "海ほたるPA", "grade": 0.07, "elevation_start": -1.9, "elevation_end": -1.7, "quality": "estimated", "structure": "tunnel", "chain_rank": 0, "cum_dist_start": 500.0, "cum_dist_end": 750.0, "anomaly": false}, "geometry": {"type": "LineString", "coordinates": [[139.79667539725347, 35.51676815407462], [139.79692263129058, 35.5166686406903], [139.7971684591715, 35.516566771262156], [139.79741295058957, 35.51646288411682], [139.79765164979096, 35.51635025220514], [139.79789034899235, 35.51623762029347], [139.79812310234368, 35.51611710858391], [139.79835332567185, 35.5159932439356], [139.79858210828087, 35.515867631119576], [139.7988090097214, 35.51573973569493], [139.79903591116195, 35.51561184027028]]}}, {"type": "Feature", "properties": {"id": "東京湾アクアライン-下り-0-3", "route": "東京湾アクアライン", "direction": "下り", "from": null, "to": "海ほたるPA", "grade": 0.07, "elevation_start": -1.7, "elevation_end": -1.5, "quality": "estimated", "structure": "tunnel", "chain_rank": 0, "cum_dist_start": 750.0, "cum_dist_end": 1000.0, "anomaly": false}, "geometry": {"type": "LineString", "coordinates": [[139.79903591116195, 35.51561184027028], [139.79925771936678, 35.515478154378826], [139.79947825045323, 35.5153430165397], [139.7996987815397, 35.51520787870058], [139.7999148242691, 35.51506802374127], [139.80012930556418, 35.514926527764246], [139.80034378685926, 35.51478503178723], [139.80055707970126, 35.51464237853015], [139.80076882507265, 35.51449821839253], [139.80098057044404, 35.51435405825491], [139.80119231581543, 35.514209898117294]]}}, {"type": "Feature", "properties": {"id": "東京湾アクアライン-下り-0-4", "route": "東京湾アクアライン", "direction": "下り", "from": null, "to": "海ほたるPA", "grade": 0.07, "elevation_start": -1.5, "elevation_end": -1.4, "quality": "estimated", "structure": "tunnel", "chain_rank": 0, "cum_dist_start": 1000.0, "cum_dist_end": 1250.0, "anomaly": false}, "geometry": {"type": "LineString", "coordinates": [[139.80119231581543, 35.514209898117294], [139.80140406118684, 35.51406573797968], [139.80161580655823, 35.513921577842055], [139.80182755192962, 35.51377741770444], [139.802039297301, 35.51363325756682], [139.80225104267242, 35.5134890974292], [139.8024627880438, 35.513344937291585], [139.8026745334152, 35.51320077715397], [139.80288627878662, 35.51305661701635], [139.803098024158, 35.51291245687873], [139.8033097695294, 35.512768296741115]]}}, {"type": "Feature", "properties": {"id": "東京湾アクアライン-下り-0-5", "route": "東京湾アクアライン", "direction": "下り", "from": null, "to": "海ほたるPA", "grade": 0.07, "elevation_start": -1.4, "elevation_end": -1.2, "quality": "estimated", "structure": "tunnel", "chain_rank": 0, "cum_dist_start": 1250.0, "cum_dist_end": 1500.0, "anomaly": false}, "geometry": {"type": "LineString", "coordinates": [[139.8033097695294, 35.512768296741115], [139.80352151490078, 35.5126241366035], [139.8037332602722, 35.512479976465876], [139.80394500564358, 35.51233581632826], [139.80415675101497, 35.512191656190645], [139.80436849638636, 35.51204749605302], [139.80458024175778, 35.511903335915406], [139.80479198712916, 35.51175917577779], [139.80500373250055, 35.51161501564017], [139.80521547787194, 35.51147085550255], [139.80542722324336, 35.511326695364936]]}}, {"type": "Feature", "properties": {"id": "東京湾アクアライン-下り-0-6", "route": "東京湾アクアライン", "direction": "下り", "from": null, "to": "海ほたるPA", "grade": 0.07, "elevation_start": -1.2, "elevation_end": -1.0, "quality": "estimated", "structure": "tunnel", "chain_rank": 0, "cum_dist_start": 1500.0, "cum_dist_end": 1750.0, "anomaly": false}, "geometry": {"type": "LineString", "coordinates": [[139.80542722324336, 35.511326695364936], [139.80563896861474, 35.51118253522732], [139.80585071398613, 35.5110383750897], [139.80606245935752, 35.51089421495208], [139.80627420472894, 35.510750054814466], [139.80648595010032, 35.51060589467684], [139.8066976954717, 35.51046173453923], [139.80690944084313, 35.51031757440161], [139.80712118621452, 35.51017341426399], [139.8073329315859, 35.51002925412637], [139.8075446769573, 35.50988509398876]]}}, {"type": "Feature", "properties": {"id": "東京湾アクアライン-下り-0-7", "route": "東京湾アクアライン", "direction": "下り", "from": null, "to": "海ほたるPA", "grade": 0.07, "elevation_start": -1.0, "elevation_end": -0.8, "quality": "estimated", "structure": "tunnel", "chain_rank": 0, "cum_dist_start": 1750.0, "cum_dist_end": 2000.0, "anomaly": false}, "geometry": {"type": "LineString", "coordinates": [[139.8075446769573, 35.50988509398876], [139.8077564223287, 35.509740933851134], [139.8079681677001, 35.50959677371352], [139.80817991307148, 35.5094526135759], [139.80839165844287, 35.50930845343828], [139.8086034038143, 35.509164293300664], [139.80881514918568, 35.50902013316305], [139.80902689455706, 35.50887597302543], [139.80923863992845, 35.50873181288781], [139.80945038529987, 35.508587652750194], [139.80966213067126, 35.50844349261258]]}}, {"type": "Feature", "properties": {"id": "東京湾アクアライン-下り-0-8", "route": "東京湾アクアライン", "direction": "下り", "from": null, "to": "海ほたるPA", "grade": 0.07, "elevation_start": -0.8, "elevation_end": -0.6, "quality": "estimated", "structure": "tunnel", "chain_rank": 0, "cum_dist_start": 2000.0, "cum_dist_end": 2250.0, "anomaly": false}, "geometry": {"type": "LineString", "coordinates": [[139.80966213067126, 35.50844349261258], [139.80987387604264, 35.508299332474955], [139.81008562141403, 35.50815517233734], [139.81029736678545, 35.508011012199724], [139.81050911215684, 35.5078668520621], [139.81072085752822, 35.507722691924485], [139.81093260289964, 35.50757853178687], [139.81114434827103, 35.507434371649246], [139.81135609364242, 35.50729021151163], [139.8115678390138, 35.507146051374015], [139.81177958438522, 35.5070018912364]]}}, {"type": "Feature", "properties": {"id": "東京湾アクアライン-下り-0-9", "route": "東京湾アクアライン", "direction": "下り", "from": null, "to": "海ほたるPA", "grade": 0.07, "elevation_start": -0.6, "elevation_end": -0.5, "quality": "estimated", "structure": "tunnel", "chain_rank": 0, "cum_dist_start": 2250.0, "cum_dist_end": 2500.0, "anomaly": false}, "geometry": {"type": "LineString", "coordinates": [[139.81177958438522, 35.5070018912364], [139.8119913297566, 35.506857731098776], [139.812203075128, 35.50671357096116], [139.81241482049938, 35.506569410823545], [139.8126265658708, 35.50642525068592], [139.8128383112422, 35.506281090548306], [139.81305005661358, 35.50613693041069], [139.81326180198496, 35.50599277027307], [139.81347354735638, 35.50584861013545], [139.81368529272777, 35.505704449997836], [139.81389703809916, 35.50556028986021]]}}, {"type": "Feature", "properties": {"id": "東京湾アクアライン-下り-0-10", "route": "東京湾アクアライン", "direction": "下り", "from": null, "to": "海ほたるPA", "grade": 0.07, "elevation_start": -0.5, "elevation_end": -0.3, "quality": "estimated", "structure": "tunnel", "chain_rank": 0, "cum_dist_start": 2500.0, "cum_dist_end": 2750.0, "anomaly": false}, "geometry": {"type": "LineString", "coordinates": [[139.81389703809916, 35.50556028986021], [139.81410878347057, 35.5054161297226], [139.81432052884196, 35.50527196958498], [139.81453227421335, 35.50512780944736], [139.81474401958474, 35.50498364930974], [139.81495576495615, 35.50483948917213], [139.81516751032754, 35.50469532903451], [139.81537925569893, 35.50455116889689], [139.81559100107032, 35.50440700875927], [139.81580274644173, 35.50426284862166], [139.81601449181312, 35.504118688484034]]}}, {"type": "Feature", "properties": {"id": "東京湾アクアライン-下り-0-11", "route": "東京湾アクアライン", "direction": "下り", "from": null, "to": "海ほたるPA", "grade": 0.07, "elevation_start": -0.3, "elevation_end": -0.1, "quality": "estimated", "structure": "tunnel", "chain_rank": 0, "cum_dist_start": 2750.0, "cum_dist_end": 3000.0, "anomaly": false}, "geometry": {"type": "LineString", "coordinates": [[139.81601449181312, 35.504118688484034], [139.8162262371845, 35.50397452834642], [139.8164379825559, 35.5038303682088], [139.8166497279273, 35.50368620807118], [139.8168614732987, 35.503542047933564], [139.8170732186701, 35.50339788779595], [139.81728496404148, 35.503253727658326], [139.8174967094129, 35.50310956752071], [139.81770845478428, 35.502965407383094], [139.81792020015567, 35.50282124724548], [139.81813194552709, 35.502677087107855]]}}, {"type": "Feature", "properties": {"id": "東京湾アクアライン-下り-0-12", "route": "東京湾アクアライン", "direction": "下り", "from": null, "to": "海ほたるPA", "grade": 0.07, "elevation_start": -0.1, "elevation_end": 0.1, "quality": "estimated", "structure": "tunnel", "chain_rank": 0, "cum_dist_start": 3000.0, "cum_dist_end": 3250.0, "anomaly": false}, "geometry": {"type": "LineString", "coordinates": [[139.81813194552709, 35.502677087107855], [139.81834369089847, 35.50253292697024], [139.81855543626986, 35.502388766832624], [139.81876718164125, 35.502244606695], [139.81897892701267, 35.502100446557385], [139.81919067238405, 35.50195628641977], [139.81940241775544, 35.50181212628215], [139.81961416312683, 35.50166796614453], [139.81982590849825, 35.501523806006915], [139.82003765386963, 35.50137964586929], [139.82024939924102, 35.50123548573168]]}}, {"type": "Feature", "properties": {"id": "東京湾アクアライン-下り-0-13", "route": "東京湾アクアライン", "direction": "下り", "from": null, "to": "海ほたるPA", "grade": 0.07, "elevation_start": 0.1, "elevation_end": 0.3, "quality": "estimated", "structure": "tunnel", "chain_rank": 0, "cum_dist_start": 3250.0, "cum_dist_end": 3500.0, "anomaly": false}, "geometry": {"type": "LineString", "coordinates": [[139.82024939924102, 35.50123548573168], [139.8204611446124, 35.50109132559406], [139.82067288998383, 35.500947165456445], [139.8208846353552, 35.50080300531882], [139.8210963807266, 35.500658845181206], [139.821308126098, 35.50051468504359], [139.8215198714694, 35.50037052490597], [139.8217316168408, 35.50022636476835], [139.82194336221218, 35.500082204630736], [139.8221551075836, 35.49993804449311], [139.82236685295499, 35.4997938843555]]}}, {"type": "Feature", "properties": {"id": "東京湾アクアライン-下り-0-14", "route": "東京湾アクアライン", "direction": "下り", "from": null, "to": "海ほたるPA", "grade": 0.07, "elevation_start": 0.3, "elevation_end": 0.4, "quality": "estimated", "structure": "tunnel", "chain_rank": 0, "cum_dist_start": 3500.0, "cum_dist_end": 3750.0, "anomaly": false}, "geometry": {"type": "LineString", "coordinates": [[139.82236685295499, 35.4997938843555], [139.82257859832637, 35.49964972421788], [139.82279034369776, 35.49950556408026], [139.82300208906918, 35.49936140394264], [139.82321383444057, 35.49921724380503], [139.82342557981195, 35.499073083667405], [139.82363732518334, 35.49892892352979], [139.82384907055476, 35.49878476339217], [139.82406081592615, 35.49864060325456], [139.82427256129753, 35.498496443116935], [139.82448430666892, 35.49835228297932]]}}, {"type": "Feature", "properties": {"id": "東京湾アクアライン-下り-0-15", "route": "東京湾アクアライン", "direction": "下り", "from": null, "to": "海ほたるPA", "grade": 0.07, "elevation_start": 0.4, "elevation_end": 0.6, "quality": "estimated", "structure": "tunnel", "chain_rank": 0, "cum_dist_start": 3750.0, "cum_dist_end": 4000.0, "anomaly": false}, "geometry": {"type": "LineString", "coordinates": [[139.82448430666892, 35.49835228297932], [139.82469605204034, 35.4982081228417], [139.82490779741173, 35.49806396270408], [139.8251195427831, 35.497919802566464], [139.82533128815453, 35.49777564242885], [139.82554303352592, 35.497631482291226], [139.8257547788973, 35.49748732215361], [139.8259665242687, 35.497343162015994], [139.8261782696401, 35.49719900187837], [139.8263900150115, 35.497054841740756], [139.82660176038289, 35.49691068160314]]}}, {"type": "Feature", "properties": {"id": "東京湾アクアライン-下り-0-16", "route": "東京湾アクアライン", "direction": "下り", "from": null, "to": "海ほたるPA", "grade": 0.07, "elevation_start": 0.6, "elevation_end": 0.8, "quality": "estimated", "structure": "tunnel", "chain_rank": 0, "cum_dist_start": 4000.0, "cum_dist_end": 4250.0, "anomaly": false}, "geometry": {"type": "LineString", "coordinates": [[139.82660176038289, 35.49691068160314], [139.82681350575427, 35.496766521465524], [139.8270252511257, 35.4966223613279], [139.82723699649708, 35.496478201190286], [139.82744874186847, 35.49633404105267], [139.82766048723985, 35.49618988091505], [139.82787223261127, 35.49604572077743], [139.82808397798266, 35.495901560639815], [139.82829572335405, 35.49575740050219], [139.82850746872543, 35.49561324036458], [139.82871921409685, 35.49546908022696]]}}, {"type": "Feature", "properties": {"id": "東京湾アクアライン-下り-0-17", "route": "東京湾アクアライン", "direction": "下り", "from": null, "to": "海ほたるPA", "grade": 0.07, "elevation_start": 0.8, "elevation_end": 1.0, "quality": "estimated", "structure": "tunnel", "chain_rank": 0, "cum_dist_start": 4250.0, "cum_dist_end": 4500.0, "anomaly": false}, "geometry": {"type": "LineString", "coordinates": [[139.82871921409685, 35.49546908022696], [139.82893095946824, 35.49532492008934], [139.82914270483963, 35.49518075995172], [139.82935445021104, 35.49503659981411], [139.82956619558243, 35.494892439676484], [139.82977794095382, 35.49474827953887], [139.8299896863252, 35.49460411940125], [139.83020143169662, 35.49445995926364], [139.830413177068, 35.494315799126014], [139.8306249224394, 35.4941716389884], [139.8308366678108, 35.49402747885078]]}}, {"type": "Feature", "properties": {"id": "東京湾アクアライン-下り-0-18", "route": "東京湾アクアライン", "direction": "下り", "from": null, "to": "海ほたるPA", "grade": 0.07, "elevation_start": 1.0, "elevation_end": 1.2, "quality": "estimated", "structure": "tunnel", "chain_rank": 0, "cum_dist_start": 4500.0, "cum_dist_end": 4750.0, "anomaly": false}, "geometry": {"type": "LineString", "coordinates": [[139.8308366678108, 35.49402747885078], [139.8310484131822, 35.49388331871316], [139.8312601585536, 35.49373915857554], [139.83147190392498, 35.49359499843793], [139.83168364929637, 35.493450838300305], [139.83189539466778, 35.49330667816269], [139.83210714003917, 35.49316251802507], [139.83231888541056, 35.49301835788745], [139.83253063078195, 35.492874197749835], [139.83274237615336, 35.49273003761222], [139.83295412152475, 35.4925858774746]]}}, {"type": "Feature", "properties": {"id": "東京湾アクアライン-下り-0-19", "route": "東京湾アクアライン", "direction": "下り", "from": null, "to": "海ほたるPA", "grade": 0.07, "elevation_start": 1.2, "elevation_end": 1.3, "quality": "estimated", "structure": "tunnel", "chain_rank": 0, "cum_dist_start": 4750.0, "cum_dist_end": 5000.0, "anomaly": false}, "geometry": {"type": "LineString", "coordinates": [[139.83295412152475, 35.4925858774746], [139.83316586689614, 35.49244171733698], [139.83337761226755, 35.492297557199365], [139.83358935763894, 35.49215339706175], [139.83380110301033, 35.492009236924126], [139.83401284838172, 35.49186507678651], [139.83422459375313, 35.491720916648895], [139.83443633912452, 35.49157675651127], [139.8346480844959, 35.491432596373656], [139.8348598298673, 35.49128843623604], [139.83507157523871, 35.49114427609842]]}}, {"type": "Feature", "properties": {"id": "東京湾アクアライン-下り-0-20", "route": "東京湾アクアライン", "direction": "下り", "from": null, "to": "海ほたるPA", "grade": 0.07, "elevation_start": 1.3, "elevation_end": 1.5, "quality": "estimated", "structure": "tunnel", "chain_rank": 0, "cum_dist_start": 5000.0, "cum_dist_end": 5250.0, "anomaly": false}, "geometry": {"type": "LineString", "coordinates": [[139.83507157523871, 35.49114427609842], [139.8352833206101, 35.4910001159608], [139.8354950659815, 35.490855955823186], [139.83570681135288, 35.49071179568557], [139.8359185567243, 35.49056763554795], [139.83613030209568, 35.49042347541033], [139.83634204746707, 35.490279315272716], [139.8365537928385, 35.49013515513509], [139.83676553820987, 35.48999099499748], [139.83697728358126, 35.48984683485986], [139.83718902895265, 35.48970267472224]]}}, {"type": "Feature", "properties": {"id": "東京湾アクアライン-下り-0-21", "route": "東京湾アクアライン", "direction": "下り", "from": null, "to": "海ほたるPA", "grade": 0.07, "elevation_start": 1.5, "elevation_end": 1.7, "quality": "estimated", "structure": "tunnel", "chain_rank": 0, "cum_dist_start": 5250.0, "cum_dist_end": 5500.0, "anomaly": false}, "geometry": {"type": "LineString", "coordinates": [[139.83718902895265, 35.48970267472224], [139.83740077432407, 35.48955851458462], [139.83761251969545, 35.48941435444701], [139.83782426506684, 35.489270194309384], [139.83803601043823, 35.48912603417177], [139.83824775580965, 35.48898187403415], [139.83845950118103, 35.48883771389653], [139.83867124655242, 35.488693553758914], [139.8388829919238, 35.4885493936213], [139.83909473729523, 35.48840523348368], [139.83930648266661, 35.48826107334606]]}}, {"type": "Feature", "properties": {"id": "東京湾アクアライン-下り-0-22", "route": "東京湾アクアライン", "direction": "下り", "from": null, "to": "海ほたるPA", "grade": 0.07, "elevation_start": 1.7, "elevation_end": 1.9, "quality": "estimated", "structure": "tunnel", "chain_rank": 0, "cum_dist_start": 5500.0, "cum_dist_end": 5750.0, "anomaly": false}, "geometry": {"type": "LineString", "coordinates": [[139.83930648266661, 35.48826107334606], [139.839518228038, 35.488116913208444], [139.8397299734094, 35.48797275307083], [139.8399417187808, 35.487828592933205], [139.8401534641522, 35.48768443279559], [139.84036520952358, 35.487540272657974], [139.840576954895, 35.48739611252035], [139.8407887002664, 35.487251952382735], [139.84100044563777, 35.48710779224512], [139.84121219100916, 35.486963632107496], [139.84142393638058, 35.48681947196988]]}}, {"type": "Feature", "properties": {"id": "東京湾アクアライン-下り-0-23", "route": "東京湾アクアライン", "direction": "下り", "from": null, "to": "海ほたるPA", "grade": 0.07, "elevation_start": 1.9, "elevation_end": 2.0, "quality": "estimated", "structure": "tunnel", "chain_rank": 0, "cum_dist_start": 5750.0, "cum_dist_end": 6000.0, "anomaly": false}, "geometry": {"type": "LineString", "coordinates": [[139.84142393638058, 35.48681947196988], [139.84163568175197, 35.486675311832265], [139.84184742712335, 35.48653115169465], [139.84205917249474, 35.486386991557026], [139.84227091786616, 35.48624283141941], [139.84248266323755, 35.486098671281795], [139.84269440860893, 35.48595451114417], [139.84290615398032, 35.485810351006556], [139.84311789935174, 35.48566619086894], [139.84332964472313, 35.48552203073132], [139.84354139009452, 35.4853778705937]]}}, {"type": "Feature", "properties": {"id": "東京湾アクアライン-下り-0-24", "route": "東京湾アクアライン", "direction": "下り", "from": null, "to": "海ほたるPA", "grade": 0.07, "elevation_start": 2.0, "elevation_end": 2.2, "quality": "estimated", "structure": "tunnel", "chain_rank": 0, "cum_dist_start": 6000.0, "cum_dist_end": 6250.0, "anomaly": false}, "geometry": {"type": "LineString", "coordinates": [[139.84354139009452, 35.4853778705937], [139.8437531354659, 35.485233710456086], [139.84396488083732, 35.48508955031846], [139.8441766262087, 35.48494539018085], [139.8443883715801, 35.48480123004323], [139.8446001169515, 35.48465706990561], [139.8448118623229, 35.48451290976799], [139.8450236076943, 35.48436874963038], [139.84523535306568, 35.48422458949276], [139.8454470984371, 35.48408042935514], [139.84565884380848, 35.48393626921752]]}}, {"type": "Feature", "properties": {"id": "東京湾アクアライン-下り-0-25", "route": "東京湾アクアライン", "direction": "下り", "from": null, "to": "海ほたるPA", "grade": 0.07, "elevation_start": 2.2, "elevation_end": 2.4, "quality": "estimated", "structure": "tunnel", "chain_rank": 0, "cum_dist_start": 6250.0, "cum_dist_end": 6500.0, "anomaly": false}, "geometry": {"type": "LineString", "coordinates": [[139.84565884380848, 35.48393626921752], [139.84587058917987, 35.48379210907991], [139.84608233455126, 35.483647948942284], [139.84629407992267, 35.48350378880467], [139.84650582529406, 35.48335962866705], [139.84671757066545, 35.48321546852943], [139.84692931603684, 35.483071308391814], [139.84714106140825, 35.4829271482542], [139.84735280677964, 35.482782988116575], [139.84756455215103, 35.48263882797896], [139.84777629752244, 35.482494667841344]]}}, {"type": "Feature", "properties": {"id": "東京湾アクアライン-下り-0-26", "route": "東京湾アクアライン", "direction": "下り", "from": null, "to": "海ほたるPA", "grade": 0.07, "elevation_start": 2.4, "elevation_end": 2.6, "quality": "estimated", "structure": "tunnel", "chain_rank": 0, "cum_dist_start": 6500.0, "cum_dist_end": 6750.0, "anomaly": false}, "geometry": {"type": "LineString", "coordinates": [[139.84777629752244, 35.482494667841344], [139.84798804289383, 35.48235050770373], [139.84819978826522, 35.482206347566105], [139.8484115336366, 35.48206218742849], [139.84862327900802, 35.481918027290874], [139.8488350243794, 35.48177386715325], [139.8490467697508, 35.481629707015635], [139.8492585151222, 35.48148554687802], [139.8494702604936, 35.4813413867404], [139.849682005865, 35.48119722660278], [139.84989375123638, 35.481053066465165]]}}, {"type": "Feature", "properties": {"id": "東京湾アクアライン-下り-0-27", "route": "東京湾アクアライン", "direction": "下り", "from": null, "to": "海ほたるPA", "grade": 0.07, "elevation_start": 2.6, "elevation_end": 2.8, "quality": "estimated", "structure": "tunnel", "chain_rank": 0, "cum_dist_start": 6750.0, "cum_dist_end": 7000.0, "anomaly": false}, "geometry": {"type": "LineString", "coordinates": [[139.84989375123638, 35.481053066465165], [139.85010549660777, 35.48090890632754], [139.85031724197918, 35.48076474618993], [139.85052898735057, 35.48062058605231], [139.85074073272196, 35.480476425914695], [139.85095247809335, 35.48033226577707], [139.85116422346476, 35.480188105639456], [139.85137596883615, 35.48004394550184], [139.85158771420754, 35.47989978536422], [139.85179945957896, 35.4797556252266], [139.85201120495034, 35.479611465088986]]}}, {"type": "Feature", "properties": {"id": "東京湾アクアライン-下り-0-28", "route": "東京湾アクアライン", "direction": "下り", "from": null, "to": "海ほたるPA", "grade": 0.07, "elevation_start": 2.8, "elevation_end": 2.9, "quality": "estimated", "structure": "tunnel", "chain_rank": 0, "cum_dist_start": 7000.0, "cum_dist_end": 7250.0, "anomaly": false}, "geometry": {"type": "LineString", "coordinates": [[139.85201120495034, 35.479611465088986], [139.85222295032173, 35.47946730495136], [139.85243469569312, 35.47932314481375], [139.85264644106454, 35.47917898467613], [139.85285818643592, 35.47903482453851], [139.8530699318073, 35.47889066440089], [139.8532816771787, 35.47874650426328], [139.85349342255012, 35.478602344125655], [139.8537051679215, 35.47845818398804], [139.8539169132929, 35.47831402385042], [139.85412865866428, 35.47816986371281]]}}, {"type": "Feature", "properties": {"id": "東京湾アクアライン-下り-0-29", "route": "東京湾アクアライン", "direction": "下り", "from": null, "to": "海ほたるPA", "grade": 0.07, "elevation_start": 2.9, "elevation_end": 3.1, "quality": "estimated", "structure": "tunnel", "chain_rank": 0, "cum_dist_start": 7250.0, "cum_dist_end": 7500.0, "anomaly": false}, "geometry": {"type": "LineString", "coordinates": [[139.85412865866428, 35.47816986371281], [139.8543404040357, 35.478025703575184], [139.85455214940708, 35.47788154343757], [139.85476389477847, 35.47773738329995], [139.85497564014986, 35.47759322316233], [139.85518738552128, 35.477449063024714], [139.85539913089266, 35.4773049028871], [139.85561087626405, 35.477160742749476], [139.85582262163547, 35.47701658261186], [139.85603436700686, 35.476872422474244], [139.85624611237824, 35.47672826233662]]}}, {"type": "Feature", "properties": {"id": "東京湾アクアライン-下り-0-30", "route": "東京湾アクアライン", "direction": "下り", "from": null, "to": "海ほたるPA", "grade": 0.07, "elevation_start": 3.1, "elevation_end": 3.3, "quality": "estimated", "structure": "tunnel", "chain_rank": 0, "cum_dist_start": 7500.0, "cum_dist_end": 7750.0, "anomaly": false}, "geometry": {"type": "LineString", "coordinates": [[139.85624611237824, 35.47672826233662], [139.85645785774963, 35.476584102199006], [139.85666960312105, 35.47643994206139], [139.85688134849244, 35.476295781923774], [139.85709309386382, 35.47615162178615], [139.8573048392352, 35.476007461648535], [139.85751658460663, 35.47586330151092], [139.85772832997802, 35.4757191413733], [139.8579400753494, 35.47557498123568], [139.8581518207208, 35.475430821098065], [139.8583635660922, 35.47528666096044]]}}, {"type": "Feature", "properties": {"id": "東京湾アクアライン-下り-0-31", "route": "東京湾アクアライン", "direction": "下り", "from": null, "to": "海ほたるPA", "grade": 0.07, "elevation_start": 3.3, "elevation_end": 3.5, "quality": "estimated", "structure": "tunnel", "chain_rank": 0, "cum_dist_start": 7750.0, "cum_dist_end": 8000.0, "anomaly": false}, "geometry": {"type": "LineString", "coordinates": [[139.8583635660922, 35.47528666096044], [139.8585753114636, 35.47514250082283], [139.85878705683498, 35.47499834068521], [139.8589988022064, 35.47485418054759], [139.8592105475778, 35.47471002040997], [139.85942229294918, 35.47456586027236], [139.85963403832056, 35.474421700134734], [139.85984578369198, 35.47427753999712], [139.86005752906337, 35.4741333798595], [139.86026927443476, 35.47398921972189], [139.86048101980614, 35.473845059584264]]}}, {"type": "Feature", "properties": {"id": "東京湾アクアライン-下り-0-32", "route": "東京湾アクアライン", "direction": "下り", "from": null, "to": "海ほたるPA", "grade": 0.07, "elevation_start": 3.5, "elevation_end": 3.7, "quality": "estimated", "structure": "tunnel", "chain_rank": 0, "cum_dist_start": 8000.0, "cum_dist_end": 8250.0, "anomaly": false}, "geometry": {"type": "LineString", "coordinates": [[139.86048101980614, 35.473845059584264], [139.86069276517756, 35.47370089944665], [139.86090451054895, 35.47355673930903], [139.86111625592034, 35.47341257917141], [139.86132800129172, 35.47326841903379], [139.86153974666314, 35.47312425889618], [139.86175149203453, 35.472980098758555], [139.86196323740592, 35.47283593862094], [139.8621749827773, 35.47269177848332], [139.86238672814872, 35.4725476183457], [139.8625984735201, 35.472403458208085]]}}, {"type": "Feature", "properties": {"id": "東京湾アクアライン-下り-0-33", "route": "東京湾アクアライン", "direction": "下り", "from": null, "to": "海ほたるPA", "grade": 0.07, "elevation_start": 3.7, "elevation_end": 3.8, "quality": "estimated", "structure": "tunnel", "chain_rank": 0, "cum_dist_start": 8250.0, "cum_dist_end": 8500.0, "anomaly": false}, "geometry": {"type": "LineString", "coordinates": [[139.8625984735201, 35.472403458208085], [139.8628102188915, 35.47225929807047], [139.8630219642629, 35.47211513793285], [139.8632337096343, 35.47197097779523], [139.8634454550057, 35.471826817657615], [139.86365720037708, 35.47168265752], [139.8638689457485, 35.471538497382376], [139.86408069111988, 35.47139433724476], [139.86429243649127, 35.471250177107144], [139.86450418186266, 35.47110601696952], [139.86471592723407, 35.470961856831906]]}}, {"type": "Feature", "properties": {"id": "東京湾アクアライン-下り-0-34", "route": "東京湾アクアライン", "direction": "下り", "from": null, "to": "海ほたるPA", "grade": 0.07, "elevation_start": 3.8, "elevation_end": 4.0, "quality": "estimated", "structure": "tunnel", "chain_rank": 0, "cum_dist_start": 8500.0, "cum_dist_end": 8750.0, "anomaly": false}, "geometry": {"type": "LineString", "coordinates": [[139.86471592723407, 35.470961856831906], [139.86492767260546, 35.47081769669429], [139.86513941797685, 35.47067353655667], [139.86535116334824, 35.47052937641905], [139.86556290871965, 35.470385216281436], [139.86577465409104, 35.47024105614382], [139.86598639946243, 35.4700968960062], [139.86619814483382, 35.46995273586858], [139.86640989020523, 35.469808575730966], [139.86662163557662, 35.46966441559334], [139.866833380948, 35.46952025545573]]}}, {"type": "Feature", "properties": {"id": "東京湾アクアライン-下り-0-35", "route": "東京湾アクアライン", "direction": "下り", "from": null, "to": "海ほたるPA", "grade": 0.07, "elevation_start": 4.0, "elevation_end": 4.2, "quality": "estimated", "structure": "tunnel", "chain_rank": 0, "cum_dist_start": 8750.0, "cum_dist_end": 9000.0, "anomaly": false}, "geometry": {"type": "LineString", "coordinates": [[139.866833380948, 35.46952025545573], [139.86704512631943, 35.46937609531811], [139.8672568716908, 35.46923193518049], [139.8674686170622, 35.46908777504287], [139.8676803624336, 35.46894361490526], [139.867892107805, 35.468799454767634], [139.8681038531764, 35.46865529463002], [139.86831559854778, 35.4685111344924], [139.86852734391917, 35.46836697435478], [139.86873908929059, 35.468222814217164], [139.86895083466197, 35.46807865407955]]}}, {"type": "Feature", "properties": {"id": "東京湾アクアライン-下り-0-36", "route": "東京湾アクアライン", "direction": "下り", "from": null, "to": "海ほたるPA", "grade": 0.07, "elevation_start": 4.2, "elevation_end": 4.4, "quality": "estimated", "structure": "tunnel", "chain_rank": 0, "cum_dist_start": 9000.0, "cum_dist_end": 9250.0, "anomaly": false}, "geometry": {"type": "LineString", "coordinates": [[139.86895083466197, 35.46807865407955], [139.86916258003336, 35.46793449394193], [139.86937432540475, 35.46779033380431], [139.86958607077617, 35.467646173666694], [139.86979781614755, 35.46750201352908], [139.87000956151894, 35.467357853391455], [139.87022130689036, 35.46721369325384], [139.87043305226175, 35.467069533116224], [139.87064479763313, 35.4669253729786], [139.87085654300452, 35.466781212840985], [139.87106828837594, 35.46663705270337]]}}, {"type": "Feature", "properties": {"id": "東京湾アクアライン-下り-0-37", "route": "東京湾アクアライン", "direction": "下り", "from": null, "to": "海ほたるPA", "grade": 0.07, "elevation_start": 4.4, "elevation_end": 4.6, "quality": "estimated", "structure": "tunnel", "chain_rank": 0, "cum_dist_start": 9250.0, "cum_dist_end": 9500.0, "anomaly": false}, "geometry": {"type": "LineString", "coordinates": [[139.87106828837594, 35.46663705270337], [139.87128003374733, 35.466492892565746], [139.8714917791187, 35.46634873242813], [139.8717035244901, 35.466204572290515], [139.87191526986152, 35.4660604121529], [139.8721270152329, 35.465916252015276], [139.8723387606043, 35.46577209187766], [139.87255050597568, 35.465627931740045], [139.8727622513471, 35.46548377160242], [139.87297399671849, 35.465339611464806], [139.87318574208987, 35.46519545132719]]}}, {"type": "Feature", "properties": {"id": "東京湾アクアライン-下り-0-38", "route": "東京湾アクアライン", "direction": "下り", "from": null, "to": "海ほたるPA", "grade": 0.07, "elevation_start": 4.6, "elevation_end": 4.7, "quality": "estimated", "structure": "tunnel", "chain_rank": 0, "cum_dist_start": 9500.0, "cum_dist_end": 9750.0, "anomaly": false}, "geometry": {"type": "LineString", "coordinates": [[139.87318574208987, 35.46519545132719], [139.87339748746126, 35.46505129118957], [139.87360915181503, 35.46490707370727], [139.87382065769978, 35.46476274405982], [139.87403216358453, 35.46461841441236], [139.87424366946925, 35.4644740847649], [139.874455175354, 35.46432975511744], [139.87466668123872, 35.464185425469985], [139.87487818712347, 35.46404109582253], [139.8750896930082, 35.46389676617507], [139.87530119889294, 35.463752436527614]]}}, {"type": "Feature", "properties": {"id": "東京湾アクアライン-下り-0-39", "route": "東京湾アクアライン", "direction": "下り", "from": "海ほたるPA", "to": "木更津金田IC", "grade": 0.07, "elevation_start": 4.7, "elevation_end": 4.9, "quality": "estimated", "structure": "tunnel", "chain_rank": 0, "cum_dist_start": 9750.0, "cum_dist_end": 10000.0, "anomaly": false}, "geometry": {"type": "LineString", "coordinates": [[139.87530119889294, 35.463752436527614], [139.8755127047777, 35.46360810688015], [139.8757242106624, 35.4634637772327], [139.87593571654716, 35.463319447585235], [139.87614751917656, 35.46317541149316], [139.87635956323598, 35.46303161423633], [139.87657160729543, 35.4628878169795], [139.87678365135486, 35.46274401972268], [139.8769981050414, 35.4626026463323], [139.8772132685234, 35.46246198693183], [139.87742843200542, 35.46232132753136]]}}, {"type": "Feature", "properties": {"id": "東京湾アクアライン-下り-0-40", "route": "東京湾アクアライン", "direction": "下り", "from": "海ほたるPA", "to": "木更津金田IC", "grade": -1.92, "elevation_start": 4.9, "elevation_end": 0.1, "quality": "estimated", "structure": "normal", "chain_rank": 0, "cum_dist_start": 10000.0, "cum_dist_end": 10250.0, "anomaly": false}, "geometry": {"type": "LineString", "coordinates": [[139.87742843200542, 35.46232132753136], [139.8776435954874, 35.46218066813089], [139.8778587589694, 35.46204000873042], [139.87807392245142, 35.46189934932995], [139.87828908593343, 35.46175868992948], [139.878502493409, 35.46161626991648], [139.8787143176916, 35.46147226255774], [139.87892614197418, 35.46132825519901], [139.8791379662568, 35.461184247840265], [139.87934979053938, 35.46104024048152], [139.879561614822, 35.46089623312278]]}}, {"type": "Feature", "properties": {"id": "東京湾アクアライン-下り-0-41", "route": "東京湾アクアライン", "direction": "下り", "from": "海ほたるPA", "to": "木更津金田IC", "grade": 0.18, "elevation_start": 0.1, "elevation_end": 0.6, "quality": "estimated", "structure": "normal", "chain_rank": 0, "cum_dist_start": 10250.0, "cum_dist_end": 10500.0, "anomaly": false}, "geometry": {"type": "LineString", "coordinates": [[139.879561614822, 35.46089623312278], [139.87977343910458, 35.46075222576404], [139.8799852633872, 35.4606082184053], [139.88019708766979, 35.460464211046556], [139.88040891195237, 35.460320203687814], [139.880620736235, 35.46017619632908], [139.88083256051758, 35.46003218897034], [139.8810443848002, 35.459888181611596], [139.88125620908278, 35.459744174252855], [139.88146803336537, 35.45960016689411], [139.88167985764798, 35.45945615953537]]}}, {"type": "Feature", "properties": {"id": "東京湾アクアライン-下り-0-42", "route": "東京湾アクアライン", "direction": "下り", "from": "海ほたるPA", "to": "木更津金田IC", "grade": 0.26, "elevation_start": 0.6, "elevation_end": 1.2, "quality": "estimated", "structure": "bridge", "chain_rank": 0, "cum_dist_start": 10500.0, "cum_dist_end": 10750.0, "anomaly": false}, "geometry": {"type": "LineString", "coordinates": [[139.88167985764798, 35.45945615953537], [139.88189168193057, 35.45931215217663], [139.88210350621318, 35.45916814481789], [139.88231516452277, 35.459023999042074], [139.8825268065785, 35.45887983971101], [139.88273844863426, 35.45873568037994], [139.88295009069, 35.45859152104887], [139.88316173274575, 35.458447361717795], [139.88337337480152, 35.45830320238672], [139.88358501685727, 35.45815904305565], [139.883796658913, 35.45801488372458]]}}, {"type": "Feature", "properties": {"id": "東京湾アクアライン-下り-0-43", "route": "東京湾アクアライン", "direction": "下り", "from": "海ほたるPA", "to": "木更津金田IC", "grade": 0.26, "elevation_start": 1.2, "elevation_end": 1.9, "quality": "estimated", "structure": "bridge", "chain_rank": 0, "cum_dist_start": 10750.0, "cum_dist_end": 11000.0, "anomaly": false}, "geometry": {"type": "LineString", "coordinates": [[139.883796658913, 35.45801488372458], [139.88400830096876, 35.45787072439351], [139.8842199430245, 35.45772656506244], [139.88443158508025, 35.457582405731365], [139.88464322713602, 35.457438246400294], [139.88485486919177, 35.45729408706922], [139.88506651124752, 35.45714992773816], [139.88527815330326, 35.457005768407086], [139.885489795359, 35.456861609076014], [139.88570143741478, 35.45671744974494], [139.88591307947053, 35.45657329041387]]}}, {"type": "Feature", "properties": {"id": "東京湾アクアライン-下り-0-44", "route": "東京湾アクアライン", "direction": "下り", "from": "海ほたるPA", "to": "木更津金田IC", "grade": 0.26, "elevation_start": 1.9, "elevation_end": 2.5, "quality": "estimated", "structure": "bridge", "chain_rank": 0, "cum_dist_start": 11000.0, "cum_dist_end": 11250.0, "anomaly": false}, "geometry": {"type": "LineString", "coordinates": [[139.88591307947053, 35.45657329041387], [139.88612472152627, 35.4564291310828], [139.88633636358202, 35.45628497175173], [139.88654800563776, 35.45614081242066], [139.88675964769354, 35.455996653089585], [139.88697128974928, 35.45585249375851], [139.88718293180503, 35.45570833442744], [139.88739457386077, 35.45556417509637], [139.88760621591652, 35.455420015765306], [139.88781785797227, 35.455275856434234], [139.88802950002804, 35.45513169710316]]}}, {"type": "Feature", "properties": {"id": "東京湾アクアライン-下り-0-45", "route": "東京湾アクアライン", "direction": "下り", "from": "海ほたるPA", "to": "木更津金田IC", "grade": 0.26, "elevation_start": 2.5, "elevation_end": 3.2, "quality": "estimated", "structure": "bridge", "chain_rank": 0, "cum_dist_start": 11250.0, "cum_dist_end": 11500.0, "anomaly": false}, "geometry": {"type": "LineString", "coordinates": [[139.88802950002804, 35.45513169710316], [139.88824114208379, 35.45498753777209], [139.88845278413953, 35.45484337844102], [139.88866442619528, 35.45469921910995], [139.88887606825102, 35.454555059778876], [139.8890877103068, 35.454410900447805], [139.88929935236254, 35.45426674111673], [139.8895109944183, 35.45412258178566], [139.88972263647403, 35.45397842245459], [139.88993427852978, 35.45383426312352], [139.89014592058555, 35.453690103792454]]}}, {"type": "Feature", "properties": {"id": "東京湾アクアライン-下り-0-46", "route": "東京湾アクアライン", "direction": "下り", "from": "海ほたるPA", "to": "木更津金田IC", "grade": 0.26, "elevation_start": 3.2, "elevation_end": 3.9, "quality": "estimated", "structure": "bridge", "chain_rank": 0, "cum_dist_start": 11500.0, "cum_dist_end": 11750.0, "anomaly": false}, "geometry": {"type": "LineString", "coordinates": [[139.89014592058555, 35.453690103792454], [139.8903575626413, 35.45354594446138], [139.89056920469704, 35.45340178513031], [139.8907808467528, 35.45325762579924], [139.89099248880854, 35.45311346646817], [139.89120413086428, 35.452969307137096], [139.89141577292006, 35.452825147806024], [139.8916274149758, 35.45268098847495], [139.89183905703155, 35.45253682914388], [139.8920506990873, 35.45239266981281], [139.89226234114304, 35.45224851048174]]}}, {"type": "Feature", "properties": {"id": "東京湾アクアライン-下り-0-47", "route": "東京湾アクアライン", "direction": "下り", "from": "海ほたるPA", "to": "木更津金田IC", "grade": 0.26, "elevation_start": 3.9, "elevation_end": 4.5, "quality": "estimated", "structure": "bridge", "chain_rank": 0, "cum_dist_start": 11750.0, "cum_dist_end": 12000.0, "anomaly": false}, "geometry": {"type": "LineString", "coordinates": [[139.89226234114304, 35.45224851048174], [139.8924739831988, 35.452104351150666], [139.89268562525456, 35.451960191819595], [139.8928972673103, 35.45181603248853], [139.89310890936605, 35.45167187315746], [139.8933205514218, 35.45152771382639], [139.89353219347757, 35.451383554495315], [139.89374383553331, 35.451239395164244], [139.89395547758906, 35.45109523583317], [139.8941671196448, 35.4509510765021], [139.89437876170055, 35.45080691717103]]}}, {"type": "Feature", "properties": {"id": "東京湾アクアライン-下り-0-48", "route": "東京湾アクアライン", "direction": "下り", "from": "海ほたるPA", "to": "木更津金田IC", "grade": 0.26, "elevation_start": 4.5, "elevation_end": 5.2, "quality": "estimated", "structure": "bridge", "chain_rank": 0, "cum_dist_start": 12000.0, "cum_dist_end": 12250.0, "anomaly": false}, "geometry": {"type": "LineString", "coordinates": [[139.89437876170055, 35.45080691717103], [139.8945904037563, 35.45066275783996], [139.89480204581207, 35.450518598508886], [139.89501368786782, 35.450374439177814], [139.89522532992356, 35.45023027984674], [139.8954369719793, 35.45008612051568], [139.89564861403505, 35.44994196118461], [139.89586025609083, 35.449797801853535], [139.89607189814657, 35.44965364252246], [139.89628354020232, 35.44950948319139], [139.89649518225806, 35.44936532386032]]}}, {"type": "Feature", "properties": {"id": "東京湾アクアライン-下り-0-49", "route": "東京湾アクアライン", "direction": "下り", "from": "海ほたるPA", "to": "木更津金田IC", "grade": 0.26, "elevation_start": 5.2, "elevation_end": 5.8, "quality": "estimated", "structure": "bridge", "chain_rank": 0, "cum_dist_start": 12250.0, "cum_dist_end": 12500.0, "anomaly": false}, "geometry": {"type": "LineString", "coordinates": [[139.89649518225806, 35.44936532386032], [139.8967068243138, 35.44922116452925], [139.89691846636958, 35.44907700519818], [139.89713010842533, 35.448932845867105], [139.89734175048108, 35.448788686536034], [139.89755339253682, 35.44864452720496], [139.89776503459257, 35.44850036787389], [139.8979766766483, 35.448356208542826], [139.8981883187041, 35.448212049211755], [139.89839996075983, 35.44806788988068], [139.89861160281558, 35.44792373054961]]}}, {"type": "Feature", "properties": {"id": "東京湾アクアライン-下り-0-50", "route": "東京湾アクアライン", "direction": "下り", "from": "海ほたるPA", "to": "木更津金田IC", "grade": 0.26, "elevation_start": 5.8, "elevation_end": 6.5, "quality": "estimated", "structure": "bridge", "chain_rank": 0, "cum_dist_start": 12500.0, "cum_dist_end": 12750.0, "anomaly": false}, "geometry": {"type": "LineString", "coordinates": [[139.89861160281558, 35.44792373054961], [139.89882324487132, 35.44777957121854], [139.89903488692707, 35.44763541188747], [139.89924652898284, 35.4474912525564], [139.8994581710386, 35.447347093225325], [139.89966981309433, 35.44720293389425], [139.89988145515008, 35.44705877456318], [139.90009309720583, 35.44691461523211], [139.90030473926157, 35.44677045590104], [139.90051638131735, 35.446626296569974], [139.9007280233731, 35.4464821372389]]}}, {"type": "Feature", "properties": {"id": "東京湾アクアライン-下り-0-51", "route": "東京湾アクアライン", "direction": "下り", "from": "海ほたるPA", "to": "木更津金田IC", "grade": 0.26, "elevation_start": 6.5, "elevation_end": 7.1, "quality": "estimated", "structure": "bridge", "chain_rank": 0, "cum_dist_start": 12750.0, "cum_dist_end": 13000.0, "anomaly": false}, "geometry": {"type": "LineString", "coordinates": [[139.9007280233731, 35.4464821372389], [139.90093966542884, 35.44633797790783], [139.90115130748458, 35.44619381857676], [139.90136294954033, 35.44604965924569], [139.9015745915961, 35.445905499914616], [139.90178623365185, 35.445761340583545], [139.9019978757076, 35.44561718125247], [139.90220951776334, 35.4454730219214], [139.90242115981908, 35.44532886259033], [139.90263280187486, 35.44518470325926], [139.9028444439306, 35.44504054392819]]}}, {"type": "Feature", "properties": {"id": "東京湾アクアライン-下り-0-52", "route": "東京湾アクアライン", "direction": "下り", "from": "海ほたるPA", "to": "木更津金田IC", "grade": 0.26, "elevation_start": 7.1, "elevation_end": 7.8, "quality": "estimated", "structure": "bridge", "chain_rank": 0, "cum_dist_start": 13000.0, "cum_dist_end": 13250.0, "anomaly": false}, "geometry": {"type": "LineString", "coordinates": [[139.9028444439306, 35.44504054392819], [139.90305608598635, 35.444896384597115], [139.9032677280421, 35.44475222526605], [139.90347937009784, 35.44460806593498], [139.9036910121536, 35.44446390660391], [139.90390265420936, 35.444319747272836], [139.9041142962651, 35.444175587941764], [139.90432593832085, 35.44403142861069], [139.9045375803766, 35.44388726927962], [139.90474922243234, 35.44374310994855], [139.90496086448812, 35.44359895061748]]}}, {"type": "Feature", "properties": {"id": "東京湾アクアライン-下り-0-53", "route": "東京湾アクアライン", "direction": "下り", "from": "海ほたるPA", "to": "木更津金田IC", "grade": 0.26, "elevation_start": 7.8, "elevation_end": 8.5, "quality": "estimated", "structure": "bridge", "chain_rank": 0, "cum_dist_start": 13250.0, "cum_dist_end": 13500.0, "anomaly": false}, "geometry": {"type": "LineString", "coordinates": [[139.90496086448812, 35.44359895061748], [139.90517250654386, 35.443454791286406], [139.9053841485996, 35.443310631955335], [139.90559579065535, 35.44316647262426], [139.9058074327111, 35.4430223132932], [139.90601907476687, 35.44287815396213], [139.90623071682262, 35.442733994631055], [139.90644235887837, 35.442589835299984], [139.9066540009341, 35.44244567596891], [139.90686564298986, 35.44230151663784], [139.9070772850456, 35.44215735730677]]}}, {"type": "Feature", "properties": {"id": "東京湾アクアライン-下り-0-54", "route": "東京湾アクアライン", "direction": "下り", "from": "海ほたるPA", "to": "木更津金田IC", "grade": 0.26, "elevation_start": 8.5, "elevation_end": 9.1, "quality": "estimated", "structure": "bridge", "chain_rank": 0, "cum_dist_start": 13500.0, "cum_dist_end": 13750.0, "anomaly": false}, "geometry": {"type": "LineString", "coordinates": [[139.9070772850456, 35.44215735730677], [139.90728892710138, 35.4420131979757], [139.90750056915712, 35.441869038644626], [139.90771221121287, 35.441724879313554], [139.9079238532686, 35.44158071998248], [139.90813549532436, 35.44143656065141], [139.90834713738013, 35.44129240132035], [139.90855877943588, 35.441148241989275], [139.90877042149162, 35.4410040826582], [139.90898206354737, 35.44085992332713], [139.90919370560312, 35.44071576399606]]}}, {"type": "Feature", "properties": {"id": "東京湾アクアライン-下り-0-55", "route": "東京湾アクアライン", "direction": "下り", "from": "海ほたるPA", "to": "木更津金田IC", "grade": 0.26, "elevation_start": 9.1, "elevation_end": 9.8, "quality": "estimated", "structure": "bridge", "chain_rank": 0, "cum_dist_start": 13750.0, "cum_dist_end": 14000.0, "anomaly": false}, "geometry": {"type": "LineString", "coordinates": [[139.90919370560312, 35.44071576399606], [139.9094053476589, 35.44057160466499], [139.90961698971464, 35.44042744533392], [139.90982867959804, 35.44028333684863], [139.9100406406509, 35.440139516644756], [139.91025260170377, 35.43999569644088], [139.91046456275663, 35.43985187623701], [139.9106765238095, 35.43970805603314], [139.91089148824125, 35.43956727391012], [139.9111075488524, 35.43942760063215], [139.91132360946355, 35.43928792735417]]}}, {"type": "Feature", "properties": {"id": "東京湾アクアライン-下り-0-56", "route": "東京湾アクアライン", "direction": "下り", "from": "海ほたるPA", "to": "木更津金田IC", "grade": 0.26, "elevation_start": 9.8, "elevation_end": 10.4, "quality": "estimated", "structure": "bridge", "chain_rank": 0, "cum_dist_start": 14000.0, "cum_dist_end": 14250.0, "anomaly": false}, "geometry": {"type": "LineString", "coordinates": [[139.91132360946355, 35.43928792735417], [139.91153967007472, 35.4391482540762], [139.9117601099163, 35.43901329151252], [139.91198220750223, 35.43888011217543], [139.91220669816838, 35.438749666432415], [139.91243218745868, 35.43862036140885], [139.91266090932976, 35.438494956625924], [139.9128910718316, 35.438371290022815], [139.9131241238315, 35.438251367264094], [139.91335944441718, 35.438134383850546], [139.91359669510717, 35.43802010130647]]}}, {"type": "Feature", "properties": {"id": "東京湾アクアライン-下り-0-57", "route": "東京湾アクアライン", "direction": "下り", "from": "海ほたるPA", "to": "木更津金田IC", "grade": 0.26, "elevation_start": 10.4, "elevation_end": 11.1, "quality": "estimated", "structure": "bridge", "chain_rank": 0, "cum_dist_start": 14250.0, "cum_dist_end": 14500.0, "anomaly": false}, "geometry": {"type": "LineString", "coordinates": [[139.91359669510717, 35.43802010130647], [139.91383663312047, 35.437909579237584], [139.91407750165587, 35.43780044760532], [139.91432047851737, 35.43769446634835], [139.9145638966879, 35.437589180657056], [139.91480954387353, 35.43748740821023], [139.91505519105917, 35.437385635763405], [139.9153008382448, 35.43728386331659], [139.91554648543044, 35.43718209086976], [139.91579213261608, 35.437080318422936], [139.9160377798017, 35.43697854597611]]}}, {"type": "Feature", "properties": {"id": "東京湾アクアライン-下り-0-58", "route": "東京湾アクアライン", "direction": "下り", "from": "海ほたるPA", "to": "木更津金田IC", "grade": 0.26, "elevation_start": 11.1, "elevation_end": 11.7, "quality": "estimated", "structure": "bridge", "chain_rank": 0, "cum_dist_start": 14500.0, "cum_dist_end": 14750.0, "anomaly": false}, "geometry": {"type": "LineString", "coordinates": [[139.9160377798017, 35.43697854597611], [139.91628342698735, 35.436876773529285], [139.91652944230705, 35.43677560149411], [139.9167757332487, 35.436674878987134], [139.91702152078383, 35.436573344202934], [139.91726641273422, 35.43647036433799], [139.91751130468458, 35.43636738447305], [139.91775619663497, 35.43626440460811], [139.91800108858536, 35.43616142474317], [139.91824598053574, 35.43605844487822], [139.91848966509042, 35.4359536087529]]}}, {"type": "Feature", "properties": {"id": "東京湾アクアライン-下り-0-59", "route": "東京湾アクアライン", "direction": "下り", "from": "海ほたるPA", "to": "木更津金田IC", "grade": -0.17, "elevation_start": 11.7, "elevation_end": 11.3, "quality": "estimated", "structure": "normal", "chain_rank": 0, "cum_dist_start": 14750.0, "cum_dist_end": 15000.0, "anomaly": false}, "geometry": {"type": "LineString", "coordinates": [[139.91848966509042, 35.4359536087529], [139.91872732116366, 35.43584004253224], [139.91895991917224, 35.43571947638637], [139.9191930825877, 35.435599647881645], [139.9194268684202, 35.43548063139466], [139.91965835856502, 35.435358718666166], [139.91988394995926, 35.435229603447134], [139.9201065466754, 35.43509699547655], [139.92032914339157, 35.43496438750597], [139.92055174010773, 35.434831779535386], [139.92077110901235, 35.434695646411896]]}}, {"type": "Feature", "properties": {"id": "東京湾アクアライン-下り-0-60", "route": "東京湾アクアライン", "direction": "下り", "from": "海ほたるPA", "to": "木更津金田IC", "grade": 0.17, "elevation_start": 11.3, "elevation_end": 11.7, "quality": "estimated", "structure": "bridge", "chain_rank": 0, "cum_dist_start": 15000.0, "cum_dist_end": 15250.0, "anomaly": false}, "geometry": {"type": "LineString", "coordinates": [[139.92077110901235, 35.434695646411896], [139.92098915355726, 35.43455806693059], [139.92120416830167, 35.434417388195115], [139.9214160386112, 35.434273492943234], [139.92162570400137, 35.43412750190614], [139.92183105968292, 35.433977414472636], [139.92203638789147, 35.43382730224925], [139.92223894420778, 35.43367468884898], [139.92244150052412, 35.433522075448714], [139.92264258709073, 35.43336819644225], [139.92283913602063, 35.433210410062316]]}}, {"type": "Feature", "properties": {"id": "東京湾アクアライン-下り-0-61", "route": "東京湾アクアライン", "direction": "下り", "from": "海ほたるPA", "to": "木更津金田IC", "grade": 0.17, "elevation_start": 11.7, "elevation_end": 12.2, "quality": "estimated", "structure": "bridge", "chain_rank": 0, "cum_dist_start": 15250.0, "cum_dist_end": 15500.0, "anomaly": false}, "geometry": {"type": "LineString", "coordinates": [[139.92283913602063, 35.433210410062316], [139.92303568495055, 35.433052623682386], [139.92323108602577, 35.43289391129167], [139.9234210639066, 35.432730823838114], [139.9236110417874, 35.432567736384556], [139.92380101966825, 35.432404648931], [139.92399099754908, 35.43224156147744], [139.92417612203278, 35.43207477923217], [139.9243612026304, 35.431907963577316], [139.924546283228, 35.43174114792247], [139.92473136382566, 35.43157433226762]]}}, {"type": "Feature", "properties": {"id": "東京湾アクアライン-下り-0-62", "route": "東京湾アクアライン", "direction": "下り", "from": "木更津金田IC", "to": "袖ヶ浦", "grade": 0.17, "elevation_start": 12.2, "elevation_end": 12.6, "quality": "estimated", "structure": "bridge", "chain_rank": 0, "cum_dist_start": 15500.0, "cum_dist_end": 15750.0, "anomaly": false}, "geometry": {"type": "LineString", "coordinates": [[139.92473136382566, 35.43157433226762], [139.92491614905538, 35.431407299086345], [139.9250995753084, 35.43123926507396], [139.92528300156138, 35.43107123106158], [139.9254664278144, 35.43090319704919], [139.92564998343715, 35.43073525824967], [139.9258345055493, 35.43056803076188], [139.92601902766143, 35.430400803274104], [139.92620328618878, 35.430233382509776], [139.92638753077003, 35.430065951519325], [139.9265717753513, 35.42989852052887]]}}, {"type": "Feature", "properties": {"id": "東京湾アクアライン-下り-0-63", "route": "東京湾アクアライン", "direction": "下り", "from": "木更津金田IC", "to": "袖ヶ浦", "grade": 0.17, "elevation_start": 12.6, "elevation_end": 13.0, "quality": "estimated", "structure": "bridge", "chain_rank": 0, "cum_dist_start": 15750.0, "cum_dist_end": 16000.0, "anomaly": false}, "geometry": {"type": "LineString", "coordinates": [[139.9265717753513, 35.42989852052887], [139.92675601993255, 35.42973108953842], [139.9269402645138, 35.42956365854797], [139.92712450909508, 35.42939622755752], [139.92730875367633, 35.42922879656707], [139.92749405937965, 35.42906216261168], [139.92768197211063, 35.428897486859356], [139.92786988484164, 35.42873281110703], [139.92805779757262, 35.42856813535471], [139.92824530992158, 35.428403155277614], [139.92843270201922, 35.4282380837992]]}}, {"type": "Feature", "properties": {"id": "東京湾アクアライン-下り-0-64", "route": "東京湾アクアライン", "direction": "下り", "from": "木更津金田IC", "to": "袖ヶ浦", "grade": 0.17, "elevation_start": 13.0, "elevation_end": 13.5, "quality": "estimated", "structure": "bridge", "chain_rank": 0, "cum_dist_start": 16000.0, "cum_dist_end": 16250.0, "anomaly": false}, "geometry": {"type": "LineString", "coordinates": [[139.92843270201922, 35.4282380837992], [139.92862009411687, 35.42807301232078], [139.92880748621454, 35.42790794084237], [139.92899487831218, 35.42774286936395], [139.92917770998002, 35.42757445201837], [139.92935781474483, 35.427404034015915], [139.92953791950964, 35.42723361601345], [139.92971802427448, 35.42706319801099], [139.9298981181821, 35.42689277282059], [139.93007820385634, 35.42672234217929], [139.93025828953054, 35.426551911538]]}}, {"type": "Feature", "properties": {"id": "東京湾アクアライン-下り-0-65", "route": "東京湾アクアライン", "direction": "下り", "from": "木更津金田IC", "to": "袖ヶ浦", "grade": 0.17, "elevation_start": 13.5, "elevation_end": 13.9, "quality": "estimated", "structure": "bridge", "chain_rank": 0, "cum_dist_start": 16250.0, "cum_dist_end": 16500.0, "anomaly": false}, "geometry": {"type": "LineString", "coordinates": [[139.93025828953054, 35.426551911538], [139.93044576662462, 35.42638691286748], [139.93063339921466, 35.42622202847131], [139.9308210318047, 35.42605714407514], [139.93100866439474, 35.42589225967897], [139.93119629698478, 35.4257273752828], [139.93138392957482, 35.42556249088663], [139.93157156216486, 35.425397606490456], [139.9317591947549, 35.425232722094286], [139.93194785572538, 35.42506863986012], [139.93213993154558, 35.42490722129258]]}}, {"type": "Feature", "properties": {"id": "東京湾アクアライン-下り-0-66", "route": "東京湾アクアライン", "direction": "下り", "from": "木更津金田IC", "to": "袖ヶ浦", "grade": 0.17, "elevation_start": 13.9, "elevation_end": 14.3, "quality": "estimated", "structure": "bridge", "chain_rank": 0, "cum_dist_start": 16500.0, "cum_dist_end": 16750.0, "anomaly": false}, "geometry": {"type": "LineString", "coordinates": [[139.93213993154558, 35.42490722129258], [139.93233200736577, 35.42474580272504], [139.93252408318597, 35.4245843841575], [139.93272119308915, 35.424427088047416], [139.93291844353612, 35.42426990702996], [139.9331156939831, 35.4241127260125], [139.93331661502413, 35.423958709938496], [139.93351859629541, 35.42380560804048], [139.9337221186031, 35.423653886075115], [139.93392644763574, 35.4235028864977], [139.93413578656822, 35.423356557706086]]}}, {"type": "Feature", "properties": {"id": "東京湾アクアライン-下り-0-67", "route": "東京湾アクアライン", "direction": "下り", "from": "木更津金田IC", "to": "袖ヶ浦", "grade": 0.17, "elevation_start": 14.3, "elevation_end": 14.8, "quality": "estimated", "structure": "bridge", "chain_rank": 0, "cum_dist_start": 16750.0, "cum_dist_end": 17000.0, "anomaly": false}, "geometry": {"type": "LineString", "coordinates": [[139.93413578656822, 35.423356557706086], [139.93434562086094, 35.42321070760471], [139.9345563567525, 35.42306572914995], [139.93476709264405, 35.42292075069519], [139.93498082938862, 35.42277878269072], [139.93519659906832, 35.422638854123086], [139.9354131309306, 35.422499727214046], [139.93563177728504, 35.422362824313794], [139.93585042363947, 35.42222592141355], [139.93606954899997, 35.422089546812764], [139.93629291943924, 35.421957854141844]]}}, {"type": "Feature", "properties": {"id": "東京湾アクアライン-下り-0-68", "route": "東京湾アクアライン", "direction": "下り", "from": "木更津金田IC", "to": "袖ヶ浦", "grade": 0.17, "elevation_start": 14.8, "elevation_end": 15.2, "quality": "estimated", "structure": "bridge", "chain_rank": 0, "cum_dist_start": 17000.0, "cum_dist_end": 17250.0, "anomaly": false}, "geometry": {"type": "LineString", "coordinates": [[139.93629291943924, 35.421957854141844], [139.93651628987848, 35.421826161470925], [139.93673966031776, 35.421694468800005], [139.93696731751828, 35.42156781816613], [139.93719574543348, 35.42144207403758], [139.93742417334866, 35.421316329909025], [139.93765295363477, 35.421191021282446], [139.93788345066915, 35.42106783441808], [139.93811394770353, 35.42094464755372], [139.93834808495487, 35.42082620395362], [139.93858368126638, 35.420709661533564]]}}, {"type": "Feature", "properties": {"id": "東京湾アクアライン-下り-0-69", "route": "東京湾アクアライン", "direction": "下り", "from": "木更津金田IC", "to": "袖ヶ浦", "grade": 0.17, "elevation_start": 15.2, "elevation_end": 15.6, "quality": "estimated", "structure": "bridge", "chain_rank": 0, "cum_dist_start": 17250.0, "cum_dist_end": 17500.0, "anomaly": false}, "geometry": {"type": "LineString", "coordinates": [[139.93858368126638, 35.420709661533564], [139.9388192775779, 35.420593119113505], [139.9390548738894, 35.420476576693446], [139.93929299670236, 35.420363550497385], [139.93953186586683, 35.42025156302586], [139.93977073503126, 35.42013957555432], [139.94000960419572, 35.420027588082796], [139.9402495231056, 35.41991714506921], [139.94049166693117, 35.41980997550537], [139.94073381075677, 35.41970280594154], [139.94097595458237, 35.4195956363777]]}}, {"type": "Feature", "properties": {"id": "東京湾アクアライン-下り-0-70", "route": "東京湾アクアライン", "direction": "下り", "from": "木更津金田IC", "to": "袖ヶ浦", "grade": 0.17, "elevation_start": 15.6, "elevation_end": 16.1, "quality": "estimated", "structure": "bridge", "chain_rank": 0, "cum_dist_start": 17500.0, "cum_dist_end": 17750.0, "anomaly": false}, "geometry": {"type": "LineString", "coordinates": [[139.94097595458237, 35.4195956363777], [139.94121886229658, 35.41948963862283], [139.94146224588684, 35.41938437086417], [139.9417056294771, 35.419279103105524], [139.94194901306733, 35.41917383534687], [139.9421923966576, 35.41906856758822], [139.94243578024782, 35.418963299829564], [139.94267916383808, 35.418858032070915], [139.9429225474283, 35.41875276431226], [139.94316593101857, 35.41864749655361], [139.943409272191, 35.4185421644506]]}}, {"type": "Feature", "properties": {"id": "東京湾アクアライン-下り-0-71", "route": "東京湾アクアライン", "direction": "下り", "from": "木更津金田IC", "to": "袖ヶ浦", "grade": 0.17, "elevation_start": 16.1, "elevation_end": 16.5, "quality": "estimated", "structure": "bridge", "chain_rank": 0, "cum_dist_start": 17750.0, "cum_dist_end": 18000.0, "anomaly": false}, "geometry": {"type": "LineString", "coordinates": [[139.943409272191, 35.4185421644506], [139.94365249323909, 35.41843665012882], [139.94389571428718, 35.41833113580703], [139.94413893533527, 35.41822562148525], [139.94438215638337, 35.41812010716347], [139.94462537743144, 35.41801459284168], [139.94486859847953, 35.4179090785199], [139.94511181952763, 35.41780356419812], [139.94535504057572, 35.41769804987633], [139.94559826162381, 35.41759253555455], [139.9458414826719, 35.417487021232766]]}}, {"type": "Feature", "properties": {"id": "東京湾アクアライン-下り-0-72", "route": "東京湾アクアライン", "direction": "下り", "from": "木更津金田IC", "to": "袖ヶ浦", "grade": 0.17, "elevation_start": 16.5, "elevation_end": 16.9, "quality": "estimated", "structure": "bridge", "chain_rank": 0, "cum_dist_start": 18000.0, "cum_dist_end": 18250.0, "anomaly": false}, "geometry": {"type": "LineString", "coordinates": [[139.9458414826719, 35.417487021232766], [139.94608473695885, 35.41738156162495], [139.94632801067272, 35.41727613399545], [139.94657128438658, 35.41717070636595], [139.94681455810044, 35.41706527873645], [139.9470578318143, 35.41695985110695], [139.94730110552817, 35.41685442347745], [139.947544379242, 35.41674899584795], [139.94778765295587, 35.416643568218454], [139.94803092666973, 35.416538140588955], [139.9482742003836, 35.416432712959455]]}}, {"type": "Feature", "properties": {"id": "東京湾アクアライン-下り-0-73", "route": "東京湾アクアライン", "direction": "下り", "from": "木更津金田IC", "to": "袖ヶ浦", "grade": 0.17, "elevation_start": 16.9, "elevation_end": 17.4, "quality": "estimated", "structure": "bridge", "chain_rank": 0, "cum_dist_start": 18250.0, "cum_dist_end": 18500.0, "anomaly": false}, "geometry": {"type": "LineString", "coordinates": [[139.9482742003836, 35.416432712959455], [139.94851747409746, 35.416327285329956], [139.94876029152576, 35.416221160681324], [139.94900272778872, 35.416114453766774], [139.94924516405172, 35.41600774685222], [139.94948760031468, 35.41590103993768], [139.94973003657765, 35.41579433302313], [139.9499724728406, 35.41568762610858], [139.9502149091036, 35.41558091919403], [139.95045734536657, 35.415474212279484], [139.95069978162954, 35.415367505364934]]}}, {"type": "Feature", "properties": {"id": "東京湾アクアライン-下り-0-74", "route": "東京湾アクアライン", "direction": "下り", "from": "木更津金田IC", "to": "袖ヶ浦", "grade": 0.17, "elevation_start": 17.4, "elevation_end": 17.8, "quality": "estimated", "structure": "bridge", "chain_rank": 0, "cum_dist_start": 18500.0, "cum_dist_end": 18750.0, "anomaly": false}, "geometry": {"type": "LineString", "coordinates": [[139.95069978162954, 35.415367505364934], [139.9509422178925, 35.41526079845038], [139.9511846541555, 35.41515409153584], [139.95142709041846, 35.41504738462129], [139.95166986293023, 35.414941195622845], [139.95191310689736, 35.41483573279602], [139.95215635086453, 35.4147302699692], [139.95239959483166, 35.414624807142374], [139.9526428387988, 35.41451934431554], [139.95288608276593, 35.41441388148872], [139.9531293267331, 35.414308418661896]]}}, {"type": "Feature", "properties": {"id": "東京湾アクアライン-下り-0-75", "route": "東京湾アクアライン", "direction": "下り", "from": "木更津金田IC", "to": "袖ヶ浦", "grade": 0.17, "elevation_start": 17.8, "elevation_end": 18.2, "quality": "estimated", "structure": "bridge", "chain_rank": 0, "cum_dist_start": 18750.0, "cum_dist_end": 19000.0, "anomaly": false}, "geometry": {"type": "LineString", "coordinates": [[139.9531293267331, 35.414308418661896], [139.95337257070022, 35.41420295583507], [139.95361581466736, 35.41409749300825], [139.95385762278244, 35.41398984801763], [139.95409914927956, 35.41388177503275], [139.95434067577668, 35.41377370204786], [139.9545787820883, 35.41366069419662], [139.95481602406426, 35.413546439225605], [139.95505136031232, 35.4134296128835], [139.95528476316244, 35.41331017783548], [139.95551816601255, 35.41319074278746]]}}, {"type": "Feature", "properties": {"id": "東京湾アクアライン-下り-0-76", "route": "東京湾アクアライン", "direction": "下り", "from": "袖ヶ浦IC", "to": "木更津JCT", "grade": 0.17, "elevation_start": 18.2, "elevation_end": 18.7, "quality": "estimated", "structure": "bridge", "chain_rank": 0, "cum_dist_start": 19000.0, "cum_dist_end": 19250.0, "anomaly": false}, "geometry": {"type": "LineString", "coordinates": [[139.95551816601255, 35.41319074278746], [139.95575156886267, 35.413071307739436], [139.9559849717128, 35.41295187269141], [139.95621418987525, 35.4128271756836], [139.9564420799813, 35.41270080873525], [139.95666837560822, 35.412572584874574], [139.9568907991047, 35.4124398515746], [139.9571132226012, 35.412307118274626], [139.95732991987083, 35.412168220808056], [139.95754560613545, 35.41202823501515], [139.95776011587049, 35.411887078443236]]}}, {"type": "Feature", "properties": {"id": "東京湾アクアライン-下り-0-77", "route": "東京湾アクアライン", "direction": "下り", "from": "袖ヶ浦IC", "to": "木更津JCT", "grade": 0.17, "elevation_start": 18.7, "elevation_end": 19.1, "quality": "estimated", "structure": "bridge", "chain_rank": 0, "cum_dist_start": 19250.0, "cum_dist_end": 19500.0, "anomaly": false}, "geometry": {"type": "LineString", "coordinates": [[139.95776011587049, 35.411887078443236], [139.95796950414166, 35.41174082543985], [139.95817889241286, 35.411594572436464], [139.9583883767271, 35.4114484122066], [139.95859792127885, 35.41130231016362], [139.9588072108887, 35.41115596437616], [139.95901599516074, 35.41100913544606], [139.95922393210628, 35.41086151542575], [139.95942906723403, 35.41071127954176], [139.95963420236174, 35.410561043657765], [139.95983295615918, 35.41040523754069]]}}, {"type": "Feature", "properties": {"id": "東京湾アクアライン-下り-0-78", "route": "東京湾アクアライン", "direction": "下り", "from": "袖ヶ浦IC", "to": "木更津JCT", "grade": 0.17, "elevation_start": 19.1, "elevation_end": 19.5, "quality": "estimated", "structure": "bridge", "chain_rank": 0, "cum_dist_start": 19500.0, "cum_dist_end": 19750.0, "anomaly": false}, "geometry": {"type": "LineString", "coordinates": [[139.95983295615918, 35.41040523754069], [139.96002925466485, 35.410247288211025], [139.96022555317052, 35.41008933888136], [139.96042185167616, 35.4099313895517], [139.96061303106853, 35.40976928878078], [139.96080414847933, 35.409607137744736], [139.9609952658901, 35.4094449867087], [139.96118000922712, 35.40927802564278], [139.961361903697, 35.40910891475298], [139.96154222109757, 35.408938695911104], [139.96171881298127, 35.408765859749884]]}}, {"type": "Feature", "properties": {"id": "東京湾アクアライン-下り-0-79", "route": "東京湾アクアライン", "direction": "下り", "from": "袖ヶ浦IC", "to": "木更津JCT", "grade": 0.17, "elevation_start": 19.5, "elevation_end": 20.0, "quality": "estimated", "structure": "bridge", "chain_rank": 0, "cum_dist_start": 19750.0, "cum_dist_end": 20000.0, "anomaly": false}, "geometry": {"type": "LineString", "coordinates": [[139.96171881298127, 35.408765859749884], [139.961895404865, 35.40859302358866], [139.96206959274542, 35.40841857529471], [139.96224185257248, 35.408242834041644], [139.96241411239953, 35.408067092788585], [139.96258616080362, 35.40789121883205], [139.96274876594, 35.40770941763627], [139.96291137107642, 35.40752761644049], [139.96307397621283, 35.40734581524472], [139.96323481474693, 35.407162978731634], [139.96339264666685, 35.40697838019225]]}}, {"type": "Feature", "properties": {"id": "東京湾アクアライン-下り-0-80", "route": "東京湾アクアライン", "direction": "下り", "from": "袖ヶ浦IC", "to": "木更津JCT", "grade": 0.17, "elevation_start": 20.0, "elevation_end": 20.4, "quality": "estimated", "structure": "bridge", "chain_rank": 0, "cum_dist_start": 20000.0, "cum_dist_end": 20250.0, "anomaly": false}, "geometry": {"type": "LineString", "coordinates": [[139.96339264666685, 35.40697838019225], [139.9635504785868, 35.406793781652866], [139.96370438717688, 35.4066070342438], [139.9638525903952, 35.40641716191254], [139.9640007936135, 35.40622728958128], [139.9641489968318, 35.406037417250026], [139.9642972000501, 35.405847544918764], [139.96443917672795, 35.40565452593994], [139.96458009684025, 35.40546097301461], [139.9647194771882, 35.40526668324532], [139.96485635790967, 35.40507119729643]]}}, {"type": "Feature", "properties": {"id": "東京湾アクアライン-下り-0-81", "route": "東京湾アクアライン", "direction": "下り", "from": "袖ヶ浦IC", "to": "木更津JCT", "grade": 0.17, "elevation_start": 20.4, "elevation_end": 20.8, "quality": "estimated", "structure": "bridge", "chain_rank": 0, "cum_dist_start": 20250.0, "cum_dist_end": 20500.0, "anomaly": false}, "geometry": {"type": "LineString", "coordinates": [[139.96485635790967, 35.40507119729643], [139.96499323863114, 35.404875711347536], [139.965124822397, 35.40467788639322], [139.96524916318035, 35.404476863115804], [139.96537350396372, 35.40427583983839], [139.96549345242832, 35.404073077088626], [139.96560877270406, 35.40386848145581], [139.96572409297983, 35.40366388582299], [139.96583808164667, 35.40345880806784], [139.96594536762885, 35.40325130353859], [139.96605265361103, 35.40304379900934]]}}, {"type": "Feature", "properties": {"id": "東京湾アクアライン-下り-0-82", "route": "東京湾アクアライン", "direction": "下り", "from": "袖ヶ浦IC", "to": "木更津JCT", "grade": 0.17, "elevation_start": 20.8, "elevation_end": 21.2, "quality": "estimated", "structure": "bridge", "chain_rank": 0, "cum_dist_start": 20500.0, "cum_dist_end": 20750.0, "anomaly": false}, "geometry": {"type": "LineString", "coordinates": [[139.96605265361103, 35.40304379900934], [139.9661599395932, 35.40283629448009], [139.96627115567097, 35.402630193913254], [139.96638395149952, 35.40242465768656], [139.966490793436, 35.402217116473025], [139.96658726805435, 35.40200608404128], [139.9666837426727, 35.40179505160955], [139.9667781934094, 35.401583454912725], [139.96685906934826, 35.4013680735162], [139.96693994528712, 35.40115269211967], [139.9670202756679, 35.40093717558109]]}}, {"type": "Feature", "properties": {"id": "東京湾アクアライン-下り-0-83", "route": "東京湾アクアライン", "direction": "下り", "from": "袖ヶ浦IC", "to": "木更津JCT", "grade": 0.17, "elevation_start": 21.2, "elevation_end": 21.7, "quality": "estimated", "structure": "bridge", "chain_rank": 0, "cum_dist_start": 20750.0, "cum_dist_end": 21000.0, "anomaly": false}, "geometry": {"type": "LineString", "coordinates": [[139.9670202756679, 35.40093717558109], [139.96709881970062, 35.400721216540134], [139.96717736373336, 35.400505257499184], [139.96725323605298, 35.400288669532905], [139.96732678464937, 35.40007153455864], [139.96740033324573, 35.39985439958438], [139.96747251819178, 35.39963697261473], [139.96753822014375, 35.39941815745617], [139.96760188937705, 35.39919895900454], [139.96765969906872, 35.39897865566726], [139.96771572123248, 35.39875804798835]]}}, {"type": "Feature", "properties": {"id": "東京湾アクアライン-下り-0-84", "route": "東京湾アクアライン", "direction": "下り", "from": "袖ヶ浦IC", "to": "木更津JCT", "grade": 0.17, "elevation_start": 21.7, "elevation_end": 22.1, "quality": "estimated", "structure": "bridge", "chain_rank": 0, "cum_dist_start": 21000.0, "cum_dist_end": 21250.0, "anomaly": false}, "geometry": {"type": "LineString", "coordinates": [[139.96771572123248, 35.39875804798835], [139.96776996867484, 35.39853713814825], [139.9678242161172, 35.39831622830814], [139.9678781094634, 35.3980952604175], [139.967931994226, 35.39787429111967], [139.96798516988233, 35.3976532135177], [139.9680322057291, 35.39743119816244], [139.96807924157585, 35.397209182807174], [139.96812725652046, 35.39698730950155], [139.96817622919176, 35.39676557514498], [139.96822520186308, 35.396543840788425]]}}, {"type": "Feature", "properties": {"id": "東京湾アクアライン-下り-0-85", "route": "東京湾アクアライン", "direction": "下り", "from": "袖ヶ浦IC", "to": "木更津JCT", "grade": 0.17, "elevation_start": 22.1, "elevation_end": 22.5, "quality": "estimated", "structure": "bridge", "chain_rank": 0, "cum_dist_start": 21250.0, "cum_dist_end": 21500.0, "anomaly": false}, "geometry": {"type": "LineString", "coordinates": [[139.96822520186308, 35.396543840788425], [139.9682741745344, 35.39632210643186], [139.9683231472057, 35.3961003720753], [139.96837211987702, 35.395878637718745], [139.96842118257058, 35.39565691691026], [139.9684716793757, 35.39543541193127], [139.96852217618084, 35.395213906952264], [139.96857735455433, 35.39499315295117], [139.9686326589635, 35.39477241916766], [139.96869181294701, 35.39455235807025], [139.96875136145752, 35.39433236591366]]}}, {"type": "Feature", "properties": {"id": "東京湾アクアライン-下り-0-86", "route": "東京湾アクアライン", "direction": "下り", "from": "袖ヶ浦IC", "to": "木更津JCT", "grade": 0.17, "elevation_start": 22.5, "elevation_end": 23.0, "quality": "estimated", "structure": "bridge", "chain_rank": 0, "cum_dist_start": 21500.0, "cum_dist_end": 21750.0, "anomaly": false}, "geometry": {"type": "LineString", "coordinates": [[139.96875136145752, 35.39433236591366], [139.96881090996803, 35.39411237375707], [139.9688704584785, 35.39389238160048], [139.96893716602042, 35.39367381847968], [139.96900793114315, 35.39345606530479], [139.96907869626588, 35.3932383121299], [139.96914946138864, 35.393020558955016], [139.96923248729425, 35.39280576267783], [139.96931715093203, 35.392591361367785], [139.9694026185425, 35.392377181680935], [139.96949351854647, 35.39216449948821]]}}, {"type": "Feature", "properties": {"id": "東京湾アクアライン-下り-0-87", "route": "東京湾アクアライン", "direction": "下り", "from": "袖ヶ浦IC", "to": "木更津JCT", "grade": 0.17, "elevation_start": 23.0, "elevation_end": 23.4, "quality": "estimated", "structure": "bridge", "chain_rank": 0, "cum_dist_start": 21750.0, "cum_dist_end": 22000.0, "anomaly": false}, "geometry": {"type": "LineString", "coordinates": [[139.96949351854647, 35.39216449948821], [139.96958441855045, 35.39195181729548], [139.96967926754402, 35.39174031264498], [139.96977664485823, 35.391529561909934], [139.9698740221724, 35.39131881117489], [139.9699713994866, 35.39110806043985], [139.97006877680082, 35.390897309704805], [139.97017568716382, 35.39068975983815], [139.9702880361762, 35.39048407133307], [139.9704033864262, 35.3902794938964], [139.97051873667615, 35.390074916459724]]}}, {"type": "Feature", "properties": {"id": "東京湾アクアライン-下り-0-88", "route": "東京湾アクアライン", "direction": "下り", "from": "袖ヶ浦IC", "to": "木更津JCT", "grade": 0.17, "elevation_start": 23.4, "elevation_end": 23.8, "quality": "estimated", "structure": "bridge", "chain_rank": 0, "cum_dist_start": 22000.0, "cum_dist_end": 22250.0, "anomaly": false}, "geometry": {"type": "LineString", "coordinates": [[139.97051873667615, 35.390074916459724], [139.97063518339422, 35.38987077339917], [139.9707594487446, 35.389669727763014], [139.970883834607, 35.38946873299132], [139.97101165362145, 35.38926918724782], [139.97113947263588, 35.38906964150432], [139.9712674067522, 35.388870148632975], [139.97140870280055, 35.38867679357784], [139.97154999884893, 35.3884834385227], [139.97169129489728, 35.38829008346756], [139.97183259094567, 35.38809672841242]]}}, {"type": "Feature", "properties": {"id": "東京湾アクアライン-下り-0-89", "route": "東京湾アクアライン", "direction": "下り", "from": "袖ヶ浦IC", "to": "木更津JCT", "grade": 0.17, "elevation_start": 23.8, "elevation_end": 24.3, "quality": "estimated", "structure": "bridge", "chain_rank": 0, "cum_dist_start": 22250.0, "cum_dist_end": 22500.0, "anomaly": false}, "geometry": {"type": "LineString", "coordinates": [[139.97183259094567, 35.38809672841242], [139.9719771290029, 35.387904989969364], [139.9721243225841, 35.38771462414463], [139.9722741825399, 35.38752564328876], [139.97242404249573, 35.387336662432894], [139.97257896992548, 35.38715049377938], [139.97273775337774, 35.3869664650314], [139.97289653683, 35.38678243628341], [139.9730573853341, 35.38659961742464], [139.9732186906703, 35.386417066218335], [139.9733799960065, 35.38623451501203]]}}, {"type": "Feature", "properties": {"id": "東京湾アクアライン-下り-0-90", "route": "東京湾アクアライン", "direction": "下り", "from": "袖ヶ浦IC", "to": "木更津JCT", "grade": -0.12, "elevation_start": 24.3, "elevation_end": 24.0, "quality": "estimated", "structure": "normal", "chain_rank": 0, "cum_dist_start": 22500.0, "cum_dist_end": 22750.0, "anomaly": false}, "geometry": {"type": "LineString", "coordinates": [[139.9733799960065, 35.38623451501203], [139.97354130134272, 35.38605196380572], [139.9737026066789, 35.38586941259941], [139.97386619923208, 35.38568823620435], [139.9740303754306, 35.38550741062962], [139.97419455162913, 35.385326585054884], [139.97435872782765, 35.38514575948015], [139.9745229040262, 35.384964933905415], [139.9746875296506, 35.384784383788016], [139.9748528207597, 35.38460424155241], [139.97501811186882, 35.38442409931681]]}}, {"type": "Feature", "properties": {"id": "東京湾アクアライン-下り-0-91", "route": "東京湾アクアライン", "direction": "下り", "from": "袖ヶ浦IC", "to": "木更津JCT", "grade": 1.68, "elevation_start": 24.0, "elevation_end": 28.2, "quality": "measured", "structure": "normal", "chain_rank": 0, "cum_dist_start": 22750.0, "cum_dist_end": 23000.0, "anomaly": false}, "geometry": {"type": "LineString", "coordinates": [[139.97501811186882, 35.38442409931681], [139.97517948977026, 35.384241603744854], [139.9753399539834, 35.38405855869633], [139.9755004181965, 35.383875513647816], [139.9756608824096, 35.38369246859929], [139.9758205818215, 35.3835089783199], [139.9759790901806, 35.383324794666336], [139.97613759853974, 35.38314061101277], [139.97629042889702, 35.382953369102495], [139.97643416042828, 35.382761226428485], [139.97657794395437, 35.382569109988225]]}}, {"type": "Feature", "properties": {"id": "東京湾アクアライン-下り-0-92", "route": "東京湾アクアライン", "direction": "下り", "from": "袖ヶ浦IC", "to": "木更津JCT", "grade": 1.96, "elevation_start": 28.2, "elevation_end": 33.1, "quality": "measured", "structure": "normal", "chain_rank": 0, "cum_dist_start": 23000.0, "cum_dist_end": 23250.0, "anomaly": false}, "geometry": {"type": "LineString", "coordinates": [[139.97657794395437, 35.382569109988225], [139.97672180991677, 35.38237703514087], [139.97686438492147, 35.3821843258589], [139.97700369611096, 35.38199001259146], [139.9771430073004, 35.38179569932402], [139.9772823184899, 35.38160138605658], [139.9774139349217, 35.3814035722025], [139.9775417280077, 35.38120402041403], [139.97766951482492, 35.38100446594378], [139.9777968137338, 35.38080470274653], [139.97792411264263, 35.380604939549286]]}}, {"type": "Feature", "properties": {"id": "東京湾アクアライン-下り-0-93", "route": "東京湾アクアライン", "direction": "下り", "from": "袖ヶ浦IC", "to": "木更津JCT", "grade": 2.0, "elevation_start": 33.1, "elevation_end": 38.1, "quality": "measured", "structure": "normal", "chain_rank": 0, "cum_dist_start": 23250.0, "cum_dist_end": 23500.0, "anomaly": false}, "geometry": {"type": "LineString", "coordinates": [[139.97792411264263, 35.380604939549286], [139.9780461389292, 35.38040304043585], [139.9781627689061, 35.380198955301005], [139.978279398883, 35.37999487016616], [139.97839164015986, 35.37978916561642], [139.97850105369503, 35.379582417639945], [139.97861046723023, 35.37937566966347], [139.97871988076542, 35.37916892168699], [139.97882266845576, 35.37895995646676], [139.9789213568691, 35.3787496194824], [139.97902004528248, 35.37853928249804]]}}]}