{"type": "FeatureCollection", "features": [{"type": "Feature", "properties": {"id": "館山道-上り-0-0", "route": "館山道", "direction": "上り", "from": null, "to": "市原ＳＡ", "grade": 0.84, "elevation_start": 17.0, "elevation_end": 19.1, "quality": "measured", "structure": "normal", "chain_rank": 0, "cum_dist_start": 0.0, "cum_dist_end": 250.0, "anomaly": false}, "geometry": {"type": "LineString", "coordinates": [[140.0821293, 35.474872], [140.08221218157598, 35.47465711353233], [140.08229636135957, 35.47444257555821], [140.08238523283583, 35.47422929703184], [140.0824741043121, 35.47401601850547], [140.08256366667763, 35.47380293849702], [140.0826573441469, 35.473591040909334], [140.08275102161616, 35.473379143321644], [140.08284639540136, 35.473167754272005], [140.0829422348919, 35.47295650483603], [140.08303807438242, 35.47274525540004]]}}, {"type": "Feature", "properties": {"id": "館山道-上り-0-1", "route": "館山道", "direction": "上り", "from": null, "to": "市原ＳＡ", "grade": 0.91, "elevation_start": 19.1, "elevation_end": 21.4, "quality": "measured", "structure": "normal", "chain_rank": 0, "cum_dist_start": 250.0, "cum_dist_end": 500.0, "anomaly": false}, "geometry": {"type": "LineString", "coordinates": [[140.08303807438242, 35.47274525540004], [140.08313650385858, 35.47253481432322], [140.08323700797672, 35.4723250207619], [140.08333751209486, 35.472115227200575], [140.08343801621302, 35.47190543363926], [140.08353823907143, 35.47169555029049], [140.08363841457236, 35.471485651823635], [140.08373870363954, 35.471275789865395], [140.0838398958055, 35.471066218230035], [140.0839410879715, 35.47085664659467], [140.08404228013748, 35.47064707495931]]}}, {"type": "Feature", "properties": {"id": "館山道-上り-0-2", "route": "館山道", "direction": "上り", "from": null, "to": "市原ＳＡ", "grade": 1.06, "elevation_start": 21.4, "elevation_end": 24.0, "quality": "measured", "structure": "normal", "chain_rank": 0, "cum_dist_start": 500.0, "cum_dist_end": 750.0, "anomaly": false}, "geometry": {"type": "LineString", "coordinates": [[140.08404228013748, 35.47064707495931], [140.08413655874807, 35.47043536119965], [140.0842304991162, 35.470223542637555], [140.0843244394843, 35.47001172407546], [140.08441837985242, 35.46979990551337], [140.08451232022054, 35.469588086951276], [140.08460626058866, 35.46937626838918], [140.08469772332273, 35.46916374301986], [140.08478518058087, 35.468950074988086], [140.08487070627277, 35.46873588548926], [140.0849571242806, 35.4685219361774]]}}, {"type": "Feature", "properties": {"id": "館山道-上り-0-3", "route": "館山道", "direction": "上り", "from": null, "to": "市原ＳＡ", "grade": 1.45, "elevation_start": 24.0, "elevation_end": 27.6, "quality": "measured", "structure": "normal", "chain_rank": 0, "cum_dist_start": 750.0, "cum_dist_end": 1000.0, "anomaly": false}, "geometry": {"type": "LineString", "coordinates": [[140.0849571242806, 35.4685219361774], [140.08504350978464, 35.46830798783359], [140.0851205410107, 35.46809165091234], [140.08519757223672, 35.46787531399109], [140.08526685170213, 35.46765723244162], [140.08533593219457, 35.46743910611086], [140.085405012687, 35.4672209797801], [140.08546708061397, 35.46700147893143], [140.0855263335505, 35.466781426322534], [140.0855806981174, 35.46656054070652], [140.0856337733624, 35.46633943538241]]}}, {"type": "Feature", "properties": {"id": "館山道-上り-0-4", "route": "館山道", "direction": "上り", "from": null, "to": "市原ＳＡ", "grade": 1.74, "elevation_start": 27.6, "elevation_end": 32.0, "quality": "measured", "structure": "normal", "chain_rank": 0, "cum_dist_start": 1000.0, "cum_dist_end": 1250.0, "anomaly": false}, "geometry": {"type": "LineString", "coordinates": [[140.0856337733624, 35.46633943538241], [140.0856819971617, 35.46611764631118], [140.08572241838758, 35.4658947575704], [140.08576290625462, 35.465671876934074], [140.0858034097575, 35.46544899819928], [140.08583856275828, 35.465225513252854], [140.08587233642302, 35.46500190058236], [140.08589823403162, 35.46477757035871], [140.08591836840188, 35.464552866033465], [140.08593603431777, 35.46432800147665], [140.0859463845921, 35.46410289177394]]}}, {"type": "Feature", "properties": {"id": "館山道-上り-0-5", "route": "館山道", "direction": "上り", "from": null, "to": "市原ＳＡ", "grade": 1.69, "elevation_start": 32.0, "elevation_end": 36.2, "quality": "measured", "structure": "normal", "chain_rank": 0, "cum_dist_start": 1250.0, "cum_dist_end": 1500.0, "anomaly": false}, "geometry": {"type": "LineString", "coordinates": [[140.0859463845921, 35.46410289177394], [140.08595125501103, 35.46387759844222], [140.08595612543, 35.46365230511049], [140.08596067864264, 35.46342700823203], [140.0859633288562, 35.46320169007583], [140.0859633345663, 35.46297642376182], [140.08594749610057, 35.462751468053234], [140.0859310860519, 35.462526543260886], [140.0859105867751, 35.46230183964997], [140.08588959127997, 35.46207716740095], [140.0858667465298, 35.46185262407922]]}}, {"type": "Feature", "properties": {"id": "館山道-上り-0-6", "route": "館山道", "direction": "上り", "from": null, "to": "市原ＳＡ", "grade": 1.59, "elevation_start": 36.2, "elevation_end": 40.2, "quality": "measured", "structure": "normal", "chain_rank": 0, "cum_dist_start": 1500.0, "cum_dist_end": 1750.0, "anomaly": false}, "geometry": {"type": "LineString", "coordinates": [[140.0858667465298, 35.46185262407922], [140.08583748663656, 35.46162857066941], [140.0858068262357, 35.46140464993766], [140.08577171757696, 35.46118117083868], [140.0857293422938, 35.460958525290614], [140.08568670425703, 35.46073591406476], [140.08564224116577, 35.46051354123684], [140.08559333834506, 35.46029184280531], [140.08553727820524, 35.460071231572954], [140.08547972650362, 35.4598508782807], [140.0854213894768, 35.45963066944334]]}}, {"type": "Feature", "properties": {"id": "館山道-上り-0-7", "route": "館山道", "direction": "上り", "from": "市原SA", "to": "姉崎袖ケ浦ＩＣ", "grade": 1.1, "elevation_start": 40.2, "elevation_end": 42.9, "quality": "measured", "structure": "normal", "chain_rank": 0, "cum_dist_start": 1750.0, "cum_dist_end": 2000.0, "anomaly": false}, "geometry": {"type": "LineString", "coordinates": [[140.0854213894768, 35.45963066944334], [140.08535452744064, 35.4594120820175], [140.0852876654045, 35.45919349459166], [140.08521395074342, 35.45897639430566], [140.08513703655413, 35.458760047243146], [140.08505643569546, 35.4585445844606], [140.08497231580196, 35.458330039635946], [140.08488562375385, 35.458116165770726], [140.08479253356595, 35.45790410095684], [140.084699344166, 35.4576920641948], [140.08460313975837, 35.45748094898768]]}}, {"type": "Feature", "properties": {"id": "館山道-上り-0-8", "route": "館山道", "direction": "上り", "from": "市原SA", "to": "姉崎袖ケ浦ＩＣ", "grade": 1.03, "elevation_start": 42.9, "elevation_end": 45.5, "quality": "measured", "structure": "normal", "chain_rank": 0, "cum_dist_start": 2000.0, "cum_dist_end": 2250.0, "anomaly": false}, "geometry": {"type": "LineString", "coordinates": [[140.08460313975837, 35.45748094898768], [140.08450247812638, 35.45727122103386], [140.08439660093208, 35.45706321524334], [140.0842857561628, 35.456856943723686], [140.08417392510256, 35.45665103067083], [140.08406121435274, 35.45644543734052], [140.08394105264816, 35.45624269925229], [140.08382019609766, 35.45604022743238], [140.0836978881125, 35.45583834461901], [140.08357406146308, 35.455637078094604], [140.08344719682594, 35.45543711007877]]}}, {"type": "Feature", "properties": {"id": "館山道-上り-0-9", "route": "館山道", "direction": "上り", "from": "市原SA", "to": "姉崎袖ケ浦ＩＣ", "grade": 1.04, "elevation_start": 45.5, "elevation_end": 48.1, "quality": "measured", "structure": "normal", "chain_rank": 0, "cum_dist_start": 2250.0, "cum_dist_end": 2500.0, "anomaly": false}, "geometry": {"type": "LineString", "coordinates": [[140.08344719682594, 35.45543711007877], [140.08331604646432, 35.45523897388401], [140.0831848961027, 35.455040837689246], [140.0830498179353, 35.45484447882769], [140.08291446083436, 35.45464824618364], [140.08277655302072, 35.454453220376124], [140.08263624927875, 35.45425932817092], [140.0824959455368, 35.45406543596572], [140.082352931067, 35.45387289376035], [140.08220693026868, 35.45368183880979], [140.08206092947037, 35.45349078385924]]}}, {"type": "Feature", "properties": {"id": "館山道-上り-0-10", "route": "館山道", "direction": "上り", "from": "市原SA", "to": "姉崎袖ケ浦ＩＣ", "grade": 0.83, "elevation_start": 48.1, "elevation_end": 50.2, "quality": "measured", "structure": "normal", "chain_rank": 0, "cum_dist_start": 2500.0, "cum_dist_end": 2750.0, "anomaly": false}, "geometry": {"type": "LineString", "coordinates": [[140.08206092947037, 35.45349078385924], [140.08191105155905, 35.45330179128768], [140.08175692601827, 35.45311505818642], [140.0816028004775, 35.45292832508516], [140.08144759577655, 35.452742193344534], [140.08129180905183, 35.45255638593591], [140.08113271705147, 35.45237249737343], [140.08096986481476, 35.45219079178017], [140.0808066774813, 35.45200928811143], [140.08064316206602, 35.45182798214011], [140.08047774475907, 35.45164784677323]]}}, {"type": "Feature", "properties": {"id": "館山道-上り-0-11", "route": "館山道", "direction": "上り", "from": "市原SA", "to": "姉崎袖ケ浦ＩＣ", "grade": 0.52, "elevation_start": 50.2, "elevation_end": 51.5, "quality": "measured", "structure": "normal", "chain_rank": 0, "cum_dist_start": 2750.0, "cum_dist_end": 3000.0, "anomaly": false}, "geometry": {"type": "LineString", "coordinates": [[140.08047774475907, 35.45164784677323], [140.0803102348001, 35.45146899942279], [140.08014046719302, 35.45129161116073], [140.07996667260517, 35.45111682548357], [140.07979287801732, 35.45094203980641], [140.0796173196075, 35.45076844752499], [140.07944022234747, 35.45059589642427], [140.07926263972985, 35.45042369030068], [140.0790786522015, 35.450256036589444], [140.07889466467316, 35.450088382878214], [140.07871067714478, 35.449920729166976]]}}, {"type": "Feature", "properties": {"id": "館山道-上り-0-12", "route": "館山道", "direction": "上り", "from": "市原SA", "to": "姉崎袖ケ浦ＩＣ", "grade": 0.27, "elevation_start": 51.5, "elevation_end": 52.1, "quality": "estimated", "structure": "normal", "chain_rank": 0, "cum_dist_start": 3000.0, "cum_dist_end": 3250.0, "anomaly": false}, "geometry": {"type": "LineString", "coordinates": [[140.07871067714478, 35.449920729166976], [140.07852632719357, 35.44975334755468], [140.07833806806704, 35.44958890086336], [140.0781498089405, 35.449424454172046], [140.07796154981395, 35.449260007480724], [140.07777329068742, 35.4490955607894], [140.07758129985513, 35.448934047492486], [140.07738809921227, 35.44877348519541], [140.07719110457373, 35.448616154175475], [140.07698734215435, 35.448464587151484], [140.07678357973498, 35.448313020127486]]}}, {"type": "Feature", "properties": {"id": "館山道-上り-0-13", "route": "館山道", "direction": "上り", "from": "市原SA", "to": "姉崎袖ケ浦ＩＣ", "grade": 0.34, "elevation_start": 52.1, "elevation_end": 53.0, "quality": "estimated", "structure": "bridge", "chain_rank": 0, "cum_dist_start": 3250.0, "cum_dist_end": 3500.0, "anomaly": false}, "geometry": {"type": "LineString", "coordinates": [[140.07678357973498, 35.448313020127486], [140.0765798173156, 35.44816145310349], [140.07637605489623, 35.4480098860795], [140.07617231253965, 35.44785830126202], [140.07596864176503, 35.44770665295934], [140.07575870792246, 35.447561124535156], [140.0755405134284, 35.44742366790334], [140.07532262037708, 35.44728590077075], [140.07510961260363, 35.447143101562986], [140.07489660483014, 35.44700030235523], [140.0746835970567, 35.44685750314747]]}}, {"type": "Feature", "properties": {"id": "館山道-上り-0-14", "route": "館山道", "direction": "上り", "from": "市原SA", "to": "姉崎袖ケ浦ＩＣ", "grade": 0.34, "elevation_start": 53.0, "elevation_end": 53.8, "quality": "estimated", "structure": "bridge", "chain_rank": 0, "cum_dist_start": 3500.0, "cum_dist_end": 3750.0, "anomaly": false}, "geometry": {"type": "LineString", "coordinates": [[140.0746835970567, 35.44685750314747], [140.07446872254678, 35.446716593284634], [140.074253563224, 35.44657597168411], [140.07403798605435, 35.44643579086011], [140.07381806894224, 35.44630018813556], [140.07359537931904, 35.4461676792669], [140.0733712528156, 35.446036773818484], [140.07314712631216, 35.44590586837007], [140.07292012701888, 35.44577835306884], [140.07269176732981, 35.44565244315547], [140.07246297563478, 35.445527062766736]]}}, {"type": "Feature", "properties": {"id": "館山道-上り-0-15", "route": "館山道", "direction": "上り", "from": "市原SA", "to": "姉崎袖ケ浦ＩＣ", "grade": 0.17, "elevation_start": 53.8, "elevation_end": 54.3, "quality": "estimated", "structure": "normal", "chain_rank": 0, "cum_dist_start": 3750.0, "cum_dist_end": 4000.0, "anomaly": false}, "geometry": {"type": "LineString", "coordinates": [[140.07246297563478, 35.445527062766736], [140.072233400896, 35.44540264218172], [140.07200309536316, 35.44527913747433], [140.0717716135591, 35.44515710694481], [140.07154013175506, 35.4450350764153], [140.0713035341924, 35.444919860308495], [140.0710658990772, 35.44480602626877], [140.07082707840516, 35.44469388083202], [140.0705872633257, 35.44458315174171], [140.07034744824628, 35.44447242265141], [140.07010639427187, 35.44436352154097]]}}, {"type": "Feature", "properties": {"id": "館山道-上り-0-16", "route": "館山道", "direction": "上り", "from": "市原SA", "to": "姉崎袖ケ浦ＩＣ", "grade": -0.26, "elevation_start": 54.3, "elevation_end": 53.6, "quality": "measured", "structure": "normal", "chain_rank": 0, "cum_dist_start": 4000.0, "cum_dist_end": 4250.0, "anomaly": false}, "geometry": {"type": "LineString", "coordinates": [[140.07010639427187, 35.44436352154097], [140.06986467670342, 35.444255599558474], [140.06962295913493, 35.44414767757598], [140.06937844267784, 35.44404410171356], [140.06913304342504, 35.44394189665821], [140.06888764417224, 35.44383969160286], [140.06864038267, 35.44374058104621], [140.06839180664636, 35.44364365482886], [140.06814323062272, 35.443546728611516], [140.06789311599826, 35.443452552945566], [140.06764103905581, 35.44336188530865]]}}, {"type": "Feature", "properties": {"id": "館山道-上り-0-17", "route": "館山道", "direction": "上り", "from": "市原SA", "to": "姉崎袖ケ浦ＩＣ", "grade": -0.95, "elevation_start": 53.6, "elevation_end": 51.2, "quality": "measured", "structure": "normal", "chain_rank": 0, "cum_dist_start": 4250.0, "cum_dist_end": 4500.0, "anomaly": false}, "geometry": {"type": "LineString", "coordinates": [[140.06764103905581, 35.44336188530865], [140.06738896211334, 35.44327121767172], [140.06713666008392, 35.443180982517234], [140.0668821390469, 35.44309501096695], [140.06662761800987, 35.44300903941667], [140.06637309697285, 35.44292306786639], [140.0661182855201, 35.442837693404556], [140.06586121773734, 35.44275695790844], [140.06560414995457, 35.44267622241233], [140.0653470821718, 35.442595486916225], [140.06509001438903, 35.44251475142011]]}}, {"type": "Feature", "properties": {"id": "館山道-上り-0-18", "route": "館山道", "direction": "上り", "from": "市原SA", "to": "姉崎袖ケ浦ＩＣ", "grade": -1.18, "elevation_start": 51.2, "elevation_end": 48.3, "quality": "measured", "structure": "normal", "chain_rank": 0, "cum_dist_start": 4500.0, "cum_dist_end": 4750.0, "anomaly": false}, "geometry": {"type": "LineString", "coordinates": [[140.06509001438903, 35.44251475142011], [140.0648325673432, 35.44243483316433], [140.06457503760947, 35.442355093085325], [140.06431750787576, 35.44227535300632], [140.064059978142, 35.442195612927314], [140.0638024484083, 35.44211587284831], [140.06354491867458, 35.44203613276931], [140.06328738894086, 35.44195639269031], [140.06302985920715, 35.441876652611306], [140.06277364658746, 35.441794143580616], [140.06251795660563, 35.44171053581515]]}}, {"type": "Feature", "properties": {"id": "館山道-上り-0-19", "route": "館山道", "direction": "上り", "from": "市原SA", "to": "姉崎袖ケ浦ＩＣ", "grade": -1.1, "elevation_start": 48.3, "elevation_end": 45.5, "quality": "measured", "structure": "normal", "chain_rank": 0, "cum_dist_start": 4750.0, "cum_dist_end": 5000.0, "anomaly": false}, "geometry": {"type": "LineString", "coordinates": [[140.06251795660563, 35.44171053581515], [140.0622622666238, 35.44162692804968], [140.06200657664198, 35.441543320284204], [140.06175228260167, 35.441456964157915], [140.06149948241512, 35.441367666899076], [140.06124668222856, 35.441278369640244], [140.0609955184644, 35.44118612926065], [140.06074715613408, 35.44108885047668], [140.06049879380376, 35.440991571692706], [140.0602504314734, 35.44089429290873], [140.06000532528273, 35.44079166755425]]}}, {"type": "Feature", "properties": {"id": "館山道-上り-0-20", "route": "館山道", "direction": "上り", "from": "市原SA", "to": "姉崎袖ケ浦ＩＣ", "grade": -1.17, "elevation_start": 45.5, "elevation_end": 42.6, "quality": "measured", "structure": "normal", "chain_rank": 0, "cum_dist_start": 5000.0, "cum_dist_end": 5250.0, "anomaly": false}, "geometry": {"type": "LineString", "coordinates": [[140.06000532528273, 35.44079166755425], [140.059760859734, 35.440687990267755], [140.0595163941853, 35.440584312981265], [140.05927806630731, 35.4404715116463], [140.05904025252957, 35.44035794606778], [140.0588032842941, 35.440243252736174], [140.05857182154855, 35.44012121638547], [140.058340358803, 35.43999918003477], [140.05811019425659, 35.43987554908895], [140.05788339713737, 35.43974778188779], [140.05765660001816, 35.43962001468663]]}}, {"type": "Feature", "properties": {"id": "館山道-上り-0-21", "route": "館山道", "direction": "上り", "from": "市原SA", "to": "姉崎袖ケ浦ＩＣ", "grade": -0.78, "elevation_start": 42.6, "elevation_end": 40.7, "quality": "measured", "structure": "normal", "chain_rank": 0, "cum_dist_start": 5250.0, "cum_dist_end": 5500.0, "anomaly": false}, "geometry": {"type": "LineString", "coordinates": [[140.05765660001816, 35.43962001468663], [140.05742980289895, 35.43949224748547], [140.05721028761374, 35.439356275562126], [140.05699165030745, 35.43921931438619], [140.05677301300116, 35.43908235321025], [140.05655836305462, 35.4389412671322], [140.0563451431127, 35.43879870172211], [140.05613192317082, 35.43865613631202], [140.05592285052552, 35.43850965661123], [140.05572018333325, 35.43835713133247], [140.05551751614098, 35.4382046060537]]}}, {"type": "Feature", "properties": {"id": "館山道-上り-0-22", "route": "館山道", "direction": "上り", "from": "市原SA", "to": "姉崎袖ケ浦ＩＣ", "grade": 0.48, "elevation_start": 40.7, "elevation_end": 41.9, "quality": "measured", "structure": "normal", "chain_rank": 0, "cum_dist_start": 5500.0, "cum_dist_end": 5750.0, "anomaly": false}, "geometry": {"type": "LineString", "coordinates": [[140.05551751614098, 35.4382046060537], [140.05532234508829, 35.438045677891125], [140.05512745477537, 35.437886509932554], [140.0549377749583, 35.437723274682014], [140.05475269263195, 35.4375564506488], [140.05456881660106, 35.43738876067265], [140.05439080189512, 35.43721686312615], [140.0542127871892, 35.437044965579666], [140.05403477248325, 35.43687306803317], [140.05385779975953, 35.43670045638647], [140.0536821347234, 35.43652694854405]]}}, {"type": "Feature", "properties": {"id": "館山道-上り-0-23", "route": "館山道", "direction": "上り", "from": "市原SA", "to": "姉崎袖ケ浦ＩＣ", "grade": 1.1, "elevation_start": 41.9, "elevation_end": 44.6, "quality": "measured", "structure": "normal", "chain_rank": 0, "cum_dist_start": 5750.0, "cum_dist_end": 6000.0, "anomaly": false}, "geometry": {"type": "LineString", "coordinates": [[140.0536821347234, 35.43652694854405], [140.05350646968728, 35.43635344070163], [140.05333080465115, 35.43617993285921], [140.05315513961503, 35.43600642501679], [140.0529794745789, 35.43583291717437], [140.052808726958, 35.43565615516441], [140.05263811377057, 35.43547930419122], [140.05246750058316, 35.43530245321802], [140.05229688739576, 35.43512560224483], [140.05212914572323, 35.434946926153394], [140.05196183552383, 35.434767975820144]]}}, {"type": "Feature", "properties": {"id": "館山道-上り-0-24", "route": "館山道", "direction": "上り", "from": "市原SA", "to": "姉崎袖ケ浦ＩＣ", "grade": 1.23, "elevation_start": 44.6, "elevation_end": 47.7, "quality": "measured", "structure": "normal", "chain_rank": 0, "cum_dist_start": 6000.0, "cum_dist_end": 6250.0, "anomaly": false}, "geometry": {"type": "LineString", "coordinates": [[140.05196183552383, 35.434767975820144], [140.0517945253244, 35.4345890254869], [140.05162721512497, 35.43441007515366], [140.05145990492557, 35.43423112482041], [140.05129259472614, 35.434052174487164], [140.05112528452673, 35.43387322415392], [140.0509579743273, 35.43369427382068], [140.05079066412787, 35.43351532348743], [140.05062335392847, 35.433336373154184], [140.05045604372904, 35.43315742282094], [140.05028873352964, 35.43297847248769]]}}, {"type": "Feature", "properties": {"id": "館山道-上り-0-25", "route": "館山道", "direction": "上り", "from": "市原SA", "to": "姉崎袖ケ浦ＩＣ", "grade": 1.01, "elevation_start": 47.7, "elevation_end": 50.2, "quality": "measured", "structure": "normal", "chain_rank": 0, "cum_dist_start": 6250.0, "cum_dist_end": 6500.0, "anomaly": false}, "geometry": {"type": "LineString", "coordinates": [[140.05028873352964, 35.43297847248769], [140.05011501432614, 35.432803674738565], [140.0499406670143, 35.432629283959464], [140.04976396811165, 35.432456497859995], [140.04958576676339, 35.43228473700003], [140.04940676592224, 35.43211353890162], [140.04922600374402, 35.43194358060506], [140.04904524156578, 35.43177362230849], [140.04885355389507, 35.43161189622475], [140.04866150370984, 35.43145044470318], [140.04846928895006, 35.43128912497755]]}}, {"type": "Feature", "properties": {"id": "館山道-上り-0-26", "route": "館山道", "direction": "上り", "from": "市原SA", "to": "姉崎袖ケ浦ＩＣ", "grade": 0.93, "elevation_start": 50.2, "elevation_end": 52.6, "quality": "estimated", "structure": "normal", "chain_rank": 0, "cum_dist_start": 6500.0, "cum_dist_end": 6750.0, "anomaly": false}, "geometry": {"type": "LineString", "coordinates": [[140.04846928895006, 35.43128912497755], [140.04827707419025, 35.43112780525193], [140.04808291710253, 35.430968066960915], [140.04788688650137, 35.43080985407609], [140.0476908559002, 35.43065164119126], [140.04749482529905, 35.430493428306434], [140.04729391397018, 35.4303394748161], [140.04708847607196, 35.43018947164745], [140.04688303817377, 35.43003946847881], [140.04667760027556, 35.42988946531016], [140.04646540189185, 35.42974591484483]]}}, {"type": "Feature", "properties": {"id": "館山道-上り-0-27", "route": "館山道", "direction": "上り", "from": "市原SA", "to": "姉崎袖ケ浦ＩＣ", "grade": 0.77, "elevation_start": 52.6, "elevation_end": 54.5, "quality": "estimated", "structure": "bridge", "chain_rank": 0, "cum_dist_start": 6750.0, "cum_dist_end": 7000.0, "anomaly": false}, "geometry": {"type": "LineString", "coordinates": [[140.04646540189185, 35.42974591484483], [140.04625297206576, 35.42960258528508], [140.04604054223967, 35.429459255725334], [140.04582202409586, 35.429322258988904], [140.04560187687076, 35.429186956757334], [140.04537998881634, 35.42905358520776], [140.0451571815107, 35.42892123316177], [140.04493437420507, 35.42878888111579], [140.04471133245417, 35.42865679467849], [140.04448650257865, 35.4285268008019], [140.04425811784702, 35.42840098018538]]}}, {"type": "Feature", "properties": {"id": "館山道-上り-0-28", "route": "館山道", "direction": "上り", "from": "市原SA", "to": "姉崎袖ケ浦ＩＣ", "grade": 0.77, "elevation_start": 54.5, "elevation_end": 56.4, "quality": "estimated", "structure": "bridge", "chain_rank": 0, "cum_dist_start": 7000.0, "cum_dist_end": 7250.0, "anomaly": false}, "geometry": {"type": "LineString", "coordinates": [[140.04425811784702, 35.42840098018538], [140.04402815463195, 35.42827711504353], [140.0437972052741, 35.428154471566195], [140.04356560749835, 35.42803267151191], [140.04333061561385, 35.42791528631041], [140.04309562372936, 35.42779790110892], [140.042857488884, 35.427684982184935], [140.0426155338324, 35.427577491932276], [140.04237556878974, 35.42746710590389], [140.04213767846204, 35.42735370115138], [140.0418973968067, 35.42724377053723]]}}, {"type": "Feature", "properties": {"id": "館山道-上り-0-29", "route": "館山道", "direction": "上り", "from": "姉崎袖ケ浦ＩＣ", "to": "木更津北ＩＣ", "grade": 0.4, "elevation_start": 56.4, "elevation_end": 57.4, "quality": "estimated", "structure": "normal", "chain_rank": 0, "cum_dist_start": 7250.0, "cum_dist_end": 7500.0, "anomaly": false}, "geometry": {"type": "LineString", "coordinates": [[140.0418973968067, 35.42724377053723], [140.04165571164432, 35.42713587621169], [140.0414115443099, 35.42703188565151], [140.04116492870608, 35.42693174553723], [140.0409180037608, 35.42683212857327], [140.04066907546803, 35.42673589961887], [140.04042014717524, 35.426639670664464], [140.0401687833589, 35.42654788283846], [140.03991551156514, 35.426459574171055], [140.03966201646534, 35.42637169753934], [140.03940830678818, 35.42628423605574]]}}, {"type": "Feature", "properties": {"id": "館山道-上り-0-30", "route": "館山道", "direction": "上り", "from": "姉崎袖ケ浦ＩＣ", "to": "木更津北ＩＣ", "grade": -0.88, "elevation_start": 57.4, "elevation_end": 55.2, "quality": "measured", "structure": "normal", "chain_rank": 0, "cum_dist_start": 7500.0, "cum_dist_end": 7750.0, "anomaly": false}, "geometry": {"type": "LineString", "coordinates": [[140.03940830678818, 35.42628423605574], [140.03915214717253, 35.42620177771091], [140.03889487960856, 35.42612158196132], [140.03863716823025, 35.42604235041173], [140.03837925952783, 35.42596354755469], [140.0381188976786, 35.42589057218157], [140.03785643559962, 35.425822585933], [140.03759397352064, 35.425754599684424], [140.03733151144166, 35.42568661343584], [140.03706904936269, 35.42561862718727], [140.0368065872837, 35.425550640938695]]}}, {"type": "Feature", "properties": {"id": "館山道-上り-0-31", "route": "館山道", "direction": "上り", "from": "姉崎袖ケ浦ＩＣ", "to": "木更津北ＩＣ", "grade": -1.39, "elevation_start": 55.2, "elevation_end": 51.7, "quality": "measured", "structure": "normal", "chain_rank": 0, "cum_dist_start": 7750.0, "cum_dist_end": 8000.0, "anomaly": false}, "geometry": {"type": "LineString", "coordinates": [[140.0368065872837, 35.425550640938695], [140.03654225669246, 35.42548783333508], [140.03627679467937, 35.425428161505394], [140.03601133266625, 35.4253684896757], [140.03574527850765, 35.42531074060464], [140.03547698570065, 35.42526026066007], [140.03520869289363, 35.42520978071549], [140.03494002283352, 35.425160730812365], [140.0346701941475, 35.42511607287595], [140.0344003654615, 35.42507141493954], [140.0341298442792, 35.42502985756177]]}}, {"type": "Feature", "properties": {"id": "館山道-上り-0-32", "route": "館山道", "direction": "上り", "from": "姉崎袖ケ浦ＩＣ", "to": "木更津北ＩＣ", "grade": -0.95, "elevation_start": 51.7, "elevation_end": 49.4, "quality": "measured", "structure": "normal", "chain_rank": 0, "cum_dist_start": 8000.0, "cum_dist_end": 8250.0, "anomaly": false}, "geometry": {"type": "LineString", "coordinates": [[140.0341298442792, 35.42502985756177], [140.0338581685251, 35.42499346962336], [140.03358649277098, 35.424957081684944], [140.03331418581075, 35.42492419861159], [140.0330412415286, 35.42489485436193], [140.03276829724646, 35.42486551011227], [140.03249535296433, 35.424836165862615], [140.03222160828545, 35.42481256414964], [140.03194760499747, 35.424790817856945], [140.03167360170949, 35.42476907156424], [140.03139953381776, 35.42474796577471]]}}, {"type": "Feature", "properties": {"id": "館山道-上り-0-33", "route": "館山道", "direction": "上り", "from": "姉崎袖ケ浦ＩＣ", "to": "木更津北ＩＣ", "grade": -0.48, "elevation_start": 49.4, "elevation_end": 48.2, "quality": "measured", "structure": "normal", "chain_rank": 0, "cum_dist_start": 8250.0, "cum_dist_end": 8500.0, "anomaly": false}, "geometry": {"type": "LineString", "coordinates": [[140.03139953381776, 35.42474796577471], [140.03112488452194, 35.42473262422157], [140.03085023522613, 35.42471728266843], [140.030575348813, 35.42470553305525], [140.03030027939982, 35.42469655559399], [140.03002520073258, 35.42468782810912], [140.02974997212615, 35.424683150885826], [140.02947474351973, 35.42467847366253], [140.02919951491327, 35.42467379643924], [140.02892427612022, 35.42466968407517], [140.02864899893518, 35.42466770058727]]}}, {"type": "Feature", "properties": {"id": "館山道-上り-0-34", "route": "館山道", "direction": "上り", "from": "姉崎袖ケ浦ＩＣ", "to": "木更津北ＩＣ", "grade": -0.46, "elevation_start": 48.2, "elevation_end": 47.0, "quality": "measured", "structure": "normal", "chain_rank": 0, "cum_dist_start": 8500.0, "cum_dist_end": 8750.0, "anomaly": false}, "geometry": {"type": "LineString", "coordinates": [[140.02864899893518, 35.42466770058727], [140.02837372175014, 35.42466571709937], [140.0280984445651, 35.424663733611474], [140.02782316738006, 35.424661750123576], [140.02754789019502, 35.42465976663568], [140.02727261301, 35.42465778314779], [140.02699733582497, 35.42465579965989], [140.02672205863993, 35.42465381617199], [140.0264467814549, 35.42465183268409], [140.02617150426985, 35.42464984919619], [140.0258962531253, 35.42464678677987]]}}, {"type": "Feature", "properties": {"id": "館山道-上り-0-35", "route": "館山道", "direction": "上り", "from": "姉崎袖ケ浦ＩＣ", "to": "木更津北ＩＣ", "grade": -0.41, "elevation_start": 47.0, "elevation_end": 46.0, "quality": "measured", "structure": "normal", "chain_rank": 0, "cum_dist_start": 8750.0, "cum_dist_end": 9000.0, "anomaly": false}, "geometry": {"type": "LineString", "coordinates": [[140.0258962531253, 35.42464678677987], [140.0256210948718, 35.42463987563282], [140.02534593661832, 35.42463296448578], [140.02507077836484, 35.42462605333874], [140.02479577947304, 35.42461630454071], [140.02452100660994, 35.42460253099383], [140.02424623374685, 35.424588757446955], [140.02397146088379, 35.42457498390007], [140.02369722881792, 35.42455563324284], [140.02342324088355, 35.42453376491725], [140.02314925294917, 35.42451189659166]]}}, {"type": "Feature", "properties": {"id": "館山道-上り-0-36", "route": "館山道", "direction": "上り", "from": "姉崎袖ケ浦ＩＣ", "to": "木更津北ＩＣ", "grade": -0.5, "elevation_start": 46.0, "elevation_end": 44.7, "quality": "measured", "structure": "normal", "chain_rank": 0, "cum_dist_start": 9000.0, "cum_dist_end": 9250.0, "anomaly": false}, "geometry": {"type": "LineString", "coordinates": [[140.02314925294917, 35.42451189659166], [140.0228758160122, 35.4244860804902], [140.0226028604344, 35.424456815555956], [140.02232990485658, 35.42442755062171], [140.02205850815386, 35.4243898080696], [140.0217871195159, 35.424352021658876], [140.02151752762686, 35.42430644357619], [140.0212479806585, 35.42426067069323], [140.0209789108955, 35.42421309323473], [140.02071035669496, 35.42416356615156], [140.02044199020648, 35.42411342305018]]}}, {"type": "Feature", "properties": {"id": "館山道-上り-0-37", "route": "館山道", "direction": "上り", "from": "姉崎袖ケ浦ＩＣ", "to": "木更津北ＩＣ", "grade": -0.71, "elevation_start": 44.7, "elevation_end": 43.0, "quality": "measured", "structure": "normal", "chain_rank": 0, "cum_dist_start": 9250.0, "cum_dist_end": 9500.0, "anomaly": false}, "geometry": {"type": "LineString", "coordinates": [[140.02044199020648, 35.42411342305018], [140.0201764732616, 35.42405392854883], [140.01991141285154, 35.423993174794454], [140.01964922207242, 35.42392450578087], [140.0193870312933, 35.42385583676729], [140.0191258782847, 35.42378460187637], [140.0188653992239, 35.423711700656234], [140.0186049201631, 35.4236387994361], [140.01834444110233, 35.42356589821596], [140.0180868822263, 35.42348666844062], [140.01783255537794, 35.423400434291516]]}}, {"type": "Feature", "properties": {"id": "館山道-上り-0-38", "route": "館山道", "direction": "上り", "from": "姉崎袖ケ浦ＩＣ", "to": "木更津北ＩＣ", "grade": -1.64, "elevation_start": 43.0, "elevation_end": 38.9, "quality": "measured", "structure": "normal", "chain_rank": 0, "cum_dist_start": 9500.0, "cum_dist_end": 9750.0, "anomaly": false}, "geometry": {"type": "LineString", "coordinates": [[140.01783255537794, 35.423400434291516], [140.01757822852957, 35.423314200142414], [140.01732783367783, 35.42322061593302], [140.0170779141442, 35.42312614321397], [140.01683300488094, 35.42302369906852], [140.01659378711446, 35.4229121996537], [140.01635718634154, 35.422797188259125], [140.01612657610625, 35.422674137621684], [140.01589617977456, 35.42255083364389], [140.01567402467603, 35.4224177690219], [140.01545272709612, 35.4222837952207]]}}, {"type": "Feature", "properties": {"id": "館山道-上り-0-39", "route": "館山道", "direction": "上り", "from": "姉崎袖ケ浦ＩＣ", "to": "木更津北ＩＣ", "grade": -2.22, "elevation_start": 38.9, "elevation_end": 33.3, "quality": "measured", "structure": "normal", "chain_rank": 0, "cum_dist_start": 9750.0, "cum_dist_end": 10000.0, "anomaly": false}, "geometry": {"type": "LineString", "coordinates": [[140.01545272709612, 35.4222837952207], [140.0152392192277, 35.422141562422496], [140.0150324054061, 35.421993062457325], [140.01483168266196, 35.42183885984313], [140.0146380063808, 35.42167883563534], [140.01444775745568, 35.42151597984037], [140.01426534987732, 35.42134736108068], [140.0140879512314, 35.42117506102723], [140.01391242779133, 35.421001547368604], [140.0137485258543, 35.420820512447094], [140.01358917988935, 35.42063690622072]]}}, {"type": "Feature", "properties": {"id": "館山道-上り-0-40", "route": "館山道", "direction": "上り", "from": "姉崎袖ケ浦ＩＣ", "to": "木更津北ＩＣ", "grade": -2.13, "elevation_start": 33.3, "elevation_end": 28.0, "quality": "measured", "structure": "normal", "chain_rank": 0, "cum_dist_start": 10000.0, "cum_dist_end": 10250.0, "anomaly": false}, "geometry": {"type": "LineString", "coordinates": [[140.01358917988935, 35.42063690622072], [140.013440745915, 35.42044714147229], [140.01329835551846, 35.42025435381864], [140.01316067187548, 35.42005924913042], [140.0130302644847, 35.41986080882238], [140.01291123369248, 35.41965781841995], [140.01280013312658, 35.4194516563069], [140.0126924089312, 35.41924438194347], [140.0125980790232, 35.41903269520847], [140.01250374911524, 35.41882100847347], [140.012414647796, 35.41860784251608]]}}, {"type": "Feature", "properties": {"id": "館山道-上り-0-41", "route": "館山道", "direction": "上り", "from": "姉崎袖ケ浦ＩＣ", "to": "木更津北ＩＣ", "grade": -1.09, "elevation_start": 28.0, "elevation_end": 25.3, "quality": "estimated", "structure": "bridge", "chain_rank": 0, "cum_dist_start": 10250.0, "cum_dist_end": 10500.0, "anomaly": false}, "geometry": {"type": "LineString", "coordinates": [[140.012414647796, 35.41860784251608], [140.01232915986157, 35.418393654294384], [140.01224367192714, 35.41817946607268], [140.0121605265762, 35.417964684709624], [140.01208334277848, 35.41774839388329], [140.01200615898077, 35.417532103056956], [140.01192897518305, 35.41731581223062], [140.01185177614903, 35.417099525148075], [140.01177457238828, 35.41688323922696], [140.0116973686275, 35.41666695330585], [140.01162818822695, 35.41644885682377]]}}, {"type": "Feature", "properties": {"id": "館山道-上り-0-42", "route": "館山道", "direction": "上り", "from": "姉崎袖ケ浦ＩＣ", "to": "木更津北ＩＣ", "grade": -1.09, "elevation_start": 25.3, "elevation_end": 22.5, "quality": "estimated", "structure": "bridge", "chain_rank": 0, "cum_dist_start": 10500.0, "cum_dist_end": 10750.0, "anomaly": false}, "geometry": {"type": "LineString", "coordinates": [[140.01162818822695, 35.41644885682377], [140.01155908850887, 35.416230742134786], [140.0114899887908, 35.4160126274458], [140.01142088907272, 35.41579451275682], [140.01135178935465, 35.415576398067834], [140.01128268963657, 35.41535828337886], [140.01121358991847, 35.415140168689874], [140.0111444902004, 35.41492205400089], [140.01107539048232, 35.414703939311906], [140.01100629076424, 35.41448582462292], [140.01093719104617, 35.41426770993394]]}}, {"type": "Feature", "properties": {"id": "館山道-上り-0-43", "route": "館山道", "direction": "上り", "from": "姉崎袖ケ浦ＩＣ", "to": "木更津北ＩＣ", "grade": -0.89, "elevation_start": 22.5, "elevation_end": 20.3, "quality": "estimated", "structure": "bridge", "chain_rank": 0, "cum_dist_start": 10750.0, "cum_dist_end": 11000.0, "anomaly": false}, "geometry": {"type": "LineString", "coordinates": [[140.01093719104617, 35.41426770993394], [140.01086809322612, 35.414049594867606], [140.0107991812577, 35.413831440768455], [140.01073065730913, 35.413613204849945], [140.01066213336057, 35.413394968931435], [140.01059360941198, 35.413176733012925], [140.01052508546343, 35.412958497094415], [140.01045656151484, 35.412740261175905], [140.01038803756626, 35.412522025257395], [140.0103195136177, 35.412303789338885], [140.01025098966912, 35.41208555342038]]}}, {"type": "Feature", "properties": {"id": "館山道-上り-0-44", "route": "館山道", "direction": "上り", "from": "姉崎袖ケ浦ＩＣ", "to": "木更津北ＩＣ", "grade": -0.47, "elevation_start": 20.3, "elevation_end": 19.1, "quality": "measured", "structure": "normal", "chain_rank": 0, "cum_dist_start": 11000.0, "cum_dist_end": 11250.0, "anomaly": false}, "geometry": {"type": "LineString", "coordinates": [[140.01025098966912, 35.41208555342038], [140.01018246572056, 35.41186731750187], [140.01011394177198, 35.41164908158336], [140.0100454178234, 35.41143084566485], [140.00997689387484, 35.41121260974634], [140.00990836992625, 35.41099437382783], [140.0098398459777, 35.41077613790932], [140.0097713220291, 35.41055790199081], [140.00970279808053, 35.4103396660723], [140.00963439715807, 35.410121404626544], [140.00956603070784, 35.40990313602798]]}}, {"type": "Feature", "properties": {"id": "館山道-上り-0-45", "route": "館山道", "direction": "上り", "from": "姉崎袖ケ浦ＩＣ", "to": "木更津北ＩＣ", "grade": -0.46, "elevation_start": 19.1, "elevation_end": 18.0, "quality": "estimated", "structure": "bridge", "chain_rank": 0, "cum_dist_start": 11250.0, "cum_dist_end": 11500.0, "anomaly": false}, "geometry": {"type": "LineString", "coordinates": [[140.00956603070784, 35.40990313602798], [140.0094976642576, 35.40968486742941], [140.00942929780737, 35.409466598830846], [140.00936093135712, 35.40924833023229], [140.0092925649069, 35.40903006163372], [140.00922419845665, 35.408811793035156], [140.00915583200643, 35.40859352443659], [140.00908746555618, 35.40837525583803], [140.00901909910596, 35.408156987239465], [140.0089507326557, 35.4079387186409], [140.0088822776245, 35.40772046884068]]}}, {"type": "Feature", "properties": {"id": "館山道-上り-0-46", "route": "館山道", "direction": "上り", "from": "姉崎袖ケ浦ＩＣ", "to": "木更津北ＩＣ", "grade": -0.56, "elevation_start": 18.0, "elevation_end": 16.6, "quality": "estimated", "structure": "bridge", "chain_rank": 0, "cum_dist_start": 11500.0, "cum_dist_end": 11750.0, "anomaly": false}, "geometry": {"type": "LineString", "coordinates": [[140.0088822776245, 35.40772046884068], [140.00881380927993, 35.40750222186578], [140.00874534093538, 35.407283974890866], [140.00867675251982, 35.407065753887515], [140.00860814126838, 35.4068475378236], [140.00853953001695, 35.40662932175969], [140.00847091876554, 35.406411105695774], [140.0084023075141, 35.40619288963186], [140.00833369626267, 35.40597467356795], [140.00826508501123, 35.405756457504026], [140.0081964737598, 35.40553824144011]]}}, {"type": "Feature", "properties": {"id": "館山道-上り-0-47", "route": "館山道", "direction": "上り", "from": "姉崎袖ケ浦ＩＣ", "to": "木更津北ＩＣ", "grade": -0.03, "elevation_start": 16.6, "elevation_end": 16.5, "quality": "measured", "structure": "normal", "chain_rank": 0, "cum_dist_start": 11750.0, "cum_dist_end": 12000.0, "anomaly": false}, "geometry": {"type": "LineString", "coordinates": [[140.0081964737598, 35.40553824144011], [140.0081278625084, 35.4053200253762], [140.00805925125695, 35.405101809312285], [140.00799064000552, 35.40488359324837], [140.00792202875408, 35.40466537718446], [140.00785341750267, 35.404447161120544], [140.00778480625124, 35.40422894505663], [140.0077161949998, 35.404010728992716], [140.00764758374837, 35.4037925129288], [140.00757897249693, 35.40357429686489], [140.00751036124552, 35.403356080800975]]}}, {"type": "Feature", "properties": {"id": "館山道-上り-0-48", "route": "館山道", "direction": "上り", "from": "姉崎袖ケ浦ＩＣ", "to": "木更津北ＩＣ", "grade": 0.37, "elevation_start": 16.5, "elevation_end": 17.4, "quality": "measured", "structure": "normal", "chain_rank": 0, "cum_dist_start": 12000.0, "cum_dist_end": 12250.0, "anomaly": false}, "geometry": {"type": "LineString", "coordinates": [[140.00751036124552, 35.403356080800975], [140.0074417499941, 35.40313786473706], [140.00737313874265, 35.40291964867314], [140.00730452749121, 35.40270143260923], [140.0072359162398, 35.40248321654531], [140.00716730498837, 35.4022650004814], [140.00709869373694, 35.402046784417486], [140.0070300824855, 35.40182856835357], [140.00696147123406, 35.40161035228966], [140.00689285998266, 35.401392136225745], [140.00682424873122, 35.40117392016183]]}}, {"type": "Feature", "properties": {"id": "館山道-上り-0-49", "route": "館山道", "direction": "上り", "from": "姉崎袖ケ浦ＩＣ", "to": "木更津北ＩＣ", "grade": 0.43, "elevation_start": 17.4, "elevation_end": 18.5, "quality": "measured", "structure": "normal", "chain_rank": 0, "cum_dist_start": 12250.0, "cum_dist_end": 12500.0, "anomaly": false}, "geometry": {"type": "LineString", "coordinates": [[140.00682424873122, 35.40117392016183], [140.00675563747978, 35.40095570409792], [140.00668702622835, 35.400737488034004], [140.00661841497694, 35.40051927197009], [140.0065498037255, 35.400301055906176], [140.00648119247407, 35.40008283984226], [140.00641258122263, 35.39986462377834], [140.0063439699712, 35.39964640771443], [140.0062753587198, 35.399428191650514], [140.00620674746835, 35.3992099755866], [140.00613813621692, 35.39899175952269]]}}, {"type": "Feature", "properties": {"id": "館山道-上り-0-50", "route": "館山道", "direction": "上り", "from": "姉崎袖ケ浦ＩＣ", "to": "木更津北ＩＣ", "grade": 0.3, "elevation_start": 18.5, "elevation_end": 19.2, "quality": "measured", "structure": "normal", "chain_rank": 0, "cum_dist_start": 12500.0, "cum_dist_end": 12750.0, "anomaly": false}, "geometry": {"type": "LineString", "coordinates": [[140.00613813621692, 35.39899175952269], [140.00606952496548, 35.39877354345877], [140.00600091371408, 35.39855532739486], [140.00593230246264, 35.398337111330946], [140.0058636912112, 35.39811889526703], [140.00579507995977, 35.39790067920312], [140.00572646870833, 35.397682463139205], [140.00565785745692, 35.39746424707529], [140.0055892462055, 35.39724603101138], [140.00552063495405, 35.39702781494746], [140.00545202370262, 35.39680959888354]]}}, {"type": "Feature", "properties": {"id": "館山道-上り-0-51", "route": "館山道", "direction": "上り", "from": "姉崎袖ケ浦ＩＣ", "to": "木更津北ＩＣ", "grade": 0.4, "elevation_start": 19.2, "elevation_end": 20.2, "quality": "estimated", "structure": "bridge", "chain_rank": 0, "cum_dist_start": 12750.0, "cum_dist_end": 13000.0, "anomaly": false}, "geometry": {"type": "LineString", "coordinates": [[140.00545202370262, 35.39680959888354], [140.0053834124512, 35.39659138281963], [140.00531480119977, 35.396373166755716], [140.00524201220856, 35.3961558799474], [140.00516642845426, 35.39593921477888], [140.00509084469994, 35.395722549610355], [140.0050152609456, 35.39550588444183], [140.00493778348076, 35.395289672985555], [140.00485884157717, 35.39507381239272], [140.0047798996736, 35.39485795179988], [140.00470095777, 35.39464209120703]]}}, {"type": "Feature", "properties": {"id": "館山道-上り-0-52", "route": "館山道", "direction": "上り", "from": "姉崎袖ケ浦ＩＣ", "to": "木更津北ＩＣ", "grade": 0.4, "elevation_start": 20.2, "elevation_end": 21.2, "quality": "estimated", "structure": "bridge", "chain_rank": 0, "cum_dist_start": 13000.0, "cum_dist_end": 13250.0, "anomaly": false}, "geometry": {"type": "LineString", "coordinates": [[140.00470095777, 35.39464209120703], [140.00462138783436, 35.39442639415838], [140.00453356755304, 35.39421284556063], [140.00444574727172, 35.39399929696288], [140.00435739294298, 35.39378590358013], [140.00426115706583, 35.39357480088254], [140.00416492118867, 35.39336369818494], [140.00406868531152, 35.393152595487344], [140.0039655135358, 35.392943763005455], [140.00385753666234, 35.39273650329865], [140.00374948199845, 35.39252927158772]]}}, {"type": "Feature", "properties": {"id": "館山道-上り-0-53", "route": "館山道", "direction": "上り", "from": "姉崎袖ケ浦ＩＣ", "to": "木更津北ＩＣ", "grade": 0.4, "elevation_start": 21.2, "elevation_end": 22.3, "quality": "estimated", "structure": "bridge", "chain_rank": 0, "cum_dist_start": 13250.0, "cum_dist_end": 13500.0, "anomaly": false}, "geometry": {"type": "LineString", "coordinates": [[140.00374948199845, 35.39252927158772], [140.00363605161175, 35.39232397453875], [140.0035219448222, 35.39211893827367], [140.0034009767273, 35.391916547352224], [140.00327882315176, 35.39171464986591], [140.0031504597387, 35.39151533711354], [140.00302209632565, 35.39131602436117], [140.0028916684589, 35.39111764439393], [140.00275421945148, 35.390922436798945], [140.00261677044406, 35.39072722920396], [140.00247763785202, 35.39053283201862]]}}, {"type": "Feature", "properties": {"id": "館山道-上り-0-54", "route": "館山道", "direction": "上り", "from": "姉崎袖ケ浦ＩＣ", "to": "木更津北ＩＣ", "grade": 0.4, "elevation_start": 22.3, "elevation_end": 23.3, "quality": "estimated", "structure": "bridge", "chain_rank": 0, "cum_dist_start": 13500.0, "cum_dist_end": 13750.0, "anomaly": false}, "geometry": {"type": "LineString", "coordinates": [[140.00247763785202, 35.39053283201862], [140.00233625191552, 35.390339519502305], [140.00219486597902, 35.39014620698599], [140.0020467181544, 35.38995643976755], [140.00189150067166, 35.3897703792126], [140.00173628318896, 35.38958431865764], [140.00158106570626, 35.38939825810268], [140.00142108092055, 35.38921493307348], [140.00126054572803, 35.38903192387319], [140.00109311626636, 35.388853159606846], [140.00092301431832, 35.3886760408417]]}}, {"type": "Feature", "properties": {"id": "館山道-上り-0-55", "route": "館山道", "direction": "上り", "from": "姉崎袖ケ浦ＩＣ", "to": "木更津北ＩＣ", "grade": 0.4, "elevation_start": 23.3, "elevation_end": 24.3, "quality": "estimated", "structure": "bridge", "chain_rank": 0, "cum_dist_start": 13750.0, "cum_dist_end": 14000.0, "anomaly": false}, "geometry": {"type": "LineString", "coordinates": [[140.00092301431832, 35.3886760408417], [140.00075123250383, 35.388500022356695], [140.00057765377275, 35.3883251808174], [140.0004040750417, 35.3881503392781], [140.00022147543842, 35.38798181440722], [140.00003888706158, 35.387813249149254], [139.99985825756028, 35.387643265377406], [139.99966748186978, 35.3874808963601], [139.99947810292858, 35.38731743229072], [139.99928751286808, 35.38715494371918], [139.99909283035302, 35.38699570750374]]}}, {"type": "Feature", "properties": {"id": "館山道-上り-0-56", "route": "館山道", "direction": "上り", "from": "姉崎袖ケ浦ＩＣ", "to": "木更津北ＩＣ", "grade": 0.4, "elevation_start": 24.3, "elevation_end": 25.3, "quality": "estimated", "structure": "bridge", "chain_rank": 0, "cum_dist_start": 14000.0, "cum_dist_end": 14250.0, "anomaly": false}, "geometry": {"type": "LineString", "coordinates": [[139.99909283035302, 35.38699570750374], [139.9988963368516, 35.38683796734638], [139.99869563217877, 35.3866838268924], [139.99849357368265, 35.38653087610653], [139.99828984293802, 35.386379437993206], [139.9980834918778, 35.38623037946749], [139.99787604251154, 35.38608236102966], [139.99766619176833, 35.385936616678556], [139.99745370155526, 35.38579351663923], [139.99723756790428, 35.385654066721486], [139.9970214342533, 35.38551461680373]]}}, {"type": "Feature", "properties": {"id": "館山道-上り-0-57", "route": "館山道", "direction": "上り", "from": "木更津北ＩＣ", "to": "木更津JCT", "grade": 0.13, "elevation_start": 25.3, "elevation_end": 25.6, "quality": "estimated", "structure": "normal", "chain_rank": 0, "cum_dist_start": 14250.0, "cum_dist_end": 14500.0, "anomaly": false}, "geometry": {"type": "LineString", "coordinates": [[139.9970214342533, 35.38551461680373], [139.99680082488055, 35.38537997040375], [139.99657954297422, 35.385246045792854], [139.99635689659942, 35.38511364937801], [139.9961340309023, 35.384981498602784], [139.99590588693124, 35.38485557920876], [139.99567669457423, 35.38473089750955], [139.99544532818868, 35.38460897327266], [139.99521227918095, 35.38448918321536], [139.9949792301732, 35.38436939315806], [139.9947426153001, 35.38425458387487]]}}, {"type": "Feature", "properties": {"id": "館山道-上り-0-58", "route": "館山道", "direction": "上り", "from": "木更津北ＩＣ", "to": "木更津JCT", "grade": -0.56, "elevation_start": 25.6, "elevation_end": 24.2, "quality": "estimated", "structure": "bridge", "chain_rank": 0, "cum_dist_start": 14500.0, "cum_dist_end": 14750.0, "anomaly": false}, "geometry": {"type": "LineString", "coordinates": [[139.9947426153001, 35.38425458387487], [139.99450117373374, 35.384146516480925], [139.99425973216736, 35.38403844908699], [139.994018290601, 35.38393038169304], [139.99377684903462, 35.383822314299096], [139.99352905209497, 35.383724374456705], [139.99328122476507, 35.38362648304239], [139.99303339743517, 35.383528591628085], [139.9927853487267, 35.383431092567214], [139.9925337193131, 35.38333993965702], [139.99228219566476, 35.38324859250462]]}}, {"type": "Feature", "properties": {"id": "館山道-上り-0-59", "route": "館山道", "direction": "上り", "from": "木更津北ＩＣ", "to": "木更津JCT", "grade": -0.47, "elevation_start": 24.2, "elevation_end": 23.0, "quality": "estimated", "structure": "normal", "chain_rank": 0, "cum_dist_start": 14750.0, "cum_dist_end": 15000.0, "anomaly": false}, "geometry": {"type": "LineString", "coordinates": [[139.99228219566476, 35.38324859250462], [139.99203093686262, 35.383156758951294], [139.99177967806048, 35.38306492539797], [139.99152841925834, 35.38297309184464], [139.9912771604562, 35.38288125829131], [139.99102590165407, 35.382789424737986], [139.9907746428519, 35.38269759118466], [139.99052338404977, 35.38260575763133], [139.99027073949702, 35.382516537055245], [139.99001734820325, 35.38242872453714], [139.98976395690948, 35.38234091201904]]}}, {"type": "Feature", "properties": {"id": "館山道-上り-0-60", "route": "館山道", "direction": "上り", "from": "木更津北ＩＣ", "to": "木更津JCT", "grade": -0.04, "elevation_start": 23.0, "elevation_end": 22.9, "quality": "measured", "structure": "normal", "chain_rank": 0, "cum_dist_start": 15000.0, "cum_dist_end": 15250.0, "anomaly": false}, "geometry": {"type": "LineString", "coordinates": [[139.98976395690948, 35.38234091201904], [139.98951056561575, 35.38225309950094], [139.98925717432198, 35.38216528698284], [139.98900656398166, 35.3820723274561], [139.98875677313902, 35.381977851197156], [139.98850698229637, 35.38188337493822], [139.9882575162359, 35.381788326110026], [139.98800836031913, 35.38169274617635], [139.98776156226006, 35.38159313622028], [139.98751575895426, 35.38149193325995], [139.9872726618106, 35.38138639663434]]}}, {"type": "Feature", "properties": {"id": "館山道-上り-0-61", "route": "館山道", "direction": "上り", "from": "木更津北ＩＣ", "to": "木更津JCT", "grade": 0.93, "elevation_start": 22.9, "elevation_end": 25.3, "quality": "measured", "structure": "normal", "chain_rank": 0, "cum_dist_start": 15250.0, "cum_dist_end": 15500.0, "anomaly": false}, "geometry": {"type": "LineString", "coordinates": [[139.9872726618106, 35.38138639663434], [139.98703008047343, 35.381280079591534], [139.98678922905964, 35.38117114516777], [139.98654910424528, 35.381061168414405], [139.98631209715145, 35.3809467191933], [139.9860755886672, 35.380831596661025], [139.9858420976164, 35.38071239945431], [139.98560947884937, 35.38059210060018], [139.98538132040233, 35.38046616860207], [139.98515316195528, 35.380340236603956], [139.98492500350827, 35.38021430460584]]}}, {"type": "Feature", "properties": {"id": "館山道-上り-0-62", "route": "館山道", "direction": "上り", "from": "木更津北ＩＣ", "to": "木更津JCT", "grade": 1.57, "elevation_start": 25.3, "elevation_end": 29.2, "quality": "measured", "structure": "normal", "chain_rank": 0, "cum_dist_start": 15500.0, "cum_dist_end": 15750.0, "anomaly": false}, "geometry": {"type": "LineString", "coordinates": [[139.98492500350827, 35.38021430460584], [139.984700704127, 35.38008383321836], [139.9844772856802, 35.37995232559444], [139.98425682511362, 35.37981753381869], [139.98403741342074, 35.379681577472326], [139.98382128905575, 35.3795421563572], [139.9836061964386, 35.37940164780339], [139.9833955989266, 35.37925671641759], [139.98318783680182, 35.379108995232485], [139.98298086332525, 35.378960539181946], [139.98277525358841, 35.37881081239349]]}}, {"type": "Feature", "properties": {"id": "館山道-上り-0-63", "route": "館山道", "direction": "上り", "from": "木更津北ＩＣ", "to": "木更津JCT", "grade": 1.66, "elevation_start": 29.2, "elevation_end": 33.3, "quality": "measured", "structure": "normal", "chain_rank": 0, "cum_dist_start": 15750.0, "cum_dist_end": 16000.0, "anomaly": false}, "geometry": {"type": "LineString", "coordinates": [[139.98277525358841, 35.37881081239349], [139.98257112627707, 35.37865976506984], [139.98237167959823, 35.37850454826848], [139.9821722329194, 35.37834933146712], [139.98197278624056, 35.37819411466576], [139.98177385194478, 35.378038466393456], [139.98157879869544, 35.377879549943565], [139.9813837454461, 35.377720633493674], [139.98118869219675, 35.377561717043776], [139.98099537905267, 35.37740140267231], [139.9808049969878, 35.377238733604806]]}}, {"type": "Feature", "properties": {"id": "館山道-上り-0-64", "route": "館山道", "direction": "上り", "from": "木更津北ＩＣ", "to": "木更津JCT", "grade": 0.97, "elevation_start": 33.3, "elevation_end": 35.7, "quality": "measured", "structure": "normal", "chain_rank": 0, "cum_dist_start": 16000.0, "cum_dist_end": 16250.0, "anomaly": false}, "geometry": {"type": "LineString", "coordinates": [[139.9808049969878, 35.377238733604806], [139.98061461492298, 35.377076064537306], [139.98042423285813, 35.376913395469806], [139.9802338507933, 35.37675072640231], [139.98004346872847, 35.3765880573348], [139.9798530866636, 35.3764253882673], [139.97966270459878, 35.3762627191998], [139.97947232253392, 35.3761000501323], [139.9792819404691, 35.375937381064794], [139.97909155840424, 35.375774711997295], [139.9789011763394, 35.375612042929795]]}}, {"type": "Feature", "properties": {"id": "館山道-上り-0-65", "route": "館山道", "direction": "上り", "from": "木更津JCT", "to": "木更津南ＪＣＴ", "grade": 0.1, "elevation_start": 35.7, "elevation_end": 36.0, "quality": "measured", "structure": "normal", "chain_rank": 0, "cum_dist_start": 16250.0, "cum_dist_end": 16500.0, "anomaly": false}, "geometry": {"type": "LineString", "coordinates": [[139.9789011763394, 35.375612042929795], [139.97871079427455, 35.375449373862295], [139.97852041220972, 35.37528670479479], [139.97833003014486, 35.37512403572729], [139.97813921185696, 35.37496171210891], [139.97794783222898, 35.37479983302101], [139.977756452601, 35.3746379539331], [139.977565072973, 35.3744760748452], [139.97737228275065, 35.37431534289256], [139.9771760657242, 35.37415739771399], [139.97697984869777, 35.37399945253541]]}}, {"type": "Feature", "properties": {"id": "館山道-上り-0-66", "route": "館山道", "direction": "上り", "from": "木更津JCT", "to": "木更津南ＪＣＴ", "grade": -0.54, "elevation_start": 36.0, "elevation_end": 34.6, "quality": "measured", "structure": "normal", "chain_rank": 0, "cum_dist_start": 16500.0, "cum_dist_end": 16750.0, "anomaly": false}, "geometry": {"type": "LineString", "coordinates": [[139.97697984869777, 35.37399945253541], [139.97678363167134, 35.37384150735683], [139.97658325325216, 35.37368716874864], [139.97637967907386, 35.37353559982137], [139.9761761048956, 35.373384030894115], [139.97597253071729, 35.37323246196686], [139.9757649696772, 35.37308462459629], [139.97555458335734, 35.372939431584086], [139.97534419703751, 35.372794238571885], [139.97513288065397, 35.372649960232415], [139.97492057765223, 35.3725066521843]]}}, {"type": "Feature", "properties": {"id": "館山道-上り-0-67", "route": "館山道", "direction": "上り", "from": "木更津JCT", "to": "木更津南ＪＣＴ", "grade": -0.01, "elevation_start": 34.6, "elevation_end": 34.6, "quality": "estimated", "structure": "bridge", "chain_rank": 0, "cum_dist_start": 16750.0, "cum_dist_end": 17000.0, "anomaly": false}, "geometry": {"type": "LineString", "coordinates": [[139.97492057765223, 35.3725066521843], [139.97470827465048, 35.372363344136176], [139.97449189432598, 35.37222424490989], [139.97427327878668, 35.372087452987], [139.97405466324741, 35.371950661064126], [139.97383250597744, 35.37181775861938], [139.97361013276404, 35.371685093320636], [139.97338605888731, 35.371554366974244], [139.97316164520208, 35.371424028048764], [139.97293657083284, 35.37129445976823], [139.972709794752, 35.37116690760778]]}}, {"type": "Feature", "properties": {"id": "館山道-上り-0-68", "route": "館山道", "direction": "上り", "from": "木更津JCT", "to": "木更津南ＪＣＴ", "grade": 0.21, "elevation_start": 34.6, "elevation_end": 35.1, "quality": "estimated", "structure": "bridge", "chain_rank": 0, "cum_dist_start": 17000.0, "cum_dist_end": 17250.0, "anomaly": false}, "geometry": {"type": "LineString", "coordinates": [[139.972709794752, 35.37116690760778], [139.97248127341743, 35.37104145134749], [139.9722507460606, 35.37091848058805], [139.97201949595936, 35.37079642751203], [139.97178774424356, 35.37067501134635], [139.97155498746272, 35.37055492222861], [139.97131926141518, 35.37043875361288], [139.97108353536763, 35.370322584997155], [139.970846901351, 35.370207683656844], [139.97060816884297, 35.370095711234015], [139.97036943633495, 35.36998373881118]]}}, {"type": "Feature", "properties": {"id": "館山道-上り-0-69", "route": "館山道", "direction": "上り", "from": "木更津JCT", "to": "木更津南ＪＣＴ", "grade": 1.56, "elevation_start": 35.1, "elevation_end": 39.0, "quality": "measured", "structure": "normal", "chain_rank": 0, "cum_dist_start": 17250.0, "cum_dist_end": 17500.0, "anomaly": false}, "geometry": {"type": "LineString", "coordinates": [[139.97036943633495, 35.36998373881118], [139.97013067791062, 35.36987180402003], [139.96989027149328, 35.36976226219352], [139.96964986507592, 35.369652720367014], [139.96940923811542, 35.36954350928858], [139.96916687099719, 35.36943690792128], [139.96892450387895, 35.36933030655398], [139.96868213676072, 35.36922370518668], [139.9684397696425, 35.36911710381938], [139.96819740252425, 35.36901050245207], [139.967955035406, 35.36890390108477]]}}, {"type": "Feature", "properties": {"id": "館山道-上り-0-70", "route": "館山道", "direction": "上り", "from": "木更津JCT", "to": "木更津南ＪＣＴ", "grade": 0.81, "elevation_start": 39.0, "elevation_end": 41.1, "quality": "measured", "structure": "normal", "chain_rank": 0, "cum_dist_start": 17500.0, "cum_dist_end": 17750.0, "anomaly": false}, "geometry": {"type": "LineString", "coordinates": [[139.967955035406, 35.36890390108477], [139.96771322827772, 35.368796456912364], [139.96747213398115, 35.368687939902514], [139.96723103968455, 35.36857942289267], [139.96698994538798, 35.36847090588283], [139.96674885109138, 35.36836238887298], [139.96650775679478, 35.36825387186314], [139.9662666624982, 35.3681453548533], [139.96602556820162, 35.36803683784345], [139.96578593425133, 35.36792623311545], [139.96554967450146, 35.367810804614045]]}}, {"type": "Feature", "properties": {"id": "館山道-上り-0-71", "route": "館山道", "direction": "上り", "from": "木更津JCT", "to": "木更津南ＪＣＴ", "grade": -0.59, "elevation_start": 41.1, "elevation_end": 39.6, "quality": "measured", "structure": "normal", "chain_rank": 0, "cum_dist_start": 17750.0, "cum_dist_end": 18000.0, "anomaly": false}, "geometry": {"type": "LineString", "coordinates": [[139.96554967450146, 35.367810804614045], [139.96531341475162, 35.36769537611264], [139.96507814038245, 35.367578623848864], [139.96484462452793, 35.367459509193], [139.9646111086734, 35.36734039453714], [139.96437943845876, 35.36721889239539], [139.96414807961466, 35.36709698747041], [139.96391786247534, 35.36697367666086], [139.96369115574615, 35.36684604316521], [139.96346444901693, 35.36671840966956], [139.96324139236285, 35.36658658549178]]}}, {"type": "Feature", "properties": {"id": "館山道-上り-0-72", "route": "館山道", "direction": "上り", "from": "木更津JCT", "to": "木更津南ＪＣＴ", "grade": -1.44, "elevation_start": 39.6, "elevation_end": 36.0, "quality": "measured", "structure": "normal", "chain_rank": 0, "cum_dist_start": 18000.0, "cum_dist_end": 18250.0, "anomaly": false}, "geometry": {"type": "LineString", "coordinates": [[139.96324139236285, 35.36658658549178], [139.96302026334567, 35.36645254817779], [139.96279913432846, 35.3663185108638], [139.96258050205233, 35.36618175939697], [139.96236217993297, 35.36604467076546], [139.9621438578136, 35.36590758213396], [139.96192808892613, 35.365767873883534], [139.9617165100679, 35.36562386665823], [139.9615051106001, 35.365479686741594], [139.9612976713523, 35.36533169449362], [139.96109023210448, 35.365183702245645]]}}, {"type": "Feature", "properties": {"id": "館山道-上り-0-73", "route": "館山道", "direction": "上り", "from": "木更津JCT", "to": "木更津南ＪＣＴ", "grade": -0.31, "elevation_start": 36.0, "elevation_end": 35.2, "quality": "estimated", "structure": "bridge", "chain_rank": 0, "cum_dist_start": 18250.0, "cum_dist_end": 18500.0, "anomaly": false}, "geometry": {"type": "LineString", "coordinates": [[139.96109023210448, 35.365183702245645], [139.9608886347418, 35.36503039587301], [139.96068725445886, 35.36487689203178], [139.96048587417593, 35.364723388190555], [139.96028449389297, 35.36456988434932], [139.960090656765, 35.36441001060396], [139.95989718460444, 35.364249828657655], [139.95970371244388, 35.36408964671134], [139.959512649022, 35.36392755924238], [139.95932391481608, 35.36376362916017], [139.95913578208615, 35.36359925031879]]}}, {"type": "Feature", "properties": {"id": "館山道-上り-0-74", "route": "館山道", "direction": "上り", "from": "木更津JCT", "to": "木更津南ＪＣＴ", "grade": -0.21, "elevation_start": 35.2, "elevation_end": 34.7, "quality": "estimated", "structure": "bridge", "chain_rank": 0, "cum_dist_start": 18500.0, "cum_dist_end": 18750.0, "anomaly": false}, "geometry": {"type": "LineString", "coordinates": [[139.95913578208615, 35.36359925031879], [139.95895408490395, 35.36343006981439], [139.95877225187758, 35.36326098754839], [139.95859269027065, 35.363090285972035], [139.95841521399646, 35.36291814072688], [139.95824011522677, 35.36274435551412], [139.95806810090156, 35.3625685153784], [139.9578960865763, 35.36239267524268], [139.95772685679282, 35.36221503232355], [139.95755773608994, 35.362037319482724], [139.95739107558336, 35.36185805387822]]}}, {"type": "Feature", "properties": {"id": "館山道-上り-0-75", "route": "館山道", "direction": "上り", "from": "木更津JCT", "to": "木更津南ＪＣＴ", "grade": -0.04, "elevation_start": 34.7, "elevation_end": 34.6, "quality": "estimated", "structure": "bridge", "chain_rank": 0, "cum_dist_start": 18750.0, "cum_dist_end": 19000.0, "anomaly": false}, "geometry": {"type": "LineString", "coordinates": [[139.95739107558336, 35.36185805387822], [139.95722494202465, 35.361678461683574], [139.95705957710706, 35.361498393102906], [139.95689758270123, 35.36131628270289], [139.9567357863361, 35.361134052331956], [139.95657398997102, 35.36095182196103], [139.9564121936059, 35.3607695915901], [139.95624997561896, 35.36058761362044], [139.95608752834656, 35.36040577291108], [139.95592471661928, 35.360224151475734], [139.95576182055078, 35.36004258078423]]}}, {"type": "Feature", "properties": {"id": "館山道-上り-0-76", "route": "館山道", "direction": "上り", "from": "木更津JCT", "to": "木更津南ＪＣＴ", "grade": 2.53, "elevation_start": 34.6, "elevation_end": 40.9, "quality": "measured", "structure": "normal", "chain_rank": 0, "cum_dist_start": 19000.0, "cum_dist_end": 19250.0, "anomaly": false}, "geometry": {"type": "LineString", "coordinates": [[139.95576182055078, 35.36004258078423], [139.95559473469953, 35.359863586978754], [139.95542783452683, 35.35968447474833], [139.95526164884208, 35.359504916562024], [139.95509546315736, 35.35932535837572], [139.95492437659243, 35.35914896345022], [139.95475017638427, 35.35897457821793], [139.95457374678392, 35.35880172409883], [139.95439458817916, 35.35863074421913], [139.95421542957442, 35.35845976433942], [139.95403627096965, 35.35828878445971]]}}, {"type": "Feature", "properties": {"id": "館山道-上り-0-77", "route": "館山道", "direction": "上り", "from": "木更津JCT", "to": "木更津南ＪＣＴ", "grade": 2.82, "elevation_start": 40.9, "elevation_end": 48.0, "quality": "measured", "structure": "normal", "chain_rank": 0, "cum_dist_start": 19250.0, "cum_dist_end": 19500.0, "anomaly": false}, "geometry": {"type": "LineString", "coordinates": [[139.95403627096965, 35.35828878445971], [139.9538547449005, 35.35811958039474], [139.95366261039163, 35.357958333629405], [139.95347047588274, 35.35779708686406], [139.95327730057227, 35.35763669512104], [139.95307997983335, 35.357479708862584], [139.95288265909443, 35.35732272260414], [139.9526853383555, 35.35716573634569], [139.9524878773848, 35.35700886893577], [139.9522865807758, 35.35685536913004], [139.95208182387387, 35.35670491100569]]}}, {"type": "Feature", "properties": {"id": "館山道-上り-0-78", "route": "館山道", "direction": "上り", "from": "木更津JCT", "to": "木更津南ＪＣＴ", "grade": 1.39, "elevation_start": 48.0, "elevation_end": 51.4, "quality": "measured", "structure": "normal", "chain_rank": 0, "cum_dist_start": 19500.0, "cum_dist_end": 19750.0, "anomaly": false}, "geometry": {"type": "LineString", "coordinates": [[139.95208182387387, 35.35670491100569], [139.95187706697197, 35.35655445288135], [139.95167208060454, 35.356404205537636], [139.95146666740018, 35.356254350274476], [139.95126125419586, 35.356104495011316], [139.9510558409915, 35.35595463974816], [139.95085023469787, 35.35580496388831], [139.9506431600183, 35.35565665233663], [139.9504362508964, 35.35550818847655], [139.95023246799835, 35.35535684857753], [139.95002868510034, 35.35520550867851]]}}, {"type": "Feature", "properties": {"id": "館山道-上り-0-79", "route": "館山道", "direction": "上り", "from": "木更津JCT", "to": "木更津南ＪＣＴ", "grade": -0.26, "elevation_start": 51.4, "elevation_end": 50.8, "quality": "measured", "structure": "normal", "chain_rank": 0, "cum_dist_start": 19750.0, "cum_dist_end": 20000.0, "anomaly": false}, "geometry": {"type": "LineString", "coordinates": [[139.95002868510034, 35.35520550867851], [139.94982529223842, 35.35505381830042], [139.94962238472164, 35.354901691800386], [139.94942216053306, 35.35474722036734], [139.94922373707925, 35.354591175290615], [139.94902668120505, 35.354433993809415], [139.94883337906538, 35.354273693123545], [139.9486438087858, 35.35411049252122], [139.94845860080744, 35.353943902105584], [139.94827339282907, 35.35377731168994], [139.9480936477955, 35.35360676744597]]}}, {"type": "Feature", "properties": {"id": "館山道-上り-0-80", "route": "館山道", "direction": "上り", "from": "木更津南ＪＣＴ", "to": "君津ＩＣ", "grade": -1.24, "elevation_start": 50.8, "elevation_end": 47.7, "quality": "estimated", "structure": "normal", "chain_rank": 0, "cum_dist_start": 20000.0, "cum_dist_end": 20250.0, "anomaly": false}, "geometry": {"type": "LineString", "coordinates": [[139.9480936477955, 35.35360676744597], [139.94791510554796, 35.3534353784794], [139.9477474791858, 35.35325672917862], [139.94757985282368, 35.35307807987783], [139.947423047838, 35.35289296032742], [139.94726647044263, 35.352707704697636], [139.9471105974861, 35.3525220560007], [139.9469574769926, 35.35233487146747], [139.9468064783517, 35.352146617463916], [139.94667156611902, 35.351950255481434], [139.94653665388634, 35.35175389349896]]}}, {"type": "Feature", "properties": {"id": "館山道-上り-0-81", "route": "館山道", "direction": "上り", "from": "木更津南ＪＣＴ", "to": "君津ＩＣ", "grade": -1.49, "elevation_start": 47.7, "elevation_end": 44.0, "quality": "estimated", "structure": "bridge", "chain_rank": 0, "cum_dist_start": 20250.0, "cum_dist_end": 20500.0, "anomaly": false}, "geometry": {"type": "LineString", "coordinates": [[139.94653665388634, 35.35175389349896], [139.9464017416537, 35.35155753151648], [139.94627002686246, 35.35135974695374], [139.94614242970064, 35.35116013040802], [139.94601483253885, 35.35096051386229], [139.94589821437893, 35.35075653538188], [139.94578589998858, 35.35055084702275], [139.9456880608794, 35.35034025908754], [139.94559041770827, 35.350129604831444], [139.94549277453714, 35.34991895057535], [139.9454002448595, 35.349706804682945]]}}, {"type": "Feature", "properties": {"id": "館山道-上り-0-82", "route": "館山道", "direction": "上り", "from": "木更津南ＪＣＴ", "to": "君津ＩＣ", "grade": -1.31, "elevation_start": 44.0, "elevation_end": 40.7, "quality": "estimated", "structure": "bridge", "chain_rank": 0, "cum_dist_start": 20500.0, "cum_dist_end": 20750.0, "anomaly": false}, "geometry": {"type": "LineString", "coordinates": [[139.9454002448595, 35.349706804682945], [139.9453163011987, 35.34949226100045], [139.94523987342305, 35.3492758031393], [139.94516932630242, 35.34905801271339], [139.94510172036294, 35.348839612910965], [139.94503866719086, 35.34862028170359], [139.94497561401874, 35.348400950496206], [139.9449235327377, 35.34817971818828], [139.94487278200052, 35.34795825494254], [139.9448309631915, 35.34773561855644], [139.9447946691391, 35.34751225634592]]}}, {"type": "Feature", "properties": {"id": "館山道-上り-0-83", "route": "館山道", "direction": "上り", "from": "木更津南ＪＣＴ", "to": "君津ＩＣ", "grade": 0.91, "elevation_start": 40.7, "elevation_end": 42.9, "quality": "measured", "structure": "normal", "chain_rank": 0, "cum_dist_start": 20750.0, "cum_dist_end": 21000.0, "anomaly": false}, "geometry": {"type": "LineString", "coordinates": [[139.9447946691391, 35.34751225634592], [139.94476338494624, 35.34728838626189], [139.94473393870757, 35.34706435731998], [139.9447076876381, 35.34684005320602], [139.9446815445961, 35.34661574235513], [139.9446660585218, 35.346390766901926], [139.94465057244747, 35.34616579144872], [139.94463508637315, 35.34594081599551], [139.94461977490818, 35.34571583388508], [139.94460970009484, 35.34549065211992], [139.94459962528154, 35.34526547035476]]}}, {"type": "Feature", "properties": {"id": "館山道-上り-0-84", "route": "館山道", "direction": "上り", "from": "木更津南ＪＣＴ", "to": "君津ＩＣ", "grade": 1.66, "elevation_start": 42.9, "elevation_end": 47.1, "quality": "measured", "structure": "normal", "chain_rank": 0, "cum_dist_start": 21000.0, "cum_dist_end": 21250.0, "anomaly": false}, "geometry": {"type": "LineString", "coordinates": [[139.94459962528154, 35.34526547035476], [139.9445895504682, 35.345040288589594], [139.94457947565488, 35.344815106824434], [139.94456940084154, 35.344589925059275], [139.9445593260282, 35.344364743294115], [139.94454925121488, 35.344139561528955], [139.94453917640158, 35.343914379763795], [139.94453121322977, 35.343689143125346], [139.94452386645833, 35.34346389046907], [139.9445165196869, 35.34323863781279], [139.9445091729155, 35.34301338515652]]}}, {"type": "Feature", "properties": {"id": "館山道-上り-0-85", "route": "館山道", "direction": "上り", "from": "木更津南ＪＣＴ", "to": "君津ＩＣ", "grade": 2.5, "elevation_start": 47.1, "elevation_end": 53.4, "quality": "measured", "structure": "normal", "chain_rank": 0, "cum_dist_start": 21250.0, "cum_dist_end": 21500.0, "anomaly": false}, "geometry": {"type": "LineString", "coordinates": [[139.9445091729155, 35.34301338515652], [139.94450182614406, 35.34278813250024], [139.94449447937265, 35.34256287984396], [139.94448876950875, 35.34233759836744], [139.94448430846683, 35.342112294903515], [139.94448054258095, 35.34188698645964], [139.94448020221782, 35.3416616534761], [139.94447986185472, 35.34143632049256], [139.94447952149162, 35.34121098750902], [139.94447918112851, 35.34098565452548], [139.9444788407654, 35.34076032154194]]}}, {"type": "Feature", "properties": {"id": "館山道-上り-0-86", "route": "館山道", "direction": "上り", "from": "木更津南ＪＣＴ", "to": "君津ＩＣ", "grade": 2.99, "elevation_start": 53.4, "elevation_end": 60.8, "quality": "measured", "structure": "normal", "chain_rank": 0, "cum_dist_start": 21500.0, "cum_dist_end": 21750.0, "anomaly": false}, "geometry": {"type": "LineString", "coordinates": [[139.9444788407654, 35.34076032154194], [139.9444785004023, 35.340534988558396], [139.9444781600392, 35.340309655574856], [139.9444797564502, 35.340084344301545], [139.94448762293837, 35.33985910331252], [139.94449548942657, 35.339633862323495], [139.94450733555405, 35.339408742566164], [139.94451990549575, 35.33918364485837], [139.94453247543743, 35.33895854715058], [139.94454504537913, 35.33873344944279], [139.9445576153208, 35.338508351735]]}}, {"type": "Feature", "properties": {"id": "館山道-上り-0-87", "route": "館山道", "direction": "上り", "from": "木更津南ＪＣＴ", "to": "君津ＩＣ", "grade": 3.02, "elevation_start": 60.8, "elevation_end": 68.4, "quality": "measured", "structure": "normal", "chain_rank": 0, "cum_dist_start": 21750.0, "cum_dist_end": 22000.0, "anomaly": false}, "geometry": {"type": "LineString", "coordinates": [[139.9445576153208, 35.338508351735], [139.9445775480332, 35.33828361661182], [139.94459876220216, 35.338058957940966], [139.9446225721441, 35.337834470884985], [139.94464638208606, 35.337609983829], [139.94467019202804, 35.33738549677301], [139.94469400197, 35.33716100971703], [139.94472394740635, 35.33693701893545], [139.94475416127298, 35.33671304986606], [139.94478498456127, 35.33648914105582], [139.94482065390144, 35.33626571141941]]}}, {"type": "Feature", "properties": {"id": "館山道-上り-0-88", "route": "館山道", "direction": "上り", "from": "木更津南ＪＣＴ", "to": "君津ＩＣ", "grade": 2.73, "elevation_start": 68.4, "elevation_end": 75.2, "quality": "measured", "structure": "normal", "chain_rank": 0, "cum_dist_start": 22000.0, "cum_dist_end": 22250.0, "anomaly": false}, "geometry": {"type": "LineString", "coordinates": [[139.94482065390144, 35.33626571141941], [139.94485632324165, 35.33604228178299], [139.94489199258183, 35.33581885214657], [139.94492766192204, 35.33559542251015], [139.94496432151803, 35.3353721057008], [139.94500438889307, 35.33514917716454], [139.9450444803518, 35.33492625158965], [139.94508601812018, 35.33470350385503], [139.94512755588858, 35.334480756120406], [139.94517120784124, 35.33425828909181], [139.9452187736913, 35.33403636310902]]}}, {"type": "Feature", "properties": {"id": "館山道-上り-0-89", "route": "館山道", "direction": "上り", "from": "木更津南ＪＣＴ", "to": "君津ＩＣ", "grade": 0.87, "elevation_start": 75.2, "elevation_end": 77.4, "quality": "measured", "structure": "normal", "chain_rank": 0, "cum_dist_start": 22250.0, "cum_dist_end": 22500.0, "anomaly": false}, "geometry": {"type": "LineString", "coordinates": [[139.9452187736913, 35.33403636310902], [139.94527226966954, 35.333815335005106], [139.9453259617818, 35.33359433888564], [139.9453816056046, 35.33337368259232], [139.9454424780938, 35.33315393989083], [139.945503350583, 35.332934197189346], [139.94556422307218, 35.33271445448786], [139.94562509556138, 35.332494711786374], [139.94568596805058, 35.33227496908489], [139.94574684053975, 35.3320552263834], [139.94580771302896, 35.33183548368192]]}}, {"type": "Feature", "properties": {"id": "館山道-上り-0-90", "route": "館山道", "direction": "上り", "from": "木更津南ＪＣＴ", "to": "君津ＩＣ", "grade": -1.82, "elevation_start": 77.4, "elevation_end": 72.8, "quality": "measured", "structure": "normal", "chain_rank": 0, "cum_dist_start": 22500.0, "cum_dist_end": 22750.0, "anomaly": false}, "geometry": {"type": "LineString", "coordinates": [[139.94580771302896, 35.33183548368192], [139.94586253851318, 35.33161468770068], [139.94591600248057, 35.33139365456763], [139.94596946644796, 35.331172621434575], [139.9460186272742, 35.330950925444284], [139.9460667571173, 35.330729070641006], [139.94611148455664, 35.3305067513442], [139.94615372109016, 35.330284091990876], [139.9461959576237, 35.33006143263754], [139.9462379877498, 35.32983874744804], [139.94627879374352, 35.32961590903301]]}}, {"type": "Feature", "properties": {"id": "館山道-上り-0-91", "route": "館山道", "direction": "上り", "from": "木更津南ＪＣＴ", "to": "君津ＩＣ", "grade": -2.92, "elevation_start": 72.8, "elevation_end": 65.5, "quality": "measured", "structure": "normal", "chain_rank": 0, "cum_dist_start": 22750.0, "cum_dist_end": 23000.0, "anomaly": false}, "geometry": {"type": "LineString", "coordinates": [[139.94627879374352, 35.32961590903301], [139.94631959973722, 35.329393070617975], [139.94635552864634, 35.32916972703479], [139.94638366319646, 35.32894557611235], [139.94640356630353, 35.32872086506833], [139.94642092819214, 35.32849598110306], [139.9464299754148, 35.32827089628865], [139.9464288062626, 35.32804556468741], [139.9464259416503, 35.32782025804772], [139.9464172322571, 35.327595037458366], [139.9464085228639, 35.327369816869]]}}, {"type": "Feature", "properties": {"id": "館山道-上り-0-92", "route": "館山道", "direction": "上り", "from": "木更津南ＪＣＴ", "to": "君津ＩＣ", "grade": -2.92, "elevation_start": 65.5, "elevation_end": 58.2, "quality": "measured", "structure": "normal", "chain_rank": 0, "cum_dist_start": 23000.0, "cum_dist_end": 23250.0, "anomaly": false}, "geometry": {"type": "LineString", "coordinates": [[139.9464085228639, 35.327369816869], [139.94639485352195, 35.32714480751093], [139.9463750292907, 35.32692006027355], [139.9463552050594, 35.326695313036176], [139.9463271033016, 35.32647120542351], [139.94629531802767, 35.32624738244514], [139.94626170508283, 35.326023758859215], [139.94622093715742, 35.325800915856405], [139.94617625176213, 35.32557862099264], [139.9461244928747, 35.3253573158639], [139.94607273398728, 35.32513601073516]]}}, {"type": "Feature", "properties": {"id": "館山道-上り-0-93", "route": "館山道", "direction": "上り", "from": "木更津南ＪＣＴ", "to": "君津ＩＣ", "grade": -2.77, "elevation_start": 58.2, "elevation_end": 51.3, "quality": "measured", "structure": "normal", "chain_rank": 0, "cum_dist_start": 23250.0, "cum_dist_end": 23500.0, "anomaly": false}, "geometry": {"type": "LineString", "coordinates": [[139.94607273398728, 35.32513601073516], [139.9460094533606, 35.324916728857374], [139.9459411248403, 35.3246985169364], [139.9458662515151, 35.32448169919057], [139.94579137818994, 35.32426488144474], [139.94571650486475, 35.3240480636989], [139.94564163153956, 35.32383124595307], [139.94556370020402, 35.32361517318743], [139.94548191827693, 35.32340003848743], [139.94540057109296, 35.3231847934165], [139.94531957120012, 35.32296946017664]]}}, {"type": "Feature", "properties": {"id": "館山道-上り-0-94", "route": "館山道", "direction": "上り", "from": "木更津南ＪＣＴ", "to": "君津ＩＣ", "grade": -2.09, "elevation_start": 51.3, "elevation_end": 46.0, "quality": "measured", "structure": "normal", "chain_rank": 0, "cum_dist_start": 23500.0, "cum_dist_end": 23750.0, "anomaly": false}, "geometry": {"type": "LineString", "coordinates": [[139.94531957120012, 35.32296946017664], [139.9452359268192, 35.32275482487475], [139.9451484020474, 35.32254121369252], [139.94506087727558, 35.322327602510285], [139.94497335250375, 35.32211399132805], [139.94488650274994, 35.32190020572893], [139.94480870758767, 35.32168408052755], [139.9447309124254, 35.32146795532616], [139.94465454920177, 35.32125148930244], [139.94457896507265, 35.32103483784285], [139.94450372884694, 35.320818109441326]]}}, {"type": "Feature", "properties": {"id": "館山道-上り-0-95", "route": "館山道", "direction": "上り", "from": "木更津南ＪＣＴ", "to": "君津ＩＣ", "grade": -2.52, "elevation_start": 46.0, "elevation_end": 39.7, "quality": "measured", "structure": "normal", "chain_rank": 0, "cum_dist_start": 23750.0, "cum_dist_end": 24000.0, "anomaly": false}, "geometry": {"type": "LineString", "coordinates": [[139.94450372884694, 35.320818109441326], [139.94443606744503, 35.32059970580047], [139.94436840604314, 35.32038130215961], [139.94430076534024, 35.32016289451431], [139.94424211872067, 35.31994274686938], [139.9441834721011, 35.31972259922445], [139.94413025074653, 35.319501542445195], [139.94407875818877, 35.31928019596425], [139.94403415841813, 35.31905791447347], [139.94399589245202, 35.31883477379912], [139.94395940171006, 35.31861143688527]]}}, {"type": "Feature", "properties": {"id": "館山道-上り-0-96", "route": "館山道", "direction": "上り", "from": "君津ＩＣ", "to": "君津ＰＡ、スマートIC", "grade": -0.51, "elevation_start": 39.7, "elevation_end": 38.5, "quality": "estimated", "structure": "bridge", "chain_rank": 0, "cum_dist_start": 24000.0, "cum_dist_end": 24250.0, "anomaly": false}, "geometry": {"type": "LineString", "coordinates": [[139.94395940171006, 35.31861143688527], [139.94392417195309, 35.31838796057772], [139.9438906849524, 35.31816431382437], [139.94386076735356, 35.31794031797485], [139.9438308497547, 35.31771632212534], [139.94380243342817, 35.31749220133135], [139.94377680653744, 35.31726784838454], [139.9437511917374, 35.31704349452751], [139.943726532052, 35.31681906876699], [139.94370187236663, 35.31659464300647], [139.9436774027396, 35.316370203277835]]}}, {"type": "Feature", "properties": {"id": "館山道-上り-0-97", "route": "館山道", "direction": "上り", "from": "君津ＩＣ", "to": "君津ＰＡ、スマートIC", "grade": -1.16, "elevation_start": 38.5, "elevation_end": 35.6, "quality": "estimated", "structure": "bridge", "chain_rank": 0, "cum_dist_start": 24250.0, "cum_dist_end": 24500.0, "anomaly": false}, "geometry": {"type": "LineString", "coordinates": [[139.9436774027396, 35.316370203277835], [139.94365297991195, 35.31614576010974], [139.94362777110737, 35.315921381654725], [139.94359724064572, 35.31569744135615], [139.94356671018406, 35.31547350105757], [139.94353617972237, 35.31524956075899], [139.94350564926071, 35.31502562046041], [139.94347511879906, 35.314801680161835], [139.94344458833737, 35.31457773986325], [139.9434140578757, 35.31435379956468], [139.94338352741406, 35.314129859266096]]}}, {"type": "Feature", "properties": {"id": "館山道-上り-0-98", "route": "館山道", "direction": "上り", "from": "君津ＩＣ", "to": "君津ＰＡ、スマートIC", "grade": -1.16, "elevation_start": 35.6, "elevation_end": 32.7, "quality": "estimated", "structure": "bridge", "chain_rank": 0, "cum_dist_start": 24500.0, "cum_dist_end": 24750.0, "anomaly": false}, "geometry": {"type": "LineString", "coordinates": [[139.94338352741406, 35.314129859266096], [139.94335033720571, 35.31390618393021], [139.9433145348462, 35.31368276881556], [139.94327873248665, 35.313459353700914], [139.94324293012713, 35.31323593858627], [139.94320712776758, 35.31301252347162], [139.94317132540806, 35.312789108356974], [139.9431334787938, 35.31256592151396], [139.94309506970038, 35.312342797480156], [139.9430566606069, 35.31211967344636], [139.94301825151348, 35.311896549412566]]}}, {"type": "Feature", "properties": {"id": "館山道-上り-0-99", "route": "館山道", "direction": "上り", "from": "君津ＩＣ", "to": "君津ＰＡ、スマートIC", "grade": -1.16, "elevation_start": 32.7, "elevation_end": 29.8, "quality": "estimated", "structure": "bridge", "chain_rank": 0, "cum_dist_start": 24750.0, "cum_dist_end": 25000.0, "anomaly": false}, "geometry": {"type": "LineString", "coordinates": [[139.94301825151348, 35.311896549412566], [139.94297984242002, 35.311673425378764], [139.94294133568758, 35.31145031271313], [139.942902449871, 35.311227244184465], [139.94286356405448, 35.3110041756558], [139.9428246782379, 35.310781107127134], [139.94278311373046, 35.31055836982403], [139.9427399949463, 35.310335824710386], [139.94269687616213, 35.310113279596735], [139.94265375737797, 35.30989073448309], [139.9426106385938, 35.30966818936944]]}}, {"type": "Feature", "properties": {"id": "館山道-上り-0-100", "route": "館山道", "direction": "上り", "from": "君津ＩＣ", "to": "君津ＰＡ、スマートIC", "grade": -0.72, "elevation_start": 29.8, "elevation_end": 28.0, "quality": "estimated", "structure": "bridge", "chain_rank": 0, "cum_dist_start": 25000.0, "cum_dist_end": 25250.0, "anomaly": false}, "geometry": {"type": "LineString", "coordinates": [[139.9426106385938, 35.30966818936944], [139.94256392099177, 35.309446133783155], [139.9425170431006, 35.30922410000011], [139.94247016520944, 35.309002066217055], [139.9424192923701, 35.30878062490468], [139.9423682996973, 35.3085592013642], [139.94231730702452, 35.30833777782371], [139.94226631435174, 35.30811635428323], [139.94221532167896, 35.30789493074275], [139.94216355582728, 35.30767362823376], [139.94211145787386, 35.30745237771115]]}}, {"type": "Feature", "properties": {"id": "館山道-上り-0-101", "route": "館山道", "direction": "上り", "from": "君津ＩＣ", "to": "君津ＰＡ、スマートIC", "grade": 1.56, "elevation_start": 28.0, "elevation_end": 31.9, "quality": "estimated", "structure": "normal", "chain_rank": 0, "cum_dist_start": 25250.0, "cum_dist_end": 25500.0, "anomaly": false}, "geometry": {"type": "LineString", "coordinates": [[139.94211145787386, 35.30745237771115], [139.94205935992048, 35.307231127188544], [139.942005777561, 35.30701012664533], [139.94194725542536, 35.30678995797846], [139.94188873328972, 35.30656978931159], [139.94183021115404, 35.30634962064472], [139.9417716890184, 35.306129451977846], [139.941714095656, 35.305909119217034], [139.9416567365884, 35.305688745061445], [139.94159937752082, 35.30546837090586], [139.94154201845322, 35.305247996750275]]}}, {"type": "Feature", "properties": {"id": "館山道-上り-0-102", "route": "館山道", "direction": "上り", "from": "君津ＩＣ", "to": "君津ＰＡ、スマートIC", "grade": 1.74, "elevation_start": 31.9, "elevation_end": 36.2, "quality": "estimated", "structure": "bridge", "chain_rank": 0, "cum_dist_start": 25500.0, "cum_dist_end": 25750.0, "anomaly": false}, "geometry": {"type": "LineString", "coordinates": [[139.94154201845322, 35.305247996750275], [139.94148465938562, 35.305027622594686], [139.94142693436947, 35.30480731273057], [139.9413662489144, 35.304587563785056], [139.9413001482826, 35.304368841420995], [139.94123404765082, 35.30415011905694], [139.941167947019, 35.30393139669289], [139.9411011802729, 35.30371281088693], [139.9410339522018, 35.30349431965581], [139.94096332873193, 35.3032765940839], [139.94088478684301, 35.30306065410799]]}}, {"type": "Feature", "properties": {"id": "館山道-上り-0-103", "route": "館山道", "direction": "上り", "from": "君津ＩＣ", "to": "君津ＰＡ、スマートIC", "grade": 0.87, "elevation_start": 36.2, "elevation_end": 38.4, "quality": "estimated", "structure": "normal", "chain_rank": 0, "cum_dist_start": 25750.0, "cum_dist_end": 26000.0, "anomaly": false}, "geometry": {"type": "LineString", "coordinates": [[139.94088478684301, 35.30306065410799], [139.9408062449541, 35.30284471413207], [139.94072193226566, 35.302630369037416], [139.94062496330446, 35.30241952176868], [139.9405250745375, 35.30220965797948], [139.9404132084045, 35.302003828532094], [139.94029708474233, 35.30179967236142], [139.94017139665002, 35.301599275164044], [139.9400457085577, 35.30139887796667], [139.93991247086143, 35.301201788935245], [139.93977835194687, 35.301005117419514]]}}, {"type": "Feature", "properties": {"id": "館山道-上り-0-104", "route": "館山道", "direction": "上り", "from": "君津ＩＣ", "to": "君津ＰＡ、スマートIC", "grade": 0.54, "elevation_start": 38.4, "elevation_end": 39.8, "quality": "measured", "structure": "normal", "chain_rank": 0, "cum_dist_start": 26000.0, "cum_dist_end": 26250.0, "anomaly": false}, "geometry": {"type": "LineString", "coordinates": [[139.93977835194687, 35.301005117419514], [139.93963303361113, 35.30081384920842], [139.93948730594394, 35.30062280117573], [139.93933114232888, 35.30043736661388], [139.93917365923178, 35.300252722540094], [139.93900559955526, 35.30007441478591], [139.9388375398787, 35.29989610703173], [139.93865908726903, 35.29972478995239], [139.93847861545856, 35.29955483106291], [139.93829705656148, 35.29938569215551], [139.93810547325506, 35.29922411459252]]}}, {"type": "Feature", "properties": {"id": "館山道-上り-0-105", "route": "館山道", "direction": "上り", "from": "君津ＩＣ", "to": "君津ＰＡ、スマートIC", "grade": 0.45, "elevation_start": 39.8, "elevation_end": 40.9, "quality": "measured", "structure": "normal", "chain_rank": 0, "cum_dist_start": 26250.0, "cum_dist_end": 26500.0, "anomaly": false}, "geometry": {"type": "LineString", "coordinates": [[139.93810547325506, 35.29922411459252], [139.93791388994862, 35.29906253702952], [139.93772143782675, 35.29890166331219], [139.9375266956681, 35.298742644801884], [139.9373310246186, 35.29858440941632], [139.93713171978078, 35.29842923758705], [139.93693241494296, 35.29827406575778], [139.9367353820895, 35.29811696020044], [139.93653869636063, 35.29795955919889], [139.9363420106318, 35.29780215819734], [139.93614804473302, 35.29764254562273]]}}, {"type": "Feature", "properties": {"id": "館山道-上り-0-106", "route": "館山道", "direction": "上り", "from": "君津ＩＣ", "to": "君津ＰＡ、スマートIC", "grade": 0.67, "elevation_start": 40.9, "elevation_end": 42.6, "quality": "measured", "structure": "normal", "chain_rank": 0, "cum_dist_start": 26500.0, "cum_dist_end": 26750.0, "anomaly": false}, "geometry": {"type": "LineString", "coordinates": [[139.93614804473302, 35.29764254562273], [139.9359576322514, 35.29748004366116], [139.93576721976973, 35.2973175416996], [139.93557861896633, 35.29715365424423], [139.93539406402022, 35.29698667269077], [139.93520950907407, 35.296819691137316], [139.935026107282, 35.296651865400484], [139.93484446585146, 35.29648275096514], [139.93466282442088, 35.2963136365298], [139.93448631528918, 35.29614093615027], [139.93431141372457, 35.295967112561414]]}}, {"type": "Feature", "properties": {"id": "館山道-上り-0-107", "route": "館山道", "direction": "上り", "from": "君津ＩＣ", "to": "君津ＰＡ、スマートIC", "grade": 0.98, "elevation_start": 42.6, "elevation_end": 45.0, "quality": "measured", "structure": "normal", "chain_rank": 0, "cum_dist_start": 26750.0, "cum_dist_end": 27000.0, "anomaly": false}, "geometry": {"type": "LineString", "coordinates": [[139.93431141372457, 35.295967112561414], [139.93413670037, 35.295793162480265], [139.93396294626805, 35.29561856770403], [139.93378919216613, 35.295443972927806], [139.93362114449369, 35.29526567436087], [139.93345370328694, 35.29508698216393], [139.933287074344, 35.294907784383675], [139.93312205585684, 35.29472758419568], [139.93295877036127, 35.29454635717824], [139.93280183881933, 35.29436136532631], [139.9326449072774, 35.29417637347438]]}}, {"type": "Feature", "properties": {"id": "館山道-上り-0-108", "route": "館山道", "direction": "上り", "from": "君津ＩＣ", "to": "君津ＰＡ、スマートIC", "grade": 0.92, "elevation_start": 45.0, "elevation_end": 47.3, "quality": "measured", "structure": "normal", "chain_rank": 0, "cum_dist_start": 27000.0, "cum_dist_end": 27250.0, "anomaly": false}, "geometry": {"type": "LineString", "coordinates": [[139.9326449072774, 35.29417637347438], [139.93248948364513, 35.29399052842051], [139.9323340854887, 35.293804668951964], [139.93218288747312, 35.29361650818109], [139.93203284749623, 35.293427712908354], [139.9318838121528, 35.29323839974395], [139.931741274245, 35.29304573713118], [139.93159873633726, 35.292853074518405], [139.9314565832657, 35.292660222633565], [139.9313162660164, 35.2924664678455], [139.9311759487671, 35.292272713057436]]}}, {"type": "Feature", "properties": {"id": "館山道-上り-0-109", "route": "館山道", "direction": "上り", "from": "君津ＩＣ", "to": "君津ＰＡ、スマートIC", "grade": -0.29, "elevation_start": 47.3, "elevation_end": 46.6, "quality": "measured", "structure": "normal", "chain_rank": 0, "cum_dist_start": 27250.0, "cum_dist_end": 27500.0, "anomaly": false}, "geometry": {"type": "LineString", "coordinates": [[139.9311759487671, 35.292272713057436], [139.9310358441149, 35.292078858561915], [139.9309032381685, 35.29188148719352], [139.93077063222208, 35.291684115825134], [139.9306380262757, 35.29148674445674], [139.93051157975066, 35.29128669011703], [139.9303863004845, 35.29108612733313], [139.93026152440342, 35.29088535432095], [139.93013708589055, 35.29068444027441], [139.9300151534847, 35.29048252160276], [139.92989816626678, 35.290278620549756]]}}, {"type": "Feature", "properties": {"id": "館山道-上り-0-110", "route": "館山道", "direction": "上り", "from": "君津ＩＣ", "to": "君津ＰＡ、スマートIC", "grade": -1.1, "elevation_start": 46.6, "elevation_end": 43.9, "quality": "measured", "structure": "normal", "chain_rank": 0, "cum_dist_start": 27500.0, "cum_dist_end": 27750.0, "anomaly": false}, "geometry": {"type": "LineString", "coordinates": [[139.92989816626678, 35.290278620549756], [139.92978117904886, 35.290074719496744], [139.92966787027882, 35.28986945431633], [139.92955834008808, 35.289662787875486], [139.92944880989734, 35.28945612143463], [139.92933927970662, 35.28924945499378], [139.92923327006784, 35.28904157965991], [139.92913046356452, 35.28883260442802], [139.92902765706123, 35.28862362919614], [139.9289248505579, 35.28841465396425], [139.92882563888878, 35.288204526455225]]}}, {"type": "Feature", "properties": {"id": "館山道-上り-0-111", "route": "館山道", "direction": "上り", "from": "君津ＩＣ", "to": "君津ＰＡ、スマートIC", "grade": -0.74, "elevation_start": 43.9, "elevation_end": 42.0, "quality": "estimated", "structure": "bridge", "chain_rank": 0, "cum_dist_start": 27750.0, "cum_dist_end": 28000.0, "anomaly": false}, "geometry": {"type": "LineString", "coordinates": [[139.92882563888878, 35.288204526455225], [139.928728302997, 35.28799379769027], [139.9286311217828, 35.28778302194802], [139.92853751910985, 35.28757115936313], [139.92844391643695, 35.28735929677825], [139.9283568421837, 35.287145576510376], [139.92827024035716, 35.28693172181194], [139.92818363853067, 35.28671786711351], [139.92809858604238, 35.286503598194585], [139.92801507976128, 35.28628891782333], [139.92793210674728, 35.28607409826988]]}}, {"type": "Feature", "properties": {"id": "館山道-上り-0-112", "route": "館山道", "direction": "上り", "from": "君津ＩＣ", "to": "君津ＰＡ、スマートIC", "grade": -0.72, "elevation_start": 42.0, "elevation_end": 40.2, "quality": "estimated", "structure": "bridge", "chain_rank": 0, "cum_dist_start": 28000.0, "cum_dist_end": 28250.0, "anomaly": false}, "geometry": {"type": "LineString", "coordinates": [[139.92793210674728, 35.28607409826988], [139.92784913373325, 35.28585927871643], [139.9277623189803, 35.28564549995469], [139.92767288538045, 35.28543243068263], [139.92758345178055, 35.28521936141058], [139.9274935046761, 35.285006439816016], [139.92740106589972, 35.284794234795086], [139.92730862712335, 35.28458202977416], [139.92721193969015, 35.28437113811208], [139.92711053661753, 35.28416170416406], [139.92700913354489, 35.28395227021605]]}}, {"type": "Feature", "properties": {"id": "館山道-上り-0-113", "route": "館山道", "direction": "上り", "from": "君津PA", "to": "富津中央IC", "grade": -0.53, "elevation_start": 40.2, "elevation_end": 38.9, "quality": "estimated", "structure": "bridge", "chain_rank": 0, "cum_dist_start": 28250.0, "cum_dist_end": 28500.0, "anomaly": false}, "geometry": {"type": "LineString", "coordinates": [[139.92700913354489, 35.28395227021605], [139.92690773047227, 35.28374283626803], [139.92680548552275, 35.283533685684965], [139.926698224271, 35.283326223524774], [139.92659096301927, 35.28311876136458], [139.92648370176752, 35.282911299204386], [139.92637644051578, 35.282703837044195], [139.92626694902975, 35.28249716959256], [139.9261552097843, 35.282291303094304], [139.92604347053881, 35.28208543659605], [139.92593173129333, 35.28187957009779]]}}, {"type": "Feature", "properties": {"id": "館山道-上り-0-114", "route": "館山道", "direction": "上り", "from": "君津PA", "to": "富津中央IC", "grade": 0.87, "elevation_start": 38.9, "elevation_end": 41.1, "quality": "measured", "structure": "normal", "chain_rank": 0, "cum_dist_start": 28500.0, "cum_dist_end": 28750.0, "anomaly": false}, "geometry": {"type": "LineString", "coordinates": [[139.92593173129333, 35.28187957009779], [139.92580842160922, 35.281678212373], [139.9256843467341, 35.281477152828174], [139.92556027185896, 35.281276093283346], [139.9254361969838, 35.281075033738524], [139.9253111626555, 35.28087437968576], [139.9251835105095, 35.28067483199687], [139.9250558583635, 35.28047528430797], [139.92492533846544, 35.280276989446016], [139.92479463044546, 35.28007877676837], [139.92466392242548, 35.27988056409072]]}}, {"type": "Feature", "properties": {"id": "館山道-上り-0-115", "route": "館山道", "direction": "上り", "from": "君津PA", "to": "富津中央IC", "grade": 1.67, "elevation_start": 41.1, "elevation_end": 45.2, "quality": "measured", "structure": "normal", "chain_rank": 0, "cum_dist_start": 28750.0, "cum_dist_end": 29000.0, "anomaly": false}, "geometry": {"type": "LineString", "coordinates": [[139.92466392242548, 35.27988056409072], [139.92452873548854, 35.279684391884835], [139.92439258593737, 35.2794886582196], [139.9242564363862, 35.27929292455436], [139.92411868353082, 35.27909795335393], [139.92397918152167, 35.27890381397828], [139.9238396795125, 35.27870967460264], [139.9236968681155, 35.27851716855321], [139.92355302397496, 35.27832517220746], [139.9234091798344, 35.27813317586171], [139.9232627494146, 35.27794253208306]]}}, {"type": "Feature", "properties": {"id": "館山道-上り-0-116", "route": "館山道", "direction": "上り", "from": "君津PA", "to": "富津中央IC", "grade": 2.54, "elevation_start": 45.2, "elevation_end": 51.6, "quality": "measured", "structure": "normal", "chain_rank": 0, "cum_dist_start": 29000.0, "cum_dist_end": 29250.0, "anomaly": false}, "geometry": {"type": "LineString", "coordinates": [[139.9232627494146, 35.27794253208306], [139.92311114906636, 35.277754592063076], [139.92295954871813, 35.27756665204309], [139.92280794534162, 35.277378713690176], [139.9226533172831, 35.277192440408186], [139.9224986892246, 35.27700616712619], [139.92234406116611, 35.27681989384419], [139.92218279929625, 35.27663752120623], [139.92201730118214, 35.276457639456254], [139.921851803068, 35.276277757706275], [139.92168554959636, 35.27609835613093]]}}, {"type": "Feature", "properties": {"id": "館山道-上り-0-117", "route": "館山道", "direction": "上り", "from": "君津PA", "to": "富津中央IC", "grade": 2.97, "elevation_start": 51.6, "elevation_end": 59.0, "quality": "measured", "structure": "normal", "chain_rank": 0, "cum_dist_start": 29250.0, "cum_dist_end": 29500.0, "anomaly": false}, "geometry": {"type": "LineString", "coordinates": [[139.92168554959636, 35.27609835613093], [139.92151441913333, 35.27592205481939], [139.92134328867033, 35.27574575350785], [139.92117215820733, 35.27556945219631], [139.92099249202812, 35.27539898957713], [139.9208117180759, 35.27522928470875], [139.92063094412367, 35.27505957984038], [139.92044454611545, 35.274894062514214], [139.92025599518652, 35.274730148203076], [139.9200674442576, 35.27456623389193], [139.91987444373714, 35.27440587689788]]}}, {"type": "Feature", "properties": {"id": "館山道-上り-0-118", "route": "館山道", "direction": "上り", "from": "君津PA", "to": "富津中央IC", "grade": 2.79, "elevation_start": 59.0, "elevation_end": 66.0, "quality": "measured", "structure": "normal", "chain_rank": 0, "cum_dist_start": 29500.0, "cum_dist_end": 29750.0, "anomaly": false}, "geometry": {"type": "LineString", "coordinates": [[139.91987444373714, 35.27440587689788], [139.91967945434573, 35.27424710994745], [139.91948438216096, 35.27408841431451], [139.91928145986657, 35.27393648070102], [139.91907853757218, 35.27378454708752], [139.9188755709968, 35.27363265452199], [139.9186669785599, 35.27348597706429], [139.91845838612306, 35.2733392996066], [139.9182497936862, 35.273192622148905], [139.91803611171719, 35.27305107569689], [139.91781855264927, 35.27291343793743]]}}, {"type": "Feature", "properties": {"id": "館山道-上り-0-119", "route": "館山道", "direction": "上り", "from": "君津PA", "to": "富津中央IC", "grade": 2.33, "elevation_start": 66.0, "elevation_end": 71.8, "quality": "measured", "structure": "normal", "chain_rank": 0, "cum_dist_start": 29750.0, "cum_dist_end": 30000.0, "anomaly": false}, "geometry": {"type": "LineString", "coordinates": [[139.91781855264927, 35.27291343793743], [139.91760062607023, 35.272776200542545], [139.91737920562082, 35.272642769350334], [139.91715778517144, 35.27250933815812], [139.91693506178166, 35.27237741768399], [139.91670792117654, 35.27225061883107], [139.91648078057142, 35.272123819978155], [139.9162521282638, 35.271998921744995], [139.9160191040256, 35.2718795202134], [139.9157860797874, 35.27176011868182], [139.91555305554922, 35.27164071715023]]}}, {"type": "Feature", "properties": {"id": "館山道-上り-0-120", "route": "館山道", "direction": "上り", "from": "君津PA", "to": "富津中央IC", "grade": 0.37, "elevation_start": 71.8, "elevation_end": 72.7, "quality": "measured", "structure": "normal", "chain_rank": 0, "cum_dist_start": 30000.0, "cum_dist_end": 30250.0, "anomaly": false}, "geometry": {"type": "LineString", "coordinates": [[139.91555305554922, 35.27164071715023], [139.91531682471194, 35.27152570125712], [139.91507865325283, 35.271413339536075], [139.91484048179373, 35.271300977815024], [139.91460231033463, 35.27118861609397], [139.91436036779703, 35.271081908708794], [139.91411654257413, 35.2709780242123], [139.91387271735124, 35.2708741397158], [139.91362824954498, 35.27077130501062], [139.91338102624647, 35.27067297196537], [139.91313380294795, 35.270574638920124]]}}, {"type": "Feature", "properties": {"id": "館山道-上り-0-121", "route": "館山道", "direction": "上り", "from": "君津PA", "to": "富津中央IC", "grade": -2.13, "elevation_start": 72.7, "elevation_end": 67.4, "quality": "measured", "structure": "normal", "chain_rank": 0, "cum_dist_start": 30250.0, "cum_dist_end": 30500.0, "anomaly": false}, "geometry": {"type": "LineString", "coordinates": [[139.91313380294795, 35.270574638920124], [139.91288657964944, 35.27047630587487], [139.9126386566318, 35.2703791701381], [139.91239048464726, 35.27028246041536], [139.91214231266272, 35.27018575069262], [139.91189414067819, 35.270089040969886], [139.91164596869368, 35.269992331247146], [139.91139779670914, 35.26989562152441], [139.9111496247246, 35.26979891180167], [139.91090121135616, 35.26970262261436], [139.91065254160608, 35.269606780091344]]}}, {"type": "Feature", "properties": {"id": "館山道-上り-0-122", "route": "館山道", "direction": "上り", "from": "君津PA", "to": "富津中央IC", "grade": -1.63, "elevation_start": 67.4, "elevation_end": 63.3, "quality": "measured", "structure": "normal", "chain_rank": 0, "cum_dist_start": 30500.0, "cum_dist_end": 30750.0, "anomaly": false}, "geometry": {"type": "LineString", "coordinates": [[139.91065254160608, 35.269606780091344], [139.910403871856, 35.26951093756833], [139.91015520210593, 35.26941509504531], [139.90990653235585, 35.269319252522294], [139.90965786260577, 35.26922340999928], [139.90941111731553, 35.269124329246715], [139.9091658175012, 35.26902281623624], [139.90892051768682, 35.26892130322576], [139.90867521787249, 35.26881979021528], [139.90842991805815, 35.26871827720481], [139.9081874109445, 35.26861235936556]]}}, {"type": "Feature", "properties": {"id": "館山道-上り-0-123", "route": "館山道", "direction": "上り", "from": "君津PA", "to": "富津中央IC", "grade": -3.07, "elevation_start": 63.3, "elevation_end": 55.7, "quality": "measured", "structure": "normal", "chain_rank": 0, "cum_dist_start": 30750.0, "cum_dist_end": 31000.0, "anomaly": false}, "geometry": {"type": "LineString", "coordinates": [[139.9081874109445, 35.26861235936556], [139.90794514525027, 35.26850606074399], [139.907702879556, 35.26839976212241], [139.9074606138618, 35.26829346350083], [139.90721834816753, 35.26818716487926], [139.90698167119527, 35.26807274645745], [139.90674549021546, 35.267957607412974], [139.90650930923564, 35.26784246836849], [139.90627312825583, 35.26772732932402], [139.90603877415552, 35.26760977735313], [139.90580817118467, 35.26748727092335]]}}, {"type": "Feature", "properties": {"id": "館山道-上り-0-124", "route": "館山道", "direction": "上り", "from": "君津PA", "to": "富津中央IC", "grade": -2.51, "elevation_start": 55.7, "elevation_end": 49.4, "quality": "measured", "structure": "normal", "chain_rank": 0, "cum_dist_start": 31000.0, "cum_dist_end": 31250.0, "anomaly": false}, "geometry": {"type": "LineString", "coordinates": [[139.90580817118467, 35.26748727092335], [139.9055775682138, 35.26736476449356], [139.90534696524296, 35.26724225806377], [139.9051163622721, 35.26711975163398], [139.9048909386152, 35.266990962693434], [139.90466636959894, 35.26686113707334], [139.90444180058267, 35.26673131145324], [139.90421723156638, 35.26660148583314], [139.90399392611099, 35.26647025437768], [139.90377623813674, 35.266332772923725], [139.90355855016247, 35.266195291469764]]}}, {"type": "Feature", "properties": {"id": "館山道-上り-0-125", "route": "館山道", "direction": "上り", "from": "君津PA", "to": "富津中央IC", "grade": -1.9, "elevation_start": 49.4, "elevation_end": 44.6, "quality": "measured", "structure": "normal", "chain_rank": 0, "cum_dist_start": 31250.0, "cum_dist_end": 31500.0, "anomaly": false}, "geometry": {"type": "LineString", "coordinates": [[139.90355855016247, 35.266195291469764], [139.90334086218823, 35.26605781001581], [139.90312317421396, 35.265920328561855], [139.90290861853455, 35.26577962297951], [139.90269655585334, 35.265636351308544], [139.90248449317215, 35.26549307963758], [139.90227243049094, 35.265349807966615], [139.90206095821728, 35.265205969574], [139.90185527299093, 35.26505657629814], [139.9016495877646, 35.26490718302229], [139.9014439025383, 35.26475778974643]]}}, {"type": "Feature", "properties": {"id": "館山道-上り-0-126", "route": "館山道", "direction": "上り", "from": "君津PA", "to": "富津中央IC", "grade": -0.94, "elevation_start": 44.6, "elevation_end": 42.3, "quality": "estimated", "structure": "normal", "chain_rank": 0, "cum_dist_start": 31500.0, "cum_dist_end": 31750.0, "anomaly": false}, "geometry": {"type": "LineString", "coordinates": [[139.9014439025383, 35.26475778974643], [139.90123821731194, 35.26460839647058], [139.90103337949498, 35.26445824592589], [139.90083425479807, 35.26430298997636], [139.90063513010116, 35.264147734026835], [139.900437499481, 35.26399121502192], [139.9002422138593, 35.26383271361354], [139.90004692823757, 35.26367421220517], [139.8998566312488, 35.26351169235179], [139.899666894857, 35.2633487209262], [139.89947749262996, 35.26318548973336]]}}, {"type": "Feature", "properties": {"id": "館山道-上り-0-127", "route": "館山道", "direction": "上り", "from": "君津PA", "to": "富津中央IC", "grade": -0.42, "elevation_start": 42.3, "elevation_end": 41.2, "quality": "estimated", "structure": "bridge", "chain_rank": 0, "cum_dist_start": 31750.0, "cum_dist_end": 32000.0, "anomaly": false}, "geometry": {"type": "LineString", "coordinates": [[139.89947749262996, 35.26318548973336], [139.89928907325495, 35.2630214945078], [139.89910065387997, 35.262857499282234], [139.89891299309173, 35.26269294307306], [139.8987335263009, 35.262522327308616], [139.8985540595101, 35.26235171154417], [139.89837625249456, 35.26217993309157], [139.8981987701148, 35.262007927228595], [139.89802168520285, 35.26183565399024], [139.89785072722268, 35.261659259183816], [139.8976797692425, 35.2614828643774]]}}, {"type": "Feature", "properties": {"id": "館山道-上り-0-128", "route": "館山道", "direction": "上り", "from": "君津PA", "to": "富津中央IC", "grade": -0.42, "elevation_start": 41.2, "elevation_end": 40.2, "quality": "estimated", "structure": "bridge", "chain_rank": 0, "cum_dist_start": 32000.0, "cum_dist_end": 32250.0, "anomaly": false}, "geometry": {"type": "LineString", "coordinates": [[139.8976797692425, 35.2614828643774], [139.8975156730412, 35.26130215329069], [139.89735226435886, 35.2611210097324], [139.8971888556765, 35.260939866174105], [139.89702569131651, 35.26075857913425], [139.8968692223796, 35.26057336011813], [139.8967127534427, 35.26038814110201], [139.89655628450578, 35.26020292208589], [139.89640245148377, 35.26001624411096], [139.89625154969227, 35.25982794372226], [139.8961006479008, 35.259639643333564]]}}, {"type": "Feature", "properties": {"id": "館山道-上り-0-129", "route": "館山道", "direction": "上り", "from": "君津PA", "to": "富津中央IC", "grade": 0.46, "elevation_start": 40.2, "elevation_end": 41.4, "quality": "measured", "structure": "normal", "chain_rank": 0, "cum_dist_start": 32250.0, "cum_dist_end": 32500.0, "anomaly": false}, "geometry": {"type": "LineString", "coordinates": [[139.8961006479008, 35.259639643333564], [139.89595490600414, 35.25944867849221], [139.89581310534612, 35.25925567848465], [139.89567130468808, 35.259062678477086], [139.8955333840855, 35.258867824798095], [139.89539864662237, 35.25867145039481], [139.89526407894002, 35.25847499854264], [139.8951317020392, 35.25827754732197], [139.8949993251384, 35.258080096101295], [139.8948746433591, 35.25787932189652], [139.8947510820429, 35.257678063842185]]}}, {"type": "Feature", "properties": {"id": "館山道-上り-0-130", "route": "館山道", "direction": "上り", "from": "君津PA", "to": "富津中央IC", "grade": 1.18, "elevation_start": 41.4, "elevation_end": 44.3, "quality": "measured", "structure": "normal", "chain_rank": 0, "cum_dist_start": 32500.0, "cum_dist_end": 32750.0, "anomaly": false}, "geometry": {"type": "LineString", "coordinates": [[139.8947510820429, 35.257678063842185], [139.8946275207267, 35.25747680578786], [139.8945099204828, 35.25727316087648], [139.89439244438097, 35.2570694662577], [139.89427702413798, 35.256864995991876], [139.8941648875252, 35.25665928685787], [139.8940527509124, 35.25645357772386], [139.89395122337976, 35.2562442296429], [139.8938514423536, 35.25603428250488], [139.89375165264022, 35.255824338162846], [139.89365083805453, 35.255614723677695]]}}, {"type": "Feature", "properties": {"id": "館山道-上り-0-131", "route": "館山道", "direction": "上り", "from": "富津中央IC", "to": "富津中央ＩＣ", "grade": 1.19, "elevation_start": 44.3, "elevation_end": 47.3, "quality": "measured", "structure": "normal", "chain_rank": 0, "cum_dist_start": 32750.0, "cum_dist_end": 33000.0, "anomaly": false}, "geometry": {"type": "LineString", "coordinates": [[139.89365083805453, 35.255614723677695], [139.89355109462036, 35.255404782565336], [139.89346049015938, 35.25519205469779], [139.89337020292987, 35.25497923761162], [139.89328258803477, 35.254765668954505], [139.89319497313963, 35.25455210029739], [139.89310876011243, 35.2543381509522], [139.89302367030118, 35.25412389658905], [139.89293858048993, 35.2539096422259], [139.89286004159396, 35.25369371346821], [139.89278168310395, 35.25347773859928]]}}, {"type": "Feature", "properties": {"id": "館山道-上り-0-132", "route": "館山道", "direction": "上り", "from": "富津中央IC", "to": "富津中央ＩＣ", "grade": 1.24, "elevation_start": 47.3, "elevation_end": 50.4, "quality": "estimated", "structure": "bridge", "chain_rank": 0, "cum_dist_start": 33000.0, "cum_dist_end": 33250.0, "anomaly": false}, "geometry": {"type": "LineString", "coordinates": [[139.89278168310395, 35.25347773859928], [139.89270332461396, 35.25326176373036], [139.89262496612395, 35.253045788861435], [139.89254896503186, 35.25282925355471], [139.89247436163953, 35.25261238596474], [139.89239975824722, 35.252395518374776], [139.89232515485492, 35.252178650784806], [139.89224995658, 35.25196192250314], [139.8921738315103, 35.251745411408656], [139.89210102235717, 35.251528134033066], [139.89202699509192, 35.251311134195326]]}}, {"type": "Feature", "properties": {"id": "館山道-上り-0-133", "route": "館山道", "direction": "上り", "from": "富津中央IC", "to": "富津中央ＩＣ", "grade": 1.42, "elevation_start": 50.4, "elevation_end": 53.9, "quality": "estimated", "structure": "bridge", "chain_rank": 0, "cum_dist_start": 33250.0, "cum_dist_end": 33500.0, "anomaly": false}, "geometry": {"type": "LineString", "coordinates": [[139.89202699509192, 35.251311134195326], [139.89195280848693, 35.25109417066197], [139.89187862188194, 35.25087720712862], [139.8918027170458, 35.250660651401155], [139.89172423342663, 35.25044470772343], [139.89164574980745, 35.25022876404571], [139.89156726618828, 35.250012820367985], [139.8914913166892, 35.249796273406815], [139.8914166565368, 35.24957941949829], [139.89134199638437, 35.249362565589756], [139.89126733623195, 35.24914571168122]]}}, {"type": "Feature", "properties": {"id": "館山道-上り-0-134", "route": "館山道", "direction": "上り", "from": "富津中央ＩＣ", "to": null, "grade": 1.04, "elevation_start": 53.9, "elevation_end": 56.5, "quality": "measured", "structure": "normal", "chain_rank": 0, "cum_dist_start": 33500.0, "cum_dist_end": 33750.0, "anomaly": false}, "geometry": {"type": "LineString", "coordinates": [[139.89126733623195, 35.24914571168122], [139.891192481927, 35.248928903090736], [139.89111691716099, 35.24871226033227], [139.89104135239495, 35.2484956175738], [139.89096578762891, 35.248278974815335], [139.89089022286288, 35.24806233205687], [139.89081465809684, 35.2478456892984], [139.8907421126047, 35.24762836317725], [139.89067155041235, 35.247410588169], [139.8905991501108, 35.24719322794617], [139.8905240228748, 35.24697648307996]]}}, {"type": "Feature", "properties": {"id": "館山道-上り-0-135", "route": "館山道", "direction": "上り", "from": "富津中央ＩＣ", "to": null, "grade": 1.02, "elevation_start": 56.5, "elevation_end": 59.1, "quality": "measured", "structure": "normal", "chain_rank": 0, "cum_dist_start": 33750.0, "cum_dist_end": 34000.0, "anomaly": false}, "geometry": {"type": "LineString", "coordinates": [[139.8905240228748, 35.24697648307996], [139.89044889563883, 35.24675973821375], [139.89037376840284, 35.24654299334754], [139.89029770551105, 35.2463264691078], [139.89022111562545, 35.24611006913254], [139.89014275802506, 35.24589409867394], [139.89006335189072, 35.24567838298654], [139.88998826502166, 35.24546164277737], [139.88991507737816, 35.245244452075404], [139.88984188973464, 35.24502726137344], [139.88976870209115, 35.24481007067147]]}}, {"type": "Feature", "properties": {"id": "館山道-上り-0-136", "route": "館山道", "direction": "上り", "from": "富津中央ＩＣ", "to": null, "grade": 1.53, "elevation_start": 59.1, "elevation_end": 62.9, "quality": "measured", "structure": "normal", "chain_rank": 0, "cum_dist_start": 34000.0, "cum_dist_end": 34250.0, "anomaly": false}, "geometry": {"type": "LineString", "coordinates": [[139.88976870209115, 35.24481007067147], [139.88969528488715, 35.244592932672944], [139.88962047951637, 35.244376113375445], [139.88954567414558, 35.244159294077946], [139.8894708687748, 35.24394247478045], [139.88939569975906, 35.24372574077542], [139.8893195567704, 35.24350923521452], [139.88924341378174, 35.24329272965362], [139.88916742053652, 35.24307618974105], [139.88909561418424, 35.24285868934063], [139.88902380783193, 35.242641188940205]]}}, {"type": "Feature", "properties": {"id": "館山道-上り-0-137", "route": "館山道", "direction": "上り", "from": "富津中央ＩＣ", "to": null, "grade": 0.53, "elevation_start": 62.9, "elevation_end": 64.2, "quality": "measured", "structure": "normal", "chain_rank": 0, "cum_dist_start": 34250.0, "cum_dist_end": 34500.0, "anomaly": false}, "geometry": {"type": "LineString", "coordinates": [[139.88902380783193, 35.242641188940205], [139.88895297425174, 35.24242348269136], [139.888887577138, 35.242204626031196], [139.88882218002425, 35.241985769371034], [139.8887726117144, 35.24176422862729], [139.88872688802036, 35.24154203595366], [139.88868423718105, 35.24131944603837], [139.88864445798728, 35.24109648489262], [139.8886115737883, 35.240872843356506], [139.8885857732117, 35.240648502816455], [139.8885754856822, 35.24042346031627]]}}, {"type": "Feature", "properties": {"id": "館山道-上り-0-138", "route": "館山道", "direction": "上り", "from": "富津中央ＩＣ", "to": null, "grade": 0.23, "elevation_start": 64.2, "elevation_end": 64.8, "quality": "measured", "structure": "normal", "chain_rank": 0, "cum_dist_start": 34500.0, "cum_dist_end": 34750.0, "anomaly": false}, "geometry": {"type": "LineString", "coordinates": [[139.8885754856822, 35.24042346031627], [139.88857105733612, 35.24019815269002], [139.8885652025839, 35.239972873750155], [139.8885561669627, 35.23974765878061], [139.8885471313415, 35.23952244381106], [139.88853243645568, 35.23929743259345], [139.88851738798294, 35.23907243410612], [139.88850233951018, 35.23884743561878], [139.8884850241299, 35.238622559889954], [139.88846389369536, 35.23839789075551], [139.8884427632608, 35.23817322162106]]}}, {"type": "Feature", "properties": {"id": "館山道-上り-0-139", "route": "館山道", "direction": "上り", "from": "富津中央ＩＣ", "to": null, "grade": -0.55, "elevation_start": 64.8, "elevation_end": 63.4, "quality": "measured", "structure": "normal", "chain_rank": 0, "cum_dist_start": 34750.0, "cum_dist_end": 35000.0, "anomaly": false}, "geometry": {"type": "LineString", "coordinates": [[139.8884427632608, 35.23817322162106], [139.88842163282624, 35.23794855248662], [139.88839459327806, 35.237724321854664], [139.88836354666438, 35.23750043724466], [139.88833052186422, 35.23727673511772], [139.8882955759371, 35.23705324183782], [139.88825645239385, 35.23683020270949], [139.88821732885057, 35.23660716358116], [139.88817426718202, 35.23638464253571], [139.88812643631516, 35.236162748905535], [139.8880786054483, 35.235940855275366]]}}, {"type": "Feature", "properties": {"id": "館山道-上り-0-140", "route": "館山道", "direction": "上り", "from": "富津中央ＩＣ", "to": null, "grade": -2.48, "elevation_start": 63.4, "elevation_end": 57.3, "quality": "measured", "structure": "normal", "chain_rank": 0, "cum_dist_start": 35000.0, "cum_dist_end": 35250.0, "anomaly": false}, "geometry": {"type": "LineString", "coordinates": [[139.8880786054483, 35.235940855275366], [139.88802869648578, 35.23571927514348], [139.88797720126564, 35.23549793431195], [139.88792570604548, 35.23527659348043], [139.88787353658554, 35.23505535963751], [139.88781971841462, 35.23483440279735], [139.88775878079895, 35.2346146823347], [139.88769589870148, 35.23439533708112], [139.8876310959721, 35.23417636243451], [139.8875662932427, 35.2339573877879], [139.88749775217823, 35.23373918758252]]}}, {"type": "Feature", "properties": {"id": "館山道-上り-0-141", "route": "館山道", "direction": "上り", "from": "富津中央ＩＣ", "to": null, "grade": -2.57, "elevation_start": 57.3, "elevation_end": 50.8, "quality": "measured", "structure": "normal", "chain_rank": 0, "cum_dist_start": 35250.0, "cum_dist_end": 35500.0, "anomaly": false}, "geometry": {"type": "LineString", "coordinates": [[139.88749775217823, 35.23373918758252], [139.8874281052816, 35.233521216463615], [139.88735845838497, 35.23330324534471], [139.88728881148833, 35.23308527422581], [139.88722091620022, 35.232866938386586], [139.88715544212357, 35.23264809840217], [139.88709621929493, 35.232428138490064], [139.88704455783096, 35.23220682393937], [139.88700304736713, 35.23198428835453], [139.8869751112124, 35.23176011995572], [139.886951963838, 35.23153570745405]]}}, {"type": "Feature", "properties": {"id": "館山道-上り-0-142", "route": "館山道", "direction": "上り", "from": "富津中央ＩＣ", "to": null, "grade": -3.27, "elevation_start": 50.8, "elevation_end": 42.7, "quality": "measured", "structure": "normal", "chain_rank": 0, "cum_dist_start": 35500.0, "cum_dist_end": 35750.0, "anomaly": false}, "geometry": {"type": "LineString", "coordinates": [[139.886951963838, 35.23153570745405], [139.8869458695393, 35.23131042569039], [139.88693977524056, 35.23108514392672], [139.88694601962155, 35.23085991927213], [139.8869552119077, 35.23063470826179], [139.8869656236119, 35.23040953756595], [139.88697854709542, 35.230184449910645], [139.88699067434663, 35.2299593529561], [139.88698556334947, 35.229734054675085], [139.88697368412767, 35.22950897472175], [139.88695719787196, 35.22928404416073]]}}, {"type": "Feature", "properties": {"id": "館山道-上り-0-143", "route": "館山道", "direction": "上り", "from": "富津中央ＩＣ", "to": null, "grade": -3.05, "elevation_start": 42.7, "elevation_end": 35.0, "quality": "measured", "structure": "normal", "chain_rank": 0, "cum_dist_start": 35750.0, "cum_dist_end": 36000.0, "anomaly": false}, "geometry": {"type": "LineString", "coordinates": [[139.88695719787196, 35.22928404416073], [139.88693321336947, 35.2290595678464], [139.88689584645536, 35.22883643495712], [139.88685027786738, 35.228614278811], [139.88679203992854, 35.22839406660476], [139.88672860906865, 35.22817485246148], [139.8866579832901, 35.22795717374917], [139.8865742731317, 35.2277425601894], [139.8864779997773, 35.22753153021224], [139.88637676350922, 35.227322101847804], [139.88627103666255, 35.22711413365491]]}}, {"type": "Feature", "properties": {"id": "館山道-上り-0-144", "route": "館山道", "direction": "上り", "from": "富津中央ＩＣ", "to": null, "grade": -4.16, "elevation_start": 35.0, "elevation_end": 24.6, "quality": "measured", "structure": "normal", "chain_rank": 0, "cum_dist_start": 36000.0, "cum_dist_end": 36250.0, "anomaly": false}, "geometry": {"type": "LineString", "coordinates": [[139.88627103666255, 35.22711413365491], [139.88615530222899, 35.22690979291602], [139.8860291014153, 35.226709681690615], [139.88589727593862, 35.22651202254454], [139.8857636549323, 35.22631515890302], [139.885630033926, 35.2261182952615], [139.88549641291965, 35.22592143161998], [139.88536463781608, 35.225723785659774], [139.88524632908033, 35.22552043246971], [139.88512802034458, 35.22531707927964], [139.8850196878332, 35.22511002837502]]}}, {"type": "Feature", "properties": {"id": "館山道-上り-0-145", "route": "館山道", "direction": "上り", "from": "富津中央ＩＣ", "to": null, "grade": -1.15, "elevation_start": 24.6, "elevation_end": 21.7, "quality": "measured", "structure": "normal", "chain_rank": 0, "cum_dist_start": 36250.0, "cum_dist_end": 36500.0, "anomaly": false}, "geometry": {"type": "LineString", "coordinates": [[139.8850196878332, 35.22511002837502], [139.88492752802364, 35.224897853996744], [139.88483870168045, 35.22468463039748], [139.88475758038237, 35.224469539227215], [139.8846909573959, 35.224250933914455], [139.88462551069634, 35.224032129917646], [139.88458150081007, 35.22380970507545], [139.88453749092383, 35.22358728023326], [139.88450703422865, 35.22336343329357], [139.8844870894823, 35.22313872578003], [139.88447646201712, 35.222913587699836]]}}, {"type": "Feature", "properties": {"id": "館山道-上り-0-146", "route": "館山道", "direction": "上り", "from": "富津中央ＩＣ", "to": null, "grade": -3.28, "elevation_start": 21.7, "elevation_end": 13.5, "quality": "measured", "structure": "normal", "chain_rank": 0, "cum_dist_start": 36500.0, "cum_dist_end": 36750.0, "anomaly": false}, "geometry": {"type": "LineString", "coordinates": [[139.88447646201712, 35.222913587699836], [139.88447993334427, 35.22268836382132], [139.88449372410014, 35.22246332123649], [139.88451432971752, 35.22223863127554], [139.88454697991295, 35.22201491005597], [139.88458485985007, 35.221791771632546], [139.8846298491444, 35.221569478850334], [139.88469465618093, 35.22135072267448], [139.88476622948667, 35.221133173983844], [139.88485336387487, 35.22091954319561], [139.88494278506963, 35.2207064881697]]}}, {"type": "Feature", "properties": {"id": "館山道-上り-1-0", "route": "館山道", "direction": "上り", "from": null, "to": "市原ＩＣ", "grade": 0.0, "elevation_start": 15.6, "elevation_end": 15.6, "quality": "estimated", "structure": "bridge", "chain_rank": 1, "cum_dist_start": 0.0, "cum_dist_end": 250.0, "anomaly": false}, "geometry": {"type": "LineString", "coordinates": [[140.1398942, 35.5543361], [140.13993031670663, 35.55411271616645], [140.13996643341326, 35.55388933233291], [140.1400025501199, 35.55366594849936], [140.14003866682657, 35.55344256466581], [140.1400751324299, 35.55321921923258], [140.14011260648607, 35.552995984791835], [140.14015008054224, 35.552772750351096], [140.1401875545984, 35.55254951591035], [140.14022502865458, 35.552326281469604], [140.14026250271075, 35.55210304702886]]}}, {"type": "Feature", "properties": {"id": "館山道-上り-1-1", "route": "館山道", "direction": "上り", "from": null, "to": "市原ＩＣ", "grade": -0.09, "elevation_start": 15.6, "elevation_end": 15.3, "quality": "estimated", "structure": "normal", "chain_rank": 1, "cum_dist_start": 250.0, "cum_dist_end": 500.0, "anomaly": false}, "geometry": {"type": "LineString", "coordinates": [[140.14026250271075, 35.55210304702886], [140.14029997676693, 35.55187981258811], [140.1403374508231, 35.551656578147366], [140.14037492487927, 35.55143334370662], [140.14041239893544, 35.551210109265874], [140.1404498729916, 35.550986874825135], [140.14048734704778, 35.55076364038439], [140.14052482110395, 35.55054040594364], [140.14056229516012, 35.5503171715029], [140.1405997692163, 35.55009393706215], [140.14063511915674, 35.54987047897789]]}}, {"type": "Feature", "properties": {"id": "館山道-上り-1-2", "route": "館山道", "direction": "上り", "from": null, "to": "市原ＩＣ", "grade": -0.17, "elevation_start": 15.3, "elevation_end": 14.9, "quality": "estimated", "structure": "bridge", "chain_rank": 1, "cum_dist_start": 500.0, "cum_dist_end": 750.0, "anomaly": false}, "geometry": {"type": "LineString", "coordinates": [[140.14063511915674, 35.54987047897789], [140.1406681070488, 35.54964677219869], [140.140700933044, 35.54942305166751], [140.14072494418426, 35.549198582377095], [140.1407489553245, 35.54897411308667], [140.14077296646477, 35.548749643796256], [140.140796977605, 35.54852517450584], [140.14082098874525, 35.548300705215425], [140.1408436430183, 35.54807614173175], [140.14086095358746, 35.54785129869221], [140.14087340295606, 35.54762620384831]]}}, {"type": "Feature", "properties": {"id": "館山道-上り-1-3", "route": "館山道", "direction": "上り", "from": null, "to": "市原ＩＣ", "grade": -0.17, "elevation_start": 14.9, "elevation_end": 14.5, "quality": "estimated", "structure": "normal", "chain_rank": 1, "cum_dist_start": 750.0, "cum_dist_end": 1000.0, "anomaly": false}, "geometry": {"type": "LineString", "coordinates": [[140.14087340295606, 35.54762620384831], [140.1408814279861, 35.54740097388454], [140.14089061379636, 35.547175773779195], [140.14089725171527, 35.54695056387487], [140.14089129376447, 35.54672529102882], [140.14088533581366, 35.54650001818277], [140.14087491953052, 35.54627487261359], [140.14086162819518, 35.54604980912166], [140.14084598406598, 35.5458248559222], [140.14082769974448, 35.545600026487634], [140.14080244121448, 35.5453756799744]]}}, {"type": "Feature", "properties": {"id": "館山道-上り-1-4", "route": "館山道", "direction": "上り", "from": null, "to": "市原ＩＣ", "grade": -0.17, "elevation_start": 14.5, "elevation_end": 14.1, "quality": "estimated", "structure": "bridge", "chain_rank": 1, "cum_dist_start": 1000.0, "cum_dist_end": 1250.0, "anomaly": false}, "geometry": {"type": "LineString", "coordinates": [[140.14080244121448, 35.5453756799744], [140.14077352805285, 35.54515160075288], [140.1407407779646, 35.54492787065091], [140.14070438035034, 35.544704522267956], [140.1406671006004, 35.54448126620182], [140.14062906328948, 35.544258095598195], [140.14058664456303, 35.54403546565137], [140.14053868510842, 35.54381360095139], [140.1404853939151, 35.54359253042539], [140.14042806691137, 35.54337212999166], [140.1403694613217, 35.54315196750596]]}}, {"type": "Feature", "properties": {"id": "館山道-上り-1-5", "route": "館山道", "direction": "上り", "from": null, "to": "市原ＩＣ", "grade": -0.17, "elevation_start": 14.1, "elevation_end": 13.6, "quality": "estimated", "structure": "bridge", "chain_rank": 1, "cum_dist_start": 1250.0, "cum_dist_end": 1500.0, "anomaly": false}, "geometry": {"type": "LineString", "coordinates": [[140.1403694613217, 35.54315196750596], [140.1403043862437, 35.54293300900828], [140.14023691254343, 35.54271453759911], [140.1401686321484, 35.54249623788242], [140.1400918932109, 35.54227981738553], [140.1400151201285, 35.542063405178475], [140.13993461528761, 35.54184790143803], [140.1398512151564, 35.54163314526875], [140.13976039261104, 35.54142039818653], [140.13966868119394, 35.541207907986376], [140.1395757302612, 35.54099577600364]]}}, {"type": "Feature", "properties": {"id": "館山道-上り-1-6", "route": "館山道", "direction": "上り", "from": null, "to": "市原ＩＣ", "grade": -0.13, "elevation_start": 13.6, "elevation_end": 13.3, "quality": "estimated", "structure": "bridge", "chain_rank": 1, "cum_dist_start": 1500.0, "cum_dist_end": 1750.0, "anomaly": false}, "geometry": {"type": "LineString", "coordinates": [[140.1395757302612, 35.54099577600364], [140.1394805825672, 35.54078431816894], [140.13937975409883, 35.54057460366559], [140.13927505543268, 35.54036616307662], [140.13916764290948, 35.540158655627195], [140.1390575535878, 35.539952075850984], [140.1389436452679, 35.53974688413508], [140.13882508375357, 35.539543497268845], [140.13870264304282, 35.53934161521897], [140.13858020233207, 35.5391397331691], [140.13845106928392, 35.53894068764774]]}}, {"type": "Feature", "properties": {"id": "館山道-上り-1-7", "route": "館山道", "direction": "上り", "from": null, "to": "市原ＩＣ", "grade": -0.25, "elevation_start": 13.3, "elevation_end": 12.7, "quality": "measured", "structure": "normal", "chain_rank": 1, "cum_dist_start": 1750.0, "cum_dist_end": 2000.0, "anomaly": false}, "geometry": {"type": "LineString", "coordinates": [[140.13845106928392, 35.53894068764774], [140.1383197545323, 35.5387425668353], [140.13818834305312, 35.53854449060722], [140.13804888729615, 35.53835012220475], [140.13790835944192, 35.5381562744695], [140.13776623712099, 35.53796320109173], [140.13762411480005, 35.537770127713955], [140.1374726923229, 35.537581846097765], [140.13732088731354, 35.53739376157536], [140.13716800423603, 35.537206270329584], [140.1370119503706, 35.53702052401465]]}}, {"type": "Feature", "properties": {"id": "館山道-上り-1-8", "route": "館山道", "direction": "上り", "from": null, "to": "市原ＩＣ", "grade": -0.27, "elevation_start": 12.7, "elevation_end": 12.0, "quality": "estimated", "structure": "bridge", "chain_rank": 1, "cum_dist_start": 2000.0, "cum_dist_end": 2250.0, "anomaly": false}, "geometry": {"type": "LineString", "coordinates": [[140.1370119503706, 35.53702052401465], [140.13685589650518, 35.536834777699724], [140.13669767050584, 35.53665028007615], [140.13653662131063, 35.53646740541895], [140.1363755721154, 35.536284530761755], [140.1362145229202, 35.53610165610455], [140.136053332522, 35.53591886493598], [140.1358919161058, 35.535736207404334], [140.13573049968963, 35.53555354987269], [140.13556445471664, 35.535373693371476], [140.1354008735031, 35.535192347345436]]}}, {"type": "Feature", "properties": {"id": "館山道-上り-1-9", "route": "館山道", "direction": "上り", "from": null, "to": "市原ＩＣ", "grade": -0.33, "elevation_start": 12.0, "elevation_end": 11.2, "quality": "estimated", "structure": "bridge", "chain_rank": 1, "cum_dist_start": 2250.0, "cum_dist_end": 2500.0, "anomaly": false}, "geometry": {"type": "LineString", "coordinates": [[140.1354008735031, 35.535192347345436], [140.13523954907802, 35.53500963668188], [140.13507822465291, 35.53482692601832], [140.13491690022784, 35.53464421535476], [140.13475557580276, 35.5344615046912], [140.13459425137768, 35.53427879402764], [140.13443116775898, 35.53409713515444], [140.13426931736603, 35.53391474184642], [140.13410807473628, 35.53373198596158], [140.1339468321065, 35.53354923007675], [140.13378558947673, 35.533366474191915]]}}, {"type": "Feature", "properties": {"id": "館山道-上り-1-10", "route": "館山道", "direction": "上り", "from": null, "to": "市原ＩＣ", "grade": -0.11, "elevation_start": 11.2, "elevation_end": 10.9, "quality": "estimated", "structure": "normal", "chain_rank": 1, "cum_dist_start": 2500.0, "cum_dist_end": 2750.0, "anomaly": false}, "geometry": {"type": "LineString", "coordinates": [[140.13378558947673, 35.533366474191915], [140.13362434684697, 35.53318371830708], [140.13346310421718, 35.53300096242225], [140.13330186158743, 35.532818206537414], [140.13314061895764, 35.532635450652585], [140.13297937632788, 35.53245269476775], [140.1328181336981, 35.53226993888292], [140.13265689106834, 35.53208718299808], [140.13249564843858, 35.53190442711325], [140.1323344058088, 35.53172167122842], [140.13217316317903, 35.53153891534358]]}}, {"type": "Feature", "properties": {"id": "館山道-上り-1-11", "route": "館山道", "direction": "上り", "from": null, "to": "市原ＩＣ", "grade": 0.26, "elevation_start": 10.9, "elevation_end": 11.6, "quality": "estimated", "structure": "bridge", "chain_rank": 1, "cum_dist_start": 2750.0, "cum_dist_end": 3000.0, "anomaly": false}, "geometry": {"type": "LineString", "coordinates": [[140.13217316317903, 35.53153891534358], [140.13201192054925, 35.53135615945875], [140.1318506779195, 35.531173403573916], [140.1316894352897, 35.53099064768909], [140.13152819265994, 35.53080789180425], [140.13136695003016, 35.530625135919415], [140.1312057074004, 35.530442380034586], [140.13104446477064, 35.53025962414975], [140.13087867664657, 35.53007963201213], [140.13071106504663, 35.52990074858263], [140.13054775149638, 35.52971924894042]]}}, {"type": "Feature", "properties": {"id": "館山道-上り-1-12", "route": "館山道", "direction": "上り", "from": null, "to": "市原ＩＣ", "grade": 0.16, "elevation_start": 11.6, "elevation_end": 11.9, "quality": "estimated", "structure": "normal", "chain_rank": 1, "cum_dist_start": 3000.0, "cum_dist_end": 3250.0, "anomaly": false}, "geometry": {"type": "LineString", "coordinates": [[140.13054775149638, 35.52971924894042], [140.13038598511454, 35.52953680754043], [140.13022421873274, 35.52935436614045], [140.1300624523509, 35.52917192474047], [140.12990068596906, 35.52898948334049], [140.12973891958723, 35.5288070419405], [140.12957715320542, 35.528624600540525], [140.12941538682358, 35.52844215914054], [140.12925362044174, 35.52825971774056], [140.12909185405994, 35.528077276340575], [140.1289300876781, 35.5278948349406]]}}, {"type": "Feature", "properties": {"id": "館山道-上り-1-13", "route": "館山道", "direction": "上り", "from": null, "to": "市原ＩＣ", "grade": 0.19, "elevation_start": 11.9, "elevation_end": 12.4, "quality": "estimated", "structure": "normal", "chain_rank": 1, "cum_dist_start": 3250.0, "cum_dist_end": 3500.0, "anomaly": false}, "geometry": {"type": "LineString", "coordinates": [[140.1289300876781, 35.5278948349406], [140.12876832129626, 35.52771239354061], [140.12860655491443, 35.52752995214063], [140.12844478853262, 35.52734751074065], [140.12828302215078, 35.52716506934067], [140.12812125576895, 35.52698262794068], [140.12795948938714, 35.526800186540704], [140.1277977230053, 35.52661774514072], [140.12763595662346, 35.52643530374074], [140.12747419024163, 35.526252862340755], [140.12731242385982, 35.526070420940776]]}}, {"type": "Feature", "properties": {"id": "館山道-上り-1-14", "route": "館山道", "direction": "上り", "from": null, "to": "市原ＩＣ", "grade": 0.07, "elevation_start": 12.4, "elevation_end": 12.6, "quality": "estimated", "structure": "bridge", "chain_rank": 1, "cum_dist_start": 3500.0, "cum_dist_end": 3750.0, "anomaly": false}, "geometry": {"type": "LineString", "coordinates": [[140.12731242385982, 35.526070420940776], [140.12715065747798, 35.52588797954079], [140.1269906011219, 35.52570453672313], [140.12683089588998, 35.52552088828167], [140.1266683023923, 35.5253389466279], [140.12650516532184, 35.52515732619223], [140.1263420282514, 35.52497570575655], [140.12617889118096, 35.524794085320885], [140.1260157541105, 35.524612464885216], [140.12585261704007, 35.52443084444954], [140.12568971730536, 35.52424908434835]]}}, {"type": "Feature", "properties": {"id": "館山道-上り-1-15", "route": "館山道", "direction": "上り", "from": null, "to": "市原ＩＣ", "grade": 0.07, "elevation_start": 12.6, "elevation_end": 12.8, "quality": "estimated", "structure": "bridge", "chain_rank": 1, "cum_dist_start": 3750.0, "cum_dist_end": 4000.0, "anomaly": false}, "geometry": {"type": "LineString", "coordinates": [[140.12568971730536, 35.52424908434835], [140.1255307345407, 35.52406501921849], [140.12537133020393, 35.52388119966508], [140.1252105236042, 35.523698196965405], [140.12504971700452, 35.523515194265734], [140.1248889104048, 35.52333219156606], [140.1247290491304, 35.52314863671481], [140.12456791639045, 35.52296583222683], [140.12440570301138, 35.52278366535617], [140.1242434896323, 35.522601498485514], [140.12408127625324, 35.522419331614856]]}}, {"type": "Feature", "properties": {"id": "館山道-上り-1-16", "route": "館山道", "direction": "上り", "from": null, "to": "市原ＩＣ", "grade": 0.07, "elevation_start": 12.8, "elevation_end": 13.0, "quality": "estimated", "structure": "bridge", "chain_rank": 1, "cum_dist_start": 4000.0, "cum_dist_end": 4250.0, "anomaly": false}, "geometry": {"type": "LineString", "coordinates": [[140.12408127625324, 35.522419331614856], [140.12391906287417, 35.5222371647442], [140.1237568494951, 35.52205499787354], [140.12359463611602, 35.521872831002874], [140.12343242273695, 35.521690664132215], [140.12327020935788, 35.52150849726156], [140.1231079959788, 35.5213263303909], [140.12294578259974, 35.52114416352024], [140.12278356922067, 35.52096199664958], [140.1226213558416, 35.520779829778924], [140.12245914246253, 35.520597662908266]]}}, {"type": "Feature", "properties": {"id": "館山道-上り-1-17", "route": "館山道", "direction": "上り", "from": null, "to": "市原ＩＣ", "grade": 0.07, "elevation_start": 13.0, "elevation_end": 13.1, "quality": "estimated", "structure": "bridge", "chain_rank": 1, "cum_dist_start": 4250.0, "cum_dist_end": 4500.0, "anomaly": false}, "geometry": {"type": "LineString", "coordinates": [[140.12245914246253, 35.520597662908266], [140.12229692908346, 35.5204154960376], [140.1221347157044, 35.52023332916694], [140.12197250232532, 35.520051162296284], [140.12181028894622, 35.519868995425625], [140.12164807556715, 35.51968682855497], [140.12148586218808, 35.51950466168431], [140.121323648809, 35.51932249481365], [140.12116143542994, 35.51914032794299], [140.12099922205087, 35.51895816107233], [140.1208370086718, 35.51877599420167]]}}, {"type": "Feature", "properties": {"id": "館山道-上り-1-18", "route": "館山道", "direction": "上り", "from": null, "to": "市原ＩＣ", "grade": 0.07, "elevation_start": 13.1, "elevation_end": 13.3, "quality": "estimated", "structure": "bridge", "chain_rank": 1, "cum_dist_start": 4500.0, "cum_dist_end": 4750.0, "anomaly": false}, "geometry": {"type": "LineString", "coordinates": [[140.1208370086718, 35.51877599420167], [140.12067479529273, 35.51859382733101], [140.12051258191366, 35.51841166046035], [140.1203503685346, 35.51822949358969], [140.12018815515552, 35.518047326719035], [140.12002594177645, 35.51786515984838], [140.11986372839738, 35.51768299297772], [140.1197015150183, 35.51750082610705], [140.11953930163924, 35.517318659236395], [140.11937708826017, 35.517136492365736], [140.1192101933491, 35.51695727433113]]}}, {"type": "Feature", "properties": {"id": "館山道-上り-1-19", "route": "館山道", "direction": "上り", "from": null, "to": "市原ＩＣ", "grade": 0.07, "elevation_start": 13.3, "elevation_end": 13.5, "quality": "estimated", "structure": "bridge", "chain_rank": 1, "cum_dist_start": 4750.0, "cum_dist_end": 5000.0, "anomaly": false}, "geometry": {"type": "LineString", "coordinates": [[140.1192101933491, 35.51695727433113], [140.11903622901096, 35.51678250923657], [140.1188621469399, 35.51660782301662], [140.11868805176016, 35.51643314557876], [140.11851395658044, 35.5162584681409], [140.11833151797381, 35.51608958585995], [140.1181489103566, 35.51592082096995], [140.1179663027394, 35.51575205607996], [140.1177836951222, 35.51558329118996], [140.117601087505, 35.51541452629996], [140.1174184798878, 35.515245761409965]]}}, {"type": "Feature", "properties": {"id": "館山道-上り-1-20", "route": "館山道", "direction": "上り", "from": null, "to": "市原ＩＣ", "grade": 0.14, "elevation_start": 13.5, "elevation_end": 13.9, "quality": "estimated", "structure": "normal", "chain_rank": 1, "cum_dist_start": 5000.0, "cum_dist_end": 5250.0, "anomaly": false}, "geometry": {"type": "LineString", "coordinates": [[140.1174184798878, 35.515245761409965], [140.11723587227058, 35.515076996519966], [140.1170532646534, 35.51490823162997], [140.1168706570362, 35.51473946673997], [140.116688049419, 35.514570701849976], [140.1165054418018, 35.51440193695998], [140.1163228341846, 35.51423317206998], [140.11614022656738, 35.51406440717998], [140.11595761895018, 35.51389564228998], [140.115775011333, 35.51372687739998], [140.1155924037158, 35.51355811250998]]}}, {"type": "Feature", "properties": {"id": "館山道-上り-1-21", "route": "館山道", "direction": "上り", "from": null, "to": "市原ＩＣ", "grade": 0.37, "elevation_start": 13.9, "elevation_end": 14.8, "quality": "estimated", "structure": "bridge", "chain_rank": 1, "cum_dist_start": 5250.0, "cum_dist_end": 5500.0, "anomaly": false}, "geometry": {"type": "LineString", "coordinates": [[140.1155924037158, 35.51355811250998], [140.1154097960986, 35.51338934761999], [140.115226522022, 35.513221080019136], [140.1150377403213, 35.513056922018514], [140.11484143920407, 35.512898857279545], [140.11464237415026, 35.51274303226068], [140.11444277013914, 35.51258767323695], [140.11424150615954, 35.5124337494607], [140.11404024217995, 35.51227982568445], [140.11383897820036, 35.512125901908206], [140.11363771422077, 35.51197197813196]]}}, {"type": "Feature", "properties": {"id": "館山道-上り-1-22", "route": "館山道", "direction": "上り", "from": null, "to": "市原ＩＣ", "grade": 0.07, "elevation_start": 14.8, "elevation_end": 15.0, "quality": "estimated", "structure": "normal", "chain_rank": 1, "cum_dist_start": 5500.0, "cum_dist_end": 5750.0, "anomaly": false}, "geometry": {"type": "LineString", "coordinates": [[140.11363771422077, 35.51197197813196], [140.1134364502412, 35.511818054355714], [140.1132348812857, 35.5116643987384], [140.11303077492053, 35.51151300591136], [140.11282598919578, 35.51136222107017], [140.11262012913244, 35.51121242054533], [140.11241378523053, 35.51106306331668], [140.11220569040006, 35.510915353103925], [140.1119961136982, 35.510769036817706], [140.1117852032948, 35.51062402111613], [140.11157248822175, 35.51048076527284]]}}, {"type": "Feature", "properties": {"id": "館山道-上り-1-23", "route": "館山道", "direction": "上り", "from": null, "to": "市原ＩＣ", "grade": -0.11, "elevation_start": 15.0, "elevation_end": 14.7, "quality": "estimated", "structure": "normal", "chain_rank": 1, "cum_dist_start": 5750.0, "cum_dist_end": 6000.0, "anomaly": false}, "geometry": {"type": "LineString", "coordinates": [[140.11157248822175, 35.51048076527284], [140.11135958852702, 35.51033769400556], [140.1111452649821, 35.51019605134975], [140.11093094143718, 35.51005440869394], [140.11071661789225, 35.50991276603813], [140.11050229434733, 35.50977112338232], [140.11028570308562, 35.509631809345116], [140.11006897024592, 35.509492640688116], [140.10985223740624, 35.50935347203111], [140.109635402314, 35.509214410632296], [140.10941846292792, 35.50907545863291]]}}, {"type": "Feature", "properties": {"id": "館山道-上り-1-24", "route": "館山道", "direction": "上り", "from": null, "to": "市原ＩＣ", "grade": -0.02, "elevation_start": 14.7, "elevation_end": 14.6, "quality": "estimated", "structure": "bridge", "chain_rank": 1, "cum_dist_start": 6000.0, "cum_dist_end": 6250.0, "anomaly": false}, "geometry": {"type": "LineString", "coordinates": [[140.10941846292792, 35.50907545863291], [140.10920152354183, 35.50893650663352], [140.10898465993847, 35.508797476807814], [140.10877032357055, 35.50865585159627], [140.10855598720264, 35.50851422638471], [140.10834165083475, 35.50837260117316], [140.10812731446683, 35.50823097596161], [140.1079129780989, 35.508089350750055], [140.10769868159326, 35.507947685618454], [140.10748597989254, 35.50780442365463], [140.10727334704418, 35.50766109473951]]}}, {"type": "Feature", "properties": {"id": "館山道-上り-1-25", "route": "館山道", "direction": "上り", "from": null, "to": "市原ＩＣ", "grade": -0.02, "elevation_start": 14.6, "elevation_end": 14.6, "quality": "estimated", "structure": "bridge", "chain_rank": 1, "cum_dist_start": 6250.0, "cum_dist_end": 6500.0, "anomaly": false}, "geometry": {"type": "LineString", "coordinates": [[140.10727334704418, 35.50766109473951], [140.10706071419582, 35.50751776582439], [140.10684808134744, 35.50737443690927], [140.10663544849908, 35.507231107994144], [140.10642281565072, 35.50708777907902], [140.10621018280236, 35.5069444501639], [140.105997549954, 35.50680112124878], [140.10578854339815, 35.50665432086125], [140.10558309977864, 35.50650415205317], [140.10537864639576, 35.506353078124945], [140.1051741930129, 35.50620200419673]]}}, {"type": "Feature", "properties": {"id": "館山道-上り-1-26", "route": "館山道", "direction": "上り", "from": null, "to": "市原ＩＣ", "grade": -0.02, "elevation_start": 14.6, "elevation_end": 14.5, "quality": "estimated", "structure": "bridge", "chain_rank": 1, "cum_dist_start": 6500.0, "cum_dist_end": 6750.0, "anomaly": false}, "geometry": {"type": "LineString", "coordinates": [[140.1051741930129, 35.50620200419673], [140.10496973963006, 35.50605093026851], [140.10476528624721, 35.50589985634029], [140.10456083286434, 35.50574878241207], [140.1043617824177, 35.5055930715059], [140.10416393848612, 35.505436231994004], [140.10396570141484, 35.505279719094275], [140.10376746434352, 35.505123206194554], [140.10356922727223, 35.50496669329483], [140.10337099020092, 35.504810180395104], [140.10317275312963, 35.50465366749538]]}}, {"type": "Feature", "properties": {"id": "館山道-上り-1-27", "route": "館山道", "direction": "上り", "from": null, "to": "市原ＩＣ", "grade": -0.02, "elevation_start": 14.5, "elevation_end": 14.5, "quality": "estimated", "structure": "bridge", "chain_rank": 1, "cum_dist_start": 6750.0, "cum_dist_end": 7000.0, "anomaly": false}, "geometry": {"type": "LineString", "coordinates": [[140.10317275312963, 35.50465366749538], [140.1029745160583, 35.50449715459566], [140.10277627898702, 35.50434064169593], [140.10258765612224, 35.504176392680286], [140.10239990953346, 35.50401145952903], [140.10221216294468, 35.50384652637778], [140.1020244163559, 35.503681593226524], [140.10183666976712, 35.50351666007528], [140.10164892317835, 35.50335172692402], [140.10146117658957, 35.50318679377277], [140.10127369861456, 35.50302165727494]]}}, {"type": "Feature", "properties": {"id": "館山道-上り-1-28", "route": "館山道", "direction": "上り", "from": null, "to": "市原ＩＣ", "grade": -0.02, "elevation_start": 14.5, "elevation_end": 14.4, "quality": "estimated", "structure": "bridge", "chain_rank": 1, "cum_dist_start": 7000.0, "cum_dist_end": 7250.0, "anomaly": false}, "geometry": {"type": "LineString", "coordinates": [[140.10127369861456, 35.50302165727494], [140.1010864849194, 35.50285632094585], [140.10089926074713, 35.502690993313195], [140.10071203657486, 35.50252566568054], [140.1005248124026, 35.50236033804788], [140.10033758823033, 35.50219501041522], [140.10015036405807, 35.50202968278256], [140.09996315250237, 35.50186434610002], [140.0997759414182, 35.501699009804895], [140.09958872129505, 35.501533680594996], [140.09940150117194, 35.5013683513851]]}}, {"type": "Feature", "properties": {"id": "館山道-上り-1-29", "route": "館山道", "direction": "上り", "from": null, "to": "市原ＩＣ", "grade": -0.02, "elevation_start": 14.4, "elevation_end": 14.3, "quality": "estimated", "structure": "bridge", "chain_rank": 1, "cum_dist_start": 7250.0, "cum_dist_end": 7500.0, "anomaly": false}, "geometry": {"type": "LineString", "coordinates": [[140.09940150117194, 35.5013683513851], [140.09921427072814, 35.501203030415205], [140.09902705681245, 35.501037697939076], [140.0988398468498, 35.500872362955725], [140.09865263688718, 35.500707027972375], [140.09846542692455, 35.50054169298903], [140.09827821696192, 35.50037635800568], [140.0980910069993, 35.50021102302234], [140.09790379703668, 35.50004568803899], [140.09771658707405, 35.499880353055644], [140.09752884948773, 35.49971542160727]]}}, {"type": "Feature", "properties": {"id": "館山道-上り-1-30", "route": "館山道", "direction": "上り", "from": null, "to": "市原ＩＣ", "grade": -0.02, "elevation_start": 14.3, "elevation_end": 14.3, "quality": "estimated", "structure": "bridge", "chain_rank": 1, "cum_dist_start": 7500.0, "cum_dist_end": 7750.0, "anomaly": false}, "geometry": {"type": "LineString", "coordinates": [[140.09752884948773, 35.49971542160727], [140.09733984759407, 35.499551457121186], [140.09715158859044, 35.499386926872745], [140.0969648420851, 35.49922124475179], [140.09677809557974, 35.49905556263082], [140.0965913490744, 35.49888988050986], [140.09640460256907, 35.49872419838889], [140.0962178560637, 35.498558516267934], [140.09603110955837, 35.49839283414697], [140.09584436305303, 35.498227152026004], [140.0956576165477, 35.49806146990504]]}}, {"type": "Feature", "properties": {"id": "館山道-上り-1-31", "route": "館山道", "direction": "上り", "from": null, "to": "市原ＩＣ", "grade": -0.02, "elevation_start": 14.3, "elevation_end": 14.2, "quality": "estimated", "structure": "bridge", "chain_rank": 1, "cum_dist_start": 7750.0, "cum_dist_end": 8000.0, "anomaly": false}, "geometry": {"type": "LineString", "coordinates": [[140.0956576165477, 35.49806146990504], [140.09546916038215, 35.497897096815855], [140.0952794419584, 35.497733690197144], [140.0950897235347, 35.497570283578426], [140.09490000511096, 35.497406876959715], [140.0947101889057, 35.49724354671112], [140.09451960818078, 35.49708081357393], [140.09432902745587, 35.49691808043675], [140.0941427112425, 35.49675214103935], [140.0939603771614, 35.49658320768779], [140.0937780430803, 35.49641427433623]]}}, {"type": "Feature", "properties": {"id": "館山道-上り-1-32", "route": "館山道", "direction": "上り", "from": "市原ＩＣ", "to": null, "grade": -0.02, "elevation_start": 14.2, "elevation_end": 14.2, "quality": "estimated", "structure": "bridge", "chain_rank": 1, "cum_dist_start": 8000.0, "cum_dist_end": 8250.0, "anomaly": false}, "geometry": {"type": "LineString", "coordinates": [[140.0937780430803, 35.49641427433623], [140.09359284600572, 35.49624747735295], [140.09340529062084, 35.49608245599316], [140.0932234186298, 35.49591323332844], [140.09303679877516, 35.49574746168449], [140.09285017892051, 35.49558169004054], [140.0926635590659, 35.49541591839659], [140.09247693921125, 35.49525014675264], [140.09229031935664, 35.49508437510869], [140.092103699502, 35.49491860346474], [140.09191707964737, 35.4947528318208]]}}, {"type": "Feature", "properties": {"id": "館山道-上り-1-33", "route": "館山道", "direction": "上り", "from": "市原ＩＣ", "to": null, "grade": -0.02, "elevation_start": 14.2, "elevation_end": 14.1, "quality": "estimated", "structure": "bridge", "chain_rank": 1, "cum_dist_start": 8250.0, "cum_dist_end": 8500.0, "anomaly": false}, "geometry": {"type": "LineString", "coordinates": [[140.09191707964737, 35.4947528318208], [140.09173072147806, 35.494586867255215], [140.09154829705375, 35.49441800262458], [140.09136587262944, 35.49424913799394], [140.09118127467977, 35.49408186401399], [140.09099171411938, 35.49391841780509], [140.09079811617605, 35.49375809758237], [140.09061051124743, 35.493593075148794], [140.09042290631882, 35.493428052715224], [140.0902353013902, 35.493263030281646], [140.0900476964616, 35.49309800784807]]}}, {"type": "Feature", "properties": {"id": "館山道-上り-1-34", "route": "館山道", "direction": "上り", "from": "市原ＩＣ", "to": null, "grade": -0.02, "elevation_start": 14.1, "elevation_end": 14.1, "quality": "estimated", "structure": "bridge", "chain_rank": 1, "cum_dist_start": 8500.0, "cum_dist_end": 8750.0, "anomaly": false}, "geometry": {"type": "LineString", "coordinates": [[140.0900476964616, 35.49309800784807], [140.08986009153298, 35.49293298541449], [140.08967248660437, 35.49276796298091], [140.08948488167576, 35.492602940547336], [140.08929727674715, 35.49243791811376], [140.089109843236, 35.492272766226925], [140.08892296541762, 35.4921071946849], [140.08873608759924, 35.491941623142864], [140.08854920978087, 35.49177605160083], [140.08836217571562, 35.491610598981886], [140.08817504079082, 35.49144522312949]]}}, {"type": "Feature", "properties": {"id": "館山道-上り-1-35", "route": "館山道", "direction": "上り", "from": "市原ＩＣ", "to": null, "grade": -0.02, "elevation_start": 14.1, "elevation_end": 14.0, "quality": "estimated", "structure": "bridge", "chain_rank": 1, "cum_dist_start": 8750.0, "cum_dist_end": 9000.0, "anomaly": false}, "geometry": {"type": "LineString", "coordinates": [[140.08817504079082, 35.49144522312949], [140.08798790586602, 35.491279847277085], [140.08780077094121, 35.49111447142469], [140.0876136360164, 35.49094909557228], [140.0874265010916, 35.490783719719886], [140.0872405322503, 35.49061746859687], [140.08705483263066, 35.49045101539413], [140.086869133011, 35.4902845621914], [140.0866842766254, 35.49011748923259], [140.08650159606265, 35.48994881709807], [140.0863189154999, 35.48978014496354]]}}, {"type": "Feature", "properties": {"id": "館山道-上り-1-36", "route": "館山道", "direction": "上り", "from": "市原ＩＣ", "to": null, "grade": -0.02, "elevation_start": 14.0, "elevation_end": 13.9, "quality": "estimated", "structure": "bridge", "chain_rank": 1, "cum_dist_start": 9000.0, "cum_dist_end": 9250.0, "anomaly": false}, "geometry": {"type": "LineString", "coordinates": [[140.0863189154999, 35.48978014496354], [140.08613893127685, 35.48960955874885], [140.08596038421467, 35.48943795232107], [140.0857818371525, 35.489266345893284], [140.08560618601152, 35.489092801617126], [140.08543584493194, 35.48891570403508], [140.08526550385236, 35.48873860645303], [140.0850938852477, 35.4885623377916], [140.0849219634725, 35.488386267896324], [140.08475878752077, 35.48820471427154], [140.08459561156903, 35.48802316064675]]}}, {"type": "Feature", "properties": {"id": "館山道-上り-1-37", "route": "館山道", "direction": "上り", "from": "市原ＩＣ", "to": null, "grade": -0.02, "elevation_start": 13.9, "elevation_end": 13.9, "quality": "estimated", "structure": "bridge", "chain_rank": 1, "cum_dist_start": 9250.0, "cum_dist_end": 9500.0, "anomaly": false}, "geometry": {"type": "LineString", "coordinates": [[140.08459561156903, 35.48802316064675], [140.0844382684158, 35.487838196770305], [140.0842810054023, 35.48765318603873], [140.08412639787264, 35.48746671005191], [140.0839757427641, 35.487278061093456], [140.08383162624176, 35.48708602184631], [140.083687659282, 35.48689390958938], [140.08354938362723, 35.48669901909147], [140.0834112652408, 35.48650405716626], [140.0832820807771, 35.48630503767861], [140.0831533287895, 35.48610583532079]]}}, {"type": "Feature", "properties": {"id": "館山道-上り-1-38", "route": "館山道", "direction": "上り", "from": "市原ＩＣ", "to": null, "grade": -0.02, "elevation_start": 13.9, "elevation_end": 13.8, "quality": "estimated", "structure": "bridge", "chain_rank": 1, "cum_dist_start": 9500.0, "cum_dist_end": 9750.0, "anomaly": false}, "geometry": {"type": "LineString", "coordinates": [[140.0831533287895, 35.48610583532079], [140.08302946333365, 35.4859045667194], [140.08290680749369, 35.48570282450632], [140.08279279787362, 35.48549769696159], [140.08268069189174, 35.48529188242275], [140.08257227421444, 35.4850847368308], [140.0824691461653, 35.48487584801935], [140.0823716847596, 35.48466509174139], [140.08227998731704, 35.48445264937258], [140.08219192362742, 35.48423914404803], [140.0821077230009, 35.48402464154477]]}}, {"type": "Feature", "properties": {"id": "館山道-上り-1-39", "route": "館山道", "direction": "上り", "from": "市原ＩＣ", "to": null, "grade": -0.02, "elevation_start": 13.8, "elevation_end": 13.8, "quality": "estimated", "structure": "bridge", "chain_rank": 1, "cum_dist_start": 9750.0, "cum_dist_end": 10000.0, "anomaly": false}, "geometry": {"type": "LineString", "coordinates": [[140.0821077230009, 35.48402464154477], [140.08202998702671, 35.48380847031035], [140.0819545387585, 35.48359177605855], [140.08188395950816, 35.483373968647584], [140.08181338025778, 35.48315616123662], [140.08174280841143, 35.48293835228074], [140.0816722390397, 35.482720542808515], [140.081606749489, 35.48250171302028], [140.0815459398923, 35.48228194323199], [140.0814851302956, 35.4820621734437], [140.08143252928113, 35.48184107768702]]}}, {"type": "Feature", "properties": {"id": "館山道-上り-1-40", "route": "館山道", "direction": "上り", "from": "市原ＩＣ", "to": null, "grade": -0.02, "elevation_start": 13.8, "elevation_end": 13.7, "quality": "estimated", "structure": "bridge", "chain_rank": 1, "cum_dist_start": 10000.0, "cum_dist_end": 10250.0, "anomaly": false}, "geometry": {"type": "LineString", "coordinates": [[140.08143252928113, 35.48184107768702], [140.08138662921237, 35.48161889949711], [140.0813497562873, 35.48139564751235], [140.08131748195686, 35.4811718762454], [140.08128817068643, 35.480947827435855], [140.08126676010448, 35.48072322509359], [140.08124906229617, 35.480498362629476], [140.08123136448782, 35.48027350016536], [140.08122125801862, 35.48004838361583], [140.08121643722913, 35.479823090152294], [140.08121161643965, 35.47959779668876]]}}, {"type": "Feature", "properties": {"id": "館山道-上り-1-41", "route": "館山道", "direction": "上り", "from": "市原ＩＣ", "to": null, "grade": 0.24, "elevation_start": 13.7, "elevation_end": 14.3, "quality": "estimated", "structure": "normal", "chain_rank": 1, "cum_dist_start": 10250.0, "cum_dist_end": 10500.0, "anomaly": false}, "geometry": {"type": "LineString", "coordinates": [[140.08121161643965, 35.47959779668876], [140.08120812374185, 35.47937251543854], [140.08121913689124, 35.47914736758614], [140.08123015004062, 35.47892221973373], [140.08124116319001, 35.47869707188133], [140.08126045204602, 35.478472339526874], [140.0812831855677, 35.47824778011856], [140.08130591908943, 35.47802322071024], [140.08134025113554, 35.47779968265503], [140.08137647008408, 35.477576310758344], [140.08141268903262, 35.47735293886166]]}}, {"type": "Feature", "properties": {"id": "館山道-上り-2-0", "route": "館山道", "direction": "上り", "from": "木更津南ＪＣＴ", "to": "木更津南ＩＣ", "grade": -1.25, "elevation_start": 46.4, "elevation_end": 43.3, "quality": "measured", "structure": "normal", "chain_rank": 2, "cum_dist_start": 0.0, "cum_dist_end": 250.0, "anomaly": false}, "geometry": {"type": "LineString", "coordinates": [[139.944906, 35.3537187], [139.9446504291803, 35.35363553782479], [139.94439138040477, 35.353559809762494], [139.9441253317534, 35.35350270509317], [139.9438591599042, 35.353445928195676], [139.9435932363198, 35.35338837911265], [139.9433274182012, 35.35333050199617], [139.9430607849624, 35.35327541902015], [139.94279169081304, 35.35322881013611], [139.94252156953092, 35.35318636519143], [139.94225144824878, 35.35314392024675]]}}, {"type": "Feature", "properties": {"id": "館山道-上り-2-1", "route": "館山道", "direction": "上り", "from": "木更津南ＪＣＴ", "to": "木更津南ＩＣ", "grade": -1.46, "elevation_start": 43.3, "elevation_end": 39.6, "quality": "measured", "structure": "normal", "chain_rank": 2, "cum_dist_start": 250.0, "cum_dist_end": 500.0, "anomaly": false}, "geometry": {"type": "LineString", "coordinates": [[139.94225144824878, 35.35314392024675], [139.94198132696664, 35.35310147530207], [139.9417112056845, 35.353059030357386], [139.94144108440236, 35.3530165854127], [139.94117137234394, 35.352972442028566], [139.9409018067156, 35.35292769090193], [139.94063130618855, 35.352886914883555], [139.9403602770047, 35.352848864788115], [139.94008747656315, 35.352820143182456], [139.9398142951678, 35.35279420459365], [139.9395405070762, 35.3527726981585]]}}, {"type": "Feature", "properties": {"id": "館山道-上り-2-2", "route": "館山道", "direction": "上り", "from": "木更津南ＪＣＴ", "to": "木更津南ＩＣ", "grade": -0.76, "elevation_start": 39.6, "elevation_end": 37.7, "quality": "measured", "structure": "normal", "chain_rank": 2, "cum_dist_start": 500.0, "cum_dist_end": 750.0, "anomaly": false}, "geometry": {"type": "LineString", "coordinates": [[139.9395405070762, 35.3527726981585], [139.9392667189846, 35.35275119172335], [139.9389928921336, 35.352730022409666], [139.93871902971307, 35.352709162471825], [139.93844519583854, 35.3526880581314], [139.93817146882952, 35.352666038838905], [139.9378980520818, 35.352641845517546], [139.9376255385454, 35.352611373791916], [139.93735426140668, 35.35257421328535], [139.93708367927982, 35.352534240218525], [139.93681611974174, 35.35248203539988]]}}, {"type": "Feature", "properties": {"id": "館山道-上り-2-3", "route": "館山道", "direction": "上り", "from": "木更津南ＪＣＴ", "to": "木更津南ＩＣ", "grade": 0.57, "elevation_start": 37.7, "elevation_end": 39.2, "quality": "measured", "structure": "normal", "chain_rank": 2, "cum_dist_start": 750.0, "cum_dist_end": 1000.0, "anomaly": false}, "geometry": {"type": "LineString", "coordinates": [[139.93681611974174, 35.35248203539988], [139.93655324549, 35.35241589602733], [139.93629341060884, 35.35234219300478], [139.9360387454164, 35.352257400294235], [139.93579007000199, 35.35216124816407], [139.93554610101407, 35.352057245040605], [139.9353056167815, 35.35194791761596], [139.93507357983617, 35.35182709526648], [139.93485240856882, 35.351693176559046], [139.9346374060755, 35.35155273144836], [139.93442679941165, 35.35140780670601]]}}, {"type": "Feature", "properties": {"id": "館山道-上り-2-4", "route": "館山道", "direction": "上り", "from": "木更津南ＪＣＴ", "to": "木更津南ＩＣ", "grade": -0.35, "elevation_start": 39.2, "elevation_end": 38.3, "quality": "measured", "structure": "normal", "chain_rank": 2, "cum_dist_start": 1000.0, "cum_dist_end": 1250.0, "anomaly": false}, "geometry": {"type": "LineString", "coordinates": [[139.93442679941165, 35.35140780670601], [139.93421421999113, 35.351264838009016], [139.93400083807296, 35.3511226650117], [139.93378699121118, 35.350980965582444], [139.9335718231265, 35.35084061188411], [139.9333471944702, 35.350710757823386], [139.9331175320349, 35.35058688220465], [139.932883407952, 35.35046863596787], [139.93264176182007, 35.35036145494984], [139.93239411158433, 35.35026357825961], [139.93214046689195, 35.3501766412085]]}}, {"type": "Feature", "properties": {"id": "館山道-上り-2-5", "route": "館山道", "direction": "上り", "from": "木更津南ＪＣＴ", "to": "木更津南ＩＣ", "grade": -2.6, "elevation_start": 38.3, "elevation_end": 31.8, "quality": "measured", "structure": "normal", "chain_rank": 2, "cum_dist_start": 1250.0, "cum_dist_end": 1500.0, "anomaly": false}, "geometry": {"type": "LineString", "coordinates": [[139.93214046689195, 35.3501766412085], [139.93188173757684, 35.35010033143446], [139.93161823568173, 35.3500359552497], [139.9313503157431, 35.34998519846411], [139.93107969007994, 35.34994501518295], [139.93080722028859, 35.34991434834606], [139.9305335808981, 35.34989218003381], [139.93025916139186, 35.34987789634651], [139.92998431308337, 35.3498706891665], [139.92970928368462, 35.349869406441485], [139.92943425428587, 35.34986812371647]]}}, {"type": "Feature", "properties": {"id": "館山道-上り-2-6", "route": "館山道", "direction": "上り", "from": "木更津南ＪＣＴ", "to": "木更津南ＩＣ", "grade": -0.67, "elevation_start": 31.8, "elevation_end": 30.1, "quality": "estimated", "structure": "bridge", "chain_rank": 2, "cum_dist_start": 1500.0, "cum_dist_end": 1750.0, "anomaly": false}, "geometry": {"type": "LineString", "coordinates": [[139.92943425428587, 35.34986812371647], [139.9291592511288, 35.34986888557334], [139.92888431549062, 35.34987490806824], [139.92860937985247, 35.34988093056313], [139.92833444421433, 35.349886953058025], [139.92805963192478, 35.349895232941], [139.92778513964257, 35.349909369240066], [139.92751064736035, 35.34992350553914], [139.92723615507813, 35.3499376418382], [139.92696166279592, 35.349951778137275], [139.92668747478186, 35.34996923210896]]}}, {"type": "Feature", "properties": {"id": "館山道-上り-2-7", "route": "館山道", "direction": "上り", "from": "木更津南ＪＣＴ", "to": "木更津南ＩＣ", "grade": -0.15, "elevation_start": 30.1, "elevation_end": 29.7, "quality": "estimated", "structure": "bridge", "chain_rank": 2, "cum_dist_start": 1750.0, "cum_dist_end": 2000.0, "anomaly": false}, "geometry": {"type": "LineString", "coordinates": [[139.92668747478186, 35.34996923210896], [139.92641348766816, 35.34998887665431], [139.92613950055448, 35.35000852119966], [139.9258655134408, 35.35002816574501], [139.92559121076587, 35.35004427675485], [139.9253166502118, 35.35005750013145], [139.92504208965772, 35.350070723508054], [139.92476752910363, 35.35008394688466], [139.92449296854957, 35.35009717026126], [139.924218683825, 35.350113180414105], [139.92394511075202, 35.35013638056516]]}}, {"type": "Feature", "properties": {"id": "館山道-上り-2-8", "route": "館山道", "direction": "上り", "from": "木更津南ＩＣ", "to": null, "grade": 0.48, "elevation_start": 29.7, "elevation_end": 30.9, "quality": "estimated", "structure": "normal", "chain_rank": 2, "cum_dist_start": 2000.0, "cum_dist_end": 2250.0, "anomaly": false}, "geometry": {"type": "LineString", "coordinates": [[139.92394511075202, 35.35013638056516], [139.92367106136354, 35.35015475206622], [139.92339649100916, 35.35016784227429], [139.92312204291386, 35.35018254823683], [139.9228476033912, 35.350197367493976], [139.92257316386855, 35.35021218675112], [139.9222985981395, 35.350225260669546], [139.92202394129365, 35.350237074512044], [139.92174928444783, 35.350248888354535], [139.92147454490828, 35.35025683622172], [139.92119955144491, 35.35025291301293]]}}, {"type": "Feature", "properties": {"id": "館山道-上り-2-9", "route": "館山道", "direction": "上り", "from": "木更津南ＩＣ", "to": null, "grade": 0.44, "elevation_start": 30.9, "elevation_end": 32.0, "quality": "estimated", "structure": "bridge", "chain_rank": 2, "cum_dist_start": 2250.0, "cum_dist_end": 2500.0, "anomaly": false}, "geometry": {"type": "LineString", "coordinates": [[139.92119955144491, 35.35025291301293], [139.92092455798152, 35.35024898980415], [139.9206496071335, 35.350243817622435], [139.92037477545472, 35.35023515282316], [139.92009994377594, 35.350226488023885], [139.91982530152, 35.350214613833245], [139.9195508768934, 35.35019981206843], [139.91927679311846, 35.350181109660504], [139.9190029280329, 35.35016035006945], [139.91872906294736, 35.350139590478406], [139.91845519786182, 35.350118830887354]]}}, {"type": "Feature", "properties": {"id": "館山道-上り-2-10", "route": "館山道", "direction": "上り", "from": "木更津南ＩＣ", "to": null, "grade": 0.22, "elevation_start": 32.0, "elevation_end": 32.6, "quality": "estimated", "structure": "bridge", "chain_rank": 2, "cum_dist_start": 2500.0, "cum_dist_end": 2750.0, "anomaly": false}, "geometry": {"type": "LineString", "coordinates": [[139.91845519786182, 35.350118830887354], [139.91818133277627, 35.35009807129631], [139.9179072374101, 35.35007947283476], [139.91763312951372, 35.35006099196643], [139.91735902161733, 35.3500425110981], [139.91708491372094, 35.350024030229775], [139.91681089175017, 35.35000475644858], [139.9165370921612, 35.34998343055077], [139.91626329257224, 35.34996210465297], [139.91598949298324, 35.34994077875516], [139.91571569339428, 35.34991945285736]]}}, {"type": "Feature", "properties": {"id": "館山道-上り-2-11", "route": "館山道", "direction": "上り", "from": "木更津南ＩＣ", "to": null, "grade": -0.89, "elevation_start": 32.6, "elevation_end": 30.4, "quality": "measured", "structure": "normal", "chain_rank": 2, "cum_dist_start": 2750.0, "cum_dist_end": 3000.0, "anomaly": false}, "geometry": {"type": "LineString", "coordinates": [[139.91571569339428, 35.34991945285736], [139.9154418938053, 35.34989812695956], [139.91516809445545, 35.34987679909049], [139.91489430508759, 35.34985538893566], [139.91462051571972, 35.349833978780836], [139.91434672635185, 35.34981256862601], [139.91407293698398, 35.349791158471184], [139.91379914761612, 35.349769748316355], [139.91352530701135, 35.349748789070105], [139.91325141475411, 35.349728284389734], [139.91297752249687, 35.349707779709355]]}}, {"type": "Feature", "properties": {"id": "館山道-上り-2-12", "route": "館山道", "direction": "上り", "from": "木更津南ＩＣ", "to": null, "grade": -0.72, "elevation_start": 30.4, "elevation_end": 28.6, "quality": "measured", "structure": "normal", "chain_rank": 2, "cum_dist_start": 3000.0, "cum_dist_end": 3250.0, "anomaly": false}, "geometry": {"type": "LineString", "coordinates": [[139.91297752249687, 35.349707779709355], [139.91270363023963, 35.349687275028984], [139.91242967810896, 35.349667348313744], [139.91215548856613, 35.3496497133648], [139.9118812990233, 35.349632078415844], [139.9116069944707, 35.34961569814868], [139.9113326684094, 35.349599552527636], [139.91105775647284, 35.349595675256516], [139.91078272936255, 35.349594209747934], [139.9105083134973, 35.34960728206145], [139.91023406144785, 35.349624250562634]]}}, {"type": "Feature", "properties": {"id": "館山道-上り-2-13", "route": "館山道", "direction": "上り", "from": "木更津南ＩＣ", "to": null, "grade": -0.81, "elevation_start": 28.6, "elevation_end": 26.5, "quality": "measured", "structure": "normal", "chain_rank": 2, "cum_dist_start": 3250.0, "cum_dist_end": 3500.0, "anomaly": false}, "geometry": {"type": "LineString", "coordinates": [[139.91023406144785, 35.349624250562634], [139.90996166006735, 35.349655139742744], [139.9096893806891, 35.349686946620075], [139.90941855855345, 35.34972593652287], [139.9091488052531, 35.349769769003736], [139.90888036636272, 35.34981881744231], [139.90861422130274, 35.34987552202993], [139.90834857655958, 35.349933896531866], [139.90808293181644, 35.34999227103379], [139.9078209429038, 35.35006084663242], [139.90755895580614, 35.35012942729547]]}}, {"type": "Feature", "properties": {"id": "館山道-上り-2-14", "route": "館山道", "direction": "上り", "from": "木更津南ＩＣ", "to": null, "grade": -1.33, "elevation_start": 26.5, "elevation_end": 23.2, "quality": "estimated", "structure": "normal", "chain_rank": 2, "cum_dist_start": 3500.0, "cum_dist_end": 3750.0, "anomaly": false}, "geometry": {"type": "LineString", "coordinates": [[139.90755895580614, 35.35012942729547], [139.9072969687085, 35.350198007958525], [139.90703498161082, 35.35026658862158], [139.90677299451318, 35.350335169284634], [139.90651278587288, 35.350407967497326], [139.90625501183243, 35.35048653927862], [139.90599723779195, 35.350565111059915], [139.9057394637515, 35.350643682841216], [139.90548492627497, 35.35072900018485], [139.90523086172314, 35.350815303185854], [139.90498210648346, 35.35091111333717]]}}, {"type": "Feature", "properties": {"id": "館山道-上り-3-0", "route": "館山道", "direction": "上り", "from": null, "to": "富津竹岡IC", "grade": -0.3, "elevation_start": 15.8, "elevation_end": 15.0, "quality": "measured", "structure": "normal", "chain_rank": 3, "cum_dist_start": 0.0, "cum_dist_end": 250.0, "anomaly": false}, "geometry": {"type": "LineString", "coordinates": [[139.8859716, 35.2175117], [139.8859692706705, 35.217286370332204], [139.885966941341, 35.217061040664404], [139.88595408074065, 35.21683601329512], [139.88593721884794, 35.21661110078232], [139.88590051689897, 35.21638792127962], [139.8858593124457, 35.21616513506639], [139.8858153238823, 35.215942725359014], [139.88576724681448, 35.215720868555714], [139.88571916974664, 35.215499011752414], [139.88566510350608, 35.21527810665902]]}}, {"type": "Feature", "properties": {"id": "館山道-上り-3-1", "route": "館山道", "direction": "上り", "from": null, "to": "富津竹岡IC", "grade": 0.9, "elevation_start": 15.0, "elevation_end": 17.3, "quality": "measured", "structure": "normal", "chain_rank": 3, "cum_dist_start": 250.0, "cum_dist_end": 500.0, "anomaly": false}, "geometry": {"type": "LineString", "coordinates": [[139.88566510350608, 35.21527810665902], [139.88560880124837, 35.21505755688009], [139.88555249899068, 35.21483700710116], [139.88548832164554, 35.214617919968646], [139.88542342719538, 35.21439896602463], [139.8853582726482, 35.21418006861378], [139.8852826085057, 35.2139634555068], [139.8852069443632, 35.21374684239983], [139.8851312802207, 35.21353022929285], [139.8850498361367, 35.21331511839962], [139.8849597783843, 35.213102246209175]]}}, {"type": "Feature", "properties": {"id": "館山道-上り-3-2", "route": "館山道", "direction": "上り", "from": null, "to": "富津竹岡IC", "grade": 0.94, "elevation_start": 17.3, "elevation_end": 19.6, "quality": "estimated", "structure": "normal", "chain_rank": 3, "cum_dist_start": 500.0, "cum_dist_end": 750.0, "anomaly": false}, "geometry": {"type": "LineString", "coordinates": [[139.8849597783843, 35.213102246209175], [139.8848697206319, 35.21288937401872], [139.88477966287954, 35.21267650182827], [139.88468880881513, 35.21246387103621], [139.88458864319014, 35.21225406300173], [139.88448847756513, 35.212044254967246], [139.88438831194014, 35.21183444693277], [139.88427658103814, 35.21162866777697], [139.88416228007316, 35.211423783928055], [139.88404758451148, 35.211219055538315], [139.88392430052428, 35.211017710728854]]}}, {"type": "Feature", "properties": {"id": "館山道-上り-3-3", "route": "館山道", "direction": "上り", "from": null, "to": "富津竹岡IC", "grade": -0.45, "elevation_start": 19.6, "elevation_end": 18.5, "quality": "estimated", "structure": "bridge", "chain_rank": 3, "cum_dist_start": 750.0, "cum_dist_end": 1000.0, "anomaly": false}, "geometry": {"type": "LineString", "coordinates": [[139.88392430052428, 35.211017710728854], [139.88380101653706, 35.21081636591939], [139.88367792098646, 35.2106149437777], [139.88355541480976, 35.21041327976373], [139.88343290863304, 35.210211615749756], [139.88330169699165, 35.21001379082148], [139.88316441921557, 35.20981864104173], [139.8830256335902, 35.209624220534415], [139.8828841706095, 35.20943109493199], [139.88274270762878, 35.20923796932958], [139.88259290395516, 35.20904914793572]]}}, {"type": "Feature", "properties": {"id": "館山道-上り-3-4", "route": "館山道", "direction": "上り", "from": null, "to": "富津竹岡IC", "grade": -0.27, "elevation_start": 18.5, "elevation_end": 17.8, "quality": "estimated", "structure": "normal", "chain_rank": 3, "cum_dist_start": 1000.0, "cum_dist_end": 1250.0, "anomaly": false}, "geometry": {"type": "LineString", "coordinates": [[139.88259290395516, 35.20904914793572], [139.88244215447634, 35.20886081462394], [139.88229139756388, 35.20867248555315], [139.8821288523842, 35.20849088184165], [139.88196630720455, 35.20830927813014], [139.88180233725936, 35.20812855616408], [139.88163434779682, 35.20795032175894], [139.88146635833425, 35.20777208735382], [139.88129345229362, 35.20759718664635], [139.88111190763632, 35.20742814337381], [139.88093036297903, 35.207259100101275]]}}, {"type": "Feature", "properties": {"id": "館山道-上り-3-5", "route": "館山道", "direction": "上り", "from": null, "to": "富津竹岡IC", "grade": 0.56, "elevation_start": 17.8, "elevation_end": 19.2, "quality": "estimated", "structure": "normal", "chain_rank": 3, "cum_dist_start": 1250.0, "cum_dist_end": 1500.0, "anomaly": false}, "geometry": {"type": "LineString", "coordinates": [[139.88093036297903, 35.207259100101275], [139.8807457656288, 35.207092395635], [139.8805527898473, 35.20693211026434], [139.88035981406577, 35.20677182489368], [139.88016535918268, 35.206612807549746], [139.87996187483162, 35.206461531125804], [139.87975839048056, 35.206310254701854], [139.87955490612953, 35.20615897827791], [139.87934128409094, 35.2060174420793], [139.8791268218955, 35.20587678322317], [139.87890496198102, 35.20574404699947]]}}, {"type": "Feature", "properties": {"id": "館山道-上り-3-6", "route": "館山道", "direction": "上り", "from": null, "to": "富津竹岡IC", "grade": 0.86, "elevation_start": 19.2, "elevation_end": 21.4, "quality": "estimated", "structure": "tunnel", "chain_rank": 3, "cum_dist_start": 1500.0, "cum_dist_end": 1750.0, "anomaly": false}, "geometry": {"type": "LineString", "coordinates": [[139.87890496198102, 35.20574404699947], [139.87868224500585, 35.205612295139815], [139.8784574139422, 35.205482971384455], [139.87823143377818, 35.20535504387334], [139.8780013427675, 35.205232111353226], [139.87777125175683, 35.20510917883312], [139.87753814866312, 35.20499021218132], [139.8773025763386, 35.20487449664978], [139.8770670040141, 35.20475878111824], [139.8768314316896, 35.204643065586694], [139.8765958593651, 35.20452735005515]]}}, {"type": "Feature", "properties": {"id": "館山道-上り-3-7", "route": "館山道", "direction": "上り", "from": null, "to": "富津竹岡IC", "grade": 0.86, "elevation_start": 21.4, "elevation_end": 23.5, "quality": "estimated", "structure": "tunnel", "chain_rank": 3, "cum_dist_start": 1750.0, "cum_dist_end": 2000.0, "anomaly": false}, "geometry": {"type": "LineString", "coordinates": [[139.8765958593651, 35.20452735005515], [139.87636028704057, 35.20441163452361], [139.87612471471607, 35.20429591899207], [139.87588914239157, 35.204180203460524], [139.87565357006704, 35.20406448792898], [139.87541799774255, 35.20394877239744], [139.87518242541805, 35.203833056865896], [139.87494685309352, 35.203717341334354], [139.87471128076902, 35.20360162580281], [139.87447570844452, 35.20348591027127], [139.87424013612, 35.203370194739726]]}}, {"type": "Feature", "properties": {"id": "館山道-上り-3-8", "route": "館山道", "direction": "上り", "from": null, "to": "富津竹岡IC", "grade": 0.86, "elevation_start": 23.5, "elevation_end": 25.7, "quality": "estimated", "structure": "tunnel", "chain_rank": 3, "cum_dist_start": 2000.0, "cum_dist_end": 2250.0, "anomaly": false}, "geometry": {"type": "LineString", "coordinates": [[139.87424013612, 35.203370194739726], [139.8740045637955, 35.203254479208184], [139.873768991471, 35.20313876367664], [139.8735334191465, 35.2030230481451], [139.87329784682197, 35.202907332613556], [139.87306227449747, 35.20279161708201], [139.87282670217297, 35.20267590155047], [139.87259112984844, 35.20256018601893], [139.87235555752395, 35.202444470487386], [139.87211998519945, 35.20232875495584], [139.87188441287492, 35.2022130394243]]}}, {"type": "Feature", "properties": {"id": "館山道-上り-3-9", "route": "館山道", "direction": "上り", "from": null, "to": "富津竹岡IC", "grade": 0.86, "elevation_start": 25.7, "elevation_end": 27.9, "quality": "estimated", "structure": "tunnel", "chain_rank": 3, "cum_dist_start": 2250.0, "cum_dist_end": 2500.0, "anomaly": false}, "geometry": {"type": "LineString", "coordinates": [[139.87188441287492, 35.2022130394243], [139.87164884055042, 35.20209732389276], [139.87141326822592, 35.201981608361216], [139.87117769590142, 35.20186589282967], [139.8709421235769, 35.20175017729813], [139.8707065512524, 35.20163446176659], [139.8704709789279, 35.201518746235045], [139.87023540660337, 35.2014030307035], [139.86999983427887, 35.20128731517196], [139.86976426195437, 35.20117159964042], [139.86952868962985, 35.201055884108875]]}}, {"type": "Feature", "properties": {"id": "館山道-上り-3-10", "route": "館山道", "direction": "上り", "from": null, "to": "富津竹岡IC", "grade": 0.86, "elevation_start": 27.9, "elevation_end": 30.0, "quality": "estimated", "structure": "tunnel", "chain_rank": 3, "cum_dist_start": 2500.0, "cum_dist_end": 2750.0, "anomaly": false}, "geometry": {"type": "LineString", "coordinates": [[139.86952868962985, 35.201055884108875], [139.86929311730535, 35.20094016857733], [139.86905754498085, 35.20082445304579], [139.86882197265632, 35.20070873751425], [139.86858640033182, 35.200593021982705], [139.86835082800732, 35.20047730645116], [139.86811525568282, 35.20036159091962], [139.8678796833583, 35.20024587538808], [139.8676441110338, 35.200130159856535], [139.8674085387093, 35.20001444432499], [139.86717296638477, 35.19989872879345]]}}, {"type": "Feature", "properties": {"id": "館山道-上り-3-11", "route": "館山道", "direction": "上り", "from": null, "to": "富津竹岡IC", "grade": 0.86, "elevation_start": 30.0, "elevation_end": 32.2, "quality": "estimated", "structure": "tunnel", "chain_rank": 3, "cum_dist_start": 2750.0, "cum_dist_end": 3000.0, "anomaly": false}, "geometry": {"type": "LineString", "coordinates": [[139.86717296638477, 35.19989872879345], [139.86693739406027, 35.19978301326191], [139.86670182173577, 35.199667297730365], [139.86646624941125, 35.19955158219882], [139.86623067708675, 35.19943586666728], [139.86599510476225, 35.19932015113574], [139.86575953243775, 35.199204435604194], [139.86552312743189, 35.199089882391355], [139.8652863147076, 35.19897589830231], [139.86504950198332, 35.19886191421326], [139.86481268925903, 35.19874793012421]]}}, {"type": "Feature", "properties": {"id": "館山道-上り-3-12", "route": "館山道", "direction": "上り", "from": null, "to": "富津竹岡IC", "grade": -0.37, "elevation_start": 32.2, "elevation_end": 31.2, "quality": "estimated", "structure": "normal", "chain_rank": 3, "cum_dist_start": 3000.0, "cum_dist_end": 3250.0, "anomaly": false}, "geometry": {"type": "LineString", "coordinates": [[139.86481268925903, 35.19874793012421], [139.86457601522767, 35.19863375368193], [139.86434013495705, 35.19851847637278], [139.8641042546864, 35.198403199063634], [139.86386837441577, 35.198287921754485], [139.86363249414512, 35.198172644445336], [139.86339576813995, 35.19805855558282], [139.86315765856176, 35.19794641095053], [139.8629195489836, 35.197834266318246], [139.8626814394054, 35.197722121685956], [139.86244313407784, 35.19761026320976]]}}, {"type": "Feature", "properties": {"id": "館山道-上り-3-13", "route": "館山道", "direction": "上り", "from": null, "to": "富津竹岡IC", "grade": -0.28, "elevation_start": 31.2, "elevation_end": 30.6, "quality": "estimated", "structure": "bridge", "chain_rank": 3, "cum_dist_start": 3250.0, "cum_dist_end": 3500.0, "anomaly": false}, "geometry": {"type": "LineString", "coordinates": [[139.86244313407784, 35.19761026320976], [139.8622026182326, 35.19750163617683], [139.86196210238737, 35.1973930091439], [139.86172158654213, 35.19728438211097], [139.8614810706969, 35.19717575507804], [139.86124055485163, 35.19706712804511], [139.8610000390064, 35.19695850101218], [139.8607601604161, 35.1968489593332], [139.86052410309347, 35.19673393302461], [139.8602880457708, 35.19661890671602], [139.86005315449592, 35.196502287906846]]}}, {"type": "Feature", "properties": {"id": "館山道-下り-0-0", "route": "館山道", "direction": "下り", "from": null, "to": "富津中央ＩＣ", "grade": 1.19, "elevation_start": 14.7, "elevation_end": 17.7, "quality": "measured", "structure": "normal", "chain_rank": 0, "cum_dist_start": 0.0, "cum_dist_end": 250.0, "anomaly": false}, "geometry": {"type": "LineString", "coordinates": [[139.8855346, 35.2190435], [139.88545314336872, 35.21925869472305], [139.8853691955544, 35.21947320144264], [139.88527552438197, 35.21968502280995], [139.88518156647825, 35.21989675703255], [139.88508447244686, 35.220107538108785], [139.88498737841547, 35.220318319185026], [139.88489028438408, 35.22052910026126], [139.88479514305786, 35.220740461488525], [139.8847053105576, 35.2209533999743], [139.88462693691156, 35.22116920056315]]}}, {"type": "Feature", "properties": {"id": "館山道-下り-0-1", "route": "館山道", "direction": "下り", "from": null, "to": "富津中央ＩＣ", "grade": 1.4, "elevation_start": 17.7, "elevation_end": 21.2, "quality": "measured", "structure": "normal", "chain_rank": 0, "cum_dist_start": 250.0, "cum_dist_end": 500.0, "anomaly": false}, "geometry": {"type": "LineString", "coordinates": [[139.88462693691156, 35.22116920056315], [139.88455696814992, 35.221387100458365], [139.88449609039114, 35.22160672167812], [139.88444264308683, 35.22182774980798], [139.88440723289077, 35.22205114551789], [139.88437796232517, 35.22227514688246], [139.88436119418085, 35.22250003670967], [139.88435181372864, 35.22272523259498], [139.88435063731993, 35.222950528268775], [139.8843584026381, 35.223175753126256], [139.8843781996045, 35.22340042934184]]}}, {"type": "Feature", "properties": {"id": "館山道-下り-0-2", "route": "館山道", "direction": "下り", "from": null, "to": "富津中央ＩＣ", "grade": 2.46, "elevation_start": 21.2, "elevation_end": 27.4, "quality": "measured", "structure": "normal", "chain_rank": 0, "cum_dist_start": 500.0, "cum_dist_end": 750.0, "anomaly": false}, "geometry": {"type": "LineString", "coordinates": [[139.8843781996045, 35.22340042934184], [139.88441045336, 35.223624104757256], [139.88445295558537, 35.22384672693987], [139.88449692859334, 35.22406913820154], [139.88454896319686, 35.22429039337167], [139.88461342318655, 35.22450935909188], [139.88468399391073, 35.224727121130364], [139.88476708779953, 35.224941724902436], [139.8848630437843, 35.225152823735804], [139.88496962046116, 35.22536040131188], [139.885085915728, 35.225564535013255]]}}, {"type": "Feature", "properties": {"id": "館山道-下り-0-3", "route": "館山道", "direction": "下り", "from": null, "to": "富津中央ＩＣ", "grade": 2.97, "elevation_start": 27.4, "elevation_end": 34.8, "quality": "measured", "structure": "normal", "chain_rank": 0, "cum_dist_start": 750.0, "cum_dist_end": 1000.0, "anomaly": false}, "geometry": {"type": "LineString", "coordinates": [[139.885085915728, 35.225564535013255], [139.8852079101378, 35.225766297579156], [139.88533986997018, 35.22596391401868], [139.88547163767285, 35.226161616765275], [139.88560305378854, 35.22635947744918], [139.88573446990424, 35.22655733813309], [139.8858658860199, 35.226755198817], [139.8859973021356, 35.22695305950091], [139.88612060186418, 35.2271543985031], [139.88623759905275, 35.22735812824604], [139.88634070508402, 35.227566976166706]]}}, {"type": "Feature", "properties": {"id": "館山道-下り-0-4", "route": "館山道", "direction": "下り", "from": null, "to": "富津中央ＩＣ", "grade": 2.92, "elevation_start": 34.8, "elevation_end": 42.1, "quality": "measured", "structure": "normal", "chain_rank": 0, "cum_dist_start": 1000.0, "cum_dist_end": 1250.0, "anomaly": false}, "geometry": {"type": "LineString", "coordinates": [[139.88634070508402, 35.227566976166706], [139.8864344853009, 35.227778764133], [139.88651815446988, 35.227993296185375], [139.886592687457, 35.2282101097595], [139.8866549229075, 35.22842955186089], [139.88670570759626, 35.228651002759236], [139.8867492242537, 35.2288734706436], [139.88678353047183, 35.22909701822395], [139.8868067946927, 35.229321469841246], [139.88682336839364, 35.22954639546408], [139.8868282545533, 35.22977157824468]]}}, {"type": "Feature", "properties": {"id": "館山道-下り-0-5", "route": "館山道", "direction": "下り", "from": null, "to": "富津中央ＩＣ", "grade": 3.04, "elevation_start": 42.1, "elevation_end": 49.7, "quality": "measured", "structure": "normal", "chain_rank": 0, "cum_dist_start": 1250.0, "cum_dist_end": 1500.0, "anomaly": false}, "geometry": {"type": "LineString", "coordinates": [[139.8868282545533, 35.22977157824468], [139.88682341778215, 35.22999685728862], [139.88681214449173, 35.23022200464305], [139.88680087120127, 35.23044715199748], [139.88678959791082, 35.230672299351916], [139.88677832462037, 35.23089744670635], [139.8867747051729, 35.23112269648813], [139.8867786219062, 35.23134799770253], [139.88678802910152, 35.23157320271536], [139.88680827126655, 35.231797925701734], [139.8868409723867, 35.232021647414825]]}}, {"type": "Feature", "properties": {"id": "館山道-下り-0-6", "route": "館山道", "direction": "下り", "from": null, "to": "富津中央ＩＣ", "grade": 2.68, "elevation_start": 49.7, "elevation_end": 56.4, "quality": "measured", "structure": "normal", "chain_rank": 0, "cum_dist_start": 1500.0, "cum_dist_end": 1750.0, "anomaly": false}, "geometry": {"type": "LineString", "coordinates": [[139.8868409723867, 35.232021647414825], [139.886882475021, 35.23224431280542], [139.8869326355987, 35.23246585148841], [139.88699061354183, 35.232686039968414], [139.88705601320407, 35.23290489327086], [139.88712286481325, 35.233123408109606], [139.8872006929552, 35.23333950806986], [139.8872785210971, 35.233555608030116], [139.88735634923904, 35.233771707990364], [139.88743149742893, 35.23398839855312], [139.88749610565256, 35.23420741189268]]}}, {"type": "Feature", "properties": {"id": "館山道-下り-0-7", "route": "館山道", "direction": "下り", "from": null, "to": "富津中央ＩＣ", "grade": 2.39, "elevation_start": 56.4, "elevation_end": 62.3, "quality": "measured", "structure": "normal", "chain_rank": 0, "cum_dist_start": 1750.0, "cum_dist_end": 2000.0, "anomaly": false}, "geometry": {"type": "LineString", "coordinates": [[139.88749610565256, 35.23420741189268], [139.88756071387618, 35.23442642523224], [139.88762014586834, 35.234646356534554], [139.88767154716518, 35.23486771201568], [139.8877254855177, 35.2350886510723], [139.88778183617183, 35.23530919418119], [139.88783552424397, 35.23553017160172], [139.88788627370303, 35.23575162835917], [139.88793384011487, 35.23597354356286], [139.88797805570405, 35.236195941377055], [139.88802227129324, 35.23641833919125]]}}, {"type": "Feature", "properties": {"id": "館山道-下り-0-8", "route": "館山道", "direction": "下り", "from": null, "to": "富津中央ＩＣ", "grade": 0.55, "elevation_start": 62.3, "elevation_end": 63.7, "quality": "measured", "structure": "normal", "chain_rank": 0, "cum_dist_start": 2000.0, "cum_dist_end": 2250.0, "anomaly": false}, "geometry": {"type": "LineString", "coordinates": [[139.88802227129324, 35.23641833919125], [139.88806440702226, 35.23664100433192], [139.88810520227284, 35.23686384176559], [139.88814599752342, 35.237086679199265], [139.8881802430558, 35.237310238857255], [139.88821260744473, 35.237534005945186], [139.88824477125678, 35.23775779181793], [139.88827273837745, 35.23798194435126], [139.8882962750483, 35.23820645242387], [139.88831981171916, 35.23843096049648], [139.88834334839, 35.238655468569085]]}}, {"type": "Feature", "properties": {"id": "館山道-下り-0-9", "route": "館山道", "direction": "下り", "from": null, "to": "富津中央ＩＣ", "grade": -0.51, "elevation_start": 63.7, "elevation_end": 62.4, "quality": "measured", "structure": "normal", "chain_rank": 0, "cum_dist_start": 2250.0, "cum_dist_end": 2500.0, "anomaly": false}, "geometry": {"type": "LineString", "coordinates": [[139.88834334839, 35.238655468569085], [139.88836143189027, 35.23888030837981], [139.88837851399293, 35.239105209109546], [139.88839559609562, 35.23933010983928], [139.88841125347545, 35.239555065941424], [139.88842016377112, 35.239780284271596], [139.88842907406675, 35.24000550260177], [139.88844104711214, 35.240230622186616], [139.88845370379002, 35.24045571973065], [139.88846755950345, 35.240680750212675], [139.88849225600188, 35.2409051743701]]}}, {"type": "Feature", "properties": {"id": "館山道-下り-0-10", "route": "館山道", "direction": "下り", "from": null, "to": "富津中央ＩＣ", "grade": -0.6, "elevation_start": 62.4, "elevation_end": 60.9, "quality": "measured", "structure": "normal", "chain_rank": 0, "cum_dist_start": 2500.0, "cum_dist_end": 2750.0, "anomaly": false}, "geometry": {"type": "LineString", "coordinates": [[139.88849225600188, 35.2409051743701], [139.8885169525003, 35.241129598527515], [139.88855616333282, 35.24135261597512], [139.88859588994777, 35.24157558343378], [139.8886445796791, 35.241797340569335], [139.8886968286329, 35.24201850184693], [139.88876291184775, 35.24223721974388], [139.88882598628703, 35.242456534329136], [139.88888896739766, 35.242675867422946], [139.88895715710782, 35.242894089714696], [139.88903235652793, 35.243110817094]]}}, {"type": "Feature", "properties": {"id": "館山道-下り-0-11", "route": "館山道", "direction": "下り", "from": null, "to": "富津中央ＩＣ", "grade": -0.83, "elevation_start": 60.9, "elevation_end": 58.8, "quality": "measured", "structure": "normal", "chain_rank": 0, "cum_dist_start": 2750.0, "cum_dist_end": 3000.0, "anomaly": false}, "geometry": {"type": "LineString", "coordinates": [[139.88903235652793, 35.243110817094], [139.88910755594802, 35.2433275444733], [139.88918275536813, 35.243544271852606], [139.88925795478823, 35.24376099923192], [139.88933660500305, 35.24397689405797], [139.8894164173716, 35.24419250849793], [139.88949622974013, 35.2444081229379], [139.88957604210867, 35.244623737377864], [139.88964961407697, 35.24484083043918], [139.88972221386285, 35.24505815385266], [139.88979492697163, 35.24527545164527]]}}, {"type": "Feature", "properties": {"id": "館山道-下り-0-12", "route": "館山道", "direction": "下り", "from": null, "to": "富津中央ＩＣ", "grade": -1.15, "elevation_start": 58.8, "elevation_end": 56.0, "quality": "measured", "structure": "normal", "chain_rank": 0, "cum_dist_start": 3000.0, "cum_dist_end": 3250.0, "anomaly": false}, "geometry": {"type": "LineString", "coordinates": [[139.88979492697163, 35.24527545164527], [139.88986837373264, 35.245492583568414], [139.88994182049362, 35.245709715491564], [139.89001526725463, 35.24592684741471], [139.89008896908564, 35.246143919956424], [139.89016553091437, 35.246360326677916], [139.8902420927431, 35.246576733399415], [139.89031865457184, 35.24679314012091], [139.89039521640058, 35.2470095468424], [139.8904667112368, 35.24722710455041], [139.89053672870318, 35.24744499784857]]}}, {"type": "Feature", "properties": {"id": "館山道-下り-0-13", "route": "館山道", "direction": "下り", "from": "富津中央ＩＣ", "to": "富津中央IC", "grade": -1.16, "elevation_start": 56.0, "elevation_end": 53.1, "quality": "measured", "structure": "normal", "chain_rank": 0, "cum_dist_start": 3250.0, "cum_dist_end": 3500.0, "anomaly": false}, "geometry": {"type": "LineString", "coordinates": [[139.89053672870318, 35.24744499784857], [139.89060674616954, 35.247662891146724], [139.89067676363592, 35.24788078444488], [139.89074817803453, 35.248098361854325], [139.8908241663845, 35.24831490495477], [139.89090015473448, 35.24853144805521], [139.89097614308446, 35.24874799115565], [139.89105213143444, 35.248964534256096], [139.8911281197844, 35.24918107735654], [139.8912041081344, 35.24939762045698], [139.89128106985453, 35.249613932125676]]}}, {"type": "Feature", "properties": {"id": "館山道-下り-0-14", "route": "館山道", "direction": "下り", "from": "富津中央ＩＣ", "to": "富津中央IC", "grade": -1.26, "elevation_start": 53.1, "elevation_end": 49.9, "quality": "estimated", "structure": "bridge", "chain_rank": 0, "cum_dist_start": 3500.0, "cum_dist_end": 3750.0, "anomaly": false}, "geometry": {"type": "LineString", "coordinates": [[139.89128106985453, 35.249613932125676], [139.89135813489412, 35.249830219228784], [139.8914351999337, 35.250046506331884], [139.8915121786228, 35.25026281409535], [139.89158876714143, 35.25047921521167], [139.89166535566002, 35.25069561632799], [139.89174194417862, 35.25091201744431], [139.8918147660916, 35.2511292884411], [139.89188704462785, 35.251346684928286], [139.89195965373858, 35.25156400656203], [139.89203390227718, 35.25178095278463]]}}, {"type": "Feature", "properties": {"id": "館山道-下り-0-15", "route": "館山道", "direction": "下り", "from": "富津中央ＩＣ", "to": "富津中央IC", "grade": -1.35, "elevation_start": 49.9, "elevation_end": 46.6, "quality": "estimated", "structure": "bridge", "chain_rank": 0, "cum_dist_start": 3750.0, "cum_dist_end": 4000.0, "anomaly": false}, "geometry": {"type": "LineString", "coordinates": [[139.89203390227718, 35.25178095278463], [139.8921141188178, 35.25199646789048], [139.892193721992, 35.25221213308309], [139.89227053008693, 35.252428482213354], [139.8923473381819, 35.252644831343616], [139.89242414627685, 35.25286118047387], [139.8925009543718, 35.253077529604134], [139.89257887703653, 35.253293610468894], [139.8926568379074, 35.253509682137825], [139.89273479877824, 35.25372575380676], [139.89281620490303, 35.25394095928588]]}}, {"type": "Feature", "properties": {"id": "館山道-下り-0-16", "route": "館山道", "direction": "下り", "from": "富津中央IC", "to": "君津PA", "grade": -1.12, "elevation_start": 46.6, "elevation_end": 43.8, "quality": "measured", "structure": "normal", "chain_rank": 0, "cum_dist_start": 4000.0, "cum_dist_end": 4250.0, "anomaly": false}, "geometry": {"type": "LineString", "coordinates": [[139.89281620490303, 35.25394095928588], [139.89289925669095, 35.254155751019965], [139.89298238445588, 35.25437052280236], [139.89306690080411, 35.254584929940336], [139.89315141715232, 35.25479933707831], [139.89323963457633, 35.25501271776239], [139.89333109689602, 35.255225198509265], [139.8934225592157, 35.25543767925615], [139.8935140215354, 35.25565016000302], [139.8936169964809, 35.25585903419521], [139.89372150938496, 35.25606742659185]]}}, {"type": "Feature", "properties": {"id": "館山道-下り-0-17", "route": "館山道", "direction": "下り", "from": "富津中央IC", "to": "君津PA", "grade": -1.08, "elevation_start": 43.8, "elevation_end": 41.1, "quality": "measured", "structure": "normal", "chain_rank": 0, "cum_dist_start": 4250.0, "cum_dist_end": 4500.0, "anomaly": false}, "geometry": {"type": "LineString", "coordinates": [[139.89372150938496, 35.25606742659185], [139.89382602228903, 35.256275818988485], [139.89393093061346, 35.25648407479552], [139.8940396885826, 35.25669100082416], [139.89414844655175, 35.2568979268528], [139.89426114539032, 35.25710340981889], [139.89437636748812, 35.25730796882111], [139.89449198968384, 35.25751236626873], [139.89461937673056, 35.257712013214565], [139.89474676377728, 35.25791166016041], [139.89487397188296, 35.2581113827229]]}}, {"type": "Feature", "properties": {"id": "館山道-下り-0-18", "route": "館山道", "direction": "下り", "from": "富津中央IC", "to": "君津PA", "grade": -0.19, "elevation_start": 41.1, "elevation_end": 40.6, "quality": "measured", "structure": "normal", "chain_rank": 0, "cum_dist_start": 4500.0, "cum_dist_end": 4750.0, "anomaly": false}, "geometry": {"type": "LineString", "coordinates": [[139.89487397188296, 35.2581113827229], [139.89499817121737, 35.25831237672776], [139.8951223705518, 35.25851337073261], [139.89525829828438, 35.25870911428167], [139.89539721582554, 35.258903519382166], [139.89553683979193, 35.25909758288348], [139.89567708647274, 35.25929134526482], [139.8958173331536, 35.259485107646164], [139.89596367792038, 35.25967581223985], [139.8961102024718, 35.25986642114234], [139.8962631441768, 35.26005361123364]]}}, {"type": "Feature", "properties": {"id": "館山道-下り-0-19", "route": "館山道", "direction": "下り", "from": "富津中央IC", "to": "君津PA", "grade": 0.52, "elevation_start": 40.6, "elevation_end": 41.9, "quality": "estimated", "structure": "normal", "chain_rank": 0, "cum_dist_start": 4750.0, "cum_dist_end": 5000.0, "anomaly": false}, "geometry": {"type": "LineString", "coordinates": [[139.8962631441768, 35.26005361123364], [139.89641772735428, 35.26023987406651], [139.89657645549468, 35.26042379543353], [139.89673518363506, 35.260607716800564], [139.89689391177544, 35.26079163816759], [139.8970555275497, 35.26097384367914], [139.89721919799297, 35.261154828289676], [139.8973828684362, 35.26133581290021], [139.89754653887948, 35.261516797510744], [139.89771638972107, 35.26169389750534], [139.89788693166213, 35.26187056311759]]}}, {"type": "Feature", "properties": {"id": "館山道-下り-0-20", "route": "館山道", "direction": "下り", "from": "富津中央IC", "to": "君津PA", "grade": 0.77, "elevation_start": 41.9, "elevation_end": 43.8, "quality": "estimated", "structure": "bridge", "chain_rank": 0, "cum_dist_start": 5000.0, "cum_dist_end": 5250.0, "anomaly": false}, "geometry": {"type": "LineString", "coordinates": [[139.89788693166213, 35.26187056311759], [139.8980614971969, 35.262044545877984], [139.89823756965748, 35.26221752385039], [139.8984141106852, 35.26239017689521], [139.8985928668178, 35.26256129387687], [139.89877162295042, 35.262732410858526], [139.89895722907667, 35.262898472114095], [139.89914595011413, 35.26306223436929], [139.89933467115156, 35.2632259966245], [139.89952339218902, 35.263389758879704], [139.89971211322649, 35.2635535211349]]}}, {"type": "Feature", "properties": {"id": "館山道-下り-0-21", "route": "館山道", "direction": "下り", "from": "富津中央IC", "to": "君津PA", "grade": 0.65, "elevation_start": 43.8, "elevation_end": 45.4, "quality": "estimated", "structure": "bridge", "chain_rank": 0, "cum_dist_start": 5250.0, "cum_dist_end": 5500.0, "anomaly": false}, "geometry": {"type": "LineString", "coordinates": [[139.89971211322649, 35.2635535211349], [139.89990083426392, 35.26371728339011], [139.90009498557936, 35.26387669001175], [139.9002904463206, 35.26403504634111], [139.90048690245914, 35.26419255824587], [139.90068651099986, 35.26434739587568], [139.9008861195406, 35.264502233505496], [139.90108959185028, 35.26465361821618], [139.9012948246313, 35.26480342965339], [139.9015000574123, 35.2649532410906], [139.90170529019335, 35.265103052527806]]}}, {"type": "Feature", "properties": {"id": "館山道-下り-0-22", "route": "館山道", "direction": "下り", "from": "富津中央IC", "to": "君津PA", "grade": 2.28, "elevation_start": 45.4, "elevation_end": 51.1, "quality": "measured", "structure": "normal", "chain_rank": 0, "cum_dist_start": 5500.0, "cum_dist_end": 5750.0, "anomaly": false}, "geometry": {"type": "LineString", "coordinates": [[139.90170529019335, 35.265103052527806], [139.90191052297436, 35.26525286396502], [139.90211963788533, 35.26539897145607], [139.90233109249002, 35.26554284664178], [139.9025425470947, 35.26568672182749], [139.90275400169938, 35.2658305970132], [139.90296633079984, 35.26597356767071], [139.9031853775317, 35.26610958999617], [139.9034044242636, 35.26624561232163], [139.90362347099548, 35.26638163464709], [139.90384251772738, 35.26651765697255]]}}, {"type": "Feature", "properties": {"id": "館山道-下り-0-23", "route": "館山道", "direction": "下り", "from": "富津中央IC", "to": "君津PA", "grade": 2.54, "elevation_start": 51.1, "elevation_end": 57.5, "quality": "measured", "structure": "normal", "chain_rank": 0, "cum_dist_start": 5750.0, "cum_dist_end": 6000.0, "anomaly": false}, "geometry": {"type": "LineString", "coordinates": [[139.90384251772738, 35.26651765697255], [139.90406392364036, 35.266651027854344], [139.90428873375848, 35.266780572807676], [139.9045135438766, 35.26691011776101], [139.9047383539947, 35.26703966271434], [139.9049631641128, 35.26716920766767], [139.90519311878535, 35.26729247831831], [139.90542424282592, 35.267414322806765], [139.90565536686645, 35.267536167295226], [139.90588649090702, 35.26765801178369], [139.9061190700133, 35.26777792871587]]}}, {"type": "Feature", "properties": {"id": "館山道-下り-0-24", "route": "館山道", "direction": "下り", "from": "富津中央IC", "to": "君津PA", "grade": 2.85, "elevation_start": 57.5, "elevation_end": 64.6, "quality": "measured", "structure": "normal", "chain_rank": 0, "cum_dist_start": 6000.0, "cum_dist_end": 6250.0, "anomaly": false}, "geometry": {"type": "LineString", "coordinates": [[139.9061190700133, 35.26777792871587], [139.90635513856492, 35.267893223105986], [139.90659120711655, 35.2680085174961], [139.90682727566818, 35.26812381188622], [139.90706334421978, 35.26823910627633], [139.90730355493523, 35.26834841730531], [139.90754528183376, 35.26845553820577], [139.90778700873227, 35.26856265910624], [139.9080287356308, 35.268669780006704], [139.90827046252934, 35.26877690090717], [139.9085146808377, 35.26888010388586]]}}, {"type": "Feature", "properties": {"id": "館山道-下り-0-25", "route": "館山道", "direction": "下り", "from": "富津中央IC", "to": "君津PA", "grade": 1.71, "elevation_start": 64.6, "elevation_end": 68.9, "quality": "measured", "structure": "normal", "chain_rank": 0, "cum_dist_start": 6250.0, "cum_dist_end": 6500.0, "anomaly": false}, "geometry": {"type": "LineString", "coordinates": [[139.9085146808377, 35.26888010388586], [139.9087601814246, 35.268981290388965], [139.90900568201155, 35.26908247689207], [139.90925118259847, 35.26918366339518], [139.90949714229689, 35.26928407816924], [139.90974551942745, 35.26938042943671], [139.90999389655803, 35.26947678070418], [139.91024228921177, 35.26957310498256], [139.91049114389392, 35.26966862596391], [139.91073999857608, 35.26976414694526], [139.91098885325823, 35.26985966792661]]}}, {"type": "Feature", "properties": {"id": "館山道-下り-0-26", "route": "館山道", "direction": "下り", "from": "富津中央IC", "to": "君津PA", "grade": 1.02, "elevation_start": 68.9, "elevation_end": 71.4, "quality": "measured", "structure": "normal", "chain_rank": 0, "cum_dist_start": 6500.0, "cum_dist_end": 6750.0, "anomaly": false}, "geometry": {"type": "LineString", "coordinates": [[139.91098885325823, 35.26985966792661], [139.91123770794036, 35.269955188907964], [139.9114865626225, 35.27005070988931], [139.91173478478885, 35.27014733404939], [139.9119830030233, 35.27024396506706], [139.91223122125777, 35.27034059608473], [139.91247943949222, 35.2704372271024], [139.9127276577267, 35.27053385812007], [139.9129745601316, 35.27063268970921], [139.91321966111585, 35.27073453396434], [139.9134647621001, 35.270836378219464]]}}, {"type": "Feature", "properties": {"id": "館山道-下り-0-27", "route": "館山道", "direction": "下り", "from": "富津中央IC", "to": "君津PA", "grade": -0.59, "elevation_start": 71.4, "elevation_end": 69.9, "quality": "measured", "structure": "normal", "chain_rank": 0, "cum_dist_start": 6750.0, "cum_dist_end": 7000.0, "anomaly": false}, "geometry": {"type": "LineString", "coordinates": [[139.9134647621001, 35.270836378219464], [139.91370940876087, 35.2709389502643], [139.91395337071467, 35.271042619154734], [139.91419733266846, 35.271146288045166], [139.91444129462226, 35.2712499569356], [139.9146809125121, 35.271360198250285], [139.91491996478763, 35.27147129532053], [139.9151590170632, 35.27158239239078], [139.91539806933875, 35.271693489461036], [139.91563235180527, 35.27181116275777], [139.91586546912285, 35.2719304424675]]}}, {"type": "Feature", "properties": {"id": "館山道-下り-0-28", "route": "館山道", "direction": "下り", "from": "富津中央IC", "to": "君津PA", "grade": -1.95, "elevation_start": 69.9, "elevation_end": 65.1, "quality": "measured", "structure": "normal", "chain_rank": 0, "cum_dist_start": 7000.0, "cum_dist_end": 7250.0, "anomaly": false}, "geometry": {"type": "LineString", "coordinates": [[139.91586546912285, 35.2719304424675], [139.91609858644046, 35.272049722177236], [139.91633021295138, 35.27217086715454], [139.91655656942385, 35.27229860589901], [139.91678292589629, 35.27242634464347], [139.91700665915417, 35.272557108160754], [139.91722805016556, 35.27269057247256], [139.91744944117696, 35.272824036784364], [139.91766846328647, 35.27296006839089], [139.91788521853871, 35.27309855670144], [139.91810119952314, 35.273237827268126]]}}, {"type": "Feature", "properties": {"id": "館山道-下り-0-29", "route": "館山道", "direction": "下り", "from": "富津中央IC", "to": "君津PA", "grade": -2.36, "elevation_start": 65.1, "elevation_end": 59.2, "quality": "measured", "structure": "normal", "chain_rank": 0, "cum_dist_start": 7250.0, "cum_dist_end": 7500.0, "anomaly": false}, "geometry": {"type": "LineString", "coordinates": [[139.91810119952314, 35.273237827268126], [139.91831101227223, 35.27338332970911], [139.91852082502132, 35.2735288321501], [139.91873063777038, 35.273674334591085], [139.9189327921771, 35.27382684390616], [139.91913201637675, 35.2739820341658], [139.91933124057644, 35.274137224425445], [139.91952987083698, 35.274292926284346], [139.91972837948492, 35.274448732896246], [139.91992688813286, 35.27460453950814], [139.92011316112828, 35.27477017373257]]}}, {"type": "Feature", "properties": {"id": "館山道-下り-0-30", "route": "館山道", "direction": "下り", "from": "富津中央IC", "to": "君津PA", "grade": -2.29, "elevation_start": 59.2, "elevation_end": 53.4, "quality": "measured", "structure": "normal", "chain_rank": 0, "cum_dist_start": 7500.0, "cum_dist_end": 7750.0, "anomaly": false}, "geometry": {"type": "LineString", "coordinates": [[139.92011316112828, 35.27477017373257], [139.92029897284098, 35.27493617845688], [139.92048444321688, 35.275102434554086], [139.9206657518138, 35.275271755537275], [139.92084706041072, 35.27544107652047], [139.92102836900764, 35.27561039750366], [139.92120117489642, 35.27578559589218], [139.9213739605251, 35.27596080828529], [139.92154674615375, 35.2761360206784], [139.9217138232382, 35.27631487604877], [139.92187846604602, 35.27649528488252]]}}, {"type": "Feature", "properties": {"id": "館山道-下り-0-31", "route": "館山道", "direction": "下り", "from": "富津中央IC", "to": "君津PA", "grade": -2.93, "elevation_start": 53.4, "elevation_end": 46.1, "quality": "measured", "structure": "normal", "chain_rank": 0, "cum_dist_start": 7750.0, "cum_dist_end": 8000.0, "anomaly": false}, "geometry": {"type": "LineString", "coordinates": [[139.92187846604602, 35.27649528488252], [139.92204310885384, 35.27667569371627], [139.9222033274175, 35.276858714700815], [139.9223597163299, 35.27704399677812], [139.92251610524232, 35.27722927885543], [139.92266883298544, 35.27741657884083], [139.92281895023362, 35.27760531763946], [139.9229690674818, 35.2777940564381], [139.9231184761843, 35.27798316592511], [139.92326388383782, 35.278174368632705], [139.9234092914913, 35.2783655713403]]}}, {"type": "Feature", "properties": {"id": "館山道-下り-0-32", "route": "館山道", "direction": "下り", "from": "富津中央IC", "to": "君津PA", "grade": -2.45, "elevation_start": 46.1, "elevation_end": 40.0, "quality": "measured", "structure": "normal", "chain_rank": 0, "cum_dist_start": 8000.0, "cum_dist_end": 8250.0, "anomaly": false}, "geometry": {"type": "LineString", "coordinates": [[139.9234092914913, 35.2783655713403], [139.92355469914483, 35.27855677404791], [139.92369741095968, 35.27874932439648], [139.92383800925273, 35.27894293128774], [139.9239786075458, 35.279136538178996], [139.92411835501892, 35.279330550983204], [139.92425407186988, 35.27952648673443], [139.92438978872084, 35.27972242248567], [139.9245255055718, 35.279918358236905], [139.92465995541102, 35.28011486213658], [139.92478786409077, 35.280314299197265]]}}, {"type": "Feature", "properties": {"id": "館山道-下り-0-33", "route": "館山道", "direction": "下り", "from": "富津中央IC", "to": "君津PA", "grade": -0.32, "elevation_start": 40.0, "elevation_end": 39.2, "quality": "measured", "structure": "normal", "chain_rank": 0, "cum_dist_start": 8250.0, "cum_dist_end": 8500.0, "anomaly": false}, "geometry": {"type": "LineString", "coordinates": [[139.92478786409077, 35.280314299197265], [139.92491577277053, 35.28051373625795], [139.9250436814503, 35.280713173318645], [139.9251707064547, 35.280912984043695], [139.925294619757, 35.281114110559884], [139.92541853305931, 35.28131523707607], [139.92554244636162, 35.28151636359225], [139.92566635966392, 35.28171749010844], [139.92578801487858, 35.2819195051927], [139.92590181697355, 35.28212461051632], [139.92601561906852, 35.282329715839936]]}}, {"type": "Feature", "properties": {"id": "館山道-下り-0-34", "route": "館山道", "direction": "下り", "from": "君津PA", "to": "君津ＰＡ、スマートIC", "grade": 0.27, "elevation_start": 39.2, "elevation_end": 39.9, "quality": "estimated", "structure": "normal", "chain_rank": 0, "cum_dist_start": 8500.0, "cum_dist_end": 8750.0, "anomaly": false}, "geometry": {"type": "LineString", "coordinates": [[139.92601561906852, 35.282329715839936], [139.9261294211635, 35.28253482116356], [139.92624154835426, 35.282740539920404], [139.92635183521222, 35.28294693269867], [139.92646212207015, 35.283153325476945], [139.92657240892808, 35.28335971825521], [139.9266775173211, 35.28356791456477], [139.92678205829537, 35.28377630849226], [139.92688578405833, 35.28398497306126], [139.92698746513085, 35.28419431644584], [139.92708914620334, 35.284403659830424]]}}, {"type": "Feature", "properties": {"id": "館山道-下り-0-35", "route": "館山道", "direction": "下り", "from": "君津ＰＡ、スマートIC", "to": "君津ＩＣ", "grade": 1.31, "elevation_start": 39.9, "elevation_end": 43.1, "quality": "estimated", "structure": "bridge", "chain_rank": 0, "cum_dist_start": 8750.0, "cum_dist_end": 9000.0, "anomaly": false}, "geometry": {"type": "LineString", "coordinates": [[139.92708914620334, 35.284403659830424], [139.92718718118272, 35.28461413436096], [139.92727995610764, 35.28482624074483], [139.92737273103256, 35.2850383471287], [139.9274655061013, 35.28525045359703], [139.92755828120434, 35.28546256008551], [139.9276475845041, 35.285675643136415], [139.92773313062145, 35.28588978302229], [139.92781832593533, 35.28610401525689], [139.92790077081426, 35.28631897154121], [139.92798321569322, 35.28653392782554]]}}, {"type": "Feature", "properties": {"id": "館山道-下り-0-36", "route": "館山道", "direction": "下り", "from": "君津ＰＡ、スマートIC", "to": "君津ＩＣ", "grade": 1.31, "elevation_start": 43.1, "elevation_end": 46.4, "quality": "estimated", "structure": "bridge", "chain_rank": 0, "cum_dist_start": 9000.0, "cum_dist_end": 9250.0, "anomaly": false}, "geometry": {"type": "LineString", "coordinates": [[139.92798321569322, 35.28653392782554], [139.92806501095276, 35.286749050052656], [139.92814599492183, 35.28696437952083], [139.92822697889093, 35.28717970898901], [139.92830950403328, 35.28739460722548], [139.92840596766194, 35.28760560537016], [139.9285024312906, 35.28781660351484], [139.9285988949193, 35.28802760165952], [139.9286960031885, 35.2882383980088], [139.9287956300398, 35.28844840595236], [139.9288952568911, 35.28865841389591]]}}, {"type": "Feature", "properties": {"id": "館山道-下り-0-37", "route": "館山道", "direction": "下り", "from": "君津ＰＡ、スマートIC", "to": "君津ＩＣ", "grade": 0.75, "elevation_start": 46.4, "elevation_end": 48.3, "quality": "estimated", "structure": "normal", "chain_rank": 0, "cum_dist_start": 9250.0, "cum_dist_end": 9500.0, "anomaly": false}, "geometry": {"type": "LineString", "coordinates": [[139.9288952568911, 35.28865841389591], [139.9289948837424, 35.28886842183946], [139.92909827531975, 35.28907718040603], [139.92920487231902, 35.28928487520852], [139.9293114693183, 35.28949257001101], [139.9294227020618, 35.28969861351084], [139.92953513557836, 35.289904229282236], [139.929648707269, 35.29010941333517], [139.92976707376104, 35.29031277868189], [139.92988544025312, 35.29051614402861], [139.93000380674516, 35.29071950937532]]}}, {"type": "Feature", "properties": {"id": "館山道-下り-0-38", "route": "館山道", "direction": "下り", "from": "君津ＰＡ、スマートIC", "to": "君津ＩＣ", "grade": 1.3, "elevation_start": 48.3, "elevation_end": 51.5, "quality": "measured", "structure": "normal", "chain_rank": 0, "cum_dist_start": 9500.0, "cum_dist_end": 9750.0, "anomaly": false}, "geometry": {"type": "LineString", "coordinates": [[139.93000380674516, 35.29071950937532], [139.93012477817845, 35.290921808768495], [139.93025186136651, 35.29112160720441], [139.93037894455458, 35.29132140564032], [139.93050602774264, 35.29152120407623], [139.9306352218, 35.29172006706144], [139.93076951405268, 35.2919166707356], [139.93090380630537, 35.29211327440976], [139.93103809855802, 35.29230987808392], [139.9311723908107, 35.292506481758075], [139.93131615451853, 35.29269851736324]]}}, {"type": "Feature", "properties": {"id": "館山道-下り-0-39", "route": "館山道", "direction": "下り", "from": "君津ＰＡ、スマートIC", "to": "君津ＩＣ", "grade": -2.07, "elevation_start": 51.5, "elevation_end": 46.4, "quality": "measured", "structure": "normal", "chain_rank": 0, "cum_dist_start": 9750.0, "cum_dist_end": 10000.0, "anomaly": false}, "geometry": {"type": "LineString", "coordinates": [[139.93131615451853, 35.29269851736324], [139.93146053490685, 35.29289025554429], [139.9316049152952, 35.293081993725345], [139.93174929568355, 35.293273731906396], [139.93189584046237, 35.293464329706794], [139.93204862667537, 35.293651639001375], [139.93220141288833, 35.29383894829596], [139.93235419910133, 35.29402625759054], [139.93250698531432, 35.29421356688511], [139.93266482134422, 35.29439799907577], [139.9328257144188, 35.29458068953291]]}}, {"type": "Feature", "properties": {"id": "館山道-下り-0-40", "route": "館山道", "direction": "下り", "from": "君津ＰＡ、スマートIC", "to": "君津ＩＣ", "grade": -1.06, "elevation_start": 46.4, "elevation_end": 43.7, "quality": "measured", "structure": "normal", "chain_rank": 0, "cum_dist_start": 10000.0, "cum_dist_end": 10250.0, "anomaly": false}, "geometry": {"type": "LineString", "coordinates": [[139.9328257144188, 35.29458068953291], [139.93298660749343, 35.294763379990044], [139.93314750056805, 35.29494607044719], [139.93331082227087, 35.295127256768566], [139.93348122410245, 35.29530405811462], [139.93365162593403, 35.29548085946066], [139.93382202776564, 35.29565766080671], [139.9339925571222, 35.295834377079515], [139.9341691156024, 35.296007071260924], [139.93434567408264, 35.296179765442325], [139.93452223256284, 35.29635245962373]]}}, {"type": "Feature", "properties": {"id": "館山道-下り-0-41", "route": "館山道", "direction": "下り", "from": "君津ＰＡ、スマートIC", "to": "君津ＩＣ", "grade": -0.19, "elevation_start": 43.7, "elevation_end": 43.3, "quality": "measured", "structure": "normal", "chain_rank": 0, "cum_dist_start": 10250.0, "cum_dist_end": 10500.0, "anomaly": false}, "geometry": {"type": "LineString", "coordinates": [[139.93452223256284, 35.29635245962373], [139.9347003574774, 35.29652404663485], [139.93488275181275, 35.29669261597977], [139.93506514614813, 35.2968611853247], [139.93524754048352, 35.29702975466962], [139.93543451356896, 35.297194886579575], [139.93562336009458, 35.29735861202954], [139.9358122066202, 35.29752233747951], [139.93600105314582, 35.29768606292948], [139.93619513610489, 35.297845597844045], [139.93639027324326, 35.29800428913558]]}}, {"type": "Feature", "properties": {"id": "館山道-下り-0-42", "route": "館山道", "direction": "下り", "from": "君津ＰＡ、スマートIC", "to": "君津ＩＣ", "grade": 0.31, "elevation_start": 43.3, "elevation_end": 44.0, "quality": "measured", "structure": "normal", "chain_rank": 0, "cum_dist_start": 10500.0, "cum_dist_end": 10750.0, "anomaly": false}, "geometry": {"type": "LineString", "coordinates": [[139.93639027324326, 35.29800428913558], [139.93658541038167, 35.29816298042711], [139.93678054752004, 35.29832167171864], [139.93697842551316, 35.298478055139284], [139.9371772188282, 35.29863366783512], [139.9373760121432, 35.298789280530954], [139.93757480545824, 35.29894489322679], [139.93776811373803, 35.29910505401761], [139.93796013860714, 35.29926627899007], [139.93815216347622, 35.29942750396252], [139.93833567493581, 35.29959519652126]]}}, {"type": "Feature", "properties": {"id": "館山道-下り-0-43", "route": "館山道", "direction": "下り", "from": "君津ＰＡ、スマートIC", "to": "君津ＩＣ", "grade": -0.51, "elevation_start": 44.0, "elevation_end": 42.8, "quality": "measured", "structure": "normal", "chain_rank": 0, "cum_dist_start": 10750.0, "cum_dist_end": 11000.0, "anomaly": false}, "geometry": {"type": "LineString", "coordinates": [[139.93833567493581, 35.29959519652126], [139.93851715200313, 35.299764434595645], [139.93869862907044, 35.29993367267003], [139.9388680812842, 35.300111021214924], [139.9390356681548, 35.300289627888304], [139.93919666644177, 35.30047222558432], [139.93935569094646, 35.30065601889539], [139.9395010558479, 35.30084723565728], [139.93964561971205, 35.30103888775105], [139.93978214267557, 35.301234453945874], [139.9399181895906, 35.30143025186868]]}}, {"type": "Feature", "properties": {"id": "館山道-下り-0-44", "route": "館山道", "direction": "下り", "from": "君津ＰＡ、スマートIC", "to": "君津ＩＣ", "grade": -1.53, "elevation_start": 42.8, "elevation_end": 38.9, "quality": "measured", "structure": "normal", "chain_rank": 0, "cum_dist_start": 11000.0, "cum_dist_end": 11250.0, "anomaly": false}, "geometry": {"type": "LineString", "coordinates": [[139.9399181895906, 35.30143025186868], [139.94004200177773, 35.301631410892696], [139.94016499755122, 35.30183292765873], [139.94027974707168, 35.30203761589603], [139.94039015800308, 35.3022439727349], [139.94048706828121, 35.30245475876201], [139.94058079981826, 35.30266658764552], [139.9406714872138, 35.30287929077487], [139.94075949279653, 35.303092764093016], [139.94084180289306, 35.30330767518508], [139.94091552762882, 35.30352475357374]]}}, {"type": "Feature", "properties": {"id": "館山道-下り-0-45", "route": "館山道", "direction": "下り", "from": "君津ＰＡ、スマートIC", "to": "君津ＩＣ", "grade": -2.58, "elevation_start": 38.9, "elevation_end": 32.5, "quality": "estimated", "structure": "bridge", "chain_rank": 0, "cum_dist_start": 11250.0, "cum_dist_end": 11500.0, "anomaly": false}, "geometry": {"type": "LineString", "coordinates": [[139.94091552762882, 35.30352475357374], [139.94098312559518, 35.303743116375294], [139.94104557273323, 35.30396255899394], [139.94110801987128, 35.30418200161258], [139.94117069931553, 35.30440139969063], [139.94123354645504, 35.30462076561608], [139.9412935869913, 35.304840654864854], [139.9413526462932, 35.305060726959994], [139.94141143570562, 35.30528084767443], [139.94147022511805, 35.30550096838887], [139.94152901453046, 35.305721089103315]]}}, {"type": "Feature", "properties": {"id": "館山道-下り-0-46", "route": "館山道", "direction": "下り", "from": "君津ＰＡ、スマートIC", "to": "君津ＩＣ", "grade": -4.91, "elevation_start": 32.5, "elevation_end": 20.2, "quality": "estimated", "structure": "bridge", "chain_rank": 0, "cum_dist_start": 11500.0, "cum_dist_end": 11750.0, "anomaly": false}, "geometry": {"type": "LineString", "coordinates": [[139.94152901453046, 35.305721089103315], [139.9415878039429, 35.30594120981775], [139.94164338440333, 35.306161887565665], [139.94169847426704, 35.30638265047495], [139.94175379365325, 35.30660337431344], [139.9418105120781, 35.3068238599985], [139.9418672305029, 35.30704434568357], [139.94192394892775, 35.307264831368634], [139.94198066735257, 35.3074853170537], [139.94203662047164, 35.30770592578604], [139.9420857045951, 35.30792763892813]]}}, {"type": "Feature", "properties": {"id": "館山道-下り-0-47", "route": "館山道", "direction": "下り", "from": "君津ＰＡ、スマートIC", "to": "君津ＩＣ", "grade": 2.93, "elevation_start": 20.2, "elevation_end": 27.5, "quality": "estimated", "structure": "normal", "chain_rank": 0, "cum_dist_start": 11750.0, "cum_dist_end": 12000.0, "anomaly": false}, "geometry": {"type": "LineString", "coordinates": [[139.9420857045951, 35.30792763892813], [139.94213478871853, 35.308149352070224], [139.94218387284198, 35.30837106521232], [139.94223310046516, 35.30859275690113], [139.94228272403709, 35.30881438939539], [139.94233234760898, 35.30903602188965], [139.94238197118088, 35.30925765438392], [139.94243159475278, 35.30947928687819], [139.94248030087542, 35.309701047090925], [139.9425227188807, 35.309923682674956], [139.94256513688597, 35.31014631825899]]}}, {"type": "Feature", "properties": {"id": "館山道-下り-0-48", "route": "館山道", "direction": "下り", "from": "君津ＰＡ、スマートIC", "to": "君津ＩＣ", "grade": 1.56, "elevation_start": 27.5, "elevation_end": 31.4, "quality": "estimated", "structure": "bridge", "chain_rank": 0, "cum_dist_start": 12000.0, "cum_dist_end": 12250.0, "anomaly": false}, "geometry": {"type": "LineString", "coordinates": [[139.94256513688597, 35.31014631825899], [139.94260755489125, 35.310368953843025], [139.9426499728965, 35.310591589427055], [139.94269086073524, 35.310814413082504], [139.94272996564072, 35.311037455876715], [139.9427690705462, 35.31126049867092], [139.9428081754517, 35.31148354146512], [139.94284937080647, 35.31170633088178], [139.9428906982793, 35.31192910428478], [139.94293202575219, 35.312151877687775], [139.94297335322503, 35.31237465109077]]}}, {"type": "Feature", "properties": {"id": "館山道-下り-0-49", "route": "館山道", "direction": "下り", "from": "君津ＰＡ、スマートIC", "to": "君津ＩＣ", "grade": 1.56, "elevation_start": 31.4, "elevation_end": 35.3, "quality": "estimated", "structure": "bridge", "chain_rank": 0, "cum_dist_start": 12250.0, "cum_dist_end": 12500.0, "anomaly": false}, "geometry": {"type": "LineString", "coordinates": [[139.94297335322503, 35.31237465109077], [139.9430146806979, 35.31259742449377], [139.94305370498697, 35.31282045946096], [139.9430878259535, 35.31304405128065], [139.94312194692006, 35.31326764310033], [139.9431560678866, 35.313491234920015], [139.94319018885315, 35.313714826739705], [139.94322430981973, 35.31393841855939], [139.9432556107634, 35.31416228591841], [139.94328656973784, 35.314386186690626], [139.94331752871227, 35.314610087462846]]}}, {"type": "Feature", "properties": {"id": "館山道-下り-0-50", "route": "館山道", "direction": "下り", "from": "君津ＰＡ、スマートIC", "to": "君津ＩＣ", "grade": 1.56, "elevation_start": 35.3, "elevation_end": 39.2, "quality": "estimated", "structure": "bridge", "chain_rank": 0, "cum_dist_start": 12500.0, "cum_dist_end": 12750.0, "anomaly": false}, "geometry": {"type": "LineString", "coordinates": [[139.94331752871227, 35.314610087462846], [139.9433484876867, 35.314833988235065], [139.94337944666114, 35.315057889007285], [139.94341052065997, 35.31528177906727], [139.94344162859667, 35.315505665966626], [139.94347273653338, 35.315729552865974], [139.94350381639225, 35.31595344212883], [139.94352887849013, 35.31617783794822], [139.94355394058798, 35.316402233767604], [139.94357794144017, 35.31662670420243], [139.94359987546258, 35.316851319954594]]}}, {"type": "Feature", "properties": {"id": "館山道-下り-0-51", "route": "館山道", "direction": "下り", "from": "君津ＰＡ、スマートIC", "to": "君津ＩＣ", "grade": 1.56, "elevation_start": 39.2, "elevation_end": 43.1, "quality": "estimated", "structure": "bridge", "chain_rank": 0, "cum_dist_start": 12750.0, "cum_dist_end": 13000.0, "anomaly": false}, "geometry": {"type": "LineString", "coordinates": [[139.94359987546258, 35.316851319954594], [139.943621809485, 35.31707593570676], [139.9436437435074, 35.31730055145893], [139.94366567752982, 35.317525167211095], [139.94369030068177, 35.31774958000716], [139.94371878001692, 35.31797370176635], [139.94374725935205, 35.31819782352554], [139.94378274804376, 35.31842126918513], [139.9438185291858, 35.31864468663591], [139.94386214265342, 35.31886715235183], [139.94390699033002, 35.31908946809445]]}}, {"type": "Feature", "properties": {"id": "館山道-下り-0-52", "route": "館山道", "direction": "下り", "from": "君津ＩＣ", "to": "木更津南ＪＣＴ", "grade": 1.58, "elevation_start": 43.1, "elevation_end": 47.0, "quality": "measured", "structure": "normal", "chain_rank": 0, "cum_dist_start": 13000.0, "cum_dist_end": 13250.0, "anomaly": false}, "geometry": {"type": "LineString", "coordinates": [[139.94390699033002, 35.31908946809445], [139.94395407949523, 35.319311463505386], [139.94400368284994, 35.3195330996129], [139.94405328620468, 35.31975473572041], [139.9441131380908, 35.3199746414206], [139.9441744576636, 35.32019429931009], [139.94423932523966, 35.32041325220822], [139.94430755653892, 35.32063153673162], [139.94437578783814, 35.32084982125501], [139.94445016112016, 35.321066753826344], [139.94452455355994, 35.321283682180734]]}}, {"type": "Feature", "properties": {"id": "館山道-下り-0-53", "route": "館山道", "direction": "下り", "from": "君津ＩＣ", "to": "木更津南ＪＣＴ", "grade": 2.04, "elevation_start": 47.0, "elevation_end": 52.2, "quality": "measured", "structure": "normal", "chain_rank": 0, "cum_dist_start": 13250.0, "cum_dist_end": 13500.0, "anomaly": false}, "geometry": {"type": "LineString", "coordinates": [[139.94452455355994, 35.321283682180734], [139.94460153991275, 35.321499976268726], [139.9446843419892, 35.32171484828976], [139.9447671440656, 35.3219297203108], [139.94485337828996, 35.322143682411394], [139.94493984041912, 35.322357584090575], [139.94502630254829, 35.32257148576976], [139.94511276467745, 35.32278538744893], [139.94520034528108, 35.32299898170317], [139.9452887799165, 35.32321234121741], [139.94537652998864, 35.32342588930572]]}}, {"type": "Feature", "properties": {"id": "館山道-下り-0-54", "route": "館山道", "direction": "下り", "from": "君津ＩＣ", "to": "木更津南ＪＣＴ", "grade": 2.88, "elevation_start": 52.2, "elevation_end": 59.4, "quality": "measured", "structure": "normal", "chain_rank": 0, "cum_dist_start": 13500.0, "cum_dist_end": 13750.0, "anomaly": false}, "geometry": {"type": "LineString", "coordinates": [[139.94537652998864, 35.32342588930572], [139.94546325034196, 35.323639721046774], [139.94554254205366, 35.32385539791596], [139.9456152488181, 35.32407271035627], [139.94568795558249, 35.32429002279657], [139.9457606623469, 35.324507335236866], [139.9458333691113, 35.324724647677165], [139.94590168470103, 35.32494289201408], [139.94596620662503, 35.325161923655855], [139.94602053856408, 35.32538281416218], [139.94607487050314, 35.32560370466852]]}}, {"type": "Feature", "properties": {"id": "館山道-下り-0-55", "route": "館山道", "direction": "下り", "from": "君津ＩＣ", "to": "木更津南ＪＣＴ", "grade": 3.08, "elevation_start": 59.4, "elevation_end": 67.1, "quality": "measured", "structure": "normal", "chain_rank": 0, "cum_dist_start": 13750.0, "cum_dist_end": 14000.0, "anomaly": false}, "geometry": {"type": "LineString", "coordinates": [[139.94607487050314, 35.32560370466852], [139.94611814241475, 35.325826147931245], [139.9461566201581, 35.32604926426423], [139.94618516230022, 35.32627335725303], [139.94621215885414, 35.326497602171], [139.94623554743103, 35.32672208814311], [139.94625322795002, 35.32694695547874], [139.94627090846905, 35.32717182281438], [139.94628325456023, 35.32739690267016], [139.94629227353494, 35.32762211507611], [139.94630129250965, 35.32784732748206]]}}, {"type": "Feature", "properties": {"id": "館山道-下り-0-56", "route": "館山道", "direction": "下り", "from": "君津ＩＣ", "to": "木更津南ＪＣＴ", "grade": 2.85, "elevation_start": 67.1, "elevation_end": 74.2, "quality": "measured", "structure": "normal", "chain_rank": 0, "cum_dist_start": 14000.0, "cum_dist_end": 14250.0, "anomaly": false}, "geometry": {"type": "LineString", "coordinates": [[139.94630129250965, 35.32784732748206], [139.94630068814612, 35.328072652346705], [139.94629950999888, 35.328297983916606], [139.9462895871991, 35.328523109842855], [139.9462749969444, 35.328748126006886], [139.9462560675363, 35.32897288975875], [139.94623172734663, 35.32919733876094], [139.9461904781819, 35.329420076110786], [139.94614744128603, 35.329642632493176], [139.94610440439013, 35.329865188875566], [139.94606068403183, 35.33008765577961]]}}, {"type": "Feature", "properties": {"id": "館山道-下り-0-57", "route": "館山道", "direction": "下り", "from": "君津ＩＣ", "to": "木更津南ＪＣＴ", "grade": 1.24, "elevation_start": 74.2, "elevation_end": 77.3, "quality": "measured", "structure": "normal", "chain_rank": 0, "cum_dist_start": 14250.0, "cum_dist_end": 14500.0, "anomaly": false}, "geometry": {"type": "LineString", "coordinates": [[139.94606068403183, 35.33008765577961], [139.946016945673, 35.33031012032703], [139.94597320731413, 35.33053258487445], [139.94592790558548, 35.33075483854652], [139.94588232068867, 35.330977054023414], [139.9458322867941, 35.33119860061609], [139.9457786425495, 35.331419604410996], [139.9457249983049, 35.331640608205895], [139.94566794135466, 35.331861018961064], [139.94560750306167, 35.33208084212658], [139.94554706476868, 35.33230066529209]]}}, {"type": "Feature", "properties": {"id": "館山道-下り-0-58", "route": "館山道", "direction": "下り", "from": "君津ＩＣ", "to": "木更津南ＪＣＴ", "grade": -1.55, "elevation_start": 77.3, "elevation_end": 73.4, "quality": "measured", "structure": "normal", "chain_rank": 0, "cum_dist_start": 14500.0, "cum_dist_end": 14750.0, "anomaly": false}, "geometry": {"type": "LineString", "coordinates": [[139.94554706476868, 35.33230066529209], [139.94548662647568, 35.332520488457604], [139.9454261881827, 35.33274031162311], [139.94536574988973, 35.33296013478862], [139.94530531159674, 35.33317995795414], [139.94524509722993, 35.33339982075286], [139.94518944675798, 35.33362049132598], [139.9451342359322, 35.33384123589762], [139.94507926313332, 35.33406202053251], [139.94503510026382, 35.33428436694899], [139.94499422658137, 35.33450719682499]]}}, {"type": "Feature", "properties": {"id": "館山道-下り-0-59", "route": "館山道", "direction": "下り", "from": "君津ＩＣ", "to": "木更津南ＪＣＴ", "grade": -2.69, "elevation_start": 73.4, "elevation_end": 66.7, "quality": "measured", "structure": "normal", "chain_rank": 0, "cum_dist_start": 14750.0, "cum_dist_end": 15000.0, "anomaly": false}, "geometry": {"type": "LineString", "coordinates": [[139.94499422658137, 35.33450719682499], [139.94495280571087, 35.33472995917686], [139.94491190455216, 35.334952784531104], [139.94487284534233, 35.335175833176656], [139.94483378613253, 35.33539888182221], [139.94479713920774, 35.33562220404463], [139.9447608052962, 35.33584556176583], [139.94472447138463, 35.33606891948703], [139.94468813747307, 35.33629227720824], [139.94465246570377, 35.33651569941194], [139.94462390143423, 35.336739813777115]]}}, {"type": "Feature", "properties": {"id": "館山道-下り-0-60", "route": "館山道", "direction": "下り", "from": "君津ＩＣ", "to": "木更津南ＪＣＴ", "grade": -2.98, "elevation_start": 66.7, "elevation_end": 59.3, "quality": "measured", "structure": "normal", "chain_rank": 0, "cum_dist_start": 15000.0, "cum_dist_end": 15250.0, "anomaly": false}, "geometry": {"type": "LineString", "coordinates": [[139.94462390143423, 35.336739813777115], [139.94459533716469, 35.33696392814228], [139.94456777090204, 35.33718811936139], [139.9445448773593, 35.33741267041462], [139.94452198381657, 35.337637221467844], [139.94449909027384, 35.33786177252107], [139.9444761967311, 35.3380863235743], [139.94445450904524, 35.33831095487415], [139.9444346343962, 35.3385356827006], [139.94442088625996, 35.33876073415908], [139.9444071381237, 35.33898578561756]]}}, {"type": "Feature", "properties": {"id": "館山道-下り-0-61", "route": "館山道", "direction": "下り", "from": "君津ＩＣ", "to": "木更津南ＪＣＴ", "grade": -2.92, "elevation_start": 59.3, "elevation_end": 52.0, "quality": "measured", "structure": "normal", "chain_rank": 0, "cum_dist_start": 15250.0, "cum_dist_end": 15500.0, "anomaly": false}, "geometry": {"type": "LineString", "coordinates": [[139.9444071381237, 35.33898578561756], [139.94439338998745, 35.33921083707603], [139.94437964185119, 35.33943588853451], [139.94436749542734, 35.33966099448103], [139.9443584262598, 35.339886205111554], [139.94434935709225, 35.34011141574208], [139.94434976061447, 35.340336744756414], [139.94435044050235, 35.3405620772246], [139.9443511203902, 35.34078740969277], [139.94435180027807, 35.341012742160956], [139.94435248016595, 35.34123807462913]]}}, {"type": "Feature", "properties": {"id": "館山道-下り-0-62", "route": "館山道", "direction": "下り", "from": "君津ＩＣ", "to": "木更津南ＪＣＴ", "grade": -2.39, "elevation_start": 52.0, "elevation_end": 46.0, "quality": "measured", "structure": "normal", "chain_rank": 0, "cum_dist_start": 15500.0, "cum_dist_end": 15750.0, "anomaly": false}, "geometry": {"type": "LineString", "coordinates": [[139.94435248016595, 35.34123807462913], [139.94435316005382, 35.34146340709731], [139.9443538399417, 35.34168873956549], [139.9443546301105, 35.34191407118775], [139.94435909115245, 35.34213937465232], [139.94436355219437, 35.34236467811688], [139.94436960367736, 35.34258995443902], [139.94437658673425, 35.342815214862945], [139.94438356979117, 35.34304047528687], [139.94439055284806, 35.343265735710794], [139.94439753590498, 35.34349099613471]]}}, {"type": "Feature", "properties": {"id": "館山道-下り-0-63", "route": "館山道", "direction": "下り", "from": "君津ＩＣ", "to": "木更津南ＪＣＴ", "grade": -1.48, "elevation_start": 46.0, "elevation_end": 42.3, "quality": "measured", "structure": "normal", "chain_rank": 0, "cum_dist_start": 15750.0, "cum_dist_end": 16000.0, "anomaly": false}, "geometry": {"type": "LineString", "coordinates": [[139.94439753590498, 35.34349099613471], [139.94440451896187, 35.343716256558636], [139.9444126181212, 35.343941489799036], [139.9444219614938, 35.344166692735676], [139.94443130486636, 35.34439189567232], [139.94444064823895, 35.34461709860896], [139.94444999161152, 35.3448423015456], [139.94445933498412, 35.34506750448224], [139.9444686783567, 35.34529270741888], [139.94447802172928, 35.34551791035552], [139.9444885480868, 35.345743067005884]]}}, {"type": "Feature", "properties": {"id": "館山道-下り-0-64", "route": "館山道", "direction": "下り", "from": "君津ＩＣ", "to": "木更津南ＪＣＴ", "grade": -0.75, "elevation_start": 42.3, "elevation_end": 40.4, "quality": "measured", "structure": "normal", "chain_rank": 0, "cum_dist_start": 16000.0, "cum_dist_end": 16250.0, "anomaly": false}, "geometry": {"type": "LineString", "coordinates": [[139.9444885480868, 35.345743067005884], [139.94450543569175, 35.345967974761734], [139.94452231840964, 35.34619288276229], [139.94453916075003, 35.34641779278467], [139.9445574948295, 35.34664260908178], [139.94458270334408, 35.34686699346137], [139.94460791185867, 35.34709137784095], [139.94463620895982, 35.34731550956733], [139.9446666184342, 35.34753944731945], [139.94470613567896, 35.34776244204626], [139.94475089732694, 35.347984732753304]]}}, {"type": "Feature", "properties": {"id": "館山道-下り-0-65", "route": "館山道", "direction": "下り", "from": "君津ＩＣ", "to": "木更津南ＪＣＴ", "grade": 1.44, "elevation_start": 40.4, "elevation_end": 44.0, "quality": "estimated", "structure": "bridge", "chain_rank": 0, "cum_dist_start": 16250.0, "cum_dist_end": 16500.0, "anomaly": false}, "geometry": {"type": "LineString", "coordinates": [[139.94475089732694, 35.347984732753304], [139.94480030552387, 35.34820639969781], [139.94485157921375, 35.348427748808476], [139.94491412888647, 35.34864717677061], [139.9449766785592, 35.34886660473275], [139.94504556707187, 35.34908472110942], [139.94511818695344, 35.349302053340345], [139.94519539136655, 35.34951832614043], [139.94527259577967, 35.349734598940515], [139.94536751993755, 35.34994602955377], [139.94546423988177, 35.35015696944138]]}}, {"type": "Feature", "properties": {"id": "館山道-下り-0-66", "route": "館山道", "direction": "下り", "from": "君津ＩＣ", "to": "木更津南ＪＣＴ", "grade": 1.8, "elevation_start": 44.0, "elevation_end": 48.5, "quality": "estimated", "structure": "bridge", "chain_rank": 0, "cum_dist_start": 16500.0, "cum_dist_end": 16750.0, "anomaly": false}, "geometry": {"type": "LineString", "coordinates": [[139.94546423988177, 35.35015696944138], [139.94556357264773, 35.35036708676763], [139.94566417093216, 35.35057680568684], [139.945775453456, 35.350782855492646], [139.94588999643275, 35.350987682727286], [139.9460147974731, 35.351188454288575], [139.9461434595256, 35.35138761169965], [139.94627212157803, 35.35158676911072], [139.9464007836305, 35.35178592652179], [139.94653123870324, 35.35198429716214], [139.9466670098467, 35.35218022449404]]}}, {"type": "Feature", "properties": {"id": "館山道-下り-0-67", "route": "館山道", "direction": "下り", "from": "君津ＩＣ", "to": "木更津南ＪＣＴ", "grade": 1.1, "elevation_start": 48.5, "elevation_end": 51.3, "quality": "estimated", "structure": "normal", "chain_rank": 0, "cum_dist_start": 16750.0, "cum_dist_end": 17000.0, "anomaly": false}, "geometry": {"type": "LineString", "coordinates": [[139.9466670098467, 35.35218022449404], [139.94680715630122, 35.352374094165754], [139.94695541509236, 35.352563887570206], [139.947107155382, 35.352751818990164], [139.94726762249212, 35.352934728840815], [139.9474331283787, 35.35311468676528], [139.94760612248484, 35.35328986790184], [139.947779116591, 35.353465049038405], [139.94795596620142, 35.353637614089884], [139.94813386418298, 35.35380946778742], [139.9483190519319, 35.353976063328574]]}}, {"type": "Feature", "properties": {"id": "館山道-下り-0-68", "route": "館山道", "direction": "下り", "from": "木更津南ＪＣＴ", "to": "木更津JCT", "grade": -0.04, "elevation_start": 51.3, "elevation_end": 51.2, "quality": "measured", "structure": "normal", "chain_rank": 0, "cum_dist_start": 17000.0, "cum_dist_end": 17250.0, "anomaly": false}, "geometry": {"type": "LineString", "coordinates": [[139.9483190519319, 35.353976063328574], [139.94850462521106, 35.35414238078426], [139.94869312514786, 35.35430639649308], [139.9488884144221, 35.35446507254891], [139.94908489141943, 35.35462275628779], [139.94928243912824, 35.354779545470365], [139.94948060056606, 35.354935801950674], [139.9496830995378, 35.35508829355438], [139.94988586329782, 35.35524054741896], [139.95008983135313, 35.35539172001183], [139.95029379940843, 35.355542892604696]]}}, {"type": "Feature", "properties": {"id": "館山道-下り-0-69", "route": "館山道", "direction": "下り", "from": "木更津南ＪＣＴ", "to": "木更津JCT", "grade": -1.68, "elevation_start": 51.2, "elevation_end": 47.0, "quality": "measured", "structure": "normal", "chain_rank": 0, "cum_dist_start": 17250.0, "cum_dist_end": 17500.0, "anomaly": false}, "geometry": {"type": "LineString", "coordinates": [[139.95029379940843, 35.355542892604696], [139.95050003740113, 35.35569197073052], [139.95070745890217, 35.35583995683534], [139.95091449122765, 35.35598830854675], [139.9511213276936, 35.356136844256206], [139.95132816415958, 35.356285379965655], [139.95153500062554, 35.356433915675105], [139.95173880881268, 35.35658520355999], [139.95194049587496, 35.35673841917614], [139.95214218293725, 35.35689163479229], [139.9523459069976, 35.35704302893427]]}}, {"type": "Feature", "properties": {"id": "館山道-下り-0-70", "route": "館山道", "direction": "下り", "from": "木更津南ＪＣＴ", "to": "木更津JCT", "grade": -2.91, "elevation_start": 47.0, "elevation_end": 39.7, "quality": "measured", "structure": "normal", "chain_rank": 0, "cum_dist_start": 17500.0, "cum_dist_end": 17750.0, "anomaly": false}, "geometry": {"type": "LineString", "coordinates": [[139.9523459069976, 35.35704302893427], [139.9525476100838, 35.357196182728494], [139.95274477388762, 35.357353301378915], [139.95294193769143, 35.35751042002933], [139.95313910149528, 35.35766753867975], [139.95333302572135, 35.35782730887532], [139.95352459966125, 35.35798900274439], [139.95371617360115, 35.358150696613464], [139.95389995633, 35.35831823062678], [139.9540795653607, 35.358488893165145], [139.9542591743914, 35.35865955570351]]}}, {"type": "Feature", "properties": {"id": "館山道-下り-0-71", "route": "館山道", "direction": "下り", "from": "木更津南ＪＣＴ", "to": "木更津JCT", "grade": -2.55, "elevation_start": 39.7, "elevation_end": 33.3, "quality": "measured", "structure": "normal", "chain_rank": 0, "cum_dist_start": 17750.0, "cum_dist_end": 18000.0, "anomaly": false}, "geometry": {"type": "LineString", "coordinates": [[139.9542591743914, 35.35865955570351], [139.95443878342212, 35.35883021824188], [139.9546153022745, 35.359002980476646], [139.95478680787326, 35.359179149087865], [139.9549575315272, 35.35935582074345], [139.95512573507122, 35.35953411364796], [139.9552939386152, 35.35971240655247], [139.95546101557244, 35.35989140415322], [139.95562661049516, 35.36007132878793], [139.95579240621532, 35.36025112960129], [139.95595801983296, 35.360431039520954]]}}, {"type": "Feature", "properties": {"id": "館山道-下り-0-72", "route": "館山道", "direction": "下り", "from": "木更津南ＪＣＴ", "to": "木更津JCT", "grade": 0.41, "elevation_start": 33.3, "elevation_end": 34.3, "quality": "estimated", "structure": "bridge", "chain_rank": 0, "cum_dist_start": 18000.0, "cum_dist_end": 18250.0, "anomaly": false}, "geometry": {"type": "LineString", "coordinates": [[139.95595801983296, 35.360431039520954], [139.95611774944342, 35.36061448877003], [139.9562777399506, 35.360797784029046], [139.9564397125673, 35.360979909380056], [139.95660168518398, 35.36116203473106], [139.95676365780065, 35.36134416008206], [139.95692563041735, 35.36152628543307], [139.95709329332723, 35.36170490604921], [139.95725999724954, 35.36188412821431], [139.95742385682385, 35.36206511828715], [139.95759037826326, 35.362244464142414]]}}, {"type": "Feature", "properties": {"id": "館山道-下り-0-73", "route": "館山道", "direction": "下り", "from": "木更津南ＪＣＴ", "to": "木更津JCT", "grade": 0.63, "elevation_start": 34.3, "elevation_end": 35.9, "quality": "estimated", "structure": "bridge", "chain_rank": 0, "cum_dist_start": 18250.0, "cum_dist_end": 18500.0, "anomaly": false}, "geometry": {"type": "LineString", "coordinates": [[139.95759037826326, 35.362244464142414], [139.95775777485363, 35.36242326942235], [139.95793092134124, 35.36259834034864], [139.9581052941084, 35.36277261484997], [139.95827898261336, 35.36294734719366], [139.95845576473272, 35.36311992750131], [139.95863787267587, 35.36328881085873], [139.95881899587647, 35.36345840325393], [139.959001301603, 35.36362714183318], [139.95918763596495, 35.363792851273054], [139.95937790215874, 35.36395558887771]]}}, {"type": "Feature", "properties": {"id": "館山道-下り-0-74", "route": "館山道", "direction": "下り", "from": "木更津南ＪＣＴ", "to": "木更津JCT", "grade": 0.63, "elevation_start": 35.9, "elevation_end": 37.5, "quality": "estimated", "structure": "bridge", "chain_rank": 0, "cum_dist_start": 18500.0, "cum_dist_end": 18750.0, "anomaly": false}, "geometry": {"type": "LineString", "coordinates": [[139.95937790215874, 35.36395558887771], [139.95956835341335, 35.36411817989976], [139.95976062382576, 35.36427933000704], [139.95995289423817, 35.36444048011431], [139.9601451646506, 35.364601630221586], [139.96034424838476, 35.36475707190968], [139.96054529689633, 35.36491086744433], [139.9607463454079, 35.36506466297898], [139.96094739391947, 35.365218458513624], [139.96115492103672, 35.365366295007824], [139.96136464473776, 35.365512111077884]]}}, {"type": "Feature", "properties": {"id": "館山道-下り-0-75", "route": "館山道", "direction": "下り", "from": "木更津南ＪＣＴ", "to": "木更津JCT", "grade": 1.08, "elevation_start": 37.5, "elevation_end": 40.2, "quality": "estimated", "structure": "normal", "chain_rank": 0, "cum_dist_start": 18750.0, "cum_dist_end": 19000.0, "anomaly": false}, "geometry": {"type": "LineString", "coordinates": [[139.96136464473776, 35.365512111077884], [139.96157408873006, 35.36565819693154], [139.96178338004205, 35.365804430047866], [139.9619950836256, 35.36594824283457], [139.9622119022566, 35.36608692348728], [139.9624287208876, 35.36622560413999], [139.96264553951858, 35.366364284792695], [139.96286634858012, 35.366498650650165], [139.96308807035498, 35.36663202960386], [139.96330979212982, 35.36676540855756], [139.96353714820992, 35.36689225999903]]}}, {"type": "Feature", "properties": {"id": "館山道-下り-0-76", "route": "館山道", "direction": "下り", "from": "木更津南ＪＣＴ", "to": "木更津JCT", "grade": 0.28, "elevation_start": 40.2, "elevation_end": 40.9, "quality": "measured", "structure": "normal", "chain_rank": 0, "cum_dist_start": 19000.0, "cum_dist_end": 19250.0, "anomaly": false}, "geometry": {"type": "LineString", "coordinates": [[139.96353714820992, 35.36689225999903], [139.96376461592897, 35.36701898210344], [139.9639935463873, 35.36714389481532], [139.96422480440182, 35.36726592836553], [139.96445606241636, 35.367387961915746], [139.96469014523998, 35.3675063068809], [139.96492496091818, 35.367623694897645], [139.9651603263497, 35.367740333433744], [139.96539716613552, 35.367854961977336], [139.96563400592137, 35.36796959052092], [139.96587225629014, 35.36808219565152]]}}, {"type": "Feature", "properties": {"id": "館山道-下り-0-77", "route": "館山道", "direction": "下り", "from": "木更津南ＪＣＴ", "to": "木更津JCT", "grade": -1.01, "elevation_start": 40.9, "elevation_end": 38.4, "quality": "measured", "structure": "normal", "chain_rank": 0, "cum_dist_start": 19250.0, "cum_dist_end": 19500.0, "anomaly": false}, "geometry": {"type": "LineString", "coordinates": [[139.96587225629014, 35.36808219565152], [139.96611319797614, 35.36819094021769], [139.96635413966217, 35.368299684783864], [139.96659508134817, 35.36840842935004], [139.96683602303418, 35.36851717391622], [139.9670769647202, 35.368625918482394], [139.9673179064062, 35.36873466304857], [139.96755884809224, 35.36884340761475], [139.9677999869405, 35.36895185642973], [139.96804215014564, 35.36905876866894], [139.96828431335075, 35.36916568090816]]}}, {"type": "Feature", "properties": {"id": "館山道-下り-0-78", "route": "館山道", "direction": "下り", "from": "木更津南ＪＣＴ", "to": "木更津JCT", "grade": -1.61, "elevation_start": 38.4, "elevation_end": 34.3, "quality": "measured", "structure": "normal", "chain_rank": 0, "cum_dist_start": 19500.0, "cum_dist_end": 19750.0, "anomaly": false}, "geometry": {"type": "LineString", "coordinates": [[139.96828431335075, 35.36916568090816], [139.96852647655587, 35.36927259314737], [139.968768639761, 35.36937950538658], [139.96901080296612, 35.369486417625794], [139.96925296617124, 35.369593329865005], [139.96949426701556, 35.3697015335889], [139.96973471467703, 35.3698110150524], [139.9699751623385, 35.369920496515896], [139.97021459181977, 35.370031458419724], [139.97045343736715, 35.370143269367006], [139.97069228291454, 35.37025508031428]]}}, {"type": "Feature", "properties": {"id": "館山道-下り-0-79", "route": "館山道", "direction": "下り", "from": "木更津南ＪＣＴ", "to": "木更津JCT", "grade": 0.09, "elevation_start": 34.3, "elevation_end": 34.5, "quality": "estimated", "structure": "bridge", "chain_rank": 0, "cum_dist_start": 19750.0, "cum_dist_end": 20000.0, "anomaly": false}, "geometry": {"type": "LineString", "coordinates": [[139.97069228291454, 35.37025508031428], [139.97093004246375, 35.370368404817754], [139.9711654763173, 35.370484970644306], [139.97140091017087, 35.37060153647085], [139.9716354024891, 35.370719353144715], [139.97186825410944, 35.37083934951642], [139.97210107345376, 35.37095938708786], [139.97233124644004, 35.37108280268527], [139.97256015861683, 35.37120777381599], [139.97278731719237, 35.37133486612335], [139.97301233100498, 35.371464507654814]]}}, {"type": "Feature", "properties": {"id": "館山道-下り-0-80", "route": "館山道", "direction": "下り", "from": "木更津南ＪＣＴ", "to": "木更津JCT", "grade": 0.23, "elevation_start": 34.5, "elevation_end": 35.1, "quality": "estimated", "structure": "bridge", "chain_rank": 0, "cum_dist_start": 20000.0, "cum_dist_end": 20250.0, "anomaly": false}, "geometry": {"type": "LineString", "coordinates": [[139.97301233100498, 35.371464507654814], [139.97323678328695, 35.371594802224685], [139.97346123556892, 35.37172509679456], [139.97368351255847, 35.37185786372713], [139.97390537860755, 35.37199109772052], [139.9741247699768, 35.37212703921101], [139.97434330330813, 35.372263919463386], [139.9745616072882, 35.37240103842343], [139.97477538379925, 35.37254286955054], [139.97498916031032, 35.372684700677645], [139.97520185910628, 35.37282759286992]]}}, {"type": "Feature", "properties": {"id": "館山道-下り-0-81", "route": "館山道", "direction": "下り", "from": "木更津南ＪＣＴ", "to": "木更津JCT", "grade": 0.37, "elevation_start": 35.1, "elevation_end": 36.0, "quality": "measured", "structure": "normal", "chain_rank": 0, "cum_dist_start": 20250.0, "cum_dist_end": 20500.0, "anomaly": false}, "geometry": {"type": "LineString", "coordinates": [[139.97520185910628, 35.37282759286992], [139.97541099409995, 35.37297399380633], [139.97562012909358, 35.373120394742756], [139.975828482842, 35.37326751941908], [139.97603146721144, 35.373419618248995], [139.9762344515809, 35.37357171707891], [139.97643743595034, 35.373723815908825], [139.9766389642738, 35.373877164863224], [139.97683398657352, 35.37403609972612], [139.97702900887325, 35.37419503458902], [139.97722403117294, 35.37435396945192]]}}, {"type": "Feature", "properties": {"id": "館山道-下り-0-82", "route": "館山道", "direction": "下り", "from": "木更津南ＪＣＴ", "to": "木更津JCT", "grade": -0.19, "elevation_start": 36.0, "elevation_end": 35.6, "quality": "measured", "structure": "normal", "chain_rank": 0, "cum_dist_start": 20500.0, "cum_dist_end": 20750.0, "anomaly": false}, "geometry": {"type": "LineString", "coordinates": [[139.97722403117294, 35.37435396945192], [139.97741711521414, 35.374514465893064], [139.9776078592028, 35.374676847621984], [139.97779860319147, 35.3748392293509], [139.97798934718014, 35.37500161107981], [139.97818035463254, 35.37516378502477], [139.97837203286613, 35.37532542994982], [139.9785637110997, 35.37548707487487], [139.9787553893333, 35.375648719799926], [139.97894706756688, 35.37581036472498], [139.97913874580044, 35.37597200965003]]}}, {"type": "Feature", "properties": {"id": "館山道-下り-0-83", "route": "館山道", "direction": "下り", "from": "木更津JCT", "to": "木更津北ＩＣ", "grade": -1.12, "elevation_start": 35.6, "elevation_end": 32.8, "quality": "measured", "structure": "normal", "chain_rank": 0, "cum_dist_start": 20750.0, "cum_dist_end": 21000.0, "anomaly": false}, "geometry": {"type": "LineString", "coordinates": [[139.97913874580044, 35.37597200965003], [139.97933042403403, 35.37613365457508], [139.9795221022676, 35.37629529950013], [139.97971378050119, 35.376456944425186], [139.97990545873478, 35.37661858935024], [139.98009713696834, 35.37678023427529], [139.98028881520193, 35.37694187920034], [139.98048049343552, 35.377103524125395], [139.98067217166908, 35.377265169050446], [139.98086384990268, 35.3774268139755], [139.9810560403882, 35.37758804993813]]}}, {"type": "Feature", "properties": {"id": "館山道-下り-0-84", "route": "館山道", "direction": "下り", "from": "木更津JCT", "to": "木更津北ＩＣ", "grade": -1.74, "elevation_start": 32.8, "elevation_end": 28.4, "quality": "measured", "structure": "normal", "chain_rank": 0, "cum_dist_start": 21000.0, "cum_dist_end": 21250.0, "anomaly": false}, "geometry": {"type": "LineString", "coordinates": [[139.9810560403882, 35.37758804993813], [139.98124899331896, 35.37774867719358], [139.98144194624973, 35.37790930444903], [139.9816348991805, 35.378069931704474], [139.981831896926, 35.37822718578585], [139.9820315231767, 35.378382247824774], [139.9822311494274, 35.378537309863695], [139.9824307756781, 35.378692371902616], [139.9826333792656, 35.378844779221815], [139.98283899084396, 35.378994504488816], [139.98304519689032, 35.379143677110584]]}}, {"type": "Feature", "properties": {"id": "館山道-下り-0-85", "route": "館山道", "direction": "下り", "from": "木更津JCT", "to": "木更津北ＩＣ", "grade": -1.42, "elevation_start": 28.4, "elevation_end": 24.9, "quality": "measured", "structure": "normal", "chain_rank": 0, "cum_dist_start": 21250.0, "cum_dist_end": 21500.0, "anomaly": false}, "geometry": {"type": "LineString", "coordinates": [[139.98304519689032, 35.379143677110584], [139.9832525595469, 35.37929177449341], [139.98346044490657, 35.37943935567729], [139.98367653299564, 35.37957883620032], [139.9838926210847, 35.37971831672334], [139.98411146790644, 35.37985487727762], [139.984330605107, 35.37999113048167], [139.9845529462958, 35.380123851413586], [139.98477554316437, 35.38025629046851], [139.98500308774248, 35.380382936103004], [139.98523136633034, 35.38050872226365]]}}, {"type": "Feature", "properties": {"id": "館山道-下り-0-86", "route": "館山道", "direction": "下り", "from": "木更津JCT", "to": "木更津北ＩＣ", "grade": -0.82, "elevation_start": 24.9, "elevation_end": 22.8, "quality": "measured", "structure": "normal", "chain_rank": 0, "cum_dist_start": 21500.0, "cum_dist_end": 21750.0, "anomaly": false}, "geometry": {"type": "LineString", "coordinates": [[139.98523136633034, 35.38050872226365], [139.98545964491817, 35.3806345084243], [139.9856905893193, 35.38075692770919], [139.98592397216981, 35.380876267274964], [139.9861586685388, 35.38099384895095], [139.98639466803078, 35.381109686649474], [139.98663308130583, 35.38122206337294], [139.98687481934715, 35.38132967291855], [139.98711696028377, 35.381436670182296], [139.98735970700116, 35.3815427468383], [139.98760413614096, 35.38164611735487]]}}, {"type": "Feature", "properties": {"id": "館山道-下り-0-87", "route": "館山道", "direction": "下り", "from": "木更津JCT", "to": "木更津北ＩＣ", "grade": 0.14, "elevation_start": 22.8, "elevation_end": 23.1, "quality": "measured", "structure": "normal", "chain_rank": 0, "cum_dist_start": 21750.0, "cum_dist_end": 22000.0, "anomaly": false}, "geometry": {"type": "LineString", "coordinates": [[139.98760413614096, 35.38164611735487], [139.98785169021136, 35.38174446148926], [139.9880996967077, 35.38184203465767], [139.98834817377087, 35.381938805946916], [139.9885973359301, 35.38203438419508], [139.98884687926184, 35.3821292986613], [139.98909642259358, 35.38222421312752], [139.98934952770958, 35.38231249316309], [139.98960364395973, 35.382398889788924], [139.98985776020984, 35.382485286414756], [139.99011187646, 35.38257168304059]]}}, {"type": "Feature", "properties": {"id": "館山道-下り-0-88", "route": "館山道", "direction": "下り", "from": "木更津JCT", "to": "木更津北ＩＣ", "grade": 0.43, "elevation_start": 23.1, "elevation_end": 24.2, "quality": "estimated", "structure": "normal", "chain_rank": 0, "cum_dist_start": 22000.0, "cum_dist_end": 22250.0, "anomaly": false}, "geometry": {"type": "LineString", "coordinates": [[139.99011187646, 35.38257168304059], [139.99036599271014, 35.38265807966642], [139.99061711058027, 35.38275016078691], [139.99086807062164, 35.38284254112795], [139.991119030663, 35.38293492146899], [139.99136999070436, 35.38302730181003], [139.99162095074573, 35.38311968215107], [139.99187191078707, 35.383212062492106], [139.99212287082844, 35.38330444283315], [139.99237379033227, 35.383396897703605], [139.9926246230974, 35.38348951204568]]}}, {"type": "Feature", "properties": {"id": "館山道-下り-0-89", "route": "館山道", "direction": "下り", "from": "木更津JCT", "to": "木更津北ＩＣ", "grade": 0.58, "elevation_start": 24.2, "elevation_end": 25.7, "quality": "estimated", "structure": "bridge", "chain_rank": 0, "cum_dist_start": 22250.0, "cum_dist_end": 22500.0, "anomaly": false}, "geometry": {"type": "LineString", "coordinates": [[139.9926246230974, 35.38348951204568], [139.99287542278842, 35.38358218694878], [139.99312618534057, 35.38367492985569], [139.9933769478927, 35.383767672762595], [139.99362197891386, 35.38387014636938], [139.9938660573952, 35.38397415528231], [139.99410916943273, 35.38407968092935], [139.99434965245845, 35.38418914271255], [139.99458821655406, 35.38430141509928], [139.99482547689846, 35.38441549089996], [139.99506038959862, 35.384532814079584]]}}, {"type": "Feature", "properties": {"id": "館山道-下り-0-90", "route": "館山道", "direction": "下り", "from": "木更津JCT", "to": "木更津北ＩＣ", "grade": -0.16, "elevation_start": 25.7, "elevation_end": 25.3, "quality": "estimated", "structure": "normal", "chain_rank": 0, "cum_dist_start": 22500.0, "cum_dist_end": 22750.0, "anomaly": false}, "geometry": {"type": "LineString", "coordinates": [[139.99506038959862, 35.384532814079584], [139.99529399789796, 35.38465186884586], [139.9955263863533, 35.38477247431531], [139.99575418051074, 35.38489886306033], [139.99598197466815, 35.38502525180535], [139.9962076477475, 35.38515415894706], [139.99643279395016, 35.385283691659545], [139.9966544363918, 35.38541709802292], [139.9968713344009, 35.38555574968558], [139.99708823241005, 35.38569440134824], [139.99730513041916, 35.3858330530109]]}}, {"type": "Feature", "properties": {"id": "館山道-下り-0-91", "route": "館山道", "direction": "下り", "from": "木更津北ＩＣ", "to": "姉崎袖ケ浦ＩＣ", "grade": -0.42, "elevation_start": 25.3, "elevation_end": 24.2, "quality": "estimated", "structure": "bridge", "chain_rank": 0, "cum_dist_start": 22750.0, "cum_dist_end": 23000.0, "anomaly": false}, "geometry": {"type": "LineString", "coordinates": [[139.99730513041916, 35.3858330530109], [139.99752003942712, 35.38597369777246], [139.99772912605346, 35.386120176910865], [139.99793668818322, 35.38626809901279], [139.99814370247165, 35.38641653965641], [139.99835052882278, 35.38656515586181], [139.9985570652525, 35.3867140428975], [139.99875857101966, 35.38686747792325], [139.9989540494712, 35.38702604319698], [139.9991486854417, 35.38718532056798], [139.9993411305588, 35.38734634241014]]}}, {"type": "Feature", "properties": {"id": "館山道-下り-0-92", "route": "館山道", "direction": "下り", "from": "木更津北ＩＣ", "to": "姉崎袖ケ浦ＩＣ", "grade": -0.42, "elevation_start": 24.2, "elevation_end": 23.2, "quality": "estimated", "structure": "normal", "chain_rank": 0, "cum_dist_start": 23000.0, "cum_dist_end": 23250.0, "anomaly": false}, "geometry": {"type": "LineString", "coordinates": [[139.9993411305588, 35.38734634241014], [139.99952946803495, 35.387510617639855], [139.99971646780907, 35.38767591706704], [139.99990205849954, 35.387842276732414], [140.0000862294605, 35.388009686017384], [140.00026866139567, 35.388178374514254], [140.00044228386082, 35.388353175049055], [140.00061549496888, 35.38852826098467], [140.00078760914403, 35.3887040637951], [140.0009576111057, 35.38888124699317], [140.00112627935712, 35.389059257141106]]}}, {"type": "Feature", "properties": {"id": "館山道-下り-0-93", "route": "館山道", "direction": "下り", "from": "木更津北ＩＣ", "to": "姉崎袖ケ浦ＩＣ", "grade": -0.42, "elevation_start": 23.2, "elevation_end": 22.1, "quality": "estimated", "structure": "bridge", "chain_rank": 0, "cum_dist_start": 23250.0, "cum_dist_end": 23500.0, "anomaly": false}, "geometry": {"type": "LineString", "coordinates": [[140.00112627935712, 35.389059257141106], [140.0012884122034, 35.38924131948299], [140.00145054504966, 35.38942338182488], [140.00160059346064, 35.38961225738915], [140.0017504175383, 35.389801259432886], [140.00190024161594, 35.38999026147662], [140.0020491996309, 35.39017972100643], [140.00219754188342, 35.39036950580454], [140.00234588413596, 35.39055929060265], [140.00249000644803, 35.390751182487], [140.00262809091714, 35.39094608916643]]}}, {"type": "Feature", "properties": {"id": "館山道-下り-0-94", "route": "館山道", "direction": "下り", "from": "木更津北ＩＣ", "to": "姉崎袖ケ浦ＩＣ", "grade": -0.42, "elevation_start": 22.1, "elevation_end": 21.0, "quality": "estimated", "structure": "bridge", "chain_rank": 0, "cum_dist_start": 23500.0, "cum_dist_end": 23750.0, "anomaly": false}, "geometry": {"type": "LineString", "coordinates": [[140.00262809091714, 35.39094608916643], [140.00276617538628, 35.39114099584585], [140.0028973286069, 35.391339027601155], [140.00302460572138, 35.39153880696744], [140.00315188283582, 35.39173858633372], [140.0032739424014, 35.39194051874299], [140.00339429196617, 35.392143156791114], [140.0035075446098, 35.392348504915724], [140.00361975524837, 35.39255425094715], [140.00372953084815, 35.392760875975405], [140.00383927468698, 35.392967512468665]]}}, {"type": "Feature", "properties": {"id": "館山道-下り-0-95", "route": "館山道", "direction": "下り", "from": "木更津北ＩＣ", "to": "姉崎袖ケ浦ＩＣ", "grade": -0.42, "elevation_start": 21.0, "elevation_end": 20.0, "quality": "estimated", "structure": "bridge", "chain_rank": 0, "cum_dist_start": 23750.0, "cum_dist_end": 24000.0, "anomaly": false}, "geometry": {"type": "LineString", "coordinates": [[140.00383927468698, 35.392967512468665], [140.00394292521955, 35.39317611047583], [140.0040344077329, 35.39338862552539], [140.00412589024623, 35.39360114057495], [140.00421737275954, 35.39381365562451], [140.00430698592885, 35.39402670102981], [140.00439564437283, 35.39424001730233], [140.00448430281685, 35.39445333357486], [140.00455829882452, 35.3946703257106], [140.00463067967942, 35.394887722764096], [140.00470306053433, 35.395105119817586]]}}, {"type": "Feature", "properties": {"id": "館山道-下り-0-96", "route": "館山道", "direction": "下り", "from": "木更津北ＩＣ", "to": "姉崎袖ケ浦ＩＣ", "grade": -0.42, "elevation_start": 20.0, "elevation_end": 18.9, "quality": "estimated", "structure": "bridge", "chain_rank": 0, "cum_dist_start": 24000.0, "cum_dist_end": 24250.0, "anomaly": false}, "geometry": {"type": "LineString", "coordinates": [[140.00470306053433, 35.395105119817586], [140.00477544138923, 35.39532251687108], [140.004848815589, 35.39553968334613], [140.0049265531601, 35.395755836981245], [140.00500429073116, 35.39597199061637], [140.00508202830224, 35.39618814425148], [140.0051557102456, 35.39640521906886], [140.00522501031423, 35.396623289171195], [140.00529431038288, 35.39684135927353], [140.0053636104515, 35.397059429375865], [140.00543291052014, 35.39727749947821]]}}, {"type": "Feature", "properties": {"id": "館山道-下り-0-97", "route": "館山道", "direction": "下り", "from": "木更津北ＩＣ", "to": "姉崎袖ケ浦ＩＣ", "grade": -0.37, "elevation_start": 18.9, "elevation_end": 18.0, "quality": "estimated", "structure": "normal", "chain_rank": 0, "cum_dist_start": 24250.0, "cum_dist_end": 24500.0, "anomaly": false}, "geometry": {"type": "LineString", "coordinates": [[140.00543291052014, 35.39727749947821], [140.00550221058876, 35.39749556958054], [140.0055715106574, 35.39771363968288], [140.00564081072602, 35.39793170978521], [140.00571011079467, 35.39814977988755], [140.0057794108633, 35.39836784998988], [140.00584871093193, 35.39858592009222], [140.00591801100057, 35.39880399019456], [140.0059873110692, 35.39902206029689], [140.00605661113784, 35.39924013039923], [140.00612591120648, 35.39945820050156]]}}, {"type": "Feature", "properties": {"id": "館山道-下り-0-98", "route": "館山道", "direction": "下り", "from": "木更津北ＩＣ", "to": "姉崎袖ケ浦ＩＣ", "grade": -0.34, "elevation_start": 18.0, "elevation_end": 17.1, "quality": "measured", "structure": "normal", "chain_rank": 0, "cum_dist_start": 24500.0, "cum_dist_end": 24750.0, "anomaly": false}, "geometry": {"type": "LineString", "coordinates": [[140.00612591120648, 35.39945820050156], [140.0061952112751, 35.399676270603905], [140.00626451134374, 35.39989434070624], [140.00633381141236, 35.400112410808575], [140.006403111481, 35.40033048091091], [140.00647241154962, 35.400548551013244], [140.00654171161827, 35.40076662111559], [140.0066110116869, 35.40098469121792], [140.00668031175553, 35.401202761320256], [140.00674961182418, 35.40142083142259], [140.0068189118928, 35.401638901524926]]}}, {"type": "Feature", "properties": {"id": "館山道-下り-0-99", "route": "館山道", "direction": "下り", "from": "木更津北ＩＣ", "to": "姉崎袖ケ浦ＩＣ", "grade": -0.34, "elevation_start": 17.1, "elevation_end": 16.3, "quality": "measured", "structure": "normal", "chain_rank": 0, "cum_dist_start": 24750.0, "cum_dist_end": 25000.0, "anomaly": false}, "geometry": {"type": "LineString", "coordinates": [[140.0068189118928, 35.401638901524926], [140.00688821196144, 35.40185697162726], [140.00695751203006, 35.4020750417296], [140.0070268120987, 35.40229311183194], [140.00709611216735, 35.40251118193427], [140.00716541223596, 35.40272925203661], [140.0072347123046, 35.40294732213894], [140.00730401237323, 35.403165392241284], [140.00737331244187, 35.40338346234362], [140.00744261251052, 35.403601532445954], [140.00751191257913, 35.40381960254829]]}}, {"type": "Feature", "properties": {"id": "館山道-下り-0-100", "route": "館山道", "direction": "下り", "from": "木更津北ＩＣ", "to": "姉崎袖ケ浦ＩＣ", "grade": 0.24, "elevation_start": 16.3, "elevation_end": 16.9, "quality": "measured", "structure": "normal", "chain_rank": 0, "cum_dist_start": 25000.0, "cum_dist_end": 25250.0, "anomaly": false}, "geometry": {"type": "LineString", "coordinates": [[140.00751191257913, 35.40381960254829], [140.00758121264778, 35.404037672650624], [140.0076505127164, 35.404255742752966], [140.00771981278504, 35.4044738128553], [140.00778911285366, 35.404691882957636], [140.0078584129223, 35.40490995305997], [140.00792771299095, 35.405128023162305], [140.00799701305957, 35.40534609326464], [140.0080663131282, 35.40556416336698], [140.00813561319683, 35.40578223346932], [140.00820491326547, 35.40600030357165]]}}, {"type": "Feature", "properties": {"id": "館山道-下り-0-101", "route": "館山道", "direction": "下り", "from": "木更津北ＩＣ", "to": "姉崎袖ケ浦ＩＣ", "grade": 0.46, "elevation_start": 16.9, "elevation_end": 18.1, "quality": "estimated", "structure": "bridge", "chain_rank": 0, "cum_dist_start": 25250.0, "cum_dist_end": 25500.0, "anomaly": false}, "geometry": {"type": "LineString", "coordinates": [[140.00820491326547, 35.40600030357165], [140.0082742133341, 35.40621837367399], [140.00834351340274, 35.40643644377632], [140.00841281347138, 35.406654513878664], [140.00848211354, 35.406872583981], [140.00855141360864, 35.40709065408333], [140.00862020778806, 35.40730882995973], [140.00868691358446, 35.4075274424866], [140.00875361938088, 35.40774605501346], [140.00882032517728, 35.40796466754032], [140.00888906929194, 35.40818285626506]]}}, {"type": "Feature", "properties": {"id": "館山道-下り-0-102", "route": "館山道", "direction": "下り", "from": "木更津北ＩＣ", "to": "姉崎袖ケ浦ＩＣ", "grade": 0.58, "elevation_start": 18.1, "elevation_end": 19.5, "quality": "estimated", "structure": "bridge", "chain_rank": 0, "cum_dist_start": 25500.0, "cum_dist_end": 25750.0, "anomaly": false}, "geometry": {"type": "LineString", "coordinates": [[140.00888906929194, 35.40818285626506], [140.00895791864116, 35.40840102310969], [140.0090267679904, 35.408619189954315], [140.00909561733963, 35.40883735679894], [140.00916446668884, 35.40905552364357], [140.0092333160381, 35.4092736904882], [140.0093021653873, 35.409491857332824], [140.00937101473653, 35.40971002417746], [140.00943986408578, 35.40992819102208], [140.009508713435, 35.41014635786671], [140.00957743764076, 35.410364551218706]]}}, {"type": "Feature", "properties": {"id": "館山道-下り-0-103", "route": "館山道", "direction": "下り", "from": "木更津北ＩＣ", "to": "姉崎袖ケ浦ＩＣ", "grade": 0.51, "elevation_start": 19.5, "elevation_end": 20.8, "quality": "estimated", "structure": "normal", "chain_rank": 0, "cum_dist_start": 25750.0, "cum_dist_end": 26000.0, "anomaly": false}, "geometry": {"type": "LineString", "coordinates": [[140.00957743764076, 35.410364551218706], [140.00964586386291, 35.41058280768838], [140.00971429008504, 35.41080106415804], [140.0097827163072, 35.411019320627716], [140.00985114252933, 35.41123757709738], [140.00991956875149, 35.411455833567054], [140.0099879949736, 35.41167409003672], [140.01005642119574, 35.41189234650639], [140.0101248474179, 35.41211060297606], [140.01019327364003, 35.41232885944573], [140.01026169986218, 35.412547115915395]]}}, {"type": "Feature", "properties": {"id": "館山道-下り-0-104", "route": "館山道", "direction": "下り", "from": "木更津北ＩＣ", "to": "姉崎袖ケ浦ＩＣ", "grade": -2.78, "elevation_start": 20.8, "elevation_end": 13.8, "quality": "measured", "structure": "normal", "chain_rank": 0, "cum_dist_start": 26000.0, "cum_dist_end": 26250.0, "anomaly": false}, "geometry": {"type": "LineString", "coordinates": [[140.01026169986218, 35.412547115915395], [140.0103301260843, 35.41276537238507], [140.01039855230647, 35.41298362885473], [140.0104669785286, 35.413201885324405], [140.01053540475075, 35.41342014179407], [140.01060383097288, 35.41363839826374], [140.010672257195, 35.41385665473341], [140.01074158769916, 35.41407471970622], [140.01081125434558, 35.414292713495286], [140.01088092099198, 35.41451070728434], [140.01095058763838, 35.4147287010734]]}}, {"type": "Feature", "properties": {"id": "館山道-下り-0-105", "route": "館山道", "direction": "下り", "from": "木更津北ＩＣ", "to": "姉崎袖ケ浦ＩＣ", "grade": 2.95, "elevation_start": 13.8, "elevation_end": 21.2, "quality": "estimated", "structure": "bridge", "chain_rank": 0, "cum_dist_start": 26250.0, "cum_dist_end": 26500.0, "anomaly": false}, "geometry": {"type": "LineString", "coordinates": [[140.01095058763838, 35.4147287010734], [140.0110202542848, 35.41494669486246], [140.0110899209312, 35.415164688651515], [140.0111595875776, 35.41538268244058], [140.011229254224, 35.41560067622964], [140.01129892087042, 35.415818670018695], [140.0113685875168, 35.41603666380775], [140.0114382541632, 35.41625465759682], [140.01150792080963, 35.416472651385874], [140.01157806488703, 35.41669053983946], [140.01165169710012, 35.41690765870658]]}}, {"type": "Feature", "properties": {"id": "館山道-下り-0-106", "route": "館山道", "direction": "下り", "from": "木更津北ＩＣ", "to": "姉崎袖ケ浦ＩＣ", "grade": 3.17, "elevation_start": 21.2, "elevation_end": 29.1, "quality": "estimated", "structure": "bridge", "chain_rank": 0, "cum_dist_start": 26500.0, "cum_dist_end": 26750.0, "anomaly": false}, "geometry": {"type": "LineString", "coordinates": [[140.01165169710012, 35.41690765870658], [140.0117253293132, 35.417124777573704], [140.01179896922733, 35.41734189471512], [140.01187263835374, 35.41755900531044], [140.01194630748014, 35.41777611590575], [140.01201997660655, 35.41799322650107], [140.01210306412688, 35.41820797967517], [140.0121903258655, 35.41842168804366], [140.01227758760413, 35.41863539641215], [140.01236976418184, 35.418847645934406], [140.01247012167659, 35.41905746715742]]}}, {"type": "Feature", "properties": {"id": "館山道-下り-0-107", "route": "館山道", "direction": "下り", "from": "木更津北ＩＣ", "to": "姉崎袖ケ浦ＩＣ", "grade": 2.06, "elevation_start": 29.1, "elevation_end": 34.3, "quality": "measured", "structure": "normal", "chain_rank": 0, "cum_dist_start": 26750.0, "cum_dist_end": 27000.0, "anomaly": false}, "geometry": {"type": "LineString", "coordinates": [[140.01247012167659, 35.41905746715742], [140.01257047917133, 35.41926728838044], [140.01267940130677, 35.41947417596495], [140.0127915111267, 35.41967997167482], [140.01290864551052, 35.419883765328315], [140.01303736167583, 35.42008294417746], [140.0131721621469, 35.42027938222904], [140.01331237614266, 35.42047321775112], [140.0134613298372, 35.42066270947646], [140.01361803545998, 35.420847853825784], [140.01378012788857, 35.42102997718864]]}}, {"type": "Feature", "properties": {"id": "館山道-下り-0-108", "route": "館山道", "direction": "下り", "from": "木更津北ＩＣ", "to": "姉崎袖ケ浦ＩＣ", "grade": 2.17, "elevation_start": 34.3, "elevation_end": 39.7, "quality": "measured", "structure": "normal", "chain_rank": 0, "cum_dist_start": 27000.0, "cum_dist_end": 27250.0, "anomaly": false}, "geometry": {"type": "LineString", "coordinates": [[140.01378012788857, 35.42102997718864], [140.01395240058903, 35.421205586681666], [140.01412918443796, 35.42137830970621], [140.01430793085075, 35.42154960128991], [140.01449725431212, 35.42171317826124], [140.01468689316445, 35.42187649358443], [140.01488926028398, 35.422029249545524], [140.01509388729536, 35.42217987817686], [140.0153068095779, 35.42232269812611], [140.01552555272892, 35.42245937684426], [140.01574748014002, 35.42259269605046]]}}, {"type": "Feature", "properties": {"id": "館山道-下り-0-109", "route": "館山道", "direction": "下り", "from": "木更津北ＩＣ", "to": "姉崎袖ケ浦ＩＣ", "grade": 1.48, "elevation_start": 39.7, "elevation_end": 43.5, "quality": "measured", "structure": "normal", "chain_rank": 0, "cum_dist_start": 27250.0, "cum_dist_end": 27500.0, "anomaly": false}, "geometry": {"type": "LineString", "coordinates": [[140.01574748014002, 35.42259269605046], [140.01597486332952, 35.422719512009856], [140.01620657823352, 35.422841164598175], [140.01644137841552, 35.42295859477821], [140.01668194190395, 35.423068137489864], [140.01692383329322, 35.423175570801384], [140.01717244214876, 35.4232723332677], [140.0174210510043, 35.42336909573402], [140.0176733057278, 35.42345919100224], [140.01792709813472, 35.42354647430913], [140.01818156307436, 35.42363232426393]]}}, {"type": "Feature", "properties": {"id": "館山道-下り-0-110", "route": "館山道", "direction": "下り", "from": "木更津北ＩＣ", "to": "姉崎袖ケ浦ＩＣ", "grade": 0.6, "elevation_start": 43.5, "elevation_end": 44.9, "quality": "measured", "structure": "normal", "chain_rank": 0, "cum_dist_start": 27500.0, "cum_dist_end": 27750.0, "anomaly": false}, "geometry": {"type": "LineString", "coordinates": [[140.01818156307436, 35.42363232426393], [140.0184414972723, 35.423706517726025], [140.01870143147028, 35.42378071118813], [140.01896136566825, 35.42385490465023], [140.01922211416232, 35.42392704412733], [140.0194857552589, 35.4239918872883], [140.01974939635545, 35.424056730449266], [140.020013037452, 35.424121573610236], [140.02027667854856, 35.42418641677121], [140.0205446725377, 35.42423780110302], [140.0208129821032, 35.424288209695604]]}}, {"type": "Feature", "properties": {"id": "館山道-下り-0-111", "route": "館山道", "direction": "下り", "from": "木更津北ＩＣ", "to": "姉崎袖ケ浦ＩＣ", "grade": 0.44, "elevation_start": 44.9, "elevation_end": 46.0, "quality": "measured", "structure": "normal", "chain_rank": 0, "cum_dist_start": 27750.0, "cum_dist_end": 28000.0, "anomaly": false}, "geometry": {"type": "LineString", "coordinates": [[140.0208129821032, 35.424288209695604], [140.02108146468748, 35.424337969111185], [140.021351053406, 35.424383578244125], [140.0216206421245, 35.42442918737707], [140.0218911259521, 35.4244709312544], [140.02216240890556, 35.4245092243504], [140.02243450343246, 35.42454309071103], [140.02270757066935, 35.4245716514158], [140.02298063790624, 35.42460021212057], [140.02325443626717, 35.42462357362102], [140.02352829229093, 35.42464652506657]]}}, {"type": "Feature", "properties": {"id": "館山道-下り-0-112", "route": "館山道", "direction": "下り", "from": "木更津北ＩＣ", "to": "姉崎袖ケ浦ＩＣ", "grade": 0.48, "elevation_start": 46.0, "elevation_end": 47.3, "quality": "measured", "structure": "normal", "chain_rank": 0, "cum_dist_start": 28000.0, "cum_dist_end": 28250.0, "anomaly": false}, "geometry": {"type": "LineString", "coordinates": [[140.02352829229093, 35.42464652506657], [140.0238021483147, 35.42466947651212], [140.02407665585025, 35.42468595076148], [140.02435141115083, 35.424699961781585], [140.0246261664514, 35.42471397280169], [140.02490092175202, 35.424727983821796], [140.0251760814052, 35.42473483589342], [140.0254512444393, 35.424741628107306], [140.02572640747337, 35.42474842032119], [140.0260015893449, 35.4247544172474], [140.02627686738472, 35.42475635409616]]}}, {"type": "Feature", "properties": {"id": "館山道-下り-0-113", "route": "館山道", "direction": "下り", "from": "木更津北ＩＣ", "to": "姉崎袖ケ浦ＩＣ", "grade": 0.4, "elevation_start": 47.3, "elevation_end": 48.2, "quality": "measured", "structure": "normal", "chain_rank": 0, "cum_dist_start": 28250.0, "cum_dist_end": 28500.0, "anomaly": false}, "geometry": {"type": "LineString", "coordinates": [[140.02627686738472, 35.42475635409616], [140.02655214542455, 35.424758290944915], [140.0268274234644, 35.424760227793676], [140.02710270150422, 35.42476216464244], [140.02737797954407, 35.42476410149119], [140.0276532575839, 35.42476603833995], [140.02792853562372, 35.424767975188715], [140.02820381366357, 35.42476991203747], [140.0284790917034, 35.42477184888623], [140.02875436974324, 35.42477378573499], [140.02902963533097, 35.42477633256901]]}}, {"type": "Feature", "properties": {"id": "館山道-下り-0-114", "route": "館山道", "direction": "下り", "from": "木更津北ＩＣ", "to": "姉崎袖ケ浦ＩＣ", "grade": 0.53, "elevation_start": 48.2, "elevation_end": 49.6, "quality": "measured", "structure": "normal", "chain_rank": 0, "cum_dist_start": 28500.0, "cum_dist_end": 28750.0, "anomaly": false}, "geometry": {"type": "LineString", "coordinates": [[140.02902963533097, 35.42477633256901], [140.02930483860632, 35.42478193187505], [140.02958004188167, 35.42478753118109], [140.02985524515702, 35.42479313048713], [140.0301304287705, 35.424799295129176], [140.0304055749968, 35.42480653476092], [140.03068072122312, 35.42481377439265], [140.0309555298174, 35.42482685852506], [140.03123028268644, 35.42484090727595], [140.03150481286298, 35.42485725168039], [140.03177883064475, 35.42487887817132]]}}, {"type": "Feature", "properties": {"id": "館山道-下り-0-115", "route": "館山道", "direction": "下り", "from": "木更津北ＩＣ", "to": "姉崎袖ケ浦ＩＣ", "grade": 1.05, "elevation_start": 49.6, "elevation_end": 52.2, "quality": "measured", "structure": "normal", "chain_rank": 0, "cum_dist_start": 28750.0, "cum_dist_end": 29000.0, "anomaly": false}, "geometry": {"type": "LineString", "coordinates": [[140.03177883064475, 35.42487887817132], [140.03205284842653, 35.42490050466225], [140.03232686620828, 35.42492213115318], [140.03260012399375, 35.42494916476493], [140.03287298084413, 35.424979050896276], [140.0331458376945, 35.42500893702762], [140.03341869454488, 35.425038823158964], [140.0336901502112, 35.425076273406276], [140.03396156352505, 35.425113952288186], [140.03423283758394, 35.42515225029958], [140.03450284464438, 35.4251961814044]]}}, {"type": "Feature", "properties": {"id": "館山道-下り-0-116", "route": "館山道", "direction": "下り", "from": "木更津北ＩＣ", "to": "姉崎袖ケ浦ＩＣ", "grade": 1.38, "elevation_start": 52.2, "elevation_end": 55.6, "quality": "measured", "structure": "normal", "chain_rank": 0, "cum_dist_start": 29000.0, "cum_dist_end": 29250.0, "anomaly": false}, "geometry": {"type": "LineString", "coordinates": [[140.03450284464438, 35.4251961814044], [140.03477285170482, 35.42524011250922], [140.03504243738485, 35.42528564777999], [140.0353106372993, 35.42533645856438], [140.03557883721373, 35.425387269348775], [140.03584634733213, 35.42544032555575], [140.03611200379666, 35.42549941577267], [140.0363776602612, 35.425558505989585], [140.03664331672573, 35.42561759620651], [140.03690614921703, 35.425684539004116], [140.0371685392718, 35.42575271207839]]}}, {"type": "Feature", "properties": {"id": "館山道-下り-0-117", "route": "館山道", "direction": "下り", "from": "木更津北ＩＣ", "to": "姉崎袖ケ浦ＩＣ", "grade": 0.72, "elevation_start": 55.6, "elevation_end": 57.4, "quality": "measured", "structure": "normal", "chain_rank": 0, "cum_dist_start": 29250.0, "cum_dist_end": 29500.0, "anomaly": false}, "geometry": {"type": "LineString", "coordinates": [[140.0371685392718, 35.42575271207839], [140.03743092932658, 35.42582088515266], [140.03769331938136, 35.425889058226936], [140.03795570943615, 35.425957231301204], [140.03821797750373, 35.42602569637621], [140.03847641567697, 35.42610332906821], [140.03873485385023, 35.42618096176021], [140.03899122126862, 35.42626304362124], [140.03924724545286, 35.42634586294602], [140.0395019354463, 35.42643138935844], [140.03975625478887, 35.426517643535036]]}}, {"type": "Feature", "properties": {"id": "館山道-下り-0-118", "route": "館山道", "direction": "下り", "from": "木更津北ＩＣ", "to": "姉崎袖ケ浦ＩＣ", "grade": -0.45, "elevation_start": 57.4, "elevation_end": 56.3, "quality": "estimated", "structure": "normal", "chain_rank": 0, "cum_dist_start": 29500.0, "cum_dist_end": 29750.0, "anomaly": false}, "geometry": {"type": "LineString", "coordinates": [[140.03975625478887, 35.426517643535036], [140.04000819047621, 35.426608477162716], [140.04026010175534, 35.42669935487147], [140.04050960319583, 35.42679458472917], [140.04075910463632, 35.42688981458688], [140.04100756269446, 35.42698683236957], [140.04125483352786, 35.42708588456344], [140.04150171855883, 35.42718555857432], [140.04174529243218, 35.42729056934272], [140.04198886630553, 35.42739558011113], [140.04222651528033, 35.42750931976283]]}}, {"type": "Feature", "properties": {"id": "館山道-下り-0-119", "route": "館山道", "direction": "下り", "from": "姉崎袖ケ浦ＩＣ", "to": "市原SA", "grade": -0.87, "elevation_start": 56.3, "elevation_end": 54.1, "quality": "estimated", "structure": "bridge", "chain_rank": 0, "cum_dist_start": 29750.0, "cum_dist_end": 30000.0, "anomaly": false}, "geometry": {"type": "LineString", "coordinates": [[140.04222651528033, 35.42750931976283], [140.04246460958572, 35.42762241998854], [140.04270565251832, 35.427731274835786], [140.0429457429504, 35.42784147361385], [140.04318083716336, 35.42795872180843], [140.04341593137633, 35.428075970003015], [140.04364869977255, 35.42819623099267], [140.04387898604327, 35.42831970725511], [140.04410922254357, 35.42844324448625], [140.0443366943339, 35.42857016848225], [140.04456267059393, 35.428698841482685]]}}, {"type": "Feature", "properties": {"id": "館山道-下り-0-120", "route": "館山道", "direction": "下り", "from": "姉崎袖ケ浦ＩＣ", "to": "市原SA", "grade": -0.87, "elevation_start": 54.1, "elevation_end": 52.0, "quality": "estimated", "structure": "bridge", "chain_rank": 0, "cum_dist_start": 30000.0, "cum_dist_end": 30250.0, "anomaly": false}, "geometry": {"type": "LineString", "coordinates": [[140.04456267059393, 35.428698841482685], [140.04478618727103, 35.42883038872914], [140.04500852117187, 35.42896327327671], [140.0452308550727, 35.429096157824276], [140.04545295845483, 35.429229297029735], [140.0456729615456, 35.42936475646252], [140.04589296463635, 35.429500215895295], [140.04610621736822, 35.4296426877692], [140.04631857978816, 35.429786084521325], [140.0465309422081, 35.429929481273454], [140.0467402111477, 35.43007579180468]]}}, {"type": "Feature", "properties": {"id": "館山道-下り-0-121", "route": "館山道", "direction": "下り", "from": "姉崎袖ケ浦ＩＣ", "to": "市原SA", "grade": -0.83, "elevation_start": 52.0, "elevation_end": 49.9, "quality": "estimated", "structure": "normal", "chain_rank": 0, "cum_dist_start": 30250.0, "cum_dist_end": 30500.0, "anomaly": false}, "geometry": {"type": "LineString", "coordinates": [[140.0467402111477, 35.43007579180468], [140.0469433084605, 35.43022791545092], [140.0471464057733, 35.43038003909716], [140.0473495030861, 35.4305321627434], [140.04754848639251, 35.43068787006388], [140.04774658046188, 35.430844351990785], [140.04794467453127, 35.431000833917686], [140.04814123664735, 35.4311585778311], [140.04833366562826, 35.4313197265225], [140.04852609460917, 35.4314808752139], [140.0487171592643, 35.43164310207452]]}}, {"type": "Feature", "properties": {"id": "館山道-下り-0-122", "route": "館山道", "direction": "下り", "from": "姉崎袖ケ浦ＩＣ", "to": "市原SA", "grade": -1.13, "elevation_start": 49.9, "elevation_end": 47.1, "quality": "measured", "structure": "normal", "chain_rank": 0, "cum_dist_start": 30500.0, "cum_dist_end": 30750.0, "anomaly": false}, "geometry": {"type": "LineString", "coordinates": [[140.0487171592643, 35.43164310207452], [140.04890712135028, 35.43180620024914], [140.04909000910035, 35.43197459087298], [140.04927144328747, 35.432144068935735], [140.0494519424414, 35.43231421160931], [140.04963145922548, 35.43248505254012], [140.0498098681244, 35.43265664950385], [140.04998290153674, 35.43283191475837], [140.05015593494906, 35.43300718001288], [140.05032368922357, 35.43318584041452], [140.05049076271555, 35.433364938644644]]}}, {"type": "Feature", "properties": {"id": "館山道-下り-0-123", "route": "館山道", "direction": "下り", "from": "姉崎袖ケ浦ＩＣ", "to": "市原SA", "grade": -1.15, "elevation_start": 47.1, "elevation_end": 44.2, "quality": "measured", "structure": "normal", "chain_rank": 0, "cum_dist_start": 30750.0, "cum_dist_end": 31000.0, "anomaly": false}, "geometry": {"type": "LineString", "coordinates": [[140.05049076271555, 35.433364938644644], [140.0506578362075, 35.43354403687477], [140.05082490969946, 35.4337231351049], [140.05099198319144, 35.433902233335026], [140.0511590566834, 35.43408133156515], [140.05132613017534, 35.43426042979528], [140.05149320366732, 35.43443952802541], [140.05166027715927, 35.43461862625553], [140.05182756582994, 35.434797589819375], [140.0519956070212, 35.4349760824298], [140.05216364821246, 35.43515457504022]]}}, {"type": "Feature", "properties": {"id": "館山道-下り-0-124", "route": "館山道", "direction": "下り", "from": "姉崎袖ケ浦ＩＣ", "to": "市原SA", "grade": -1.07, "elevation_start": 44.2, "elevation_end": 41.5, "quality": "measured", "structure": "normal", "chain_rank": 0, "cum_dist_start": 31000.0, "cum_dist_end": 31250.0, "anomaly": false}, "geometry": {"type": "LineString", "coordinates": [[140.05216364821246, 35.43515457504022], [140.05233168940373, 35.435333067650646], [140.05249973059497, 35.43551156026107], [140.05266777178625, 35.43569005287149], [140.0528358129775, 35.43586854548192], [140.05301078559495, 35.436042498385184], [140.05318680167065, 35.436215767880064], [140.05336281774632, 35.43638903737495], [140.053538833822, 35.43656230686984], [140.05371484989766, 35.43673557636472], [140.05389157475037, 35.4369083590658]]}}, {"type": "Feature", "properties": {"id": "館山道-下り-0-125", "route": "館山道", "direction": "下り", "from": "姉崎袖ケ浦ＩＣ", "to": "市原SA", "grade": -0.3, "elevation_start": 41.5, "elevation_end": 40.7, "quality": "measured", "structure": "normal", "chain_rank": 0, "cum_dist_start": 31250.0, "cum_dist_end": 31500.0, "anomaly": false}, "geometry": {"type": "LineString", "coordinates": [[140.05389157475037, 35.4369083590658], [140.05406970655727, 35.437080175459315], [140.05424783836418, 35.43725199185283], [140.05442597017108, 35.43742380824636], [140.05460957916281, 35.437591636888286], [140.0547973803622, 35.43775641332668], [140.0549876106249, 35.43791925542054], [140.05518376961, 35.438077376273874], [140.05537992859516, 35.4382354971272], [140.0555798028123, 35.438390453361606], [140.0557807410466, 35.43854450327069]]}}, {"type": "Feature", "properties": {"id": "館山道-下り-0-126", "route": "館山道", "direction": "下り", "from": "姉崎袖ケ浦ＩＣ", "to": "市原SA", "grade": 0.89, "elevation_start": 40.7, "elevation_end": 43.0, "quality": "measured", "structure": "normal", "chain_rank": 0, "cum_dist_start": 31500.0, "cum_dist_end": 31750.0, "anomaly": false}, "geometry": {"type": "LineString", "coordinates": [[140.0557807410466, 35.43854450327069], [140.05598596485225, 35.43869453988151], [140.05619944158624, 35.43883684789321], [140.05641291832023, 35.43897915590491], [140.05662639505422, 35.43912146391661], [140.05684583973385, 35.43925754413619], [140.05706563688378, 35.43939325653878], [140.0572854340337, 35.43952896894137], [140.05750972442405, 35.43965962470256], [140.05773525906682, 35.43978888019626], [140.05796079370958, 35.43991813568997]]}}, {"type": "Feature", "properties": {"id": "館山道-下り-0-127", "route": "館山道", "direction": "下り", "from": "姉崎袖ケ浦ＩＣ", "to": "市原SA", "grade": 1.18, "elevation_start": 43.0, "elevation_end": 45.9, "quality": "measured", "structure": "normal", "chain_rank": 0, "cum_dist_start": 31750.0, "cum_dist_end": 32000.0, "anomaly": false}, "geometry": {"type": "LineString", "coordinates": [[140.05796079370958, 35.43991813568997], [140.05818914831136, 35.440043922730844], [140.05842197414353, 35.4401642103116], [140.0586547999757, 35.44028449789236], [140.0588901234035, 35.44040141851471], [140.0591279827844, 35.44051492046976], [140.05936584216525, 35.4406284224248], [140.05960730858422, 35.44073662688894], [140.05985042185196, 35.440842412702054], [140.06009353511973, 35.440948198515166], [140.06034106816324, 35.441046801671774]]}}, {"type": "Feature", "properties": {"id": "館山道-下り-0-128", "route": "館山道", "direction": "下り", "from": "姉崎袖ケ浦ＩＣ", "to": "市原SA", "grade": 1.13, "elevation_start": 45.9, "elevation_end": 48.7, "quality": "measured", "structure": "normal", "chain_rank": 0, "cum_dist_start": 32000.0, "cum_dist_end": 32250.0, "anomaly": false}, "geometry": {"type": "LineString", "coordinates": [[140.06034106816324, 35.441046801671774], [140.06058969600642, 35.44114362564991], [140.06083832384962, 35.44124044962805], [140.06108788795297, 35.44133558724504], [140.06134056755403, 35.44142511332975], [140.0615932471551, 35.44151463941446], [140.0618462751981, 35.441603479399376], [140.062102085063, 35.44168684183617], [140.06235789492789, 35.44177020427298], [140.0626137047928, 35.441853566709774], [140.0628695146577, 35.44193692914657]]}}, {"type": "Feature", "properties": {"id": "館山道-下り-0-129", "route": "館山道", "direction": "下り", "from": "姉崎袖ケ浦ＩＣ", "to": "市原SA", "grade": 1.16, "elevation_start": 48.7, "elevation_end": 51.6, "quality": "measured", "structure": "normal", "chain_rank": 0, "cum_dist_start": 32250.0, "cum_dist_end": 32500.0, "anomaly": false}, "geometry": {"type": "LineString", "coordinates": [[140.0628695146577, 35.44193692914657], [140.06312678708616, 35.44201720967135], [140.06338435905644, 35.44209685900196], [140.06364193102675, 35.442176508332565], [140.06389950299703, 35.442256157663174], [140.0641570749673, 35.44233580699378], [140.06441464693762, 35.44241545632439], [140.0646722189079, 35.442495105655], [140.0649297908782, 35.44257475498561], [140.06518685664528, 35.4426554915722], [140.06544374297295, 35.4427366135704]]}}, {"type": "Feature", "properties": {"id": "館山道-下り-0-130", "route": "館山道", "direction": "下り", "from": "姉崎袖ケ浦ＩＣ", "to": "市原SA", "grade": 0.87, "elevation_start": 51.6, "elevation_end": 53.8, "quality": "measured", "structure": "normal", "chain_rank": 0, "cum_dist_start": 32500.0, "cum_dist_end": 32750.0, "anomaly": false}, "geometry": {"type": "LineString", "coordinates": [[140.06544374297295, 35.4427366135704], [140.0657006293006, 35.44281773556862], [140.06595751562827, 35.442898857566824], [140.06621335266297, 35.442982134225495], [140.06646797391008, 35.44306790743139], [140.0667225951572, 35.44315368063729], [140.0669772164043, 35.443239453843184], [140.06723058117265, 35.44332763882356], [140.06748247587643, 35.44341864555014], [140.0677343705802, 35.44350965227672], [140.06798576759036, 35.44360155090067]]}}, {"type": "Feature", "properties": {"id": "館山道-下り-0-131", "route": "館山道", "direction": "下り", "from": "姉崎袖ケ浦ＩＣ", "to": "市原SA", "grade": 0.17, "elevation_start": 53.8, "elevation_end": 54.2, "quality": "measured", "structure": "normal", "chain_rank": 0, "cum_dist_start": 32750.0, "cum_dist_end": 33000.0, "anomaly": false}, "geometry": {"type": "LineString", "coordinates": [[140.06798576759036, 35.44360155090067], [140.0682347512164, 35.44369777445629], [140.0684837348425, 35.44379399801191], [140.06873259727357, 35.4438904232642], [140.06897772137646, 35.44399306996624], [140.06922284547932, 35.44409571666828], [140.0694679695822, 35.44419836337032], [140.06971042120455, 35.44430515980743], [140.06995242127726, 35.4444126573951], [140.07019442135, 35.444520154982776], [140.07043437878266, 35.44463067671812]]}}, {"type": "Feature", "properties": {"id": "館山道-下り-0-132", "route": "館山道", "direction": "下り", "from": "姉崎袖ケ浦ＩＣ", "to": "市原SA", "grade": -0.22, "elevation_start": 54.2, "elevation_end": 53.7, "quality": "estimated", "structure": "normal", "chain_rank": 0, "cum_dist_start": 33000.0, "cum_dist_end": 33250.0, "anomaly": false}, "geometry": {"type": "LineString", "coordinates": [[140.07043437878266, 35.44463067671812], [140.0706742985756, 35.44474125417943], [140.07091382406028, 35.444852385853565], [140.07114975528387, 35.444968569376165], [140.07138568650748, 35.445084752898765], [140.0716186368233, 35.445204875085466], [140.07185083345846, 35.44532599310805], [140.0720825070402, 35.445447774828445], [140.0723130586653, 35.44557098018957], [140.07254261374217, 35.44569540546644], [140.0727698456903, 35.445822674581]]}}, {"type": "Feature", "properties": {"id": "館山道-下り-0-133", "route": "館山道", "direction": "下り", "from": "姉崎袖ケ浦ＩＣ", "to": "市原SA", "grade": -0.34, "elevation_start": 53.7, "elevation_end": 52.8, "quality": "estimated", "structure": "bridge", "chain_rank": 0, "cum_dist_start": 33250.0, "cum_dist_end": 33500.0, "anomaly": false}, "geometry": {"type": "LineString", "coordinates": [[140.0727698456903, 35.445822674581], [140.07299705211975, 35.44594997375405], [140.07322203447072, 35.44607989267668], [140.0734470168217, 35.44620981159932], [140.07367199917266, 35.44633973052195], [140.07389305759267, 35.44647408165691], [140.07411138039095, 35.446611371567705], [140.07432809461184, 35.44675038541768], [140.07454480883277, 35.446889399267654], [140.07476010642387, 35.44702986879916], [140.0749741234423, 35.44717165420445]]}}, {"type": "Feature", "properties": {"id": "館山道-下り-0-134", "route": "館山道", "direction": "下り", "from": "姉崎袖ケ浦ＩＣ", "to": "市原SA", "grade": -0.34, "elevation_start": 52.8, "elevation_end": 52.0, "quality": "estimated", "structure": "bridge", "chain_rank": 0, "cum_dist_start": 33500.0, "cum_dist_end": 33750.0, "anomaly": false}, "geometry": {"type": "LineString", "coordinates": [[140.0749741234423, 35.44717165420445], [140.0751881404607, 35.44731343960974], [140.07540073291062, 35.447456647163065], [140.07561255744065, 35.447600621331475], [140.0758227123193, 35.44774615929057], [140.07602546411357, 35.447898630957205], [140.07622821590786, 35.44805110262384], [140.07643096770212, 35.44820357429048], [140.0766337194964, 35.44835604595711], [140.0768364712907, 35.44850851762375], [140.07703922308497, 35.44866098929039]]}}, {"type": "Feature", "properties": {"id": "館山道-下り-0-135", "route": "館山道", "direction": "下り", "from": "姉崎袖ケ浦ＩＣ", "to": "市原SA", "grade": -0.31, "elevation_start": 52.0, "elevation_end": 51.2, "quality": "estimated", "structure": "bridge", "chain_rank": 0, "cum_dist_start": 33750.0, "cum_dist_end": 34000.0, "anomaly": false}, "geometry": {"type": "LineString", "coordinates": [[140.07703922308497, 35.44866098929039], [140.07723600286326, 35.4488185196502], [140.07742919603814, 35.44897908810071], [140.07762238921302, 35.44913965655121], [140.07781437117004, 35.449301195268724], [140.07800625403078, 35.44946281336901], [140.07819813689156, 35.449624431469296], [140.0783900197523, 35.44978604956958], [140.07857616134925, 35.44995205453573], [140.07876004980335, 35.45011978111504], [140.07894393825745, 35.45028750769435]]}}, {"type": "Feature", "properties": {"id": "館山道-下り-0-136", "route": "館山道", "direction": "下り", "from": "姉崎袖ケ浦ＩＣ", "to": "市原SA", "grade": -0.52, "elevation_start": 51.2, "elevation_end": 49.9, "quality": "measured", "structure": "normal", "chain_rank": 0, "cum_dist_start": 34000.0, "cum_dist_end": 34250.0, "anomaly": false}, "geometry": {"type": "LineString", "coordinates": [[140.07894393825745, 35.45028750769435], [140.07912782671156, 35.45045523427366], [140.07930649771959, 35.4506266627646], [140.07948333234194, 35.45079939421821], [140.0796592687587, 35.45097273006953], [140.07983218803142, 35.451148096140834], [140.08000510730415, 35.45132346221213], [140.08017606183577, 35.4515001012651], [140.08034498069293, 35.45167805925841], [140.08051184602516, 35.45185728849607], [140.08067517001788, 35.4520387100168]]}}, {"type": "Feature", "properties": {"id": "館山道-下り-0-137", "route": "館山道", "direction": "下り", "from": "姉崎袖ケ浦ＩＣ", "to": "市原SA", "grade": -0.92, "elevation_start": 49.9, "elevation_end": 47.6, "quality": "measured", "structure": "normal", "chain_rank": 0, "cum_dist_start": 34250.0, "cum_dist_end": 34500.0, "anomaly": false}, "geometry": {"type": "LineString", "coordinates": [[140.08067517001788, 35.4520387100168], [140.08083858569466, 35.452220076359325], [140.08100217150172, 35.452401340312406], [140.08116301381597, 35.452584204607824], [140.08131907671435, 35.45276985684622], [140.0814741726879, 35.45295604162204], [140.08162559812823, 35.45314424795765], [140.08177702356852, 35.45333245429327], [140.0819268721705, 35.453521495257476], [140.0820745343773, 35.45371169349185], [140.0822221965841, 35.45390189172622]]}}, {"type": "Feature", "properties": {"id": "館山道-下り-0-138", "route": "館山道", "direction": "下り", "from": "姉崎袖ケ浦ＩＣ", "to": "市原SA", "grade": -1.01, "elevation_start": 47.6, "elevation_end": 45.1, "quality": "measured", "structure": "normal", "chain_rank": 0, "cum_dist_start": 34500.0, "cum_dist_end": 34750.0, "anomaly": false}, "geometry": {"type": "LineString", "coordinates": [[140.0822221965841, 35.45390189172622], [140.08236710811755, 35.454093475325216], [140.08250809634202, 35.45428703488167], [140.0826490845665, 35.45448059443814], [140.0827881151389, 35.454675081217545], [140.08292300685625, 35.454871528325555], [140.08305789857357, 35.45506797543356], [140.08318988215603, 35.455265739790356], [140.08332169449184, 35.455463581713865], [140.08344976369443, 35.45566303442774], [140.08357428886066, 35.455864012254196]]}}, {"type": "Feature", "properties": {"id": "館山道-下り-0-139", "route": "館山道", "direction": "下り", "from": "姉崎袖ケ浦ＩＣ", "to": "市原SA", "grade": -1.07, "elevation_start": 45.1, "elevation_end": 42.4, "quality": "measured", "structure": "normal", "chain_rank": 0, "cum_dist_start": 34750.0, "cum_dist_end": 35000.0, "anomaly": false}, "geometry": {"type": "LineString", "coordinates": [[140.08357428886066, 35.455864012254196], [140.0836968217428, 35.45606579794503], [140.08381683734075, 35.45626860438596], [140.08393664731042, 35.4564714896453], [140.08405025777154, 35.456676751209336], [140.08416106163077, 35.45688301513645], [140.08426776562573, 35.45709074330847], [140.08437871450695, 35.45729697084248], [140.0844804557318, 35.457506281855814], [140.08457552399105, 35.457717747104645], [140.08466787319333, 35.45793002981445]]}}, {"type": "Feature", "properties": {"id": "館山道-下り-0-140", "route": "館山道", "direction": "下り", "from": "姉崎袖ケ浦ＩＣ", "to": "市原SA", "grade": -1.15, "elevation_start": 42.4, "elevation_end": 39.5, "quality": "measured", "structure": "normal", "chain_rank": 0, "cum_dist_start": 35000.0, "cum_dist_end": 35250.0, "anomaly": false}, "geometry": {"type": "LineString", "coordinates": [[140.08466787319333, 35.45793002981445], [140.08476022239563, 35.45814231252425], [140.08484718084586, 35.45835611355467], [140.0849315840074, 35.45857058260109], [140.08501208050555, 35.458786071504925], [140.08508994156952, 35.459002199485106], [140.08516526178397, 35.45921892680212], [140.0852311030159, 35.45943772155502], [140.08529694424786, 35.459656516307916], [140.0853550554209, 35.45987676666137], [140.08541177644534, 35.460097257560136]]}}, {"type": "Feature", "properties": {"id": "館山道-下り-0-141", "route": "館山道", "direction": "下り", "from": "市原ＳＡ", "to": null, "grade": -1.66, "elevation_start": 39.5, "elevation_end": 35.4, "quality": "measured", "structure": "normal", "chain_rank": 0, "cum_dist_start": 35250.0, "cum_dist_end": 35500.0, "anomaly": false}, "geometry": {"type": "LineString", "coordinates": [[140.08541177644534, 35.460097257560136], [140.08546376153205, 35.46031853575792], [140.08550976960248, 35.4605406657944], [140.0855522950942, 35.460763292164685], [140.08559482058595, 35.460985918534966], [140.08563555915137, 35.461208757650944], [140.08567234785662, 35.46143206702455], [140.08570245711897, 35.4616560236742], [140.08573044989373, 35.46188018542354], [140.0857518252286, 35.46210483001064], [140.08577263587674, 35.462329514465665]]}}, {"type": "Feature", "properties": {"id": "館山道-下り-0-142", "route": "館山道", "direction": "下り", "from": "市原ＳＡ", "to": null, "grade": -1.76, "elevation_start": 35.4, "elevation_end": 31.0, "quality": "measured", "structure": "normal", "chain_rank": 0, "cum_dist_start": 35500.0, "cum_dist_end": 35750.0, "anomaly": false}, "geometry": {"type": "LineString", "coordinates": [[140.08577263587674, 35.462329514465665], [140.08578424522676, 35.462554628902616], [140.08579484144963, 35.46277979068358], [140.0858054376725, 35.46300495246454], [140.08580498099616, 35.46323022285747], [140.08580099911242, 35.463455527891064], [140.08579652686137, 35.46368082503617], [140.08578968518313, 35.463906084064554], [140.08578284350492, 35.46413134309294], [140.0857754637502, 35.46435658526571], [140.08576100627067, 35.4645816002789]]}}, {"type": "Feature", "properties": {"id": "館山道-下り-0-143", "route": "館山道", "direction": "下り", "from": "市原ＳＡ", "to": null, "grade": -1.7, "elevation_start": 31.0, "elevation_end": 26.7, "quality": "measured", "structure": "normal", "chain_rank": 0, "cum_dist_start": 35750.0, "cum_dist_end": 36000.0, "anomaly": false}, "geometry": {"type": "LineString", "coordinates": [[140.08576100627067, 35.4645816002789], [140.08573777791923, 35.46480612474084], [140.08571096809416, 35.46503038313731], [140.08568254698255, 35.465254508780404], [140.0856424338348, 35.46547739810395], [140.08560026659558, 35.465700070227214], [140.08555809935635, 35.46592274235048], [140.08551514485816, 35.46614531124688], [140.08547013249807, 35.46636761031262], [140.08541595295017, 35.46658850185093], [140.08535937561376, 35.466809025233474]]}}, {"type": "Feature", "properties": {"id": "館山道-下り-0-144", "route": "館山道", "direction": "下り", "from": "市原ＳＡ", "to": null, "grade": -1.38, "elevation_start": 26.7, "elevation_end": 23.3, "quality": "measured", "structure": "normal", "chain_rank": 0, "cum_dist_start": 36000.0, "cum_dist_end": 36250.0, "anomaly": false}, "geometry": {"type": "LineString", "coordinates": [[140.08535937561376, 35.466809025233474], [140.08530279827735, 35.46702954861601], [140.08524024489995, 35.46724895007195], [140.08517362843267, 35.46746758873381], [140.08510585123798, 35.46768597452742], [140.08503072648904, 35.467902759632295], [140.0849529411529, 35.468118903148856], [140.0848723099156, 35.4683343603895], [140.0847916786783, 35.468549817630134], [140.0847098078594, 35.46876496135982], [140.08462432749533, 35.468979146969566]]}}, {"type": "Feature", "properties": {"id": "館山道-下り-0-145", "route": "館山道", "direction": "下り", "from": "市原ＳＡ", "to": null, "grade": -0.97, "elevation_start": 23.3, "elevation_end": 20.8, "quality": "measured", "structure": "normal", "chain_rank": 0, "cum_dist_start": 36250.0, "cum_dist_end": 36500.0, "anomaly": false}, "geometry": {"type": "LineString", "coordinates": [[140.08462432749533, 35.468979146969566], [140.0845345870976, 35.4691921728487], [140.08444143469626, 35.469404223180916], [140.08434471971069, 35.46961520457531], [140.0842480047251, 35.469826185969715], [140.08415128973954, 35.47003716736411], [140.08405457475396, 35.47024814875851], [140.0839578597684, 35.4704591301529], [140.08386114478282, 35.47067011154731], [140.08376442979727, 35.4708810929417], [140.0836677148117, 35.4710920743361]]}}, {"type": "Feature", "properties": {"id": "館山道-下り-0-146", "route": "館山道", "direction": "下り", "from": "市原ＳＡ", "to": null, "grade": -0.94, "elevation_start": 20.8, "elevation_end": 18.5, "quality": "measured", "structure": "normal", "chain_rank": 0, "cum_dist_start": 36500.0, "cum_dist_end": 36750.0, "anomaly": false}, "geometry": {"type": "LineString", "coordinates": [[140.0836677148117, 35.4710920743361], [140.08357099982612, 35.4713030557305], [140.0834723391499, 35.471513430750576], [140.08337284930624, 35.47172354736069], [140.0832733668485, 35.47193366629932], [140.08317486928715, 35.472144095741285], [140.0830763717258, 35.47235452518325], [140.08297787416447, 35.47256495462521], [140.08288071315897, 35.47277579883517], [140.0827838878767, 35.47298674722878], [140.08268706259443, 35.47319769562238]]}}, {"type": "Feature", "properties": {"id": "館山道-下り-1-0", "route": "館山道", "direction": "下り", "from": null, "to": "市原ＩＣ", "grade": -0.72, "elevation_start": 16.0, "elevation_end": 14.2, "quality": "measured", "structure": "normal", "chain_rank": 1, "cum_dist_start": 0.0, "cum_dist_end": 250.0, "anomaly": false}, "geometry": {"type": "LineString", "coordinates": [[140.0818333, 35.4752814], [140.08175790364555, 35.47549812336382], [140.08168630063665, 35.475715699368216], [140.08161747154514, 35.47593386844218], [140.08155274866607, 35.47615288848022], [140.08149309826214, 35.47637282312538], [140.08143925570644, 35.47659380497122], [140.08138870216501, 35.476815280613124], [140.0813431013451, 35.47703749983173], [140.08129750052524, 35.47725971905034], [140.0812600081499, 35.47748293818178]]}}, {"type": "Feature", "properties": {"id": "館山道-下り-1-1", "route": "館山道", "direction": "下り", "from": null, "to": "市原ＩＣ", "grade": -0.35, "elevation_start": 14.2, "elevation_end": 13.4, "quality": "estimated", "structure": "normal", "chain_rank": 1, "cum_dist_start": 250.0, "cum_dist_end": 500.0, "anomaly": false}, "geometry": {"type": "LineString", "coordinates": [[140.0812600081499, 35.47748293818178], [140.0812234920731, 35.47770627770789], [140.08118697599627, 35.477929617234], [140.0811601440275, 35.47815383422157], [140.08113601844246, 35.478378296430236], [140.08111189285745, 35.47860275863889], [140.08110059071905, 35.47882787482246], [140.0810904432192, 35.47905304989071], [140.08108029571937, 35.47927822495896], [140.08107767324003, 35.479503457903334], [140.0810826412317, 35.47972874922722]]}}, {"type": "Feature", "properties": {"id": "館山道-下り-1-2", "route": "館山道", "direction": "下り", "from": null, "to": "市原ＩＣ", "grade": 0.04, "elevation_start": 13.4, "elevation_end": 13.4, "quality": "estimated", "structure": "bridge", "chain_rank": 1, "cum_dist_start": 500.0, "cum_dist_end": 750.0, "anomaly": false}, "geometry": {"type": "LineString", "coordinates": [[140.0810826412317, 35.47972874922722], [140.08108760922335, 35.4799540405511], [140.08109257721497, 35.480179331874986], [140.0811111653392, 35.48040413926553], [140.08113009861862, 35.48062893439246], [140.081149031898, 35.48085372951939], [140.08117954009202, 35.48107766740086], [140.08121098840354, 35.481301520283246], [140.0812442725227, 35.48152519748885], [140.08128685158655, 35.481747776892135], [140.0813322886852, 35.48197001874018]]}}, {"type": "Feature", "properties": {"id": "館山道-下り-1-3", "route": "館山道", "direction": "下り", "from": null, "to": "市原ＩＣ", "grade": 0.04, "elevation_start": 13.4, "elevation_end": 13.5, "quality": "estimated", "structure": "bridge", "chain_rank": 1, "cum_dist_start": 750.0, "cum_dist_end": 1000.0, "anomaly": false}, "geometry": {"type": "LineString", "coordinates": [[140.0813322886852, 35.48197001874018], [140.08138763868138, 35.48219074603415], [140.08144335313878, 35.48241141764347], [140.08149952187014, 35.482632003648575], [140.0815674774158, 35.48285036852492], [140.08163543296143, 35.48306873340127], [140.08170338850707, 35.483287098277614], [140.08177134405273, 35.48350546315396], [140.08183929959836, 35.48372382803031], [140.08192128167212, 35.48393894337865], [140.0820044915773, 35.48415372864005]]}}, {"type": "Feature", "properties": {"id": "館山道-下り-1-4", "route": "館山道", "direction": "下り", "from": null, "to": "市原ＩＣ", "grade": 0.04, "elevation_start": 13.5, "elevation_end": 13.6, "quality": "estimated", "structure": "bridge", "chain_rank": 1, "cum_dist_start": 1000.0, "cum_dist_end": 1250.0, "anomaly": false}, "geometry": {"type": "LineString", "coordinates": [[140.0820044915773, 35.48415372864005], [140.0820983918992, 35.484365563555855], [140.08219229222107, 35.48457739847166], [140.08228862613848, 35.484788498623665], [140.08239128808168, 35.484997578945475], [140.08249891056735, 35.48520500129776], [140.08260704700297, 35.4854122407923], [140.0827204408035, 35.48561759657544], [140.0828369883632, 35.4858217165121], [140.08296161574881, 35.48602267025121], [140.08308775244103, 35.48622297677564]]}}, {"type": "Feature", "properties": {"id": "館山道-下り-1-5", "route": "館山道", "direction": "下り", "from": null, "to": "市原ＩＣ", "grade": 0.04, "elevation_start": 13.6, "elevation_end": 13.7, "quality": "estimated", "structure": "bridge", "chain_rank": 1, "cum_dist_start": 1250.0, "cum_dist_end": 1500.0, "anomaly": false}, "geometry": {"type": "LineString", "coordinates": [[140.08308775244103, 35.48622297677564], [140.08321896988542, 35.486421104592715], [140.0833520668014, 35.48661838146963], [140.08348772085864, 35.4868145005881], [140.0836261742719, 35.48700925405019], [140.08377271707232, 35.48720006113208], [140.08392026723567, 35.4873903439662], [140.08406956110085, 35.48757971935004], [140.08422622278434, 35.487765042780744], [140.08438434785162, 35.48794956141929], [140.08454330748262, 35.488133595372304]]}}, {"type": "Feature", "properties": {"id": "館山道-下り-1-6", "route": "館山道", "direction": "下り", "from": null, "to": "市原ＩＣ", "grade": 0.04, "elevation_start": 13.7, "elevation_end": 13.8, "quality": "estimated", "structure": "normal", "chain_rank": 1, "cum_dist_start": 1500.0, "cum_dist_end": 1750.0, "anomaly": false}, "geometry": {"type": "LineString", "coordinates": [[140.08454330748262, 35.488133595372304], [140.084704253957, 35.4883164754359], [140.08486801380147, 35.48849762355677], [140.0850383739543, 35.488674708452486], [140.08520919549846, 35.488851494919125], [140.08538076801787, 35.48902779565316], [140.08555234053725, 35.48920409638718], [140.08573012733873, 35.48937622319353], [140.0859082524978, 35.48954812273627], [140.0860863776569, 35.48972002227901], [140.08626761851892, 35.4898897110209]]}}, {"type": "Feature", "properties": {"id": "館山道-下り-1-7", "route": "館山道", "direction": "下り", "from": null, "to": "市原ＩＣ", "grade": 0.04, "elevation_start": 13.8, "elevation_end": 13.9, "quality": "estimated", "structure": "bridge", "chain_rank": 1, "cum_dist_start": 1750.0, "cum_dist_end": 2000.0, "anomaly": false}, "geometry": {"type": "LineString", "coordinates": [[140.08626761851892, 35.4898897110209], [140.0864506161219, 35.490058153236895], [140.0866336137249, 35.49022659545289], [140.08681638261905, 35.49039520441897], [140.08699912362934, 35.49056383371495], [140.08718186463966, 35.49073246301093], [140.08736532465193, 35.49090056671835], [140.08754997526043, 35.49106780010302], [140.08773462586893, 35.49123503348768], [140.08791927647744, 35.49140226687235], [140.08810392708597, 35.49156950025702]]}}, {"type": "Feature", "properties": {"id": "館山道-下り-1-8", "route": "館山道", "direction": "下り", "from": null, "to": "市原ＩＣ", "grade": 0.04, "elevation_start": 13.9, "elevation_end": 14.0, "quality": "estimated", "structure": "bridge", "chain_rank": 1, "cum_dist_start": 2000.0, "cum_dist_end": 2250.0, "anomaly": false}, "geometry": {"type": "LineString", "coordinates": [[140.08810392708597, 35.49156950025702], [140.08828857769447, 35.49173673364169], [140.08847396936108, 35.491903417630034], [140.0886597268102, 35.49206983043914], [140.0888454842593, 35.49223624324825], [140.08903124170845, 35.49240265605736], [140.0892194825062, 35.49256719334539], [140.0894077511291, 35.49273170961878], [140.089596019752, 35.49289622589218], [140.0897842883749, 35.493060742165575], [140.0899725569978, 35.49322525843897]]}}, {"type": "Feature", "properties": {"id": "館山道-下り-1-9", "route": "館山道", "direction": "下り", "from": null, "to": "市原ＩＣ", "grade": 0.04, "elevation_start": 14.0, "elevation_end": 14.1, "quality": "estimated", "structure": "bridge", "chain_rank": 1, "cum_dist_start": 2250.0, "cum_dist_end": 2500.0, "anomaly": false}, "geometry": {"type": "LineString", "coordinates": [[140.0899725569978, 35.49322525843897], [140.0901608256207, 35.49338977471237], [140.0903490942436, 35.49355429098576], [140.09053736286648, 35.493718807259164], [140.09072499206314, 35.49388380512393], [140.09090989155982, 35.49405085889424], [140.09109717675142, 35.49421612330351], [140.0912849186399, 35.4943810451729], [140.09147266052838, 35.49454596704229], [140.09166040241686, 35.49471088891168], [140.09184814430537, 35.494875810781075]]}}, {"type": "Feature", "properties": {"id": "館山道-下り-1-10", "route": "館山道", "direction": "下り", "from": "市原ＩＣ", "to": null, "grade": 0.04, "elevation_start": 14.1, "elevation_end": 14.2, "quality": "estimated", "structure": "bridge", "chain_rank": 1, "cum_dist_start": 2500.0, "cum_dist_end": 2750.0, "anomaly": false}, "geometry": {"type": "LineString", "coordinates": [[140.09184814430537, 35.494875810781075], [140.09203588619386, 35.495040732650466], [140.09222362808234, 35.49520565451986], [140.09241136997082, 35.49537057638925], [140.09259911185933, 35.49553549825864], [140.0927868537478, 35.49570042012803], [140.0929745956363, 35.49586534199742], [140.09316233752477, 35.496030263866814], [140.09335017226118, 35.49619511482208], [140.09353903302622, 35.496359182130846], [140.09372415071869, 35.4965260678873]]}}, {"type": "Feature", "properties": {"id": "館山道-下り-1-11", "route": "館山道", "direction": "下り", "from": "市原ＩＣ", "to": null, "grade": 0.04, "elevation_start": 14.2, "elevation_end": 14.3, "quality": "estimated", "structure": "bridge", "chain_rank": 1, "cum_dist_start": 2750.0, "cum_dist_end": 3000.0, "anomaly": false}, "geometry": {"type": "LineString", "coordinates": [[140.09372415071869, 35.4965260678873], [140.09390849424665, 35.49669353657183], [140.09409283777464, 35.496861005256356], [140.09427764134657, 35.49702813394785], [140.09446276469484, 35.49719502471344], [140.0946446459217, 35.49736428591462], [140.09482652714857, 35.49753354711581], [140.09500840837543, 35.49770280831699], [140.0951902896023, 35.497872069518166], [140.09537217082917, 35.49804133071935], [140.0955591700419, 35.498206779014566]]}}, {"type": "Feature", "properties": {"id": "館山道-下り-1-12", "route": "館山道", "direction": "下り", "from": "市原ＩＣ", "to": null, "grade": 0.04, "elevation_start": 14.3, "elevation_end": 14.4, "quality": "estimated", "structure": "bridge", "chain_rank": 1, "cum_dist_start": 3000.0, "cum_dist_end": 3250.0, "anomaly": false}, "geometry": {"type": "LineString", "coordinates": [[140.0955591700419, 35.498206779014566], [140.09574842434117, 35.498370547267456], [140.0959376786404, 35.498534315520345], [140.09612693293968, 35.49869808377323], [140.09631618723895, 35.49886185202612], [140.0965054415382, 35.499025620279006], [140.09669469583747, 35.499189388531896], [140.09688395013671, 35.499353156784785], [140.097073204436, 35.499516925037675], [140.09726475386333, 35.49967890053214], [140.09745631420301, 35.49984086750281]]}}, {"type": "Feature", "properties": {"id": "館山道-下り-1-13", "route": "館山道", "direction": "下り", "from": "市原ＩＣ", "to": null, "grade": 0.04, "elevation_start": 14.4, "elevation_end": 14.4, "quality": "estimated", "structure": "bridge", "chain_rank": 1, "cum_dist_start": 3250.0, "cum_dist_end": 3500.0, "anomaly": false}, "geometry": {"type": "LineString", "coordinates": [[140.09745631420301, 35.49984086750281], [140.09764390544544, 35.500005908281075], [140.0978311695648, 35.50017120239483], [140.09801843368422, 35.500336496508595], [140.0982056978036, 35.50050179062235], [140.09839296192297, 35.50066708473611], [140.09858022604237, 35.500832378849864], [140.09876749016175, 35.50099767296363], [140.09895475428112, 35.501162967077384], [140.09914194143823, 35.50132832027916], [140.09932920733132, 35.50149361491747]]}}, {"type": "Feature", "properties": {"id": "館山道-下り-1-14", "route": "館山道", "direction": "下り", "from": "市原ＩＣ", "to": null, "grade": 0.04, "elevation_start": 14.4, "elevation_end": 14.5, "quality": "estimated", "structure": "bridge", "chain_rank": 1, "cum_dist_start": 3500.0, "cum_dist_end": 3750.0, "anomaly": false}, "geometry": {"type": "LineString", "coordinates": [[140.09932920733132, 35.50149361491747], [140.09951647538733, 35.50165890792861], [140.09970374344337, 35.501824200939744], [140.09989058683908, 35.501989814430125], [140.10007733955294, 35.50215549669968], [140.1002647956093, 35.50232064872027], [140.10045225166564, 35.50248580074086], [140.10063970772202, 35.50265095276144], [140.10082716377838, 35.50281610478203], [140.10101460015167, 35.50298127182505], [140.1012018622154, 35.503146571904104]]}}, {"type": "Feature", "properties": {"id": "館山道-下り-1-15", "route": "館山道", "direction": "下り", "from": "市原ＩＣ", "to": null, "grade": 0.04, "elevation_start": 14.5, "elevation_end": 14.6, "quality": "estimated", "structure": "bridge", "chain_rank": 1, "cum_dist_start": 3750.0, "cum_dist_end": 4000.0, "anomaly": false}, "geometry": {"type": "LineString", "coordinates": [[140.1012018622154, 35.503146571904104], [140.10138912399168, 35.503311872945766], [140.10157638561247, 35.50347717450814], [140.10176364723327, 35.503642476070524], [140.10195090885406, 35.5038077776329], [140.10213817047486, 35.50397307919528], [140.10232543209565, 35.50413838075767], [140.10251310821556, 35.50430335993782], [140.1027067123301, 35.504463687499], [140.10290391123738, 35.50462107505218], [140.10310111014465, 35.50477846260536]]}}, {"type": "Feature", "properties": {"id": "館山道-下り-1-16", "route": "館山道", "direction": "下り", "from": "市原ＩＣ", "to": null, "grade": 0.04, "elevation_start": 14.6, "elevation_end": 14.7, "quality": "estimated", "structure": "bridge", "chain_rank": 1, "cum_dist_start": 4000.0, "cum_dist_end": 4250.0, "anomaly": false}, "geometry": {"type": "LineString", "coordinates": [[140.10310111014465, 35.50477846260536], [140.10329830905192, 35.50493585015854], [140.1034955079592, 35.50509323771172], [140.10369270686647, 35.5052506252649], [140.10388990577374, 35.50540801281808], [140.104087104681, 35.50556540037126], [140.10428545698954, 35.50572180298506], [140.10448824287639, 35.50587436363777], [140.10469198252835, 35.506026081123444], [140.10489572218034, 35.506177798609116], [140.10509946183234, 35.50632951609479]]}}, {"type": "Feature", "properties": {"id": "館山道-下り-1-17", "route": "館山道", "direction": "下り", "from": "市原ＩＣ", "to": null, "grade": 0.04, "elevation_start": 14.7, "elevation_end": 14.8, "quality": "estimated", "structure": "bridge", "chain_rank": 1, "cum_dist_start": 4250.0, "cum_dist_end": 4500.0, "anomaly": false}, "geometry": {"type": "LineString", "coordinates": [[140.10509946183234, 35.50632951609479], [140.1053032014843, 35.50648123358046], [140.1055069411363, 35.50663295106614], [140.10571103766534, 35.50678434793501], [140.10591905113063, 35.50693204239092], [140.1061319681263, 35.507075089267765], [140.10634488512198, 35.5072181361446], [140.1065578021177, 35.507361183021445], [140.10677071911337, 35.50750422989828], [140.10698363610905, 35.507647276775124], [140.10719655310476, 35.50779032365196]]}}, {"type": "Feature", "properties": {"id": "館山道-下り-1-18", "route": "館山道", "direction": "下り", "from": "市原ＩＣ", "to": null, "grade": 0.04, "elevation_start": 14.8, "elevation_end": 14.9, "quality": "estimated", "structure": "bridge", "chain_rank": 1, "cum_dist_start": 4500.0, "cum_dist_end": 4750.0, "anomaly": false}, "geometry": {"type": "LineString", "coordinates": [[140.10719655310476, 35.50779032365196], [140.10740994184872, 35.50793289580711], [140.10762639434262, 35.50807233715783], [140.10784443482618, 35.5082101304093], [140.10806247530974, 35.50834792366077], [140.10828051579333, 35.50848571691225], [140.10849855627688, 35.508623510163716], [140.10871659676044, 35.50876130341519], [140.10893458545902, 35.50889915125487], [140.1091517107281, 35.509037909263085], [140.10936883599717, 35.5091766672713]]}}, {"type": "Feature", "properties": {"id": "館山道-下り-1-19", "route": "館山道", "direction": "下り", "from": "市原ＩＣ", "to": null, "grade": 0.04, "elevation_start": 14.9, "elevation_end": 15.0, "quality": "estimated", "structure": "bridge", "chain_rank": 1, "cum_dist_start": 4750.0, "cum_dist_end": 5000.0, "anomaly": false}, "geometry": {"type": "LineString", "coordinates": [[140.10936883599717, 35.5091766672713], [140.10958596126622, 35.50931542527952], [140.10980285452308, 35.50945442617333], [140.1100195757733, 35.50959360713499], [140.11023629702348, 35.509732788096656], [140.11045250842648, 35.50987249219506], [140.1106667194754, 35.51001424878813], [140.11088093052433, 35.510156005381205], [140.1110951415733, 35.510297761974286], [140.11130948473382, 35.51043938425771], [140.11152370881663, 35.51058111533319]]}}, {"type": "Feature", "properties": {"id": "館山道-下り-1-20", "route": "館山道", "direction": "下り", "from": "市原ＩＣ", "to": null, "grade": -0.07, "elevation_start": 15.0, "elevation_end": 14.8, "quality": "estimated", "structure": "normal", "chain_rank": 1, "cum_dist_start": 5000.0, "cum_dist_end": 5250.0, "anomaly": false}, "geometry": {"type": "LineString", "coordinates": [[140.11152370881663, 35.51058111533319], [140.11173601153882, 35.51072477973561], [140.11194573835613, 35.510870938024205], [140.11215446708712, 35.51101806261929], [140.11236265830038, 35.511165695292], [140.11257059689967, 35.51131356674286], [140.11277676569614, 35.51146306736829], [140.11298085221614, 35.511614484812874], [140.1131856820097, 35.511765226310445], [140.11338527172052, 35.51192056131631], [140.11358349725094, 35.51207709935799]]}}, {"type": "Feature", "properties": {"id": "館山道-下り-1-21", "route": "館山道", "direction": "下り", "from": "市原ＩＣ", "to": null, "grade": -0.07, "elevation_start": 14.8, "elevation_end": 14.6, "quality": "estimated", "structure": "bridge", "chain_rank": 1, "cum_dist_start": 5250.0, "cum_dist_end": 5500.0, "anomaly": false}, "geometry": {"type": "LineString", "coordinates": [[140.11358349725094, 35.51207709935799], [140.11378172278137, 35.51223363739967], [140.1139799483118, 35.512390175441354], [140.11417817384222, 35.51254671348303], [140.11437639937265, 35.51270325152471], [140.11457462490307, 35.51285978956639], [140.1147728504335, 35.51301632760807], [140.11496565508855, 35.51317725023217], [140.11515491672117, 35.513341038569465], [140.11533869755561, 35.513508919899195], [140.11552099639945, 35.513677907961224]]}}, {"type": "Feature", "properties": {"id": "館山道-下り-1-22", "route": "館山道", "direction": "下り", "from": "市原ＩＣ", "to": null, "grade": -0.05, "elevation_start": 14.6, "elevation_end": 14.5, "quality": "estimated", "structure": "bridge", "chain_rank": 1, "cum_dist_start": 5500.0, "cum_dist_end": 5750.0, "anomaly": false}, "geometry": {"type": "LineString", "coordinates": [[140.11552099639945, 35.513677907961224], [140.1157032952433, 35.51384689602325], [140.1158855940871, 35.51401588408528], [140.11606789293094, 35.51418487214731], [140.11625019177478, 35.51435386020934], [140.11643249061862, 35.51452284827136], [140.11661478946246, 35.51469183633339], [140.1167970883063, 35.51486082439542], [140.11697938715014, 35.51502981245745], [140.11716168599398, 35.51519880051948], [140.11734398483782, 35.51536778858151]]}}, {"type": "Feature", "properties": {"id": "館山道-下り-1-23", "route": "館山道", "direction": "下り", "from": "市原ＩＣ", "to": null, "grade": -0.05, "elevation_start": 14.5, "elevation_end": 14.4, "quality": "estimated", "structure": "bridge", "chain_rank": 1, "cum_dist_start": 5750.0, "cum_dist_end": 6000.0, "anomaly": false}, "geometry": {"type": "LineString", "coordinates": [[140.11734398483782, 35.51536778858151], [140.11752628368163, 35.515536776643536], [140.11770858252547, 35.515705764705565], [140.1178908813693, 35.515874752767594], [140.11807318021314, 35.51604374082962], [140.11825547905698, 35.51621272889165], [140.1184356162236, 35.51638322157295], [140.11861046259193, 35.51655739687482], [140.11878530896027, 35.516731572176695], [140.11895605110774, 35.51690833519838], [140.1191176465526, 35.517090865235105]]}}, {"type": "Feature", "properties": {"id": "館山道-下り-1-24", "route": "館山道", "direction": "下り", "from": "市原ＩＣ", "to": null, "grade": -0.05, "elevation_start": 14.4, "elevation_end": 14.3, "quality": "estimated", "structure": "bridge", "chain_rank": 1, "cum_dist_start": 6000.0, "cum_dist_end": 6250.0, "anomaly": false}, "geometry": {"type": "LineString", "coordinates": [[140.1191176465526, 35.517090865235105], [140.11928043036477, 35.517272690808966], [140.11944337397063, 35.5174544216573], [140.11960631757648, 35.51763615250564], [140.11976926118237, 35.51781788335398], [140.11993220478823, 35.51799961420231], [140.12009514839409, 35.51818134505065], [140.12025809199994, 35.51836307589899], [140.1204210356058, 35.51854480674732], [140.12058397921166, 35.51872653759566], [140.12074692281752, 35.518908268443994]]}}, {"type": "Feature", "properties": {"id": "館山道-下り-1-25", "route": "館山道", "direction": "下り", "from": "市原ＩＣ", "to": null, "grade": -0.05, "elevation_start": 14.3, "elevation_end": 14.2, "quality": "estimated", "structure": "bridge", "chain_rank": 1, "cum_dist_start": 6250.0, "cum_dist_end": 6500.0, "anomaly": false}, "geometry": {"type": "LineString", "coordinates": [[140.12074692281752, 35.518908268443994], [140.12090986642337, 35.51908999929233], [140.12107281002923, 35.51927173014067], [140.1212357536351, 35.519453460989006], [140.12139869724095, 35.519635191837345], [140.1215616408468, 35.519816922685685], [140.12172458445266, 35.51999865353402], [140.12188752805852, 35.52018038438236], [140.12205047166438, 35.5203621152307], [140.12221341527024, 35.52054384607903], [140.1223763588761, 35.52072557692737]]}}, {"type": "Feature", "properties": {"id": "館山道-下り-1-26", "route": "館山道", "direction": "下り", "from": "市原ＩＣ", "to": null, "grade": -0.05, "elevation_start": 14.2, "elevation_end": 14.0, "quality": "estimated", "structure": "bridge", "chain_rank": 1, "cum_dist_start": 6500.0, "cum_dist_end": 6750.0, "anomaly": false}, "geometry": {"type": "LineString", "coordinates": [[140.1223763588761, 35.52072557692737], [140.12253930248195, 35.5209073077757], [140.1227022460878, 35.52108903862404], [140.12286518969367, 35.52127076947238], [140.12302813329953, 35.52145250032071], [140.12319107690539, 35.52163423116905], [140.12335402051124, 35.52181596201739], [140.1235169641171, 35.521997692865725], [140.12367990772296, 35.522179423714064], [140.12384285132882, 35.522361154562404], [140.12400579493467, 35.522542885410736]]}}, {"type": "Feature", "properties": {"id": "館山道-下り-1-27", "route": "館山道", "direction": "下り", "from": "市原ＩＣ", "to": null, "grade": -0.05, "elevation_start": 14.0, "elevation_end": 13.9, "quality": "estimated", "structure": "bridge", "chain_rank": 1, "cum_dist_start": 6750.0, "cum_dist_end": 7000.0, "anomaly": false}, "geometry": {"type": "LineString", "coordinates": [[140.12400579493467, 35.522542885410736], [140.12416873854053, 35.522724616259076], [140.1243316821464, 35.52290634710741], [140.12449462575225, 35.52308807795575], [140.12465320165882, 35.52327236096328], [140.12481174271534, 35.523456672051125], [140.12497264867267, 35.52363961644035], [140.12513355463, 35.523822560829565], [140.12529480175314, 35.52400530305701], [140.12545752180648, 35.52418717248247], [140.12561987798992, 35.52436925748757]]}}, {"type": "Feature", "properties": {"id": "館山道-下り-1-28", "route": "館山道", "direction": "下り", "from": "市原ＩＣ", "to": null, "grade": -0.05, "elevation_start": 13.9, "elevation_end": 13.8, "quality": "estimated", "structure": "bridge", "chain_rank": 1, "cum_dist_start": 7000.0, "cum_dist_end": 7250.0, "anomaly": false}, "geometry": {"type": "LineString", "coordinates": [[140.12561987798992, 35.52436925748757], [140.12578048659526, 35.524552377868936], [140.1259410952006, 35.524735498250294], [140.12610170380592, 35.52491861863166], [140.12626231241126, 35.525101739013024], [140.1264229210166, 35.52528485939438], [140.12658352962194, 35.52546797977575], [140.1267440865164, 35.525651130811646], [140.1269045652274, 35.52583432819519], [140.12706598216442, 35.52601697115303], [140.12722883407773, 35.526198766140624]]}}, {"type": "Feature", "properties": {"id": "館山道-下り-1-29", "route": "館山道", "direction": "下り", "from": "市原ＩＣ", "to": null, "grade": -0.05, "elevation_start": 13.8, "elevation_end": 13.7, "quality": "estimated", "structure": "bridge", "chain_rank": 1, "cum_dist_start": 7250.0, "cum_dist_end": 7500.0, "anomaly": false}, "geometry": {"type": "LineString", "coordinates": [[140.12722883407773, 35.526198766140624], [140.12739168599106, 35.52638056112823], [140.12755453790436, 35.526562356115825], [140.1277173898177, 35.52674415110343], [140.127880241731, 35.526925946091026], [140.1280430936443, 35.52710774107863], [140.12820594555762, 35.52728953606623], [140.12836879747093, 35.52747133105383], [140.12853164938426, 35.52765312604143], [140.12869450129756, 35.52783492102903], [140.1288573532109, 35.52801671601663]]}}, {"type": "Feature", "properties": {"id": "館山道-下り-1-30", "route": "館山道", "direction": "下り", "from": "市原ＩＣ", "to": null, "grade": -0.05, "elevation_start": 13.7, "elevation_end": 13.6, "quality": "estimated", "structure": "bridge", "chain_rank": 1, "cum_dist_start": 7500.0, "cum_dist_end": 7750.0, "anomaly": false}, "geometry": {"type": "LineString", "coordinates": [[140.1288573532109, 35.52801671601663], [140.1290202051242, 35.528198511004234], [140.1291830570375, 35.52838030599183], [140.12934590895082, 35.528562100979435], [140.12950876086413, 35.52874389596704], [140.12967161277746, 35.52892569095464], [140.12983446469076, 35.52910748594224], [140.1299973166041, 35.52928928092984], [140.1301601685174, 35.52947107591744], [140.1303230204307, 35.52965287090504], [140.13048587234402, 35.52983466589264]]}}, {"type": "Feature", "properties": {"id": "館山道-下り-1-31", "route": "館山道", "direction": "下り", "from": "市原ＩＣ", "to": null, "grade": -0.05, "elevation_start": 13.6, "elevation_end": 13.5, "quality": "estimated", "structure": "bridge", "chain_rank": 1, "cum_dist_start": 7750.0, "cum_dist_end": 8000.0, "anomaly": false}, "geometry": {"type": "LineString", "coordinates": [[140.13048587234402, 35.52983466589264], [140.1306485678967, 35.530016555673484], [140.13081112172577, 35.530198531373934], [140.13097295029417, 35.53038093971107], [140.13113450735008, 35.53056351001241], [140.131296064406, 35.530746080313754], [140.13145762146192, 35.530928650615095], [140.13161917851784, 35.531111220916436], [140.13178073557376, 35.53129379121778], [140.13194229262967, 35.53147636151912], [140.13210384968556, 35.531658931820466]]}}, {"type": "Feature", "properties": {"id": "館山道-下り-1-32", "route": "館山道", "direction": "下り", "from": "市原ＩＣ", "to": null, "grade": -0.05, "elevation_start": 13.5, "elevation_end": 13.3, "quality": "estimated", "structure": "bridge", "chain_rank": 1, "cum_dist_start": 8000.0, "cum_dist_end": 8250.0, "anomaly": false}, "geometry": {"type": "LineString", "coordinates": [[140.13210384968556, 35.531658931820466], [140.13226540674148, 35.53184150212181], [140.1324269637974, 35.53202407242315], [140.13258852085332, 35.53220664272449], [140.13275007790924, 35.53238921302583], [140.13291163496515, 35.53257178332717], [140.13307319202107, 35.53275435362851], [140.133234749077, 35.53293692392985], [140.1333963061329, 35.533119494231194], [140.13355786318883, 35.53330206453254], [140.13371942024472, 35.53348463483388]]}}, {"type": "Feature", "properties": {"id": "館山道-下り-1-33", "route": "館山道", "direction": "下り", "from": "市原ＩＣ", "to": null, "grade": -0.05, "elevation_start": 13.3, "elevation_end": 13.2, "quality": "estimated", "structure": "bridge", "chain_rank": 1, "cum_dist_start": 8250.0, "cum_dist_end": 8500.0, "anomaly": false}, "geometry": {"type": "LineString", "coordinates": [[140.13371942024472, 35.53348463483388], [140.13388097730063, 35.533667205135224], [140.13404253435655, 35.533849775436565], [140.13420409141247, 35.534032345737906], [140.13436930777306, 35.53421268805054], [140.13453322725107, 35.534393832180704], [140.1346956890661, 35.53457586831255], [140.1348581508811, 35.5347579044444], [140.13502061269608, 35.534939940576244], [140.1351830745111, 35.53512197670809], [140.1353455363261, 35.53530401283994]]}}, {"type": "Feature", "properties": {"id": "館山道-下り-1-34", "route": "館山道", "direction": "下り", "from": "市原ＩＣ", "to": null, "grade": -0.05, "elevation_start": 13.2, "elevation_end": 13.1, "quality": "estimated", "structure": "bridge", "chain_rank": 1, "cum_dist_start": 8500.0, "cum_dist_end": 8750.0, "anomaly": false}, "geometry": {"type": "LineString", "coordinates": [[140.1353455363261, 35.53530401283994], [140.13550714823413, 35.53548655363577], [140.13566815013775, 35.535669454761575], [140.1358286081953, 35.535852675659555], [140.13598906625288, 35.536035896557536], [140.13615122518272, 35.536218113626234], [140.13631363930557, 35.536400180083845], [140.13647605342842, 35.53658224654145], [140.13663846755128, 35.53676431299906], [140.1367956865326, 35.53694939222124], [140.1369522322834, 35.537134861862995]]}}, {"type": "Feature", "properties": {"id": "館山道-下り-1-35", "route": "館山道", "direction": "下り", "from": "市原ＩＣ", "to": null, "grade": 0.08, "elevation_start": 13.1, "elevation_end": 13.3, "quality": "estimated", "structure": "normal", "chain_rank": 1, "cum_dist_start": 8750.0, "cum_dist_end": 9000.0, "anomaly": false}, "geometry": {"type": "LineString", "coordinates": [[140.1369522322834, 35.537134861862995], [140.13710866150691, 35.53732039586132], [140.13726073406005, 35.53750833599404], [140.1374128066132, 35.53769627612676], [140.13756169917977, 35.537885863947224], [140.13770474604783, 35.53807848067534], [140.1378477929159, 35.53827109740346], [140.13798600510523, 35.53846605758315], [140.13812172216544, 35.53866216212033], [140.13825300390437, 35.538860297577976], [140.13838428564333, 35.53905843303562]]}}, {"type": "Feature", "properties": {"id": "館山道-下り-1-36", "route": "館山道", "direction": "下り", "from": "市原ＩＣ", "to": null, "grade": 0.03, "elevation_start": 13.3, "elevation_end": 13.4, "quality": "estimated", "structure": "normal", "chain_rank": 1, "cum_dist_start": 9000.0, "cum_dist_end": 9250.0, "anomaly": false}, "geometry": {"type": "LineString", "coordinates": [[140.13838428564333, 35.53905843303562], [140.13850992917983, 35.53925895700032], [140.13863230016466, 35.539460867313416], [140.13875467114946, 35.5396627776265], [140.13887119575998, 35.53986697564118], [140.13898407770063, 35.540072522950275], [140.1390927094557, 35.540279617574356], [140.1391987516901, 35.54048760661375], [140.13930158289264, 35.54069665483855], [140.13940037992583, 35.540907004335125], [140.13949513303717, 35.54111860301757]]}}, {"type": "Feature", "properties": {"id": "館山道-下り-1-37", "route": "館山道", "direction": "下り", "from": "市原ＩＣ", "to": null, "grade": 0.0, "elevation_start": 13.4, "elevation_end": 13.4, "quality": "estimated", "structure": "bridge", "chain_rank": 1, "cum_dist_start": 9250.0, "cum_dist_end": 9500.0, "anomaly": false}, "geometry": {"type": "LineString", "coordinates": [[140.13949513303717, 35.54111860301757], [140.13958969562353, 35.54133025716379], [140.13967991984362, 35.541543174253], [140.1397665017182, 35.541757062628534], [140.13984723183938, 35.541972510894375], [140.13992598031504, 35.54218844042699], [140.1400021922178, 35.54240498530021], [140.1400756940457, 35.54262213778226], [140.14014532910568, 35.542840157208005], [140.14021115673185, 35.543058950516105], [140.1402726490519, 35.54327858530966]]}}, {"type": "Feature", "properties": {"id": "館山道-下り-1-38", "route": "館山道", "direction": "下り", "from": "市原ＩＣ", "to": null, "grade": 0.0, "elevation_start": 13.4, "elevation_end": 13.4, "quality": "estimated", "structure": "bridge", "chain_rank": 1, "cum_dist_start": 9500.0, "cum_dist_end": 9750.0, "anomaly": false}, "geometry": {"type": "LineString", "coordinates": [[140.1402726490519, 35.54327858530966], [140.14032948655827, 35.54349907041442], [140.14038311387463, 35.54372005642359], [140.140429656948, 35.54394214782792], [140.14047422331302, 35.54416450944821], [140.14050870829766, 35.54438798826959], [140.14053874128376, 35.54461196565366], [140.14057611689972, 35.54483521101431], [140.14061056962566, 35.54505876136756], [140.14064082144006, 35.54528270704269], [140.14066526834276, 35.54550714496855]]}}, {"type": "Feature", "properties": {"id": "館山道-下り-1-39", "route": "館山道", "direction": "下り", "from": "市原ＩＣ", "to": null, "grade": 0.0, "elevation_start": 13.4, "elevation_end": 13.4, "quality": "estimated", "structure": "bridge", "chain_rank": 1, "cum_dist_start": 9750.0, "cum_dist_end": 10000.0, "anomaly": false}, "geometry": {"type": "LineString", "coordinates": [[140.14066526834276, 35.54550714496855], [140.14068622818718, 35.545731811033725], [140.14070567233347, 35.545956574583215], [140.1407196815309, 35.54618160899114], [140.14073369072833, 35.54640664339906], [140.14073815548045, 35.54663192053401], [140.14074129387905, 35.54685723139977], [140.14074029861973, 35.54708253733201], [140.14073635672335, 35.54730783974745], [140.14072952801965, 35.547533088814546], [140.1407210071683, 35.54775830661068]]}}, {"type": "Feature", "properties": {"id": "館山道-下り-1-40", "route": "館山道", "direction": "下り", "from": "市原ＩＣ", "to": null, "grade": 0.0, "elevation_start": 13.4, "elevation_end": 13.4, "quality": "estimated", "structure": "bridge", "chain_rank": 1, "cum_dist_start": 10000.0, "cum_dist_end": 10250.0, "anomaly": false}, "geometry": {"type": "LineString", "coordinates": [[140.1407210071683, 35.54775830661068], [140.14070417988995, 35.54798319165216], [140.14068570950482, 35.54820801087093], [140.1406636283007, 35.54843260617314], [140.14064038076575, 35.54865712914803], [140.14061713323076, 35.54888165212294], [140.14059248392644, 35.549106058050214], [140.14055969193393, 35.54932978406372], [140.1405268999414, 35.54955351007723], [140.14049097557958, 35.54977691252586], [140.14045461605272, 35.55000027002316]]}}, {"type": "Feature", "properties": {"id": "館山道-下り-1-41", "route": "館山道", "direction": "下り", "from": "市原ＩＣ", "to": null, "grade": 0.0, "elevation_start": 13.4, "elevation_end": 13.4, "quality": "estimated", "structure": "bridge", "chain_rank": 1, "cum_dist_start": 10250.0, "cum_dist_end": 10500.0, "anomaly": false}, "geometry": {"type": "LineString", "coordinates": [[140.14045461605272, 35.55000027002316], [140.14041825652586, 35.55022362752047], [140.140381896999, 35.550446985017764], [140.14034553747214, 35.55067034251507], [140.14030917794528, 35.550893700012374], [140.14027281841842, 35.55111705750968], [140.14023645889156, 35.55134041500698], [140.1402000993647, 35.55156377250429], [140.14016373983785, 35.55178713000159], [140.140127380311, 35.5520104874989], [140.14009102078413, 35.5522338449962]]}}, {"type": "Feature", "properties": {"id": "館山道-下り-2-0", "route": "館山道", "direction": "下り", "from": null, "to": "木更津南ＩＣ", "grade": 0.19, "elevation_start": 23.6, "elevation_end": 24.1, "quality": "estimated", "structure": "bridge", "chain_rank": 2, "cum_dist_start": 0.0, "cum_dist_end": 250.0, "anomaly": false}, "geometry": {"type": "LineString", "coordinates": [[139.9040547, 35.3519283], [139.9042269340785, 35.35175267581536], [139.90442065607738, 35.35159319471792], [139.90463733432023, 35.351454707329346], [139.9048647938675, 35.351328214280514], [139.9051000040901, 35.35121142101121], [139.9053385195686, 35.3510993648496], [139.90558109007884, 35.350993174069266], [139.9058266100098, 35.35089161780173], [139.90607422616296, 35.35079359431723], [139.90632335195494, 35.35069811504127]]}}, {"type": "Feature", "properties": {"id": "館山道-下り-2-1", "route": "館山道", "direction": "下り", "from": null, "to": "木更津南ＩＣ", "grade": 1.23, "elevation_start": 24.1, "elevation_end": 27.2, "quality": "measured", "structure": "normal", "chain_rank": 2, "cum_dist_start": 250.0, "cum_dist_end": 500.0, "anomaly": false}, "geometry": {"type": "LineString", "coordinates": [[139.90632335195494, 35.35069811504127], [139.9065741946776, 35.35060575325052], [139.9068263981689, 35.350515862250305], [139.9070786016602, 35.35042597125009], [139.90733407674125, 35.35034274607495], [139.90759202189417, 35.350264553641836], [139.90785128685863, 35.350189487074914], [139.90811306289152, 35.35012036776914], [139.90837676784824, 35.35005648158393], [139.9086414772446, 35.349995320417456], [139.90890639620844, 35.34993478805292]]}}, {"type": "Feature", "properties": {"id": "館山道-下り-2-2", "route": "館山道", "direction": "下り", "from": null, "to": "木更津南ＩＣ", "grade": 0.83, "elevation_start": 27.2, "elevation_end": 29.2, "quality": "measured", "structure": "normal", "chain_rank": 2, "cum_dist_start": 500.0, "cum_dist_end": 750.0, "anomaly": false}, "geometry": {"type": "LineString", "coordinates": [[139.90890639620844, 35.34993478805292], [139.90917229894717, 35.34987720748028], [139.9094405755412, 35.34982787240199], [139.90971066494615, 35.34978579124429], [139.90998287230144, 35.34975357134706], [139.91025531564512, 35.349723151792226], [139.91052966571263, 35.349707278527966], [139.91080418043464, 35.34969478073395], [139.9110792015628, 35.34969266442963], [139.91135411237988, 35.34969398210864], [139.91162861687852, 35.34970794847954]]}}, {"type": "Feature", "properties": {"id": "館山道-下り-2-3", "route": "館山道", "direction": "下り", "from": null, "to": "木更津南ＩＣ", "grade": 0.9, "elevation_start": 29.2, "elevation_end": 31.5, "quality": "measured", "structure": "normal", "chain_rank": 2, "cum_dist_start": 750.0, "cum_dist_end": 1000.0, "anomaly": false}, "geometry": {"type": "LineString", "coordinates": [[139.91162861687852, 35.34970794847954], [139.91190303519818, 35.34972289664087], [139.91217715328733, 35.349741265165065], [139.91245127137645, 35.34975963368927], [139.9127251868366, 35.34977991075956], [139.91299905516445, 35.34980063176482], [139.91327292349231, 35.34982135277009], [139.91354679182018, 35.349842073775356], [139.91382065663475, 35.349862826186815], [139.91409449981427, 35.349883771999416], [139.9143683429938, 35.349904717812024]]}}, {"type": "Feature", "properties": {"id": "館山道-下り-2-4", "route": "館山道", "direction": "下り", "from": null, "to": "木更津南ＩＣ", "grade": 0.41, "elevation_start": 31.5, "elevation_end": 32.5, "quality": "estimated", "structure": "normal", "chain_rank": 2, "cum_dist_start": 1000.0, "cum_dist_end": 1250.0, "anomaly": false}, "geometry": {"type": "LineString", "coordinates": [[139.9143683429938, 35.349904717812024], [139.91464218617332, 35.349925663624624], [139.91491602935284, 35.349946609437225], [139.91518986677568, 35.34996760710545], [139.91546369633858, 35.34998867557503], [139.9157375259015, 35.3500097440446], [139.9160113554644, 35.35003081251418], [139.9162851850273, 35.350051880983756], [139.9165590145902, 35.35007294945333], [139.9168328441531, 35.350094017922906], [139.91710676363488, 35.350114285902144]]}}, {"type": "Feature", "properties": {"id": "館山道-下り-2-5", "route": "館山道", "direction": "下り", "from": null, "to": "木更津南ＩＣ", "grade": -0.39, "elevation_start": 32.5, "elevation_end": 31.5, "quality": "estimated", "structure": "bridge", "chain_rank": 2, "cum_dist_start": 1250.0, "cum_dist_end": 1500.0, "anomaly": false}, "geometry": {"type": "LineString", "coordinates": [[139.91710676363488, 35.350114285902144], [139.91738070342757, 35.350134373065934], [139.9176546432203, 35.35015446022973], [139.91792858301298, 35.35017454739352], [139.91820254721026, 35.35019440675936], [139.91847658247735, 35.350213602743125], [139.91875061774445, 35.35023279872689], [139.91902465301155, 35.35025199471066], [139.91929868827864, 35.35027119069443], [139.91957302365924, 35.350287216894664], [139.91984739608807, 35.350302851793444]]}}, {"type": "Feature", "properties": {"id": "館山道-下り-2-6", "route": "館山道", "direction": "下り", "from": null, "to": "木更津南ＩＣ", "grade": -0.39, "elevation_start": 31.5, "elevation_end": 30.6, "quality": "estimated", "structure": "bridge", "chain_rank": 2, "cum_dist_start": 1500.0, "cum_dist_end": 1750.0, "anomaly": false}, "geometry": {"type": "LineString", "coordinates": [[139.91984739608807, 35.350302851793444], [139.9201219292779, 35.35031615134242], [139.9203967079791, 35.35032588438663], [139.92067148617576, 35.35033562722729], [139.92094645890074, 35.35033936117488], [139.92122148116133, 35.35034156825007], [139.92149650342193, 35.350343775325264], [139.92177149674876, 35.35034032295726], [139.92204648679638, 35.35033622917803], [139.92232147684402, 35.35033213539881], [139.92259624905998, 35.35032341948844]]}}, {"type": "Feature", "properties": {"id": "館山道-下り-2-7", "route": "館山道", "direction": "下り", "from": "木更津南ＩＣ", "to": "木更津南ＪＣＴ", "grade": -0.21, "elevation_start": 30.6, "elevation_end": 30.0, "quality": "estimated", "structure": "normal", "chain_rank": 2, "cum_dist_start": 1750.0, "cum_dist_end": 2000.0, "anomaly": false}, "geometry": {"type": "LineString", "coordinates": [[139.92259624905998, 35.35032341948844], [139.92287080587639, 35.350310133052545], [139.9231453626928, 35.35029684661665], [139.9234198922877, 35.350283220499485], [139.92369421422148, 35.35026700310046], [139.92396853615526, 35.350250785701434], [139.92424285808903, 35.35023456830241], [139.92451689599434, 35.350215464852134], [139.92479084792512, 35.35019548780322], [139.9250647998559, 35.350175510754305], [139.92533875178668, 35.35015553370539]]}}, {"type": "Feature", "properties": {"id": "館山道-下り-2-8", "route": "館山道", "direction": "下り", "from": "木更津南ＩＣ", "to": "木更津南ＪＣＴ", "grade": 0.08, "elevation_start": 30.0, "elevation_end": 30.3, "quality": "estimated", "structure": "bridge", "chain_rank": 2, "cum_dist_start": 2000.0, "cum_dist_end": 2250.0, "anomaly": false}, "geometry": {"type": "LineString", "coordinates": [[139.92533875178668, 35.35015553370539], [139.9256126946728, 35.35013547446868], [139.9258866975222, 35.350115983194755], [139.92616074607545, 35.350096919582704], [139.9264347946287, 35.35007785597066], [139.92670884318196, 35.35005879235861], [139.92698312381324, 35.35004228661116], [139.92725759895387, 35.35002792466211], [139.92753207409453, 35.35001356271305], [139.92780654923516, 35.349999200763996], [139.9280810243758, 35.34998483881493]]}}, {"type": "Feature", "properties": {"id": "館山道-下り-2-9", "route": "館山道", "direction": "下り", "from": "木更津南ＩＣ", "to": "木更津南ＪＣＴ", "grade": 1.97, "elevation_start": 30.3, "elevation_end": 35.2, "quality": "estimated", "structure": "normal", "chain_rank": 2, "cum_dist_start": 2250.0, "cum_dist_end": 2500.0, "anomaly": false}, "geometry": {"type": "LineString", "coordinates": [[139.9280810243758, 35.34998483881493], [139.9283558475166, 35.34997660406555], [139.92863076405098, 35.3499700136865], [139.92890568058536, 35.34996342330745], [139.92918059711974, 35.349956832928406], [139.9294555967573, 35.34995727788858], [139.9297306174641, 35.34995950652759], [139.9300056381709, 35.3499617351666], [139.93028040482685, 35.34997099258587], [139.93055478445137, 35.3499861379971], [139.93082847874766, 35.350007888020244]]}}, {"type": "Feature", "properties": {"id": "館山道-下り-2-10", "route": "館山道", "direction": "下り", "from": "木更津南ＩＣ", "to": "木更津南ＪＣＴ", "grade": 1.62, "elevation_start": 35.2, "elevation_end": 39.2, "quality": "measured", "structure": "normal", "chain_rank": 2, "cum_dist_start": 2500.0, "cum_dist_end": 2750.0, "anomaly": false}, "geometry": {"type": "LineString", "coordinates": [[139.93082847874766, 35.350007888020244], [139.9311006102153, 35.35003952932479], [139.93136967215145, 35.35008620796774], [139.93163655378652, 35.35014048407013], [139.93189907787226, 35.35020757552091], [139.9321574569523, 35.35028478622632], [139.9324091214664, 35.350375679576814], [139.93265660564424, 35.3504739810875], [139.93289633139585, 35.350584011783496], [139.93313196974822, 35.35070022180779], [139.93335858256907, 35.35082787257181]]}}, {"type": "Feature", "properties": {"id": "館山道-下り-2-11", "route": "館山道", "direction": "下り", "from": "木更津南ＩＣ", "to": "木更津南ＪＣＴ", "grade": -0.23, "elevation_start": 39.2, "elevation_end": 38.7, "quality": "measured", "structure": "normal", "chain_rank": 2, "cum_dist_start": 2750.0, "cum_dist_end": 3000.0, "anomaly": false}, "geometry": {"type": "LineString", "coordinates": [[139.93335858256907, 35.35082787257181], [139.9335798932961, 35.35096153030457], [139.93379661783877, 35.351100242562396], [139.93400807363417, 35.35124433441], [139.93421952942958, 35.35138842625761], [139.934433517819, 35.351529966203216], [139.93464887164407, 35.35167013030337], [139.93486872310743, 35.351805515610536], [139.93509401545566, 35.35193476542252], [139.93532406386527, 35.35205809515338], [139.9355633613587, 35.35216897412931]]}}, {"type": "Feature", "properties": {"id": "館山道-下り-2-12", "route": "館山道", "direction": "下り", "from": "木更津南ＩＣ", "to": "木更津南ＪＣＴ", "grade": -0.21, "elevation_start": 38.7, "elevation_end": 38.1, "quality": "measured", "structure": "normal", "chain_rank": 2, "cum_dist_start": 3000.0, "cum_dist_end": 3250.0, "anomaly": false}, "geometry": {"type": "LineString", "coordinates": [[139.9355633613587, 35.35216897412931], [139.93580877915545, 35.352270674808345], [139.9360580275163, 35.352365895679206], [139.93631461034346, 35.35244660704545], [139.93657562911733, 35.35251751935647], [139.93683940392765, 35.35258094471024], [139.93710697770507, 35.35263310153651], [139.93737795511817, 35.3526716545782], [139.93764915538156, 35.352709105815876], [139.9379217579963, 35.35273905945648], [139.9381953959922, 35.35276163812355]]}}, {"type": "Feature", "properties": {"id": "館山道-下り-2-13", "route": "館山道", "direction": "下り", "from": "木更津南ＩＣ", "to": "木更津南ＪＣＴ", "grade": 1.32, "elevation_start": 38.1, "elevation_end": 41.4, "quality": "measured", "structure": "normal", "chain_rank": 2, "cum_dist_start": 3250.0, "cum_dist_end": 3500.0, "anomaly": false}, "geometry": {"type": "LineString", "coordinates": [[139.9381953959922, 35.35276163812355], [139.93846918173443, 35.35278316440031], [139.93874333399512, 35.35280126029682], [139.9390175224686, 35.35281901726463], [139.93929133634157, 35.35284013427458], [139.93956491311502, 35.3528633779892], [139.93983848988844, 35.352886621703824], [139.9401114644989, 35.352914102623075], [139.9403842398885, 35.35294298538811], [139.9406554514942, 35.35298045378255], [139.94092603222268, 35.35302063809704]]}}, {"type": "Feature", "properties": {"id": "館山道-下り-2-14", "route": "館山道", "direction": "下り", "from": "木更津南ＩＣ", "to": "木更津南ＪＣＴ", "grade": 1.6, "elevation_start": 41.4, "elevation_end": 45.4, "quality": "measured", "structure": "normal", "chain_rank": 2, "cum_dist_start": 3500.0, "cum_dist_end": 3750.0, "anomaly": false}, "geometry": {"type": "LineString", "coordinates": [[139.94092603222268, 35.35302063809704], [139.9411948486744, 35.35306831914623], [139.9414622072091, 35.35312099970579], [139.94172829760274, 35.35317802899313], [139.9419943879964, 35.353235058280475], [139.94225801022066, 35.35329910291259], [139.94251205033697, 35.35338536268537], [139.94276588544457, 35.35347211008791], [139.94302533650864, 35.35354644669396], [139.94329170456135, 35.35360260384558], [139.94355807261408, 35.3536587609972]]}}, {"type": "Feature", "properties": {"id": "館山道-下り-3-0", "route": "館山道", "direction": "下り", "from": "富津竹岡IC", "to": null, "grade": 0.0, "elevation_start": 33.7, "elevation_end": 33.7, "quality": "estimated", "structure": "bridge", "chain_rank": 3, "cum_dist_start": 0.0, "cum_dist_end": 250.0, "anomaly": false}, "geometry": {"type": "LineString", "coordinates": [[139.8589885, 35.1961144], [139.859224795782, 35.19622909458876], [139.85946109156404, 35.196343789177526], [139.85969738734605, 35.196458483766285], [139.85993368312805, 35.196573178355045], [139.86016975992118, 35.19668817211193], [139.86040399236978, 35.19680568548997], [139.86063822481842, 35.19692319886802], [139.86087439550892, 35.19703806289461], [139.8611109353648, 35.19715242231506], [139.86134747522067, 35.1972667817355]]}}, {"type": "Feature", "properties": {"id": "館山道-下り-3-1", "route": "館山道", "direction": "下り", "from": "富津竹岡IC", "to": null, "grade": -0.41, "elevation_start": 33.7, "elevation_end": 32.7, "quality": "estimated", "structure": "normal", "chain_rank": 3, "cum_dist_start": 250.0, "cum_dist_end": 500.0, "anomaly": false}, "geometry": {"type": "LineString", "coordinates": [[139.86134747522067, 35.1972667817355], [139.86158401507655, 35.197381141155944], [139.8618205549324, 35.19749550057639], [139.86205709478827, 35.19760985999683], [139.86229363464415, 35.197724219417275], [139.86253017450002, 35.19783857883772], [139.86276671435587, 35.19795293825816], [139.8630022960627, 35.19806861681287], [139.8632371552855, 35.198185290049295], [139.86347201450835, 35.198301963285715], [139.86370687373116, 35.198418636522135]]}}, {"type": "Feature", "properties": {"id": "館山道-下り-3-2", "route": "館山道", "direction": "下り", "from": "富津竹岡IC", "to": null, "grade": -0.8, "elevation_start": 32.7, "elevation_end": 30.7, "quality": "estimated", "structure": "tunnel", "chain_rank": 3, "cum_dist_start": 500.0, "cum_dist_end": 750.0, "anomaly": false}, "geometry": {"type": "LineString", "coordinates": [[139.86370687373116, 35.198418636522135], [139.863941732954, 35.198535309758554], [139.86417645970377, 35.19865216302156], [139.8644109380759, 35.198769353821675], [139.86464541644807, 35.19888654462179], [139.8648798948202, 35.199003735421904], [139.86511437319237, 35.19912092622202], [139.86534885156453, 35.199238117022134], [139.86558339589175, 35.19935522050697], [139.86581832084386, 35.199471820097706], [139.86605324579597, 35.19958841968844]]}}, {"type": "Feature", "properties": {"id": "館山道-下り-3-3", "route": "館山道", "direction": "下り", "from": "富津竹岡IC", "to": null, "grade": -0.98, "elevation_start": 30.7, "elevation_end": 28.2, "quality": "estimated", "structure": "tunnel", "chain_rank": 3, "cum_dist_start": 750.0, "cum_dist_end": 1000.0, "anomaly": false}, "geometry": {"type": "LineString", "coordinates": [[139.86605324579597, 35.19958841968844], [139.8662881707481, 35.19970501927917], [139.86652309570022, 35.19982161886991], [139.86675802065233, 35.199938218460645], [139.86699294560444, 35.20005481805138], [139.86722787055655, 35.20017141764211], [139.8674627955087, 35.20028801723284], [139.8676977204608, 35.200404616823576], [139.8679326454129, 35.20052121641431], [139.86816757036502, 35.20063781600505], [139.86840249531716, 35.20075441559578]]}}, {"type": "Feature", "properties": {"id": "館山道-下り-3-4", "route": "館山道", "direction": "下り", "from": "富津竹岡IC", "to": null, "grade": -0.98, "elevation_start": 28.2, "elevation_end": 25.8, "quality": "estimated", "structure": "tunnel", "chain_rank": 3, "cum_dist_start": 1000.0, "cum_dist_end": 1250.0, "anomaly": false}, "geometry": {"type": "LineString", "coordinates": [[139.86840249531716, 35.20075441559578], [139.86863742026927, 35.200871015186515], [139.86887234522138, 35.20098761477725], [139.8691072701735, 35.20110421436798], [139.8693421951256, 35.20122081395871], [139.86957712007774, 35.201337413549446], [139.86981204502985, 35.201454013140186], [139.87004696998196, 35.20157061273092], [139.87028189493407, 35.20168721232165], [139.8705168198862, 35.201803811912384], [139.87075174483832, 35.20192041150312]]}}, {"type": "Feature", "properties": {"id": "館山道-下り-3-5", "route": "館山道", "direction": "下り", "from": "富津竹岡IC", "to": null, "grade": -0.98, "elevation_start": 25.8, "elevation_end": 23.4, "quality": "estimated", "structure": "tunnel", "chain_rank": 3, "cum_dist_start": 1250.0, "cum_dist_end": 1500.0, "anomaly": false}, "geometry": {"type": "LineString", "coordinates": [[139.87075174483832, 35.20192041150312], [139.87098666979043, 35.20203701109385], [139.87122159474254, 35.20215361068458], [139.87145651969465, 35.202270210275316], [139.87169144464679, 35.202386809866056], [139.8719263695989, 35.20250340945679], [139.872161294551, 35.20262000904752], [139.87239621950312, 35.202736608638254], [139.87263114445526, 35.20285320822899], [139.87286606940737, 35.20296980781972], [139.87310099435948, 35.20308640741045]]}}, {"type": "Feature", "properties": {"id": "館山道-下り-3-6", "route": "館山道", "direction": "下り", "from": "富津竹岡IC", "to": null, "grade": -0.98, "elevation_start": 23.4, "elevation_end": 20.9, "quality": "estimated", "structure": "tunnel", "chain_rank": 3, "cum_dist_start": 1500.0, "cum_dist_end": 1750.0, "anomaly": false}, "geometry": {"type": "LineString", "coordinates": [[139.87310099435948, 35.20308640741045], [139.8733359193116, 35.20320300700119], [139.8735708442637, 35.203319606591926], [139.87380576921583, 35.20343620618266], [139.87404069416795, 35.20355280577339], [139.87427561912006, 35.203669405364124], [139.87451054407217, 35.20378600495486], [139.87474546902428, 35.20390260454559], [139.87498039397641, 35.20401920413632], [139.87521531892853, 35.20413580372706], [139.87545024388064, 35.204252403317795]]}}, {"type": "Feature", "properties": {"id": "館山道-下り-3-7", "route": "館山道", "direction": "下り", "from": "富津竹岡IC", "to": null, "grade": -0.98, "elevation_start": 20.9, "elevation_end": 18.5, "quality": "estimated", "structure": "tunnel", "chain_rank": 3, "cum_dist_start": 1750.0, "cum_dist_end": 2000.0, "anomaly": false}, "geometry": {"type": "LineString", "coordinates": [[139.87545024388064, 35.204252403317795], [139.87568516883275, 35.20436900290853], [139.87592009378488, 35.20448560249926], [139.876155018737, 35.204602202089994], [139.8763899436891, 35.20471880168073], [139.87662486864122, 35.20483540127146], [139.87685979359333, 35.2049520008622], [139.87709471854546, 35.20506860045293], [139.87732964349757, 35.205185200043665], [139.87756382797792, 35.20530278677881], [139.87779602928023, 35.20542301734625]]}}, {"type": "Feature", "properties": {"id": "館山道-下り-3-8", "route": "館山道", "direction": "下り", "from": "富津竹岡IC", "to": null, "grade": 0.9, "elevation_start": 18.5, "elevation_end": 20.7, "quality": "estimated", "structure": "normal", "chain_rank": 3, "cum_dist_start": 2000.0, "cum_dist_end": 2250.0, "anomaly": false}, "geometry": {"type": "LineString", "coordinates": [[139.87779602928023, 35.20542301734625], [139.87802823058254, 35.20554324791369], [139.87825837115057, 35.20566608978672], [139.87848697011609, 35.205790885135855], [139.87871195237938, 35.20591995697387], [139.87893432418434, 35.20605211549011], [139.87915457367524, 35.20618663985856], [139.87937381161595, 35.20632225289399], [139.8795847203309, 35.206466517022974], [139.87979562904584, 35.20661078115196], [139.8800065377608, 35.206755045280936]]}}, {"type": "Feature", "properties": {"id": "館山道-下り-3-9", "route": "館山道", "direction": "下り", "from": "富津竹岡IC", "to": null, "grade": -1.24, "elevation_start": 20.7, "elevation_end": 17.6, "quality": "measured", "structure": "normal", "chain_rank": 3, "cum_dist_start": 2250.0, "cum_dist_end": 2500.0, "anomaly": false}, "geometry": {"type": "LineString", "coordinates": [[139.8800065377608, 35.206755045280936], [139.88020824327137, 35.20690780460212], [139.88040745522684, 35.20706286564656], [139.88060472098178, 35.20721950892659], [139.88079172831658, 35.20738449216819], [139.88097873565138, 35.20754947540978], [139.88116574298616, 35.207714458651374], [139.88134390845536, 35.207885865679465], [139.88152072478587, 35.20805825288294], [139.88169753788816, 35.20823064217504], [139.8818604716676, 35.20841201123496]]}}, {"type": "Feature", "properties": {"id": "館山道-下り-3-10", "route": "館山道", "direction": "下り", "from": "富津竹岡IC", "to": null, "grade": -0.35, "elevation_start": 17.6, "elevation_end": 16.7, "quality": "estimated", "structure": "bridge", "chain_rank": 3, "cum_dist_start": 2500.0, "cum_dist_end": 2750.0, "anomaly": false}, "geometry": {"type": "LineString", "coordinates": [[139.8818604716676, 35.20841201123496], [139.88202340544703, 35.20859338029488], [139.88218482424486, 35.20877563158823], [139.8823395679773, 35.208961770034925], [139.88249431170976, 35.20914790848162], [139.88264612101315, 35.209335628335666], [139.88279270589382, 35.20952616370865], [139.88293929077446, 35.20971669908164], [139.88307801000946, 35.20991115448901], [139.88321637546866, 35.210105786209105], [139.8833480342597, 35.21030338671226]]}}, {"type": "Feature", "properties": {"id": "館山道-下り-3-11", "route": "館山道", "direction": "下り", "from": "富津竹岡IC", "to": null, "grade": 0.34, "elevation_start": 16.7, "elevation_end": 17.6, "quality": "estimated", "structure": "normal", "chain_rank": 3, "cum_dist_start": 2750.0, "cum_dist_end": 3000.0, "anomaly": false}, "geometry": {"type": "LineString", "coordinates": [[139.8833480342597, 35.21030338671226], [139.8834701880457, 35.2105051947142], [139.8835923418317, 35.21070700271614], [139.8837117755044, 35.21090989870731], [139.88383014898656, 35.211113218752814], [139.8839478064055, 35.211316815592674], [139.8840633659449, 35.21152122336814], [139.88417892548435, 35.21172563114361], [139.88428618084316, 35.21193298204369], [139.88438824067146, 35.212142174316746], [139.88449030049975, 35.21235136658981]]}}, {"type": "Feature", "properties": {"id": "館山道-下り-3-12", "route": "館山道", "direction": "下り", "from": "富津竹岡IC", "to": null, "grade": -1.67, "elevation_start": 17.6, "elevation_end": 13.4, "quality": "measured", "structure": "normal", "chain_rank": 3, "cum_dist_start": 3000.0, "cum_dist_end": 3250.0, "anomaly": false}, "geometry": {"type": "LineString", "coordinates": [[139.88449030049975, 35.21235136658981], [139.88458783091082, 35.212561931124625], [139.88467586564977, 35.21277537253014], [139.88476390038875, 35.21298881393566], [139.8848519351277, 35.21320225534118], [139.8849399191968, 35.213415709764824], [139.88501589362096, 35.21363224971205], [139.88509186804512, 35.213848789659274], [139.88516784246931, 35.2140653296065], [139.88524081711853, 35.21428254829913], [139.8853107808664, 35.2145004482547]]}}, {"type": "Feature", "properties": {"id": "館山道-下り-3-13", "route": "館山道", "direction": "下り", "from": "富津竹岡IC", "to": null, "grade": 0.36, "elevation_start": 13.4, "elevation_end": 14.3, "quality": "measured", "structure": "normal", "chain_rank": 3, "cum_dist_start": 3250.0, "cum_dist_end": 3500.0, "anomaly": false}, "geometry": {"type": "LineString", "coordinates": [[139.8853107808664, 35.2145004482547], [139.8853775351202, 35.214718981379946], [139.88543589107735, 35.214939171322975], [139.88549424703447, 35.215159361266], [139.88555260299162, 35.215379551209026], [139.8856040751689, 35.21560087659855], [139.88565391292175, 35.21582247157857], [139.88570375067457, 35.21604406655859], [139.88574506998435, 35.216266767069804], [139.88578098310762, 35.21649016920078], [139.88580928774692, 35.216714210915924]]}}]}