{"type": "FeatureCollection", "features": [{"type": "Feature", "properties": {"id": "横浜横須賀道路-下り-0-0", "route": "横浜横須賀道路", "direction": "下り", "from": "朝比奈ＩＣ", "to": "逗子ＩＣ", "grade": 0.0, "elevation_start": 44.9, "elevation_end": 44.9, "quality": "estimated", "structure": "bridge", "chain_rank": 0, "cum_dist_start": 0.0, "cum_dist_end": 50.0, "anomaly": false}, "geometry": {"type": "LineString", "coordinates": [[139.5917474, 35.3350427], [139.59182911533702, 35.334827545779305], [139.59191123282125, 35.334612494494934]]}}, {"type": "Feature", "properties": {"id": "横浜横須賀道路-下り-0-1", "route": "横浜横須賀道路", "direction": "下り", "from": "朝比奈ＩＣ", "to": "逗子ＩＣ", "grade": 0.0, "elevation_start": 44.9, "elevation_end": 44.9, "quality": "estimated", "structure": "normal", "chain_rank": 0, "cum_dist_start": 50.0, "cum_dist_end": 100.0, "anomaly": false}, "geometry": {"type": "LineString", "coordinates": [[139.59191123282125, 35.334612494494934], [139.59199335723733, 35.33439744498487], [139.5920754816534, 35.33418239547482]]}}, {"type": "Feature", "properties": {"id": "横浜横須賀道路-下り-0-2", "route": "横浜横須賀道路", "direction": "下り", "from": "朝比奈ＩＣ", "to": "逗子ＩＣ", "grade": 0.0, "elevation_start": 44.9, "elevation_end": 44.9, "quality": "estimated", "structure": "normal", "chain_rank": 0, "cum_dist_start": 100.0, "cum_dist_end": 150.0, "anomaly": false}, "geometry": {"type": "LineString", "coordinates": [[139.5920754816534, 35.33418239547482], [139.59215825784412, 35.33396751395868], [139.592241037372, 35.333752633302694]]}}, {"type": "Feature", "properties": {"id": "横浜横須賀道路-下り-0-3", "route": "横浜横須賀道路", "direction": "下り", "from": "朝比奈ＩＣ", "to": "逗子ＩＣ", "grade": 0.0, "elevation_start": 44.9, "elevation_end": 44.9, "quality": "estimated", "structure": "normal", "chain_rank": 0, "cum_dist_start": 150.0, "cum_dist_end": 200.0, "anomaly": false}, "geometry": {"type": "LineString", "coordinates": [[139.592241037372, 35.333752633302694], [139.59232298112448, 35.33353753789632], [139.59240484691855, 35.33332242245872]]}}, {"type": "Feature", "properties": {"id": "横浜横須賀道路-下り-0-4", "route": "横浜横須賀道路", "direction": "下り", "from": "朝比奈ＩＣ", "to": "逗子ＩＣ", "grade": 0.0, "elevation_start": 44.9, "elevation_end": 44.9, "quality": "estimated", "structure": "normal", "chain_rank": 0, "cum_dist_start": 200.0, "cum_dist_end": 250.0, "anomaly": false}, "geometry": {"type": "LineString", "coordinates": [[139.59240484691855, 35.33332242245872], [139.59248671271263, 35.33310730702112], [139.5925685785067, 35.332892191583525]]}}, {"type": "Feature", "properties": {"id": "横浜横須賀道路-下り-0-5", "route": "横浜横須賀道路", "direction": "下り", "from": "朝比奈ＩＣ", "to": "逗子ＩＣ", "grade": 0.0, "elevation_start": 44.9, "elevation_end": 44.9, "quality": "estimated", "structure": "normal", "chain_rank": 0, "cum_dist_start": 250.0, "cum_dist_end": 300.0, "anomaly": false}, "geometry": {"type": "LineString", "coordinates": [[139.5925685785067, 35.332892191583525], [139.5926500134347, 35.33267696682512], [139.5927308924088, 35.332461601008184]]}}, {"type": "Feature", "properties": {"id": "横浜横須賀道路-下り-0-6", "route": "横浜横須賀道路", "direction": "下り", "from": "朝比奈ＩＣ", "to": "逗子ＩＣ", "grade": 0.0, "elevation_start": 44.9, "elevation_end": 44.9, "quality": "estimated", "structure": "normal", "chain_rank": 0, "cum_dist_start": 300.0, "cum_dist_end": 350.0, "anomaly": false}, "geometry": {"type": "LineString", "coordinates": [[139.5927308924088, 35.332461601008184], [139.59281309119228, 35.33224657219468], [139.5928972306032, 35.332032049427255]]}}, {"type": "Feature", "properties": {"id": "横浜横須賀道路-下り-0-7", "route": "横浜横須賀道路", "direction": "下り", "from": "朝比奈ＩＣ", "to": "逗子ＩＣ", "grade": 0.0, "elevation_start": 44.9, "elevation_end": 44.9, "quality": "estimated", "structure": "bridge", "chain_rank": 0, "cum_dist_start": 350.0, "cum_dist_end": 400.0, "anomaly": false}, "geometry": {"type": "LineString", "coordinates": [[139.5928972306032, 35.332032049427255], [139.59298014050847, 35.33181720616278], [139.59306223006888, 35.33160214832461]]}}, {"type": "Feature", "properties": {"id": "横浜横須賀道路-下り-0-8", "route": "横浜横須賀道路", "direction": "下り", "from": "朝比奈ＩＣ", "to": "逗子ＩＣ", "grade": 0.0, "elevation_start": 44.9, "elevation_end": 44.9, "quality": "estimated", "structure": "bridge", "chain_rank": 0, "cum_dist_start": 400.0, "cum_dist_end": 450.0, "anomaly": false}, "geometry": {"type": "LineString", "coordinates": [[139.59306223006888, 35.33160214832461], [139.59315245085284, 35.331389295907805], [139.59324312882998, 35.33117656749492]]}}, {"type": "Feature", "properties": {"id": "横浜横須賀道路-下り-0-9", "route": "横浜横須賀道路", "direction": "下り", "from": "朝比奈ＩＣ", "to": "逗子ＩＣ", "grade": 0.0, "elevation_start": 44.9, "elevation_end": 44.9, "quality": "estimated", "structure": "bridge", "chain_rank": 0, "cum_dist_start": 450.0, "cum_dist_end": 500.0, "anomaly": false}, "geometry": {"type": "LineString", "coordinates": [[139.59324312882998, 35.33117656749492], [139.59333380680712, 35.330963839082045], [139.59342836842146, 35.330752254685606]]}}, {"type": "Feature", "properties": {"id": "横浜横須賀道路-下り-0-10", "route": "横浜横須賀道路", "direction": "下り", "from": "朝比奈ＩＣ", "to": "逗子ＩＣ", "grade": 0.0, "elevation_start": 44.9, "elevation_end": 44.9, "quality": "estimated", "structure": "bridge", "chain_rank": 0, "cum_dist_start": 500.0, "cum_dist_end": 550.0, "anomaly": false}, "geometry": {"type": "LineString", "coordinates": [[139.59342836842146, 35.330752254685606], [139.59352455692834, 35.33054116604381], [139.5936258076771, 35.33033166540404]]}}, {"type": "Feature", "properties": {"id": "横浜横須賀道路-下り-0-11", "route": "横浜横須賀道路", "direction": "下り", "from": "朝比奈ＩＣ", "to": "逗子ＩＣ", "grade": 0.0, "elevation_start": 44.9, "elevation_end": 44.9, "quality": "estimated", "structure": "bridge", "chain_rank": 0, "cum_dist_start": 550.0, "cum_dist_end": 600.0, "anomaly": false}, "geometry": {"type": "LineString", "coordinates": [[139.5936258076771, 35.33033166540404], [139.59372913908135, 35.3301228732537], [139.59383886453892, 35.32991625835923]]}}, {"type": "Feature", "properties": {"id": "横浜横須賀道路-下り-0-12", "route": "横浜横須賀道路", "direction": "下り", "from": "朝比奈ＩＣ", "to": "逗子ＩＣ", "grade": 0.0, "elevation_start": 44.9, "elevation_end": 44.9, "quality": "estimated", "structure": "normal", "chain_rank": 0, "cum_dist_start": 600.0, "cum_dist_end": 650.0, "anomaly": false}, "geometry": {"type": "LineString", "coordinates": [[139.59383886453892, 35.32991625835923], [139.59395379412857, 35.329711613401834], [139.5940746096194, 35.32950919645377]]}}, {"type": "Feature", "properties": {"id": "横浜横須賀道路-下り-0-13", "route": "横浜横須賀道路", "direction": "下り", "from": "朝比奈ＩＣ", "to": "逗子ＩＣ", "grade": 0.0, "elevation_start": 44.9, "elevation_end": 44.9, "quality": "estimated", "structure": "normal", "chain_rank": 0, "cum_dist_start": 650.0, "cum_dist_end": 700.0, "anomaly": false}, "geometry": {"type": "LineString", "coordinates": [[139.5940746096194, 35.32950919645377], [139.5942032390376, 35.329310094100876], [139.59433514459883, 35.329112381457335]]}}, {"type": "Feature", "properties": {"id": "横浜横須賀道路-下り-0-14", "route": "横浜横須賀道路", "direction": "下り", "from": "朝比奈ＩＣ", "to": "逗子ＩＣ", "grade": 0.0, "elevation_start": 44.9, "elevation_end": 44.9, "quality": "estimated", "structure": "normal", "chain_rank": 0, "cum_dist_start": 700.0, "cum_dist_end": 750.0, "anomaly": false}, "geometry": {"type": "LineString", "coordinates": [[139.59433514459883, 35.329112381457335], [139.59447219617675, 35.328917066909966], [139.59461207339905, 35.32872306914167]]}}, {"type": "Feature", "properties": {"id": "横浜横須賀道路-下り-0-15", "route": "横浜横須賀道路", "direction": "下り", "from": "朝比奈ＩＣ", "to": "逗子ＩＣ", "grade": 0.0, "elevation_start": 44.9, "elevation_end": 44.9, "quality": "estimated", "structure": "bridge", "chain_rank": 0, "cum_dist_start": 750.0, "cum_dist_end": 800.0, "anomaly": false}, "geometry": {"type": "LineString", "coordinates": [[139.59461207339905, 35.32872306914167], [139.59475765374776, 35.32853199200759], [139.59490910066248, 35.328343919206986]]}}, {"type": "Feature", "properties": {"id": "横浜横須賀道路-下り-0-16", "route": "横浜横須賀道路", "direction": "下り", "from": "朝比奈ＩＣ", "to": "逗子ＩＣ", "grade": 0.0, "elevation_start": 44.9, "elevation_end": 44.9, "quality": "estimated", "structure": "bridge", "chain_rank": 0, "cum_dist_start": 800.0, "cum_dist_end": 850.0, "anomaly": false}, "geometry": {"type": "LineString", "coordinates": [[139.59490910066248, 35.328343919206986], [139.59507079350425, 35.32816178214862], [139.59523661511898, 35.32798203699995]]}}, {"type": "Feature", "properties": {"id": "横浜横須賀道路-下り-0-17", "route": "横浜横須賀道路", "direction": "下り", "from": "朝比奈ＩＣ", "to": "逗子ＩＣ", "grade": 0.0, "elevation_start": 44.9, "elevation_end": 44.9, "quality": "estimated", "structure": "tunnel", "chain_rank": 0, "cum_dist_start": 850.0, "cum_dist_end": 900.0, "anomaly": false}, "geometry": {"type": "LineString", "coordinates": [[139.59523661511898, 35.32798203699995], [139.59541348400694, 35.32780956454201], [139.59559534778597, 35.32764056145898]]}}, {"type": "Feature", "properties": {"id": "横浜横須賀道路-下り-0-18", "route": "横浜横須賀道路", "direction": "下り", "from": "朝比奈ＩＣ", "to": "逗子ＩＣ", "grade": 0.0, "elevation_start": 44.9, "elevation_end": 44.9, "quality": "estimated", "structure": "tunnel", "chain_rank": 0, "cum_dist_start": 900.0, "cum_dist_end": 950.0, "anomaly": false}, "geometry": {"type": "LineString", "coordinates": [[139.59559534778597, 35.32764056145898], [139.595777211565, 35.32747155837594], [139.59595907534404, 35.32730255529291]]}}, {"type": "Feature", "properties": {"id": "横浜横須賀道路-下り-0-19", "route": "横浜横須賀道路", "direction": "下り", "from": "朝比奈ＩＣ", "to": "逗子ＩＣ", "grade": 0.0, "elevation_start": 44.9, "elevation_end": 44.9, "quality": "estimated", "structure": "tunnel", "chain_rank": 0, "cum_dist_start": 950.0, "cum_dist_end": 1000.0, "anomaly": false}, "geometry": {"type": "LineString", "coordinates": [[139.59595907534404, 35.32730255529291], [139.59614669200147, 35.32713800719882], [139.5963422988086, 35.32697964831172]]}}, {"type": "Feature", "properties": {"id": "横浜横須賀道路-下り-0-20", "route": "横浜横須賀道路", "direction": "下り", "from": "朝比奈ＩＣ", "to": "逗子ＩＣ", "grade": 0.0, "elevation_start": 44.9, "elevation_end": 44.9, "quality": "estimated", "structure": "normal", "chain_rank": 0, "cum_dist_start": 1000.0, "cum_dist_end": 1050.0, "anomaly": false}, "geometry": {"type": "LineString", "coordinates": [[139.5963422988086, 35.32697964831172], [139.59654460467343, 35.3268270466412], [139.59674905129413, 35.32667641293031]]}}, {"type": "Feature", "properties": {"id": "横浜横須賀道路-下り-0-21", "route": "横浜横須賀道路", "direction": "下り", "from": "朝比奈ＩＣ", "to": "逗子ＩＣ", "grade": 0.0, "elevation_start": 44.9, "elevation_end": 44.9, "quality": "estimated", "structure": "normal", "chain_rank": 0, "cum_dist_start": 1050.0, "cum_dist_end": 1100.0, "anomaly": false}, "geometry": {"type": "LineString", "coordinates": [[139.59674905129413, 35.32667641293031], [139.59695715403151, 35.326529140223855], [139.5971723263346, 35.326388914239]]}}, {"type": "Feature", "properties": {"id": "横浜横須賀道路-下り-0-22", "route": "横浜横須賀道路", "direction": "下り", "from": "朝比奈ＩＣ", "to": "逗子ＩＣ", "grade": 0.0, "elevation_start": 44.9, "elevation_end": 44.9, "quality": "estimated", "structure": "tunnel", "chain_rank": 0, "cum_dist_start": 1100.0, "cum_dist_end": 1150.0, "anomaly": false}, "geometry": {"type": "LineString", "coordinates": [[139.5971723263346, 35.326388914239], [139.5973888572526, 35.32625004247891], [139.59760900155084, 35.3261150840963]]}}, {"type": "Feature", "properties": {"id": "横浜横須賀道路-下り-0-23", "route": "横浜横須賀道路", "direction": "下り", "from": "朝比奈ＩＣ", "to": "逗子ＩＣ", "grade": 0.0, "elevation_start": 44.9, "elevation_end": 44.9, "quality": "estimated", "structure": "tunnel", "chain_rank": 0, "cum_dist_start": 1150.0, "cum_dist_end": 1200.0, "anomaly": false}, "geometry": {"type": "LineString", "coordinates": [[139.59760900155084, 35.3261150840963], [139.59783089186564, 35.325982016691555], [139.59805278218047, 35.3258489492868]]}}, {"type": "Feature", "properties": {"id": "横浜横須賀道路-下り-0-24", "route": "横浜横須賀道路", "direction": "下り", "from": "朝比奈ＩＣ", "to": "逗子ＩＣ", "grade": 0.0, "elevation_start": 44.9, "elevation_end": 44.9, "quality": "estimated", "structure": "tunnel", "chain_rank": 0, "cum_dist_start": 1200.0, "cum_dist_end": 1250.0, "anomaly": false}, "geometry": {"type": "LineString", "coordinates": [[139.59805278218047, 35.3258489492868], [139.59827489347666, 35.32571613401139], [139.59849952731548, 35.325586196838614]]}}, {"type": "Feature", "properties": {"id": "横浜横須賀道路-下り-0-25", "route": "横浜横須賀道路", "direction": "下り", "from": "朝比奈ＩＣ", "to": "逗子ＩＣ", "grade": 0.0, "elevation_start": 44.9, "elevation_end": 44.9, "quality": "estimated", "structure": "normal", "chain_rank": 0, "cum_dist_start": 1250.0, "cum_dist_end": 1300.0, "anomaly": false}, "geometry": {"type": "LineString", "coordinates": [[139.59849952731548, 35.325586196838614], [139.59872416115434, 35.32545625966585], [139.5989487949932, 35.32532632249308]]}}, {"type": "Feature", "properties": {"id": "横浜横須賀道路-下り-0-26", "route": "横浜横須賀道路", "direction": "下り", "from": "朝比奈ＩＣ", "to": "逗子ＩＣ", "grade": 0.0, "elevation_start": 44.9, "elevation_end": 44.9, "quality": "estimated", "structure": "normal", "chain_rank": 0, "cum_dist_start": 1300.0, "cum_dist_end": 1350.0, "anomaly": false}, "geometry": {"type": "LineString", "coordinates": [[139.5989487949932, 35.32532632249308], [139.59917342883205, 35.32519638532032], [139.5993980626709, 35.32506644814755]]}}, {"type": "Feature", "properties": {"id": "横浜横須賀道路-下り-0-27", "route": "横浜横須賀道路", "direction": "下り", "from": "朝比奈ＩＣ", "to": "逗子ＩＣ", "grade": 0.0, "elevation_start": 44.9, "elevation_end": 44.9, "quality": "estimated", "structure": "normal", "chain_rank": 0, "cum_dist_start": 1350.0, "cum_dist_end": 1400.0, "anomaly": false}, "geometry": {"type": "LineString", "coordinates": [[139.5993980626709, 35.32506644814755], [139.59961964818118, 35.3249330463861], [139.5998410925981, 35.32479948426453]]}}, {"type": "Feature", "properties": {"id": "横浜横須賀道路-下り-0-28", "route": "横浜横須賀道路", "direction": "下り", "from": "朝比奈ＩＣ", "to": "逗子ＩＣ", "grade": 0.0, "elevation_start": 44.9, "elevation_end": 44.9, "quality": "estimated", "structure": "normal", "chain_rank": 0, "cum_dist_start": 1400.0, "cum_dist_end": 1450.0, "anomaly": false}, "geometry": {"type": "LineString", "coordinates": [[139.5998410925981, 35.32479948426453], [139.60006291132095, 35.32466634166904], [139.6002839323642, 35.32453234963698]]}}, {"type": "Feature", "properties": {"id": "横浜横須賀道路-下り-0-29", "route": "横浜横須賀道路", "direction": "下り", "from": "朝比奈ＩＣ", "to": "逗子ＩＣ", "grade": 0.0, "elevation_start": 44.9, "elevation_end": 44.9, "quality": "estimated", "structure": "normal", "chain_rank": 0, "cum_dist_start": 1450.0, "cum_dist_end": 1500.0, "anomaly": false}, "geometry": {"type": "LineString", "coordinates": [[139.6002839323642, 35.32453234963698], [139.60050069943313, 35.324393731443124], [139.60071830723237, 35.32425600056297]]}}, {"type": "Feature", "properties": {"id": "横浜横須賀道路-下り-0-30", "route": "横浜横須賀道路", "direction": "下り", "from": "朝比奈ＩＣ", "to": "逗子ＩＣ", "grade": 0.0, "elevation_start": 44.9, "elevation_end": 44.9, "quality": "estimated", "structure": "normal", "chain_rank": 0, "cum_dist_start": 1500.0, "cum_dist_end": 1550.0, "anomaly": false}, "geometry": {"type": "LineString", "coordinates": [[139.60071830723237, 35.32425600056297], [139.60092686627536, 35.324109176279244], [139.601140242686, 35.323967105204225]]}}, {"type": "Feature", "properties": {"id": "横浜横須賀道路-下り-0-31", "route": "横浜横須賀道路", "direction": "下り", "from": "朝比奈ＩＣ", "to": "逗子ＩＣ", "grade": 0.0, "elevation_start": 44.9, "elevation_end": 44.9, "quality": "estimated", "structure": "normal", "chain_rank": 0, "cum_dist_start": 1550.0, "cum_dist_end": 1600.0, "anomaly": false}, "geometry": {"type": "LineString", "coordinates": [[139.601140242686, 35.323967105204225], [139.6013502967555, 35.32382174850493], [139.60155602227644, 35.32367226058849]]}}, {"type": "Feature", "properties": {"id": "横浜横須賀道路-下り-0-32", "route": "横浜横須賀道路", "direction": "下り", "from": "朝比奈ＩＣ", "to": "逗子ＩＣ", "grade": 0.0, "elevation_start": 44.9, "elevation_end": 44.9, "quality": "estimated", "structure": "tunnel", "chain_rank": 0, "cum_dist_start": 1600.0, "cum_dist_end": 1650.0, "anomaly": false}, "geometry": {"type": "LineString", "coordinates": [[139.60155602227644, 35.32367226058849], [139.60175912676934, 35.323520380774816], [139.60196207530433, 35.32336836574745]]}}, {"type": "Feature", "properties": {"id": "横浜横須賀道路-下り-0-33", "route": "横浜横須賀道路", "direction": "下り", "from": "朝比奈ＩＣ", "to": "逗子ＩＣ", "grade": 0.0, "elevation_start": 44.9, "elevation_end": 44.9, "quality": "estimated", "structure": "tunnel", "chain_rank": 0, "cum_dist_start": 1650.0, "cum_dist_end": 1700.0, "anomaly": false}, "geometry": {"type": "LineString", "coordinates": [[139.60196207530433, 35.32336836574745], [139.6021566572786, 35.323209168027525], [139.6023455190246, 35.32304557978565]]}}, {"type": "Feature", "properties": {"id": "横浜横須賀道路-下り-0-34", "route": "横浜横須賀道路", "direction": "下り", "from": "朝比奈ＩＣ", "to": "逗子ＩＣ", "grade": 0.0, "elevation_start": 44.9, "elevation_end": 44.9, "quality": "estimated", "structure": "tunnel", "chain_rank": 0, "cum_dist_start": 1700.0, "cum_dist_end": 1750.0, "anomaly": false}, "geometry": {"type": "LineString", "coordinates": [[139.6023455190246, 35.32304557978565], [139.60252661585963, 35.32287603163972], [139.60270407451853, 35.32270394517]]}}, {"type": "Feature", "properties": {"id": "横浜横須賀道路-下り-0-35", "route": "横浜横須賀道路", "direction": "下り", "from": "朝比奈ＩＣ", "to": "逗子ＩＣ", "grade": 0.0, "elevation_start": 44.9, "elevation_end": 44.9, "quality": "estimated", "structure": "normal", "chain_rank": 0, "cum_dist_start": 1750.0, "cum_dist_end": 1800.0, "anomaly": false}, "geometry": {"type": "LineString", "coordinates": [[139.60270407451853, 35.32270394517], [139.60287941270775, 35.32253037926707], [139.60304906191325, 35.32235306331404]]}}, {"type": "Feature", "properties": {"id": "横浜横須賀道路-下り-0-36", "route": "横浜横須賀道路", "direction": "下り", "from": "朝比奈ＩＣ", "to": "逗子ＩＣ", "grade": 0.0, "elevation_start": 44.9, "elevation_end": 44.9, "quality": "estimated", "structure": "normal", "chain_rank": 0, "cum_dist_start": 1800.0, "cum_dist_end": 1850.0, "anomaly": false}, "geometry": {"type": "LineString", "coordinates": [[139.60304906191325, 35.32235306331404], [139.60321793254892, 35.322175253394505], [139.6033776448994, 35.32199183724546]]}}, {"type": "Feature", "properties": {"id": "横浜横須賀道路-下り-0-37", "route": "横浜横須賀道路", "direction": "下り", "from": "朝比奈ＩＣ", "to": "逗子ＩＣ", "grade": 0.0, "elevation_start": 44.9, "elevation_end": 44.9, "quality": "estimated", "structure": "normal", "chain_rank": 0, "cum_dist_start": 1850.0, "cum_dist_end": 1900.0, "anomaly": false}, "geometry": {"type": "LineString", "coordinates": [[139.6033776448994, 35.32199183724546], [139.60353432001153, 35.32180669665388], [139.60368772906398, 35.321619701702694]]}}, {"type": "Feature", "properties": {"id": "横浜横須賀道路-下り-0-38", "route": "横浜横須賀道路", "direction": "下り", "from": "朝比奈ＩＣ", "to": "逗子ＩＣ", "grade": 0.0, "elevation_start": 44.9, "elevation_end": 44.9, "quality": "estimated", "structure": "bridge", "chain_rank": 0, "cum_dist_start": 1900.0, "cum_dist_end": 1950.0, "anomaly": false}, "geometry": {"type": "LineString", "coordinates": [[139.60368772906398, 35.321619701702694], [139.6038345265057, 35.32142920481973], [139.60397562304058, 35.32123582938146]]}}, {"type": "Feature", "properties": {"id": "横浜横須賀道路-下り-0-39", "route": "横浜横須賀道路", "direction": "下り", "from": "朝比奈ＩＣ", "to": "逗子ＩＣ", "grade": 0.0, "elevation_start": 44.9, "elevation_end": 44.9, "quality": "estimated", "structure": "bridge", "chain_rank": 0, "cum_dist_start": 1950.0, "cum_dist_end": 2000.0, "anomaly": false}, "geometry": {"type": "LineString", "coordinates": [[139.60397562304058, 35.32123582938146], [139.60411456214786, 35.32104138615477], [139.60425474385178, 35.32084754248282]]}}, {"type": "Feature", "properties": {"id": "横浜横須賀道路-下り-0-40", "route": "横浜横須賀道路", "direction": "下り", "from": "朝比奈ＩＣ", "to": "逗子ＩＣ", "grade": 0.0, "elevation_start": 44.9, "elevation_end": 44.9, "quality": "estimated", "structure": "bridge", "chain_rank": 0, "cum_dist_start": 2000.0, "cum_dist_end": 2050.0, "anomaly": false}, "geometry": {"type": "LineString", "coordinates": [[139.60425474385178, 35.32084754248282], [139.60439492555568, 35.320653698810865], [139.60452972664575, 35.32045732182594]]}}, {"type": "Feature", "properties": {"id": "横浜横須賀道路-下り-0-41", "route": "横浜横須賀道路", "direction": "下り", "from": "朝比奈ＩＣ", "to": "逗子ＩＣ", "grade": 0.0, "elevation_start": 44.9, "elevation_end": 44.9, "quality": "estimated", "structure": "bridge", "chain_rank": 0, "cum_dist_start": 2050.0, "cum_dist_end": 2100.0, "anomaly": false}, "geometry": {"type": "LineString", "coordinates": [[139.60452972664575, 35.32045732182594], [139.6046617000288, 35.32025965880773], [139.60478989535773, 35.32006032077163]]}}, {"type": "Feature", "properties": {"id": "横浜横須賀道路-下り-0-42", "route": "横浜横須賀道路", "direction": "下り", "from": "朝比奈ＩＣ", "to": "逗子ＩＣ", "grade": 0.0, "elevation_start": 44.9, "elevation_end": 44.9, "quality": "estimated", "structure": "bridge", "chain_rank": 0, "cum_dist_start": 2100.0, "cum_dist_end": 2150.0, "anomaly": false}, "geometry": {"type": "LineString", "coordinates": [[139.60478989535773, 35.32006032077163], [139.60491684430446, 35.319860446788226], [139.60504221555763, 35.31965990612282]]}}, {"type": "Feature", "properties": {"id": "横浜横須賀道路-下り-0-43", "route": "横浜横須賀道路", "direction": "下り", "from": "朝比奈ＩＣ", "to": "逗子ＩＣ", "grade": 0.0, "elevation_start": 44.9, "elevation_end": 44.9, "quality": "estimated", "structure": "bridge", "chain_rank": 0, "cum_dist_start": 2150.0, "cum_dist_end": 2200.0, "anomaly": false}, "geometry": {"type": "LineString", "coordinates": [[139.60504221555763, 35.31965990612282], [139.60516729778365, 35.31945924332394], [139.605287364358, 35.31925654811477]]}}, {"type": "Feature", "properties": {"id": "横浜横須賀道路-下り-0-44", "route": "横浜横須賀道路", "direction": "下り", "from": "朝比奈ＩＣ", "to": "逗子ＩＣ", "grade": 0.0, "elevation_start": 44.9, "elevation_end": 44.9, "quality": "estimated", "structure": "bridge", "chain_rank": 0, "cum_dist_start": 2200.0, "cum_dist_end": 2250.0, "anomaly": false}, "geometry": {"type": "LineString", "coordinates": [[139.605287364358, 35.31925654811477], [139.6054031105862, 35.319052165167015], [139.605517306245, 35.318847189904076]]}}, {"type": "Feature", "properties": {"id": "横浜横須賀道路-下り-0-45", "route": "横浜横須賀道路", "direction": "下り", "from": "朝比奈ＩＣ", "to": "逗子ＩＣ", "grade": 0.0, "elevation_start": 44.9, "elevation_end": 44.9, "quality": "estimated", "structure": "normal", "chain_rank": 0, "cum_dist_start": 2250.0, "cum_dist_end": 2300.0, "anomaly": false}, "geometry": {"type": "LineString", "coordinates": [[139.605517306245, 35.318847189904076], [139.60562624577622, 35.31864030088256], [139.6057336781833, 35.31843289110396]]}}, {"type": "Feature", "properties": {"id": "横浜横須賀道路-下り-0-46", "route": "横浜横須賀道路", "direction": "下り", "from": "朝比奈ＩＣ", "to": "逗子ＩＣ", "grade": 0.0, "elevation_start": 44.9, "elevation_end": 44.9, "quality": "estimated", "structure": "normal", "chain_rank": 0, "cum_dist_start": 2300.0, "cum_dist_end": 2350.0, "anomaly": false}, "geometry": {"type": "LineString", "coordinates": [[139.6057336781833, 35.31843289110396], [139.60583835153074, 35.31822452798657], [139.60594028856622, 35.318015274644466]]}}, {"type": "Feature", "properties": {"id": "横浜横須賀道路-下り-0-47", "route": "横浜横須賀道路", "direction": "下り", "from": "朝比奈ＩＣ", "to": "逗子ＩＣ", "grade": 0.0, "elevation_start": 44.9, "elevation_end": 44.9, "quality": "estimated", "structure": "normal", "chain_rank": 0, "cum_dist_start": 2350.0, "cum_dist_end": 2400.0, "anomaly": false}, "geometry": {"type": "LineString", "coordinates": [[139.60594028856622, 35.318015274644466], [139.6060384708152, 35.317804799729714], [139.60613214248508, 35.31759295256931]]}}, {"type": "Feature", "properties": {"id": "横浜横須賀道路-下り-0-48", "route": "横浜横須賀道路", "direction": "下り", "from": "朝比奈ＩＣ", "to": "逗子ＩＣ", "grade": 0.0, "elevation_start": 44.9, "elevation_end": 44.9, "quality": "estimated", "structure": "bridge", "chain_rank": 0, "cum_dist_start": 2400.0, "cum_dist_end": 2450.0, "anomaly": false}, "geometry": {"type": "LineString", "coordinates": [[139.60613214248508, 35.31759295256931], [139.6062235472963, 35.31738044196193], [139.6063090877333, 35.3171663268051]]}}, {"type": "Feature", "properties": {"id": "横浜横須賀道路-下り-0-49", "route": "横浜横須賀道路", "direction": "下り", "from": "朝比奈ＩＣ", "to": "逗子ＩＣ", "grade": 0.0, "elevation_start": 44.9, "elevation_end": 44.9, "quality": "estimated", "structure": "bridge", "chain_rank": 0, "cum_dist_start": 2450.0, "cum_dist_end": 2500.0, "anomaly": false}, "geometry": {"type": "LineString", "coordinates": [[139.6063090877333, 35.3171663268051], [139.60638921490687, 35.31695077613361], [139.60646903984716, 35.31673514972134]]}}, {"type": "Feature", "properties": {"id": "横浜横須賀道路-下り-0-50", "route": "横浜横須賀道路", "direction": "下り", "from": "朝比奈ＩＣ", "to": "逗子ＩＣ", "grade": 0.0, "elevation_start": 44.9, "elevation_end": 44.9, "quality": "estimated", "structure": "bridge", "chain_rank": 0, "cum_dist_start": 2500.0, "cum_dist_end": 2550.0, "anomaly": false}, "geometry": {"type": "LineString", "coordinates": [[139.60646903984716, 35.31673514972134], [139.60654886478744, 35.31651952330907], [139.60662868972773, 35.3163038968968]]}}, {"type": "Feature", "properties": {"id": "横浜横須賀道路-下り-0-51", "route": "横浜横須賀道路", "direction": "下り", "from": "朝比奈ＩＣ", "to": "逗子ＩＣ", "grade": 0.0, "elevation_start": 44.9, "elevation_end": 44.9, "quality": "estimated", "structure": "bridge", "chain_rank": 0, "cum_dist_start": 2550.0, "cum_dist_end": 2600.0, "anomaly": false}, "geometry": {"type": "LineString", "coordinates": [[139.60662868972773, 35.3163038968968], [139.60670348648725, 35.31608710449511], [139.60677333063572, 35.31586916362794]]}}, {"type": "Feature", "properties": {"id": "横浜横須賀道路-下り-0-52", "route": "横浜横須賀道路", "direction": "下り", "from": "朝比奈ＩＣ", "to": "逗子ＩＣ", "grade": 0.0, "elevation_start": 44.9, "elevation_end": 44.9, "quality": "estimated", "structure": "bridge", "chain_rank": 0, "cum_dist_start": 2600.0, "cum_dist_end": 2650.0, "anomaly": false}, "geometry": {"type": "LineString", "coordinates": [[139.60677333063572, 35.31586916362794], [139.6068431747842, 35.31565122276076], [139.60691301893266, 35.3154332818936]]}}, {"type": "Feature", "properties": {"id": "横浜横須賀道路-下り-0-53", "route": "横浜横須賀道路", "direction": "下り", "from": "朝比奈ＩＣ", "to": "逗子ＩＣ", "grade": 0.0, "elevation_start": 44.9, "elevation_end": 44.9, "quality": "estimated", "structure": "bridge", "chain_rank": 0, "cum_dist_start": 2650.0, "cum_dist_end": 2700.0, "anomaly": false}, "geometry": {"type": "LineString", "coordinates": [[139.60691301893266, 35.3154332818936], [139.60698286308113, 35.31521534102642], [139.60704759773157, 35.31499642405998]]}}, {"type": "Feature", "properties": {"id": "横浜横須賀道路-下り-0-54", "route": "横浜横須賀道路", "direction": "下り", "from": "朝比奈ＩＣ", "to": "逗子ＩＣ", "grade": 0.0, "elevation_start": 44.9, "elevation_end": 44.9, "quality": "estimated", "structure": "normal", "chain_rank": 0, "cum_dist_start": 2700.0, "cum_dist_end": 2750.0, "anomaly": false}, "geometry": {"type": "LineString", "coordinates": [[139.60704759773157, 35.31499642405998], [139.60710251465733, 35.31477563155238], [139.60715743158312, 35.314554839044774]]}}, {"type": "Feature", "properties": {"id": "横浜横須賀道路-下り-0-55", "route": "横浜横須賀道路", "direction": "下り", "from": "朝比奈ＩＣ", "to": "逗子ＩＣ", "grade": 0.0, "elevation_start": 44.9, "elevation_end": 44.9, "quality": "estimated", "structure": "normal", "chain_rank": 0, "cum_dist_start": 2750.0, "cum_dist_end": 2800.0, "anomaly": false}, "geometry": {"type": "LineString", "coordinates": [[139.60715743158312, 35.314554839044774], [139.60721354388826, 35.31433425341202], [139.60727220167666, 35.31411410830591]]}}, {"type": "Feature", "properties": {"id": "横浜横須賀道路-下り-0-56", "route": "横浜横須賀道路", "direction": "下り", "from": "朝比奈ＩＣ", "to": "逗子ＩＣ", "grade": 0.0, "elevation_start": 44.9, "elevation_end": 44.9, "quality": "estimated", "structure": "tunnel", "chain_rank": 0, "cum_dist_start": 2800.0, "cum_dist_end": 2850.0, "anomaly": false}, "geometry": {"type": "LineString", "coordinates": [[139.60727220167666, 35.31411410830591], [139.60733085946507, 35.31389396319979], [139.60738633791405, 35.31367328008528]]}}, {"type": "Feature", "properties": {"id": "横浜横須賀道路-下り-0-57", "route": "横浜横須賀道路", "direction": "下り", "from": "朝比奈ＩＣ", "to": "逗子ＩＣ", "grade": 0.0, "elevation_start": 44.9, "elevation_end": 44.9, "quality": "estimated", "structure": "tunnel", "chain_rank": 0, "cum_dist_start": 2850.0, "cum_dist_end": 2900.0, "anomaly": false}, "geometry": {"type": "LineString", "coordinates": [[139.60738633791405, 35.31367328008528], [139.60743730506155, 35.31345186897761], [139.60748122218055, 35.31322942999303]]}}, {"type": "Feature", "properties": {"id": "横浜横須賀道路-下り-0-58", "route": "横浜横須賀道路", "direction": "下り", "from": "朝比奈ＩＣ", "to": "逗子ＩＣ", "grade": 0.0, "elevation_start": 44.9, "elevation_end": 44.9, "quality": "estimated", "structure": "tunnel", "chain_rank": 0, "cum_dist_start": 2900.0, "cum_dist_end": 2950.0, "anomaly": false}, "geometry": {"type": "LineString", "coordinates": [[139.60748122218055, 35.31322942999303], [139.60751807440892, 35.31300612960763], [139.60755492663728, 35.312782829222236]]}}, {"type": "Feature", "properties": {"id": "横浜横須賀道路-下り-0-59", "route": "横浜横須賀道路", "direction": "下り", "from": "朝比奈ＩＣ", "to": "逗子ＩＣ", "grade": 0.0, "elevation_start": 44.9, "elevation_end": 44.9, "quality": "estimated", "structure": "tunnel", "chain_rank": 0, "cum_dist_start": 2950.0, "cum_dist_end": 3000.0, "anomaly": false}, "geometry": {"type": "LineString", "coordinates": [[139.60755492663728, 35.312782829222236], [139.60759177886567, 35.312559528836836], [139.60762863109403, 35.31233622845144]]}}, {"type": "Feature", "properties": {"id": "横浜横須賀道路-下り-0-60", "route": "横浜横須賀道路", "direction": "下り", "from": "朝比奈ＩＣ", "to": "逗子ＩＣ", "grade": 0.0, "elevation_start": 44.9, "elevation_end": 44.9, "quality": "estimated", "structure": "tunnel", "chain_rank": 0, "cum_dist_start": 3000.0, "cum_dist_end": 3050.0, "anomaly": false}, "geometry": {"type": "LineString", "coordinates": [[139.60762863109403, 35.31233622845144], [139.60766433450956, 35.312112816870524], [139.6076919497023, 35.311888622416944]]}}, {"type": "Feature", "properties": {"id": "横浜横須賀道路-下り-0-61", "route": "横浜横須賀道路", "direction": "下り", "from": "朝比奈ＩＣ", "to": "逗子ＩＣ", "grade": 0.0, "elevation_start": 44.9, "elevation_end": 44.9, "quality": "estimated", "structure": "normal", "chain_rank": 0, "cum_dist_start": 3050.0, "cum_dist_end": 3100.0, "anomaly": false}, "geometry": {"type": "LineString", "coordinates": [[139.6076919497023, 35.311888622416944], [139.60771956489504, 35.311664427963365], [139.60774718008776, 35.311440233509785]]}}, {"type": "Feature", "properties": {"id": "横浜横須賀道路-下り-0-62", "route": "横浜横須賀道路", "direction": "下り", "from": "朝比奈ＩＣ", "to": "逗子ＩＣ", "grade": 0.0, "elevation_start": 44.9, "elevation_end": 44.9, "quality": "estimated", "structure": "normal", "chain_rank": 0, "cum_dist_start": 3100.0, "cum_dist_end": 3150.0, "anomaly": false}, "geometry": {"type": "LineString", "coordinates": [[139.60774718008776, 35.311440233509785], [139.6077747952805, 35.311216039056205], [139.60780241047323, 35.310991844602626]]}}, {"type": "Feature", "properties": {"id": "横浜横須賀道路-下り-0-63", "route": "横浜横須賀道路", "direction": "下り", "from": "朝比奈ＩＣ", "to": "逗子ＩＣ", "grade": 0.0, "elevation_start": 44.9, "elevation_end": 44.9, "quality": "estimated", "structure": "normal", "chain_rank": 0, "cum_dist_start": 3150.0, "cum_dist_end": 3200.0, "anomaly": false}, "geometry": {"type": "LineString", "coordinates": [[139.60780241047323, 35.310991844602626], [139.60783002566598, 35.310767650149046], [139.6078576408587, 35.310543455695466]]}}, {"type": "Feature", "properties": {"id": "横浜横須賀道路-下り-0-64", "route": "横浜横須賀道路", "direction": "下り", "from": "朝比奈ＩＣ", "to": "逗子ＩＣ", "grade": 0.0, "elevation_start": 44.9, "elevation_end": 44.9, "quality": "estimated", "structure": "bridge", "chain_rank": 0, "cum_dist_start": 3200.0, "cum_dist_end": 3250.0, "anomaly": false}, "geometry": {"type": "LineString", "coordinates": [[139.6078576408587, 35.310543455695466], [139.60788960234203, 35.310319657148526], [139.6079227090872, 35.310095962924294]]}}, {"type": "Feature", "properties": {"id": "横浜横須賀道路-下り-0-65", "route": "横浜横須賀道路", "direction": "下り", "from": "朝比奈ＩＣ", "to": "逗子ＩＣ", "grade": 0.0, "elevation_start": 44.9, "elevation_end": 44.9, "quality": "estimated", "structure": "bridge", "chain_rank": 0, "cum_dist_start": 3250.0, "cum_dist_end": 3300.0, "anomaly": false}, "geometry": {"type": "LineString", "coordinates": [[139.6079227090872, 35.310095962924294], [139.60795581583238, 35.30987226870006], [139.6079889225776, 35.30964857447582]]}}, {"type": "Feature", "properties": {"id": "横浜横須賀道路-下り-0-66", "route": "横浜横須賀道路", "direction": "下り", "from": "朝比奈ＩＣ", "to": "逗子ＩＣ", "grade": 0.0, "elevation_start": 44.9, "elevation_end": 44.9, "quality": "estimated", "structure": "bridge", "chain_rank": 0, "cum_dist_start": 3300.0, "cum_dist_end": 3350.0, "anomaly": false}, "geometry": {"type": "LineString", "coordinates": [[139.6079889225776, 35.30964857447582], [139.60802682353452, 35.309425438371626], [139.60807100691954, 35.30920303363874]]}}, {"type": "Feature", "properties": {"id": "横浜横須賀道路-下り-0-67", "route": "横浜横須賀道路", "direction": "下り", "from": "朝比奈ＩＣ", "to": "逗子ＩＣ", "grade": 0.0, "elevation_start": 44.9, "elevation_end": 44.9, "quality": "estimated", "structure": "bridge", "chain_rank": 0, "cum_dist_start": 3350.0, "cum_dist_end": 3400.0, "anomaly": false}, "geometry": {"type": "LineString", "coordinates": [[139.60807100691954, 35.30920303363874], [139.6081167460112, 35.30898085412568], [139.60816817219717, 35.308759497933906]]}}, {"type": "Feature", "properties": {"id": "横浜横須賀道路-下り-0-68", "route": "横浜横須賀道路", "direction": "下り", "from": "朝比奈ＩＣ", "to": "逗子ＩＣ", "grade": 0.0, "elevation_start": 44.9, "elevation_end": 44.9, "quality": "estimated", "structure": "bridge", "chain_rank": 0, "cum_dist_start": 3400.0, "cum_dist_end": 3450.0, "anomaly": false}, "geometry": {"type": "LineString", "coordinates": [[139.60816817219717, 35.308759497933906], [139.6082221163829, 35.30853854661897], [139.6082866257444, 35.30831950471963]]}}, {"type": "Feature", "properties": {"id": "横浜横須賀道路-下り-0-69", "route": "横浜横須賀道路", "direction": "下り", "from": "朝比奈ＩＣ", "to": "逗子ＩＣ", "grade": 0.0, "elevation_start": 44.9, "elevation_end": 44.9, "quality": "estimated", "structure": "normal", "chain_rank": 0, "cum_dist_start": 3450.0, "cum_dist_end": 3500.0, "anomaly": false}, "geometry": {"type": "LineString", "coordinates": [[139.6082866257444, 35.30831950471963], [139.6083511351059, 35.308100462820285], [139.60842686571343, 35.307883861841006]]}}, {"type": "Feature", "properties": {"id": "横浜横須賀道路-下り-0-70", "route": "横浜横須賀道路", "direction": "下り", "from": "朝比奈ＩＣ", "to": "逗子ＩＣ", "grade": 0.0, "elevation_start": 44.9, "elevation_end": 44.9, "quality": "estimated", "structure": "normal", "chain_rank": 0, "cum_dist_start": 3500.0, "cum_dist_end": 3550.0, "anomaly": false}, "geometry": {"type": "LineString", "coordinates": [[139.60842686571343, 35.307883861841006], [139.60850333117014, 35.307667420711], [139.60858645649083, 35.307452693571854]]}}, {"type": "Feature", "properties": {"id": "横浜横須賀道路-下り-0-71", "route": "横浜横須賀道路", "direction": "下り", "from": "朝比奈ＩＣ", "to": "逗子ＩＣ", "grade": 0.0, "elevation_start": 44.9, "elevation_end": 44.9, "quality": "estimated", "structure": "tunnel", "chain_rank": 0, "cum_dist_start": 3550.0, "cum_dist_end": 3600.0, "anomaly": false}, "geometry": {"type": "LineString", "coordinates": [[139.60858645649083, 35.307452693571854], [139.6086740072588, 35.30723909544445], [139.60875974433796, 35.30702500162053]]}}, {"type": "Feature", "properties": {"id": "横浜横須賀道路-下り-0-72", "route": "横浜横須賀道路", "direction": "下り", "from": "朝比奈ＩＣ", "to": "逗子ＩＣ", "grade": 0.0, "elevation_start": 44.9, "elevation_end": 44.9, "quality": "estimated", "structure": "tunnel", "chain_rank": 0, "cum_dist_start": 3600.0, "cum_dist_end": 3650.0, "anomaly": false}, "geometry": {"type": "LineString", "coordinates": [[139.60875974433796, 35.30702500162053], [139.6088525311259, 35.30681294010405], [139.6089491427288, 35.30660198121467]]}}, {"type": "Feature", "properties": {"id": "横浜横須賀道路-下り-0-73", "route": "横浜横須賀道路", "direction": "下り", "from": "朝比奈ＩＣ", "to": "逗子ＩＣ", "grade": 0.0, "elevation_start": 44.9, "elevation_end": 44.9, "quality": "estimated", "structure": "tunnel", "chain_rank": 0, "cum_dist_start": 3650.0, "cum_dist_end": 3700.0, "anomaly": false}, "geometry": {"type": "LineString", "coordinates": [[139.6089491427288, 35.30660198121467], [139.60905456040473, 35.30639405162838], [139.60917052775253, 35.30618975114596]]}}, {"type": "Feature", "properties": {"id": "横浜横須賀道路-下り-0-74", "route": "横浜横須賀道路", "direction": "下り", "from": "朝比奈ＩＣ", "to": "逗子ＩＣ", "grade": 0.0, "elevation_start": 44.9, "elevation_end": 44.9, "quality": "estimated", "structure": "tunnel", "chain_rank": 0, "cum_dist_start": 3700.0, "cum_dist_end": 3750.0, "anomaly": false}, "geometry": {"type": "LineString", "coordinates": [[139.60917052775253, 35.30618975114596], [139.60929006799483, 35.305986968780815], [139.60942686153072, 35.305791517313075]]}}, {"type": "Feature", "properties": {"id": "横浜横須賀道路-下り-0-75", "route": "横浜横須賀道路", "direction": "下り", "from": "朝比奈ＩＣ", "to": "逗子ＩＣ", "grade": 0.0, "elevation_start": 44.9, "elevation_end": 44.9, "quality": "estimated", "structure": "tunnel", "chain_rank": 0, "cum_dist_start": 3750.0, "cum_dist_end": 3800.0, "anomaly": false}, "geometry": {"type": "LineString", "coordinates": [[139.60942686153072, 35.305791517313075], [139.60956365506658, 35.30559606584534], [139.60971278346915, 35.30540679464663]]}}, {"type": "Feature", "properties": {"id": "横浜横須賀道路-下り-0-76", "route": "横浜横須賀道路", "direction": "下り", "from": "朝比奈ＩＣ", "to": "逗子ＩＣ", "grade": 0.0, "elevation_start": 44.9, "elevation_end": 44.9, "quality": "estimated", "structure": "tunnel", "chain_rank": 0, "cum_dist_start": 3800.0, "cum_dist_end": 3850.0, "anomaly": false}, "geometry": {"type": "LineString", "coordinates": [[139.60971278346915, 35.30540679464663], [139.60986508204485, 35.30521927299405], [139.6100273316398, 35.305037378581176]]}}, {"type": "Feature", "properties": {"id": "横浜横須賀道路-下り-0-77", "route": "横浜横須賀道路", "direction": "下り", "from": "朝比奈ＩＣ", "to": "逗子ＩＣ", "grade": 0.0, "elevation_start": 44.9, "elevation_end": 44.9, "quality": "estimated", "structure": "tunnel", "chain_rank": 0, "cum_dist_start": 3850.0, "cum_dist_end": 3900.0, "anomaly": false}, "geometry": {"type": "LineString", "coordinates": [[139.6100273316398, 35.305037378581176], [139.61019483707486, 35.30485884314254], [139.61037043578452, 35.3046854800646]]}}, {"type": "Feature", "properties": {"id": "横浜横須賀道路-下り-0-78", "route": "横浜横須賀道路", "direction": "下り", "from": "朝比奈ＩＣ", "to": "逗子ＩＣ", "grade": 0.0, "elevation_start": 44.9, "elevation_end": 44.9, "quality": "estimated", "structure": "tunnel", "chain_rank": 0, "cum_dist_start": 3900.0, "cum_dist_end": 3950.0, "anomaly": false}, "geometry": {"type": "LineString", "coordinates": [[139.61037043578452, 35.3046854800646], [139.6105470399471, 35.30451280939262], [139.61072546833745, 35.30434141123977]]}}, {"type": "Feature", "properties": {"id": "横浜横須賀道路-下り-0-79", "route": "横浜横須賀道路", "direction": "下り", "from": "朝比奈ＩＣ", "to": "逗子ＩＣ", "grade": 0.0, "elevation_start": 44.9, "elevation_end": 44.9, "quality": "estimated", "structure": "normal", "chain_rank": 0, "cum_dist_start": 3950.0, "cum_dist_end": 4000.0, "anomaly": false}, "geometry": {"type": "LineString", "coordinates": [[139.61072546833745, 35.30434141123977], [139.6109111996789, 35.30417529646697], [139.61109805699584, 35.30401006192705]]}}, {"type": "Feature", "properties": {"id": "横浜横須賀道路-下り-0-80", "route": "横浜横須賀道路", "direction": "下り", "from": "朝比奈ＩＣ", "to": "逗子ＩＣ", "grade": 0.0, "elevation_start": 44.9, "elevation_end": 44.9, "quality": "estimated", "structure": "bridge", "chain_rank": 0, "cum_dist_start": 4000.0, "cum_dist_end": 4050.0, "anomaly": false}, "geometry": {"type": "LineString", "coordinates": [[139.61109805699584, 35.30401006192705], [139.61129164116971, 35.3038500861167], [139.61149421229803, 35.3036978234763]]}}, {"type": "Feature", "properties": {"id": "横浜横須賀道路-下り-0-81", "route": "横浜横須賀道路", "direction": "下り", "from": "朝比奈ＩＣ", "to": "逗子ＩＣ", "grade": 0.0, "elevation_start": 44.9, "elevation_end": 44.9, "quality": "estimated", "structure": "bridge", "chain_rank": 0, "cum_dist_start": 4050.0, "cum_dist_end": 4100.0, "anomaly": false}, "geometry": {"type": "LineString", "coordinates": [[139.61149421229803, 35.3036978234763], [139.61169802265053, 35.30354662441608], [139.61190448540722, 35.30339787663049]]}}, {"type": "Feature", "properties": {"id": "横浜横須賀道路-下り-0-82", "route": "横浜横須賀道路", "direction": "下り", "from": "朝比奈ＩＣ", "to": "逗子ＩＣ", "grade": 0.0, "elevation_start": 44.9, "elevation_end": 44.9, "quality": "estimated", "structure": "bridge", "chain_rank": 0, "cum_dist_start": 4100.0, "cum_dist_end": 4150.0, "anomaly": false}, "geometry": {"type": "LineString", "coordinates": [[139.61190448540722, 35.30339787663049], [139.61211188691536, 35.303249996411566], [139.61232336412604, 35.30310608212818]]}}, {"type": "Feature", "properties": {"id": "横浜横須賀道路-下り-0-83", "route": "横浜横須賀道路", "direction": "下り", "from": "朝比奈ＩＣ", "to": "逗子ＩＣ", "grade": 0.0, "elevation_start": 44.9, "elevation_end": 44.9, "quality": "estimated", "structure": "bridge", "chain_rank": 0, "cum_dist_start": 4150.0, "cum_dist_end": 4200.0, "anomaly": false}, "geometry": {"type": "LineString", "coordinates": [[139.61232336412604, 35.30310608212818], [139.61253631633093, 35.302963603114364], [139.6127492685358, 35.30282112410055]]}}, {"type": "Feature", "properties": {"id": "横浜横須賀道路-下り-0-84", "route": "横浜横須賀道路", "direction": "下り", "from": "朝比奈ＩＣ", "to": "逗子ＩＣ", "grade": 0.0, "elevation_start": 44.9, "elevation_end": 44.9, "quality": "estimated", "structure": "bridge", "chain_rank": 0, "cum_dist_start": 4200.0, "cum_dist_end": 4250.0, "anomaly": false}, "geometry": {"type": "LineString", "coordinates": [[139.6127492685358, 35.30282112410055], [139.61296205012923, 35.30267847505111], [139.61317383111484, 35.3025348287711]]}}, {"type": "Feature", "properties": {"id": "横浜横須賀道路-下り-0-85", "route": "横浜横須賀道路", "direction": "下り", "from": "朝比奈ＩＣ", "to": "逗子ＩＣ", "grade": 0.0, "elevation_start": 44.9, "elevation_end": 44.9, "quality": "estimated", "structure": "bridge", "chain_rank": 0, "cum_dist_start": 4250.0, "cum_dist_end": 4300.0, "anomaly": false}, "geometry": {"type": "LineString", "coordinates": [[139.61317383111484, 35.3025348287711], [139.61338561210047, 35.3023911824911], [139.6135966087097, 35.30224676475389]]}}, {"type": "Feature", "properties": {"id": "横浜横須賀道路-下り-0-86", "route": "横浜横須賀道路", "direction": "下り", "from": "朝比奈ＩＣ", "to": "逗子ＩＣ", "grade": 0.0, "elevation_start": 44.9, "elevation_end": 44.9, "quality": "estimated", "structure": "normal", "chain_rank": 0, "cum_dist_start": 4300.0, "cum_dist_end": 4350.0, "anomaly": false}, "geometry": {"type": "LineString", "coordinates": [[139.6135966087097, 35.30224676475389], [139.6138072336481, 35.30210198146743], [139.61401112575462, 35.30195087981282]]}}, {"type": "Feature", "properties": {"id": "横浜横須賀道路-下り-0-87", "route": "横浜横須賀道路", "direction": "下り", "from": "朝比奈ＩＣ", "to": "逗子ＩＣ", "grade": 0.0, "elevation_start": 44.9, "elevation_end": 44.9, "quality": "estimated", "structure": "normal", "chain_rank": 0, "cum_dist_start": 4350.0, "cum_dist_end": 4400.0, "anomaly": false}, "geometry": {"type": "LineString", "coordinates": [[139.61401112575462, 35.30195087981282], [139.6142143283793, 35.30179914009038], [139.6144104494607, 35.30164125894294]]}}, {"type": "Feature", "properties": {"id": "横浜横須賀道路-下り-0-88", "route": "横浜横須賀道路", "direction": "下り", "from": "朝比奈ＩＣ", "to": "逗子ＩＣ", "grade": 0.0, "elevation_start": 44.9, "elevation_end": 44.9, "quality": "estimated", "structure": "normal", "chain_rank": 0, "cum_dist_start": 4400.0, "cum_dist_end": 4450.0, "anomaly": false}, "geometry": {"type": "LineString", "coordinates": [[139.6144104494607, 35.30164125894294], [139.61460332963358, 35.30148084333516], [139.61478647126938, 35.30131281198153]]}}, {"type": "Feature", "properties": {"id": "横浜横須賀道路-下り-0-89", "route": "横浜横須賀道路", "direction": "下り", "from": "朝比奈ＩＣ", "to": "逗子ＩＣ", "grade": 0.22, "elevation_start": 44.9, "elevation_end": 45.0, "quality": "measured", "structure": "normal", "chain_rank": 0, "cum_dist_start": 4450.0, "cum_dist_end": 4500.0, "anomaly": false}, "geometry": {"type": "LineString", "coordinates": [[139.61478647126938, 35.30131281198153], [139.61496538653975, 35.30114178058508], [139.61513878742974, 35.30096702934648]]}}, {"type": "Feature", "properties": {"id": "横浜横須賀道路-下り-0-90", "route": "横浜横須賀道路", "direction": "下り", "from": "朝比奈ＩＣ", "to": "逗子ＩＣ", "grade": 0.38, "elevation_start": 45.0, "elevation_end": 45.2, "quality": "measured", "structure": "normal", "chain_rank": 0, "cum_dist_start": 4500.0, "cum_dist_end": 4550.0, "anomaly": false}, "geometry": {"type": "LineString", "coordinates": [[139.61513878742974, 35.30096702934648], [139.6153037391899, 35.30078678066884], [139.6154641661884, 35.30060383150252]]}}, {"type": "Feature", "properties": {"id": "横浜横須賀道路-下り-0-91", "route": "横浜横須賀道路", "direction": "下り", "from": "朝比奈ＩＣ", "to": "逗子ＩＣ", "grade": 1.12, "elevation_start": 45.2, "elevation_end": 45.7, "quality": "measured", "structure": "normal", "chain_rank": 0, "cum_dist_start": 4550.0, "cum_dist_end": 4600.0, "anomaly": false}, "geometry": {"type": "LineString", "coordinates": [[139.6154641661884, 35.30060383150252], [139.61562089635467, 35.30041875800239], [139.6157695472915, 35.30022921925855]]}}, {"type": "Feature", "properties": {"id": "横浜横須賀道路-下り-0-92", "route": "横浜横須賀道路", "direction": "下り", "from": "朝比奈ＩＣ", "to": "逗子ＩＣ", "grade": 1.52, "elevation_start": 45.7, "elevation_end": 46.5, "quality": "measured", "structure": "normal", "chain_rank": 0, "cum_dist_start": 4600.0, "cum_dist_end": 4650.0, "anomaly": false}, "geometry": {"type": "LineString", "coordinates": [[139.6157695472915, 35.30022921925855], [139.61591288740715, 35.30003702364943], [139.61605052749243, 35.299841976463874]]}}, {"type": "Feature", "properties": {"id": "横浜横須賀道路-下り-0-93", "route": "横浜横須賀道路", "direction": "下り", "from": "朝比奈ＩＣ", "to": "逗子ＩＣ", "grade": 1.81, "elevation_start": 46.5, "elevation_end": 47.4, "quality": "measured", "structure": "normal", "chain_rank": 0, "cum_dist_start": 4650.0, "cum_dist_end": 4700.0, "anomaly": false}, "geometry": {"type": "LineString", "coordinates": [[139.61605052749243, 35.299841976463874], [139.61617889344691, 35.299642794106674], [139.61630382801877, 35.29944208175638]]}}, {"type": "Feature", "properties": {"id": "横浜横須賀道路-下り-0-94", "route": "横浜横須賀道路", "direction": "下り", "from": "朝比奈ＩＣ", "to": "逗子ＩＣ", "grade": 1.27, "elevation_start": 47.4, "elevation_end": 48.0, "quality": "measured", "structure": "normal", "chain_rank": 0, "cum_dist_start": 4700.0, "cum_dist_end": 4750.0, "anomaly": false}, "geometry": {"type": "LineString", "coordinates": [[139.61630382801877, 35.29944208175638], [139.61642192498317, 35.29923870018796], [139.6165326958727, 35.299032482115706]]}}, {"type": "Feature", "properties": {"id": "横浜横須賀道路-下り-0-95", "route": "横浜横須賀道路", "direction": "下り", "from": "朝比奈ＩＣ", "to": "逗子ＩＣ", "grade": 0.8, "elevation_start": 48.0, "elevation_end": 48.4, "quality": "measured", "structure": "normal", "chain_rank": 0, "cum_dist_start": 4750.0, "cum_dist_end": 4800.0, "anomaly": false}, "geometry": {"type": "LineString", "coordinates": [[139.6165326958727, 35.299032482115706], [139.61663617864812, 35.2988237274436], [139.61673518774188, 35.298613537549905]]}}, {"type": "Feature", "properties": {"id": "横浜横須賀道路-下り-0-96", "route": "横浜横須賀道路", "direction": "下り", "from": "朝比奈ＩＣ", "to": "逗子ＩＣ", "grade": 0.44, "elevation_start": 48.4, "elevation_end": 48.6, "quality": "measured", "structure": "normal", "chain_rank": 0, "cum_dist_start": 4800.0, "cum_dist_end": 4850.0, "anomaly": false}, "geometry": {"type": "LineString", "coordinates": [[139.61673518774188, 35.298613537549905], [139.6168305486507, 35.29840222117677], [139.61691761141063, 35.298188489479436]]}}, {"type": "Feature", "properties": {"id": "横浜横須賀道路-下り-0-97", "route": "横浜横須賀道路", "direction": "下り", "from": "朝比奈ＩＣ", "to": "逗子ＩＣ", "grade": 0.33, "elevation_start": 48.6, "elevation_end": 48.8, "quality": "estimated", "structure": "normal", "chain_rank": 0, "cum_dist_start": 4850.0, "cum_dist_end": 4900.0, "anomaly": false}, "geometry": {"type": "LineString", "coordinates": [[139.61691761141063, 35.298188489479436], [139.61700467417052, 35.29797475778209], [139.6170917369304, 35.29776102608475]]}}, {"type": "Feature", "properties": {"id": "横浜横須賀道路-下り-0-98", "route": "横浜横須賀道路", "direction": "下り", "from": "朝比奈ＩＣ", "to": "逗子ＩＣ", "grade": 0.28, "elevation_start": 48.8, "elevation_end": 48.9, "quality": "estimated", "structure": "normal", "chain_rank": 0, "cum_dist_start": 4900.0, "cum_dist_end": 4950.0, "anomaly": false}, "geometry": {"type": "LineString", "coordinates": [[139.6170917369304, 35.29776102608475], [139.6171765824873, 35.29754669875045], [139.61726073806778, 35.29733218605854]]}}, {"type": "Feature", "properties": {"id": "横浜横須賀道路-下り-0-99", "route": "横浜横須賀道路", "direction": "下り", "from": "朝比奈ＩＣ", "to": "逗子ＩＣ", "grade": 0.28, "elevation_start": 48.9, "elevation_end": 49.1, "quality": "estimated", "structure": "normal", "chain_rank": 0, "cum_dist_start": 4950.0, "cum_dist_end": 5000.0, "anomaly": false}, "geometry": {"type": "LineString", "coordinates": [[139.61726073806778, 35.29733218605854], [139.61734489364827, 35.29711767336662], [139.61742904922875, 35.29690316067471]]}}, {"type": "Feature", "properties": {"id": "横浜横須賀道路-下り-0-100", "route": "横浜横須賀道路", "direction": "下り", "from": "朝比奈ＩＣ", "to": "逗子ＩＣ", "grade": 0.28, "elevation_start": 49.1, "elevation_end": 49.2, "quality": "estimated", "structure": "bridge", "chain_rank": 0, "cum_dist_start": 5000.0, "cum_dist_end": 5050.0, "anomaly": false}, "geometry": {"type": "LineString", "coordinates": [[139.61742904922875, 35.29690316067471], [139.61751320480923, 35.2966886479828], [139.61759849924843, 35.296474439340244]]}}, {"type": "Feature", "properties": {"id": "横浜横須賀道路-下り-0-101", "route": "横浜横須賀道路", "direction": "下り", "from": "朝比奈ＩＣ", "to": "逗子ＩＣ", "grade": 0.28, "elevation_start": 49.2, "elevation_end": 49.4, "quality": "estimated", "structure": "bridge", "chain_rank": 0, "cum_dist_start": 5050.0, "cum_dist_end": 5100.0, "anomaly": false}, "geometry": {"type": "LineString", "coordinates": [[139.61759849924843, 35.296474439340244], [139.61768441790153, 35.29626039734861], [139.61777033655463, 35.296046355356985]]}}, {"type": "Feature", "properties": {"id": "横浜横須賀道路-下り-0-102", "route": "横浜横須賀道路", "direction": "下り", "from": "朝比奈ＩＣ", "to": "逗子ＩＣ", "grade": 0.28, "elevation_start": 49.4, "elevation_end": 49.5, "quality": "estimated", "structure": "bridge", "chain_rank": 0, "cum_dist_start": 5100.0, "cum_dist_end": 5150.0, "anomaly": false}, "geometry": {"type": "LineString", "coordinates": [[139.61777033655463, 35.296046355356985], [139.61785625520773, 35.29583231336535], [139.61794217386083, 35.29561827137372]]}}, {"type": "Feature", "properties": {"id": "横浜横須賀道路-下り-0-103", "route": "横浜横須賀道路", "direction": "下り", "from": "朝比奈ＩＣ", "to": "逗子ＩＣ", "grade": 0.28, "elevation_start": 49.5, "elevation_end": 49.7, "quality": "estimated", "structure": "bridge", "chain_rank": 0, "cum_dist_start": 5150.0, "cum_dist_end": 5200.0, "anomaly": false}, "geometry": {"type": "LineString", "coordinates": [[139.61794217386083, 35.29561827137372], [139.61802809251392, 35.295404229382086], [139.61811401116702, 35.29519018739045]]}}, {"type": "Feature", "properties": {"id": "横浜横須賀道路-下り-0-104", "route": "横浜横須賀道路", "direction": "下り", "from": "朝比奈ＩＣ", "to": "逗子ＩＣ", "grade": 0.28, "elevation_start": 49.7, "elevation_end": 49.8, "quality": "estimated", "structure": "bridge", "chain_rank": 0, "cum_dist_start": 5200.0, "cum_dist_end": 5250.0, "anomaly": false}, "geometry": {"type": "LineString", "coordinates": [[139.61811401116702, 35.29519018739045], [139.61819992982015, 35.29497614539882], [139.61828584847325, 35.29476210340719]]}}, {"type": "Feature", "properties": {"id": "横浜横須賀道路-下り-0-105", "route": "横浜横須賀道路", "direction": "下り", "from": "朝比奈ＩＣ", "to": "逗子ＩＣ", "grade": 0.28, "elevation_start": 49.8, "elevation_end": 49.9, "quality": "estimated", "structure": "bridge", "chain_rank": 0, "cum_dist_start": 5250.0, "cum_dist_end": 5300.0, "anomaly": false}, "geometry": {"type": "LineString", "coordinates": [[139.61828584847325, 35.29476210340719], [139.61837176712635, 35.29454806141556], [139.61845768577945, 35.29433401942393]]}}, {"type": "Feature", "properties": {"id": "横浜横須賀道路-下り-0-106", "route": "横浜横須賀道路", "direction": "下り", "from": "朝比奈ＩＣ", "to": "逗子ＩＣ", "grade": 0.28, "elevation_start": 49.9, "elevation_end": 50.1, "quality": "estimated", "structure": "bridge", "chain_rank": 0, "cum_dist_start": 5300.0, "cum_dist_end": 5350.0, "anomaly": false}, "geometry": {"type": "LineString", "coordinates": [[139.61845768577945, 35.29433401942393], [139.618542718723, 35.29411974047999], [139.61862750164568, 35.29390539464843]]}}, {"type": "Feature", "properties": {"id": "横浜横須賀道路-下り-0-107", "route": "横浜横須賀道路", "direction": "下り", "from": "朝比奈ＩＣ", "to": "逗子ＩＣ", "grade": 0.28, "elevation_start": 50.1, "elevation_end": 50.2, "quality": "estimated", "structure": "normal", "chain_rank": 0, "cum_dist_start": 5350.0, "cum_dist_end": 5400.0, "anomaly": false}, "geometry": {"type": "LineString", "coordinates": [[139.61862750164568, 35.29390539464843], [139.61871208220904, 35.293690995437224], [139.61879587824413, 35.293476389278155]]}}, {"type": "Feature", "properties": {"id": "横浜横須賀道路-下り-0-108", "route": "横浜横須賀道路", "direction": "下り", "from": "朝比奈ＩＣ", "to": "逗子ＩＣ", "grade": 0.28, "elevation_start": 50.2, "elevation_end": 50.4, "quality": "estimated", "structure": "normal", "chain_rank": 0, "cum_dist_start": 5400.0, "cum_dist_end": 5450.0, "anomaly": false}, "geometry": {"type": "LineString", "coordinates": [[139.61879587824413, 35.293476389278155], [139.6188796742792, 35.293261783119085], [139.6189634703143, 35.293047176960016]]}}, {"type": "Feature", "properties": {"id": "横浜横須賀道路-下り-0-109", "route": "横浜横須賀道路", "direction": "下り", "from": "朝比奈ＩＣ", "to": "逗子ＩＣ", "grade": 0.64, "elevation_start": 50.4, "elevation_end": 50.7, "quality": "estimated", "structure": "normal", "chain_rank": 0, "cum_dist_start": 5450.0, "cum_dist_end": 5500.0, "anomaly": false}, "geometry": {"type": "LineString", "coordinates": [[139.6189634703143, 35.293047176960016], [139.61904726634938, 35.29283257080095], [139.61913106238444, 35.29261796464188]]}}, {"type": "Feature", "properties": {"id": "横浜横須賀道路-下り-0-110", "route": "横浜横須賀道路", "direction": "下り", "from": "朝比奈ＩＣ", "to": "逗子ＩＣ", "grade": 1.02, "elevation_start": 50.7, "elevation_end": 51.2, "quality": "measured", "structure": "normal", "chain_rank": 0, "cum_dist_start": 5500.0, "cum_dist_end": 5550.0, "anomaly": false}, "geometry": {"type": "LineString", "coordinates": [[139.61913106238444, 35.29261796464188], [139.61921485841953, 35.29240335848281], [139.6192986544546, 35.29218875232374]]}}, {"type": "Feature", "properties": {"id": "横浜横須賀道路-下り-0-111", "route": "横浜横須賀道路", "direction": "下り", "from": "朝比奈ＩＣ", "to": "逗子ＩＣ", "grade": 1.39, "elevation_start": 51.2, "elevation_end": 51.9, "quality": "measured", "structure": "normal", "chain_rank": 0, "cum_dist_start": 5550.0, "cum_dist_end": 5600.0, "anomaly": false}, "geometry": {"type": "LineString", "coordinates": [[139.6192986544546, 35.29218875232374], [139.6193824504897, 35.29197414616468], [139.61946624652478, 35.29175954000561]]}}, {"type": "Feature", "properties": {"id": "横浜横須賀道路-下り-0-112", "route": "横浜横須賀道路", "direction": "下り", "from": "朝比奈ＩＣ", "to": "逗子ＩＣ", "grade": 1.97, "elevation_start": 51.9, "elevation_end": 52.9, "quality": "measured", "structure": "normal", "chain_rank": 0, "cum_dist_start": 5600.0, "cum_dist_end": 5650.0, "anomaly": false}, "geometry": {"type": "LineString", "coordinates": [[139.61946624652478, 35.29175954000561], [139.61955004255987, 35.29154493384654], [139.61963383859495, 35.29133032768747]]}}, {"type": "Feature", "properties": {"id": "横浜横須賀道路-下り-0-113", "route": "横浜横須賀道路", "direction": "下り", "from": "朝比奈ＩＣ", "to": "逗子ＩＣ", "grade": 2.16, "elevation_start": 52.9, "elevation_end": 54.0, "quality": "measured", "structure": "normal", "chain_rank": 0, "cum_dist_start": 5650.0, "cum_dist_end": 5700.0, "anomaly": false}, "geometry": {"type": "LineString", "coordinates": [[139.61963383859495, 35.29133032768747], [139.61971763463004, 35.2911157215284], [139.61980159513303, 35.2909011589662]]}}, {"type": "Feature", "properties": {"id": "横浜横須賀道路-下り-0-114", "route": "横浜横須賀道路", "direction": "下り", "from": "逗子ＩＣ", "to": "横須賀ＩＣ", "grade": 1.85, "elevation_start": 54.0, "elevation_end": 54.9, "quality": "measured", "structure": "normal", "chain_rank": 0, "cum_dist_start": 5700.0, "cum_dist_end": 5750.0, "anomaly": false}, "geometry": {"type": "LineString", "coordinates": [[139.61980159513303, 35.2909011589662], [139.61988556801455, 35.29068659968527], [139.61996954089608, 35.29047204040435]]}}, {"type": "Feature", "properties": {"id": "横浜横須賀道路-下り-0-115", "route": "横浜横須賀道路", "direction": "下り", "from": "逗子ＩＣ", "to": "横須賀ＩＣ", "grade": 1.98, "elevation_start": 54.9, "elevation_end": 55.9, "quality": "measured", "structure": "normal", "chain_rank": 0, "cum_dist_start": 5750.0, "cum_dist_end": 5800.0, "anomaly": false}, "geometry": {"type": "LineString", "coordinates": [[139.61996954089608, 35.29047204040435], [139.62005425637815, 35.29025768351669], [139.62014364523267, 35.29004460034084]]}}, {"type": "Feature", "properties": {"id": "横浜横須賀道路-下り-0-116", "route": "横浜横須賀道路", "direction": "下り", "from": "逗子ＩＣ", "to": "横須賀ＩＣ", "grade": 2.0, "elevation_start": 55.9, "elevation_end": 56.9, "quality": "measured", "structure": "normal", "chain_rank": 0, "cum_dist_start": 5800.0, "cum_dist_end": 5850.0, "anomaly": false}, "geometry": {"type": "LineString", "coordinates": [[139.62014364523267, 35.29004460034084], [139.62023349601864, 35.28983165206678], [139.62032851495647, 35.28962021309227]]}}, {"type": "Feature", "properties": {"id": "横浜横須賀道路-下り-0-117", "route": "横浜横須賀道路", "direction": "下り", "from": "逗子ＩＣ", "to": "横須賀ＩＣ", "grade": 1.11, "elevation_start": 56.9, "elevation_end": 57.4, "quality": "measured", "structure": "normal", "chain_rank": 0, "cum_dist_start": 5850.0, "cum_dist_end": 5900.0, "anomaly": false}, "geometry": {"type": "LineString", "coordinates": [[139.62032851495647, 35.28962021309227], [139.62042351813716, 35.28940876938132], [139.62051780093842, 35.28919710913101]]}}, {"type": "Feature", "properties": {"id": "横浜横須賀道路-下り-0-118", "route": "横浜横須賀道路", "direction": "下り", "from": "逗子ＩＣ", "to": "横須賀ＩＣ", "grade": 1.16, "elevation_start": 57.4, "elevation_end": 58.0, "quality": "measured", "structure": "normal", "chain_rank": 0, "cum_dist_start": 5900.0, "cum_dist_end": 5950.0, "anomaly": false}, "geometry": {"type": "LineString", "coordinates": [[139.62051780093842, 35.28919710913101], [139.62061208373967, 35.288985448880695], [139.62071483001515, 35.288776457352625]]}}, {"type": "Feature", "properties": {"id": "横浜横須賀道路-下り-0-119", "route": "横浜横須賀道路", "direction": "下り", "from": "逗子ＩＣ", "to": "横須賀ＩＣ", "grade": 1.86, "elevation_start": 58.0, "elevation_end": 58.9, "quality": "estimated", "structure": "normal", "chain_rank": 0, "cum_dist_start": 5950.0, "cum_dist_end": 6000.0, "anomaly": false}, "geometry": {"type": "LineString", "coordinates": [[139.62071483001515, 35.288776457352625], [139.6208178083611, 35.288567539001555], [139.62092725011811, 35.28836086150425]]}}, {"type": "Feature", "properties": {"id": "横浜横須賀道路-下り-0-120", "route": "横浜横須賀道路", "direction": "下り", "from": "逗子ＩＣ", "to": "横須賀ＩＣ", "grade": 1.86, "elevation_start": 58.9, "elevation_end": 59.9, "quality": "estimated", "structure": "normal", "chain_rank": 0, "cum_dist_start": 6000.0, "cum_dist_end": 6050.0, "anomaly": false}, "geometry": {"type": "LineString", "coordinates": [[139.62092725011811, 35.28836086150425], [139.6210423908993, 35.28815625615047], [139.62116097870086, 35.287952996474445]]}}, {"type": "Feature", "properties": {"id": "横浜横須賀道路-下り-0-121", "route": "横浜横須賀道路", "direction": "下り", "from": "逗子ＩＣ", "to": "横須賀ＩＣ", "grade": 1.86, "elevation_start": 59.9, "elevation_end": 60.8, "quality": "estimated", "structure": "normal", "chain_rank": 0, "cum_dist_start": 6050.0, "cum_dist_end": 6100.0, "anomaly": false}, "geometry": {"type": "LineString", "coordinates": [[139.62116097870086, 35.287952996474445], [139.62128209393003, 35.28775072347755], [139.62140849104276, 35.287550636959686]]}}, {"type": "Feature", "properties": {"id": "横浜横須賀道路-下り-0-122", "route": "横浜横須賀道路", "direction": "下り", "from": "逗子ＩＣ", "to": "横須賀ＩＣ", "grade": 1.86, "elevation_start": 60.8, "elevation_end": 61.7, "quality": "estimated", "structure": "tunnel", "chain_rank": 0, "cum_dist_start": 6100.0, "cum_dist_end": 6150.0, "anomaly": false}, "geometry": {"type": "LineString", "coordinates": [[139.62140849104276, 35.287550636959686], [139.62153993579923, 35.287352825388716], [139.6216786317374, 35.2871582915128]]}}, {"type": "Feature", "properties": {"id": "横浜横須賀道路-下り-0-123", "route": "横浜横須賀道路", "direction": "下り", "from": "逗子ＩＣ", "to": "横須賀ＩＣ", "grade": 1.86, "elevation_start": 61.7, "elevation_end": 62.7, "quality": "estimated", "structure": "tunnel", "chain_rank": 0, "cum_dist_start": 6150.0, "cum_dist_end": 6200.0, "anomaly": false}, "geometry": {"type": "LineString", "coordinates": [[139.6216786317374, 35.2871582915128], [139.62182574646184, 35.2869681290902], [139.62198092820796, 35.28678215546722]]}}, {"type": "Feature", "properties": {"id": "横浜横須賀道路-下り-0-124", "route": "横浜横須賀道路", "direction": "下り", "from": "逗子ＩＣ", "to": "横須賀ＩＣ", "grade": 1.86, "elevation_start": 62.7, "elevation_end": 63.6, "quality": "estimated", "structure": "tunnel", "chain_rank": 0, "cum_dist_start": 6200.0, "cum_dist_end": 6250.0, "anomaly": false}, "geometry": {"type": "LineString", "coordinates": [[139.62198092820796, 35.28678215546722], [139.62213921651454, 35.28659795810854], [139.6222983173051, 35.286414225310665]]}}, {"type": "Feature", "properties": {"id": "横浜横須賀道路-下り-0-125", "route": "横浜横須賀道路", "direction": "下り", "from": "逗子ＩＣ", "to": "横須賀ＩＣ", "grade": 1.86, "elevation_start": 63.6, "elevation_end": 64.5, "quality": "estimated", "structure": "tunnel", "chain_rank": 0, "cum_dist_start": 6250.0, "cum_dist_end": 6300.0, "anomaly": false}, "geometry": {"type": "LineString", "coordinates": [[139.6222983173051, 35.286414225310665], [139.6224574180957, 35.28623049251279], [139.62261651888628, 35.28604675971492]]}}, {"type": "Feature", "properties": {"id": "横浜横須賀道路-下り-0-126", "route": "横浜横須賀道路", "direction": "下り", "from": "逗子ＩＣ", "to": "横須賀ＩＣ", "grade": 1.86, "elevation_start": 64.5, "elevation_end": 65.4, "quality": "estimated", "structure": "tunnel", "chain_rank": 0, "cum_dist_start": 6300.0, "cum_dist_end": 6350.0, "anomaly": false}, "geometry": {"type": "LineString", "coordinates": [[139.62261651888628, 35.28604675971492], [139.62277561967684, 35.285863026917056], [139.62293472046744, 35.285679294119184]]}}, {"type": "Feature", "properties": {"id": "横浜横須賀道路-下り-0-127", "route": "横浜横須賀道路", "direction": "下り", "from": "逗子ＩＣ", "to": "横須賀ＩＣ", "grade": 1.86, "elevation_start": 65.4, "elevation_end": 66.4, "quality": "estimated", "structure": "tunnel", "chain_rank": 0, "cum_dist_start": 6350.0, "cum_dist_end": 6400.0, "anomaly": false}, "geometry": {"type": "LineString", "coordinates": [[139.62293472046744, 35.285679294119184], [139.623093821258, 35.28549556132131], [139.6232529220486, 35.28531182852344]]}}, {"type": "Feature", "properties": {"id": "横浜横須賀道路-下り-0-128", "route": "横浜横須賀道路", "direction": "下り", "from": "逗子ＩＣ", "to": "横須賀ＩＣ", "grade": 1.86, "elevation_start": 66.4, "elevation_end": 67.3, "quality": "estimated", "structure": "tunnel", "chain_rank": 0, "cum_dist_start": 6400.0, "cum_dist_end": 6450.0, "anomaly": false}, "geometry": {"type": "LineString", "coordinates": [[139.6232529220486, 35.28531182852344], [139.62341258875432, 35.28512844150535], [139.62358178022862, 35.28495087421549]]}}, {"type": "Feature", "properties": {"id": "横浜横須賀道路-下り-0-129", "route": "横浜横須賀道路", "direction": "下り", "from": "逗子ＩＣ", "to": "横須賀ＩＣ", "grade": 1.86, "elevation_start": 67.3, "elevation_end": 68.2, "quality": "estimated", "structure": "tunnel", "chain_rank": 0, "cum_dist_start": 6450.0, "cum_dist_end": 6500.0, "anomaly": false}, "geometry": {"type": "LineString", "coordinates": [[139.62358178022862, 35.28495087421549], [139.62375262747813, 35.28477439397981], [139.6239269150842, 35.28460017241675]]}}, {"type": "Feature", "properties": {"id": "横浜横須賀道路-下り-0-130", "route": "横浜横須賀道路", "direction": "下り", "from": "逗子ＩＣ", "to": "横須賀ＩＣ", "grade": 1.86, "elevation_start": 68.2, "elevation_end": 69.2, "quality": "estimated", "structure": "tunnel", "chain_rank": 0, "cum_dist_start": 6500.0, "cum_dist_end": 6550.0, "anomaly": false}, "geometry": {"type": "LineString", "coordinates": [[139.6239269150842, 35.28460017241675], [139.62411142591677, 35.284433265236956], [139.62430880394675, 35.28427650536978]]}}, {"type": "Feature", "properties": {"id": "横浜横須賀道路-下り-0-131", "route": "横浜横須賀道路", "direction": "下り", "from": "逗子ＩＣ", "to": "横須賀ＩＣ", "grade": 1.86, "elevation_start": 69.2, "elevation_end": 70.1, "quality": "estimated", "structure": "bridge", "chain_rank": 0, "cum_dist_start": 6550.0, "cum_dist_end": 6600.0, "anomaly": false}, "geometry": {"type": "LineString", "coordinates": [[139.62430880394675, 35.28427650536978], [139.62450685478524, 35.28412028729862], [139.62470708822164, 35.283966013555535]]}}, {"type": "Feature", "properties": {"id": "横浜横須賀道路-下り-0-132", "route": "横浜横須賀道路", "direction": "下り", "from": "逗子ＩＣ", "to": "横須賀ＩＣ", "grade": 1.86, "elevation_start": 70.1, "elevation_end": 71.0, "quality": "estimated", "structure": "bridge", "chain_rank": 0, "cum_dist_start": 6600.0, "cum_dist_end": 6650.0, "anomaly": false}, "geometry": {"type": "LineString", "coordinates": [[139.62470708822164, 35.283966013555535], [139.6249133095591, 35.28381707402643], [139.62511953089654, 35.283668134497326]]}}, {"type": "Feature", "properties": {"id": "横浜横須賀道路-下り-0-133", "route": "横浜横須賀道路", "direction": "下り", "from": "逗子ＩＣ", "to": "横須賀ＩＣ", "grade": 1.86, "elevation_start": 71.0, "elevation_end": 72.0, "quality": "estimated", "structure": "bridge", "chain_rank": 0, "cum_dist_start": 6650.0, "cum_dist_end": 6700.0, "anomaly": false}, "geometry": {"type": "LineString", "coordinates": [[139.62511953089654, 35.283668134497326], [139.62532898475175, 35.283522374907136], [139.62554477669576, 35.28338285031305]]}}, {"type": "Feature", "properties": {"id": "横浜横須賀道路-下り-0-134", "route": "横浜横須賀道路", "direction": "下り", "from": "逗子ＩＣ", "to": "横須賀ＩＣ", "grade": 1.86, "elevation_start": 72.0, "elevation_end": 72.9, "quality": "estimated", "structure": "bridge", "chain_rank": 0, "cum_dist_start": 6700.0, "cum_dist_end": 6750.0, "anomaly": false}, "geometry": {"type": "LineString", "coordinates": [[139.62554477669576, 35.28338285031305], [139.6257605686398, 35.28324332571896], [139.62598223857296, 35.28311039851001]]}}, {"type": "Feature", "properties": {"id": "横浜横須賀道路-下り-0-135", "route": "横浜横須賀道路", "direction": "下り", "from": "逗子ＩＣ", "to": "横須賀ＩＣ", "grade": 1.86, "elevation_start": 72.9, "elevation_end": 73.8, "quality": "estimated", "structure": "bridge", "chain_rank": 0, "cum_dist_start": 6750.0, "cum_dist_end": 6800.0, "anomaly": false}, "geometry": {"type": "LineString", "coordinates": [[139.62598223857296, 35.28311039851001], [139.62620993381796, 35.28298423403946], [139.62643762906296, 35.28285806956891]]}}, {"type": "Feature", "properties": {"id": "横浜横須賀道路-下り-0-136", "route": "横浜横須賀道路", "direction": "下り", "from": "逗子ＩＣ", "to": "横須賀ＩＣ", "grade": 1.86, "elevation_start": 73.8, "elevation_end": 74.7, "quality": "estimated", "structure": "bridge", "chain_rank": 0, "cum_dist_start": 6800.0, "cum_dist_end": 6850.0, "anomaly": false}, "geometry": {"type": "LineString", "coordinates": [[139.62643762906296, 35.28285806956891], [139.62666863483895, 35.2827360466135], [139.62690051957992, 35.282615123254146]]}}, {"type": "Feature", "properties": {"id": "横浜横須賀道路-下り-0-137", "route": "横浜横須賀道路", "direction": "下り", "from": "逗子ＩＣ", "to": "横須賀ＩＣ", "grade": 1.86, "elevation_start": 74.7, "elevation_end": 75.7, "quality": "estimated", "structure": "normal", "chain_rank": 0, "cum_dist_start": 6850.0, "cum_dist_end": 6900.0, "anomaly": false}, "geometry": {"type": "LineString", "coordinates": [[139.62690051957992, 35.282615123254146], [139.6271324043209, 35.282494199894785], [139.62736428906186, 35.28237327653543]]}}, {"type": "Feature", "properties": {"id": "横浜横須賀道路-下り-0-138", "route": "横浜横須賀道路", "direction": "下り", "from": "逗子ＩＣ", "to": "横須賀ＩＣ", "grade": 1.86, "elevation_start": 75.7, "elevation_end": 76.6, "quality": "estimated", "structure": "normal", "chain_rank": 0, "cum_dist_start": 6900.0, "cum_dist_end": 6950.0, "anomaly": false}, "geometry": {"type": "LineString", "coordinates": [[139.62736428906186, 35.28237327653543], [139.62759617380283, 35.28225235317607], [139.6278283853399, 35.28213185668183]]}}, {"type": "Feature", "properties": {"id": "横浜横須賀道路-下り-0-139", "route": "横浜横須賀道路", "direction": "下り", "from": "逗子ＩＣ", "to": "横須賀ＩＣ", "grade": -0.58, "elevation_start": 76.6, "elevation_end": 76.3, "quality": "estimated", "structure": "normal", "chain_rank": 0, "cum_dist_start": 6950.0, "cum_dist_end": 7000.0, "anomaly": false}, "geometry": {"type": "LineString", "coordinates": [[139.6278283853399, 35.28213185668183], [139.62806183387175, 35.282012975965486], [139.62829528240363, 35.28189409524914]]}}, {"type": "Feature", "properties": {"id": "横浜横須賀道路-下り-0-140", "route": "横浜横須賀道路", "direction": "下り", "from": "逗子ＩＣ", "to": "横須賀ＩＣ", "grade": -5.54, "elevation_start": 76.3, "elevation_end": 73.5, "quality": "measured", "structure": "normal", "chain_rank": 0, "cum_dist_start": 7000.0, "cum_dist_end": 7050.0, "anomaly": false}, "geometry": {"type": "LineString", "coordinates": [[139.62829528240363, 35.28189409524914], [139.6285287309355, 35.2817752145328], [139.62876217946737, 35.281656333816464]]}}, {"type": "Feature", "properties": {"id": "横浜横須賀道路-下り-0-141", "route": "横浜横須賀道路", "direction": "下り", "from": "逗子ＩＣ", "to": "横須賀ＩＣ", "grade": -28.19, "elevation_start": 73.5, "elevation_end": 59.5, "quality": "estimated", "structure": "normal", "chain_rank": 0, "cum_dist_start": 7050.0, "cum_dist_end": 7100.0, "anomaly": true}, "geometry": {"type": "LineString", "coordinates": [[139.62876217946737, 35.281656333816464], [139.62899349263338, 35.28153477048294], [139.62922019814465, 35.281407418645394]]}}, {"type": "Feature", "properties": {"id": "横浜横須賀道路-下り-0-142", "route": "横浜横須賀道路", "direction": "下り", "from": "逗子ＩＣ", "to": "横須賀ＩＣ", "grade": -28.37, "elevation_start": 59.5, "elevation_end": 45.3, "quality": "estimated", "structure": "normal", "chain_rank": 0, "cum_dist_start": 7100.0, "cum_dist_end": 7150.0, "anomaly": true}, "geometry": {"type": "LineString", "coordinates": [[139.62922019814465, 35.281407418645394], [139.62944690365595, 35.28128006680785], [139.62967130820914, 35.28115009653693]]}}, {"type": "Feature", "properties": {"id": "横浜横須賀道路-下り-0-143", "route": "横浜横須賀道路", "direction": "下り", "from": "逗子ＩＣ", "to": "横須賀ＩＣ", "grade": 19.49, "elevation_start": 45.3, "elevation_end": 55.0, "quality": "estimated", "structure": "normal", "chain_rank": 0, "cum_dist_start": 7150.0, "cum_dist_end": 7200.0, "anomaly": true}, "geometry": {"type": "LineString", "coordinates": [[139.62967130820914, 35.28115009653693], [139.6298903995587, 35.28101407997174], [139.63010949090824, 35.28087806340655]]}}, {"type": "Feature", "properties": {"id": "横浜横須賀道路-下り-0-144", "route": "横浜横須賀道路", "direction": "下り", "from": "逗子ＩＣ", "to": "横須賀ＩＣ", "grade": 37.21, "elevation_start": 55.0, "elevation_end": 73.6, "quality": "estimated", "structure": "normal", "chain_rank": 0, "cum_dist_start": 7200.0, "cum_dist_end": 7250.0, "anomaly": true}, "geometry": {"type": "LineString", "coordinates": [[139.63010949090824, 35.28087806340655], [139.63032570279253, 35.28073909671939], [139.63053556856298, 35.28059362819657]]}}, {"type": "Feature", "properties": {"id": "横浜横須賀道路-下り-0-145", "route": "横浜横須賀道路", "direction": "下り", "from": "逗子ＩＣ", "to": "横須賀ＩＣ", "grade": 11.71, "elevation_start": 73.6, "elevation_end": 79.5, "quality": "estimated", "structure": "normal", "chain_rank": 0, "cum_dist_start": 7250.0, "cum_dist_end": 7300.0, "anomaly": true}, "geometry": {"type": "LineString", "coordinates": [[139.63053556856298, 35.28059362819657], [139.63074543433345, 35.28044815967376], [139.6309553001039, 35.28030269115094]]}}, {"type": "Feature", "properties": {"id": "横浜横須賀道路-下り-0-146", "route": "横浜横須賀道路", "direction": "下り", "from": "逗子ＩＣ", "to": "横須賀ＩＣ", "grade": 1.11, "elevation_start": 79.5, "elevation_end": 80.0, "quality": "measured", "structure": "normal", "chain_rank": 0, "cum_dist_start": 7300.0, "cum_dist_end": 7350.0, "anomaly": false}, "geometry": {"type": "LineString", "coordinates": [[139.6309553001039, 35.28030269115094], [139.63115683286665, 35.28014955412158], [139.63135718210913, 35.27999532794971]]}}, {"type": "Feature", "properties": {"id": "横浜横須賀道路-下り-0-147", "route": "横浜横須賀道路", "direction": "下り", "from": "横須賀ＩＣ", "to": "横須賀", "grade": 12.83, "elevation_start": 80.0, "elevation_end": 86.4, "quality": "estimated", "structure": "normal", "chain_rank": 0, "cum_dist_start": 7350.0, "cum_dist_end": 7400.0, "anomaly": true}, "geometry": {"type": "LineString", "coordinates": [[139.63135718210913, 35.27999532794971], [139.63155753135163, 35.27984110177784], [139.6317479972754, 35.27967868500643]]}}, {"type": "Feature", "properties": {"id": "横浜横須賀道路-下り-0-148", "route": "横浜横須賀道路", "direction": "下り", "from": "横須賀ＩＣ", "to": "横須賀", "grade": -10.05, "elevation_start": 86.4, "elevation_end": 81.4, "quality": "estimated", "structure": "normal", "chain_rank": 0, "cum_dist_start": 7400.0, "cum_dist_end": 7450.0, "anomaly": true}, "geometry": {"type": "LineString", "coordinates": [[139.6317479972754, 35.27967868500643], [139.63193820667053, 35.27951605564211], [139.63212841606563, 35.279353426277794]]}}, {"type": "Feature", "properties": {"id": "横浜横須賀道路-下り-0-149", "route": "横浜横須賀道路", "direction": "下り", "from": "横須賀ＩＣ", "to": "横須賀", "grade": -35.95, "elevation_start": 81.4, "elevation_end": 63.4, "quality": "estimated", "structure": "normal", "chain_rank": 0, "cum_dist_start": 7450.0, "cum_dist_end": 7500.0, "anomaly": true}, "geometry": {"type": "LineString", "coordinates": [[139.63212841606563, 35.279353426277794], [139.63230785314198, 35.2791827822595], [139.63248681824538, 35.279011787091186]]}}, {"type": "Feature", "properties": {"id": "横浜横須賀道路-下り-0-150", "route": "横浜横須賀道路", "direction": "下り", "from": "横須賀ＩＣ", "to": "横須賀", "grade": 5.99, "elevation_start": 63.4, "elevation_end": 66.4, "quality": "measured", "structure": "normal", "chain_rank": 0, "cum_dist_start": 7500.0, "cum_dist_end": 7550.0, "anomaly": false}, "geometry": {"type": "LineString", "coordinates": [[139.63248681824538, 35.279011787091186], [139.63265772118845, 35.278835477086396], [139.63282294272807, 35.27865542171691]]}}, {"type": "Feature", "properties": {"id": "横浜横須賀道路-下り-0-151", "route": "横浜横須賀道路", "direction": "下り", "from": "横須賀ＩＣ", "to": "横須賀", "grade": 10.59, "elevation_start": 66.4, "elevation_end": 71.7, "quality": "estimated", "structure": "normal", "chain_rank": 0, "cum_dist_start": 7550.0, "cum_dist_end": 7600.0, "anomaly": true}, "geometry": {"type": "LineString", "coordinates": [[139.63282294272807, 35.27865542171691], [139.63298816426766, 35.27847536634742], [139.63314934954695, 35.278292911308625]]}}, {"type": "Feature", "properties": {"id": "横浜横須賀道路-下り-0-152", "route": "横浜横須賀道路", "direction": "下り", "from": "横須賀ＩＣ", "to": "横須賀", "grade": 41.02, "elevation_start": 71.7, "elevation_end": 92.2, "quality": "estimated", "structure": "normal", "chain_rank": 0, "cum_dist_start": 7600.0, "cum_dist_end": 7650.0, "anomaly": true}, "geometry": {"type": "LineString", "coordinates": [[139.63314934954695, 35.278292911308625], [139.63330669636517, 35.278108174197655], [139.63346404318335, 35.277923437086685]]}}, {"type": "Feature", "properties": {"id": "横浜横須賀道路-下り-0-153", "route": "横浜横須賀道路", "direction": "下り", "from": "横須賀ＩＣ", "to": "横須賀", "grade": 3.91, "elevation_start": 92.2, "elevation_end": 94.2, "quality": "measured", "structure": "normal", "chain_rank": 0, "cum_dist_start": 7650.0, "cum_dist_end": 7700.0, "anomaly": false}, "geometry": {"type": "LineString", "coordinates": [[139.63346404318335, 35.277923437086685], [139.6336110944335, 35.2777330909631], [139.63375617994697, 35.27754176851937]]}}, {"type": "Feature", "properties": {"id": "横浜横須賀道路-下り-0-154", "route": "横浜横須賀道路", "direction": "下り", "from": "横須賀ＩＣ", "to": "横須賀", "grade": 1.95, "elevation_start": 94.2, "elevation_end": 95.2, "quality": "measured", "structure": "normal", "chain_rank": 0, "cum_dist_start": 7700.0, "cum_dist_end": 7750.0, "anomaly": false}, "geometry": {"type": "LineString", "coordinates": [[139.63375617994697, 35.27754176851937], [139.6338898021288, 35.27734486874899], [139.6340234243106, 35.27714796897861]]}}, {"type": "Feature", "properties": {"id": "横浜横須賀道路-下り-0-155", "route": "横浜横須賀道路", "direction": "下り", "from": "横須賀ＩＣ", "to": "横須賀", "grade": 1.7, "elevation_start": 95.2, "elevation_end": 96.0, "quality": "measured", "structure": "normal", "chain_rank": 0, "cum_dist_start": 7750.0, "cum_dist_end": 7800.0, "anomaly": false}, "geometry": {"type": "LineString", "coordinates": [[139.6340234243106, 35.27714796897861], [139.63413844669353, 35.27694334415462], [139.63425295766623, 35.276738506926655]]}}, {"type": "Feature", "properties": {"id": "横浜横須賀道路-下り-0-156", "route": "横浜横須賀道路", "direction": "下り", "from": "横須賀ＩＣ", "to": "横須賀", "grade": 1.43, "elevation_start": 96.0, "elevation_end": 96.7, "quality": "measured", "structure": "normal", "chain_rank": 0, "cum_dist_start": 7800.0, "cum_dist_end": 7850.0, "anomaly": false}, "geometry": {"type": "LineString", "coordinates": [[139.63425295766623, 35.276738506926655], [139.63435537400397, 35.27652948124156], [139.63445457615333, 35.27631934246042]]}}, {"type": "Feature", "properties": {"id": "横浜横須賀道路-下り-0-157", "route": "横浜横須賀道路", "direction": "下り", "from": "横須賀ＩＣ", "to": "横須賀", "grade": 0.93, "elevation_start": 96.7, "elevation_end": 97.2, "quality": "measured", "structure": "normal", "chain_rank": 0, "cum_dist_start": 7850.0, "cum_dist_end": 7900.0, "anomaly": false}, "geometry": {"type": "LineString", "coordinates": [[139.63445457615333, 35.27631934246042], [139.63454541538243, 35.27610687154286], [139.63462300063873, 35.27589070453928]]}}, {"type": "Feature", "properties": {"id": "横浜横須賀道路-下り-0-158", "route": "横浜横須賀道路", "direction": "下り", "from": "横須賀ＩＣ", "to": "横須賀", "grade": 0.43, "elevation_start": 97.2, "elevation_end": 97.4, "quality": "measured", "structure": "normal", "chain_rank": 0, "cum_dist_start": 7900.0, "cum_dist_end": 7950.0, "anomaly": false}, "geometry": {"type": "LineString", "coordinates": [[139.63462300063873, 35.27589070453928], [139.63469131563025, 35.275672526158736], [139.63475424828897, 35.275453179969006]]}}, {"type": "Feature", "properties": {"id": "横浜横須賀道路-下り-0-159", "route": "横浜横須賀道路", "direction": "下り", "from": "横須賀", "to": "横須賀ＰＡ", "grade": 0.0, "elevation_start": 97.4, "elevation_end": 97.4, "quality": "measured", "structure": "normal", "chain_rank": 0, "cum_dist_start": 7950.0, "cum_dist_end": 8000.0, "anomaly": false}, "geometry": {"type": "LineString", "coordinates": [[139.63475424828897, 35.275453179969006], [139.63480465795638, 35.275231717531646], [139.6348526021987, 35.2750098384646]]}}, {"type": "Feature", "properties": {"id": "横浜横須賀道路-下り-0-160", "route": "横浜横須賀道路", "direction": "下り", "from": "横須賀", "to": "横須賀ＰＡ", "grade": -0.41, "elevation_start": 97.4, "elevation_end": 97.2, "quality": "measured", "structure": "normal", "chain_rank": 0, "cum_dist_start": 8000.0, "cum_dist_end": 8050.0, "anomaly": false}, "geometry": {"type": "LineString", "coordinates": [[139.6348526021987, 35.2750098384646], [139.6348870440119, 35.27478630476897], [139.63492029095474, 35.274562624650315]]}}, {"type": "Feature", "properties": {"id": "横浜横須賀道路-下り-0-161", "route": "横浜横須賀道路", "direction": "下り", "from": "横須賀", "to": "横須賀ＰＡ", "grade": -0.75, "elevation_start": 97.2, "elevation_end": 96.8, "quality": "measured", "structure": "normal", "chain_rank": 0, "cum_dist_start": 8050.0, "cum_dist_end": 8100.0, "anomaly": false}, "geometry": {"type": "LineString", "coordinates": [[139.63492029095474, 35.274562624650315], [139.6349463973383, 35.27433838260872], [139.63496562826967, 35.27411359950666]]}}, {"type": "Feature", "properties": {"id": "横浜横須賀道路-下り-0-162", "route": "横浜横須賀道路", "direction": "下り", "from": "横須賀", "to": "横須賀ＰＡ", "grade": -1.17, "elevation_start": 96.8, "elevation_end": 96.2, "quality": "measured", "structure": "normal", "chain_rank": 0, "cum_dist_start": 8100.0, "cum_dist_end": 8150.0, "anomaly": false}, "geometry": {"type": "LineString", "coordinates": [[139.63496562826967, 35.27411359950666], [139.63497161998242, 35.27388839452089], [139.6349737165804, 35.27366306541256]]}}, {"type": "Feature", "properties": {"id": "横浜横須賀道路-下り-0-163", "route": "横浜横須賀道路", "direction": "下り", "from": "横須賀", "to": "横須賀ＰＡ", "grade": -1.56, "elevation_start": 96.2, "elevation_end": 95.5, "quality": "measured", "structure": "normal", "chain_rank": 0, "cum_dist_start": 8150.0, "cum_dist_end": 8200.0, "anomaly": false}, "geometry": {"type": "LineString", "coordinates": [[139.6349737165804, 35.27366306541256], [139.6349746411814, 35.273437766980166], [139.6349550268587, 35.27321300613486]]}}, {"type": "Feature", "properties": {"id": "横浜横須賀道路-下り-0-164", "route": "横浜横須賀道路", "direction": "下り", "from": "横須賀", "to": "横須賀ＰＡ", "grade": -2.28, "elevation_start": 95.5, "elevation_end": 94.3, "quality": "measured", "structure": "normal", "chain_rank": 0, "cum_dist_start": 8200.0, "cum_dist_end": 8250.0, "anomaly": false}, "geometry": {"type": "LineString", "coordinates": [[139.6349550268587, 35.27321300613486], [139.6349266420105, 35.27298899314875], [139.6348894513353, 35.27276573103198]]}}, {"type": "Feature", "properties": {"id": "横浜横須賀道路-下り-0-165", "route": "横浜横須賀道路", "direction": "下り", "from": "横須賀", "to": "横須賀ＰＡ", "grade": -2.69, "elevation_start": 94.3, "elevation_end": 93.0, "quality": "measured", "structure": "normal", "chain_rank": 0, "cum_dist_start": 8250.0, "cum_dist_end": 8300.0, "anomaly": false}, "geometry": {"type": "LineString", "coordinates": [[139.6348894513353, 35.27276573103198], [139.63483593638335, 35.272544811566235], [139.63477846767674, 35.27232445949271]]}}, {"type": "Feature", "properties": {"id": "横浜横須賀道路-下り-0-166", "route": "横浜横須賀道路", "direction": "下り", "from": "横須賀", "to": "横須賀ＰＡ", "grade": -2.95, "elevation_start": 93.0, "elevation_end": 91.5, "quality": "measured", "structure": "normal", "chain_rank": 0, "cum_dist_start": 8300.0, "cum_dist_end": 8350.0, "anomaly": false}, "geometry": {"type": "LineString", "coordinates": [[139.63477846767674, 35.27232445949271], [139.63470550311175, 35.272107214256195], [139.63463252027694, 35.2718899726827]]}}, {"type": "Feature", "properties": {"id": "横浜横須賀道路-下り-0-167", "route": "横浜横須賀道路", "direction": "下り", "from": "横須賀", "to": "横須賀ＰＡ", "grade": -2.91, "elevation_start": 91.5, "elevation_end": 90.1, "quality": "measured", "structure": "normal", "chain_rank": 0, "cum_dist_start": 8350.0, "cum_dist_end": 8400.0, "anomaly": false}, "geometry": {"type": "LineString", "coordinates": [[139.63463252027694, 35.2718899726827], [139.63455215404016, 35.271674509699025], [139.63447028826957, 35.27145940793848]]}}, {"type": "Feature", "properties": {"id": "横浜横須賀道路-下り-0-168", "route": "横浜横須賀道路", "direction": "下り", "from": "横須賀", "to": "横須賀ＰＡ", "grade": -3.01, "elevation_start": 90.1, "elevation_end": 88.6, "quality": "measured", "structure": "normal", "chain_rank": 0, "cum_dist_start": 8400.0, "cum_dist_end": 8450.0, "anomaly": false}, "geometry": {"type": "LineString", "coordinates": [[139.63447028826957, 35.27145940793848], [139.6343824323549, 35.27124594988144], [139.6342899699066, 35.271033755863336]]}}, {"type": "Feature", "properties": {"id": "横浜横須賀道路-下り-0-169", "route": "横浜横須賀道路", "direction": "下り", "from": "横須賀", "to": "横須賀ＰＡ", "grade": -3.02, "elevation_start": 88.6, "elevation_end": 87.0, "quality": "measured", "structure": "normal", "chain_rank": 0, "cum_dist_start": 8450.0, "cum_dist_end": 8500.0, "anomaly": false}, "geometry": {"type": "LineString", "coordinates": [[139.6342899699066, 35.271033755863336], [139.63419735063303, 35.27082160922611], [139.63409987513705, 35.27061092977647]]}}, {"type": "Feature", "properties": {"id": "横浜横須賀道路-下り-0-170", "route": "横浜横須賀道路", "direction": "下り", "from": "横須賀", "to": "横須賀ＰＡ", "grade": -2.87, "elevation_start": 87.0, "elevation_end": 85.6, "quality": "measured", "structure": "normal", "chain_rank": 0, "cum_dist_start": 8500.0, "cum_dist_end": 8550.0, "anomaly": false}, "geometry": {"type": "LineString", "coordinates": [[139.63409987513705, 35.27061092977647], [139.63400239964108, 35.27040025032682], [139.63390414003473, 35.27018982622975]]}}, {"type": "Feature", "properties": {"id": "横浜横須賀道路-下り-0-171", "route": "横浜横須賀道路", "direction": "下り", "from": "横須賀", "to": "横須賀ＰＡ", "grade": -3.19, "elevation_start": 85.6, "elevation_end": 84.0, "quality": "measured", "structure": "normal", "chain_rank": 0, "cum_dist_start": 8550.0, "cum_dist_end": 8600.0, "anomaly": false}, "geometry": {"type": "LineString", "coordinates": [[139.63390414003473, 35.27018982622975], [139.6337988461382, 35.26998169291234], [139.6336935522417, 35.269773559594924]]}}, {"type": "Feature", "properties": {"id": "横浜横須賀道路-下り-0-172", "route": "横浜横須賀道路", "direction": "下り", "from": "横須賀", "to": "横須賀ＰＡ", "grade": -3.32, "elevation_start": 84.0, "elevation_end": 82.4, "quality": "measured", "structure": "normal", "chain_rank": 0, "cum_dist_start": 8600.0, "cum_dist_end": 8650.0, "anomaly": false}, "geometry": {"type": "LineString", "coordinates": [[139.6336935522417, 35.269773559594924], [139.63358825834518, 35.26956542627751], [139.6334872455333, 35.269355875560734]]}}, {"type": "Feature", "properties": {"id": "横浜横須賀道路-下り-0-173", "route": "横浜横須賀道路", "direction": "下り", "from": "横須賀", "to": "横須賀ＰＡ", "grade": -2.9, "elevation_start": 82.4, "elevation_end": 80.9, "quality": "measured", "structure": "normal", "chain_rank": 0, "cum_dist_start": 8650.0, "cum_dist_end": 8700.0, "anomaly": false}, "geometry": {"type": "LineString", "coordinates": [[139.6334872455333, 35.269355875560734], [139.63338680723442, 35.26914613463181], [139.63328667106745, 35.26893629784393]]}}, {"type": "Feature", "properties": {"id": "横浜横須賀道路-下り-0-174", "route": "横浜横須賀道路", "direction": "下り", "from": "横須賀", "to": "横須賀ＰＡ", "grade": -3.0, "elevation_start": 80.9, "elevation_end": 79.4, "quality": "measured", "structure": "normal", "chain_rank": 0, "cum_dist_start": 8700.0, "cum_dist_end": 8750.0, "anomaly": false}, "geometry": {"type": "LineString", "coordinates": [[139.63328667106745, 35.26893629784393], [139.6331887976786, 35.26872574313274], [139.63309092428975, 35.268515188421546]]}}, {"type": "Feature", "properties": {"id": "横浜横須賀道路-下り-0-175", "route": "横浜横須賀道路", "direction": "下り", "from": "横須賀", "to": "横須賀ＰＡ", "grade": -2.9, "elevation_start": 79.4, "elevation_end": 78.0, "quality": "measured", "structure": "normal", "chain_rank": 0, "cum_dist_start": 8750.0, "cum_dist_end": 8800.0, "anomaly": false}, "geometry": {"type": "LineString", "coordinates": [[139.63309092428975, 35.268515188421546], [139.6329967048773, 35.2683035765285], [139.63291181293135, 35.26808926597868]]}}, {"type": "Feature", "properties": {"id": "横浜横須賀道路-下り-0-176", "route": "横浜横須賀道路", "direction": "下り", "from": "横須賀", "to": "横須賀ＰＡ", "grade": -3.11, "elevation_start": 78.0, "elevation_end": 76.4, "quality": "measured", "structure": "normal", "chain_rank": 0, "cum_dist_start": 8800.0, "cum_dist_end": 8850.0, "anomaly": false}, "geometry": {"type": "LineString", "coordinates": [[139.63291181293135, 35.26808926597868], [139.63282846327456, 35.26787457875083], [139.63275656148025, 35.26765709557627]]}}, {"type": "Feature", "properties": {"id": "横浜横須賀道路-下り-0-177", "route": "横浜横須賀道路", "direction": "下り", "from": "横須賀", "to": "横須賀ＰＡ", "grade": -2.38, "elevation_start": 76.4, "elevation_end": 75.2, "quality": "measured", "structure": "normal", "chain_rank": 0, "cum_dist_start": 8850.0, "cum_dist_end": 8900.0, "anomaly": false}, "geometry": {"type": "LineString", "coordinates": [[139.63275656148025, 35.26765709557627], [139.63268560651736, 35.267439417575574], [139.63262380497596, 35.267219856107786]]}}, {"type": "Feature", "properties": {"id": "横浜横須賀道路-下り-0-178", "route": "横浜横須賀道路", "direction": "下り", "from": "横須賀", "to": "横須賀ＰＡ", "grade": -1.47, "elevation_start": 75.2, "elevation_end": 74.5, "quality": "measured", "structure": "normal", "chain_rank": 0, "cum_dist_start": 8900.0, "cum_dist_end": 8950.0, "anomaly": false}, "geometry": {"type": "LineString", "coordinates": [[139.63262380497596, 35.267219856107786], [139.6325661901992, 35.266999555248994], [139.6325123265649, 35.266778591930944]]}}, {"type": "Feature", "properties": {"id": "横浜横須賀道路-下り-0-179", "route": "横浜横須賀道路", "direction": "下り", "from": "横須賀", "to": "横須賀ＰＡ", "grade": -0.97, "elevation_start": 74.5, "elevation_end": 74.0, "quality": "estimated", "structure": "normal", "chain_rank": 0, "cum_dist_start": 8950.0, "cum_dist_end": 9000.0, "anomaly": false}, "geometry": {"type": "LineString", "coordinates": [[139.6325123265649, 35.266778591930944], [139.63246727240565, 35.26655632068509], [139.6324256960757, 35.26633362030906]]}}, {"type": "Feature", "properties": {"id": "横浜横須賀道路-下り-0-180", "route": "横浜横須賀道路", "direction": "下り", "from": "横須賀", "to": "横須賀ＰＡ", "grade": -0.54, "elevation_start": 74.0, "elevation_end": 73.7, "quality": "estimated", "structure": "normal", "chain_rank": 0, "cum_dist_start": 9000.0, "cum_dist_end": 9050.0, "anomaly": false}, "geometry": {"type": "LineString", "coordinates": [[139.6324256960757, 35.26633362030906], [139.63239499966696, 35.26610969513897], [139.6323648581879, 35.2658857307511]]}}, {"type": "Feature", "properties": {"id": "横浜横須賀道路-下り-0-181", "route": "横浜横須賀道路", "direction": "下り", "from": "横須賀", "to": "横須賀ＰＡ", "grade": -0.54, "elevation_start": 73.7, "elevation_end": 73.5, "quality": "estimated", "structure": "normal", "chain_rank": 0, "cum_dist_start": 9050.0, "cum_dist_end": 9100.0, "anomaly": false}, "geometry": {"type": "LineString", "coordinates": [[139.6323648581879, 35.2658857307511], [139.63234839571714, 35.26566079964548], [139.63233385888694, 35.26543579568866]]}}, {"type": "Feature", "properties": {"id": "横浜横須賀道路-下り-0-182", "route": "横浜横須賀道路", "direction": "下り", "from": "横須賀", "to": "横須賀ＰＡ", "grade": -0.54, "elevation_start": 73.5, "elevation_end": 73.2, "quality": "estimated", "structure": "bridge", "chain_rank": 0, "cum_dist_start": 9100.0, "cum_dist_end": 9150.0, "anomaly": false}, "geometry": {"type": "LineString", "coordinates": [[139.63233385888694, 35.26543579568866], [139.63232500444977, 35.265210576754434], [139.63232557285875, 35.26498530594618]]}}, {"type": "Feature", "properties": {"id": "横浜横須賀道路-下り-0-183", "route": "横浜横須賀道路", "direction": "下り", "from": "横須賀", "to": "横須賀ＰＡ", "grade": -0.54, "elevation_start": 73.2, "elevation_end": 72.9, "quality": "estimated", "structure": "bridge", "chain_rank": 0, "cum_dist_start": 9150.0, "cum_dist_end": 9200.0, "anomaly": false}, "geometry": {"type": "LineString", "coordinates": [[139.63232557285875, 35.26498530594618], [139.63233074097215, 35.26476000981594], [139.63233992302924, 35.26453485814839]]}}, {"type": "Feature", "properties": {"id": "横浜横須賀道路-下り-0-184", "route": "横浜横須賀道路", "direction": "下り", "from": "横須賀", "to": "横須賀ＰＡ", "grade": -0.54, "elevation_start": 72.9, "elevation_end": 72.6, "quality": "estimated", "structure": "bridge", "chain_rank": 0, "cum_dist_start": 9200.0, "cum_dist_end": 9250.0, "anomaly": false}, "geometry": {"type": "LineString", "coordinates": [[139.63233992302924, 35.26453485814839], [139.63235883755777, 35.26431005675456], [139.63238072844322, 35.26408547383424]]}}, {"type": "Feature", "properties": {"id": "横浜横須賀道路-下り-0-185", "route": "横浜横須賀道路", "direction": "下り", "from": "横須賀", "to": "横須賀ＰＡ", "grade": -0.54, "elevation_start": 72.6, "elevation_end": 72.4, "quality": "estimated", "structure": "bridge", "chain_rank": 0, "cum_dist_start": 9250.0, "cum_dist_end": 9300.0, "anomaly": false}, "geometry": {"type": "LineString", "coordinates": [[139.63238072844322, 35.26408547383424], [139.63241078616778, 35.26386149038434], [139.63244458140198, 35.263637915279396]]}}, {"type": "Feature", "properties": {"id": "横浜横須賀道路-下り-0-186", "route": "横浜横須賀道路", "direction": "下り", "from": "横須賀", "to": "横須賀ＰＡ", "grade": -0.54, "elevation_start": 72.4, "elevation_end": 72.1, "quality": "estimated", "structure": "bridge", "chain_rank": 0, "cum_dist_start": 9300.0, "cum_dist_end": 9350.0, "anomaly": false}, "geometry": {"type": "LineString", "coordinates": [[139.63244458140198, 35.263637915279396], [139.6324870608839, 35.26341528897968], [139.6325295403658, 35.26319266267996]]}}, {"type": "Feature", "properties": {"id": "横浜横須賀道路-下り-0-187", "route": "横浜横須賀道路", "direction": "下り", "from": "横須賀", "to": "横須賀ＰＡ", "grade": -0.54, "elevation_start": 72.1, "elevation_end": 71.8, "quality": "estimated", "structure": "bridge", "chain_rank": 0, "cum_dist_start": 9350.0, "cum_dist_end": 9400.0, "anomaly": false}, "geometry": {"type": "LineString", "coordinates": [[139.6325295403658, 35.26319266267996], [139.632579890006, 35.262971149642134], [139.63263291693698, 35.262750069311956]]}}, {"type": "Feature", "properties": {"id": "横浜横須賀道路-下り-0-188", "route": "横浜横須賀道路", "direction": "下り", "from": "横須賀", "to": "横須賀ＰＡ", "grade": -0.54, "elevation_start": 71.8, "elevation_end": 71.5, "quality": "estimated", "structure": "normal", "chain_rank": 0, "cum_dist_start": 9400.0, "cum_dist_end": 9450.0, "anomaly": false}, "geometry": {"type": "LineString", "coordinates": [[139.63263291693698, 35.262750069311956], [139.63269151116359, 35.26252991759348], [139.63275627337327, 35.26231099202799]]}}, {"type": "Feature", "properties": {"id": "横浜横須賀道路-下り-0-189", "route": "横浜横須賀道路", "direction": "下り", "from": "横須賀", "to": "横須賀ＰＡ", "grade": -0.54, "elevation_start": 71.5, "elevation_end": 71.3, "quality": "estimated", "structure": "normal", "chain_rank": 0, "cum_dist_start": 9450.0, "cum_dist_end": 9500.0, "anomaly": false}, "geometry": {"type": "LineString", "coordinates": [[139.63275627337327, 35.26231099202799], [139.63282707511328, 35.26209326707997], [139.6329067262755, 35.26187767078393]]}}, {"type": "Feature", "properties": {"id": "横浜横須賀道路-下り-0-190", "route": "横浜横須賀道路", "direction": "下り", "from": "横須賀", "to": "横須賀ＰＡ", "grade": -0.54, "elevation_start": 71.3, "elevation_end": 71.0, "quality": "estimated", "structure": "normal", "chain_rank": 0, "cum_dist_start": 9500.0, "cum_dist_end": 9550.0, "anomaly": false}, "geometry": {"type": "LineString", "coordinates": [[139.6329067262755, 35.26187767078393], [139.63299050637778, 35.261663067668714], [139.63307428648005, 35.2614484645535]]}}, {"type": "Feature", "properties": {"id": "横浜横須賀道路-下り-0-191", "route": "横浜横須賀道路", "direction": "下り", "from": "横須賀", "to": "横須賀ＰＡ", "grade": 1.2, "elevation_start": 71.0, "elevation_end": 71.6, "quality": "measured", "structure": "normal", "chain_rank": 0, "cum_dist_start": 9550.0, "cum_dist_end": 9600.0, "anomaly": false}, "geometry": {"type": "LineString", "coordinates": [[139.63307428648005, 35.2614484645535], [139.63315977769932, 35.26123434300896], [139.63325428287354, 35.26102275831981]]}}, {"type": "Feature", "properties": {"id": "横浜横須賀道路-下り-0-192", "route": "横浜横須賀道路", "direction": "下り", "from": "横須賀", "to": "横須賀ＰＡ", "grade": 1.37, "elevation_start": 71.6, "elevation_end": 72.3, "quality": "measured", "structure": "normal", "chain_rank": 0, "cum_dist_start": 9600.0, "cum_dist_end": 9650.0, "anomaly": false}, "geometry": {"type": "LineString", "coordinates": [[139.63325428287354, 35.26102275831981], [139.63334878804778, 35.260811173630664], [139.63344329322203, 35.26059958894152]]}}, {"type": "Feature", "properties": {"id": "横浜横須賀道路-下り-0-193", "route": "横浜横須賀道路", "direction": "下り", "from": "横須賀", "to": "横須賀ＰＡ", "grade": 2.09, "elevation_start": 72.3, "elevation_end": 73.3, "quality": "measured", "structure": "normal", "chain_rank": 0, "cum_dist_start": 9650.0, "cum_dist_end": 9700.0, "anomaly": false}, "geometry": {"type": "LineString", "coordinates": [[139.63344329322203, 35.26059958894152], [139.63354603049024, 35.26039067191051], [139.6336533527325, 35.260183240667125]]}}, {"type": "Feature", "properties": {"id": "横浜横須賀道路-下り-0-194", "route": "横浜横須賀道路", "direction": "下り", "from": "横須賀", "to": "横須賀ＰＡ", "grade": 1.53, "elevation_start": 73.3, "elevation_end": 74.1, "quality": "measured", "structure": "normal", "chain_rank": 0, "cum_dist_start": 9700.0, "cum_dist_end": 9750.0, "anomaly": false}, "geometry": {"type": "LineString", "coordinates": [[139.6336533527325, 35.260183240667125], [139.63376067497478, 35.25997580942374], [139.6338737695068, 35.25977048329693]]}}, {"type": "Feature", "properties": {"id": "横浜横須賀道路-下り-0-195", "route": "横浜横須賀道路", "direction": "下り", "from": "横須賀", "to": "横須賀ＰＡ", "grade": 1.47, "elevation_start": 74.1, "elevation_end": 74.8, "quality": "measured", "structure": "normal", "chain_rank": 0, "cum_dist_start": 9750.0, "cum_dist_end": 9800.0, "anomaly": false}, "geometry": {"type": "LineString", "coordinates": [[139.6338737695068, 35.25977048329693], [139.63398963683682, 35.25956616839154], [139.63411007425654, 35.259363658804396]]}}, {"type": "Feature", "properties": {"id": "横浜横須賀道路-下り-0-196", "route": "横浜横須賀道路", "direction": "下り", "from": "横須賀", "to": "横須賀ＰＡ", "grade": 0.78, "elevation_start": 74.8, "elevation_end": 75.2, "quality": "measured", "structure": "normal", "chain_rank": 0, "cum_dist_start": 9800.0, "cum_dist_end": 9850.0, "anomaly": false}, "geometry": {"type": "LineString", "coordinates": [[139.63411007425654, 35.259363658804396], [139.6342325852053, 35.259161968321465], [139.6343572623481, 35.2589611848037]]}}, {"type": "Feature", "properties": {"id": "横浜横須賀道路-下り-0-197", "route": "横浜横須賀道路", "direction": "下り", "from": "横須賀", "to": "横須賀ＰＡ", "grade": 0.18, "elevation_start": 75.2, "elevation_end": 75.3, "quality": "measured", "structure": "normal", "chain_rank": 0, "cum_dist_start": 9850.0, "cum_dist_end": 9900.0, "anomaly": false}, "geometry": {"type": "LineString", "coordinates": [[139.6343572623481, 35.2589611848037], [139.63448452107403, 35.25876148217066], [139.63461177979997, 35.25856177953762]]}}, {"type": "Feature", "properties": {"id": "横浜横須賀道路-下り-0-198", "route": "横浜横須賀道路", "direction": "下り", "from": "横須賀", "to": "横須賀ＰＡ", "grade": -0.11, "elevation_start": 75.3, "elevation_end": 75.3, "quality": "measured", "structure": "normal", "chain_rank": 0, "cum_dist_start": 9900.0, "cum_dist_end": 9950.0, "anomaly": false}, "geometry": {"type": "LineString", "coordinates": [[139.63461177979997, 35.25856177953762], [139.63474734794386, 35.258365795915616], [139.63488320809017, 35.258169942983905]]}}, {"type": "Feature", "properties": {"id": "横浜横須賀道路-下り-0-199", "route": "横浜横須賀道路", "direction": "下り", "from": "横須賀", "to": "横須賀ＰＡ", "grade": -1.0, "elevation_start": 75.3, "elevation_end": 74.8, "quality": "measured", "structure": "normal", "chain_rank": 0, "cum_dist_start": 9950.0, "cum_dist_end": 10000.0, "anomaly": false}, "geometry": {"type": "LineString", "coordinates": [[139.63488320809017, 35.258169942983905], [139.6350190682365, 35.257974090052194], [139.6351598883717, 35.2577806778416]]}}, {"type": "Feature", "properties": {"id": "横浜横須賀道路-下り-0-200", "route": "横浜横須賀道路", "direction": "下り", "from": "横須賀", "to": "横須賀ＰＡ", "grade": -1.08, "elevation_start": 74.8, "elevation_end": 74.2, "quality": "measured", "structure": "normal", "chain_rank": 0, "cum_dist_start": 10000.0, "cum_dist_end": 10050.0, "anomaly": false}, "geometry": {"type": "LineString", "coordinates": [[139.6351598883717, 35.2577806778416], [139.635306594846, 35.257590162192365], [139.63545330132033, 35.25739964654312]]}}, {"type": "Feature", "properties": {"id": "横浜横須賀道路-下り-0-201", "route": "横浜横須賀道路", "direction": "下り", "from": "横須賀", "to": "横須賀ＰＡ", "grade": -1.62, "elevation_start": 74.2, "elevation_end": 73.4, "quality": "measured", "structure": "normal", "chain_rank": 0, "cum_dist_start": 10050.0, "cum_dist_end": 10100.0, "anomaly": false}, "geometry": {"type": "LineString", "coordinates": [[139.63545330132033, 35.25739964654312], [139.63560000779466, 35.25720913089388], [139.6357556008544, 35.25702342932767]]}}, {"type": "Feature", "properties": {"id": "横浜横須賀道路-下り-0-202", "route": "横浜横須賀道路", "direction": "下り", "from": "横須賀", "to": "横須賀ＰＡ", "grade": -2.31, "elevation_start": 73.4, "elevation_end": 72.3, "quality": "measured", "structure": "normal", "chain_rank": 0, "cum_dist_start": 10100.0, "cum_dist_end": 10150.0, "anomaly": false}, "geometry": {"type": "LineString", "coordinates": [[139.6357556008544, 35.25702342932767], [139.63591160538112, 35.25683795066328], [139.63606760990783, 35.2566524719989]]}}, {"type": "Feature", "properties": {"id": "横浜横須賀道路-下り-0-203", "route": "横浜横須賀道路", "direction": "下り", "from": "横須賀", "to": "横須賀ＰＡ", "grade": -2.6, "elevation_start": 72.3, "elevation_end": 71.0, "quality": "measured", "structure": "normal", "chain_rank": 0, "cum_dist_start": 10150.0, "cum_dist_end": 10200.0, "anomaly": false}, "geometry": {"type": "LineString", "coordinates": [[139.63606760990783, 35.2566524719989], [139.63623193483465, 35.256471906580614], [139.6363970835236, 35.25629183680205]]}}, {"type": "Feature", "properties": {"id": "横浜横須賀道路-下り-0-204", "route": "横浜横須賀道路", "direction": "下り", "from": "横須賀", "to": "横須賀ＰＡ", "grade": -2.34, "elevation_start": 71.0, "elevation_end": 69.8, "quality": "measured", "structure": "normal", "chain_rank": 0, "cum_dist_start": 10200.0, "cum_dist_end": 10250.0, "anomaly": false}, "geometry": {"type": "LineString", "coordinates": [[139.6363970835236, 35.25629183680205], [139.6365673152548, 35.256114977481005], [139.63673754698598, 35.25593811815996]]}}, {"type": "Feature", "properties": {"id": "横浜横須賀道路-下り-0-205", "route": "横浜横須賀道路", "direction": "下り", "from": "横須賀", "to": "横須賀ＰＡ", "grade": -2.33, "elevation_start": 69.8, "elevation_end": 68.6, "quality": "measured", "structure": "normal", "chain_rank": 0, "cum_dist_start": 10250.0, "cum_dist_end": 10300.0, "anomaly": false}, "geometry": {"type": "LineString", "coordinates": [[139.63673754698598, 35.25593811815996], [139.63690791243337, 35.255761345924746], [139.63707829533294, 35.25558458505568]]}}, {"type": "Feature", "properties": {"id": "横浜横須賀道路-下り-0-206", "route": "横浜横須賀道路", "direction": "下り", "from": "横須賀", "to": "横須賀ＰＡ", "grade": -2.55, "elevation_start": 68.6, "elevation_end": 67.3, "quality": "measured", "structure": "normal", "chain_rank": 0, "cum_dist_start": 10300.0, "cum_dist_end": 10350.0, "anomaly": false}, "geometry": {"type": "LineString", "coordinates": [[139.63707829533294, 35.25558458505568], [139.63725926448177, 35.25541508937454], [139.63744129340685, 35.25524632100232]]}}, {"type": "Feature", "properties": {"id": "横浜横須賀道路-下り-0-207", "route": "横浜横須賀道路", "direction": "下り", "from": "横須賀", "to": "横須賀ＰＡ", "grade": -2.49, "elevation_start": 67.3, "elevation_end": 66.1, "quality": "measured", "structure": "normal", "chain_rank": 0, "cum_dist_start": 10350.0, "cum_dist_end": 10400.0, "anomaly": false}, "geometry": {"type": "LineString", "coordinates": [[139.63744129340685, 35.25524632100232], [139.63762332233193, 35.2550775526301], [139.63780535125701, 35.25490878425788]]}}, {"type": "Feature", "properties": {"id": "横浜横須賀道路-下り-0-208", "route": "横浜横須賀道路", "direction": "下り", "from": "横須賀", "to": "横須賀ＰＡ", "grade": -2.55, "elevation_start": 66.1, "elevation_end": 64.8, "quality": "measured", "structure": "normal", "chain_rank": 0, "cum_dist_start": 10400.0, "cum_dist_end": 10450.0, "anomaly": false}, "geometry": {"type": "LineString", "coordinates": [[139.63780535125701, 35.25490878425788], [139.6379913022115, 35.254742921384064], [139.63817742754497, 35.25457718769281]]}}, {"type": "Feature", "properties": {"id": "横浜横須賀道路-下り-0-209", "route": "横浜横須賀道路", "direction": "下り", "from": "横須賀", "to": "横須賀ＰＡ", "grade": -2.43, "elevation_start": 64.8, "elevation_end": 63.6, "quality": "measured", "structure": "normal", "chain_rank": 0, "cum_dist_start": 10450.0, "cum_dist_end": 10500.0, "anomaly": false}, "geometry": {"type": "LineString", "coordinates": [[139.63817742754497, 35.25457718769281], [139.63836355287845, 35.25441145400156], [139.63854967821192, 35.25424572031031]]}}, {"type": "Feature", "properties": {"id": "横浜横須賀道路-下り-0-210", "route": "横浜横須賀道路", "direction": "下り", "from": "横須賀", "to": "横須賀ＰＡ", "grade": -1.68, "elevation_start": 63.6, "elevation_end": 62.8, "quality": "measured", "structure": "normal", "chain_rank": 0, "cum_dist_start": 10500.0, "cum_dist_end": 10550.0, "anomaly": false}, "geometry": {"type": "LineString", "coordinates": [[139.63854967821192, 35.25424572031031], [139.6387363411964, 35.25408040290699], [139.63892725377877, 35.25391837584685]]}}, {"type": "Feature", "properties": {"id": "横浜横須賀道路-下り-0-211", "route": "横浜横須賀道路", "direction": "下り", "from": "横須賀", "to": "横須賀ＰＡ", "grade": -1.43, "elevation_start": 62.8, "elevation_end": 62.1, "quality": "measured", "structure": "normal", "chain_rank": 0, "cum_dist_start": 10550.0, "cum_dist_end": 10600.0, "anomaly": false}, "geometry": {"type": "LineString", "coordinates": [[139.63892725377877, 35.25391837584685], [139.63911816636113, 35.25375634878671], [139.6393090789435, 35.25359432172656]]}}, {"type": "Feature", "properties": {"id": "横浜横須賀道路-下り-0-212", "route": "横浜横須賀道路", "direction": "下り", "from": "横須賀", "to": "横須賀ＰＡ", "grade": -1.19, "elevation_start": 62.1, "elevation_end": 61.5, "quality": "measured", "structure": "normal", "chain_rank": 0, "cum_dist_start": 10600.0, "cum_dist_end": 10650.0, "anomaly": false}, "geometry": {"type": "LineString", "coordinates": [[139.6393090789435, 35.25359432172656], [139.639500037998, 35.253432332420616], [139.63969564103363, 35.25327411590952]]}}, {"type": "Feature", "properties": {"id": "横浜横須賀道路-下り-0-213", "route": "横浜横須賀道路", "direction": "下り", "from": "横須賀", "to": "横須賀ＰＡ", "grade": -0.86, "elevation_start": 61.5, "elevation_end": 61.0, "quality": "measured", "structure": "normal", "chain_rank": 0, "cum_dist_start": 10650.0, "cum_dist_end": 10700.0, "anomaly": false}, "geometry": {"type": "LineString", "coordinates": [[139.63969564103363, 35.25327411590952], [139.63989124406925, 35.25311589939842], [139.64008684710487, 35.25295768288733]]}}, {"type": "Feature", "properties": {"id": "横浜横須賀道路-下り-0-214", "route": "横浜横須賀道路", "direction": "下り", "from": "横須賀", "to": "横須賀ＰＡ", "grade": -0.02, "elevation_start": 61.0, "elevation_end": 61.0, "quality": "measured", "structure": "normal", "chain_rank": 0, "cum_dist_start": 10700.0, "cum_dist_end": 10750.0, "anomaly": false}, "geometry": {"type": "LineString", "coordinates": [[139.64008684710487, 35.25295768288733], [139.64028245014046, 35.25279946637623], [139.64047805317608, 35.252641249865135]]}}, {"type": "Feature", "properties": {"id": "横浜横須賀道路-下り-0-215", "route": "横浜横須賀道路", "direction": "下り", "from": "横須賀", "to": "横須賀ＰＡ", "grade": 0.11, "elevation_start": 61.0, "elevation_end": 61.1, "quality": "measured", "structure": "normal", "chain_rank": 0, "cum_dist_start": 10750.0, "cum_dist_end": 10800.0, "anomaly": false}, "geometry": {"type": "LineString", "coordinates": [[139.64047805317608, 35.252641249865135], [139.6406713477631, 35.252481151225176], [139.64086318030908, 35.25231986055104]]}}, {"type": "Feature", "properties": {"id": "横浜横須賀道路-下り-0-216", "route": "横浜横須賀道路", "direction": "下り", "from": "横須賀", "to": "横須賀ＰＡ", "grade": 0.56, "elevation_start": 61.1, "elevation_end": 61.4, "quality": "measured", "structure": "normal", "chain_rank": 0, "cum_dist_start": 10800.0, "cum_dist_end": 10850.0, "anomaly": false}, "geometry": {"type": "LineString", "coordinates": [[139.64086318030908, 35.25231986055104], [139.64105501285508, 35.252158569876904], [139.64124684540107, 35.25199727920277]]}}, {"type": "Feature", "properties": {"id": "横浜横須賀道路-下り-0-217", "route": "横浜横須賀道路", "direction": "下り", "from": "横須賀", "to": "横須賀ＰＡ", "grade": 0.94, "elevation_start": 61.4, "elevation_end": 61.8, "quality": "measured", "structure": "normal", "chain_rank": 0, "cum_dist_start": 10850.0, "cum_dist_end": 10900.0, "anomaly": false}, "geometry": {"type": "LineString", "coordinates": [[139.64124684540107, 35.25199727920277], [139.64143867794706, 35.25183598852863], [139.64163051049306, 35.2516746978545]]}}, {"type": "Feature", "properties": {"id": "横浜横須賀道路-下り-0-218", "route": "横浜横須賀道路", "direction": "下り", "from": "横須賀PA", "to": "衣笠ＩＣ", "grade": 1.26, "elevation_start": 61.8, "elevation_end": 62.5, "quality": "measured", "structure": "normal", "chain_rank": 0, "cum_dist_start": 10900.0, "cum_dist_end": 10950.0, "anomaly": false}, "geometry": {"type": "LineString", "coordinates": [[139.64163051049306, 35.2516746978545], [139.64182234303905, 35.25151340718036], [139.64201417558505, 35.25135211650623]]}}, {"type": "Feature", "properties": {"id": "横浜横須賀道路-下り-0-219", "route": "横浜横須賀道路", "direction": "下り", "from": "横須賀PA", "to": "衣笠ＩＣ", "grade": 1.86, "elevation_start": 62.5, "elevation_end": 63.4, "quality": "measured", "structure": "normal", "chain_rank": 0, "cum_dist_start": 10950.0, "cum_dist_end": 11000.0, "anomaly": false}, "geometry": {"type": "LineString", "coordinates": [[139.64201417558505, 35.25135211650623], [139.64220600813104, 35.2511908258321], [139.64239789250513, 35.25102957705028]]}}, {"type": "Feature", "properties": {"id": "横浜横須賀道路-下り-0-220", "route": "横浜横須賀道路", "direction": "下り", "from": "横須賀PA", "to": "衣笠ＩＣ", "grade": 2.05, "elevation_start": 63.4, "elevation_end": 64.4, "quality": "measured", "structure": "normal", "chain_rank": 0, "cum_dist_start": 11000.0, "cum_dist_end": 11050.0, "anomaly": false}, "geometry": {"type": "LineString", "coordinates": [[139.64239789250513, 35.25102957705028], [139.64259007098303, 35.2508685659907], [139.6427822494609, 35.25070755493111]]}}, {"type": "Feature", "properties": {"id": "横浜横須賀道路-下り-0-221", "route": "横浜横須賀道路", "direction": "下り", "from": "横須賀PA", "to": "衣笠ＩＣ", "grade": 2.61, "elevation_start": 64.4, "elevation_end": 65.7, "quality": "measured", "structure": "normal", "chain_rank": 0, "cum_dist_start": 11050.0, "cum_dist_end": 11100.0, "anomaly": false}, "geometry": {"type": "LineString", "coordinates": [[139.6427822494609, 35.25070755493111], [139.6429744279388, 35.25054654387153], [139.6431666064167, 35.25038553281194]]}}, {"type": "Feature", "properties": {"id": "横浜横須賀道路-下り-0-222", "route": "横浜横須賀道路", "direction": "下り", "from": "横須賀PA", "to": "衣笠ＩＣ", "grade": 2.91, "elevation_start": 65.7, "elevation_end": 67.2, "quality": "measured", "structure": "normal", "chain_rank": 0, "cum_dist_start": 11100.0, "cum_dist_end": 11150.0, "anomaly": false}, "geometry": {"type": "LineString", "coordinates": [[139.6431666064167, 35.25038553281194], [139.64335878489462, 35.25022452175235], [139.64355123419406, 35.25006372962771]]}}, {"type": "Feature", "properties": {"id": "横浜横須賀道路-下り-0-223", "route": "横浜横須賀道路", "direction": "下り", "from": "横須賀PA", "to": "衣笠ＩＣ", "grade": 2.68, "elevation_start": 67.2, "elevation_end": 68.5, "quality": "measured", "structure": "normal", "chain_rank": 0, "cum_dist_start": 11150.0, "cum_dist_end": 11200.0, "anomaly": false}, "geometry": {"type": "LineString", "coordinates": [[139.64355123419406, 35.25006372962771], [139.6437439689374, 35.249903168258896], [139.64393670368077, 35.24974260689008]]}}, {"type": "Feature", "properties": {"id": "横浜横須賀道路-下り-0-224", "route": "横浜横須賀道路", "direction": "下り", "from": "横須賀PA", "to": "衣笠ＩＣ", "grade": 2.15, "elevation_start": 68.5, "elevation_end": 69.6, "quality": "measured", "structure": "normal", "chain_rank": 0, "cum_dist_start": 11200.0, "cum_dist_end": 11250.0, "anomaly": false}, "geometry": {"type": "LineString", "coordinates": [[139.64393670368077, 35.24974260689008], [139.6441294384241, 35.249582045521265], [139.64432217316747, 35.24942148415245]]}}, {"type": "Feature", "properties": {"id": "横浜横須賀道路-下り-0-225", "route": "横浜横須賀道路", "direction": "下り", "from": "横須賀PA", "to": "衣笠ＩＣ", "grade": 1.87, "elevation_start": 69.6, "elevation_end": 70.5, "quality": "measured", "structure": "normal", "chain_rank": 0, "cum_dist_start": 11250.0, "cum_dist_end": 11300.0, "anomaly": false}, "geometry": {"type": "LineString", "coordinates": [[139.64432217316747, 35.24942148415245], [139.64451668741472, 35.249262414935906], [139.64471655138536, 35.24910783157738]]}}, {"type": "Feature", "properties": {"id": "横浜横須賀道路-下り-0-226", "route": "横浜横須賀道路", "direction": "下り", "from": "横須賀PA", "to": "衣笠ＩＣ", "grade": 1.59, "elevation_start": 70.5, "elevation_end": 71.3, "quality": "measured", "structure": "normal", "chain_rank": 0, "cum_dist_start": 11300.0, "cum_dist_end": 11350.0, "anomaly": false}, "geometry": {"type": "LineString", "coordinates": [[139.64471655138536, 35.24910783157738], [139.644916415356, 35.248953248218854], [139.6451162793266, 35.24879866486033]]}}, {"type": "Feature", "properties": {"id": "横浜横須賀道路-下り-0-227", "route": "横浜横須賀道路", "direction": "下り", "from": "横須賀PA", "to": "衣笠ＩＣ", "grade": 1.11, "elevation_start": 71.3, "elevation_end": 71.9, "quality": "measured", "structure": "normal", "chain_rank": 0, "cum_dist_start": 11350.0, "cum_dist_end": 11400.0, "anomaly": false}, "geometry": {"type": "LineString", "coordinates": [[139.6451162793266, 35.24879866486033], [139.64531614329724, 35.2486440815018], [139.64552109341565, 35.24849406784262]]}}, {"type": "Feature", "properties": {"id": "横浜横須賀道路-下り-0-228", "route": "横浜横須賀道路", "direction": "下り", "from": "横須賀PA", "to": "衣笠ＩＣ", "grade": 0.88, "elevation_start": 71.9, "elevation_end": 72.3, "quality": "measured", "structure": "normal", "chain_rank": 0, "cum_dist_start": 11400.0, "cum_dist_end": 11450.0, "anomaly": false}, "geometry": {"type": "LineString", "coordinates": [[139.64552109341565, 35.24849406784262], [139.6457268466962, 35.24834477579231], [139.64593259997676, 35.24819548374201]]}}, {"type": "Feature", "properties": {"id": "横浜横須賀道路-下り-0-229", "route": "横浜横須賀道路", "direction": "下り", "from": "横須賀PA", "to": "衣笠ＩＣ", "grade": 0.41, "elevation_start": 72.3, "elevation_end": 72.5, "quality": "measured", "structure": "normal", "chain_rank": 0, "cum_dist_start": 11450.0, "cum_dist_end": 11500.0, "anomaly": false}, "geometry": {"type": "LineString", "coordinates": [[139.64593259997676, 35.24819548374201], [139.6461412242519, 35.24804892324915], [139.64635147469198, 35.24790390994242]]}}, {"type": "Feature", "properties": {"id": "横浜横須賀道路-下り-0-230", "route": "横浜横須賀道路", "direction": "下り", "from": "横須賀PA", "to": "衣笠ＩＣ", "grade": 0.0, "elevation_start": 72.5, "elevation_end": 72.5, "quality": "measured", "structure": "normal", "chain_rank": 0, "cum_dist_start": 11500.0, "cum_dist_end": 11550.0, "anomaly": false}, "geometry": {"type": "LineString", "coordinates": [[139.64635147469198, 35.24790390994242], [139.64656306593938, 35.24776024659273], [139.6467786428721, 35.247620596126865]]}}, {"type": "Feature", "properties": {"id": "横浜横須賀道路-下り-0-231", "route": "横浜横須賀道路", "direction": "下り", "from": "横須賀PA", "to": "衣笠ＩＣ", "grade": -0.18, "elevation_start": 72.5, "elevation_end": 72.4, "quality": "measured", "structure": "normal", "chain_rank": 0, "cum_dist_start": 11550.0, "cum_dist_end": 11600.0, "anomaly": false}, "geometry": {"type": "LineString", "coordinates": [[139.6467786428721, 35.247620596126865], [139.64699421980487, 35.247480945661], [139.64721479611904, 35.24734665873868]]}}, {"type": "Feature", "properties": {"id": "横浜横須賀道路-下り-0-232", "route": "横浜横須賀道路", "direction": "下り", "from": "横須賀PA", "to": "衣笠ＩＣ", "grade": -0.93, "elevation_start": 72.4, "elevation_end": 72.0, "quality": "measured", "structure": "normal", "chain_rank": 0, "cum_dist_start": 11600.0, "cum_dist_end": 11650.0, "anomaly": false}, "geometry": {"type": "LineString", "coordinates": [[139.64721479611904, 35.24734665873868], [139.64743555213977, 35.247212564613], [139.64765730029848, 35.24707961551151]]}}, {"type": "Feature", "properties": {"id": "横浜横須賀道路-下り-0-233", "route": "横浜横須賀道路", "direction": "下り", "from": "横須賀PA", "to": "衣笠ＩＣ", "grade": -1.08, "elevation_start": 72.0, "elevation_end": 71.4, "quality": "measured", "structure": "normal", "chain_rank": 0, "cum_dist_start": 11650.0, "cum_dist_end": 11700.0, "anomaly": false}, "geometry": {"type": "LineString", "coordinates": [[139.64765730029848, 35.24707961551151], [139.64788420716843, 35.24695262006714], [139.64811111403841, 35.24682562462277]]}}, {"type": "Feature", "properties": {"id": "横浜横須賀道路-下り-0-234", "route": "横浜横須賀道路", "direction": "下り", "from": "横須賀PA", "to": "衣笠ＩＣ", "grade": -1.36, "elevation_start": 71.4, "elevation_end": 70.7, "quality": "measured", "structure": "normal", "chain_rank": 0, "cum_dist_start": 11700.0, "cum_dist_end": 11750.0, "anomaly": false}, "geometry": {"type": "LineString", "coordinates": [[139.64811111403841, 35.24682562462277], [139.6483380209084, 35.24669862917841], [139.64856492777838, 35.24657163373404]]}}, {"type": "Feature", "properties": {"id": "横浜横須賀道路-下り-0-235", "route": "横浜横須賀道路", "direction": "下り", "from": "横須賀PA", "to": "衣笠ＩＣ", "grade": -1.9, "elevation_start": 70.7, "elevation_end": 69.8, "quality": "measured", "structure": "normal", "chain_rank": 0, "cum_dist_start": 11750.0, "cum_dist_end": 11800.0, "anomaly": false}, "geometry": {"type": "LineString", "coordinates": [[139.64856492777838, 35.24657163373404], [139.64879474163257, 35.246448242642785], [139.6490258840063, 35.24632649877532]]}}, {"type": "Feature", "properties": {"id": "横浜横須賀道路-下り-0-236", "route": "横浜横須賀道路", "direction": "下り", "from": "横須賀PA", "to": "衣笠ＩＣ", "grade": -2.24, "elevation_start": 69.8, "elevation_end": 68.7, "quality": "measured", "structure": "normal", "chain_rank": 0, "cum_dist_start": 11800.0, "cum_dist_end": 11850.0, "anomaly": false}, "geometry": {"type": "LineString", "coordinates": [[139.6490258840063, 35.24632649877532], [139.64925702638004, 35.24620475490785], [139.64948816875378, 35.24608301104038]]}}, {"type": "Feature", "properties": {"id": "横浜横須賀道路-下り-0-237", "route": "横浜横須賀道路", "direction": "下り", "from": "横須賀PA", "to": "衣笠ＩＣ", "grade": -2.54, "elevation_start": 68.7, "elevation_end": 67.4, "quality": "measured", "structure": "normal", "chain_rank": 0, "cum_dist_start": 11850.0, "cum_dist_end": 11900.0, "anomaly": false}, "geometry": {"type": "LineString", "coordinates": [[139.64948816875378, 35.24608301104038], [139.6497193111275, 35.245961267172916], [139.64995045350125, 35.24583952330545]]}}, {"type": "Feature", "properties": {"id": "横浜横須賀道路-下り-0-238", "route": "横浜横須賀道路", "direction": "下り", "from": "横須賀PA", "to": "衣笠ＩＣ", "grade": -3.16, "elevation_start": 67.4, "elevation_end": 65.8, "quality": "measured", "structure": "normal", "chain_rank": 0, "cum_dist_start": 11900.0, "cum_dist_end": 11950.0, "anomaly": false}, "geometry": {"type": "LineString", "coordinates": [[139.64995045350125, 35.24583952330545], [139.65018159587498, 35.24571777943798], [139.6504127382487, 35.245596035570514]]}}, {"type": "Feature", "properties": {"id": "横浜横須賀道路-下り-0-239", "route": "横浜横須賀道路", "direction": "下り", "from": "横須賀PA", "to": "衣笠ＩＣ", "grade": -2.54, "elevation_start": 65.8, "elevation_end": 64.5, "quality": "measured", "structure": "normal", "chain_rank": 0, "cum_dist_start": 11950.0, "cum_dist_end": 12000.0, "anomaly": false}, "geometry": {"type": "LineString", "coordinates": [[139.6504127382487, 35.245596035570514], [139.65064355908743, 35.245473884591355], [139.6508742621652, 35.24535158450911]]}}, {"type": "Feature", "properties": {"id": "横浜横須賀道路-下り-0-240", "route": "横浜横須賀道路", "direction": "下り", "from": "横須賀PA", "to": "衣笠ＩＣ", "grade": -2.75, "elevation_start": 64.5, "elevation_end": 63.2, "quality": "measured", "structure": "normal", "chain_rank": 0, "cum_dist_start": 12000.0, "cum_dist_end": 12050.0, "anomaly": false}, "geometry": {"type": "LineString", "coordinates": [[139.6508742621652, 35.24535158450911], [139.65110496524295, 35.24522928442686], [139.6513356683207, 35.24510698434461]]}}, {"type": "Feature", "properties": {"id": "横浜横須賀道路-下り-0-241", "route": "横浜横須賀道路", "direction": "下り", "from": "横須賀PA", "to": "衣笠ＩＣ", "grade": -2.85, "elevation_start": 63.2, "elevation_end": 61.7, "quality": "measured", "structure": "normal", "chain_rank": 0, "cum_dist_start": 12050.0, "cum_dist_end": 12100.0, "anomaly": false}, "geometry": {"type": "LineString", "coordinates": [[139.6513356683207, 35.24510698434461], [139.65156637139847, 35.24498468426236], [139.65179707447624, 35.24486238418012]]}}, {"type": "Feature", "properties": {"id": "横浜横須賀道路-下り-0-242", "route": "横浜横須賀道路", "direction": "下り", "from": "横須賀PA", "to": "衣笠ＩＣ", "grade": -2.76, "elevation_start": 61.7, "elevation_end": 60.4, "quality": "measured", "structure": "normal", "chain_rank": 0, "cum_dist_start": 12100.0, "cum_dist_end": 12150.0, "anomaly": false}, "geometry": {"type": "LineString", "coordinates": [[139.65179707447624, 35.24486238418012], [139.652027777554, 35.24474008409787], [139.65225853670893, 35.24461785820315]]}}, {"type": "Feature", "properties": {"id": "横浜横須賀道路-下り-0-243", "route": "横浜横須賀道路", "direction": "下り", "from": "横須賀PA", "to": "衣笠ＩＣ", "grade": -1.21, "elevation_start": 60.4, "elevation_end": 59.8, "quality": "measured", "structure": "normal", "chain_rank": 0, "cum_dist_start": 12150.0, "cum_dist_end": 12200.0, "anomaly": false}, "geometry": {"type": "LineString", "coordinates": [[139.65225853670893, 35.24461785820315], [139.65248931580697, 35.24449565869223], [139.65272009490502, 35.24437345918131]]}}, {"type": "Feature", "properties": {"id": "横浜横須賀道路-下り-0-244", "route": "横浜横須賀道路", "direction": "下り", "from": "横須賀PA", "to": "衣笠ＩＣ", "grade": -1.22, "elevation_start": 59.8, "elevation_end": 59.1, "quality": "measured", "structure": "normal", "chain_rank": 0, "cum_dist_start": 12200.0, "cum_dist_end": 12250.0, "anomaly": false}, "geometry": {"type": "LineString", "coordinates": [[139.65272009490502, 35.24437345918131], [139.65295087400307, 35.244251259670385], [139.6531816531011, 35.244129060159466]]}}, {"type": "Feature", "properties": {"id": "横浜横須賀道路-下り-0-245", "route": "横浜横須賀道路", "direction": "下り", "from": "横須賀PA", "to": "衣笠ＩＣ", "grade": -2.63, "elevation_start": 59.1, "elevation_end": 57.8, "quality": "estimated", "structure": "normal", "chain_rank": 0, "cum_dist_start": 12250.0, "cum_dist_end": 12300.0, "anomaly": false}, "geometry": {"type": "LineString", "coordinates": [[139.6531816531011, 35.244129060159466], [139.65341243219913, 35.24400686064855], [139.65364321129718, 35.24388466113762]]}}, {"type": "Feature", "properties": {"id": "横浜横須賀道路-下り-0-246", "route": "横浜横須賀道路", "direction": "下り", "from": "横須賀PA", "to": "衣笠ＩＣ", "grade": -2.63, "elevation_start": 57.8, "elevation_end": 56.5, "quality": "estimated", "structure": "normal", "chain_rank": 0, "cum_dist_start": 12300.0, "cum_dist_end": 12350.0, "anomaly": false}, "geometry": {"type": "LineString", "coordinates": [[139.65364321129718, 35.24388466113762], [139.6538739903952, 35.2437624616267], [139.65410476949324, 35.24364026211578]]}}, {"type": "Feature", "properties": {"id": "横浜横須賀道路-下り-0-247", "route": "横浜横須賀道路", "direction": "下り", "from": "横須賀PA", "to": "衣笠ＩＣ", "grade": -2.63, "elevation_start": 56.5, "elevation_end": 55.2, "quality": "estimated", "structure": "normal", "chain_rank": 0, "cum_dist_start": 12350.0, "cum_dist_end": 12400.0, "anomaly": false}, "geometry": {"type": "LineString", "coordinates": [[139.65410476949324, 35.24364026211578], [139.6543355485913, 35.243518062604856], [139.6545663276893, 35.24339586309394]]}}, {"type": "Feature", "properties": {"id": "横浜横須賀道路-下り-0-248", "route": "横浜横須賀道路", "direction": "下り", "from": "横須賀PA", "to": "衣笠ＩＣ", "grade": -2.63, "elevation_start": 55.2, "elevation_end": 53.9, "quality": "estimated", "structure": "bridge", "chain_rank": 0, "cum_dist_start": 12400.0, "cum_dist_end": 12450.0, "anomaly": false}, "geometry": {"type": "LineString", "coordinates": [[139.6545663276893, 35.24339586309394], [139.65479734600746, 35.24327397043117], [139.65502870013768, 35.2431525085154]]}}, {"type": "Feature", "properties": {"id": "横浜横須賀道路-下り-0-249", "route": "横浜横須賀道路", "direction": "下り", "from": "横須賀PA", "to": "衣笠ＩＣ", "grade": -2.63, "elevation_start": 53.9, "elevation_end": 52.6, "quality": "estimated", "structure": "bridge", "chain_rank": 0, "cum_dist_start": 12450.0, "cum_dist_end": 12500.0, "anomaly": false}, "geometry": {"type": "LineString", "coordinates": [[139.65502870013768, 35.2431525085154], [139.65526005426793, 35.24303104659963], [139.65549140839818, 35.242909584683865]]}}, {"type": "Feature", "properties": {"id": "横浜横須賀道路-下り-0-250", "route": "横浜横須賀道路", "direction": "下り", "from": "横須賀PA", "to": "衣笠ＩＣ", "grade": -2.63, "elevation_start": 52.6, "elevation_end": 51.3, "quality": "estimated", "structure": "bridge", "chain_rank": 0, "cum_dist_start": 12500.0, "cum_dist_end": 12550.0, "anomaly": false}, "geometry": {"type": "LineString", "coordinates": [[139.65549140839818, 35.242909584683865], [139.65572276252843, 35.24278812276809], [139.6559541386872, 35.24266668967964]]}}, {"type": "Feature", "properties": {"id": "横浜横須賀道路-下り-0-251", "route": "横浜横須賀道路", "direction": "下り", "from": "横須賀PA", "to": "衣笠ＩＣ", "grade": -2.63, "elevation_start": 51.3, "elevation_end": 50.0, "quality": "estimated", "structure": "normal", "chain_rank": 0, "cum_dist_start": 12550.0, "cum_dist_end": 12600.0, "anomaly": false}, "geometry": {"type": "LineString", "coordinates": [[139.6559541386872, 35.24266668967964], [139.65618554748997, 35.242545299310294], [139.65641464124835, 35.242420993830095]]}}, {"type": "Feature", "properties": {"id": "横浜横須賀道路-下り-0-252", "route": "横浜横須賀道路", "direction": "下り", "from": "横須賀PA", "to": "衣笠ＩＣ", "grade": -2.63, "elevation_start": 50.0, "elevation_end": 48.6, "quality": "estimated", "structure": "normal", "chain_rank": 0, "cum_dist_start": 12600.0, "cum_dist_end": 12650.0, "anomaly": false}, "geometry": {"type": "LineString", "coordinates": [[139.65641464124835, 35.242420993830095], [139.6566435249238, 35.24229642381284], [139.65687109962673, 35.24217025863808]]}}, {"type": "Feature", "properties": {"id": "横浜横須賀道路-下り-0-253", "route": "横浜横須賀道路", "direction": "下り", "from": "横須賀PA", "to": "衣笠ＩＣ", "grade": -2.63, "elevation_start": 48.6, "elevation_end": 47.3, "quality": "estimated", "structure": "normal", "chain_rank": 0, "cum_dist_start": 12650.0, "cum_dist_end": 12700.0, "anomaly": false}, "geometry": {"type": "LineString", "coordinates": [[139.65687109962673, 35.24217025863808], [139.65710494346894, 35.24205209884859], [139.65733972553693, 35.24193515287961]]}}, {"type": "Feature", "properties": {"id": "横浜横須賀道路-下り-0-254", "route": "横浜横須賀道路", "direction": "下り", "from": "横須賀PA", "to": "衣笠ＩＣ", "grade": -0.23, "elevation_start": 47.3, "elevation_end": 47.2, "quality": "estimated", "structure": "normal", "chain_rank": 0, "cum_dist_start": 12700.0, "cum_dist_end": 12750.0, "anomaly": false}, "geometry": {"type": "LineString", "coordinates": [[139.65733972553693, 35.24193515287961], [139.65757496071248, 35.24181882054987], [139.65780924788092, 35.24170121005456]]}}, {"type": "Feature", "properties": {"id": "横浜横須賀道路-下り-0-255", "route": "横浜横須賀道路", "direction": "下り", "from": "横須賀PA", "to": "衣笠ＩＣ", "grade": 0.63, "elevation_start": 47.2, "elevation_end": 47.5, "quality": "measured", "structure": "normal", "chain_rank": 0, "cum_dist_start": 12750.0, "cum_dist_end": 12800.0, "anomaly": false}, "geometry": {"type": "LineString", "coordinates": [[139.65780924788092, 35.24170121005456], [139.65804336127965, 35.241583365271495], [139.6582797208407, 35.2414685821733]]}}, {"type": "Feature", "properties": {"id": "横浜横須賀道路-下り-0-256", "route": "横浜横須賀道路", "direction": "下り", "from": "横須賀PA", "to": "衣笠ＩＣ", "grade": 0.23, "elevation_start": 47.5, "elevation_end": 47.6, "quality": "measured", "structure": "normal", "chain_rank": 0, "cum_dist_start": 12800.0, "cum_dist_end": 12850.0, "anomaly": false}, "geometry": {"type": "LineString", "coordinates": [[139.6582797208407, 35.2414685821733], [139.65851645804113, 35.241354332690655], [139.6587573600404, 35.24124608930723]]}}, {"type": "Feature", "properties": {"id": "横浜横須賀道路-下り-0-257", "route": "横浜横須賀道路", "direction": "下り", "from": "衣笠ＩＣ", "to": "佐原ＩＣ", "grade": -0.89, "elevation_start": 47.6, "elevation_end": 47.2, "quality": "estimated", "structure": "normal", "chain_rank": 0, "cum_dist_start": 12850.0, "cum_dist_end": 12900.0, "anomaly": false}, "geometry": {"type": "LineString", "coordinates": [[139.6587573600404, 35.24124608930723], [139.6589991661314, 35.24113921598202], [139.65924182177392, 35.241033648211385]]}}, {"type": "Feature", "properties": {"id": "横浜横須賀道路-下り-0-258", "route": "横浜横須賀道路", "direction": "下り", "from": "衣笠ＩＣ", "to": "佐原ＩＣ", "grade": -1.33, "elevation_start": 47.2, "elevation_end": 46.5, "quality": "estimated", "structure": "normal", "chain_rank": 0, "cum_dist_start": 12900.0, "cum_dist_end": 12950.0, "anomaly": false}, "geometry": {"type": "LineString", "coordinates": [[139.65924182177392, 35.241033648211385], [139.65948518687532, 35.24092918044015], [139.65973024631626, 35.24082743125123]]}}, {"type": "Feature", "properties": {"id": "横浜横須賀道路-下り-0-259", "route": "横浜横須賀道路", "direction": "下り", "from": "衣笠ＩＣ", "to": "佐原ＩＣ", "grade": -1.33, "elevation_start": 46.5, "elevation_end": 45.9, "quality": "estimated", "structure": "normal", "chain_rank": 0, "cum_dist_start": 12950.0, "cum_dist_end": 13000.0, "anomaly": false}, "geometry": {"type": "LineString", "coordinates": [[139.65973024631626, 35.24082743125123], [139.65997800765462, 35.24073017196553], [139.6602271798607, 35.24063539481017]]}}, {"type": "Feature", "properties": {"id": "横浜横須賀道路-下り-0-260", "route": "横浜横須賀道路", "direction": "下り", "from": "衣笠ＩＣ", "to": "佐原ＩＣ", "grade": -1.33, "elevation_start": 45.9, "elevation_end": 45.2, "quality": "estimated", "structure": "bridge", "chain_rank": 0, "cum_dist_start": 13000.0, "cum_dist_end": 13050.0, "anomaly": false}, "geometry": {"type": "LineString", "coordinates": [[139.6602271798607, 35.24063539481017], [139.66047780749685, 35.24054321442112], [139.66072964416142, 35.24045329753323]]}}, {"type": "Feature", "properties": {"id": "横浜横須賀道路-下り-0-261", "route": "横浜横須賀道路", "direction": "下り", "from": "衣笠ＩＣ", "to": "佐原ＩＣ", "grade": -1.33, "elevation_start": 45.2, "elevation_end": 44.5, "quality": "estimated", "structure": "bridge", "chain_rank": 0, "cum_dist_start": 13050.0, "cum_dist_end": 13100.0, "anomaly": false}, "geometry": {"type": "LineString", "coordinates": [[139.66072964416142, 35.24045329753323], [139.66098377926053, 35.240367819331404], [139.66123791435965, 35.240282341129586]]}}, {"type": "Feature", "properties": {"id": "横浜横須賀道路-下り-0-262", "route": "横浜横須賀道路", "direction": "下り", "from": "衣笠ＩＣ", "to": "佐原ＩＣ", "grade": -1.33, "elevation_start": 44.5, "elevation_end": 43.9, "quality": "estimated", "structure": "bridge", "chain_rank": 0, "cum_dist_start": 13100.0, "cum_dist_end": 13150.0, "anomaly": false}, "geometry": {"type": "LineString", "coordinates": [[139.66123791435965, 35.240282341129586], [139.66149424502382, 35.2402014835443], [139.66175183398872, 35.24012327408142]]}}, {"type": "Feature", "properties": {"id": "横浜横須賀道路-下り-0-263", "route": "横浜横須賀道路", "direction": "下り", "from": "衣笠ＩＣ", "to": "佐原ＩＣ", "grade": -1.33, "elevation_start": 43.9, "elevation_end": 43.2, "quality": "estimated", "structure": "bridge", "chain_rank": 0, "cum_dist_start": 13150.0, "cum_dist_end": 13200.0, "anomaly": false}, "geometry": {"type": "LineString", "coordinates": [[139.66175183398872, 35.24012327408142], [139.6620105024973, 35.2400475111189], [139.66226943256805, 35.23997234363998]]}}, {"type": "Feature", "properties": {"id": "横浜横須賀道路-下り-0-264", "route": "横浜横須賀道路", "direction": "下り", "from": "衣笠ＩＣ", "to": "佐原ＩＣ", "grade": -1.33, "elevation_start": 43.2, "elevation_end": 42.5, "quality": "estimated", "structure": "normal", "chain_rank": 0, "cum_dist_start": 13200.0, "cum_dist_end": 13250.0, "anomaly": false}, "geometry": {"type": "LineString", "coordinates": [[139.66226943256805, 35.23997234363998], [139.66253000539103, 35.23990114271248], [139.6627917740278, 35.239832912956246]]}}, {"type": "Feature", "properties": {"id": "横浜横須賀道路-下り-0-265", "route": "横浜横須賀道路", "direction": "下り", "from": "衣笠ＩＣ", "to": "佐原ＩＣ", "grade": -1.33, "elevation_start": 42.5, "elevation_end": 41.9, "quality": "estimated", "structure": "normal", "chain_rank": 0, "cum_dist_start": 13250.0, "cum_dist_end": 13300.0, "anomaly": false}, "geometry": {"type": "LineString", "coordinates": [[139.6627917740278, 35.239832912956246], [139.6630528743197, 35.23976298566339], [139.66331388441634, 35.23969282928248]]}}, {"type": "Feature", "properties": {"id": "横浜横須賀道路-下り-0-266", "route": "横浜横須賀道路", "direction": "下り", "from": "衣笠ＩＣ", "to": "佐原ＩＣ", "grade": -1.33, "elevation_start": 41.9, "elevation_end": 41.2, "quality": "estimated", "structure": "normal", "chain_rank": 0, "cum_dist_start": 13300.0, "cum_dist_end": 13350.0, "anomaly": false}, "geometry": {"type": "LineString", "coordinates": [[139.66331388441634, 35.23969282928248], [139.66357489451295, 35.239622672901575], [139.66383590460958, 35.23955251652067]]}}, {"type": "Feature", "properties": {"id": "横浜横須賀道路-下り-0-267", "route": "横浜横須賀道路", "direction": "下り", "from": "衣笠ＩＣ", "to": "佐原ＩＣ", "grade": -0.47, "elevation_start": 41.2, "elevation_end": 41.0, "quality": "measured", "structure": "normal", "chain_rank": 0, "cum_dist_start": 13350.0, "cum_dist_end": 13400.0, "anomaly": false}, "geometry": {"type": "LineString", "coordinates": [[139.66383590460958, 35.23955251652067], [139.6640969147062, 35.23948236013976], [139.66435792480283, 35.23941220375885]]}}, {"type": "Feature", "properties": {"id": "横浜横須賀道路-下り-0-268", "route": "横浜横須賀道路", "direction": "下り", "from": "衣笠ＩＣ", "to": "佐原ＩＣ", "grade": -0.46, "elevation_start": 41.0, "elevation_end": 40.7, "quality": "measured", "structure": "normal", "chain_rank": 0, "cum_dist_start": 13400.0, "cum_dist_end": 13450.0, "anomaly": false}, "geometry": {"type": "LineString", "coordinates": [[139.66435792480283, 35.23941220375885], [139.66461914273893, 35.239342573077415], [139.66488036997177, 35.239272965910686]]}}, {"type": "Feature", "properties": {"id": "横浜横須賀道路-下り-0-269", "route": "横浜横須賀道路", "direction": "下り", "from": "衣笠ＩＣ", "to": "佐原ＩＣ", "grade": -0.75, "elevation_start": 40.7, "elevation_end": 40.4, "quality": "measured", "structure": "normal", "chain_rank": 0, "cum_dist_start": 13450.0, "cum_dist_end": 13500.0, "anomaly": false}, "geometry": {"type": "LineString", "coordinates": [[139.66488036997177, 35.239272965910686], [139.6651415972046, 35.239203358743964], [139.66540282443745, 35.239133751577235]]}}, {"type": "Feature", "properties": {"id": "横浜横須賀道路-下り-0-270", "route": "横浜横須賀道路", "direction": "下り", "from": "衣笠ＩＣ", "to": "佐原ＩＣ", "grade": -0.49, "elevation_start": 40.4, "elevation_end": 40.1, "quality": "measured", "structure": "normal", "chain_rank": 0, "cum_dist_start": 13500.0, "cum_dist_end": 13550.0, "anomaly": false}, "geometry": {"type": "LineString", "coordinates": [[139.66540282443745, 35.239133751577235], [139.6656640516703, 35.23906414441051], [139.66592514862646, 35.238994212302636]]}}, {"type": "Feature", "properties": {"id": "横浜横須賀道路-下り-0-271", "route": "横浜横須賀道路", "direction": "下り", "from": "衣笠ＩＣ", "to": "佐原ＩＣ", "grade": -0.98, "elevation_start": 40.1, "elevation_end": 39.6, "quality": "estimated", "structure": "normal", "chain_rank": 0, "cum_dist_start": 13550.0, "cum_dist_end": 13600.0, "anomaly": false}, "geometry": {"type": "LineString", "coordinates": [[139.66592514862646, 35.238994212302636], [139.6661862210136, 35.23892421891378], [139.6664472934007, 35.238854225524925]]}}, {"type": "Feature", "properties": {"id": "横浜横須賀道路-下り-0-272", "route": "横浜横須賀道路", "direction": "下り", "from": "衣笠ＩＣ", "to": "佐原ＩＣ", "grade": -1.44, "elevation_start": 39.6, "elevation_end": 38.9, "quality": "estimated", "structure": "normal", "chain_rank": 0, "cum_dist_start": 13600.0, "cum_dist_end": 13650.0, "anomaly": false}, "geometry": {"type": "LineString", "coordinates": [[139.6664472934007, 35.238854225524925], [139.66670836578783, 35.23878423213607], [139.66696943817496, 35.238714238747214]]}}, {"type": "Feature", "properties": {"id": "横浜横須賀道路-下り-0-273", "route": "横浜横須賀道路", "direction": "下り", "from": "衣笠ＩＣ", "to": "佐原ＩＣ", "grade": -1.44, "elevation_start": 38.9, "elevation_end": 38.2, "quality": "estimated", "structure": "normal", "chain_rank": 0, "cum_dist_start": 13650.0, "cum_dist_end": 13700.0, "anomaly": false}, "geometry": {"type": "LineString", "coordinates": [[139.66696943817496, 35.238714238747214], [139.6672305105621, 35.23864424535836], [139.66749158294922, 35.238574251969496]]}}, {"type": "Feature", "properties": {"id": "横浜横須賀道路-下り-0-274", "route": "横浜横須賀道路", "direction": "下り", "from": "衣笠ＩＣ", "to": "佐原ＩＣ", "grade": -1.44, "elevation_start": 38.2, "elevation_end": 37.5, "quality": "estimated", "structure": "bridge", "chain_rank": 0, "cum_dist_start": 13700.0, "cum_dist_end": 13750.0, "anomaly": false}, "geometry": {"type": "LineString", "coordinates": [[139.66749158294922, 35.238574251969496], [139.66775265533636, 35.23850425858064], [139.66801375204275, 35.23843432897043]]}}, {"type": "Feature", "properties": {"id": "横浜横須賀道路-下り-0-275", "route": "横浜横須賀道路", "direction": "下り", "from": "衣笠ＩＣ", "to": "佐原ＩＣ", "grade": -1.44, "elevation_start": 37.5, "elevation_end": 36.8, "quality": "estimated", "structure": "bridge", "chain_rank": 0, "cum_dist_start": 13750.0, "cum_dist_end": 13800.0, "anomaly": false}, "geometry": {"type": "LineString", "coordinates": [[139.66801375204275, 35.23843432897043], [139.66827485845, 35.23836442480113], [139.6685359648572, 35.238294520631825]]}}, {"type": "Feature", "properties": {"id": "横浜横須賀道路-下り-0-276", "route": "横浜横須賀道路", "direction": "下り", "from": "衣笠ＩＣ", "to": "佐原ＩＣ", "grade": -1.44, "elevation_start": 36.8, "elevation_end": 36.0, "quality": "estimated", "structure": "bridge", "chain_rank": 0, "cum_dist_start": 13800.0, "cum_dist_end": 13850.0, "anomaly": false}, "geometry": {"type": "LineString", "coordinates": [[139.6685359648572, 35.238294520631825], [139.6687970712644, 35.238224616462524], [139.66905817767162, 35.23815471229322]]}}, {"type": "Feature", "properties": {"id": "横浜横須賀道路-下り-0-277", "route": "横浜横須賀道路", "direction": "下り", "from": "衣笠ＩＣ", "to": "佐原ＩＣ", "grade": -1.44, "elevation_start": 36.0, "elevation_end": 35.3, "quality": "estimated", "structure": "bridge", "chain_rank": 0, "cum_dist_start": 13850.0, "cum_dist_end": 13900.0, "anomaly": false}, "geometry": {"type": "LineString", "coordinates": [[139.66905817767162, 35.23815471229322], [139.66931975906127, 35.2380860260907], [139.6695817828913, 35.238018474409444]]}}, {"type": "Feature", "properties": {"id": "横浜横須賀道路-下り-0-278", "route": "横浜横須賀道路", "direction": "下り", "from": "衣笠ＩＣ", "to": "佐原ＩＣ", "grade": -1.44, "elevation_start": 35.3, "elevation_end": 34.6, "quality": "estimated", "structure": "bridge", "chain_rank": 0, "cum_dist_start": 13900.0, "cum_dist_end": 13950.0, "anomaly": false}, "geometry": {"type": "LineString", "coordinates": [[139.6695817828913, 35.238018474409444], [139.66984380672133, 35.237950922728196], [139.67010649215857, 35.23788514195087]]}}, {"type": "Feature", "properties": {"id": "横浜横須賀道路-下り-0-279", "route": "横浜横須賀道路", "direction": "下り", "from": "衣笠ＩＣ", "to": "佐原ＩＣ", "grade": -1.44, "elevation_start": 34.6, "elevation_end": 33.9, "quality": "estimated", "structure": "bridge", "chain_rank": 0, "cum_dist_start": 13950.0, "cum_dist_end": 14000.0, "anomaly": false}, "geometry": {"type": "LineString", "coordinates": [[139.67010649215857, 35.23788514195087], [139.67036962419195, 35.23782055656376], [139.6706327562253, 35.23775597117666]]}}, {"type": "Feature", "properties": {"id": "横浜横須賀道路-下り-0-280", "route": "横浜横須賀道路", "direction": "下り", "from": "衣笠ＩＣ", "to": "佐原ＩＣ", "grade": -1.44, "elevation_start": 33.9, "elevation_end": 33.2, "quality": "estimated", "structure": "bridge", "chain_rank": 0, "cum_dist_start": 14000.0, "cum_dist_end": 14050.0, "anomaly": false}, "geometry": {"type": "LineString", "coordinates": [[139.6706327562253, 35.23775597117666], [139.6708982607617, 35.23769849834198], [139.67116482212336, 35.237644201183834]]}}, {"type": "Feature", "properties": {"id": "横浜横須賀道路-下り-0-281", "route": "横浜横須賀道路", "direction": "下り", "from": "衣笠ＩＣ", "to": "佐原ＩＣ", "grade": -1.44, "elevation_start": 33.2, "elevation_end": 32.5, "quality": "estimated", "structure": "normal", "chain_rank": 0, "cum_dist_start": 14050.0, "cum_dist_end": 14100.0, "anomaly": false}, "geometry": {"type": "LineString", "coordinates": [[139.67116482212336, 35.237644201183834], [139.67143237057857, 35.2375932756023], [139.67170063959145, 35.23754517075807]]}}, {"type": "Feature", "properties": {"id": "横浜横須賀道路-下り-0-282", "route": "横浜横須賀道路", "direction": "下り", "from": "衣笠ＩＣ", "to": "佐原ＩＣ", "grade": -1.44, "elevation_start": 32.5, "elevation_end": 31.7, "quality": "estimated", "structure": "normal", "chain_rank": 0, "cum_dist_start": 14100.0, "cum_dist_end": 14150.0, "anomaly": false}, "geometry": {"type": "LineString", "coordinates": [[139.67170063959145, 35.23754517075807], [139.67197064553775, 35.23750389667193], [139.67224116992094, 35.237464968155585]]}}, {"type": "Feature", "properties": {"id": "横浜横須賀道路-下り-0-283", "route": "横浜横須賀道路", "direction": "下り", "from": "佐原ＩＣ", "to": "浦賀ＩＣ", "grade": -1.19, "elevation_start": 31.7, "elevation_end": 31.1, "quality": "estimated", "structure": "normal", "chain_rank": 0, "cum_dist_start": 14150.0, "cum_dist_end": 14200.0, "anomaly": false}, "geometry": {"type": "LineString", "coordinates": [[139.67224116992094, 35.237464968155585], [139.67251336133262, 35.237435060021625], [139.67278606707296, 35.23740836611027]]}}, {"type": "Feature", "properties": {"id": "横浜横須賀道路-下り-0-284", "route": "横浜横須賀道路", "direction": "下り", "from": "佐原ＩＣ", "to": "浦賀ＩＣ", "grade": -0.95, "elevation_start": 31.1, "elevation_end": 30.7, "quality": "measured", "structure": "normal", "chain_rank": 0, "cum_dist_start": 14200.0, "cum_dist_end": 14250.0, "anomaly": false}, "geometry": {"type": "LineString", "coordinates": [[139.67278606707296, 35.23740836611027], [139.6730595638426, 35.23738794190638], [139.6733337796559, 35.237375302482334]]}}, {"type": "Feature", "properties": {"id": "横浜横須賀道路-下り-0-285", "route": "横浜横須賀道路", "direction": "下り", "from": "佐原ＩＣ", "to": "浦賀ＩＣ", "grade": -1.45, "elevation_start": 30.7, "elevation_end": 29.9, "quality": "measured", "structure": "normal", "chain_rank": 0, "cum_dist_start": 14250.0, "cum_dist_end": 14300.0, "anomaly": false}, "geometry": {"type": "LineString", "coordinates": [[139.6733337796559, 35.237375302482334], [139.67360830589985, 35.23736936909239], [139.67388291131493, 35.23736784309886]]}}, {"type": "Feature", "properties": {"id": "横浜横須賀道路-下り-0-286", "route": "横浜横須賀道路", "direction": "下り", "from": "佐原ＩＣ", "to": "浦賀ＩＣ", "grade": -1.89, "elevation_start": 29.9, "elevation_end": 29.0, "quality": "measured", "structure": "normal", "chain_rank": 0, "cum_dist_start": 14300.0, "cum_dist_end": 14350.0, "anomaly": false}, "geometry": {"type": "LineString", "coordinates": [[139.67388291131493, 35.23736784309886], [139.67415748397838, 35.237373037875884], [139.6744318697706, 35.237382986167695]]}}, {"type": "Feature", "properties": {"id": "横浜横須賀道路-下り-0-287", "route": "横浜横須賀道路", "direction": "下り", "from": "佐原ＩＣ", "to": "浦賀ＩＣ", "grade": -2.08, "elevation_start": 29.0, "elevation_end": 28.0, "quality": "measured", "structure": "normal", "chain_rank": 0, "cum_dist_start": 14350.0, "cum_dist_end": 14400.0, "anomaly": false}, "geometry": {"type": "LineString", "coordinates": [[139.6744318697706, 35.237382986167695], [139.67470560975036, 35.23740122685721], [139.67497847273205, 35.23742681574671]]}}, {"type": "Feature", "properties": {"id": "横浜横須賀道路-下り-0-288", "route": "横浜横須賀道路", "direction": "下り", "from": "佐原ＩＣ", "to": "浦賀ＩＣ", "grade": -1.97, "elevation_start": 28.0, "elevation_end": 27.0, "quality": "measured", "structure": "normal", "chain_rank": 0, "cum_dist_start": 14400.0, "cum_dist_end": 14450.0, "anomaly": false}, "geometry": {"type": "LineString", "coordinates": [[139.67497847273205, 35.23742681574671], [139.6752508110856, 35.237455926836795], [139.67552149226037, 35.23749393860249]]}}, {"type": "Feature", "properties": {"id": "横浜横須賀道路-下り-0-289", "route": "横浜横須賀道路", "direction": "下り", "from": "佐原ＩＣ", "to": "浦賀ＩＣ", "grade": -0.94, "elevation_start": 27.0, "elevation_end": 26.5, "quality": "measured", "structure": "normal", "chain_rank": 0, "cum_dist_start": 14450.0, "cum_dist_end": 14500.0, "anomaly": false}, "geometry": {"type": "LineString", "coordinates": [[139.67552149226037, 35.23749393860249], [139.67579162218996, 35.23753460772666], [139.67606033400898, 35.23758122778655]]}}, {"type": "Feature", "properties": {"id": "横浜横須賀道路-下り-0-290", "route": "横浜横須賀道路", "direction": "下り", "from": "佐原ＩＣ", "to": "浦賀ＩＣ", "grade": -1.03, "elevation_start": 26.5, "elevation_end": 26.0, "quality": "measured", "structure": "normal", "chain_rank": 0, "cum_dist_start": 14500.0, "cum_dist_end": 14550.0, "anomaly": false}, "geometry": {"type": "LineString", "coordinates": [[139.67606033400898, 35.23758122778655], [139.67632778764897, 35.237632422353485], [139.67659379832352, 35.23768835873231]]}}, {"type": "Feature", "properties": {"id": "横浜横須賀道路-下り-0-291", "route": "横浜横須賀道路", "direction": "下り", "from": "佐原ＩＣ", "to": "浦賀ＩＣ", "grade": 0.29, "elevation_start": 26.0, "elevation_end": 26.1, "quality": "estimated", "structure": "normal", "chain_rank": 0, "cum_dist_start": 14550.0, "cum_dist_end": 14600.0, "anomaly": false}, "geometry": {"type": "LineString", "coordinates": [[139.67659379832352, 35.23768835873231], [139.67685831259834, 35.23774902368708], [139.6771227685127, 35.237809850948935]]}}, {"type": "Feature", "properties": {"id": "横浜横須賀道路-下り-0-292", "route": "横浜横須賀道路", "direction": "下り", "from": "佐原ＩＣ", "to": "浦賀ＩＣ", "grade": 0.29, "elevation_start": 26.1, "elevation_end": 26.3, "quality": "estimated", "structure": "normal", "chain_rank": 0, "cum_dist_start": 14600.0, "cum_dist_end": 14650.0, "anomaly": false}, "geometry": {"type": "LineString", "coordinates": [[139.6771227685127, 35.237809850948935], [139.67738505419598, 35.23787671387213], [139.6776473398793, 35.23794357679533]]}}, {"type": "Feature", "properties": {"id": "横浜横須賀道路-下り-0-293", "route": "横浜横須賀道路", "direction": "下り", "from": "佐原ＩＣ", "to": "浦賀ＩＣ", "grade": 0.29, "elevation_start": 26.3, "elevation_end": 26.4, "quality": "estimated", "structure": "normal", "chain_rank": 0, "cum_dist_start": 14650.0, "cum_dist_end": 14700.0, "anomaly": false}, "geometry": {"type": "LineString", "coordinates": [[139.6776473398793, 35.23794357679533], [139.67790956038087, 35.2380106126166], [139.67817130602046, 35.23807886494169]]}}, {"type": "Feature", "properties": {"id": "横浜横須賀道路-下り-0-294", "route": "横浜横須賀道路", "direction": "下り", "from": "佐原ＩＣ", "to": "浦賀ＩＣ", "grade": 0.29, "elevation_start": 26.4, "elevation_end": 26.6, "quality": "estimated", "structure": "bridge", "chain_rank": 0, "cum_dist_start": 14700.0, "cum_dist_end": 14750.0, "anomaly": false}, "geometry": {"type": "LineString", "coordinates": [[139.67817130602046, 35.23807886494169], [139.6784266452538, 35.23816096205541], [139.67867787089796, 35.23825152153518]]}}, {"type": "Feature", "properties": {"id": "横浜横須賀道路-下り-0-295", "route": "横浜横須賀道路", "direction": "下り", "from": "佐原ＩＣ", "to": "浦賀ＩＣ", "grade": 0.29, "elevation_start": 26.6, "elevation_end": 26.7, "quality": "estimated", "structure": "bridge", "chain_rank": 0, "cum_dist_start": 14750.0, "cum_dist_end": 14800.0, "anomaly": false}, "geometry": {"type": "LineString", "coordinates": [[139.67867787089796, 35.23825152153518], [139.67893544165958, 35.23832975840769], [139.6791930124212, 35.23840799528019]]}}, {"type": "Feature", "properties": {"id": "横浜横須賀道路-下り-0-296", "route": "横浜横須賀道路", "direction": "下り", "from": "佐原ＩＣ", "to": "浦賀ＩＣ", "grade": 0.29, "elevation_start": 26.7, "elevation_end": 26.9, "quality": "estimated", "structure": "bridge", "chain_rank": 0, "cum_dist_start": 14800.0, "cum_dist_end": 14850.0, "anomaly": false}, "geometry": {"type": "LineString", "coordinates": [[139.6791930124212, 35.23840799528019], [139.6794496468637, 35.2384882768972], [139.67970625288675, 35.23856862057701]]}}, {"type": "Feature", "properties": {"id": "横浜横須賀道路-下り-0-297", "route": "横浜横須賀道路", "direction": "下り", "from": "佐原ＩＣ", "to": "浦賀ＩＣ", "grade": 0.29, "elevation_start": 26.9, "elevation_end": 27.0, "quality": "estimated", "structure": "bridge", "chain_rank": 0, "cum_dist_start": 14850.0, "cum_dist_end": 14900.0, "anomaly": false}, "geometry": {"type": "LineString", "coordinates": [[139.67970625288675, 35.23856862057701], [139.67996239915183, 35.238649922354554], [139.68021687789454, 35.23873469911189]]}}, {"type": "Feature", "properties": {"id": "横浜横須賀道路-下り-0-298", "route": "横浜横須賀道路", "direction": "下り", "from": "佐原ＩＣ", "to": "浦賀ＩＣ", "grade": 0.29, "elevation_start": 27.0, "elevation_end": 27.2, "quality": "estimated", "structure": "bridge", "chain_rank": 0, "cum_dist_start": 14900.0, "cum_dist_end": 14950.0, "anomaly": false}, "geometry": {"type": "LineString", "coordinates": [[139.68021687789454, 35.23873469911189], [139.68046957946933, 35.2388229699545], [139.68072166354213, 35.23891243138194]]}}, {"type": "Feature", "properties": {"id": "横浜横須賀道路-下り-0-299", "route": "横浜横須賀道路", "direction": "下り", "from": "佐原ＩＣ", "to": "浦賀ＩＣ", "grade": 0.29, "elevation_start": 27.2, "elevation_end": 27.3, "quality": "estimated", "structure": "bridge", "chain_rank": 0, "cum_dist_start": 14950.0, "cum_dist_end": 15000.0, "anomaly": false}, "geometry": {"type": "LineString", "coordinates": [[139.68072166354213, 35.23891243138194], [139.68097342757937, 35.23900250054031], [139.68122519161665, 35.239092569698684]]}}, {"type": "Feature", "properties": {"id": "横浜横須賀道路-下り-0-300", "route": "横浜横須賀道路", "direction": "下り", "from": "佐原ＩＣ", "to": "浦賀ＩＣ", "grade": 0.29, "elevation_start": 27.3, "elevation_end": 27.4, "quality": "estimated", "structure": "bridge", "chain_rank": 0, "cum_dist_start": 15000.0, "cum_dist_end": 15050.0, "anomaly": false}, "geometry": {"type": "LineString", "coordinates": [[139.68122519161665, 35.239092569698684], [139.68147713014642, 35.239182311159695], [139.68172910645592, 35.2392719816703]]}}, {"type": "Feature", "properties": {"id": "横浜横須賀道路-下り-0-301", "route": "横浜横須賀道路", "direction": "下り", "from": "佐原ＩＣ", "to": "浦賀ＩＣ", "grade": 0.29, "elevation_start": 27.4, "elevation_end": 27.6, "quality": "estimated", "structure": "bridge", "chain_rank": 0, "cum_dist_start": 15050.0, "cum_dist_end": 15100.0, "anomaly": false}, "geometry": {"type": "LineString", "coordinates": [[139.68172910645592, 35.2392719816703], [139.68198108276542, 35.2393616521809], [139.68223305907492, 35.2394513226915]]}}, {"type": "Feature", "properties": {"id": "横浜横須賀道路-下り-0-302", "route": "横浜横須賀道路", "direction": "下り", "from": "佐原ＩＣ", "to": "浦賀ＩＣ", "grade": 0.29, "elevation_start": 27.6, "elevation_end": 27.7, "quality": "estimated", "structure": "bridge", "chain_rank": 0, "cum_dist_start": 15100.0, "cum_dist_end": 15150.0, "anomaly": false}, "geometry": {"type": "LineString", "coordinates": [[139.68223305907492, 35.2394513226915], [139.68248366235827, 35.239543528535734], [139.68273362996285, 35.239636908179705]]}}, {"type": "Feature", "properties": {"id": "横浜横須賀道路-下り-0-303", "route": "横浜横須賀道路", "direction": "下り", "from": "佐原ＩＣ", "to": "浦賀ＩＣ", "grade": 0.29, "elevation_start": 27.7, "elevation_end": 27.9, "quality": "estimated", "structure": "bridge", "chain_rank": 0, "cum_dist_start": 15150.0, "cum_dist_end": 15200.0, "anomaly": false}, "geometry": {"type": "LineString", "coordinates": [[139.68273362996285, 35.239636908179705], [139.68298227609, 35.239732531072185], [139.68322675632075, 35.23983522570145]]}}, {"type": "Feature", "properties": {"id": "横浜横須賀道路-下り-0-304", "route": "横浜横須賀道路", "direction": "下り", "from": "佐原ＩＣ", "to": "浦賀ＩＣ", "grade": 0.29, "elevation_start": 27.9, "elevation_end": 28.0, "quality": "estimated", "structure": "bridge", "chain_rank": 0, "cum_dist_start": 15200.0, "cum_dist_end": 15250.0, "anomaly": false}, "geometry": {"type": "LineString", "coordinates": [[139.68322675632075, 35.23983522570145], [139.68347105741185, 35.23993820681271], [139.68371420078256, 35.24004299966703]]}}, {"type": "Feature", "properties": {"id": "横浜横須賀道路-下り-0-305", "route": "横浜横須賀道路", "direction": "下り", "from": "佐原ＩＣ", "to": "浦賀ＩＣ", "grade": 0.29, "elevation_start": 28.0, "elevation_end": 28.2, "quality": "estimated", "structure": "bridge", "chain_rank": 0, "cum_dist_start": 15250.0, "cum_dist_end": 15300.0, "anomaly": false}, "geometry": {"type": "LineString", "coordinates": [[139.68371420078256, 35.24004299966703], [139.68395348384132, 35.24015351108931], [139.684187088673, 35.24027202758673]]}}, {"type": "Feature", "properties": {"id": "横浜横須賀道路-下り-0-306", "route": "横浜横須賀道路", "direction": "下り", "from": "佐原ＩＣ", "to": "浦賀ＩＣ", "grade": 0.29, "elevation_start": 28.2, "elevation_end": 28.3, "quality": "estimated", "structure": "bridge", "chain_rank": 0, "cum_dist_start": 15300.0, "cum_dist_end": 15350.0, "anomaly": false}, "geometry": {"type": "LineString", "coordinates": [[139.684187088673, 35.24027202758673], [139.68441784998035, 35.24039423091381], [139.6846458292357, 35.24051984872767]]}}, {"type": "Feature", "properties": {"id": "横浜横須賀道路-下り-0-307", "route": "横浜横須賀道路", "direction": "下り", "from": "佐原ＩＣ", "to": "浦賀ＩＣ", "grade": 0.29, "elevation_start": 28.3, "elevation_end": 28.5, "quality": "estimated", "structure": "bridge", "chain_rank": 0, "cum_dist_start": 15350.0, "cum_dist_end": 15400.0, "anomaly": false}, "geometry": {"type": "LineString", "coordinates": [[139.6846458292357, 35.24051984872767], [139.68487123992688, 35.240648604649444], [139.68509630742184, 35.24077776098659]]}}, {"type": "Feature", "properties": {"id": "横浜横須賀道路-下り-0-308", "route": "横浜横須賀道路", "direction": "下り", "from": "佐原ＩＣ", "to": "浦賀ＩＣ", "grade": 0.29, "elevation_start": 28.5, "elevation_end": 28.6, "quality": "estimated", "structure": "bridge", "chain_rank": 0, "cum_dist_start": 15400.0, "cum_dist_end": 15450.0, "anomaly": false}, "geometry": {"type": "LineString", "coordinates": [[139.68509630742184, 35.24077776098659], [139.6853201816853, 35.24090830949624], [139.68554225119524, 35.24104089723044]]}}, {"type": "Feature", "properties": {"id": "横浜横須賀道路-下り-0-309", "route": "横浜横須賀道路", "direction": "下り", "from": "佐原ＩＣ", "to": "浦賀ＩＣ", "grade": 0.29, "elevation_start": 28.6, "elevation_end": 28.8, "quality": "estimated", "structure": "bridge", "chain_rank": 0, "cum_dist_start": 15450.0, "cum_dist_end": 15500.0, "anomaly": false}, "geometry": {"type": "LineString", "coordinates": [[139.68554225119524, 35.24104089723044], [139.68576284209146, 35.241175155677695], [139.68598128747033, 35.24131174321589]]}}, {"type": "Feature", "properties": {"id": "横浜横須賀道路-下り-0-310", "route": "横浜横須賀道路", "direction": "下り", "from": "佐原ＩＣ", "to": "浦賀ＩＣ", "grade": 0.29, "elevation_start": 28.8, "elevation_end": 28.9, "quality": "estimated", "structure": "bridge", "chain_rank": 0, "cum_dist_start": 15500.0, "cum_dist_end": 15550.0, "anomaly": false}, "geometry": {"type": "LineString", "coordinates": [[139.68598128747033, 35.24131174321589], [139.68619676498096, 35.24145145953222], [139.6864107235495, 35.2415927587603]]}}, {"type": "Feature", "properties": {"id": "横浜横須賀道路-下り-0-311", "route": "横浜横須賀道路", "direction": "下り", "from": "佐原ＩＣ", "to": "浦賀ＩＣ", "grade": 0.29, "elevation_start": 28.9, "elevation_end": 29.0, "quality": "estimated", "structure": "bridge", "chain_rank": 0, "cum_dist_start": 15550.0, "cum_dist_end": 15600.0, "anomaly": false}, "geometry": {"type": "LineString", "coordinates": [[139.6864107235495, 35.2415927587603], [139.68662334134498, 35.24173539192455], [139.68683312313664, 35.24188084663128]]}}, {"type": "Feature", "properties": {"id": "横浜横須賀道路-下り-0-312", "route": "横浜横須賀道路", "direction": "下り", "from": "佐原ＩＣ", "to": "浦賀ＩＣ", "grade": 0.29, "elevation_start": 29.0, "elevation_end": 29.2, "quality": "estimated", "structure": "bridge", "chain_rank": 0, "cum_dist_start": 15600.0, "cum_dist_end": 15650.0, "anomaly": false}, "geometry": {"type": "LineString", "coordinates": [[139.68683312313664, 35.24188084663128], [139.68704290492826, 35.24202630133801], [139.68725268671992, 35.24217175604474]]}}, {"type": "Feature", "properties": {"id": "横浜横須賀道路-下り-0-313", "route": "横浜横須賀道路", "direction": "下り", "from": "佐原ＩＣ", "to": "浦賀ＩＣ", "grade": 0.29, "elevation_start": 29.2, "elevation_end": 29.3, "quality": "estimated", "structure": "bridge", "chain_rank": 0, "cum_dist_start": 15650.0, "cum_dist_end": 15700.0, "anomaly": false}, "geometry": {"type": "LineString", "coordinates": [[139.68725268671992, 35.24217175604474], [139.68746246851154, 35.24231721075147], [139.68767189223968, 35.24246300990346]]}}, {"type": "Feature", "properties": {"id": "横浜横須賀道路-下り-0-314", "route": "横浜横須賀道路", "direction": "下り", "from": "佐原ＩＣ", "to": "浦賀ＩＣ", "grade": 0.29, "elevation_start": 29.3, "elevation_end": 29.5, "quality": "estimated", "structure": "bridge", "chain_rank": 0, "cum_dist_start": 15700.0, "cum_dist_end": 15750.0, "anomaly": false}, "geometry": {"type": "LineString", "coordinates": [[139.68767189223968, 35.24246300990346], [139.6878799531909, 35.242610120001736], [139.6880885775081, 35.24275668829116]]}}, {"type": "Feature", "properties": {"id": "横浜横須賀道路-下り-0-315", "route": "横浜横須賀道路", "direction": "下り", "from": "佐原ＩＣ", "to": "浦賀ＩＣ", "grade": 0.29, "elevation_start": 29.5, "elevation_end": 29.6, "quality": "estimated", "structure": "bridge", "chain_rank": 0, "cum_dist_start": 15750.0, "cum_dist_end": 15800.0, "anomaly": false}, "geometry": {"type": "LineString", "coordinates": [[139.6880885775081, 35.24275668829116], [139.6882985164705, 35.24290199224003], [139.68850906905357, 35.24304669556389]]}}, {"type": "Feature", "properties": {"id": "横浜横須賀道路-下り-0-316", "route": "横浜横須賀道路", "direction": "下り", "from": "佐原ＩＣ", "to": "浦賀ＩＣ", "grade": 0.29, "elevation_start": 29.6, "elevation_end": 29.8, "quality": "estimated", "structure": "bridge", "chain_rank": 0, "cum_dist_start": 15800.0, "cum_dist_end": 15850.0, "anomaly": false}, "geometry": {"type": "LineString", "coordinates": [[139.68850906905357, 35.24304669556389], [139.6887202412968, 35.24319079235112], [139.68893739928427, 35.243328718853896]]}}, {"type": "Feature", "properties": {"id": "横浜横須賀道路-下り-0-317", "route": "横浜横須賀道路", "direction": "下り", "from": "佐原ＩＣ", "to": "浦賀ＩＣ", "grade": 0.29, "elevation_start": 29.8, "elevation_end": 29.9, "quality": "estimated", "structure": "bridge", "chain_rank": 0, "cum_dist_start": 15850.0, "cum_dist_end": 15900.0, "anomaly": false}, "geometry": {"type": "LineString", "coordinates": [[139.68893739928427, 35.243328718853896], [139.68915749482042, 35.24346351566187], [139.68938113927672, 35.24359430947908]]}}, {"type": "Feature", "properties": {"id": "横浜横須賀道路-下り-0-318", "route": "横浜横須賀道路", "direction": "下り", "from": "佐原ＩＣ", "to": "浦賀ＩＣ", "grade": 0.29, "elevation_start": 29.9, "elevation_end": 30.1, "quality": "estimated", "structure": "bridge", "chain_rank": 0, "cum_dist_start": 15900.0, "cum_dist_end": 15950.0, "anomaly": false}, "geometry": {"type": "LineString", "coordinates": [[139.68938113927672, 35.24359430947908], [139.68960928093304, 35.24371977196151], [139.6898412124824, 35.243840479013215]]}}, {"type": "Feature", "properties": {"id": "横浜横須賀道路-下り-0-319", "route": "横浜横須賀道路", "direction": "下り", "from": "佐原ＩＣ", "to": "浦賀ＩＣ", "grade": 0.29, "elevation_start": 30.1, "elevation_end": 30.2, "quality": "estimated", "structure": "bridge", "chain_rank": 0, "cum_dist_start": 15950.0, "cum_dist_end": 16000.0, "anomaly": false}, "geometry": {"type": "LineString", "coordinates": [[139.6898412124824, 35.243840479013215], [139.69007656881195, 35.24395662597914], [139.69031571029578, 35.24406740440613]]}}, {"type": "Feature", "properties": {"id": "横浜横須賀道路-下り-0-320", "route": "横浜横須賀道路", "direction": "下り", "from": "佐原ＩＣ", "to": "浦賀ＩＣ", "grade": 0.29, "elevation_start": 30.2, "elevation_end": 30.4, "quality": "estimated", "structure": "bridge", "chain_rank": 0, "cum_dist_start": 16000.0, "cum_dist_end": 16050.0, "anomaly": false}, "geometry": {"type": "LineString", "coordinates": [[139.69031571029578, 35.24406740440613], [139.69055923429917, 35.244171611436165], [139.69080521930445, 35.24427184377923]]}}, {"type": "Feature", "properties": {"id": "横浜横須賀道路-下り-0-321", "route": "横浜横須賀道路", "direction": "下り", "from": "佐原ＩＣ", "to": "浦賀ＩＣ", "grade": 0.29, "elevation_start": 30.4, "elevation_end": 30.5, "quality": "estimated", "structure": "bridge", "chain_rank": 0, "cum_dist_start": 16050.0, "cum_dist_end": 16100.0, "anomaly": false}, "geometry": {"type": "LineString", "coordinates": [[139.69080521930445, 35.24427184377923], [139.69105384625215, 35.24436762749419], [139.69130283853752, 35.24446275875567]]}}, {"type": "Feature", "properties": {"id": "横浜横須賀道路-下り-0-322", "route": "横浜横須賀道路", "direction": "下り", "from": "佐原ＩＣ", "to": "浦賀ＩＣ", "grade": 0.29, "elevation_start": 30.5, "elevation_end": 30.7, "quality": "estimated", "structure": "bridge", "chain_rank": 0, "cum_dist_start": 16100.0, "cum_dist_end": 16150.0, "anomaly": false}, "geometry": {"type": "LineString", "coordinates": [[139.69130283853752, 35.24446275875567], [139.69155344126207, 35.24455501394708], [139.69180404398662, 35.2446472691385]]}}, {"type": "Feature", "properties": {"id": "横浜横須賀道路-下り-0-323", "route": "横浜横須賀道路", "direction": "下り", "from": "佐原ＩＣ", "to": "浦賀ＩＣ", "grade": 0.29, "elevation_start": 30.7, "elevation_end": 30.8, "quality": "estimated", "structure": "bridge", "chain_rank": 0, "cum_dist_start": 16150.0, "cum_dist_end": 16200.0, "anomaly": false}, "geometry": {"type": "LineString", "coordinates": [[139.69180404398662, 35.2446472691385], [139.69205464671117, 35.244739524329916], [139.69230524943575, 35.24483177952133]]}}, {"type": "Feature", "properties": {"id": "横浜横須賀道路-下り-0-324", "route": "横浜横須賀道路", "direction": "下り", "from": "佐原ＩＣ", "to": "浦賀ＩＣ", "grade": 0.29, "elevation_start": 30.8, "elevation_end": 30.9, "quality": "estimated", "structure": "bridge", "chain_rank": 0, "cum_dist_start": 16200.0, "cum_dist_end": 16250.0, "anomaly": false}, "geometry": {"type": "LineString", "coordinates": [[139.69230524943575, 35.24483177952133], [139.6925552413597, 35.24492513057476], [139.69280229687976, 35.245023448420774]]}}, {"type": "Feature", "properties": {"id": "横浜横須賀道路-下り-0-325", "route": "横浜横須賀道路", "direction": "下り", "from": "佐原ＩＣ", "to": "浦賀ＩＣ", "grade": 0.29, "elevation_start": 30.9, "elevation_end": 31.1, "quality": "estimated", "structure": "tunnel", "chain_rank": 0, "cum_dist_start": 16250.0, "cum_dist_end": 16300.0, "anomaly": false}, "geometry": {"type": "LineString", "coordinates": [[139.69280229687976, 35.245023448420774], [139.69304414019294, 35.24513028683223], [139.6932833546881, 35.24524091493968]]}}, {"type": "Feature", "properties": {"id": "横浜横須賀道路-下り-0-326", "route": "横浜横須賀道路", "direction": "下り", "from": "佐原ＩＣ", "to": "浦賀ＩＣ", "grade": 0.29, "elevation_start": 31.1, "elevation_end": 31.2, "quality": "estimated", "structure": "tunnel", "chain_rank": 0, "cum_dist_start": 16300.0, "cum_dist_end": 16350.0, "anomaly": false}, "geometry": {"type": "LineString", "coordinates": [[139.6932833546881, 35.24524091493968], [139.6935188329658, 35.24535692916675], [139.69374993207038, 35.24547861231531]]}}, {"type": "Feature", "properties": {"id": "横浜横須賀道路-下り-0-327", "route": "横浜横須賀道路", "direction": "下り", "from": "佐原ＩＣ", "to": "浦賀ＩＣ", "grade": 0.29, "elevation_start": 31.2, "elevation_end": 31.4, "quality": "estimated", "structure": "tunnel", "chain_rank": 0, "cum_dist_start": 16350.0, "cum_dist_end": 16400.0, "anomaly": false}, "geometry": {"type": "LineString", "coordinates": [[139.69374993207038, 35.24547861231531], [139.69397829917432, 35.24560383208973], [139.6942066662783, 35.24572905186414]]}}, {"type": "Feature", "properties": {"id": "横浜横須賀道路-下り-0-328", "route": "横浜横須賀道路", "direction": "下り", "from": "佐原ＩＣ", "to": "浦賀ＩＣ", "grade": 0.29, "elevation_start": 31.4, "elevation_end": 31.5, "quality": "estimated", "structure": "tunnel", "chain_rank": 0, "cum_dist_start": 16400.0, "cum_dist_end": 16450.0, "anomaly": false}, "geometry": {"type": "LineString", "coordinates": [[139.6942066662783, 35.24572905186414], [139.69443503338226, 35.24585427163855], [139.6946634004862, 35.24597949141296]]}}, {"type": "Feature", "properties": {"id": "横浜横須賀道路-下り-0-329", "route": "横浜横須賀道路", "direction": "下り", "from": "佐原ＩＣ", "to": "浦賀ＩＣ", "grade": 0.29, "elevation_start": 31.5, "elevation_end": 31.7, "quality": "estimated", "structure": "tunnel", "chain_rank": 0, "cum_dist_start": 16450.0, "cum_dist_end": 16500.0, "anomaly": false}, "geometry": {"type": "LineString", "coordinates": [[139.6946634004862, 35.24597949141296], [139.69489176759018, 35.24610471118738], [139.69512013469415, 35.24622993096179]]}}, {"type": "Feature", "properties": {"id": "横浜横須賀道路-下り-0-330", "route": "横浜横須賀道路", "direction": "下り", "from": "佐原ＩＣ", "to": "浦賀ＩＣ", "grade": 0.29, "elevation_start": 31.7, "elevation_end": 31.8, "quality": "estimated", "structure": "tunnel", "chain_rank": 0, "cum_dist_start": 16500.0, "cum_dist_end": 16550.0, "anomaly": false}, "geometry": {"type": "LineString", "coordinates": [[139.69512013469415, 35.24622993096179], [139.6953485017981, 35.2463551507362], [139.69557686890207, 35.24648037051061]]}}, {"type": "Feature", "properties": {"id": "横浜横須賀道路-下り-0-331", "route": "横浜横須賀道路", "direction": "下り", "from": "佐原ＩＣ", "to": "浦賀ＩＣ", "grade": 0.29, "elevation_start": 31.8, "elevation_end": 32.0, "quality": "estimated", "structure": "tunnel", "chain_rank": 0, "cum_dist_start": 16550.0, "cum_dist_end": 16600.0, "anomaly": false}, "geometry": {"type": "LineString", "coordinates": [[139.69557686890207, 35.24648037051061], [139.69580523600604, 35.24660559028503], [139.69603360310998, 35.24673081005944]]}}, {"type": "Feature", "properties": {"id": "横浜横須賀道路-下り-0-332", "route": "横浜横須賀道路", "direction": "下り", "from": "佐原ＩＣ", "to": "浦賀ＩＣ", "grade": 0.29, "elevation_start": 32.0, "elevation_end": 32.1, "quality": "estimated", "structure": "tunnel", "chain_rank": 0, "cum_dist_start": 16600.0, "cum_dist_end": 16650.0, "anomaly": false}, "geometry": {"type": "LineString", "coordinates": [[139.69603360310998, 35.24673081005944], [139.69626197021395, 35.24685602983385], [139.69649033731793, 35.24698124960827]]}}, {"type": "Feature", "properties": {"id": "横浜横須賀道路-下り-0-333", "route": "横浜横須賀道路", "direction": "下り", "from": "佐原ＩＣ", "to": "浦賀ＩＣ", "grade": 0.29, "elevation_start": 32.1, "elevation_end": 32.3, "quality": "estimated", "structure": "tunnel", "chain_rank": 0, "cum_dist_start": 16650.0, "cum_dist_end": 16700.0, "anomaly": false}, "geometry": {"type": "LineString", "coordinates": [[139.69649033731793, 35.24698124960827], [139.69671870442187, 35.24710646938268], [139.69694849763405, 35.247229910217946]]}}, {"type": "Feature", "properties": {"id": "横浜横須賀道路-下り-0-334", "route": "横浜横須賀道路", "direction": "下り", "from": "佐原ＩＣ", "to": "浦賀ＩＣ", "grade": 0.29, "elevation_start": 32.3, "elevation_end": 32.4, "quality": "estimated", "structure": "tunnel", "chain_rank": 0, "cum_dist_start": 16700.0, "cum_dist_end": 16750.0, "anomaly": false}, "geometry": {"type": "LineString", "coordinates": [[139.69694849763405, 35.247229910217946], [139.6971792848354, 35.24735211114288], [139.6974134173227, 35.24746982173201]]}}, {"type": "Feature", "properties": {"id": "横浜横須賀道路-下り-0-335", "route": "横浜横須賀道路", "direction": "下り", "from": "佐原ＩＣ", "to": "浦賀ＩＣ", "grade": 0.29, "elevation_start": 32.4, "elevation_end": 32.5, "quality": "estimated", "structure": "tunnel", "chain_rank": 0, "cum_dist_start": 16750.0, "cum_dist_end": 16800.0, "anomaly": false}, "geometry": {"type": "LineString", "coordinates": [[139.6974134173227, 35.24746982173201], [139.69765126345064, 35.24758254754736], [139.69789252545877, 35.247690174262324]]}}, {"type": "Feature", "properties": {"id": "横浜横須賀道路-下り-0-336", "route": "横浜横須賀道路", "direction": "下り", "from": "佐原ＩＣ", "to": "浦賀ＩＣ", "grade": 0.29, "elevation_start": 32.5, "elevation_end": 32.7, "quality": "estimated", "structure": "tunnel", "chain_rank": 0, "cum_dist_start": 16800.0, "cum_dist_end": 16850.0, "anomaly": false}, "geometry": {"type": "LineString", "coordinates": [[139.69789252545877, 35.247690174262324], [139.6981361726032, 35.24779421635275], [139.69838625290086, 35.247887438398166]]}}, {"type": "Feature", "properties": {"id": "横浜横須賀道路-下り-0-337", "route": "横浜横須賀道路", "direction": "下り", "from": "佐原ＩＣ", "to": "浦賀ＩＣ", "grade": 0.29, "elevation_start": 32.7, "elevation_end": 32.8, "quality": "estimated", "structure": "tunnel", "chain_rank": 0, "cum_dist_start": 16850.0, "cum_dist_end": 16900.0, "anomaly": false}, "geometry": {"type": "LineString", "coordinates": [[139.69838625290086, 35.247887438398166], [139.69863837410122, 35.24797679286112], [139.69889238854648, 35.248062559558285]]}}, {"type": "Feature", "properties": {"id": "横浜横須賀道路-下り-0-338", "route": "横浜横須賀道路", "direction": "下り", "from": "佐原ＩＣ", "to": "浦賀ＩＣ", "grade": 0.29, "elevation_start": 32.8, "elevation_end": 33.0, "quality": "estimated", "structure": "tunnel", "chain_rank": 0, "cum_dist_start": 16900.0, "cum_dist_end": 16950.0, "anomaly": false}, "geometry": {"type": "LineString", "coordinates": [[139.69889238854648, 35.248062559558285], [139.69914773848728, 35.24814559819852], [139.69940525853346, 35.24822399945875]]}}, {"type": "Feature", "properties": {"id": "横浜横須賀道路-下り-0-339", "route": "横浜横須賀道路", "direction": "下り", "from": "佐原ＩＣ", "to": "浦賀ＩＣ", "grade": 0.29, "elevation_start": 33.0, "elevation_end": 33.1, "quality": "estimated", "structure": "normal", "chain_rank": 0, "cum_dist_start": 16950.0, "cum_dist_end": 17000.0, "anomaly": false}, "geometry": {"type": "LineString", "coordinates": [[139.69940525853346, 35.24822399945875], [139.69966507851183, 35.24829713465781], [139.6999254364419, 35.24836897079142]]}}, {"type": "Feature", "properties": {"id": "横浜横須賀道路-下り-0-340", "route": "横浜横須賀道路", "direction": "下り", "from": "佐原ＩＣ", "to": "浦賀ＩＣ", "grade": 0.29, "elevation_start": 33.1, "elevation_end": 33.3, "quality": "estimated", "structure": "normal", "chain_rank": 0, "cum_dist_start": 17000.0, "cum_dist_end": 17050.0, "anomaly": false}, "geometry": {"type": "LineString", "coordinates": [[139.6999254364419, 35.24836897079142], [139.70018733898877, 35.24843691367825], [139.70044938818597, 35.24850448663904]]}}, {"type": "Feature", "properties": {"id": "横浜横須賀道路-下り-0-341", "route": "横浜横須賀道路", "direction": "下り", "from": "佐原ＩＣ", "to": "浦賀ＩＣ", "grade": 0.29, "elevation_start": 33.3, "elevation_end": 33.4, "quality": "estimated", "structure": "normal", "chain_rank": 0, "cum_dist_start": 17050.0, "cum_dist_end": 17100.0, "anomaly": false}, "geometry": {"type": "LineString", "coordinates": [[139.70044938818597, 35.24850448663904], [139.70071125623042, 35.248572529608566], [139.70097295825897, 35.24864100331361]]}}, {"type": "Feature", "properties": {"id": "横浜横須賀道路-下り-0-342", "route": "横浜横須賀道路", "direction": "下り", "from": "佐原ＩＣ", "to": "浦賀ＩＣ", "grade": 0.29, "elevation_start": 33.4, "elevation_end": 33.6, "quality": "estimated", "structure": "normal", "chain_rank": 0, "cum_dist_start": 17100.0, "cum_dist_end": 17150.0, "anomaly": false}, "geometry": {"type": "LineString", "coordinates": [[139.70097295825897, 35.24864100331361], [139.7012337391036, 35.24871160142305], [139.70148936261583, 35.24879409320454]]}}, {"type": "Feature", "properties": {"id": "横浜横須賀道路-下り-0-343", "route": "横浜横須賀道路", "direction": "下り", "from": "佐原ＩＣ", "to": "浦賀ＩＣ", "grade": 0.29, "elevation_start": 33.6, "elevation_end": 33.7, "quality": "estimated", "structure": "tunnel", "chain_rank": 0, "cum_dist_start": 17150.0, "cum_dist_end": 17200.0, "anomaly": false}, "geometry": {"type": "LineString", "coordinates": [[139.70148936261583, 35.24879409320454], [139.70174102208784, 35.24888422480488], [139.70199069850864, 35.24897817830189]]}}, {"type": "Feature", "properties": {"id": "横浜横須賀道路-下り-0-344", "route": "横浜横須賀道路", "direction": "下り", "from": "佐原ＩＣ", "to": "浦賀ＩＣ", "grade": 0.29, "elevation_start": 33.7, "elevation_end": 33.9, "quality": "estimated", "structure": "tunnel", "chain_rank": 0, "cum_dist_start": 17200.0, "cum_dist_end": 17250.0, "anomaly": false}, "geometry": {"type": "LineString", "coordinates": [[139.70199069850864, 35.24897817830189], [139.70223638530854, 35.249078824173495], [139.7024800673578, 35.24918283290651]]}}, {"type": "Feature", "properties": {"id": "横浜横須賀道路-下り-0-345", "route": "横浜横須賀道路", "direction": "下り", "from": "佐原ＩＣ", "to": "浦賀ＩＣ", "grade": 0.29, "elevation_start": 33.9, "elevation_end": 34.0, "quality": "estimated", "structure": "tunnel", "chain_rank": 0, "cum_dist_start": 17250.0, "cum_dist_end": 17300.0, "anomaly": false}, "geometry": {"type": "LineString", "coordinates": [[139.7024800673578, 35.24918283290651], [139.70272374940708, 35.24928684163953], [139.70296743145636, 35.24939085037254]]}}, {"type": "Feature", "properties": {"id": "横浜横須賀道路-下り-0-346", "route": "横浜横須賀道路", "direction": "下り", "from": "佐原ＩＣ", "to": "浦賀ＩＣ", "grade": 0.29, "elevation_start": 34.0, "elevation_end": 34.2, "quality": "estimated", "structure": "tunnel", "chain_rank": 0, "cum_dist_start": 17300.0, "cum_dist_end": 17350.0, "anomaly": false}, "geometry": {"type": "LineString", "coordinates": [[139.70296743145636, 35.24939085037254], [139.7032111135056, 35.24949485910556], [139.70345479555488, 35.24959886783858]]}}, {"type": "Feature", "properties": {"id": "横浜横須賀道路-下り-0-347", "route": "横浜横須賀道路", "direction": "下り", "from": "佐原ＩＣ", "to": "浦賀ＩＣ", "grade": 0.29, "elevation_start": 34.2, "elevation_end": 34.3, "quality": "estimated", "structure": "tunnel", "chain_rank": 0, "cum_dist_start": 17350.0, "cum_dist_end": 17400.0, "anomaly": false}, "geometry": {"type": "LineString", "coordinates": [[139.70345479555488, 35.24959886783858], [139.70369847760415, 35.2497028765716], [139.703940256423, 35.2498097991582]]}}, {"type": "Feature", "properties": {"id": "横浜横須賀道路-下り-0-348", "route": "横浜横須賀道路", "direction": "下り", "from": "佐原ＩＣ", "to": "浦賀ＩＣ", "grade": 0.29, "elevation_start": 34.3, "elevation_end": 34.4, "quality": "estimated", "structure": "tunnel", "chain_rank": 0, "cum_dist_start": 17400.0, "cum_dist_end": 17450.0, "anomaly": false}, "geometry": {"type": "LineString", "coordinates": [[139.703940256423, 35.2498097991582], [139.70418075007552, 35.24991868933976], [139.70441173336687, 35.25004060109366]]}}, {"type": "Feature", "properties": {"id": "横浜横須賀道路-下り-0-349", "route": "横浜横須賀道路", "direction": "下り", "from": "佐原ＩＣ", "to": "浦賀ＩＣ", "grade": 0.29, "elevation_start": 34.4, "elevation_end": 34.6, "quality": "estimated", "structure": "tunnel", "chain_rank": 0, "cum_dist_start": 17450.0, "cum_dist_end": 17500.0, "anomaly": false}, "geometry": {"type": "LineString", "coordinates": [[139.70441173336687, 35.25004060109366], [139.70463775536027, 35.25016825226355], [139.7048512402325, 35.25031004628131]]}}, {"type": "Feature", "properties": {"id": "横浜横須賀道路-下り-0-350", "route": "横浜横須賀道路", "direction": "下り", "from": "佐原ＩＣ", "to": "浦賀ＩＣ", "grade": 0.29, "elevation_start": 34.6, "elevation_end": 34.7, "quality": "estimated", "structure": "normal", "chain_rank": 0, "cum_dist_start": 17500.0, "cum_dist_end": 17550.0, "anomaly": false}, "geometry": {"type": "LineString", "coordinates": [[139.7048512402325, 35.25031004628131], [139.70505809547348, 35.25045815776597], [139.70525500569073, 35.250615274504774]]}}, {"type": "Feature", "properties": {"id": "横浜横須賀道路-下り-0-351", "route": "横浜横須賀道路", "direction": "下り", "from": "佐原ＩＣ", "to": "浦賀ＩＣ", "grade": 0.29, "elevation_start": 34.7, "elevation_end": 34.9, "quality": "estimated", "structure": "normal", "chain_rank": 0, "cum_dist_start": 17550.0, "cum_dist_end": 17600.0, "anomaly": false}, "geometry": {"type": "LineString", "coordinates": [[139.70525500569073, 35.250615274504774], [139.70544793474025, 35.2507756500379], [139.7056390258036, 35.25093753005899]]}}, {"type": "Feature", "properties": {"id": "横浜横須賀道路-下り-0-352", "route": "横浜横須賀道路", "direction": "下り", "from": "浦賀ＩＣ", "to": "馬掘海岸ＩＣ", "grade": 0.29, "elevation_start": 34.9, "elevation_end": 35.0, "quality": "estimated", "structure": "normal", "chain_rank": 0, "cum_dist_start": 17600.0, "cum_dist_end": 17650.0, "anomaly": false}, "geometry": {"type": "LineString", "coordinates": [[139.7056390258036, 35.25093753005899], [139.70582142715264, 35.25110593186258], [139.70599622697705, 35.25127968348441]]}}, {"type": "Feature", "properties": {"id": "横浜横須賀道路-下り-0-353", "route": "横浜横須賀道路", "direction": "下り", "from": "浦賀ＩＣ", "to": "馬掘海岸ＩＣ", "grade": -0.56, "elevation_start": 35.0, "elevation_end": 34.7, "quality": "measured", "structure": "normal", "chain_rank": 0, "cum_dist_start": 17650.0, "cum_dist_end": 17700.0, "anomaly": false}, "geometry": {"type": "LineString", "coordinates": [[139.70599622697705, 35.25127968348441], [139.70616455331702, 35.2514577062188], [139.7063211997993, 35.251642814807504]]}}, {"type": "Feature", "properties": {"id": "横浜横須賀道路-下り-0-354", "route": "横浜横須賀道路", "direction": "下り", "from": "浦賀ＩＣ", "to": "馬掘海岸ＩＣ", "grade": -0.31, "elevation_start": 34.7, "elevation_end": 34.6, "quality": "measured", "structure": "normal", "chain_rank": 0, "cum_dist_start": 17700.0, "cum_dist_end": 17750.0, "anomaly": false}, "geometry": {"type": "LineString", "coordinates": [[139.7063211997993, 35.251642814807504], [139.70647143134204, 35.25183141962445], [139.7066130530099, 35.25202444375094]]}}, {"type": "Feature", "properties": {"id": "横浜横須賀道路-下り-0-355", "route": "横浜横須賀道路", "direction": "下り", "from": "浦賀ＩＣ", "to": "馬掘海岸ＩＣ", "grade": -0.62, "elevation_start": 34.6, "elevation_end": 34.3, "quality": "measured", "structure": "normal", "chain_rank": 0, "cum_dist_start": 17750.0, "cum_dist_end": 17800.0, "anomaly": false}, "geometry": {"type": "LineString", "coordinates": [[139.7066130530099, 35.25202444375094], [139.70675038522074, 35.25221960005053], [139.70687965084127, 35.25241836484982]]}}, {"type": "Feature", "properties": {"id": "横浜横須賀道路-下り-0-356", "route": "横浜横須賀道路", "direction": "下り", "from": "浦賀ＩＣ", "to": "馬掘海岸ＩＣ", "grade": -0.3, "elevation_start": 34.3, "elevation_end": 34.1, "quality": "estimated", "structure": "normal", "chain_rank": 0, "cum_dist_start": 17800.0, "cum_dist_end": 17850.0, "anomaly": false}, "geometry": {"type": "LineString", "coordinates": [[139.70687965084127, 35.25241836484982], [139.70700527482182, 35.252618758696364], [139.70712436840785, 35.2528217965026]]}}, {"type": "Feature", "properties": {"id": "横浜横須賀道路-下り-0-357", "route": "横浜横須賀道路", "direction": "下り", "from": "浦賀ＩＣ", "to": "馬掘海岸ＩＣ", "grade": 0.0, "elevation_start": 34.1, "elevation_end": 34.1, "quality": "estimated", "structure": "normal", "chain_rank": 0, "cum_dist_start": 17850.0, "cum_dist_end": 17900.0, "anomaly": false}, "geometry": {"type": "LineString", "coordinates": [[139.70712436840785, 35.2528217965026], [139.7072418617254, 35.25302548220924], [139.70735935504297, 35.253229167915876]]}}, {"type": "Feature", "properties": {"id": "横浜横須賀道路-下り-0-358", "route": "横浜横須賀道路", "direction": "下り", "from": "浦賀ＩＣ", "to": "馬掘海岸ＩＣ", "grade": 0.0, "elevation_start": 34.1, "elevation_end": 34.1, "quality": "estimated", "structure": "normal", "chain_rank": 0, "cum_dist_start": 17900.0, "cum_dist_end": 17950.0, "anomaly": false}, "geometry": {"type": "LineString", "coordinates": [[139.70735935504297, 35.253229167915876], [139.70747242836217, 35.25343451761468], [139.70758381749, 35.253640497261365]]}}, {"type": "Feature", "properties": {"id": "横浜横須賀道路-下り-0-359", "route": "横浜横須賀道路", "direction": "下り", "from": "浦賀ＩＣ", "to": "馬掘海岸ＩＣ", "grade": 0.0, "elevation_start": 34.1, "elevation_end": 34.1, "quality": "estimated", "structure": "bridge", "chain_rank": 0, "cum_dist_start": 17950.0, "cum_dist_end": 18000.0, "anomaly": false}, "geometry": {"type": "LineString", "coordinates": [[139.70758381749, 35.253640497261365], [139.70769306337445, 35.25384724900139], [139.70780048024028, 35.25405463401486]]}}, {"type": "Feature", "properties": {"id": "横浜横須賀道路-下り-0-360", "route": "横浜横須賀道路", "direction": "下り", "from": "浦賀ＩＣ", "to": "馬掘海岸ＩＣ", "grade": 0.0, "elevation_start": 34.1, "elevation_end": 34.1, "quality": "estimated", "structure": "bridge", "chain_rank": 0, "cum_dist_start": 18000.0, "cum_dist_end": 18050.0, "anomaly": false}, "geometry": {"type": "LineString", "coordinates": [[139.70780048024028, 35.25405463401486], [139.70790486559545, 35.254263068648704], [139.70800847872493, 35.25447176233737]]}}, {"type": "Feature", "properties": {"id": "横浜横須賀道路-下り-0-361", "route": "横浜横須賀道路", "direction": "下り", "from": "浦賀ＩＣ", "to": "馬掘海岸ＩＣ", "grade": 0.0, "elevation_start": 34.1, "elevation_end": 34.1, "quality": "estimated", "structure": "normal", "chain_rank": 0, "cum_dist_start": 18050.0, "cum_dist_end": 18100.0, "anomaly": false}, "geometry": {"type": "LineString", "coordinates": [[139.70800847872493, 35.25447176233737], [139.70811075375184, 35.25468089580601], [139.70821126057103, 35.2548906094736]]}}, {"type": "Feature", "properties": {"id": "横浜横須賀道路-下り-0-362", "route": "横浜横須賀道路", "direction": "下り", "from": "浦賀ＩＣ", "to": "馬掘海岸ＩＣ", "grade": 0.0, "elevation_start": 34.1, "elevation_end": 34.1, "quality": "estimated", "structure": "normal", "chain_rank": 0, "cum_dist_start": 18100.0, "cum_dist_end": 18150.0, "anomaly": false}, "geometry": {"type": "LineString", "coordinates": [[139.70821126057103, 35.2548906094736], [139.7083117673902, 35.255100323141185], [139.7084122742094, 35.25531003680877]]}}, {"type": "Feature", "properties": {"id": "横浜横須賀道路-下り-0-363", "route": "横浜横須賀道路", "direction": "下り", "from": "浦賀ＩＣ", "to": "馬掘海岸ＩＣ", "grade": 0.0, "elevation_start": 34.1, "elevation_end": 34.1, "quality": "estimated", "structure": "normal", "chain_rank": 0, "cum_dist_start": 18150.0, "cum_dist_end": 18200.0, "anomaly": false}, "geometry": {"type": "LineString", "coordinates": [[139.7084122742094, 35.25531003680877], [139.70851235367527, 35.25551988798152], [139.70861223963172, 35.255729801417836]]}}, {"type": "Feature", "properties": {"id": "横浜横須賀道路-下り-0-364", "route": "横浜横須賀道路", "direction": "下り", "from": "浦賀ＩＣ", "to": "馬掘海岸ＩＣ", "grade": 0.0, "elevation_start": 34.1, "elevation_end": 34.1, "quality": "estimated", "structure": "normal", "chain_rank": 0, "cum_dist_start": 18200.0, "cum_dist_end": 18250.0, "anomaly": false}, "geometry": {"type": "LineString", "coordinates": [[139.70861223963172, 35.255729801417836], [139.7087121255882, 35.25593971485415], [139.70881201154464, 35.256149628290466]]}}, {"type": "Feature", "properties": {"id": "横浜横須賀道路-下り-0-365", "route": "横浜横須賀道路", "direction": "下り", "from": "浦賀ＩＣ", "to": "馬掘海岸ＩＣ", "grade": 0.0, "elevation_start": 34.1, "elevation_end": 34.1, "quality": "estimated", "structure": "bridge", "chain_rank": 0, "cum_dist_start": 18250.0, "cum_dist_end": 18300.0, "anomaly": false}, "geometry": {"type": "LineString", "coordinates": [[139.70881201154464, 35.256149628290466], [139.70891061570984, 35.25635994911594], [139.7090075135748, 35.256570802344996]]}}, {"type": "Feature", "properties": {"id": "横浜横須賀道路-下り-0-366", "route": "横浜横須賀道路", "direction": "下り", "from": "浦賀ＩＣ", "to": "馬掘海岸ＩＣ", "grade": 0.0, "elevation_start": 34.1, "elevation_end": 34.1, "quality": "estimated", "structure": "bridge", "chain_rank": 0, "cum_dist_start": 18300.0, "cum_dist_end": 18350.0, "anomaly": false}, "geometry": {"type": "LineString", "coordinates": [[139.7090075135748, 35.256570802344996], [139.7091032891601, 35.25678200065554], [139.7091970053393, 35.25699381813314]]}}, {"type": "Feature", "properties": {"id": "横浜横須賀道路-下り-0-367", "route": "横浜横須賀道路", "direction": "下り", "from": "浦賀ＩＣ", "to": "馬掘海岸ＩＣ", "grade": 0.0, "elevation_start": 34.1, "elevation_end": 34.1, "quality": "estimated", "structure": "normal", "chain_rank": 0, "cum_dist_start": 18350.0, "cum_dist_end": 18400.0, "anomaly": false}, "geometry": {"type": "LineString", "coordinates": [[139.7091970053393, 35.25699381813314], [139.7092875473613, 35.25720655970749], [139.70937393097114, 35.25742045798586]]}}, {"type": "Feature", "properties": {"id": "横浜横須賀道路-下り-0-368", "route": "横浜横須賀道路", "direction": "下り", "from": "浦賀ＩＣ", "to": "馬掘海岸ＩＣ", "grade": 0.0, "elevation_start": 34.1, "elevation_end": 34.1, "quality": "estimated", "structure": "normal", "chain_rank": 0, "cum_dist_start": 18400.0, "cum_dist_end": 18450.0, "anomaly": false}, "geometry": {"type": "LineString", "coordinates": [[139.70937393097114, 35.25742045798586], [139.70945880852483, 35.25763476978758], [139.7095394314635, 35.257850176818685]]}}, {"type": "Feature", "properties": {"id": "横浜横須賀道路-下り-0-369", "route": "横浜横須賀道路", "direction": "下り", "from": "浦賀ＩＣ", "to": "馬掘海岸ＩＣ", "grade": 0.0, "elevation_start": 34.1, "elevation_end": 34.1, "quality": "estimated", "structure": "normal", "chain_rank": 0, "cum_dist_start": 18450.0, "cum_dist_end": 18500.0, "anomaly": false}, "geometry": {"type": "LineString", "coordinates": [[139.7095394314635, 35.257850176818685], [139.70961905909854, 35.25806584006234], [139.70969740390296, 35.25828181385236]]}}, {"type": "Feature", "properties": {"id": "横浜横須賀道路-下り-0-370", "route": "横浜横須賀道路", "direction": "下り", "from": "浦賀ＩＣ", "to": "馬掘海岸ＩＣ", "grade": 0.0, "elevation_start": 34.1, "elevation_end": 34.1, "quality": "estimated", "structure": "normal", "chain_rank": 0, "cum_dist_start": 18500.0, "cum_dist_end": 18550.0, "anomaly": false}, "geometry": {"type": "LineString", "coordinates": [[139.70969740390296, 35.25828181385236], [139.70977328800566, 35.25849838332661], [139.70984577108217, 35.25871572659309]]}}, {"type": "Feature", "properties": {"id": "横浜横須賀道路-下り-0-371", "route": "横浜横須賀道路", "direction": "下り", "from": "浦賀ＩＣ", "to": "馬掘海岸ＩＣ", "grade": 0.0, "elevation_start": 34.1, "elevation_end": 34.1, "quality": "estimated", "structure": "normal", "chain_rank": 0, "cum_dist_start": 18550.0, "cum_dist_end": 18600.0, "anomaly": false}, "geometry": {"type": "LineString", "coordinates": [[139.70984577108217, 35.25871572659309], [139.7099168247087, 35.25893339550929], [139.7099898472716, 35.25915062596898]]}}, {"type": "Feature", "properties": {"id": "横浜横須賀道路-下り-0-372", "route": "横浜横須賀道路", "direction": "下り", "from": "浦賀ＩＣ", "to": "馬掘海岸ＩＣ", "grade": 0.0, "elevation_start": 34.1, "elevation_end": 34.1, "quality": "estimated", "structure": "normal", "chain_rank": 0, "cum_dist_start": 18600.0, "cum_dist_end": 18650.0, "anomaly": false}, "geometry": {"type": "LineString", "coordinates": [[139.7099898472716, 35.25915062596898], [139.7100628698345, 35.25936785642866], [139.7101358923974, 35.25958508688835]]}}, {"type": "Feature", "properties": {"id": "横浜横須賀道路-下り-0-373", "route": "横浜横須賀道路", "direction": "下り", "from": "浦賀ＩＣ", "to": "馬掘海岸ＩＣ", "grade": 0.0, "elevation_start": 34.1, "elevation_end": 34.1, "quality": "estimated", "structure": "bridge", "chain_rank": 0, "cum_dist_start": 18650.0, "cum_dist_end": 18700.0, "anomaly": false}, "geometry": {"type": "LineString", "coordinates": [[139.7101358923974, 35.25958508688835], [139.71021179596397, 35.2598016432304], [139.71029065069484, 35.2600174673515]]}}, {"type": "Feature", "properties": {"id": "横浜横須賀道路-下り-0-374", "route": "横浜横須賀道路", "direction": "下り", "from": "浦賀ＩＣ", "to": "馬掘海岸ＩＣ", "grade": 0.0, "elevation_start": 34.1, "elevation_end": 34.1, "quality": "estimated", "structure": "bridge", "chain_rank": 0, "cum_dist_start": 18700.0, "cum_dist_end": 18750.0, "anomaly": false}, "geometry": {"type": "LineString", "coordinates": [[139.71029065069484, 35.2600174673515], [139.71038797614682, 35.26022815229363], [139.71049715512197, 35.26043489609992]]}}, {"type": "Feature", "properties": {"id": "横浜横須賀道路-下り-0-375", "route": "横浜横須賀道路", "direction": "下り", "from": "浦賀ＩＣ", "to": "馬掘海岸ＩＣ", "grade": 0.0, "elevation_start": 34.1, "elevation_end": 34.1, "quality": "estimated", "structure": "bridge", "chain_rank": 0, "cum_dist_start": 18750.0, "cum_dist_end": 18800.0, "anomaly": false}, "geometry": {"type": "LineString", "coordinates": [[139.71049715512197, 35.26043489609992], [139.71061874886246, 35.26063678731121], [139.7107585207187, 35.26083071234524]]}}, {"type": "Feature", "properties": {"id": "横浜横須賀道路-下り-0-376", "route": "横浜横須賀道路", "direction": "下り", "from": "浦賀ＩＣ", "to": "馬掘海岸ＩＣ", "grade": 0.0, "elevation_start": 34.1, "elevation_end": 34.1, "quality": "estimated", "structure": "bridge", "chain_rank": 0, "cum_dist_start": 18800.0, "cum_dist_end": 18850.0, "anomaly": false}, "geometry": {"type": "LineString", "coordinates": [[139.7107585207187, 35.26083071234524], [139.71091107248296, 35.26101806086378], [139.71107712743867, 35.26119751590049]]}}, {"type": "Feature", "properties": {"id": "横浜横須賀道路-下り-0-377", "route": "横浜横須賀道路", "direction": "下り", "from": "浦賀ＩＣ", "to": "馬掘海岸ＩＣ", "grade": 0.0, "elevation_start": 34.1, "elevation_end": 34.1, "quality": "estimated", "structure": "bridge", "chain_rank": 0, "cum_dist_start": 18850.0, "cum_dist_end": 18900.0, "anomaly": false}, "geometry": {"type": "LineString", "coordinates": [[139.71107712743867, 35.26119751590049], [139.71125554529203, 35.261368774385886], [139.71144712853064, 35.261530172913346]]}}, {"type": "Feature", "properties": {"id": "横浜横須賀道路-下り-0-378", "route": "横浜横須賀道路", "direction": "下り", "from": "浦賀ＩＣ", "to": "馬掘海岸ＩＣ", "grade": 0.0, "elevation_start": 34.1, "elevation_end": 34.1, "quality": "estimated", "structure": "bridge", "chain_rank": 0, "cum_dist_start": 18900.0, "cum_dist_end": 18950.0, "anomaly": false}, "geometry": {"type": "LineString", "coordinates": [[139.71144712853064, 35.261530172913346], [139.71164791112145, 35.26168397801427], [139.71186124014366, 35.261825884581]]}}, {"type": "Feature", "properties": {"id": "横浜横須賀道路-下り-0-379", "route": "横浜横須賀道路", "direction": "下り", "from": "浦賀ＩＣ", "to": "馬掘海岸ＩＣ", "grade": 0.0, "elevation_start": 34.1, "elevation_end": 34.1, "quality": "estimated", "structure": "bridge", "chain_rank": 0, "cum_dist_start": 18950.0, "cum_dist_end": 19000.0, "anomaly": false}, "geometry": {"type": "LineString", "coordinates": [[139.71186124014366, 35.261825884581], [139.7120796642635, 35.26196256445253], [139.71230011294162, 35.26209704256399]]}}, {"type": "Feature", "properties": {"id": "横浜横須賀道路-下り-0-380", "route": "横浜横須賀道路", "direction": "下り", "from": "浦賀ＩＣ", "to": "馬掘海岸ＩＣ", "grade": 0.0, "elevation_start": 34.1, "elevation_end": 34.1, "quality": "estimated", "structure": "bridge", "chain_rank": 0, "cum_dist_start": 19000.0, "cum_dist_end": 19050.0, "anomaly": false}, "geometry": {"type": "LineString", "coordinates": [[139.71230011294162, 35.26209704256399], [139.71252056161973, 35.26223152067544], [139.71274101029783, 35.2623659987869]]}}, {"type": "Feature", "properties": {"id": "横浜横須賀道路-下り-0-381", "route": "横浜横須賀道路", "direction": "下り", "from": "浦賀ＩＣ", "to": "馬掘海岸ＩＣ", "grade": 0.0, "elevation_start": 34.1, "elevation_end": 34.1, "quality": "estimated", "structure": "bridge", "chain_rank": 0, "cum_dist_start": 19050.0, "cum_dist_end": 19100.0, "anomaly": false}, "geometry": {"type": "LineString", "coordinates": [[139.71274101029783, 35.2623659987869], [139.7129623353295, 35.262499502935555], [139.71318410851285, 35.262632509016846]]}}, {"type": "Feature", "properties": {"id": "横浜横須賀道路-下り-0-382", "route": "横浜横須賀道路", "direction": "下り", "from": "浦賀ＩＣ", "to": "馬掘海岸ＩＣ", "grade": 0.0, "elevation_start": 34.1, "elevation_end": 34.1, "quality": "estimated", "structure": "normal", "chain_rank": 0, "cum_dist_start": 19100.0, "cum_dist_end": 19150.0, "anomaly": false}, "geometry": {"type": "LineString", "coordinates": [[139.71318410851285, 35.262632509016846], [139.71340409905008, 35.26276748834348], [139.71361838192774, 35.26290847939047]]}}, {"type": "Feature", "properties": {"id": "横浜横須賀道路-下り-0-383", "route": "横浜横須賀道路", "direction": "下り", "from": "浦賀ＩＣ", "to": "馬掘海岸ＩＣ", "grade": 0.0, "elevation_start": 34.1, "elevation_end": 34.1, "quality": "estimated", "structure": "normal", "chain_rank": 0, "cum_dist_start": 19150.0, "cum_dist_end": 19200.0, "anomaly": false}, "geometry": {"type": "LineString", "coordinates": [[139.71361838192774, 35.26290847939047], [139.71381999675654, 35.26306047680608], [139.71389615660945, 35.26327223683355]]}}, {"type": "Feature", "properties": {"id": "横浜横須賀道路-下り-1-0", "route": "横浜横須賀道路", "direction": "下り", "from": null, "to": "別所ＩＣ", "grade": 0.0, "elevation_start": 58.8, "elevation_end": 58.8, "quality": "estimated", "structure": "bridge", "chain_rank": 1, "cum_dist_start": 0.0, "cum_dist_end": 50.0, "anomaly": false}, "geometry": {"type": "LineString", "coordinates": [[139.5748942, 35.4066305], [139.57483500912605, 35.40685055805747], [139.57477635481652, 35.407070705309486]]}}, {"type": "Feature", "properties": {"id": "横浜横須賀道路-下り-1-1", "route": "横浜横須賀道路", "direction": "下り", "from": null, "to": "別所ＩＣ", "grade": 0.0, "elevation_start": 58.8, "elevation_end": 58.8, "quality": "estimated", "structure": "bridge", "chain_rank": 1, "cum_dist_start": 50.0, "cum_dist_end": 100.0, "anomaly": false}, "geometry": {"type": "LineString", "coordinates": [[139.57477635481652, 35.407070705309486], [139.5747260310423, 35.407292237368885], [139.5746820301643, 35.40751466616206]]}}, {"type": "Feature", "properties": {"id": "横浜横須賀道路-下り-1-2", "route": "横浜横須賀道路", "direction": "下り", "from": null, "to": "別所ＩＣ", "grade": 0.0, "elevation_start": 58.8, "elevation_end": 58.8, "quality": "estimated", "structure": "bridge", "chain_rank": 1, "cum_dist_start": 100.0, "cum_dist_end": 150.0, "anomaly": false}, "geometry": {"type": "LineString", "coordinates": [[139.5746820301643, 35.40751466616206], [139.57465132158737, 35.40773851603741], [139.5746277310257, 35.40796292394909]]}}, {"type": "Feature", "properties": {"id": "横浜横須賀道路-下り-1-3", "route": "横浜横須賀道路", "direction": "下り", "from": null, "to": "別所ＩＣ", "grade": 0.0, "elevation_start": 58.8, "elevation_end": 58.8, "quality": "estimated", "structure": "bridge", "chain_rank": 1, "cum_dist_start": 150.0, "cum_dist_end": 200.0, "anomaly": false}, "geometry": {"type": "LineString", "coordinates": [[139.5746277310257, 35.40796292394909], [139.57462271292445, 35.4081882171441], [139.57462819815774, 35.408413401897185]]}}, {"type": "Feature", "properties": {"id": "横浜横須賀道路-下り-1-4", "route": "横浜横須賀道路", "direction": "下り", "from": null, "to": "別所ＩＣ", "grade": 0.0, "elevation_start": 58.8, "elevation_end": 58.8, "quality": "estimated", "structure": "bridge", "chain_rank": 1, "cum_dist_start": 200.0, "cum_dist_end": 250.0, "anomaly": false}, "geometry": {"type": "LineString", "coordinates": [[139.57462819815774, 35.408413401897185], [139.57464882217783, 35.408638020756904], [139.5746833435869, 35.40886156602427]]}}, {"type": "Feature", "properties": {"id": "横浜横須賀道路-下り-1-5", "route": "横浜横須賀道路", "direction": "下り", "from": null, "to": "別所ＩＣ", "grade": 0.0, "elevation_start": 58.8, "elevation_end": 58.8, "quality": "estimated", "structure": "bridge", "chain_rank": 1, "cum_dist_start": 250.0, "cum_dist_end": 300.0, "anomaly": false}, "geometry": {"type": "LineString", "coordinates": [[139.5746833435869, 35.40886156602427], [139.5747319025646, 35.40908328222195], [139.5748000794381, 35.4093015131018]]}}, {"type": "Feature", "properties": {"id": "横浜横須賀道路-下り-1-6", "route": "横浜横須賀道路", "direction": "下り", "from": null, "to": "別所ＩＣ", "grade": 0.0, "elevation_start": 58.8, "elevation_end": 58.8, "quality": "estimated", "structure": "normal", "chain_rank": 1, "cum_dist_start": 300.0, "cum_dist_end": 350.0, "anomaly": false}, "geometry": {"type": "LineString", "coordinates": [[139.5748000794381, 35.4093015131018], [139.5748797922031, 35.40951716202653], [139.57497498611374, 35.40972855462303]]}}, {"type": "Feature", "properties": {"id": "横浜横須賀道路-下り-1-7", "route": "横浜横須賀道路", "direction": "下り", "from": null, "to": "別所ＩＣ", "grade": 0.0, "elevation_start": 58.8, "elevation_end": 58.8, "quality": "estimated", "structure": "normal", "chain_rank": 1, "cum_dist_start": 350.0, "cum_dist_end": 400.0, "anomaly": false}, "geometry": {"type": "LineString", "coordinates": [[139.57497498611374, 35.40972855462303], [139.57508870347831, 35.40993364459734], [139.5752212079712, 35.410131131263604]]}}, {"type": "Feature", "properties": {"id": "横浜横須賀道路-下り-1-8", "route": "横浜横須賀道路", "direction": "下り", "from": null, "to": "別所ＩＣ", "grade": 0.02, "elevation_start": 58.8, "elevation_end": 58.9, "quality": "estimated", "structure": "normal", "chain_rank": 1, "cum_dist_start": 400.0, "cum_dist_end": 450.0, "anomaly": false}, "geometry": {"type": "LineString", "coordinates": [[139.5752212079712, 35.410131131263604], [139.5753641970508, 35.41032350820733], [139.57551903322724, 35.41050978844776]]}}, {"type": "Feature", "properties": {"id": "横浜横須賀道路-下り-1-9", "route": "横浜横須賀道路", "direction": "下り", "from": null, "to": "別所ＩＣ", "grade": 0.04, "elevation_start": 58.9, "elevation_end": 58.9, "quality": "measured", "structure": "normal", "chain_rank": 1, "cum_dist_start": 450.0, "cum_dist_end": 500.0, "anomaly": false}, "geometry": {"type": "LineString", "coordinates": [[139.57551903322724, 35.41050978844776], [139.5756870283214, 35.410688080643695], [139.5758679143288, 35.41085764061594]]}}, {"type": "Feature", "properties": {"id": "横浜横須賀道路-下り-1-10", "route": "横浜横須賀道路", "direction": "下り", "from": null, "to": "別所ＩＣ", "grade": 0.16, "elevation_start": 58.9, "elevation_end": 59.0, "quality": "measured", "structure": "normal", "chain_rank": 1, "cum_dist_start": 500.0, "cum_dist_end": 550.0, "anomaly": false}, "geometry": {"type": "LineString", "coordinates": [[139.5758679143288, 35.41085764061594], [139.57606070749938, 35.41101843962938], [139.5762648575558, 35.41116957304366]]}}, {"type": "Feature", "properties": {"id": "横浜横須賀道路-下り-1-11", "route": "横浜横須賀道路", "direction": "下り", "from": null, "to": "別所ＩＣ", "grade": 0.17, "elevation_start": 59.0, "elevation_end": 59.0, "quality": "measured", "structure": "normal", "chain_rank": 1, "cum_dist_start": 550.0, "cum_dist_end": 600.0, "anomaly": false}, "geometry": {"type": "LineString", "coordinates": [[139.5762648575558, 35.41116957304366], [139.57647859883232, 35.41131139698696], [139.57669500142222, 35.41145063779488]]}}, {"type": "Feature", "properties": {"id": "横浜横須賀道路-下り-1-12", "route": "横浜横須賀道路", "direction": "下り", "from": null, "to": "別所ＩＣ", "grade": 0.65, "elevation_start": 59.0, "elevation_end": 59.4, "quality": "measured", "structure": "normal", "chain_rank": 1, "cum_dist_start": 600.0, "cum_dist_end": 650.0, "anomaly": false}, "geometry": {"type": "LineString", "coordinates": [[139.57669500142222, 35.41145063779488], [139.57692121905748, 35.41157879354254], [139.57715019684443, 35.41170383198949]]}}, {"type": "Feature", "properties": {"id": "横浜横須賀道路-下り-1-13", "route": "横浜横須賀道路", "direction": "下り", "from": null, "to": "別所ＩＣ", "grade": 0.5, "elevation_start": 59.4, "elevation_end": 59.6, "quality": "measured", "structure": "normal", "chain_rank": 1, "cum_dist_start": 650.0, "cum_dist_end": 700.0, "anomaly": false}, "geometry": {"type": "LineString", "coordinates": [[139.57715019684443, 35.41170383198949], [139.5773792467095, 35.41182877928903], [139.57761237690508, 35.41194856675031]]}}, {"type": "Feature", "properties": {"id": "横浜横須賀道路-下り-1-14", "route": "横浜横須賀道路", "direction": "下り", "from": null, "to": "別所ＩＣ", "grade": 0.47, "elevation_start": 59.6, "elevation_end": 59.8, "quality": "measured", "structure": "normal", "chain_rank": 1, "cum_dist_start": 700.0, "cum_dist_end": 750.0, "anomaly": false}, "geometry": {"type": "LineString", "coordinates": [[139.57761237690508, 35.41194856675031], [139.57784550710065, 35.41206835421159], [139.57807863729622, 35.41218814167287]]}}, {"type": "Feature", "properties": {"id": "横浜横須賀道路-下り-1-15", "route": "横浜横須賀道路", "direction": "下り", "from": null, "to": "別所ＩＣ", "grade": 0.24, "elevation_start": 59.8, "elevation_end": 60.0, "quality": "measured", "structure": "normal", "chain_rank": 1, "cum_dist_start": 750.0, "cum_dist_end": 800.0, "anomaly": false}, "geometry": {"type": "LineString", "coordinates": [[139.57807863729622, 35.41218814167287], [139.57831176749178, 35.41230792913415], [139.57854489768735, 35.41242771659543]]}}, {"type": "Feature", "properties": {"id": "横浜横須賀道路-下り-1-16", "route": "横浜横須賀道路", "direction": "下り", "from": null, "to": "別所ＩＣ", "grade": 0.15, "elevation_start": 60.0, "elevation_end": 60.0, "quality": "estimated", "structure": "normal", "chain_rank": 1, "cum_dist_start": 800.0, "cum_dist_end": 850.0, "anomaly": false}, "geometry": {"type": "LineString", "coordinates": [[139.57854489768735, 35.41242771659543], [139.5787718609304, 35.412554956343214], [139.57899107625317, 35.41269103418301]]}}, {"type": "Feature", "properties": {"id": "横浜横須賀道路-下り-1-17", "route": "横浜横須賀道路", "direction": "下り", "from": null, "to": "別所ＩＣ", "grade": 0.02, "elevation_start": 60.0, "elevation_end": 60.1, "quality": "estimated", "structure": "normal", "chain_rank": 1, "cum_dist_start": 850.0, "cum_dist_end": 900.0, "anomaly": false}, "geometry": {"type": "LineString", "coordinates": [[139.57899107625317, 35.41269103418301], [139.5792001356789, 35.41283755453909], [139.5793979523624, 35.41299423475504]]}}, {"type": "Feature", "properties": {"id": "横浜横須賀道路-下り-1-18", "route": "横浜横須賀道路", "direction": "下り", "from": null, "to": "別所ＩＣ", "grade": 0.02, "elevation_start": 60.1, "elevation_end": 60.1, "quality": "estimated", "structure": "normal", "chain_rank": 1, "cum_dist_start": 900.0, "cum_dist_end": 950.0, "anomaly": false}, "geometry": {"type": "LineString", "coordinates": [[139.5793979523624, 35.41299423475504], [139.57958425472796, 35.41316007772346], [139.57975759067722, 35.41333510862341]]}}, {"type": "Feature", "properties": {"id": "横浜横須賀道路-下り-1-19", "route": "横浜横須賀道路", "direction": "下り", "from": null, "to": "別所ＩＣ", "grade": 0.02, "elevation_start": 60.1, "elevation_end": 60.1, "quality": "estimated", "structure": "bridge", "chain_rank": 1, "cum_dist_start": 950.0, "cum_dist_end": 1000.0, "anomaly": false}, "geometry": {"type": "LineString", "coordinates": [[139.57975759067722, 35.41333510862341], [139.5799160905803, 35.413519230188044], [139.58005799353927, 35.413712271684915]]}}, {"type": "Feature", "properties": {"id": "横浜横須賀道路-下り-1-20", "route": "横浜横須賀道路", "direction": "下り", "from": null, "to": "別所ＩＣ", "grade": 0.02, "elevation_start": 60.1, "elevation_end": 60.1, "quality": "estimated", "structure": "bridge", "chain_rank": 1, "cum_dist_start": 1000.0, "cum_dist_end": 1050.0, "anomaly": false}, "geometry": {"type": "LineString", "coordinates": [[139.58005799353927, 35.413712271684915], [139.580185990826, 35.4139116716398], [139.58029951992455, 35.41411692790744]]}}, {"type": "Feature", "properties": {"id": "横浜横須賀道路-下り-1-21", "route": "横浜横須賀道路", "direction": "下り", "from": null, "to": "別所ＩＣ", "grade": 0.02, "elevation_start": 60.1, "elevation_end": 60.1, "quality": "estimated", "structure": "normal", "chain_rank": 1, "cum_dist_start": 1050.0, "cum_dist_end": 1100.0, "anomaly": false}, "geometry": {"type": "LineString", "coordinates": [[139.58029951992455, 35.41411692790744], [139.58039942694447, 35.41432668175181], [139.5804833640062, 35.41454122334535]]}}, {"type": "Feature", "properties": {"id": "横浜横須賀道路-下り-1-22", "route": "横浜横須賀道路", "direction": "下り", "from": null, "to": "別所ＩＣ", "grade": 0.02, "elevation_start": 60.1, "elevation_end": 60.1, "quality": "estimated", "structure": "normal", "chain_rank": 1, "cum_dist_start": 1100.0, "cum_dist_end": 1150.0, "anomaly": false}, "geometry": {"type": "LineString", "coordinates": [[139.5804833640062, 35.41454122334535], [139.5805467216325, 35.41476035164113], [139.58059062502207, 35.41498275805739]]}}, {"type": "Feature", "properties": {"id": "横浜横須賀道路-下り-1-23", "route": "横浜横須賀道路", "direction": "下り", "from": null, "to": "別所ＩＣ", "grade": 0.02, "elevation_start": 60.1, "elevation_end": 60.1, "quality": "estimated", "structure": "normal", "chain_rank": 1, "cum_dist_start": 1150.0, "cum_dist_end": 1200.0, "anomaly": false}, "geometry": {"type": "LineString", "coordinates": [[139.58059062502207, 35.41498275805739], [139.58062138475185, 35.415206660660715], [139.58063608828252, 35.41543164824518]]}}, {"type": "Feature", "properties": {"id": "横浜横須賀道路-下り-1-24", "route": "横浜横須賀道路", "direction": "下り", "from": null, "to": "別所ＩＣ", "grade": 0.02, "elevation_start": 60.1, "elevation_end": 60.1, "quality": "estimated", "structure": "normal", "chain_rank": 1, "cum_dist_start": 1200.0, "cum_dist_end": 1250.0, "anomaly": false}, "geometry": {"type": "LineString", "coordinates": [[139.58063608828252, 35.41543164824518], [139.5806323840669, 35.41565695420467], [139.5806133800372, 35.4158817468908]]}}, {"type": "Feature", "properties": {"id": "横浜横須賀道路-下り-1-25", "route": "横浜横須賀道路", "direction": "下り", "from": null, "to": "別所ＩＣ", "grade": 0.02, "elevation_start": 60.1, "elevation_end": 60.1, "quality": "estimated", "structure": "normal", "chain_rank": 1, "cum_dist_start": 1250.0, "cum_dist_end": 1300.0, "anomaly": false}, "geometry": {"type": "LineString", "coordinates": [[139.5806133800372, 35.4158817468908], [139.5805863382409, 35.41610594362423], [139.5805546425279, 35.416329772337875]]}}, {"type": "Feature", "properties": {"id": "横浜横須賀道路-下り-1-26", "route": "横浜横須賀道路", "direction": "下り", "from": null, "to": "別所ＩＣ", "grade": 0.02, "elevation_start": 60.1, "elevation_end": 60.2, "quality": "estimated", "structure": "bridge", "chain_rank": 1, "cum_dist_start": 1300.0, "cum_dist_end": 1350.0, "anomaly": false}, "geometry": {"type": "LineString", "coordinates": [[139.5805546425279, 35.416329772337875], [139.580520235903, 35.416553327637985], [139.58048050018428, 35.41677629779407]]}}, {"type": "Feature", "properties": {"id": "横浜横須賀道路-下り-1-27", "route": "横浜横須賀道路", "direction": "下り", "from": "別所ＩＣ", "to": null, "grade": 0.02, "elevation_start": 60.2, "elevation_end": 60.2, "quality": "estimated", "structure": "bridge", "chain_rank": 1, "cum_dist_start": 1350.0, "cum_dist_end": 1400.0, "anomaly": false}, "geometry": {"type": "LineString", "coordinates": [[139.58048050018428, 35.41677629779407], [139.58044278535277, 35.41699950205616], [139.58040538836002, 35.41722274313769]]}}, {"type": "Feature", "properties": {"id": "横浜横須賀道路-下り-1-28", "route": "横浜横須賀道路", "direction": "下り", "from": "別所ＩＣ", "to": null, "grade": 0.02, "elevation_start": 60.2, "elevation_end": 60.2, "quality": "estimated", "structure": "normal", "chain_rank": 1, "cum_dist_start": 1400.0, "cum_dist_end": 1450.0, "anomaly": false}, "geometry": {"type": "LineString", "coordinates": [[139.58040538836002, 35.41722274313769], [139.58036799136727, 35.41744598421923], [139.58033059437452, 35.41766922530077]]}}, {"type": "Feature", "properties": {"id": "横浜横須賀道路-下り-1-29", "route": "横浜横須賀道路", "direction": "下り", "from": "別所ＩＣ", "to": null, "grade": 0.02, "elevation_start": 60.2, "elevation_end": 60.2, "quality": "estimated", "structure": "normal", "chain_rank": 1, "cum_dist_start": 1450.0, "cum_dist_end": 1500.0, "anomaly": false}, "geometry": {"type": "LineString", "coordinates": [[139.58033059437452, 35.41766922530077], [139.58029319738176, 35.417892466382305], [139.580255800389, 35.41811570746385]]}}, {"type": "Feature", "properties": {"id": "横浜横須賀道路-下り-1-30", "route": "横浜横須賀道路", "direction": "下り", "from": "別所ＩＣ", "to": null, "grade": -0.12, "elevation_start": 60.2, "elevation_end": 60.1, "quality": "estimated", "structure": "normal", "chain_rank": 1, "cum_dist_start": 1500.0, "cum_dist_end": 1550.0, "anomaly": false}, "geometry": {"type": "LineString", "coordinates": [[139.580255800389, 35.41811570746385], [139.58021822652518, 35.418338928276384], [139.58017929007312, 35.418561992939644]]}}, {"type": "Feature", "properties": {"id": "横浜横須賀道路-下り-1-31", "route": "横浜横須賀道路", "direction": "下り", "from": "別所ＩＣ", "to": null, "grade": -0.16, "elevation_start": 60.1, "elevation_end": 60.1, "quality": "measured", "structure": "normal", "chain_rank": 1, "cum_dist_start": 1550.0, "cum_dist_end": 1600.0, "anomaly": false}, "geometry": {"type": "LineString", "coordinates": [[139.58017929007312, 35.418561992939644], [139.58014035362106, 35.418785057602896], [139.5801049081387, 35.41900850529494]]}}, {"type": "Feature", "properties": {"id": "横浜横須賀道路-下り-1-32", "route": "横浜横須賀道路", "direction": "下り", "from": "別所ＩＣ", "to": null, "grade": -0.13, "elevation_start": 60.1, "elevation_end": 60.0, "quality": "measured", "structure": "normal", "chain_rank": 1, "cum_dist_start": 1600.0, "cum_dist_end": 1650.0, "anomaly": false}, "geometry": {"type": "LineString", "coordinates": [[139.5801049081387, 35.41900850529494], [139.5800707106183, 35.419232089913216], [139.58004469206486, 35.41945635010205]]}}, {"type": "Feature", "properties": {"id": "横浜横須賀道路-下り-1-33", "route": "横浜横須賀道路", "direction": "下り", "from": "別所ＩＣ", "to": null, "grade": 0.1, "elevation_start": 60.0, "elevation_end": 60.0, "quality": "measured", "structure": "normal", "chain_rank": 1, "cum_dist_start": 1650.0, "cum_dist_end": 1700.0, "anomaly": false}, "geometry": {"type": "LineString", "coordinates": [[139.58004469206486, 35.41945635010205], [139.58002717920004, 35.41968118583299], [139.58001683809965, 35.41990635698849]]}}, {"type": "Feature", "properties": {"id": "横浜横須賀道路-下り-1-34", "route": "横浜横須賀道路", "direction": "下り", "from": "別所ＩＣ", "to": null, "grade": 0.21, "elevation_start": 60.0, "elevation_end": 60.1, "quality": "measured", "structure": "normal", "chain_rank": 1, "cum_dist_start": 1700.0, "cum_dist_end": 1750.0, "anomaly": false}, "geometry": {"type": "LineString", "coordinates": [[139.58001683809965, 35.41990635698849], [139.5800200258686, 35.42013157885133], [139.58002784696257, 35.42035681808027]]}}, {"type": "Feature", "properties": {"id": "横浜横須賀道路-下り-1-35", "route": "横浜横須賀道路", "direction": "下り", "from": "別所ＩＣ", "to": null, "grade": 0.3, "elevation_start": 60.1, "elevation_end": 60.3, "quality": "measured", "structure": "normal", "chain_rank": 1, "cum_dist_start": 1750.0, "cum_dist_end": 1800.0, "anomaly": false}, "geometry": {"type": "LineString", "coordinates": [[139.58002784696257, 35.42035681808027], [139.58003557099784, 35.42058205952108], [139.58007014658344, 35.42080553846444]]}}, {"type": "Feature", "properties": {"id": "横浜横須賀道路-下り-1-36", "route": "横浜横須賀道路", "direction": "下り", "from": "別所ＩＣ", "to": null, "grade": 0.58, "elevation_start": 60.3, "elevation_end": 60.6, "quality": "measured", "structure": "normal", "chain_rank": 1, "cum_dist_start": 1800.0, "cum_dist_end": 1850.0, "anomaly": false}, "geometry": {"type": "LineString", "coordinates": [[139.58007014658344, 35.42080553846444], [139.58010635741906, 35.421028910586614], [139.58014256825464, 35.421252282708785]]}}, {"type": "Feature", "properties": {"id": "横浜横須賀道路-下り-1-37", "route": "横浜横須賀道路", "direction": "下り", "from": "別所ＩＣ", "to": null, "grade": 0.88, "elevation_start": 60.6, "elevation_end": 61.0, "quality": "measured", "structure": "normal", "chain_rank": 1, "cum_dist_start": 1850.0, "cum_dist_end": 1900.0, "anomaly": false}, "geometry": {"type": "LineString", "coordinates": [[139.58014256825464, 35.421252282708785], [139.5801930906532, 35.421473649167744], [139.5802502136605, 35.42169406449048]]}}, {"type": "Feature", "properties": {"id": "横浜横須賀道路-下り-1-38", "route": "横浜横須賀道路", "direction": "下り", "from": "別所ＩＣ", "to": null, "grade": 0.84, "elevation_start": 61.0, "elevation_end": 61.4, "quality": "measured", "structure": "normal", "chain_rank": 1, "cum_dist_start": 1900.0, "cum_dist_end": 1950.0, "anomaly": false}, "geometry": {"type": "LineString", "coordinates": [[139.5802502136605, 35.42169406449048], [139.58031999167494, 35.42191203539299], [139.5803897696894, 35.422130006295504]]}}, {"type": "Feature", "properties": {"id": "横浜横須賀道路-下り-1-39", "route": "横浜横須賀道路", "direction": "下り", "from": "別所ＩＣ", "to": null, "grade": 0.54, "elevation_start": 61.4, "elevation_end": 61.7, "quality": "measured", "structure": "normal", "chain_rank": 1, "cum_dist_start": 1950.0, "cum_dist_end": 2000.0, "anomaly": false}, "geometry": {"type": "LineString", "coordinates": [[139.5803897696894, 35.422130006295504], [139.58045485520552, 35.42234894732659], [139.58051988421172, 35.42256790004057]]}}, {"type": "Feature", "properties": {"id": "横浜横須賀道路-下り-1-40", "route": "横浜横須賀道路", "direction": "下り", "from": "別所ＩＣ", "to": null, "grade": 0.21, "elevation_start": 61.7, "elevation_end": 61.8, "quality": "measured", "structure": "normal", "chain_rank": 1, "cum_dist_start": 2000.0, "cum_dist_end": 2050.0, "anomaly": false}, "geometry": {"type": "LineString", "coordinates": [[139.58051988421172, 35.42256790004057], [139.5805747484318, 35.42278867534424], [139.58063777511495, 35.42300802009343]]}}, {"type": "Feature", "properties": {"id": "横浜横須賀道路-下り-1-41", "route": "横浜横須賀道路", "direction": "下り", "from": "別所ＩＣ", "to": null, "grade": 0.5, "elevation_start": 61.8, "elevation_end": 62.1, "quality": "measured", "structure": "normal", "chain_rank": 1, "cum_dist_start": 2050.0, "cum_dist_end": 2100.0, "anomaly": false}, "geometry": {"type": "LineString", "coordinates": [[139.58063777511495, 35.42300802009343], [139.58071363921934, 35.423224242760476], [139.58081873275702, 35.42343250622016]]}}, {"type": "Feature", "properties": {"id": "横浜横須賀道路-下り-1-42", "route": "横浜横須賀道路", "direction": "下り", "from": "別所ＩＣ", "to": null, "grade": 0.38, "elevation_start": 62.1, "elevation_end": 62.3, "quality": "measured", "structure": "normal", "chain_rank": 1, "cum_dist_start": 2100.0, "cum_dist_end": 2150.0, "anomaly": false}, "geometry": {"type": "LineString", "coordinates": [[139.58081873275702, 35.42343250622016], [139.58092772928205, 35.423639403028176], [139.58104641959318, 35.42384264441272]]}}, {"type": "Feature", "properties": {"id": "横浜横須賀道路-下り-1-43", "route": "横浜横須賀道路", "direction": "下り", "from": "別所ＩＣ", "to": null, "grade": 0.25, "elevation_start": 62.3, "elevation_end": 62.4, "quality": "measured", "structure": "normal", "chain_rank": 1, "cum_dist_start": 2150.0, "cum_dist_end": 2200.0, "anomaly": false}, "geometry": {"type": "LineString", "coordinates": [[139.58104641959318, 35.42384264441272], [139.58116983469856, 35.42404406122862], [139.58129434201655, 35.42424501141986]]}}, {"type": "Feature", "properties": {"id": "横浜横須賀道路-下り-1-44", "route": "横浜横須賀道路", "direction": "下り", "from": "別所ＩＣ", "to": null, "grade": 0.17, "elevation_start": 62.4, "elevation_end": 62.5, "quality": "estimated", "structure": "normal", "chain_rank": 1, "cum_dist_start": 2200.0, "cum_dist_end": 2250.0, "anomaly": false}, "geometry": {"type": "LineString", "coordinates": [[139.58129434201655, 35.42424501141986], [139.58142114440585, 35.4244449062799], [139.58153338039094, 35.424650645271605]]}}, {"type": "Feature", "properties": {"id": "横浜横須賀道路-下り-1-45", "route": "横浜横須賀道路", "direction": "下り", "from": "別所ＩＣ", "to": null, "grade": 0.1, "elevation_start": 62.5, "elevation_end": 62.5, "quality": "estimated", "structure": "normal", "chain_rank": 1, "cum_dist_start": 2250.0, "cum_dist_end": 2300.0, "anomaly": false}, "geometry": {"type": "LineString", "coordinates": [[139.58153338039094, 35.424650645271605], [139.5816423413794, 35.424857573426806], [139.58174078812152, 35.42506793304688]]}}, {"type": "Feature", "properties": {"id": "横浜横須賀道路-下り-1-46", "route": "横浜横須賀道路", "direction": "下り", "from": "別所ＩＣ", "to": null, "grade": 0.1, "elevation_start": 62.5, "elevation_end": 62.6, "quality": "estimated", "structure": "normal", "chain_rank": 1, "cum_dist_start": 2300.0, "cum_dist_end": 2350.0, "anomaly": false}, "geometry": {"type": "LineString", "coordinates": [[139.58174078812152, 35.42506793304688], [139.58183565797458, 35.425279460032534], [139.58193052782764, 35.425490987018186]]}}, {"type": "Feature", "properties": {"id": "横浜横須賀道路-下り-1-47", "route": "横浜横須賀道路", "direction": "下り", "from": "別所ＩＣ", "to": null, "grade": 0.1, "elevation_start": 62.6, "elevation_end": 62.6, "quality": "estimated", "structure": "bridge", "chain_rank": 1, "cum_dist_start": 2350.0, "cum_dist_end": 2400.0, "anomaly": false}, "geometry": {"type": "LineString", "coordinates": [[139.58193052782764, 35.425490987018186], [139.5820253976807, 35.42570251400384], [139.58212127473777, 35.4259137366339]]}}, {"type": "Feature", "properties": {"id": "横浜横須賀道路-下り-1-48", "route": "横浜横須賀道路", "direction": "下り", "from": "別所ＩＣ", "to": null, "grade": 0.1, "elevation_start": 62.6, "elevation_end": 62.7, "quality": "estimated", "structure": "bridge", "chain_rank": 1, "cum_dist_start": 2400.0, "cum_dist_end": 2450.0, "anomaly": false}, "geometry": {"type": "LineString", "coordinates": [[139.58212127473777, 35.4259137366339], [139.58221506902746, 35.42612554270862], [139.58229759507125, 35.42634050974206]]}}, {"type": "Feature", "properties": {"id": "横浜横須賀道路-下り-1-49", "route": "横浜横須賀道路", "direction": "下り", "from": "別所ＩＣ", "to": null, "grade": 0.1, "elevation_start": 62.7, "elevation_end": 62.7, "quality": "estimated", "structure": "bridge", "chain_rank": 1, "cum_dist_start": 2450.0, "cum_dist_end": 2500.0, "anomaly": false}, "geometry": {"type": "LineString", "coordinates": [[139.58229759507125, 35.42634050974206], [139.58237442077876, 35.426556834276724], [139.5824456713281, 35.42677448650219]]}}, {"type": "Feature", "properties": {"id": "横浜横須賀道路-下り-1-50", "route": "横浜横須賀道路", "direction": "下り", "from": "別所ＩＣ", "to": null, "grade": 0.1, "elevation_start": 62.7, "elevation_end": 62.8, "quality": "estimated", "structure": "bridge", "chain_rank": 1, "cum_dist_start": 2500.0, "cum_dist_end": 2550.0, "anomaly": false}, "geometry": {"type": "LineString", "coordinates": [[139.5824456713281, 35.42677448650219], [139.58250005692108, 35.42699536030398], [139.5825450255905, 35.42721750253951]]}}, {"type": "Feature", "properties": {"id": "横浜横須賀道路-下り-1-51", "route": "横浜横須賀道路", "direction": "下り", "from": "別所ＩＣ", "to": null, "grade": 0.1, "elevation_start": 62.8, "elevation_end": 62.8, "quality": "estimated", "structure": "bridge", "chain_rank": 1, "cum_dist_start": 2550.0, "cum_dist_end": 2600.0, "anomaly": false}, "geometry": {"type": "LineString", "coordinates": [[139.5825450255905, 35.42721750253951], [139.5825782059861, 35.42744118985861], [139.5826113863817, 35.427664877177705]]}}, {"type": "Feature", "properties": {"id": "横浜横須賀道路-下り-1-52", "route": "横浜横須賀道路", "direction": "下り", "from": "別所ＩＣ", "to": null, "grade": 0.1, "elevation_start": 62.8, "elevation_end": 62.9, "quality": "estimated", "structure": "bridge", "chain_rank": 1, "cum_dist_start": 2600.0, "cum_dist_end": 2650.0, "anomaly": false}, "geometry": {"type": "LineString", "coordinates": [[139.5826113863817, 35.427664877177705], [139.58263956051783, 35.42788896649722], [139.58266002211408, 35.42811367057089]]}}, {"type": "Feature", "properties": {"id": "横浜横須賀道路-下り-1-53", "route": "横浜横須賀道路", "direction": "下り", "from": "別所ＩＣ", "to": null, "grade": 0.1, "elevation_start": 62.9, "elevation_end": 62.9, "quality": "estimated", "structure": "bridge", "chain_rank": 1, "cum_dist_start": 2650.0, "cum_dist_end": 2700.0, "anomaly": false}, "geometry": {"type": "LineString", "coordinates": [[139.58266002211408, 35.42811367057089], [139.58266365748298, 35.42833898082074], [139.58266460741078, 35.42856430661504]]}}, {"type": "Feature", "properties": {"id": "横浜横須賀道路-下り-1-54", "route": "横浜横須賀道路", "direction": "下り", "from": "別所ＩＣ", "to": null, "grade": 0.1, "elevation_start": 62.9, "elevation_end": 63.0, "quality": "estimated", "structure": "bridge", "chain_rank": 1, "cum_dist_start": 2700.0, "cum_dist_end": 2750.0, "anomaly": false}, "geometry": {"type": "LineString", "coordinates": [[139.58266460741078, 35.42856430661504], [139.58266035995348, 35.42878952408263], [139.58264335560352, 35.42901442372047]]}}, {"type": "Feature", "properties": {"id": "横浜横須賀道路-下り-1-55", "route": "横浜横須賀道路", "direction": "下り", "from": "別所ＩＣ", "to": null, "grade": 0.1, "elevation_start": 63.0, "elevation_end": 63.0, "quality": "estimated", "structure": "bridge", "chain_rank": 1, "cum_dist_start": 2750.0, "cum_dist_end": 2800.0, "anomaly": false}, "geometry": {"type": "LineString", "coordinates": [[139.58264335560352, 35.42901442372047], [139.5826195928051, 35.429238791162426], [139.58258389797498, 35.42946221901328]]}}, {"type": "Feature", "properties": {"id": "横浜横須賀道路-下り-1-56", "route": "横浜横須賀道路", "direction": "下り", "from": "別所ＩＣ", "to": null, "grade": 0.1, "elevation_start": 63.0, "elevation_end": 63.1, "quality": "estimated", "structure": "bridge", "chain_rank": 1, "cum_dist_start": 2800.0, "cum_dist_end": 2850.0, "anomaly": false}, "geometry": {"type": "LineString", "coordinates": [[139.58258389797498, 35.42946221901328], [139.58254820314488, 35.42968564686414], [139.582491565146, 35.42990613893168]]}}, {"type": "Feature", "properties": {"id": "横浜横須賀道路-下り-1-57", "route": "横浜横須賀道路", "direction": "下り", "from": "別所ＩＣ", "to": null, "grade": 0.1, "elevation_start": 63.1, "elevation_end": 63.1, "quality": "estimated", "structure": "bridge", "chain_rank": 1, "cum_dist_start": 2850.0, "cum_dist_end": 2900.0, "anomaly": false}, "geometry": {"type": "LineString", "coordinates": [[139.582491565146, 35.42990613893168], [139.5824343834909, 35.43012655479026], [139.5823861563061, 35.43034836090193]]}}, {"type": "Feature", "properties": {"id": "横浜横須賀道路-下り-1-58", "route": "横浜横須賀道路", "direction": "下り", "from": "別所ＩＣ", "to": null, "grade": 0.1, "elevation_start": 63.1, "elevation_end": 63.2, "quality": "estimated", "structure": "bridge", "chain_rank": 1, "cum_dist_start": 2900.0, "cum_dist_end": 2950.0, "anomaly": false}, "geometry": {"type": "LineString", "coordinates": [[139.5823861563061, 35.43034836090193], [139.58233938548904, 35.43057041364892], [139.5822918414202, 35.43079235800662]]}}, {"type": "Feature", "properties": {"id": "横浜横須賀道路-下り-1-59", "route": "横浜横須賀道路", "direction": "下り", "from": "別所ＩＣ", "to": null, "grade": 0.1, "elevation_start": 63.2, "elevation_end": 63.2, "quality": "estimated", "structure": "bridge", "chain_rank": 1, "cum_dist_start": 2950.0, "cum_dist_end": 3000.0, "anomaly": false}, "geometry": {"type": "LineString", "coordinates": [[139.5822918414202, 35.43079235800662], [139.58224429735137, 35.431014302364325], [139.58219675328252, 35.43123624672202]]}}, {"type": "Feature", "properties": {"id": "横浜横須賀道路-下り-1-60", "route": "横浜横須賀道路", "direction": "下り", "from": "別所ＩＣ", "to": null, "grade": 0.1, "elevation_start": 63.2, "elevation_end": 63.3, "quality": "estimated", "structure": "bridge", "chain_rank": 1, "cum_dist_start": 3000.0, "cum_dist_end": 3050.0, "anomaly": false}, "geometry": {"type": "LineString", "coordinates": [[139.58219675328252, 35.43123624672202], [139.58214804101894, 35.431458018980386], [139.58209802746194, 35.4316795995312]]}}, {"type": "Feature", "properties": {"id": "横浜横須賀道路-下り-1-61", "route": "横浜横須賀道路", "direction": "下り", "from": "別所ＩＣ", "to": null, "grade": 0.1, "elevation_start": 63.3, "elevation_end": 63.3, "quality": "estimated", "structure": "normal", "chain_rank": 1, "cum_dist_start": 3050.0, "cum_dist_end": 3100.0, "anomaly": false}, "geometry": {"type": "LineString", "coordinates": [[139.58209802746194, 35.4316795995312], [139.5820480139049, 35.43190118008202], [139.58199800034788, 35.432122760632836]]}}, {"type": "Feature", "properties": {"id": "横浜横須賀道路-下り-1-62", "route": "横浜横須賀道路", "direction": "下り", "from": "別所ＩＣ", "to": null, "grade": 0.1, "elevation_start": 63.3, "elevation_end": 63.4, "quality": "estimated", "structure": "normal", "chain_rank": 1, "cum_dist_start": 3100.0, "cum_dist_end": 3150.0, "anomaly": false}, "geometry": {"type": "LineString", "coordinates": [[139.58199800034788, 35.432122760632836], [139.58194798679085, 35.43234434118366], [139.58189797323382, 35.43256592173447]]}}, {"type": "Feature", "properties": {"id": "横浜横須賀道路-下り-1-63", "route": "横浜横須賀道路", "direction": "下り", "from": "別所ＩＣ", "to": null, "grade": 0.5, "elevation_start": 63.4, "elevation_end": 63.6, "quality": "estimated", "structure": "normal", "chain_rank": 1, "cum_dist_start": 3150.0, "cum_dist_end": 3200.0, "anomaly": false}, "geometry": {"type": "LineString", "coordinates": [[139.58189797323382, 35.43256592173447], [139.58185463659572, 35.43278839018751], [139.5818163646938, 35.433011532153365]]}}, {"type": "Feature", "properties": {"id": "横浜横須賀道路-下り-1-64", "route": "横浜横須賀道路", "direction": "下り", "from": "別所ＩＣ", "to": null, "grade": -0.33, "elevation_start": 63.6, "elevation_end": 63.4, "quality": "measured", "structure": "normal", "chain_rank": 1, "cum_dist_start": 3200.0, "cum_dist_end": 3250.0, "anomaly": false}, "geometry": {"type": "LineString", "coordinates": [[139.5818163646938, 35.433011532153365], [139.58177809279186, 35.43323467411922], [139.58174263601475, 35.43345810999985]]}}, {"type": "Feature", "properties": {"id": "横浜横須賀道路-下り-1-65", "route": "横浜横須賀道路", "direction": "下り", "from": "別所ＩＣ", "to": null, "grade": 0.02, "elevation_start": 63.4, "elevation_end": 63.5, "quality": "measured", "structure": "normal", "chain_rank": 1, "cum_dist_start": 3250.0, "cum_dist_end": 3300.0, "anomaly": false}, "geometry": {"type": "LineString", "coordinates": [[139.58174263601475, 35.43345810999985], [139.5817112356878, 35.43368196939655], [139.58168044798867, 35.43390587333052]]}}, {"type": "Feature", "properties": {"id": "横浜横須賀道路-下り-1-66", "route": "横浜横須賀道路", "direction": "下り", "from": "別所ＩＣ", "to": null, "grade": -0.36, "elevation_start": 63.5, "elevation_end": 63.3, "quality": "measured", "structure": "normal", "chain_rank": 1, "cum_dist_start": 3300.0, "cum_dist_end": 3350.0, "anomaly": false}, "geometry": {"type": "LineString", "coordinates": [[139.58168044798867, 35.43390587333052], [139.58166314421894, 35.434130757529054], [139.5816458404492, 35.434355641727585]]}}, {"type": "Feature", "properties": {"id": "横浜横須賀道路-下り-1-67", "route": "横浜横須賀道路", "direction": "下り", "from": "別所ＩＣ", "to": null, "grade": -0.54, "elevation_start": 63.3, "elevation_end": 63.0, "quality": "measured", "structure": "normal", "chain_rank": 1, "cum_dist_start": 3350.0, "cum_dist_end": 3400.0, "anomaly": false}, "geometry": {"type": "LineString", "coordinates": [[139.5816458404492, 35.434355641727585], [139.58162853667946, 35.434580525926116], [139.58162134597694, 35.434805771937526]]}}, {"type": "Feature", "properties": {"id": "横浜横須賀道路-下り-1-68", "route": "横浜横須賀道路", "direction": "下り", "from": "別所ＩＣ", "to": null, "grade": -0.77, "elevation_start": 63.0, "elevation_end": 62.6, "quality": "measured", "structure": "normal", "chain_rank": 1, "cum_dist_start": 3400.0, "cum_dist_end": 3450.0, "anomaly": false}, "geometry": {"type": "LineString", "coordinates": [[139.58162134597694, 35.434805771937526], [139.58161460496646, 35.43503103403746], [139.581612159049, 35.435256323259246]]}}, {"type": "Feature", "properties": {"id": "横浜横須賀道路-下り-1-69", "route": "横浜横須賀道路", "direction": "下り", "from": "別所ＩＣ", "to": null, "grade": -1.18, "elevation_start": 62.6, "elevation_end": 62.0, "quality": "measured", "structure": "normal", "chain_rank": 1, "cum_dist_start": 3450.0, "cum_dist_end": 3500.0, "anomaly": false}, "geometry": {"type": "LineString", "coordinates": [[139.581612159049, 35.435256323259246], [139.58161465045578, 35.43548164365831], [139.58161714186255, 35.43570696405739]]}}, {"type": "Feature", "properties": {"id": "横浜横須賀道路-下り-1-70", "route": "横浜横須賀道路", "direction": "下り", "from": "別所ＩＣ", "to": null, "grade": -1.5, "elevation_start": 62.0, "elevation_end": 61.3, "quality": "measured", "structure": "normal", "chain_rank": 1, "cum_dist_start": 3500.0, "cum_dist_end": 3550.0, "anomaly": false}, "geometry": {"type": "LineString", "coordinates": [[139.58161714186255, 35.43570696405739], [139.58162140966158, 35.43593224430603], [139.58163411576678, 35.43615733383008]]}}, {"type": "Feature", "properties": {"id": "横浜横須賀道路-下り-1-71", "route": "横浜横須賀道路", "direction": "下り", "from": "別所ＩＣ", "to": null, "grade": -1.86, "elevation_start": 61.3, "elevation_end": 60.4, "quality": "measured", "structure": "normal", "chain_rank": 1, "cum_dist_start": 3550.0, "cum_dist_end": 3600.0, "anomaly": false}, "geometry": {"type": "LineString", "coordinates": [[139.58163411576678, 35.43615733383008], [139.581646821872, 35.43638242335414], [139.58166089489728, 35.43660745193763]]}}, {"type": "Feature", "properties": {"id": "横浜横須賀道路-下り-1-72", "route": "横浜横須賀道路", "direction": "下り", "from": "別所ＩＣ", "to": null, "grade": -1.92, "elevation_start": 60.4, "elevation_end": 59.4, "quality": "measured", "structure": "normal", "chain_rank": 1, "cum_dist_start": 3600.0, "cum_dist_end": 3650.0, "anomaly": false}, "geometry": {"type": "LineString", "coordinates": [[139.58166089489728, 35.43660745193763], [139.5816781381848, 35.43683233918326], [139.5817032970404, 35.437056717983644]]}}, {"type": "Feature", "properties": {"id": "横浜横須賀道路-下り-1-73", "route": "横浜横須賀道路", "direction": "下り", "from": "別所ＩＣ", "to": null, "grade": -2.07, "elevation_start": 59.4, "elevation_end": 58.4, "quality": "measured", "structure": "normal", "chain_rank": 1, "cum_dist_start": 3650.0, "cum_dist_end": 3700.0, "anomaly": false}, "geometry": {"type": "LineString", "coordinates": [[139.5817032970404, 35.437056717983644], [139.58172913464546, 35.437281053185515], [139.5817549722505, 35.437505388387386]]}}, {"type": "Feature", "properties": {"id": "横浜横須賀道路-下り-1-74", "route": "横浜横須賀道路", "direction": "下り", "from": "別所ＩＣ", "to": null, "grade": -2.25, "elevation_start": 58.4, "elevation_end": 57.2, "quality": "measured", "structure": "normal", "chain_rank": 1, "cum_dist_start": 3700.0, "cum_dist_end": 3750.0, "anomaly": false}, "geometry": {"type": "LineString", "coordinates": [[139.5817549722505, 35.437505388387386], [139.58178072282982, 35.43772973017935], [139.5818056273761, 35.43795413603774]]}}, {"type": "Feature", "properties": {"id": "横浜横須賀道路-下り-1-75", "route": "横浜横須賀道路", "direction": "下り", "from": "別所ＩＣ", "to": null, "grade": -2.51, "elevation_start": 57.2, "elevation_end": 56.0, "quality": "measured", "structure": "normal", "chain_rank": 1, "cum_dist_start": 3750.0, "cum_dist_end": 3800.0, "anomaly": false}, "geometry": {"type": "LineString", "coordinates": [[139.5818056273761, 35.43795413603774], [139.58182707857202, 35.43817871190375], [139.58183522446194, 35.43840394278686]]}}, {"type": "Feature", "properties": {"id": "横浜横須賀道路-下り-1-76", "route": "横浜横須賀道路", "direction": "下り", "from": "別所ＩＣ", "to": null, "grade": -2.24, "elevation_start": 56.0, "elevation_end": 54.9, "quality": "measured", "structure": "normal", "chain_rank": 1, "cum_dist_start": 3800.0, "cum_dist_end": 3850.0, "anomaly": false}, "geometry": {"type": "LineString", "coordinates": [[139.58183522446194, 35.43840394278686], [139.5818336315987, 35.438629140568565], [139.5818156569356, 35.43885378743134]]}}, {"type": "Feature", "properties": {"id": "横浜横須賀道路-下り-1-77", "route": "横浜横須賀道路", "direction": "下り", "from": "別所ＩＣ", "to": null, "grade": -2.81, "elevation_start": 54.9, "elevation_end": 53.4, "quality": "measured", "structure": "normal", "chain_rank": 1, "cum_dist_start": 3850.0, "cum_dist_end": 3900.0, "anomaly": false}, "geometry": {"type": "LineString", "coordinates": [[139.5818156569356, 35.43885378743134], [139.58177983963893, 35.43907720225224], [139.58172315148732, 35.439297617567235]]}}, {"type": "Feature", "properties": {"id": "横浜横須賀道路-下り-1-78", "route": "横浜横須賀道路", "direction": "下り", "from": "別所ＩＣ", "to": null, "grade": -2.81, "elevation_start": 53.4, "elevation_end": 52.0, "quality": "measured", "structure": "normal", "chain_rank": 1, "cum_dist_start": 3900.0, "cum_dist_end": 3950.0, "anomaly": false}, "geometry": {"type": "LineString", "coordinates": [[139.58172315148732, 35.439297617567235], [139.5816529220829, 35.43951538247829], [139.58156916114925, 35.4397299556249]]}}, {"type": "Feature", "properties": {"id": "横浜横須賀道路-下り-1-79", "route": "横浜横須賀道路", "direction": "下り", "from": "別所ＩＣ", "to": null, "grade": -2.98, "elevation_start": 52.0, "elevation_end": 50.5, "quality": "measured", "structure": "normal", "chain_rank": 1, "cum_dist_start": 3950.0, "cum_dist_end": 4000.0, "anomaly": false}, "geometry": {"type": "LineString", "coordinates": [[139.58156916114925, 35.4397299556249], [139.5814668896592, 35.43993898676216], [139.58134771279663, 35.44014195780443]]}}, {"type": "Feature", "properties": {"id": "横浜横須賀道路-下り-1-80", "route": "横浜横須賀道路", "direction": "下り", "from": "別所ＩＣ", "to": null, "grade": -2.4, "elevation_start": 50.5, "elevation_end": 49.3, "quality": "measured", "structure": "normal", "chain_rank": 1, "cum_dist_start": 4000.0, "cum_dist_end": 4050.0, "anomaly": false}, "geometry": {"type": "LineString", "coordinates": [[139.58134771279663, 35.44014195780443], [139.58121395929382, 35.440338799337184], [139.58106458177133, 35.44052791439227]]}}, {"type": "Feature", "properties": {"id": "横浜横須賀道路-下り-2-0", "route": "横浜横須賀道路", "direction": "下り", "from": null, "to": "朝比奈ＩＣ", "grade": 1.41, "elevation_start": 72.0, "elevation_end": 72.8, "quality": "measured", "structure": "normal", "chain_rank": 2, "cum_dist_start": 0.0, "cum_dist_end": 50.0, "anomaly": false}, "geometry": {"type": "LineString", "coordinates": [[139.5916082, 35.3350631], [139.59152832921617, 35.335278718910345], [139.59144845843238, 35.33549433782069]]}}, {"type": "Feature", "properties": {"id": "横浜横須賀道路-下り-2-1", "route": "横浜横須賀道路", "direction": "下り", "from": null, "to": "朝比奈ＩＣ", "grade": 2.9, "elevation_start": 72.8, "elevation_end": 74.2, "quality": "measured", "structure": "normal", "chain_rank": 2, "cum_dist_start": 50.0, "cum_dist_end": 100.0, "anomaly": false}, "geometry": {"type": "LineString", "coordinates": [[139.59144845843238, 35.33549433782069], [139.5913691913175, 35.33571010575629], [139.59129049046237, 35.33592601348208]]}}, {"type": "Feature", "properties": {"id": "横浜横須賀道路-下り-2-2", "route": "横浜横須賀道路", "direction": "下り", "from": "朝比奈ＩＣ", "to": "釜利谷JCT", "grade": 2.96, "elevation_start": 74.2, "elevation_end": 75.7, "quality": "measured", "structure": "normal", "chain_rank": 2, "cum_dist_start": 100.0, "cum_dist_end": 150.0, "anomaly": false}, "geometry": {"type": "LineString", "coordinates": [[139.59129049046237, 35.33592601348208], [139.59121178960726, 35.33614192120786], [139.59113308875214, 35.33635782893365]]}}, {"type": "Feature", "properties": {"id": "横浜横須賀道路-下り-2-3", "route": "横浜横須賀道路", "direction": "下り", "from": "朝比奈ＩＣ", "to": "釜利谷JCT", "grade": 2.94, "elevation_start": 75.7, "elevation_end": 77.2, "quality": "measured", "structure": "normal", "chain_rank": 2, "cum_dist_start": 150.0, "cum_dist_end": 200.0, "anomaly": false}, "geometry": {"type": "LineString", "coordinates": [[139.59113308875214, 35.33635782893365], [139.5910560876273, 35.33657414487347], [139.59098013291162, 35.3367907121231]]}}, {"type": "Feature", "properties": {"id": "横浜横須賀道路-下り-2-4", "route": "横浜横須賀道路", "direction": "下り", "from": "朝比奈ＩＣ", "to": "釜利谷JCT", "grade": 2.21, "elevation_start": 77.2, "elevation_end": 78.3, "quality": "measured", "structure": "normal", "chain_rank": 2, "cum_dist_start": 200.0, "cum_dist_end": 250.0, "anomaly": false}, "geometry": {"type": "LineString", "coordinates": [[139.59098013291162, 35.3367907121231], [139.5909082297906, 35.337008194323126], [139.5908380790593, 35.33722607225614]]}}, {"type": "Feature", "properties": {"id": "横浜横須賀道路-下り-2-5", "route": "横浜横須賀道路", "direction": "下り", "from": "朝比奈ＩＣ", "to": "釜利谷JCT", "grade": 1.35, "elevation_start": 78.3, "elevation_end": 78.9, "quality": "measured", "structure": "normal", "chain_rank": 2, "cum_dist_start": 250.0, "cum_dist_end": 300.0, "anomaly": false}, "geometry": {"type": "LineString", "coordinates": [[139.5908380790593, 35.33722607225614], [139.59077701067056, 35.33744576741294], [139.59071672700566, 35.337665619579745]]}}, {"type": "Feature", "properties": {"id": "横浜横須賀道路-下り-2-6", "route": "横浜横須賀道路", "direction": "下り", "from": "朝比奈ＩＣ", "to": "釜利谷JCT", "grade": 0.36, "elevation_start": 78.9, "elevation_end": 79.1, "quality": "measured", "structure": "normal", "chain_rank": 2, "cum_dist_start": 300.0, "cum_dist_end": 350.0, "anomaly": false}, "geometry": {"type": "LineString", "coordinates": [[139.59071672700566, 35.337665619579745], [139.59066954180022, 35.33788759008754], [139.59062607565534, 35.33811005341466]]}}, {"type": "Feature", "properties": {"id": "横浜横須賀道路-下り-2-7", "route": "横浜横須賀道路", "direction": "下り", "from": "朝比奈ＩＣ", "to": "釜利谷JCT", "grade": -0.12, "elevation_start": 79.1, "elevation_end": 79.1, "quality": "measured", "structure": "normal", "chain_rank": 2, "cum_dist_start": 350.0, "cum_dist_end": 400.0, "anomaly": false}, "geometry": {"type": "LineString", "coordinates": [[139.59062607565534, 35.33811005341466], [139.5905915477532, 35.33833360343563], [139.59056172081733, 35.33855753057828]]}}, {"type": "Feature", "properties": {"id": "横浜横須賀道路-下り-2-8", "route": "横浜横須賀道路", "direction": "下り", "from": "朝比奈ＩＣ", "to": "釜利谷JCT", "grade": -1.06, "elevation_start": 79.1, "elevation_end": 78.5, "quality": "measured", "structure": "normal", "chain_rank": 2, "cum_dist_start": 400.0, "cum_dist_end": 450.0, "anomaly": false}, "geometry": {"type": "LineString", "coordinates": [[139.59056172081733, 35.33855753057828], [139.59054268072018, 35.338782323064436], [139.5905290143756, 35.33900732719156]]}}, {"type": "Feature", "properties": {"id": "横浜横須賀道路-下り-2-9", "route": "横浜横須賀道路", "direction": "下り", "from": "朝比奈ＩＣ", "to": "釜利谷JCT", "grade": -1.19, "elevation_start": 78.5, "elevation_end": 77.9, "quality": "measured", "structure": "normal", "chain_rank": 2, "cum_dist_start": 450.0, "cum_dist_end": 500.0, "anomaly": false}, "geometry": {"type": "LineString", "coordinates": [[139.5905290143756, 35.33900732719156], [139.59052165510593, 35.339232579717795], [139.59052449850293, 35.33945785231348]]}}, {"type": "Feature", "properties": {"id": "横浜横須賀道路-下り-2-10", "route": "横浜横須賀道路", "direction": "下り", "from": "朝比奈ＩＣ", "to": "釜利谷JCT", "grade": -1.22, "elevation_start": 77.9, "elevation_end": 77.3, "quality": "measured", "structure": "normal", "chain_rank": 2, "cum_dist_start": 500.0, "cum_dist_end": 550.0, "anomaly": false}, "geometry": {"type": "LineString", "coordinates": [[139.59052449850293, 35.33945785231348], [139.59053147818162, 35.339683104727165], [139.59054430467688, 35.33990819269237]]}}, {"type": "Feature", "properties": {"id": "横浜横須賀道路-下り-2-11", "route": "横浜横須賀道路", "direction": "下り", "from": "朝比奈ＩＣ", "to": "釜利谷JCT", "grade": -1.26, "elevation_start": 77.3, "elevation_end": 76.7, "quality": "measured", "structure": "normal", "chain_rank": 2, "cum_dist_start": 550.0, "cum_dist_end": 600.0, "anomaly": false}, "geometry": {"type": "LineString", "coordinates": [[139.59054430467688, 35.33990819269237], [139.59056175568026, 35.34013301863671], [139.59058685998923, 35.34035741095101]]}}, {"type": "Feature", "properties": {"id": "横浜横須賀道路-下り-2-12", "route": "横浜横須賀道路", "direction": "下り", "from": "朝比奈ＩＣ", "to": "釜利谷JCT", "grade": -0.95, "elevation_start": 76.7, "elevation_end": 76.2, "quality": "measured", "structure": "normal", "chain_rank": 2, "cum_dist_start": 600.0, "cum_dist_end": 650.0, "anomaly": false}, "geometry": {"type": "LineString", "coordinates": [[139.59058685998923, 35.34035741095101], [139.5906184514118, 35.34058116979919], [139.59065840888337, 35.34080411170338]]}}, {"type": "Feature", "properties": {"id": "横浜横須賀道路-下り-2-13", "route": "横浜横須賀道路", "direction": "下り", "from": "朝比奈ＩＣ", "to": "釜利谷JCT", "grade": -0.55, "elevation_start": 76.2, "elevation_end": 76.0, "quality": "measured", "structure": "normal", "chain_rank": 2, "cum_dist_start": 650.0, "cum_dist_end": 700.0, "anomaly": false}, "geometry": {"type": "LineString", "coordinates": [[139.59065840888337, 35.34080411170338], [139.59071089856556, 35.341025199177594], [139.59076863453387, 35.34124551034263]]}}, {"type": "Feature", "properties": {"id": "横浜横須賀道路-下り-2-14", "route": "横浜横須賀道路", "direction": "下り", "from": "朝比奈ＩＣ", "to": "釜利谷JCT", "grade": 0.0, "elevation_start": 76.0, "elevation_end": 76.0, "quality": "measured", "structure": "normal", "chain_rank": 2, "cum_dist_start": 700.0, "cum_dist_end": 750.0, "anomaly": false}, "geometry": {"type": "LineString", "coordinates": [[139.59076863453387, 35.34124551034263], [139.59082637050216, 35.34146582150766], [139.5908962907761, 35.341683736933106]]}}, {"type": "Feature", "properties": {"id": "横浜横須賀道路-下り-2-15", "route": "横浜横須賀道路", "direction": "下り", "from": "朝比奈ＩＣ", "to": "釜利谷JCT", "grade": 0.06, "elevation_start": 76.0, "elevation_end": 76.0, "quality": "measured", "structure": "normal", "chain_rank": 2, "cum_dist_start": 750.0, "cum_dist_end": 800.0, "anomaly": false}, "geometry": {"type": "LineString", "coordinates": [[139.5908962907761, 35.341683736933106], [139.5909719248439, 35.34190031156983], [139.59105564953694, 35.34211494808897]]}}, {"type": "Feature", "properties": {"id": "横浜横須賀道路-下り-2-16", "route": "横浜横須賀道路", "direction": "下り", "from": "朝比奈ＩＣ", "to": "釜利谷JCT", "grade": 0.54, "elevation_start": 76.0, "elevation_end": 76.3, "quality": "measured", "structure": "normal", "chain_rank": 2, "cum_dist_start": 800.0, "cum_dist_end": 850.0, "anomaly": false}, "geometry": {"type": "LineString", "coordinates": [[139.59105564953694, 35.34211494808897], [139.59114011525799, 35.342329377765125], [139.59123372839076, 35.342541254126346]]}}, {"type": "Feature", "properties": {"id": "横浜横須賀道路-下り-2-17", "route": "横浜横須賀道路", "direction": "下り", "from": "朝比奈ＩＣ", "to": "釜利谷JCT", "grade": 2.27, "elevation_start": 76.3, "elevation_end": 77.4, "quality": "estimated", "structure": "normal", "chain_rank": 2, "cum_dist_start": 850.0, "cum_dist_end": 900.0, "anomaly": false}, "geometry": {"type": "LineString", "coordinates": [[139.59123372839076, 35.342541254126346], [139.59132734152354, 35.342753130487566], [139.59143336327114, 35.342960874157654]]}}, {"type": "Feature", "properties": {"id": "横浜横須賀道路-下り-2-18", "route": "横浜横須賀道路", "direction": "下り", "from": "朝比奈ＩＣ", "to": "釜利谷JCT", "grade": 2.27, "elevation_start": 77.4, "elevation_end": 78.5, "quality": "estimated", "structure": "normal", "chain_rank": 2, "cum_dist_start": 900.0, "cum_dist_end": 950.0, "anomaly": false}, "geometry": {"type": "LineString", "coordinates": [[139.59143336327114, 35.342960874157654], [139.5915467133182, 35.34316617713645], [139.5916606372774, 35.34337125766203]]}}, {"type": "Feature", "properties": {"id": "横浜横須賀道路-下り-2-19", "route": "横浜横須賀道路", "direction": "下り", "from": "朝比奈ＩＣ", "to": "釜利谷JCT", "grade": 2.27, "elevation_start": 78.5, "elevation_end": 79.7, "quality": "estimated", "structure": "normal", "chain_rank": 2, "cum_dist_start": 950.0, "cum_dist_end": 1000.0, "anomaly": false}, "geometry": {"type": "LineString", "coordinates": [[139.5916606372774, 35.34337125766203], [139.59178247614977, 35.34357327030016], [139.59190431502216, 35.343775282938296]]}}, {"type": "Feature", "properties": {"id": "横浜横須賀道路-下り-2-20", "route": "横浜横須賀道路", "direction": "下り", "from": "朝比奈ＩＣ", "to": "釜利谷JCT", "grade": 2.27, "elevation_start": 79.7, "elevation_end": 80.8, "quality": "estimated", "structure": "bridge", "chain_rank": 2, "cum_dist_start": 1000.0, "cum_dist_end": 1050.0, "anomaly": false}, "geometry": {"type": "LineString", "coordinates": [[139.59190431502216, 35.343775282938296], [139.5920261820212, 35.343977284174], [139.59214850671341, 35.344179099862906]]}}, {"type": "Feature", "properties": {"id": "横浜横須賀道路-下り-2-21", "route": "横浜横須賀道路", "direction": "下り", "from": "朝比奈ＩＣ", "to": "釜利谷JCT", "grade": 2.27, "elevation_start": 80.8, "elevation_end": 81.9, "quality": "estimated", "structure": "bridge", "chain_rank": 2, "cum_dist_start": 1050.0, "cum_dist_end": 1100.0, "anomaly": false}, "geometry": {"type": "LineString", "coordinates": [[139.59214850671341, 35.344179099862906], [139.59226475810155, 35.34438329407863], [139.59237959610098, 35.34458804182881]]}}, {"type": "Feature", "properties": {"id": "横浜横須賀道路-下り-2-22", "route": "横浜横須賀道路", "direction": "下り", "from": "朝比奈ＩＣ", "to": "釜利谷JCT", "grade": 2.27, "elevation_start": 81.9, "elevation_end": 83.1, "quality": "estimated", "structure": "bridge", "chain_rank": 2, "cum_dist_start": 1100.0, "cum_dist_end": 1150.0, "anomaly": false}, "geometry": {"type": "LineString", "coordinates": [[139.59237959610098, 35.34458804182881], [139.59248656542127, 35.34479557250522], [139.59258605261093, 35.34500558693792]]}}, {"type": "Feature", "properties": {"id": "横浜横須賀道路-下り-2-23", "route": "横浜横須賀道路", "direction": "下り", "from": "朝比奈ＩＣ", "to": "釜利谷JCT", "grade": 2.27, "elevation_start": 83.1, "elevation_end": 84.2, "quality": "estimated", "structure": "bridge", "chain_rank": 2, "cum_dist_start": 1150.0, "cum_dist_end": 1200.0, "anomaly": false}, "geometry": {"type": "LineString", "coordinates": [[139.59258605261093, 35.34500558693792], [139.5926773116771, 35.3452181523378], [139.59276866727916, 35.3454306900154]]}}, {"type": "Feature", "properties": {"id": "横浜横須賀道路-下り-2-24", "route": "横浜横須賀道路", "direction": "下り", "from": "朝比奈ＩＣ", "to": "釜利谷JCT", "grade": 2.27, "elevation_start": 84.2, "elevation_end": 85.3, "quality": "estimated", "structure": "bridge", "chain_rank": 2, "cum_dist_start": 1200.0, "cum_dist_end": 1250.0, "anomaly": false}, "geometry": {"type": "LineString", "coordinates": [[139.59276866727916, 35.3454306900154], [139.59284844812652, 35.34564627123984], [139.59291184739678, 35.34586553456675]]}}, {"type": "Feature", "properties": {"id": "横浜横須賀道路-下り-2-25", "route": "横浜横須賀道路", "direction": "下り", "from": "朝比奈ＩＣ", "to": "釜利谷JCT", "grade": 2.27, "elevation_start": 85.3, "elevation_end": 86.5, "quality": "estimated", "structure": "normal", "chain_rank": 2, "cum_dist_start": 1250.0, "cum_dist_end": 1300.0, "anomaly": false}, "geometry": {"type": "LineString", "coordinates": [[139.59291184739678, 35.34586553456675], [139.59296396804956, 35.34608664985156], [139.59300270599726, 35.34630964457239]]}}, {"type": "Feature", "properties": {"id": "横浜横須賀道路-下り-2-26", "route": "横浜横須賀道路", "direction": "下り", "from": "朝比奈ＩＣ", "to": "釜利谷JCT", "grade": 2.27, "elevation_start": 86.5, "elevation_end": 87.6, "quality": "estimated", "structure": "normal", "chain_rank": 2, "cum_dist_start": 1300.0, "cum_dist_end": 1350.0, "anomaly": false}, "geometry": {"type": "LineString", "coordinates": [[139.59300270599726, 35.34630964457239], [139.59302918374934, 35.34653390124507], [139.59304579131026, 35.34675882297871]]}}, {"type": "Feature", "properties": {"id": "横浜横須賀道路-下り-2-27", "route": "横浜横須賀道路", "direction": "下り", "from": "朝比奈ＩＣ", "to": "釜利谷JCT", "grade": 1.66, "elevation_start": 87.6, "elevation_end": 88.4, "quality": "estimated", "structure": "normal", "chain_rank": 2, "cum_dist_start": 1350.0, "cum_dist_end": 1400.0, "anomaly": false}, "geometry": {"type": "LineString", "coordinates": [[139.59304579131026, 35.34675882297871], [139.59305764310582, 35.3469838868702], [139.59305942113437, 35.34720920816732]]}}, {"type": "Feature", "properties": {"id": "横浜横須賀道路-下り-2-28", "route": "横浜横須賀道路", "direction": "下り", "from": "朝比奈ＩＣ", "to": "釜利谷JCT", "grade": 0.52, "elevation_start": 88.4, "elevation_end": 88.7, "quality": "measured", "structure": "normal", "chain_rank": 2, "cum_dist_start": 1400.0, "cum_dist_end": 1450.0, "anomaly": false}, "geometry": {"type": "LineString", "coordinates": [[139.59305942113437, 35.34720920816732], [139.59305840612814, 35.34743453955048], [139.59305739112193, 35.34765987093363]]}}, {"type": "Feature", "properties": {"id": "横浜横須賀道路-下り-2-29", "route": "横浜横須賀道路", "direction": "下り", "from": "朝比奈ＩＣ", "to": "釜利谷JCT", "grade": 0.53, "elevation_start": 88.7, "elevation_end": 89.0, "quality": "measured", "structure": "normal", "chain_rank": 2, "cum_dist_start": 1450.0, "cum_dist_end": 1500.0, "anomaly": false}, "geometry": {"type": "LineString", "coordinates": [[139.59305739112193, 35.34765987093363], [139.5930505302761, 35.3478851218963], [139.593042313332, 35.34811035420328]]}}, {"type": "Feature", "properties": {"id": "横浜横須賀道路-下り-2-30", "route": "横浜横須賀道路", "direction": "下り", "from": "朝比奈ＩＣ", "to": "釜利谷JCT", "grade": 0.8, "elevation_start": 89.0, "elevation_end": 89.4, "quality": "estimated", "structure": "normal", "chain_rank": 2, "cum_dist_start": 1500.0, "cum_dist_end": 1550.0, "anomaly": false}, "geometry": {"type": "LineString", "coordinates": [[139.593042313332, 35.34811035420328], [139.59303934362416, 35.348335661500265], [139.59303964274972, 35.34856097373876]]}}, {"type": "Feature", "properties": {"id": "横浜横須賀道路-下り-2-31", "route": "横浜横須賀道路", "direction": "下り", "from": "朝比奈ＩＣ", "to": "釜利谷JCT", "grade": 0.54, "elevation_start": 89.4, "elevation_end": 89.6, "quality": "estimated", "structure": "normal", "chain_rank": 2, "cum_dist_start": 1550.0, "cum_dist_end": 1600.0, "anomaly": false}, "geometry": {"type": "LineString", "coordinates": [[139.59303964274972, 35.34856097373876], [139.5930481549679, 35.34878619865857], [139.59306406465362, 35.34901112487292]]}}, {"type": "Feature", "properties": {"id": "横浜横須賀道路-下り-2-32", "route": "横浜横須賀道路", "direction": "下り", "from": "朝比奈ＩＣ", "to": "釜利谷JCT", "grade": 0.54, "elevation_start": 89.6, "elevation_end": 89.9, "quality": "estimated", "structure": "normal", "chain_rank": 2, "cum_dist_start": 1600.0, "cum_dist_end": 1650.0, "anomaly": false}, "geometry": {"type": "LineString", "coordinates": [[139.59306406465362, 35.34901112487292], [139.59309061662535, 35.34923526343234], [139.59313344116552, 35.34945778246865]]}}, {"type": "Feature", "properties": {"id": "横浜横須賀道路-下り-2-33", "route": "横浜横須賀道路", "direction": "下り", "from": "朝比奈ＩＣ", "to": "釜利谷JCT", "grade": 0.54, "elevation_start": 89.9, "elevation_end": 90.2, "quality": "estimated", "structure": "bridge", "chain_rank": 2, "cum_dist_start": 1650.0, "cum_dist_end": 1700.0, "anomaly": false}, "geometry": {"type": "LineString", "coordinates": [[139.59313344116552, 35.34945778246865], [139.5931903456889, 35.349678172540855], [139.5932651796166, 35.34989480462251]]}}, {"type": "Feature", "properties": {"id": "横浜横須賀道路-下り-2-34", "route": "横浜横須賀道路", "direction": "下り", "from": "朝比奈ＩＣ", "to": "釜利谷JCT", "grade": 0.54, "elevation_start": 90.2, "elevation_end": 90.5, "quality": "estimated", "structure": "bridge", "chain_rank": 2, "cum_dist_start": 1700.0, "cum_dist_end": 1750.0, "anomaly": false}, "geometry": {"type": "LineString", "coordinates": [[139.5932651796166, 35.34989480462251], [139.59334760952126, 35.35010966354418], [139.5934502784445, 35.35031868150676]]}}, {"type": "Feature", "properties": {"id": "横浜横須賀道路-下り-2-35", "route": "横浜横須賀道路", "direction": "下り", "from": "朝比奈ＩＣ", "to": "釜利谷JCT", "grade": 0.54, "elevation_start": 90.5, "elevation_end": 90.7, "quality": "estimated", "structure": "normal", "chain_rank": 2, "cum_dist_start": 1750.0, "cum_dist_end": 1800.0, "anomaly": false}, "geometry": {"type": "LineString", "coordinates": [[139.5934502784445, 35.35031868150676], [139.59356708787948, 35.350522677124694], [139.59369764109533, 35.35072084533132]]}}, {"type": "Feature", "properties": {"id": "横浜横須賀道路-下り-2-36", "route": "横浜横須賀道路", "direction": "下り", "from": "朝比奈ＩＣ", "to": "釜利谷JCT", "grade": 0.54, "elevation_start": 90.7, "elevation_end": 91.0, "quality": "estimated", "structure": "normal", "chain_rank": 2, "cum_dist_start": 1800.0, "cum_dist_end": 1850.0, "anomaly": false}, "geometry": {"type": "LineString", "coordinates": [[139.59369764109533, 35.35072084533132], [139.5938445653301, 35.350910978484585], [139.59400631738632, 35.35109319243887]]}}, {"type": "Feature", "properties": {"id": "横浜横須賀道路-下り-2-37", "route": "横浜横須賀道路", "direction": "下り", "from": "朝比奈ＩＣ", "to": "釜利谷JCT", "grade": 0.54, "elevation_start": 91.0, "elevation_end": 91.3, "quality": "estimated", "structure": "normal", "chain_rank": 2, "cum_dist_start": 1850.0, "cum_dist_end": 1900.0, "anomaly": false}, "geometry": {"type": "LineString", "coordinates": [[139.59400631738632, 35.35109319243887], [139.59417491440126, 35.35127122492739], [139.59435410067132, 35.351442166990466]]}}, {"type": "Feature", "properties": {"id": "横浜横須賀道路-下り-2-38", "route": "横浜横須賀道路", "direction": "下り", "from": "朝比奈ＩＣ", "to": "釜利谷JCT", "grade": -0.73, "elevation_start": 91.3, "elevation_end": 90.9, "quality": "measured", "structure": "normal", "chain_rank": 2, "cum_dist_start": 1900.0, "cum_dist_end": 1950.0, "anomaly": false}, "geometry": {"type": "LineString", "coordinates": [[139.59435410067132, 35.351442166990466], [139.59453760062482, 35.351609891959995], [139.5947294179051, 35.35177138039484]]}}, {"type": "Feature", "properties": {"id": "横浜横須賀道路-下り-2-39", "route": "横浜横須賀道路", "direction": "下り", "from": "朝比奈ＩＣ", "to": "釜利谷JCT", "grade": -0.92, "elevation_start": 90.9, "elevation_end": 90.4, "quality": "measured", "structure": "normal", "chain_rank": 2, "cum_dist_start": 1950.0, "cum_dist_end": 2000.0, "anomaly": false}, "geometry": {"type": "LineString", "coordinates": [[139.5947294179051, 35.35177138039484], [139.59492388632643, 35.351930725176175], [139.59511824673456, 35.35209016021312]]}}, {"type": "Feature", "properties": {"id": "横浜横須賀道路-下り-2-40", "route": "横浜横須賀道路", "direction": "下り", "from": "朝比奈ＩＣ", "to": "釜利谷JCT", "grade": -1.55, "elevation_start": 90.4, "elevation_end": 89.7, "quality": "measured", "structure": "normal", "chain_rank": 2, "cum_dist_start": 2000.0, "cum_dist_end": 2050.0, "anomaly": false}, "geometry": {"type": "LineString", "coordinates": [[139.59511824673456, 35.35209016021312], [139.59531235091106, 35.35224980540061], [139.5955064550876, 35.3524094505881]]}}, {"type": "Feature", "properties": {"id": "横浜横須賀道路-下り-2-41", "route": "横浜横須賀道路", "direction": "下り", "from": "釜利谷JCT", "to": null, "grade": -1.65, "elevation_start": 89.7, "elevation_end": 88.8, "quality": "measured", "structure": "normal", "chain_rank": 2, "cum_dist_start": 2050.0, "cum_dist_end": 2100.0, "anomaly": false}, "geometry": {"type": "LineString", "coordinates": [[139.5955064550876, 35.3524094505881], [139.59570055926412, 35.35256909577558], [139.59589466344065, 35.352728740963066]]}}, {"type": "Feature", "properties": {"id": "横浜横須賀道路-下り-2-42", "route": "横浜横須賀道路", "direction": "下り", "from": "釜利谷JCT", "to": null, "grade": -1.51, "elevation_start": 88.8, "elevation_end": 88.1, "quality": "measured", "structure": "normal", "chain_rank": 2, "cum_dist_start": 2100.0, "cum_dist_end": 2150.0, "anomaly": false}, "geometry": {"type": "LineString", "coordinates": [[139.59589466344065, 35.352728740963066], [139.59608358412197, 35.35289241761564], [139.59626807560173, 35.35305953908121]]}}, {"type": "Feature", "properties": {"id": "横浜横須賀道路-下り-2-43", "route": "横浜横須賀道路", "direction": "下り", "from": "釜利谷JCT", "to": null, "grade": -1.67, "elevation_start": 88.1, "elevation_end": 87.2, "quality": "measured", "structure": "normal", "chain_rank": 2, "cum_dist_start": 2150.0, "cum_dist_end": 2200.0, "anomaly": false}, "geometry": {"type": "LineString", "coordinates": [[139.59626807560173, 35.35305953908121], [139.59644348498142, 35.35323303410314], [139.59661364806516, 35.35340998100203]]}}, {"type": "Feature", "properties": {"id": "横浜横須賀道路-下り-2-44", "route": "横浜横須賀道路", "direction": "下り", "from": "釜利谷JCT", "to": null, "grade": -1.43, "elevation_start": 87.2, "elevation_end": 86.5, "quality": "measured", "structure": "normal", "chain_rank": 2, "cum_dist_start": 2200.0, "cum_dist_end": 2250.0, "anomaly": false}, "geometry": {"type": "LineString", "coordinates": [[139.59661364806516, 35.35340998100203], [139.596774531371, 35.353592744437485], [139.59693417106718, 35.35377618635402]]}}, {"type": "Feature", "properties": {"id": "横浜横須賀道路-下り-2-45", "route": "横浜横須賀道路", "direction": "下り", "from": "釜利谷JCT", "to": null, "grade": -1.24, "elevation_start": 86.5, "elevation_end": 85.9, "quality": "measured", "structure": "normal", "chain_rank": 2, "cum_dist_start": 2250.0, "cum_dist_end": 2300.0, "anomaly": false}, "geometry": {"type": "LineString", "coordinates": [[139.59693417106718, 35.35377618635402], [139.5970779752814, 35.35396826769728], [139.59721542128923, 35.35416338944085]]}}, {"type": "Feature", "properties": {"id": "横浜横須賀道路-下り-2-46", "route": "横浜横須賀道路", "direction": "下り", "from": "釜利谷JCT", "to": null, "grade": -1.14, "elevation_start": 85.9, "elevation_end": 85.3, "quality": "measured", "structure": "normal", "chain_rank": 2, "cum_dist_start": 2300.0, "cum_dist_end": 2350.0, "anomaly": false}, "geometry": {"type": "LineString", "coordinates": [[139.59721542128923, 35.35416338944085], [139.59734615702607, 35.35436157346445], [139.59746531907768, 35.354564661110075]]}}, {"type": "Feature", "properties": {"id": "横浜横須賀道路-下り-2-47", "route": "横浜横須賀道路", "direction": "下り", "from": "釜利谷JCT", "to": null, "grade": -0.65, "elevation_start": 85.3, "elevation_end": 85.0, "quality": "measured", "structure": "normal", "chain_rank": 2, "cum_dist_start": 2350.0, "cum_dist_end": 2400.0, "anomaly": false}, "geometry": {"type": "LineString", "coordinates": [[139.59746531907768, 35.354564661110075], [139.59757359701862, 35.35477171131972], [139.59767312341822, 35.35498171439381]]}}, {"type": "Feature", "properties": {"id": "横浜横須賀道路-下り-2-48", "route": "横浜横須賀道路", "direction": "下り", "from": "釜利谷JCT", "to": null, "grade": -0.44, "elevation_start": 85.0, "elevation_end": 84.8, "quality": "measured", "structure": "normal", "chain_rank": 2, "cum_dist_start": 2400.0, "cum_dist_end": 2450.0, "anomaly": false}, "geometry": {"type": "LineString", "coordinates": [[139.59767312341822, 35.35498171439381], [139.59776548287692, 35.35519396353449], [139.59784794178407, 35.35540885991805]]}}, {"type": "Feature", "properties": {"id": "横浜横須賀道路-下り-2-49", "route": "横浜横須賀道路", "direction": "下り", "from": "釜利谷JCT", "to": null, "grade": -0.23, "elevation_start": 84.8, "elevation_end": 84.7, "quality": "estimated", "structure": "normal", "chain_rank": 2, "cum_dist_start": 2450.0, "cum_dist_end": 2500.0, "anomaly": false}, "geometry": {"type": "LineString", "coordinates": [[139.59784794178407, 35.35540885991805], [139.59792619919705, 35.3556248797113], [139.59799456365704, 35.355843099024405]]}}, {"type": "Feature", "properties": {"id": "横浜横須賀道路-下り-2-50", "route": "横浜横須賀道路", "direction": "下り", "from": "釜利谷JCT", "to": null, "grade": 0.0, "elevation_start": 84.7, "elevation_end": 84.7, "quality": "estimated", "structure": "normal", "chain_rank": 2, "cum_dist_start": 2500.0, "cum_dist_end": 2550.0, "anomaly": false}, "geometry": {"type": "LineString", "coordinates": [[139.59799456365704, 35.355843099024405], [139.5980603454142, 35.356061892554955], [139.59810368006342, 35.356284336718545]]}}, {"type": "Feature", "properties": {"id": "横浜横須賀道路-下り-2-51", "route": "横浜横須賀道路", "direction": "下り", "from": "釜利谷JCT", "to": null, "grade": 0.0, "elevation_start": 84.7, "elevation_end": 84.7, "quality": "estimated", "structure": "normal", "chain_rank": 2, "cum_dist_start": 2550.0, "cum_dist_end": 2600.0, "anomaly": false}, "geometry": {"type": "LineString", "coordinates": [[139.59810368006342, 35.356284336718545], [139.59814300035725, 35.35650734867276], [139.59817782753305, 35.35673083240668]]}}, {"type": "Feature", "properties": {"id": "横浜横須賀道路-下り-2-52", "route": "横浜横須賀道路", "direction": "下り", "from": "釜利谷JCT", "to": null, "grade": 0.0, "elevation_start": 84.7, "elevation_end": 84.7, "quality": "estimated", "structure": "bridge", "chain_rank": 2, "cum_dist_start": 2600.0, "cum_dist_end": 2650.0, "anomaly": false}, "geometry": {"type": "LineString", "coordinates": [[139.59817782753305, 35.35673083240668], [139.59820271232485, 35.356955240898166], [139.5982226805435, 35.357179923037904]]}}, {"type": "Feature", "properties": {"id": "横浜横須賀道路-下り-2-53", "route": "横浜横須賀道路", "direction": "下り", "from": "釜利谷JCT", "to": null, "grade": 0.0, "elevation_start": 84.7, "elevation_end": 84.7, "quality": "estimated", "structure": "bridge", "chain_rank": 2, "cum_dist_start": 2650.0, "cum_dist_end": 2700.0, "anomaly": false}, "geometry": {"type": "LineString", "coordinates": [[139.5982226805435, 35.357179923037904], [139.59823507718156, 35.357405026599174], [139.59824747381958, 35.35763013016044]]}}, {"type": "Feature", "properties": {"id": "横浜横須賀道路-下り-2-54", "route": "横浜横須賀道路", "direction": "下り", "from": "釜利谷JCT", "to": null, "grade": 0.0, "elevation_start": 84.7, "elevation_end": 84.7, "quality": "estimated", "structure": "bridge", "chain_rank": 2, "cum_dist_start": 2700.0, "cum_dist_end": 2750.0, "anomaly": false}, "geometry": {"type": "LineString", "coordinates": [[139.59824747381958, 35.35763013016044], [139.59825987045764, 35.3578552337217], [139.5982722670957, 35.35808033728297]]}}, {"type": "Feature", "properties": {"id": "横浜横須賀道路-下り-2-55", "route": "横浜横須賀道路", "direction": "下り", "from": "釜利谷JCT", "to": null, "grade": 0.0, "elevation_start": 84.7, "elevation_end": 84.7, "quality": "estimated", "structure": "bridge", "chain_rank": 2, "cum_dist_start": 2750.0, "cum_dist_end": 2800.0, "anomaly": false}, "geometry": {"type": "LineString", "coordinates": [[139.5982722670957, 35.35808033728297], [139.59828466373375, 35.358305440844234], [139.5982970603718, 35.358530544405504]]}}, {"type": "Feature", "properties": {"id": "横浜横須賀道路-下り-2-56", "route": "横浜横須賀道路", "direction": "下り", "from": "釜利谷JCT", "to": null, "grade": 0.0, "elevation_start": 84.7, "elevation_end": 84.7, "quality": "estimated", "structure": "bridge", "chain_rank": 2, "cum_dist_start": 2800.0, "cum_dist_end": 2850.0, "anomaly": false}, "geometry": {"type": "LineString", "coordinates": [[139.5982970603718, 35.358530544405504], [139.59830945700986, 35.35875564796677], [139.59832379751657, 35.35898066945458]]}}, {"type": "Feature", "properties": {"id": "横浜横須賀道路-下り-2-57", "route": "横浜横須賀道路", "direction": "下り", "from": "釜利谷JCT", "to": null, "grade": 0.0, "elevation_start": 84.7, "elevation_end": 84.7, "quality": "estimated", "structure": "tunnel", "chain_rank": 2, "cum_dist_start": 2850.0, "cum_dist_end": 2900.0, "anomaly": false}, "geometry": {"type": "LineString", "coordinates": [[139.59832379751657, 35.35898066945458], [139.5983397101561, 35.35920562456427], [139.5983521964873, 35.35943072277609]]}}, {"type": "Feature", "properties": {"id": "横浜横須賀道路-下り-2-58", "route": "横浜横須賀道路", "direction": "下り", "from": "釜利谷JCT", "to": null, "grade": 0.0, "elevation_start": 84.7, "elevation_end": 84.7, "quality": "estimated", "structure": "tunnel", "chain_rank": 2, "cum_dist_start": 2900.0, "cum_dist_end": 2950.0, "anomaly": false}, "geometry": {"type": "LineString", "coordinates": [[139.5983521964873, 35.35943072277609], [139.59836430249504, 35.359655836872385], [139.5983764085028, 35.35988095096868]]}}, {"type": "Feature", "properties": {"id": "横浜横須賀道路-下り-2-59", "route": "横浜横須賀道路", "direction": "下り", "from": "釜利谷JCT", "to": null, "grade": 0.0, "elevation_start": 84.7, "elevation_end": 84.7, "quality": "estimated", "structure": "tunnel", "chain_rank": 2, "cum_dist_start": 2950.0, "cum_dist_end": 3000.0, "anomaly": false}, "geometry": {"type": "LineString", "coordinates": [[139.5983764085028, 35.35988095096868], [139.59838851451053, 35.36010606506498], [139.59840062051828, 35.36033117916128]]}}, {"type": "Feature", "properties": {"id": "横浜横須賀道路-下り-2-60", "route": "横浜横須賀道路", "direction": "下り", "from": "釜利谷JCT", "to": null, "grade": 0.0, "elevation_start": 84.7, "elevation_end": 84.7, "quality": "estimated", "structure": "tunnel", "chain_rank": 2, "cum_dist_start": 3000.0, "cum_dist_end": 3050.0, "anomaly": false}, "geometry": {"type": "LineString", "coordinates": [[139.59840062051828, 35.36033117916128], [139.598412726526, 35.360556293257574], [139.59842483253374, 35.36078140735387]]}}, {"type": "Feature", "properties": {"id": "横浜横須賀道路-下り-2-61", "route": "横浜横須賀道路", "direction": "下り", "from": "釜利谷JCT", "to": null, "grade": 0.0, "elevation_start": 84.7, "elevation_end": 84.7, "quality": "estimated", "structure": "tunnel", "chain_rank": 2, "cum_dist_start": 3050.0, "cum_dist_end": 3100.0, "anomaly": false}, "geometry": {"type": "LineString", "coordinates": [[139.59842483253374, 35.36078140735387], [139.59843693854148, 35.361006521450165], [139.59844904454923, 35.36123163554646]]}}, {"type": "Feature", "properties": {"id": "横浜横須賀道路-下り-2-62", "route": "横浜横須賀道路", "direction": "下り", "from": "釜利谷JCT", "to": null, "grade": 0.0, "elevation_start": 84.7, "elevation_end": 84.7, "quality": "estimated", "structure": "tunnel", "chain_rank": 2, "cum_dist_start": 3100.0, "cum_dist_end": 3150.0, "anomaly": false}, "geometry": {"type": "LineString", "coordinates": [[139.59844904454923, 35.36123163554646], [139.59846115055697, 35.361456749642755], [139.59847325656472, 35.36168186373905]]}}, {"type": "Feature", "properties": {"id": "横浜横須賀道路-下り-3-0", "route": "横浜横須賀道路", "direction": "下り", "from": null, "to": "日野IC", "grade": -0.09, "elevation_start": 63.4, "elevation_end": 63.3, "quality": "measured", "structure": "normal", "chain_rank": 3, "cum_dist_start": 0.0, "cum_dist_end": 50.0, "anomaly": false}, "geometry": {"type": "LineString", "coordinates": [[139.5738649, 35.391629], [139.5739527286317, 35.39141545439893], [139.57404499947035, 35.391203185706715]]}}, {"type": "Feature", "properties": {"id": "横浜横須賀道路-下り-3-1", "route": "横浜横須賀道路", "direction": "下り", "from": null, "to": "日野IC", "grade": -0.2, "elevation_start": 63.3, "elevation_end": 63.2, "quality": "measured", "structure": "normal", "chain_rank": 3, "cum_dist_start": 50.0, "cum_dist_end": 100.0, "anomaly": false}, "geometry": {"type": "LineString", "coordinates": [[139.57404499947035, 35.391203185706715], [139.57414156859898, 35.390992237337215], [139.5742512318737, 35.390785573057244]]}}, {"type": "Feature", "properties": {"id": "横浜横須賀道路-下り-3-2", "route": "横浜横須賀道路", "direction": "下り", "from": null, "to": "日野IC", "grade": -0.61, "elevation_start": 63.2, "elevation_end": 62.9, "quality": "measured", "structure": "normal", "chain_rank": 3, "cum_dist_start": 100.0, "cum_dist_end": 150.0, "anomaly": false}, "geometry": {"type": "LineString", "coordinates": [[139.5742512318737, 35.390785573057244], [139.57436753675205, 35.39058149427951], [139.5744944709372, 35.39038157924922]]}}, {"type": "Feature", "properties": {"id": "横浜横須賀道路-下り-3-3", "route": "横浜横須賀道路", "direction": "下り", "from": null, "to": "日野IC", "grade": -1.04, "elevation_start": 62.9, "elevation_end": 62.4, "quality": "measured", "structure": "normal", "chain_rank": 3, "cum_dist_start": 150.0, "cum_dist_end": 200.0, "anomaly": false}, "geometry": {"type": "LineString", "coordinates": [[139.5744944709372, 35.39038157924922], [139.57463160864248, 35.390186225382585], [139.57477597979516, 35.389994471296674]]}}, {"type": "Feature", "properties": {"id": "横浜横須賀道路-下り-3-4", "route": "横浜横須賀道路", "direction": "下り", "from": null, "to": "日野IC", "grade": -1.63, "elevation_start": 62.4, "elevation_end": 61.6, "quality": "measured", "structure": "normal", "chain_rank": 3, "cum_dist_start": 200.0, "cum_dist_end": 250.0, "anomaly": false}, "geometry": {"type": "LineString", "coordinates": [[139.57477597979516, 35.389994471296674], [139.57492909656946, 35.38980734660926], [139.57509058717196, 35.38962490134381]]}}, {"type": "Feature", "properties": {"id": "横浜横須賀道路-下り-3-5", "route": "横浜横須賀道路", "direction": "下り", "from": null, "to": "日野IC", "grade": -2.12, "elevation_start": 61.6, "elevation_end": 60.5, "quality": "measured", "structure": "normal", "chain_rank": 3, "cum_dist_start": 250.0, "cum_dist_end": 300.0, "anomaly": false}, "geometry": {"type": "LineString", "coordinates": [[139.57509058717196, 35.38962490134381], [139.57526012079023, 35.389447569643444], [139.57543593542604, 35.38927423127008]]}}, {"type": "Feature", "properties": {"id": "横浜横須賀道路-下り-3-6", "route": "横浜横須賀道路", "direction": "下り", "from": null, "to": "日野IC", "grade": -2.22, "elevation_start": 60.5, "elevation_end": 59.4, "quality": "measured", "structure": "normal", "chain_rank": 3, "cum_dist_start": 300.0, "cum_dist_end": 350.0, "anomaly": false}, "geometry": {"type": "LineString", "coordinates": [[139.57543593542604, 35.38927423127008], [139.57561652547898, 35.38910434740031], [139.57580488062922, 35.38894008074808]]}}, {"type": "Feature", "properties": {"id": "横浜横須賀道路-下り-3-7", "route": "横浜横須賀道路", "direction": "下り", "from": null, "to": "日野IC", "grade": -3.01, "elevation_start": 59.4, "elevation_end": 57.9, "quality": "measured", "structure": "normal", "chain_rank": 3, "cum_dist_start": 350.0, "cum_dist_end": 400.0, "anomaly": false}, "geometry": {"type": "LineString", "coordinates": [[139.57580488062922, 35.38894008074808], [139.57599338120457, 35.38877593180087], [139.5761917487004, 35.38861976899953]]}}, {"type": "Feature", "properties": {"id": "横浜横須賀道路-下り-3-8", "route": "横浜横須賀道路", "direction": "下り", "from": null, "to": "日野IC", "grade": -3.47, "elevation_start": 57.9, "elevation_end": 56.2, "quality": "measured", "structure": "normal", "chain_rank": 3, "cum_dist_start": 400.0, "cum_dist_end": 450.0, "anomaly": false}, "geometry": {"type": "LineString", "coordinates": [[139.5761917487004, 35.38861976899953], [139.57639117539145, 35.38846453848063], [139.576595647859, 35.38831374915321]]}}, {"type": "Feature", "properties": {"id": "横浜横須賀道路-下り-3-9", "route": "横浜横須賀道路", "direction": "下り", "from": null, "to": "日野IC", "grade": -1.99, "elevation_start": 56.2, "elevation_end": 55.2, "quality": "measured", "structure": "normal", "chain_rank": 3, "cum_dist_start": 450.0, "cum_dist_end": 500.0, "anomaly": false}, "geometry": {"type": "LineString", "coordinates": [[139.576595647859, 35.38831374915321], [139.57680081476934, 35.38816361280003], [139.57701122337795, 35.38801840513776]]}}, {"type": "Feature", "properties": {"id": "横浜横須賀道路-下り-3-10", "route": "横浜横須賀道路", "direction": "下り", "from": null, "to": "日野IC", "grade": -2.09, "elevation_start": 55.2, "elevation_end": 54.2, "quality": "measured", "structure": "normal", "chain_rank": 3, "cum_dist_start": 500.0, "cum_dist_end": 550.0, "anomaly": false}, "geometry": {"type": "LineString", "coordinates": [[139.57701122337795, 35.38801840513776], [139.57722163198656, 35.387873197475486], [139.57743204059517, 35.38772798981322]]}}, {"type": "Feature", "properties": {"id": "横浜横須賀道路-下り-3-11", "route": "横浜横須賀道路", "direction": "下り", "from": null, "to": "日野IC", "grade": -1.92, "elevation_start": 54.2, "elevation_end": 53.2, "quality": "estimated", "structure": "normal", "chain_rank": 3, "cum_dist_start": 550.0, "cum_dist_end": 600.0, "anomaly": false}, "geometry": {"type": "LineString", "coordinates": [[139.57743204059517, 35.38772798981322], [139.57764244920378, 35.38758278215095], [139.57785285781242, 35.38743757448868]]}}, {"type": "Feature", "properties": {"id": "横浜横須賀道路-下り-3-12", "route": "横浜横須賀道路", "direction": "下り", "from": null, "to": "日野IC", "grade": -1.92, "elevation_start": 53.2, "elevation_end": 52.2, "quality": "estimated", "structure": "normal", "chain_rank": 3, "cum_dist_start": 600.0, "cum_dist_end": 650.0, "anomaly": false}, "geometry": {"type": "LineString", "coordinates": [[139.57785285781242, 35.38743757448868], [139.57806326642103, 35.38729236682641], [139.57827367502964, 35.387147159164144]]}}, {"type": "Feature", "properties": {"id": "横浜横須賀道路-下り-3-13", "route": "横浜横須賀道路", "direction": "下り", "from": null, "to": "日野IC", "grade": -1.92, "elevation_start": 52.2, "elevation_end": 51.3, "quality": "estimated", "structure": "normal", "chain_rank": 3, "cum_dist_start": 650.0, "cum_dist_end": 700.0, "anomaly": false}, "geometry": {"type": "LineString", "coordinates": [[139.57827367502964, 35.387147159164144], [139.57848408363824, 35.38700195150187], [139.57869449224685, 35.3868567438396]]}}, {"type": "Feature", "properties": {"id": "横浜横須賀道路-下り-3-14", "route": "横浜横須賀道路", "direction": "下り", "from": null, "to": "日野IC", "grade": -1.92, "elevation_start": 51.3, "elevation_end": 50.3, "quality": "estimated", "structure": "bridge", "chain_rank": 3, "cum_dist_start": 700.0, "cum_dist_end": 750.0, "anomaly": false}, "geometry": {"type": "LineString", "coordinates": [[139.57869449224685, 35.3868567438396], [139.57890574094165, 35.386712363604886], [139.5791182613729, 35.38656923594381]]}}, {"type": "Feature", "properties": {"id": "横浜横須賀道路-下り-3-15", "route": "横浜横須賀道路", "direction": "下り", "from": null, "to": "日野IC", "grade": -1.92, "elevation_start": 50.3, "elevation_end": 49.3, "quality": "estimated", "structure": "bridge", "chain_rank": 3, "cum_dist_start": 750.0, "cum_dist_end": 800.0, "anomaly": false}, "geometry": {"type": "LineString", "coordinates": [[139.5791182613729, 35.38656923594381], [139.57933078180417, 35.386426108282734], [139.57954330223544, 35.38628298062166]]}}, {"type": "Feature", "properties": {"id": "横浜横須賀道路-下り-3-16", "route": "横浜横須賀道路", "direction": "下り", "from": null, "to": "日野IC", "grade": -1.92, "elevation_start": 49.3, "elevation_end": 48.4, "quality": "estimated", "structure": "bridge", "chain_rank": 3, "cum_dist_start": 800.0, "cum_dist_end": 850.0, "anomaly": false}, "geometry": {"type": "LineString", "coordinates": [[139.57954330223544, 35.38628298062166], [139.5797558226667, 35.38613985296058], [139.57996641535996, 35.38599485153138]]}}, {"type": "Feature", "properties": {"id": "横浜横須賀道路-下り-3-17", "route": "横浜横須賀道路", "direction": "下り", "from": null, "to": "日野IC", "grade": -1.92, "elevation_start": 48.4, "elevation_end": 47.4, "quality": "estimated", "structure": "bridge", "chain_rank": 3, "cum_dist_start": 850.0, "cum_dist_end": 900.0, "anomaly": false}, "geometry": {"type": "LineString", "coordinates": [[139.57996641535996, 35.38599485153138], [139.5801748284021, 35.38584773147365], [139.58038324144425, 35.38570061141593]]}}, {"type": "Feature", "properties": {"id": "横浜横須賀道路-下り-3-18", "route": "横浜横須賀道路", "direction": "下り", "from": null, "to": "日野IC", "grade": -1.92, "elevation_start": 47.4, "elevation_end": 46.5, "quality": "estimated", "structure": "bridge", "chain_rank": 3, "cum_dist_start": 900.0, "cum_dist_end": 950.0, "anomaly": false}, "geometry": {"type": "LineString", "coordinates": [[139.58038324144425, 35.38570061141593], [139.58059165448643, 35.3855534913582], [139.58080006752857, 35.385406371300476]]}}, {"type": "Feature", "properties": {"id": "横浜横須賀道路-下り-3-19", "route": "横浜横須賀道路", "direction": "下り", "from": null, "to": "日野IC", "grade": -1.92, "elevation_start": 46.5, "elevation_end": 45.5, "quality": "estimated", "structure": "bridge", "chain_rank": 3, "cum_dist_start": 950.0, "cum_dist_end": 1000.0, "anomaly": false}, "geometry": {"type": "LineString", "coordinates": [[139.58080006752857, 35.385406371300476], [139.58100848057074, 35.38525925124275], [139.5812168936129, 35.385112131185025]]}}, {"type": "Feature", "properties": {"id": "横浜横須賀道路-下り-3-20", "route": "横浜横須賀道路", "direction": "下り", "from": null, "to": "日野IC", "grade": -1.92, "elevation_start": 45.5, "elevation_end": 44.5, "quality": "estimated", "structure": "bridge", "chain_rank": 3, "cum_dist_start": 1000.0, "cum_dist_end": 1050.0, "anomaly": false}, "geometry": {"type": "LineString", "coordinates": [[139.5812168936129, 35.385112131185025], [139.58142530665506, 35.3849650111273], [139.5816334335852, 35.384817621970484]]}}, {"type": "Feature", "properties": {"id": "横浜横須賀道路-下り-3-21", "route": "横浜横須賀道路", "direction": "下り", "from": null, "to": "日野IC", "grade": -1.92, "elevation_start": 44.5, "elevation_end": 43.6, "quality": "estimated", "structure": "bridge", "chain_rank": 3, "cum_dist_start": 1050.0, "cum_dist_end": 1100.0, "anomaly": false}, "geometry": {"type": "LineString", "coordinates": [[139.5816334335852, 35.384817621970484], [139.5818402823581, 35.38466903065868], [139.58204713113096, 35.38452043934688]]}}, {"type": "Feature", "properties": {"id": "横浜横須賀道路-下り-3-22", "route": "横浜横須賀道路", "direction": "下り", "from": null, "to": "日野IC", "grade": -1.92, "elevation_start": 43.6, "elevation_end": 42.6, "quality": "estimated", "structure": "bridge", "chain_rank": 3, "cum_dist_start": 1100.0, "cum_dist_end": 1150.0, "anomaly": false}, "geometry": {"type": "LineString", "coordinates": [[139.58204713113096, 35.38452043934688], [139.5822505236955, 35.38436875267694], [139.58244972470217, 35.38421331207449]]}}, {"type": "Feature", "properties": {"id": "横浜横須賀道路-下り-3-23", "route": "横浜横須賀道路", "direction": "下り", "from": "日野IC", "to": "日野ＩＣ", "grade": -1.92, "elevation_start": 42.6, "elevation_end": 41.6, "quality": "estimated", "structure": "bridge", "chain_rank": 3, "cum_dist_start": 1150.0, "cum_dist_end": 1200.0, "anomaly": false}, "geometry": {"type": "LineString", "coordinates": [[139.58244972470217, 35.38421331207449], [139.58264557106398, 35.38405509150308], [139.58283774717023, 35.38389382941848]]}}, {"type": "Feature", "properties": {"id": "横浜横須賀道路-下り-3-24", "route": "横浜横須賀道路", "direction": "下り", "from": "日野IC", "to": "日野ＩＣ", "grade": -1.92, "elevation_start": 41.6, "elevation_end": 40.7, "quality": "estimated", "structure": "bridge", "chain_rank": 3, "cum_dist_start": 1200.0, "cum_dist_end": 1250.0, "anomaly": false}, "geometry": {"type": "LineString", "coordinates": [[139.58283774717023, 35.38389382941848], [139.58302992327646, 35.38373256733388], [139.58322064803718, 35.38357015742908]]}}, {"type": "Feature", "properties": {"id": "横浜横須賀道路-下り-3-25", "route": "横浜横須賀道路", "direction": "下り", "from": "日野IC", "to": "日野ＩＣ", "grade": -1.92, "elevation_start": 40.7, "elevation_end": 39.7, "quality": "estimated", "structure": "normal", "chain_rank": 3, "cum_dist_start": 1250.0, "cum_dist_end": 1300.0, "anomaly": false}, "geometry": {"type": "LineString", "coordinates": [[139.58322064803718, 35.38357015742908], [139.5834108304682, 35.38340731861402], [139.5835967597075, 35.38324125007144]]}}, {"type": "Feature", "properties": {"id": "横浜横須賀道路-下り-3-26", "route": "横浜横須賀道路", "direction": "下り", "from": "日野IC", "to": "日野ＩＣ", "grade": -1.92, "elevation_start": 39.7, "elevation_end": 38.8, "quality": "estimated", "structure": "normal", "chain_rank": 3, "cum_dist_start": 1300.0, "cum_dist_end": 1350.0, "anomaly": false}, "geometry": {"type": "LineString", "coordinates": [[139.5835967597075, 35.38324125007144], [139.58378072058397, 35.38307368682186], [139.58396248137893, 35.38290455368072]]}}, {"type": "Feature", "properties": {"id": "横浜横須賀道路-下り-3-27", "route": "横浜横須賀道路", "direction": "下り", "from": "日野IC", "to": "日野ＩＣ", "grade": -1.92, "elevation_start": 38.8, "elevation_end": 37.8, "quality": "estimated", "structure": "normal", "chain_rank": 3, "cum_dist_start": 1350.0, "cum_dist_end": 1400.0, "anomaly": false}, "geometry": {"type": "LineString", "coordinates": [[139.58396248137893, 35.38290455368072], [139.58414000587624, 35.38273239768435], [139.58431760496126, 35.38256029345844]]}}, {"type": "Feature", "properties": {"id": "横浜横須賀道路-下り-3-28", "route": "横浜横須賀道路", "direction": "下り", "from": "日野IC", "to": "日野ＩＣ", "grade": -1.92, "elevation_start": 37.8, "elevation_end": 36.8, "quality": "estimated", "structure": "bridge", "chain_rank": 3, "cum_dist_start": 1400.0, "cum_dist_end": 1450.0, "anomaly": false}, "geometry": {"type": "LineString", "coordinates": [[139.58431760496126, 35.38256029345844], [139.58449383545351, 35.38238727224014], [139.58466605820482, 35.38221154210728]]}}, {"type": "Feature", "properties": {"id": "横浜横須賀道路-下り-3-29", "route": "横浜横須賀道路", "direction": "下り", "from": "日野IC", "to": "日野ＩＣ", "grade": -1.92, "elevation_start": 36.8, "elevation_end": 35.9, "quality": "estimated", "structure": "bridge", "chain_rank": 3, "cum_dist_start": 1450.0, "cum_dist_end": 1500.0, "anomaly": false}, "geometry": {"type": "LineString", "coordinates": [[139.58466605820482, 35.38221154210728], [139.58483533194135, 35.38203394486451], [139.58499964132608, 35.38185320454133]]}}, {"type": "Feature", "properties": {"id": "横浜横須賀道路-下り-3-30", "route": "横浜横須賀道路", "direction": "下り", "from": "日野IC", "to": "日野ＩＣ", "grade": -1.92, "elevation_start": 35.9, "elevation_end": 34.9, "quality": "estimated", "structure": "normal", "chain_rank": 3, "cum_dist_start": 1500.0, "cum_dist_end": 1550.0, "anomaly": false}, "geometry": {"type": "LineString", "coordinates": [[139.58499964132608, 35.38185320454133], [139.5851613488883, 35.38167090939038], [139.5853214192959, 35.38148763588927]]}}, {"type": "Feature", "properties": {"id": "横浜横須賀道路-下り-3-31", "route": "横浜横須賀道路", "direction": "下り", "from": "日野IC", "to": "日野ＩＣ", "grade": -1.92, "elevation_start": 34.9, "elevation_end": 33.9, "quality": "estimated", "structure": "normal", "chain_rank": 3, "cum_dist_start": 1550.0, "cum_dist_end": 1600.0, "anomaly": false}, "geometry": {"type": "LineString", "coordinates": [[139.5853214192959, 35.38148763588927], [139.58547742589607, 35.38130202744484], [139.58563342280806, 35.38111641343385]]}}, {"type": "Feature", "properties": {"id": "横浜横須賀道路-下り-3-32", "route": "横浜横須賀道路", "direction": "下り", "from": "日野IC", "to": "日野ＩＣ", "grade": -0.35, "elevation_start": 33.9, "elevation_end": 33.8, "quality": "estimated", "structure": "normal", "chain_rank": 3, "cum_dist_start": 1600.0, "cum_dist_end": 1650.0, "anomaly": false}, "geometry": {"type": "LineString", "coordinates": [[139.58563342280806, 35.38111641343385], [139.58578548238097, 35.380928655953944], [139.5859339487089, 35.380738945250094]]}}, {"type": "Feature", "properties": {"id": "横浜横須賀道路-下り-3-33", "route": "横浜横須賀道路", "direction": "下り", "from": "日野ＩＣ", "to": "港南台IC", "grade": 1.19, "elevation_start": 33.8, "elevation_end": 34.4, "quality": "measured", "structure": "normal", "chain_rank": 3, "cum_dist_start": 1650.0, "cum_dist_end": 1700.0, "anomaly": false}, "geometry": {"type": "LineString", "coordinates": [[139.5859339487089, 35.380738945250094], [139.5860817507906, 35.38054888868426], [139.58622562315063, 35.38035681884359]]}}, {"type": "Feature", "properties": {"id": "横浜横須賀道路-下り-3-34", "route": "横浜横須賀道路", "direction": "下り", "from": "日野ＩＣ", "to": "港南台IC", "grade": 1.72, "elevation_start": 34.4, "elevation_end": 35.2, "quality": "measured", "structure": "normal", "chain_rank": 3, "cum_dist_start": 1700.0, "cum_dist_end": 1750.0, "anomaly": false}, "geometry": {"type": "LineString", "coordinates": [[139.58622562315063, 35.38035681884359], [139.58636949551067, 35.380164749002915], [139.58650311897986, 35.37996778639459]]}}, {"type": "Feature", "properties": {"id": "横浜横須賀道路-下り-3-35", "route": "横浜横須賀道路", "direction": "下り", "from": "日野ＩＣ", "to": "港南台IC", "grade": 1.77, "elevation_start": 35.2, "elevation_end": 36.1, "quality": "measured", "structure": "normal", "chain_rank": 3, "cum_dist_start": 1750.0, "cum_dist_end": 1800.0, "anomaly": false}, "geometry": {"type": "LineString", "coordinates": [[139.58650311897986, 35.37996778639459], [139.58663631157705, 35.379770618090184], [139.58676950417424, 35.37957344978579]]}}, {"type": "Feature", "properties": {"id": "横浜横須賀道路-下り-3-36", "route": "横浜横須賀道路", "direction": "下り", "from": "日野ＩＣ", "to": "港南台IC", "grade": 0.98, "elevation_start": 36.1, "elevation_end": 36.6, "quality": "measured", "structure": "normal", "chain_rank": 3, "cum_dist_start": 1800.0, "cum_dist_end": 1850.0, "anomaly": false}, "geometry": {"type": "LineString", "coordinates": [[139.58676950417424, 35.37957344978579], [139.58689975952075, 35.379375004024254], [139.58702464539041, 35.37917422299166]]}}, {"type": "Feature", "properties": {"id": "横浜横須賀道路-下り-3-37", "route": "横浜横須賀道路", "direction": "下り", "from": "日野ＩＣ", "to": "港南台IC", "grade": 0.25, "elevation_start": 36.6, "elevation_end": 36.7, "quality": "measured", "structure": "normal", "chain_rank": 3, "cum_dist_start": 1850.0, "cum_dist_end": 1900.0, "anomaly": false}, "geometry": {"type": "LineString", "coordinates": [[139.58702464539041, 35.37917422299166], [139.58714953126008, 35.378973441959054], [139.58727441712972, 35.37877266092646]]}}, {"type": "Feature", "properties": {"id": "横浜横須賀道路-下り-3-38", "route": "横浜横須賀道路", "direction": "下り", "from": "日野ＩＣ", "to": "港南台IC", "grade": -0.37, "elevation_start": 36.7, "elevation_end": 36.5, "quality": "measured", "structure": "normal", "chain_rank": 3, "cum_dist_start": 1900.0, "cum_dist_end": 1950.0, "anomaly": false}, "geometry": {"type": "LineString", "coordinates": [[139.58727441712972, 35.37877266092646], [139.5873993029994, 35.37857187989386], [139.58752418886905, 35.37837109886126]]}}, {"type": "Feature", "properties": {"id": "横浜横須賀道路-下り-3-39", "route": "横浜横須賀道路", "direction": "下り", "from": "日野ＩＣ", "to": "港南台IC", "grade": -1.08, "elevation_start": 36.5, "elevation_end": 36.0, "quality": "measured", "structure": "normal", "chain_rank": 3, "cum_dist_start": 1950.0, "cum_dist_end": 2000.0, "anomaly": false}, "geometry": {"type": "LineString", "coordinates": [[139.58752418886905, 35.37837109886126], [139.58764786988067, 35.378169822601826], [139.58776987179252, 35.377967856190324]]}}, {"type": "Feature", "properties": {"id": "横浜横須賀道路-下り-3-40", "route": "横浜横須賀道路", "direction": "下り", "from": "日野ＩＣ", "to": "港南台IC", "grade": -1.58, "elevation_start": 36.0, "elevation_end": 35.2, "quality": "measured", "structure": "normal", "chain_rank": 3, "cum_dist_start": 2000.0, "cum_dist_end": 2050.0, "anomaly": false}, "geometry": {"type": "LineString", "coordinates": [[139.58776987179252, 35.377967856190324], [139.5878859697373, 35.37776358522203], [139.588000701352, 35.37755878091992]]}}, {"type": "Feature", "properties": {"id": "横浜横須賀道路-下り-3-41", "route": "横浜横須賀道路", "direction": "下り", "from": "日野ＩＣ", "to": "港南台IC", "grade": -1.09, "elevation_start": 35.2, "elevation_end": 34.7, "quality": "measured", "structure": "normal", "chain_rank": 3, "cum_dist_start": 2050.0, "cum_dist_end": 2100.0, "anomaly": false}, "geometry": {"type": "LineString", "coordinates": [[139.588000701352, 35.37755878091992], [139.5881154329667, 35.37735397661782], [139.58822901522672, 35.37714874432793]]}}, {"type": "Feature", "properties": {"id": "横浜横須賀道路-下り-3-42", "route": "横浜横須賀道路", "direction": "下り", "from": "日野ＩＣ", "to": "港南台IC", "grade": -0.49, "elevation_start": 34.7, "elevation_end": 34.4, "quality": "measured", "structure": "normal", "chain_rank": 3, "cum_dist_start": 2100.0, "cum_dist_end": 2150.0, "anomaly": false}, "geometry": {"type": "LineString", "coordinates": [[139.58822901522672, 35.37714874432793], [139.58834211813766, 35.37694333354175], [139.58845522104858, 35.376737922755574]]}}, {"type": "Feature", "properties": {"id": "横浜横須賀道路-下り-3-43", "route": "横浜横須賀道路", "direction": "下り", "from": "日野ＩＣ", "to": "港南台IC", "grade": -0.12, "elevation_start": 34.4, "elevation_end": 34.4, "quality": "measured", "structure": "normal", "chain_rank": 3, "cum_dist_start": 2150.0, "cum_dist_end": 2200.0, "anomaly": false}, "geometry": {"type": "LineString", "coordinates": [[139.58845522104858, 35.376737922755574], [139.5885687968818, 35.37653268765249], [139.58868237812388, 35.37632745455873]]}}, {"type": "Feature", "properties": {"id": "横浜横須賀道路-下り-3-44", "route": "横浜横須賀道路", "direction": "下り", "from": "日野ＩＣ", "to": "港南台IC", "grade": 1.37, "elevation_start": 34.4, "elevation_end": 35.0, "quality": "estimated", "structure": "normal", "chain_rank": 3, "cum_dist_start": 2200.0, "cum_dist_end": 2250.0, "anomaly": false}, "geometry": {"type": "LineString", "coordinates": [[139.58868237812388, 35.37632745455873], [139.58879595936594, 35.37612222146496], [139.58890954060803, 35.375916988371195]]}}, {"type": "Feature", "properties": {"id": "横浜横須賀道路-下り-3-45", "route": "横浜横須賀道路", "direction": "下り", "from": "日野ＩＣ", "to": "港南台IC", "grade": 2.89, "elevation_start": 35.0, "elevation_end": 36.5, "quality": "estimated", "structure": "normal", "chain_rank": 3, "cum_dist_start": 2250.0, "cum_dist_end": 2300.0, "anomaly": false}, "geometry": {"type": "LineString", "coordinates": [[139.58890954060803, 35.375916988371195], [139.58902312185012, 35.37571175527743], [139.5891367030922, 35.37550652218366]]}}, {"type": "Feature", "properties": {"id": "横浜横須賀道路-下り-3-46", "route": "横浜横須賀道路", "direction": "下り", "from": "日野ＩＣ", "to": "港南台IC", "grade": 2.89, "elevation_start": 36.5, "elevation_end": 37.9, "quality": "estimated", "structure": "normal", "chain_rank": 3, "cum_dist_start": 2300.0, "cum_dist_end": 2350.0, "anomaly": false}, "geometry": {"type": "LineString", "coordinates": [[139.5891367030922, 35.37550652218366], [139.5892502843343, 35.3753012890899], [139.5893638655764, 35.37509605599614]]}}, {"type": "Feature", "properties": {"id": "横浜横須賀道路-下り-3-47", "route": "横浜横須賀道路", "direction": "下り", "from": "日野ＩＣ", "to": "港南台IC", "grade": 2.89, "elevation_start": 37.9, "elevation_end": 39.4, "quality": "estimated", "structure": "bridge", "chain_rank": 3, "cum_dist_start": 2350.0, "cum_dist_end": 2400.0, "anomaly": false}, "geometry": {"type": "LineString", "coordinates": [[139.5893638655764, 35.37509605599614], [139.58947754701745, 35.37489086029595], [139.58959519505117, 35.374687204256766]]}}, {"type": "Feature", "properties": {"id": "横浜横須賀道路-下り-3-48", "route": "横浜横須賀道路", "direction": "下り", "from": "日野ＩＣ", "to": "港南台IC", "grade": 2.89, "elevation_start": 39.4, "elevation_end": 40.8, "quality": "estimated", "structure": "bridge", "chain_rank": 3, "cum_dist_start": 2400.0, "cum_dist_end": 2450.0, "anomaly": false}, "geometry": {"type": "LineString", "coordinates": [[139.58959519505117, 35.374687204256766], [139.58971748641997, 35.37448535741182], [139.58983977778877, 35.37428351056688]]}}, {"type": "Feature", "properties": {"id": "横浜横須賀道路-下り-3-49", "route": "横浜横須賀道路", "direction": "下り", "from": "港南台IC", "to": "港南台", "grade": 2.89, "elevation_start": 40.8, "elevation_end": 42.3, "quality": "estimated", "structure": "bridge", "chain_rank": 3, "cum_dist_start": 2450.0, "cum_dist_end": 2500.0, "anomaly": false}, "geometry": {"type": "LineString", "coordinates": [[139.58983977778877, 35.37428351056688], [139.589966069955, 35.374083421704626], [139.59010376188948, 35.373888341992505]]}}, {"type": "Feature", "properties": {"id": "横浜横須賀道路-下り-3-50", "route": "横浜横須賀道路", "direction": "下り", "from": "港南台IC", "to": "港南台", "grade": 2.89, "elevation_start": 42.3, "elevation_end": 43.7, "quality": "estimated", "structure": "normal", "chain_rank": 3, "cum_dist_start": 2500.0, "cum_dist_end": 2550.0, "anomaly": false}, "geometry": {"type": "LineString", "coordinates": [[139.59010376188948, 35.373888341992505], [139.59025210952805, 35.37369868877151], [139.5904054891236, 35.37351166376778]]}}, {"type": "Feature", "properties": {"id": "横浜横須賀道路-下り-3-51", "route": "横浜横須賀道路", "direction": "下り", "from": "港南台IC", "to": "港南台", "grade": 2.89, "elevation_start": 43.7, "elevation_end": 45.1, "quality": "estimated", "structure": "normal", "chain_rank": 3, "cum_dist_start": 2550.0, "cum_dist_end": 2600.0, "anomaly": false}, "geometry": {"type": "LineString", "coordinates": [[139.5904054891236, 35.37351166376778], [139.59057896595644, 35.37333677527901], [139.59076511180396, 35.37317103925317]]}}, {"type": "Feature", "properties": {"id": "横浜横須賀道路-下り-3-52", "route": "横浜横須賀道路", "direction": "下り", "from": "港南台IC", "to": "港南台", "grade": 1.64, "elevation_start": 45.1, "elevation_end": 46.0, "quality": "estimated", "structure": "normal", "chain_rank": 3, "cum_dist_start": 2600.0, "cum_dist_end": 2650.0, "anomaly": false}, "geometry": {"type": "LineString", "coordinates": [[139.59076511180396, 35.37317103925317], [139.59095529636022, 35.373008220907444], [139.59115629500275, 35.37285444053901]]}}, {"type": "Feature", "properties": {"id": "横浜横須賀道路-下り-3-53", "route": "横浜横須賀道路", "direction": "下り", "from": "港南台IC", "to": "港南台", "grade": 0.2, "elevation_start": 46.0, "elevation_end": 46.1, "quality": "measured", "structure": "normal", "chain_rank": 3, "cum_dist_start": 2650.0, "cum_dist_end": 2700.0, "anomaly": false}, "geometry": {"type": "LineString", "coordinates": [[139.59115629500275, 35.37285444053901], [139.59135887057502, 35.372701978104885], [139.59157472875762, 35.37256246272823]]}}, {"type": "Feature", "properties": {"id": "横浜横須賀道路-下り-3-54", "route": "横浜横須賀道路", "direction": "下り", "from": "港南台IC", "to": "港南台", "grade": 0.05, "elevation_start": 46.1, "elevation_end": 46.1, "quality": "measured", "structure": "normal", "chain_rank": 3, "cum_dist_start": 2700.0, "cum_dist_end": 2750.0, "anomaly": false}, "geometry": {"type": "LineString", "coordinates": [[139.59157472875762, 35.37256246272823], [139.5917929803729, 35.37242528032001], [139.59200773801263, 35.372284460205606]]}}, {"type": "Feature", "properties": {"id": "横浜横須賀道路-下り-3-55", "route": "横浜横須賀道路", "direction": "下り", "from": "港南台IC", "to": "港南台", "grade": 1.63, "elevation_start": 46.1, "elevation_end": 46.9, "quality": "estimated", "structure": "normal", "chain_rank": 3, "cum_dist_start": 2750.0, "cum_dist_end": 2800.0, "anomaly": false}, "geometry": {"type": "LineString", "coordinates": [[139.59200773801263, 35.372284460205606], [139.5922219448723, 35.372143066653926], [139.59243615173202, 35.37200167310224]]}}, {"type": "Feature", "properties": {"id": "横浜横須賀道路-下り-3-56", "route": "横浜横須賀道路", "direction": "下り", "from": "港南台IC", "to": "港南台", "grade": 3.15, "elevation_start": 46.9, "elevation_end": 48.5, "quality": "estimated", "structure": "normal", "chain_rank": 3, "cum_dist_start": 2800.0, "cum_dist_end": 2850.0, "anomaly": false}, "geometry": {"type": "LineString", "coordinates": [[139.59243615173202, 35.37200167310224], [139.59265035859173, 35.37186027955056], [139.59285677849365, 35.371711612317476]]}}, {"type": "Feature", "properties": {"id": "横浜横須賀道路-下り-3-57", "route": "横浜横須賀道路", "direction": "下り", "from": "港南台IC", "to": "港南台", "grade": 3.15, "elevation_start": 48.5, "elevation_end": 50.1, "quality": "estimated", "structure": "normal", "chain_rank": 3, "cum_dist_start": 2850.0, "cum_dist_end": 2900.0, "anomaly": false}, "geometry": {"type": "LineString", "coordinates": [[139.59285677849365, 35.371711612317476], [139.5930559263277, 35.37155615235402], [139.59324404019227, 35.37139182923171]]}}, {"type": "Feature", "properties": {"id": "横浜横須賀道路-下り-3-58", "route": "横浜横須賀道路", "direction": "下り", "from": "港南台IC", "to": "港南台", "grade": 3.15, "elevation_start": 50.1, "elevation_end": 51.6, "quality": "estimated", "structure": "bridge", "chain_rank": 3, "cum_dist_start": 2900.0, "cum_dist_end": 2950.0, "anomaly": false}, "geometry": {"type": "LineString", "coordinates": [[139.59324404019227, 35.37139182923171], [139.59342270273376, 35.37122069503824], [139.59359295830944, 35.37104377726416]]}}, {"type": "Feature", "properties": {"id": "横浜横須賀道路-下り-3-59", "route": "横浜横須賀道路", "direction": "下り", "from": "港南台IC", "to": "港南台", "grade": 3.15, "elevation_start": 51.6, "elevation_end": 53.2, "quality": "estimated", "structure": "bridge", "chain_rank": 3, "cum_dist_start": 2950.0, "cum_dist_end": 3000.0, "anomaly": false}, "geometry": {"type": "LineString", "coordinates": [[139.59359295830944, 35.37104377726416], [139.59374788356854, 35.370857577555334], [139.59390010996597, 35.37066988596123]]}}, {"type": "Feature", "properties": {"id": "横浜横須賀道路-下り-3-60", "route": "横浜横須賀道路", "direction": "下り", "from": "港南台IC", "to": "港南台", "grade": 3.15, "elevation_start": 53.2, "elevation_end": 54.8, "quality": "estimated", "structure": "bridge", "chain_rank": 3, "cum_dist_start": 3000.0, "cum_dist_end": 3050.0, "anomaly": false}, "geometry": {"type": "LineString", "coordinates": [[139.59390010996597, 35.37066988596123], [139.5940417943217, 35.37047678569717], [139.59418138370276, 35.370282616031595]]}}, {"type": "Feature", "properties": {"id": "横浜横須賀道路-下り-3-61", "route": "横浜横須賀道路", "direction": "下り", "from": "港南台IC", "to": "港南台", "grade": 3.15, "elevation_start": 54.8, "elevation_end": 56.4, "quality": "estimated", "structure": "normal", "chain_rank": 3, "cum_dist_start": 3050.0, "cum_dist_end": 3100.0, "anomaly": false}, "geometry": {"type": "LineString", "coordinates": [[139.59418138370276, 35.370282616031595], [139.59432015411872, 35.37008805374025], [139.5944589245347, 35.3698934914489]]}}, {"type": "Feature", "properties": {"id": "横浜横須賀道路-下り-3-62", "route": "横浜横須賀道路", "direction": "下り", "from": "港南台IC", "to": "港南台", "grade": 3.15, "elevation_start": 56.4, "elevation_end": 57.9, "quality": "estimated", "structure": "normal", "chain_rank": 3, "cum_dist_start": 3100.0, "cum_dist_end": 3150.0, "anomaly": false}, "geometry": {"type": "LineString", "coordinates": [[139.5944589245347, 35.3698934914489], [139.5945976949507, 35.36969892915756], [139.59473646536668, 35.36950436686621]]}}, {"type": "Feature", "properties": {"id": "横浜横須賀道路-下り-3-63", "route": "横浜横須賀道路", "direction": "下り", "from": "港南台IC", "to": "港南台", "grade": 2.9, "elevation_start": 57.9, "elevation_end": 59.4, "quality": "estimated", "structure": "normal", "chain_rank": 3, "cum_dist_start": 3150.0, "cum_dist_end": 3200.0, "anomaly": false}, "geometry": {"type": "LineString", "coordinates": [[139.59473646536668, 35.36950436686621], [139.59487523578267, 35.36930980457486], [139.59501400619865, 35.36911524228351]]}}, {"type": "Feature", "properties": {"id": "横浜横須賀道路-下り-3-64", "route": "横浜横須賀道路", "direction": "下り", "from": "港南台IC", "to": "港南台", "grade": 2.59, "elevation_start": 59.4, "elevation_end": 60.7, "quality": "measured", "structure": "normal", "chain_rank": 3, "cum_dist_start": 3200.0, "cum_dist_end": 3250.0, "anomaly": false}, "geometry": {"type": "LineString", "coordinates": [[139.59501400619865, 35.36911524228351], [139.59515277661464, 35.36892067999217], [139.59529154703063, 35.368726117700824]]}}, {"type": "Feature", "properties": {"id": "横浜横須賀道路-下り-3-65", "route": "横浜横須賀道路", "direction": "下り", "from": "港南台IC", "to": "港南台", "grade": 3.64, "elevation_start": 60.7, "elevation_end": 62.5, "quality": "measured", "structure": "normal", "chain_rank": 3, "cum_dist_start": 3250.0, "cum_dist_end": 3300.0, "anomaly": false}, "geometry": {"type": "LineString", "coordinates": [[139.59529154703063, 35.368726117700824], [139.5954303174466, 35.368531555409476], [139.5955690878626, 35.368336993118135]]}}, {"type": "Feature", "properties": {"id": "横浜横須賀道路-下り-3-66", "route": "横浜横須賀道路", "direction": "下り", "from": "港南台IC", "to": "港南台", "grade": 5.11, "elevation_start": 62.5, "elevation_end": 65.0, "quality": "measured", "structure": "normal", "chain_rank": 3, "cum_dist_start": 3300.0, "cum_dist_end": 3350.0, "anomaly": false}, "geometry": {"type": "LineString", "coordinates": [[139.5955690878626, 35.368336993118135], [139.5957078582786, 35.368142430826786], [139.59584662869457, 35.36794786853544]]}}, {"type": "Feature", "properties": {"id": "横浜横須賀道路-下り-3-67", "route": "横浜横須賀道路", "direction": "下り", "from": "港南台IC", "to": "港南台", "grade": 4.78, "elevation_start": 65.0, "elevation_end": 67.4, "quality": "measured", "structure": "normal", "chain_rank": 3, "cum_dist_start": 3350.0, "cum_dist_end": 3400.0, "anomaly": false}, "geometry": {"type": "LineString", "coordinates": [[139.59584662869457, 35.36794786853544], [139.59598539911056, 35.3677533062441], [139.59612416952655, 35.36755874395275]]}}, {"type": "Feature", "properties": {"id": "横浜横須賀道路-下り-3-68", "route": "横浜横須賀道路", "direction": "下り", "from": "港南台IC", "to": "港南台", "grade": 4.22, "elevation_start": 67.4, "elevation_end": 69.5, "quality": "measured", "structure": "normal", "chain_rank": 3, "cum_dist_start": 3400.0, "cum_dist_end": 3450.0, "anomaly": false}, "geometry": {"type": "LineString", "coordinates": [[139.59612416952655, 35.36755874395275], [139.59626293994253, 35.3673641816614], [139.59640203258562, 35.36716977474245]]}}, {"type": "Feature", "properties": {"id": "横浜横須賀道路-下り-3-69", "route": "横浜横須賀道路", "direction": "下り", "from": "港南台IC", "to": "港南台", "grade": 3.58, "elevation_start": 69.5, "elevation_end": 71.3, "quality": "measured", "structure": "normal", "chain_rank": 3, "cum_dist_start": 3450.0, "cum_dist_end": 3500.0, "anomaly": false}, "geometry": {"type": "LineString", "coordinates": [[139.59640203258562, 35.36716977474245], [139.59654166440168, 35.36697562780351], [139.59668129621778, 35.36678148086457]]}}, {"type": "Feature", "properties": {"id": "横浜横須賀道路-下り-3-70", "route": "横浜横須賀道路", "direction": "下り", "from": "港南台IC", "to": "港南台", "grade": 1.67, "elevation_start": 71.3, "elevation_end": 72.2, "quality": "measured", "structure": "normal", "chain_rank": 3, "cum_dist_start": 3500.0, "cum_dist_end": 3550.0, "anomaly": false}, "geometry": {"type": "LineString", "coordinates": [[139.59668129621778, 35.36678148086457], [139.59682173026852, 35.366587723317735], [139.59696236199042, 35.366394061717386]]}}, {"type": "Feature", "properties": {"id": "横浜横須賀道路-下り-3-71", "route": "横浜横須賀道路", "direction": "下り", "from": "港南台IC", "to": "港南台", "grade": 1.42, "elevation_start": 72.2, "elevation_end": 72.9, "quality": "measured", "structure": "normal", "chain_rank": 3, "cum_dist_start": 3550.0, "cum_dist_end": 3600.0, "anomaly": false}, "geometry": {"type": "LineString", "coordinates": [[139.59696236199042, 35.366394061717386], [139.5971029937123, 35.36620040011704], [139.5972434894304, 35.366006673169416]]}}, {"type": "Feature", "properties": {"id": "横浜横須賀道路-下り-3-72", "route": "横浜横須賀道路", "direction": "下り", "from": "港南台", "to": null, "grade": 1.6, "elevation_start": 72.9, "elevation_end": 73.7, "quality": "estimated", "structure": "normal", "chain_rank": 3, "cum_dist_start": 3600.0, "cum_dist_end": 3650.0, "anomaly": false}, "geometry": {"type": "LineString", "coordinates": [[139.5972434894304, 35.366006673169416], [139.59738127725473, 35.36581164512949], [139.59751392126333, 35.365614247116746]]}}, {"type": "Feature", "properties": {"id": "横浜横須賀道路-下り-3-73", "route": "横浜横須賀道路", "direction": "下り", "from": "港南台", "to": null, "grade": 1.6, "elevation_start": 73.7, "elevation_end": 74.5, "quality": "estimated", "structure": "normal", "chain_rank": 3, "cum_dist_start": 3650.0, "cum_dist_end": 3700.0, "anomaly": false}, "geometry": {"type": "LineString", "coordinates": [[139.59751392126333, 35.365614247116746], [139.5976458692268, 35.365416528406655], [139.59777781719026, 35.36521880969656]]}}, {"type": "Feature", "properties": {"id": "横浜横須賀道路-下り-3-74", "route": "横浜横須賀道路", "direction": "下り", "from": "港南台", "to": null, "grade": 1.6, "elevation_start": 74.5, "elevation_end": 75.3, "quality": "estimated", "structure": "normal", "chain_rank": 3, "cum_dist_start": 3700.0, "cum_dist_end": 3750.0, "anomaly": false}, "geometry": {"type": "LineString", "coordinates": [[139.59777781719026, 35.36521880969656], [139.5979097651537, 35.36502109098646], [139.59804171311717, 35.36482337227637]]}}, {"type": "Feature", "properties": {"id": "横浜横須賀道路-下り-3-75", "route": "横浜横須賀道路", "direction": "下り", "from": "港南台", "to": null, "grade": 1.6, "elevation_start": 75.3, "elevation_end": 76.1, "quality": "estimated", "structure": "bridge", "chain_rank": 3, "cum_dist_start": 3750.0, "cum_dist_end": 3800.0, "anomaly": false}, "geometry": {"type": "LineString", "coordinates": [[139.59804171311717, 35.36482337227637], [139.59816771884402, 35.36462309996181], [139.598282272141, 35.36441824915078]]}}, {"type": "Feature", "properties": {"id": "横浜横須賀道路-下り-3-76", "route": "横浜横須賀道路", "direction": "下り", "from": "港南台", "to": null, "grade": 1.6, "elevation_start": 76.1, "elevation_end": 76.9, "quality": "estimated", "structure": "normal", "chain_rank": 3, "cum_dist_start": 3800.0, "cum_dist_end": 3850.0, "anomaly": false}, "geometry": {"type": "LineString", "coordinates": [[139.598282272141, 35.36441824915078], [139.59838516499264, 35.364209371011256], [139.5984767136033, 35.363997028896826]]}}, {"type": "Feature", "properties": {"id": "横浜横須賀道路-下り-3-77", "route": "横浜横須賀道路", "direction": "下り", "from": "港南台", "to": null, "grade": 1.6, "elevation_start": 76.9, "elevation_end": 77.7, "quality": "estimated", "structure": "normal", "chain_rank": 3, "cum_dist_start": 3850.0, "cum_dist_end": 3900.0, "anomaly": false}, "geometry": {"type": "LineString", "coordinates": [[139.5984767136033, 35.363997028896826], [139.5985557659111, 35.36378120172341], [139.59862329089228, 35.36356290554328]]}}, {"type": "Feature", "properties": {"id": "横浜横須賀道路-下り-3-78", "route": "横浜横須賀道路", "direction": "下り", "from": "港南台", "to": null, "grade": 1.6, "elevation_start": 77.7, "elevation_end": 78.5, "quality": "estimated", "structure": "normal", "chain_rank": 3, "cum_dist_start": 3900.0, "cum_dist_end": 3950.0, "anomaly": false}, "geometry": {"type": "LineString", "coordinates": [[139.59862329089228, 35.36356290554328], [139.59868332617918, 35.3633430051659], [139.598730766503, 35.36312114867564]]}}, {"type": "Feature", "properties": {"id": "横浜横須賀道路-下り-3-79", "route": "横浜横須賀道路", "direction": "下り", "from": "港南台", "to": null, "grade": 0.0, "elevation_start": 78.5, "elevation_end": 78.5, "quality": "measured", "structure": "normal", "chain_rank": 3, "cum_dist_start": 3950.0, "cum_dist_end": 4000.0, "anomaly": false}, "geometry": {"type": "LineString", "coordinates": [[139.598730766503, 35.36312114867564], [139.5987677750087, 35.362897948741264], [139.5987886846148, 35.362673377571774]]}}, {"type": "Feature", "properties": {"id": "横浜横須賀道路-下り-4-0", "route": "横浜横須賀道路", "direction": "下り", "from": null, "to": "新保土ヶ谷", "grade": 0.0, "elevation_start": 47.8, "elevation_end": 47.8, "quality": "estimated", "structure": "normal", "chain_rank": 4, "cum_dist_start": 0.0, "cum_dist_end": 50.0, "anomaly": false}, "geometry": {"type": "LineString", "coordinates": [[139.5677895, 35.4511303], [139.56804228924932, 35.45104092489972], [139.56829507849864, 35.45095154979944]]}}, {"type": "Feature", "properties": {"id": "横浜横須賀道路-下り-4-1", "route": "横浜横須賀道路", "direction": "下り", "from": null, "to": "新保土ヶ谷", "grade": 0.0, "elevation_start": 47.8, "elevation_end": 47.8, "quality": "estimated", "structure": "normal", "chain_rank": 4, "cum_dist_start": 50.0, "cum_dist_end": 100.0, "anomaly": false}, "geometry": {"type": "LineString", "coordinates": [[139.56829507849864, 35.45095154979944], [139.5685465107226, 35.45085966996829], [139.56879722052656, 35.450766456729674]]}}, {"type": "Feature", "properties": {"id": "横浜横須賀道路-下り-4-2", "route": "横浜横須賀道路", "direction": "下り", "from": null, "to": "新保土ヶ谷", "grade": 0.0, "elevation_start": 47.8, "elevation_end": 47.8, "quality": "estimated", "structure": "bridge", "chain_rank": 4, "cum_dist_start": 100.0, "cum_dist_end": 150.0, "anomaly": false}, "geometry": {"type": "LineString", "coordinates": [[139.56879722052656, 35.450766456729674], [139.56904507142056, 35.45066836534383], [139.56929076434085, 35.45056660381317]]}}, {"type": "Feature", "properties": {"id": "横浜横須賀道路-下り-4-3", "route": "横浜横須賀道路", "direction": "下り", "from": "新保土ヶ谷", "to": "藤塚ＩＣ", "grade": 0.0, "elevation_start": 47.8, "elevation_end": 47.8, "quality": "estimated", "structure": "bridge", "chain_rank": 4, "cum_dist_start": 150.0, "cum_dist_end": 200.0, "anomaly": false}, "geometry": {"type": "LineString", "coordinates": [[139.56929076434085, 35.45056660381317], [139.56953484583678, 35.45046227640805], [139.56977892733272, 35.45035794900292]]}}, {"type": "Feature", "properties": {"id": "横浜横須賀道路-下り-4-4", "route": "横浜横須賀道路", "direction": "下り", "from": "新保土ヶ谷", "to": "藤塚ＩＣ", "grade": 0.0, "elevation_start": 47.8, "elevation_end": 47.8, "quality": "estimated", "structure": "bridge", "chain_rank": 4, "cum_dist_start": 200.0, "cum_dist_end": 250.0, "anomaly": false}, "geometry": {"type": "LineString", "coordinates": [[139.56977892733272, 35.45035794900292], [139.5700230295717, 35.45025365506108], [139.57026713385244, 35.450149364413136]]}}, {"type": "Feature", "properties": {"id": "横浜横須賀道路-下り-4-5", "route": "横浜横須賀道路", "direction": "下り", "from": "新保土ヶ谷", "to": "藤塚ＩＣ", "grade": 0.0, "elevation_start": 47.8, "elevation_end": 47.8, "quality": "estimated", "structure": "bridge", "chain_rank": 4, "cum_dist_start": 250.0, "cum_dist_end": 300.0, "anomaly": false}, "geometry": {"type": "LineString", "coordinates": [[139.57026713385244, 35.450149364413136], [139.57050867656358, 35.450041183675665], [139.57074940888356, 35.44993177224975]]}}, {"type": "Feature", "properties": {"id": "横浜横須賀道路-下り-4-6", "route": "横浜横須賀道路", "direction": "下り", "from": "新保土ヶ谷", "to": "藤塚ＩＣ", "grade": 0.0, "elevation_start": 47.8, "elevation_end": 47.8, "quality": "estimated", "structure": "normal", "chain_rank": 4, "cum_dist_start": 300.0, "cum_dist_end": 350.0, "anomaly": false}, "geometry": {"type": "LineString", "coordinates": [[139.57074940888356, 35.44993177224975], [139.5709901412035, 35.44982236082383], [139.57123048246746, 35.44971239646796]]}}, {"type": "Feature", "properties": {"id": "横浜横須賀道路-下り-4-7", "route": "横浜横須賀道路", "direction": "下り", "from": "新保土ヶ谷", "to": "藤塚ＩＣ", "grade": 0.0, "elevation_start": 47.8, "elevation_end": 47.8, "quality": "estimated", "structure": "normal", "chain_rank": 4, "cum_dist_start": 350.0, "cum_dist_end": 400.0, "anomaly": false}, "geometry": {"type": "LineString", "coordinates": [[139.57123048246746, 35.44971239646796], [139.5714663805403, 35.44959614970419], [139.57170227861315, 35.449479902940425]]}}, {"type": "Feature", "properties": {"id": "横浜横須賀道路-下り-4-8", "route": "横浜横須賀道路", "direction": "下り", "from": "藤塚ＩＣ", "to": "狩場", "grade": -0.61, "elevation_start": 47.8, "elevation_end": 47.5, "quality": "estimated", "structure": "normal", "chain_rank": 4, "cum_dist_start": 400.0, "cum_dist_end": 450.0, "anomaly": false}, "geometry": {"type": "LineString", "coordinates": [[139.57170227861315, 35.449479902940425], [139.57193347255247, 35.449357608858016], [139.5721620544315, 35.44923195688603]]}}, {"type": "Feature", "properties": {"id": "横浜横須賀道路-下り-4-9", "route": "横浜横須賀道路", "direction": "下り", "from": "藤塚ＩＣ", "to": "狩場", "grade": -1.14, "elevation_start": 47.5, "elevation_end": 46.9, "quality": "measured", "structure": "normal", "chain_rank": 4, "cum_dist_start": 450.0, "cum_dist_end": 500.0, "anomaly": false}, "geometry": {"type": "LineString", "coordinates": [[139.5721620544315, 35.44923195688603], [139.57238213475125, 35.44909671246668], [139.57259911733942, 35.448957972826484]]}}, {"type": "Feature", "properties": {"id": "横浜横須賀道路-下り-4-10", "route": "横浜横須賀道路", "direction": "下り", "from": "藤塚ＩＣ", "to": "狩場", "grade": -1.78, "elevation_start": 46.9, "elevation_end": 46.0, "quality": "measured", "structure": "normal", "chain_rank": 4, "cum_dist_start": 500.0, "cum_dist_end": 550.0, "anomaly": false}, "geometry": {"type": "LineString", "coordinates": [[139.57259911733942, 35.448957972826484], [139.57281167345675, 35.44881492499976], [139.57301598496292, 35.44866385287465]]}}, {"type": "Feature", "properties": {"id": "横浜横須賀道路-下り-4-11", "route": "横浜横須賀道路", "direction": "下り", "from": "藤塚ＩＣ", "to": "狩場", "grade": -2.44, "elevation_start": 46.0, "elevation_end": 44.8, "quality": "measured", "structure": "normal", "chain_rank": 4, "cum_dist_start": 550.0, "cum_dist_end": 600.0, "anomaly": false}, "geometry": {"type": "LineString", "coordinates": [[139.57301598496292, 35.44866385287465], [139.5732202964691, 35.448512780749546], [139.57341791817174, 35.44835601828132]]}}, {"type": "Feature", "properties": {"id": "横浜横須賀道路-下り-4-12", "route": "横浜横須賀道路", "direction": "下り", "from": "藤塚ＩＣ", "to": "狩場", "grade": -2.54, "elevation_start": 44.8, "elevation_end": 43.5, "quality": "measured", "structure": "normal", "chain_rank": 4, "cum_dist_start": 600.0, "cum_dist_end": 650.0, "anomaly": false}, "geometry": {"type": "LineString", "coordinates": [[139.57341791817174, 35.44835601828132], [139.5736103245482, 35.448194819659605], [139.57378733291256, 35.44802225212808]]}}, {"type": "Feature", "properties": {"id": "横浜横須賀道路-下り-4-13", "route": "横浜横須賀道路", "direction": "下り", "from": "藤塚ＩＣ", "to": "狩場", "grade": -1.44, "elevation_start": 43.5, "elevation_end": 42.8, "quality": "measured", "structure": "normal", "chain_rank": 4, "cum_dist_start": 650.0, "cum_dist_end": 700.0, "anomaly": false}, "geometry": {"type": "LineString", "coordinates": [[139.57378733291256, 35.44802225212808], [139.5739597340634, 35.44784661312629], [139.57412682086203, 35.44766750569463]]}}, {"type": "Feature", "properties": {"id": "横浜横須賀道路-下り-4-14", "route": "横浜横須賀道路", "direction": "下り", "from": "藤塚ＩＣ", "to": "狩場", "grade": -1.25, "elevation_start": 42.8, "elevation_end": 42.2, "quality": "measured", "structure": "normal", "chain_rank": 4, "cum_dist_start": 700.0, "cum_dist_end": 750.0, "anomaly": false}, "geometry": {"type": "LineString", "coordinates": [[139.57412682086203, 35.44766750569463], [139.5742857115915, 35.44748350787857], [139.5744430380182, 35.447298576683124]]}}, {"type": "Feature", "properties": {"id": "横浜横須賀道路-下り-4-15", "route": "横浜横須賀道路", "direction": "下り", "from": "藤塚ＩＣ", "to": "狩場", "grade": 0.0, "elevation_start": 42.2, "elevation_end": 42.2, "quality": "estimated", "structure": "normal", "chain_rank": 4, "cum_dist_start": 750.0, "cum_dist_end": 800.0, "anomaly": false}, "geometry": {"type": "LineString", "coordinates": [[139.5744430380182, 35.447298576683124], [139.57458879823153, 35.44710743681114], [139.57473344971618, 35.446915701779986]]}}, {"type": "Feature", "properties": {"id": "横浜横須賀道路-下り-4-16", "route": "横浜横須賀道路", "direction": "下り", "from": "藤塚ＩＣ", "to": "狩場", "grade": 0.0, "elevation_start": 42.2, "elevation_end": 42.2, "quality": "estimated", "structure": "normal", "chain_rank": 4, "cum_dist_start": 800.0, "cum_dist_end": 850.0, "anomaly": false}, "geometry": {"type": "LineString", "coordinates": [[139.57473344971618, 35.446915701779986], [139.57487810120085, 35.44672396674884], [139.57501598835233, 35.446528937365]]}}, {"type": "Feature", "properties": {"id": "横浜横須賀道路-下り-4-17", "route": "横浜横須賀道路", "direction": "下り", "from": "藤塚ＩＣ", "to": "狩場", "grade": 0.0, "elevation_start": 42.2, "elevation_end": 42.2, "quality": "estimated", "structure": "normal", "chain_rank": 4, "cum_dist_start": 850.0, "cum_dist_end": 900.0, "anomaly": false}, "geometry": {"type": "LineString", "coordinates": [[139.57501598835233, 35.446528937365], [139.57515298672564, 35.44633347513011], [139.57528998509895, 35.446138012895226]]}}, {"type": "Feature", "properties": {"id": "横浜横須賀道路-下り-4-18", "route": "横浜横須賀道路", "direction": "下り", "from": "狩場", "to": "狩場JCT", "grade": 0.0, "elevation_start": 42.2, "elevation_end": 42.2, "quality": "estimated", "structure": "bridge", "chain_rank": 4, "cum_dist_start": 900.0, "cum_dist_end": 950.0, "anomaly": false}, "geometry": {"type": "LineString", "coordinates": [[139.57528998509895, 35.446138012895226], [139.57542157486802, 35.44594009505319], [139.57555176807642, 35.44574154314659]]}}, {"type": "Feature", "properties": {"id": "横浜横須賀道路-下り-4-19", "route": "横浜横須賀道路", "direction": "下り", "from": "狩場", "to": "狩場JCT", "grade": 0.0, "elevation_start": 42.2, "elevation_end": 42.2, "quality": "estimated", "structure": "bridge", "chain_rank": 4, "cum_dist_start": 950.0, "cum_dist_end": 1000.0, "anomaly": false}, "geometry": {"type": "LineString", "coordinates": [[139.57555176807642, 35.44574154314659], [139.57568196128483, 35.44554299123999], [139.57581220324371, 35.4453444613323]]}}, {"type": "Feature", "properties": {"id": "横浜横須賀道路-下り-4-20", "route": "横浜横須賀道路", "direction": "下り", "from": "狩場", "to": "狩場JCT", "grade": 0.0, "elevation_start": 42.2, "elevation_end": 42.2, "quality": "estimated", "structure": "bridge", "chain_rank": 4, "cum_dist_start": 1000.0, "cum_dist_end": 1050.0, "anomaly": false}, "geometry": {"type": "LineString", "coordinates": [[139.57581220324371, 35.4453444613323], [139.57594789408503, 35.44514839026225], [139.57608358492635, 35.444952319192204]]}}, {"type": "Feature", "properties": {"id": "横浜横須賀道路-下り-4-21", "route": "横浜横須賀道路", "direction": "下り", "from": "狩場", "to": "狩場JCT", "grade": 0.0, "elevation_start": 42.2, "elevation_end": 42.2, "quality": "estimated", "structure": "bridge", "chain_rank": 4, "cum_dist_start": 1050.0, "cum_dist_end": 1100.0, "anomaly": false}, "geometry": {"type": "LineString", "coordinates": [[139.57608358492635, 35.444952319192204], [139.57622654315117, 35.444759783058096], [139.57637337393535, 35.44456917477467]]}}, {"type": "Feature", "properties": {"id": "横浜横須賀道路-下り-4-22", "route": "横浜横須賀道路", "direction": "下り", "from": "狩場", "to": "狩場JCT", "grade": 0.0, "elevation_start": 42.2, "elevation_end": 42.2, "quality": "estimated", "structure": "normal", "chain_rank": 4, "cum_dist_start": 1100.0, "cum_dist_end": 1150.0, "anomaly": false}, "geometry": {"type": "LineString", "coordinates": [[139.57637337393535, 35.44456917477467], [139.57652442441156, 35.44438077844291], [139.5766850071529, 35.44419773468451]]}}, {"type": "Feature", "properties": {"id": "横浜横須賀道路-下り-4-23", "route": "横浜横須賀道路", "direction": "下り", "from": "狩場", "to": "狩場JCT", "grade": 0.0, "elevation_start": 42.2, "elevation_end": 42.2, "quality": "estimated", "structure": "bridge", "chain_rank": 4, "cum_dist_start": 1150.0, "cum_dist_end": 1200.0, "anomaly": false}, "geometry": {"type": "LineString", "coordinates": [[139.5766850071529, 35.44419773468451], [139.57684772379133, 35.44401602424558], [139.57702119364856, 35.443841032722915]]}}, {"type": "Feature", "properties": {"id": "横浜横須賀道路-下り-4-24", "route": "横浜横須賀道路", "direction": "下り", "from": "狩場", "to": "狩場JCT", "grade": 0.0, "elevation_start": 42.2, "elevation_end": 42.2, "quality": "estimated", "structure": "bridge", "chain_rank": 4, "cum_dist_start": 1200.0, "cum_dist_end": 1250.0, "anomaly": false}, "geometry": {"type": "LineString", "coordinates": [[139.57702119364856, 35.443841032722915], [139.57720541956164, 35.443673662533506], [139.57740110505193, 35.443515199285606]]}}, {"type": "Feature", "properties": {"id": "横浜横須賀道路-下り-4-25", "route": "横浜横須賀道路", "direction": "下り", "from": "狩場", "to": "狩場JCT", "grade": 0.0, "elevation_start": 42.2, "elevation_end": 42.2, "quality": "estimated", "structure": "bridge", "chain_rank": 4, "cum_dist_start": 1250.0, "cum_dist_end": 1300.0, "anomaly": false}, "geometry": {"type": "LineString", "coordinates": [[139.57740110505193, 35.443515199285606], [139.5776076883363, 35.443366282266176], [139.57782166904653, 35.443224470429534]]}}, {"type": "Feature", "properties": {"id": "横浜横須賀道路-下り-4-26", "route": "横浜横須賀道路", "direction": "下り", "from": "狩場", "to": "狩場JCT", "grade": 0.0, "elevation_start": 42.2, "elevation_end": 42.2, "quality": "estimated", "structure": "normal", "chain_rank": 4, "cum_dist_start": 1300.0, "cum_dist_end": 1350.0, "anomaly": false}, "geometry": {"type": "LineString", "coordinates": [[139.57782166904653, 35.443224470429534], [139.57804250907208, 35.44308991984395], [139.57826219944266, 35.442954093531576]]}}, {"type": "Feature", "properties": {"id": "横浜横須賀道路-下り-4-27", "route": "横浜横須賀道路", "direction": "下り", "from": "狩場", "to": "狩場JCT", "grade": 0.0, "elevation_start": 42.2, "elevation_end": 42.2, "quality": "estimated", "structure": "normal", "chain_rank": 4, "cum_dist_start": 1350.0, "cum_dist_end": 1400.0, "anomaly": false}, "geometry": {"type": "LineString", "coordinates": [[139.57826219944266, 35.442954093531576], [139.57848093284312, 35.44281722468597], [139.57870392523816, 35.44268511296146]]}}, {"type": "Feature", "properties": {"id": "横浜横須賀道路-下り-4-28", "route": "横浜横須賀道路", "direction": "下り", "from": "狩場JCT", "to": null, "grade": 0.0, "elevation_start": 42.2, "elevation_end": 42.2, "quality": "estimated", "structure": "normal", "chain_rank": 4, "cum_dist_start": 1400.0, "cum_dist_end": 1450.0, "anomaly": false}, "geometry": {"type": "LineString", "coordinates": [[139.57870392523816, 35.44268511296146], [139.5789293096656, 35.44255567303841], [139.579154694093, 35.442426233115356]]}}, {"type": "Feature", "properties": {"id": "横浜横須賀道路-下り-4-29", "route": "横浜横須賀道路", "direction": "下り", "from": "狩場JCT", "to": null, "grade": 0.0, "elevation_start": 42.2, "elevation_end": 42.2, "quality": "estimated", "structure": "normal", "chain_rank": 4, "cum_dist_start": 1450.0, "cum_dist_end": 1500.0, "anomaly": false}, "geometry": {"type": "LineString", "coordinates": [[139.579154694093, 35.442426233115356], [139.57938229584144, 35.44229942754916], [139.57960926185825, 35.44217186339653]]}}, {"type": "Feature", "properties": {"id": "横浜横須賀道路-下り-4-30", "route": "横浜横須賀道路", "direction": "下り", "from": "狩場JCT", "to": null, "grade": 0.0, "elevation_start": 42.2, "elevation_end": 42.2, "quality": "estimated", "structure": "normal", "chain_rank": 4, "cum_dist_start": 1500.0, "cum_dist_end": 1550.0, "anomaly": false}, "geometry": {"type": "LineString", "coordinates": [[139.57960926185825, 35.44217186339653], [139.57983508317187, 35.442042935872635], [139.58005436445623, 35.4419066645197]]}}, {"type": "Feature", "properties": {"id": "横浜横須賀道路-下り-4-31", "route": "横浜横須賀道路", "direction": "下り", "from": "狩場JCT", "to": null, "grade": 0.0, "elevation_start": 42.2, "elevation_end": 42.2, "quality": "estimated", "structure": "normal", "chain_rank": 4, "cum_dist_start": 1550.0, "cum_dist_end": 1600.0, "anomaly": false}, "geometry": {"type": "LineString", "coordinates": [[139.58005436445623, 35.4419066645197], [139.5802699812486, 35.44176663637381], [139.58047942013945, 35.44162041738921]]}}, {"type": "Feature", "properties": {"id": "横浜横須賀道路-下り-4-32", "route": "横浜横須賀道路", "direction": "下り", "from": "狩場JCT", "to": null, "grade": 0.0, "elevation_start": 42.2, "elevation_end": 42.2, "quality": "estimated", "structure": "bridge", "chain_rank": 4, "cum_dist_start": 1600.0, "cum_dist_end": 1650.0, "anomaly": false}, "geometry": {"type": "LineString", "coordinates": [[139.58047942013945, 35.44162041738921], [139.58067792293323, 35.44146426071284], [139.5808647619162, 35.441298799226544]]}}, {"type": "Feature", "properties": {"id": "横浜横須賀道路-下り-5-0", "route": "横浜横須賀道路", "direction": "下り", "from": null, "to": null, "grade": 0.0, "elevation_start": 65.1, "elevation_end": 65.1, "quality": "estimated", "structure": "bridge", "chain_rank": 5, "cum_dist_start": 0.0, "cum_dist_end": 50.0, "anomaly": false}, "geometry": {"type": "LineString", "coordinates": [[139.5737492, 35.3916052], [139.57367920175474, 35.391823119065464], [139.5736166658493, 35.392042425654644]]}}, {"type": "Feature", "properties": {"id": "横浜横須賀道路-下り-5-1", "route": "横浜横須賀道路", "direction": "下り", "from": null, "to": null, "grade": 0.0, "elevation_start": 65.1, "elevation_end": 65.1, "quality": "estimated", "structure": "bridge", "chain_rank": 5, "cum_dist_start": 50.0, "cum_dist_end": 100.0, "anomaly": false}, "geometry": {"type": "LineString", "coordinates": [[139.5736166658493, 35.392042425654644], [139.5735648702025, 35.39226372925334], [139.57352170793098, 35.39248620013902]]}}, {"type": "Feature", "properties": {"id": "横浜横須賀道路-下り-5-2", "route": "横浜横須賀道路", "direction": "下り", "from": null, "to": null, "grade": 0.0, "elevation_start": 65.1, "elevation_end": 65.1, "quality": "estimated", "structure": "bridge", "chain_rank": 5, "cum_dist_start": 100.0, "cum_dist_end": 150.0, "anomaly": false}, "geometry": {"type": "LineString", "coordinates": [[139.57352170793098, 35.39248620013902], [139.57348817591742, 35.392709739379676], [139.57347196592738, 35.39293467930657]]}}, {"type": "Feature", "properties": {"id": "横浜横須賀道路-下り-5-3", "route": "横浜横須賀道路", "direction": "下り", "from": null, "to": null, "grade": 0.0, "elevation_start": 65.1, "elevation_end": 65.1, "quality": "estimated", "structure": "bridge", "chain_rank": 5, "cum_dist_start": 150.0, "cum_dist_end": 200.0, "anomaly": false}, "geometry": {"type": "LineString", "coordinates": [[139.57347196592738, 35.39293467930657], [139.57345952320142, 35.39315973038661], [139.57345591984296, 35.39338504227222]]}}, {"type": "Feature", "properties": {"id": "横浜横須賀道路-下り-5-4", "route": "横浜横須賀道路", "direction": "下り", "from": null, "to": null, "grade": 0.0, "elevation_start": 65.1, "elevation_end": 65.1, "quality": "estimated", "structure": "bridge", "chain_rank": 5, "cum_dist_start": 200.0, "cum_dist_end": 250.0, "anomaly": false}, "geometry": {"type": "LineString", "coordinates": [[139.57345591984296, 35.39338504227222], [139.57346031979083, 35.39361032485927], [139.57347767712753, 35.39383506593439]]}}, {"type": "Feature", "properties": {"id": "横浜横須賀道路-下り-5-5", "route": "横浜横須賀道路", "direction": "下り", "from": null, "to": null, "grade": 0.0, "elevation_start": 65.1, "elevation_end": 65.1, "quality": "estimated", "structure": "bridge", "chain_rank": 5, "cum_dist_start": 250.0, "cum_dist_end": 300.0, "anomaly": false}, "geometry": {"type": "LineString", "coordinates": [[139.57347767712753, 35.39383506593439], [139.573505356001, 35.394059243665474], [139.57353771634305, 35.394282991552565]]}}, {"type": "Feature", "properties": {"id": "横浜横須賀道路-下り-5-6", "route": "横浜横須賀道路", "direction": "下り", "from": null, "to": null, "grade": 0.0, "elevation_start": 65.1, "elevation_end": 65.1, "quality": "estimated", "structure": "normal", "chain_rank": 5, "cum_dist_start": 300.0, "cum_dist_end": 350.0, "anomaly": false}, "geometry": {"type": "LineString", "coordinates": [[139.57353771634305, 35.394282991552565], [139.5735824133492, 35.39450533050622], [139.57363456309162, 35.39472656400797]]}}, {"type": "Feature", "properties": {"id": "横浜横須賀道路-下り-5-7", "route": "横浜横須賀道路", "direction": "下り", "from": null, "to": null, "grade": 0.0, "elevation_start": 65.1, "elevation_end": 65.1, "quality": "estimated", "structure": "normal", "chain_rank": 5, "cum_dist_start": 350.0, "cum_dist_end": 400.0, "anomaly": false}, "geometry": {"type": "LineString", "coordinates": [[139.57363456309162, 35.39472656400797], [139.57369583612405, 35.39494621172653], [139.57375923361244, 35.39516548164166]]}}, {"type": "Feature", "properties": {"id": "横浜横須賀道路-下り-5-8", "route": "横浜横須賀道路", "direction": "下り", "from": null, "to": null, "grade": 0.08, "elevation_start": 65.1, "elevation_end": 65.2, "quality": "estimated", "structure": "normal", "chain_rank": 5, "cum_dist_start": 400.0, "cum_dist_end": 450.0, "anomaly": false}, "geometry": {"type": "LineString", "coordinates": [[139.57375923361244, 35.39516548164166], [139.57384246944767, 35.395380213892565], [139.57392797683718, 35.39559438961381]]}}, {"type": "Feature", "properties": {"id": "横浜横須賀道路-下り-5-9", "route": "横浜横須賀道路", "direction": "下り", "from": null, "to": null, "grade": 0.0, "elevation_start": 65.2, "elevation_end": 65.2, "quality": "measured", "structure": "normal", "chain_rank": 5, "cum_dist_start": 450.0, "cum_dist_end": 500.0, "anomaly": false}, "geometry": {"type": "LineString", "coordinates": [[139.57392797683718, 35.39559438961381], [139.5740144895505, 35.39580829618006], [139.57410605899815, 35.39602067779919]]}}, {"type": "Feature", "properties": {"id": "横浜横須賀道路-下り-5-10", "route": "横浜横須賀道路", "direction": "下り", "from": null, "to": null, "grade": 0.08, "elevation_start": 65.2, "elevation_end": 65.2, "quality": "measured", "structure": "normal", "chain_rank": 5, "cum_dist_start": 500.0, "cum_dist_end": 550.0, "anomaly": false}, "geometry": {"type": "LineString", "coordinates": [[139.57410605899815, 35.39602067779919], [139.57420965894295, 35.39622943141049], [139.57431572281564, 35.3964373420939]]}}, {"type": "Feature", "properties": {"id": "横浜横須賀道路-下り-5-11", "route": "横浜横須賀道路", "direction": "下り", "from": null, "to": null, "grade": 0.0, "elevation_start": 65.2, "elevation_end": 65.2, "quality": "estimated", "structure": "normal", "chain_rank": 5, "cum_dist_start": 550.0, "cum_dist_end": 600.0, "anomaly": false}, "geometry": {"type": "LineString", "coordinates": [[139.57431572281564, 35.3964373420939], [139.5744243123684, 35.39664438872354], [139.57453290192115, 35.39685143535317]]}}, {"type": "Feature", "properties": {"id": "横浜横須賀道路-下り-5-12", "route": "横浜横須賀道路", "direction": "下り", "from": null, "to": null, "grade": 0.0, "elevation_start": 65.2, "elevation_end": 65.2, "quality": "estimated", "structure": "normal", "chain_rank": 5, "cum_dist_start": 600.0, "cum_dist_end": 650.0, "anomaly": false}, "geometry": {"type": "LineString", "coordinates": [[139.57453290192115, 35.39685143535317], [139.57464711506455, 35.39705643496486], [139.57476210627112, 35.39726115135727]]}}, {"type": "Feature", "properties": {"id": "横浜横須賀道路-下り-5-13", "route": "横浜横須賀道路", "direction": "下り", "from": null, "to": null, "grade": 0.0, "elevation_start": 65.2, "elevation_end": 65.2, "quality": "estimated", "structure": "normal", "chain_rank": 5, "cum_dist_start": 650.0, "cum_dist_end": 700.0, "anomaly": false}, "geometry": {"type": "LineString", "coordinates": [[139.57476210627112, 35.39726115135727], [139.5748783656478, 35.397465383057856], [139.57499621078017, 35.397669008686094]]}}, {"type": "Feature", "properties": {"id": "横浜横須賀道路-下り-5-14", "route": "横浜横須賀道路", "direction": "下り", "from": null, "to": null, "grade": 0.0, "elevation_start": 65.2, "elevation_end": 65.2, "quality": "estimated", "structure": "bridge", "chain_rank": 5, "cum_dist_start": 700.0, "cum_dist_end": 750.0, "anomaly": false}, "geometry": {"type": "LineString", "coordinates": [[139.57499621078017, 35.397669008686094], [139.57511405972605, 35.39787263286371], [139.57523193216772, 35.39807624810371]]}}, {"type": "Feature", "properties": {"id": "横浜横須賀道路-下り-5-15", "route": "横浜横須賀道路", "direction": "下り", "from": null, "to": null, "grade": 0.0, "elevation_start": 65.2, "elevation_end": 65.2, "quality": "estimated", "structure": "bridge", "chain_rank": 5, "cum_dist_start": 750.0, "cum_dist_end": 800.0, "anomaly": false}, "geometry": {"type": "LineString", "coordinates": [[139.57523193216772, 35.39807624810371], [139.5753427857374, 35.39828241744578], [139.57544836583256, 35.398490505756044]]}}, {"type": "Feature", "properties": {"id": "横浜横須賀道路-下り-5-16", "route": "横浜横須賀道路", "direction": "下り", "from": null, "to": null, "grade": 0.0, "elevation_start": 65.2, "elevation_end": 65.2, "quality": "estimated", "structure": "bridge", "chain_rank": 5, "cum_dist_start": 800.0, "cum_dist_end": 850.0, "anomaly": false}, "geometry": {"type": "LineString", "coordinates": [[139.57544836583256, 35.398490505756044], [139.57555266723037, 35.398699013355326], [139.57565167643776, 35.39890925628111]]}}, {"type": "Feature", "properties": {"id": "横浜横須賀道路-下り-5-17", "route": "横浜横須賀道路", "direction": "下り", "from": null, "to": null, "grade": 0.0, "elevation_start": 65.2, "elevation_end": 65.2, "quality": "estimated", "structure": "bridge", "chain_rank": 5, "cum_dist_start": 850.0, "cum_dist_end": 900.0, "anomaly": false}, "geometry": {"type": "LineString", "coordinates": [[139.57565167643776, 35.39890925628111], [139.57574982122244, 35.399119746108695], [139.575832001531, 35.39933479580964]]}}, {"type": "Feature", "properties": {"id": "横浜横須賀道路-下り-5-18", "route": "横浜横須賀道路", "direction": "下り", "from": null, "to": null, "grade": 0.0, "elevation_start": 65.2, "elevation_end": 65.2, "quality": "estimated", "structure": "bridge", "chain_rank": 5, "cum_dist_start": 900.0, "cum_dist_end": 950.0, "anomaly": false}, "geometry": {"type": "LineString", "coordinates": [[139.575832001531, 35.39933479580964], [139.57591168778836, 35.39955044546386], [139.57598325953194, 35.399767997299]]}}, {"type": "Feature", "properties": {"id": "横浜横須賀道路-下り-5-19", "route": "横浜横須賀道路", "direction": "下り", "from": null, "to": null, "grade": 0.0, "elevation_start": 65.2, "elevation_end": 65.2, "quality": "estimated", "structure": "normal", "chain_rank": 5, "cum_dist_start": 950.0, "cum_dist_end": 1000.0, "anomaly": false}, "geometry": {"type": "LineString", "coordinates": [[139.57598325953194, 35.399767997299], [139.57604139809885, 35.399988209861554], [139.57608879677267, 35.4002101644659]]}}, {"type": "Feature", "properties": {"id": "横浜横須賀道路-下り-5-20", "route": "横浜横須賀道路", "direction": "下り", "from": null, "to": null, "grade": 0.0, "elevation_start": 65.2, "elevation_end": 65.2, "quality": "estimated", "structure": "normal", "chain_rank": 5, "cum_dist_start": 1000.0, "cum_dist_end": 1050.0, "anomaly": false}, "geometry": {"type": "LineString", "coordinates": [[139.57608879677267, 35.4002101644659], [139.57612682775016, 35.400433333478496], [139.5761613454368, 35.40065688106317]]}}, {"type": "Feature", "properties": {"id": "横浜横須賀道路-下り-5-21", "route": "横浜横須賀道路", "direction": "下り", "from": null, "to": null, "grade": 0.0, "elevation_start": 65.2, "elevation_end": 65.2, "quality": "estimated", "structure": "bridge", "chain_rank": 5, "cum_dist_start": 1050.0, "cum_dist_end": 1100.0, "anomaly": false}, "geometry": {"type": "LineString", "coordinates": [[139.5761613454368, 35.40065688106317], [139.57619399520036, 35.400880586724114], [139.57620683536473, 35.401105672254324]]}}, {"type": "Feature", "properties": {"id": "横浜横須賀道路-下り-5-22", "route": "横浜横須賀道路", "direction": "下り", "from": null, "to": null, "grade": 0.0, "elevation_start": 65.2, "elevation_end": 65.2, "quality": "estimated", "structure": "bridge", "chain_rank": 5, "cum_dist_start": 1100.0, "cum_dist_end": 1150.0, "anomaly": false}, "geometry": {"type": "LineString", "coordinates": [[139.57620683536473, 35.401105672254324], [139.57621079702508, 35.401330963524785], [139.5762101877343, 35.40155624814912]]}}, {"type": "Feature", "properties": {"id": "横浜横須賀道路-下り-5-23", "route": "横浜横須賀道路", "direction": "下り", "from": null, "to": null, "grade": 0.0, "elevation_start": 65.2, "elevation_end": 65.2, "quality": "estimated", "structure": "bridge", "chain_rank": 5, "cum_dist_start": 1150.0, "cum_dist_end": 1200.0, "anomaly": false}, "geometry": {"type": "LineString", "coordinates": [[139.5762101877343, 35.40155624814912], [139.5762003750897, 35.40178143576171], [139.57618565948175, 35.40200635130424]]}}, {"type": "Feature", "properties": {"id": "横浜横須賀道路-下り-5-24", "route": "横浜横須賀道路", "direction": "下り", "from": null, "to": null, "grade": 0.0, "elevation_start": 65.2, "elevation_end": 65.2, "quality": "estimated", "structure": "bridge", "chain_rank": 5, "cum_dist_start": 1200.0, "cum_dist_end": 1250.0, "anomaly": false}, "geometry": {"type": "LineString", "coordinates": [[139.57618565948175, 35.40200635130424], [139.57615827238132, 35.402230563693685], [139.57612345720304, 35.402454044072115]]}}, {"type": "Feature", "properties": {"id": "横浜横須賀道路-下り-5-25", "route": "横浜横須賀道路", "direction": "下り", "from": null, "to": null, "grade": 0.0, "elevation_start": 65.2, "elevation_end": 65.2, "quality": "estimated", "structure": "bridge", "chain_rank": 5, "cum_dist_start": 1250.0, "cum_dist_end": 1300.0, "anomaly": false}, "geometry": {"type": "LineString", "coordinates": [[139.57612345720304, 35.402454044072115], [139.57608354251806, 35.40267697799109], [139.57603751066077, 35.40289913461279]]}}, {"type": "Feature", "properties": {"id": "横浜横須賀道路-下り-6-0", "route": "横浜横須賀道路", "direction": "下り", "from": null, "to": null, "grade": 0.32, "elevation_start": 60.3, "elevation_end": 60.5, "quality": "measured", "structure": "normal", "chain_rank": 6, "cum_dist_start": 0.0, "cum_dist_end": 50.0, "anomaly": false}, "geometry": {"type": "LineString", "coordinates": [[139.5749988, 35.406648], [139.57506733166085, 35.40642976655532], [139.57513586332172, 35.40621153311065]]}}, {"type": "Feature", "properties": {"id": "横浜横須賀道路-下り-6-1", "route": "横浜横須賀道路", "direction": "下り", "from": null, "to": null, "grade": 0.0, "elevation_start": 60.5, "elevation_end": 60.5, "quality": "measured", "structure": "normal", "chain_rank": 6, "cum_dist_start": 50.0, "cum_dist_end": 100.0, "anomaly": false}, "geometry": {"type": "LineString", "coordinates": [[139.57513586332172, 35.40621153311065], [139.57520439498256, 35.40599329966597], [139.57527292664344, 35.4057750662213]]}}, {"type": "Feature", "properties": {"id": "横浜横須賀道路-下り-6-2", "route": "横浜横須賀道路", "direction": "下り", "from": null, "to": null, "grade": -0.38, "elevation_start": 60.5, "elevation_end": 60.3, "quality": "measured", "structure": "normal", "chain_rank": 6, "cum_dist_start": 100.0, "cum_dist_end": 150.0, "anomaly": false}, "geometry": {"type": "LineString", "coordinates": [[139.57527292664344, 35.4057750662213], [139.57534145830428, 35.405556832776625], [139.5754075355182, 35.40533809782387]]}}, {"type": "Feature", "properties": {"id": "横浜横須賀道路-下り-6-3", "route": "横浜横須賀道路", "direction": "下り", "from": null, "to": null, "grade": -0.29, "elevation_start": 60.3, "elevation_end": 60.1, "quality": "measured", "structure": "normal", "chain_rank": 6, "cum_dist_start": 150.0, "cum_dist_end": 200.0, "anomaly": false}, "geometry": {"type": "LineString", "coordinates": [[139.5754075355182, 35.40533809782387], [139.57547094240093, 35.405118828575404], [139.57553434928363, 35.404899559326935]]}}, {"type": "Feature", "properties": {"id": "横浜横須賀道路-下り-6-4", "route": "横浜横須賀道路", "direction": "下り", "from": null, "to": null, "grade": -0.24, "elevation_start": 60.1, "elevation_end": 60.0, "quality": "measured", "structure": "normal", "chain_rank": 6, "cum_dist_start": 200.0, "cum_dist_end": 250.0, "anomaly": false}, "geometry": {"type": "LineString", "coordinates": [[139.57553434928363, 35.404899559326935], [139.57559775616633, 35.404680290078474], [139.57566313263365, 35.4044614172795]]}}, {"type": "Feature", "properties": {"id": "横浜横須賀道路-下り-6-5", "route": "横浜横須賀道路", "direction": "下り", "from": null, "to": null, "grade": 0.0, "elevation_start": 60.0, "elevation_end": 60.0, "quality": "measured", "structure": "normal", "chain_rank": 6, "cum_dist_start": 250.0, "cum_dist_end": 300.0, "anomaly": false}, "geometry": {"type": "LineString", "coordinates": [[139.57566313263365, 35.4044614172795], [139.57573112026665, 35.4042430700712], [139.57579910789966, 35.40402472286291]]}}, {"type": "Feature", "properties": {"id": "横浜横須賀道路-下り-6-6", "route": "横浜横須賀道路", "direction": "下り", "from": null, "to": null, "grade": 5.76, "elevation_start": 60.0, "elevation_end": 62.9, "quality": "measured", "structure": "normal", "chain_rank": 6, "cum_dist_start": 300.0, "cum_dist_end": 350.0, "anomaly": false}, "geometry": {"type": "LineString", "coordinates": [[139.57579910789966, 35.40402472286291], [139.57586741667947, 35.403806444387364], [139.57593861730743, 35.403588784833275]]}}, {"type": "Feature", "properties": {"id": "横浜横須賀道路-上り-0-0", "route": "横浜横須賀道路", "direction": "上り", "from": "馬掘海岸ＩＣ", "to": "浦賀ＩＣ", "grade": 0.0, "elevation_start": 2.3, "elevation_end": 2.3, "quality": "measured", "structure": "normal", "chain_rank": 0, "cum_dist_start": 0.0, "cum_dist_end": 50.0, "anomaly": false}, "geometry": {"type": "LineString", "coordinates": [[139.7139714, 35.2633959], [139.71395889776372, 35.26317151929206], [139.71382494983928, 35.26297984094817]]}}, {"type": "Feature", "properties": {"id": "横浜横須賀道路-上り-0-1", "route": "横浜横須賀道路", "direction": "上り", "from": "馬掘海岸ＩＣ", "to": "浦賀ＩＣ", "grade": 0.95, "elevation_start": 2.3, "elevation_end": 2.8, "quality": "estimated", "structure": "normal", "chain_rank": 0, "cum_dist_start": 50.0, "cum_dist_end": 100.0, "anomaly": false}, "geometry": {"type": "LineString", "coordinates": [[139.71382494983928, 35.26297984094817], [139.71360651934174, 35.26284333318436], [139.71338525286342, 35.26270975998632]]}}, {"type": "Feature", "properties": {"id": "横浜横須賀道路-上り-0-2", "route": "横浜横須賀道路", "direction": "上り", "from": "馬掘海岸ＩＣ", "to": "浦賀ＩＣ", "grade": 2.42, "elevation_start": 2.8, "elevation_end": 4.0, "quality": "estimated", "structure": "normal", "chain_rank": 0, "cum_dist_start": 100.0, "cum_dist_end": 150.0, "anomaly": false}, "geometry": {"type": "LineString", "coordinates": [[139.71338525286342, 35.26270975998632], [139.71316398458137, 35.262576189142905], [139.71294343293684, 35.26244182379416]]}}, {"type": "Feature", "properties": {"id": "横浜横須賀道路-上り-0-3", "route": "横浜横須賀道路", "direction": "上り", "from": "馬掘海岸ＩＣ", "to": "浦賀ＩＣ", "grade": 2.42, "elevation_start": 4.0, "elevation_end": 5.2, "quality": "estimated", "structure": "normal", "chain_rank": 0, "cum_dist_start": 150.0, "cum_dist_end": 200.0, "anomaly": false}, "geometry": {"type": "LineString", "coordinates": [[139.71294343293684, 35.26244182379416], [139.71272222531653, 35.262308190563786], [139.712500066489, 35.2621756189523]]}}, {"type": "Feature", "properties": {"id": "横浜横須賀道路-上り-0-4", "route": "横浜横須賀道路", "direction": "上り", "from": "馬掘海岸ＩＣ", "to": "浦賀ＩＣ", "grade": 2.42, "elevation_start": 5.2, "elevation_end": 6.4, "quality": "estimated", "structure": "bridge", "chain_rank": 0, "cum_dist_start": 200.0, "cum_dist_end": 250.0, "anomaly": false}, "geometry": {"type": "LineString", "coordinates": [[139.712500066489, 35.2621756189523], [139.7122787993226, 35.26204204986497], [139.7120584811011, 35.26190744773276]]}}, {"type": "Feature", "properties": {"id": "横浜横須賀道路-上り-0-5", "route": "横浜横須賀道路", "direction": "上り", "from": "馬掘海岸ＩＣ", "to": "浦賀ＩＣ", "grade": 2.42, "elevation_start": 6.4, "elevation_end": 7.7, "quality": "estimated", "structure": "bridge", "chain_rank": 0, "cum_dist_start": 250.0, "cum_dist_end": 300.0, "anomaly": false}, "geometry": {"type": "LineString", "coordinates": [[139.7120584811011, 35.26190744773276], [139.71184322484376, 35.26176743796672], [139.71163349751575, 35.261621948133225]]}}, {"type": "Feature", "properties": {"id": "横浜横須賀道路-上り-0-6", "route": "横浜横須賀道路", "direction": "上り", "from": "馬掘海岸ＩＣ", "to": "浦賀ＩＣ", "grade": 2.42, "elevation_start": 7.7, "elevation_end": 8.9, "quality": "estimated", "structure": "bridge", "chain_rank": 0, "cum_dist_start": 300.0, "cum_dist_end": 350.0, "anomaly": false}, "geometry": {"type": "LineString", "coordinates": [[139.71163349751575, 35.261621948133225], [139.71143193592684, 35.261468857077], [139.71124409752824, 35.26130444774802]]}}, {"type": "Feature", "properties": {"id": "横浜横須賀道路-上り-0-7", "route": "横浜横須賀道路", "direction": "上り", "from": "馬掘海岸ＩＣ", "to": "浦賀ＩＣ", "grade": 2.42, "elevation_start": 8.9, "elevation_end": 10.1, "quality": "estimated", "structure": "bridge", "chain_rank": 0, "cum_dist_start": 350.0, "cum_dist_end": 400.0, "anomaly": false}, "geometry": {"type": "LineString", "coordinates": [[139.71124409752824, 35.26130444774802], [139.71106774370358, 35.26113175865099], [139.71090323796108, 35.260951286395226]]}}, {"type": "Feature", "properties": {"id": "横浜横須賀道路-上り-0-8", "route": "横浜横須賀道路", "direction": "上り", "from": "馬掘海岸ＩＣ", "to": "浦賀ＩＣ", "grade": 2.42, "elevation_start": 10.1, "elevation_end": 11.3, "quality": "estimated", "structure": "bridge", "chain_rank": 0, "cum_dist_start": 400.0, "cum_dist_end": 450.0, "anomaly": false}, "geometry": {"type": "LineString", "coordinates": [[139.71090323796108, 35.260951286395226], [139.71075415451054, 35.26076209012878], [139.7106213075989, 35.26056495929569]]}}, {"type": "Feature", "properties": {"id": "横浜横須賀道路-上り-0-9", "route": "横浜横須賀道路", "direction": "上り", "from": "馬掘海岸ＩＣ", "to": "浦賀ＩＣ", "grade": 2.42, "elevation_start": 11.3, "elevation_end": 12.5, "quality": "estimated", "structure": "bridge", "chain_rank": 0, "cum_dist_start": 450.0, "cum_dist_end": 500.0, "anomaly": false}, "geometry": {"type": "LineString", "coordinates": [[139.7106213075989, 35.26056495929569], [139.71050445571058, 35.26036104309225], [139.71039802219252, 35.26015334859121]]}}, {"type": "Feature", "properties": {"id": "横浜横須賀道路-上り-0-10", "route": "横浜横須賀道路", "direction": "上り", "from": "馬掘海岸ＩＣ", "to": "浦賀ＩＣ", "grade": 2.42, "elevation_start": 12.5, "elevation_end": 13.7, "quality": "estimated", "structure": "bridge", "chain_rank": 0, "cum_dist_start": 500.0, "cum_dist_end": 550.0, "anomaly": false}, "geometry": {"type": "LineString", "coordinates": [[139.71039802219252, 35.26015334859121], [139.7103079041825, 35.259940532410845], [139.71022830809213, 35.259724860944694]]}}, {"type": "Feature", "properties": {"id": "横浜横須賀道路-上り-0-11", "route": "横浜横須賀道路", "direction": "上り", "from": "馬掘海岸ＩＣ", "to": "浦賀ＩＣ", "grade": 2.42, "elevation_start": 13.7, "elevation_end": 14.9, "quality": "estimated", "structure": "bridge", "chain_rank": 0, "cum_dist_start": 550.0, "cum_dist_end": 600.0, "anomaly": false}, "geometry": {"type": "LineString", "coordinates": [[139.71022830809213, 35.259724860944694], [139.71015367336034, 35.25950802193673], [139.7100817471107, 35.259290545549696]]}}, {"type": "Feature", "properties": {"id": "横浜横須賀道路-上り-0-12", "route": "横浜横須賀道路", "direction": "上り", "from": "馬掘海岸ＩＣ", "to": "浦賀ＩＣ", "grade": 2.42, "elevation_start": 14.9, "elevation_end": 16.1, "quality": "estimated", "structure": "bridge", "chain_rank": 0, "cum_dist_start": 600.0, "cum_dist_end": 650.0, "anomaly": false}, "geometry": {"type": "LineString", "coordinates": [[139.7100817471107, 35.259290545549696], [139.7100098208611, 35.25907306916265], [139.70993765584177, 35.258855646255896]]}}, {"type": "Feature", "properties": {"id": "横浜横須賀道路-上り-0-13", "route": "横浜横須賀道路", "direction": "上り", "from": "馬掘海岸ＩＣ", "to": "浦賀ＩＣ", "grade": 2.42, "elevation_start": 16.1, "elevation_end": 17.3, "quality": "estimated", "structure": "normal", "chain_rank": 0, "cum_dist_start": 650.0, "cum_dist_end": 700.0, "anomaly": false}, "geometry": {"type": "LineString", "coordinates": [[139.70993765584177, 35.258855646255896], [139.70986490414205, 35.25863835475539], [139.709791567249, 35.25842119600606]]}}, {"type": "Feature", "properties": {"id": "横浜横須賀道路-上り-0-14", "route": "横浜横須賀道路", "direction": "上り", "from": "馬掘海岸ＩＣ", "to": "浦賀ＩＣ", "grade": 2.42, "elevation_start": 17.3, "elevation_end": 18.6, "quality": "estimated", "structure": "normal", "chain_rank": 0, "cum_dist_start": 700.0, "cum_dist_end": 750.0, "anomaly": false}, "geometry": {"type": "LineString", "coordinates": [[139.709791567249, 35.25842119600606], [139.70971646572852, 35.25820444395165], [139.70963868103715, 35.257988328910095]]}}, {"type": "Feature", "properties": {"id": "横浜横須賀道路-上り-0-15", "route": "横浜横須賀道路", "direction": "上り", "from": "馬掘海岸ＩＣ", "to": "浦賀ＩＣ", "grade": 2.42, "elevation_start": 18.6, "elevation_end": 19.8, "quality": "estimated", "structure": "normal", "chain_rank": 0, "cum_dist_start": 750.0, "cum_dist_end": 800.0, "anomaly": false}, "geometry": {"type": "LineString", "coordinates": [[139.70963868103715, 35.257988328910095], [139.70955895428582, 35.25777270332804], [139.70947517418327, 35.2575581011473]]}}, {"type": "Feature", "properties": {"id": "横浜横須賀道路-上り-0-16", "route": "横浜横須賀道路", "direction": "上り", "from": "馬掘海岸ＩＣ", "to": "浦賀ＩＣ", "grade": 2.42, "elevation_start": 19.8, "elevation_end": 21.0, "quality": "estimated", "structure": "normal", "chain_rank": 0, "cum_dist_start": 800.0, "cum_dist_end": 850.0, "anomaly": false}, "geometry": {"type": "LineString", "coordinates": [[139.70947517418327, 35.2575581011473], [139.70938950617287, 35.25734400388545], [139.70930193414569, 35.25713042376899]]}}, {"type": "Feature", "properties": {"id": "横浜横須賀道路-上り-0-17", "route": "横浜横須賀道路", "direction": "上り", "from": "馬掘海岸ＩＣ", "to": "浦賀ＩＣ", "grade": 2.42, "elevation_start": 21.0, "elevation_end": 22.2, "quality": "estimated", "structure": "normal", "chain_rank": 0, "cum_dist_start": 850.0, "cum_dist_end": 900.0, "anomaly": false}, "geometry": {"type": "LineString", "coordinates": [[139.70930193414569, 35.25713042376899], [139.70921145208442, 35.25691766685163], [139.70911796491714, 35.2567057823375]]}}, {"type": "Feature", "properties": {"id": "横浜横須賀道路-上り-0-18", "route": "横浜横須賀道路", "direction": "上り", "from": "馬掘海岸ＩＣ", "to": "浦賀ＩＣ", "grade": 2.42, "elevation_start": 22.2, "elevation_end": 23.4, "quality": "estimated", "structure": "bridge", "chain_rank": 0, "cum_dist_start": 900.0, "cum_dist_end": 950.0, "anomaly": false}, "geometry": {"type": "LineString", "coordinates": [[139.70911796491714, 35.2567057823375], [139.70902137362495, 35.25649484043351], [139.70892257308827, 35.256284581770586]]}}, {"type": "Feature", "properties": {"id": "横浜横須賀道路-上り-0-19", "route": "横浜横須賀道路", "direction": "上り", "from": "馬掘海岸ＩＣ", "to": "浦賀ＩＣ", "grade": 2.42, "elevation_start": 23.4, "elevation_end": 24.6, "quality": "estimated", "structure": "bridge", "chain_rank": 0, "cum_dist_start": 950.0, "cum_dist_end": 1000.0, "anomaly": false}, "geometry": {"type": "LineString", "coordinates": [[139.70892257308827, 35.256284581770586], [139.7088231005504, 35.25607453629219], [139.70872324062256, 35.25586461453034]]}}, {"type": "Feature", "properties": {"id": "横浜横須賀道路-上り-0-20", "route": "横浜横須賀道路", "direction": "上り", "from": "馬掘海岸ＩＣ", "to": "浦賀ＩＣ", "grade": 2.42, "elevation_start": 24.6, "elevation_end": 25.8, "quality": "estimated", "structure": "normal", "chain_rank": 0, "cum_dist_start": 1000.0, "cum_dist_end": 1050.0, "anomaly": false}, "geometry": {"type": "LineString", "coordinates": [[139.70872324062256, 35.25586461453034], [139.7086233806947, 35.255654692768495], [139.70852352076685, 35.25544477100665]]}}, {"type": "Feature", "properties": {"id": "横浜横須賀道路-上り-0-21", "route": "横浜横須賀道路", "direction": "上り", "from": "馬掘海岸ＩＣ", "to": "浦賀ＩＣ", "grade": 2.42, "elevation_start": 25.8, "elevation_end": 27.0, "quality": "estimated", "structure": "normal", "chain_rank": 0, "cum_dist_start": 1050.0, "cum_dist_end": 1100.0, "anomaly": false}, "geometry": {"type": "LineString", "coordinates": [[139.70852352076685, 35.25544477100665], [139.70842281597535, 35.2552351220412], [139.70832153664622, 35.25502565858711]]}}, {"type": "Feature", "properties": {"id": "横浜横須賀道路-上り-0-22", "route": "横浜横須賀道路", "direction": "上り", "from": "馬掘海岸ＩＣ", "to": "浦賀ＩＣ", "grade": 2.42, "elevation_start": 27.0, "elevation_end": 28.2, "quality": "estimated", "structure": "normal", "chain_rank": 0, "cum_dist_start": 1100.0, "cum_dist_end": 1150.0, "anomaly": false}, "geometry": {"type": "LineString", "coordinates": [[139.70832153664622, 35.25502565858711], [139.7082202573171, 35.25481619513302], [139.70811897798794, 35.254606731678926]]}}, {"type": "Feature", "properties": {"id": "横浜横須賀道路-上り-0-23", "route": "横浜横須賀道路", "direction": "上り", "from": "馬掘海岸ＩＣ", "to": "浦賀ＩＣ", "grade": 2.42, "elevation_start": 28.2, "elevation_end": 29.5, "quality": "estimated", "structure": "normal", "chain_rank": 0, "cum_dist_start": 1150.0, "cum_dist_end": 1200.0, "anomaly": false}, "geometry": {"type": "LineString", "coordinates": [[139.70811897798794, 35.254606731678926], [139.7080171723739, 35.25439744019857], [139.70791478013535, 35.254188341994755]]}}, {"type": "Feature", "properties": {"id": "横浜横須賀道路-上り-0-24", "route": "横浜横須賀道路", "direction": "上り", "from": "馬掘海岸ＩＣ", "to": "浦賀ＩＣ", "grade": 2.42, "elevation_start": 29.5, "elevation_end": 30.7, "quality": "estimated", "structure": "bridge", "chain_rank": 0, "cum_dist_start": 1200.0, "cum_dist_end": 1250.0, "anomaly": false}, "geometry": {"type": "LineString", "coordinates": [[139.70791478013535, 35.254188341994755], [139.7078087217468, 35.253980483148126], [139.7077020240149, 35.25377283796985]]}}, {"type": "Feature", "properties": {"id": "横浜横須賀道路-上り-0-25", "route": "横浜横須賀道路", "direction": "上り", "from": "馬掘海岸ＩＣ", "to": "浦賀ＩＣ", "grade": 2.42, "elevation_start": 30.7, "elevation_end": 31.9, "quality": "estimated", "structure": "bridge", "chain_rank": 0, "cum_dist_start": 1250.0, "cum_dist_end": 1300.0, "anomaly": false}, "geometry": {"type": "LineString", "coordinates": [[139.7077020240149, 35.25377283796985], [139.70759444280745, 35.25356550434697], [139.707484183153, 35.253359115185525]]}}, {"type": "Feature", "properties": {"id": "横浜横須賀道路-上り-0-26", "route": "横浜横須賀道路", "direction": "上り", "from": "馬掘海岸ＩＣ", "to": "浦賀ＩＣ", "grade": 2.42, "elevation_start": 31.9, "elevation_end": 33.1, "quality": "estimated", "structure": "normal", "chain_rank": 0, "cum_dist_start": 1300.0, "cum_dist_end": 1350.0, "anomaly": false}, "geometry": {"type": "LineString", "coordinates": [[139.707484183153, 35.253359115185525], [139.70737363385948, 35.2531528305762], [139.70726273262707, 35.25294667300758]]}}, {"type": "Feature", "properties": {"id": "横浜横須賀道路-上り-0-27", "route": "横浜横須賀道路", "direction": "上り", "from": "馬掘海岸ＩＣ", "to": "浦賀ＩＣ", "grade": 2.42, "elevation_start": 33.1, "elevation_end": 34.3, "quality": "estimated", "structure": "normal", "chain_rank": 0, "cum_dist_start": 1350.0, "cum_dist_end": 1400.0, "anomaly": false}, "geometry": {"type": "LineString", "coordinates": [[139.70726273262707, 35.25294667300758], [139.70714899062165, 35.252741568236154], [139.7070323749856, 35.25253757266627]]}}, {"type": "Feature", "properties": {"id": "横浜横須賀道路-上り-0-28", "route": "横浜横須賀道路", "direction": "上り", "from": "馬掘海岸ＩＣ", "to": "浦賀ＩＣ", "grade": 1.45, "elevation_start": 34.3, "elevation_end": 35.0, "quality": "estimated", "structure": "normal", "chain_rank": 0, "cum_dist_start": 1400.0, "cum_dist_end": 1450.0, "anomaly": false}, "geometry": {"type": "LineString", "coordinates": [[139.7070323749856, 35.25253757266627], [139.7069051385359, 35.25233786456079], [139.7067742167507, 35.25213979221394]]}}, {"type": "Feature", "properties": {"id": "横浜横須賀道路-上り-0-29", "route": "横浜横須賀道路", "direction": "上り", "from": "馬掘海岸ＩＣ", "to": "浦賀ＩＣ", "grade": 0.5, "elevation_start": 35.0, "elevation_end": 35.3, "quality": "measured", "structure": "normal", "chain_rank": 0, "cum_dist_start": 1450.0, "cum_dist_end": 1500.0, "anomaly": false}, "geometry": {"type": "LineString", "coordinates": [[139.7067742167507, 35.25213979221394], [139.70664003328625, 35.25194316758329], [139.70649044948468, 35.251754172676186]]}}, {"type": "Feature", "properties": {"id": "横浜横須賀道路-上り-0-30", "route": "横浜横須賀道路", "direction": "上り", "from": "馬掘海岸ＩＣ", "to": "浦賀ＩＣ", "grade": 0.26, "elevation_start": 35.3, "elevation_end": 35.4, "quality": "measured", "structure": "normal", "chain_rank": 0, "cum_dist_start": 1500.0, "cum_dist_end": 1550.0, "anomaly": false}, "geometry": {"type": "LineString", "coordinates": [[139.70649044948468, 35.251754172676186], [139.70633539315466, 35.251568203389276], [139.70617466950384, 35.25138549960219]]}}, {"type": "Feature", "properties": {"id": "横浜横須賀道路-上り-0-31", "route": "横浜横須賀道路", "direction": "上り", "from": "馬掘海岸ＩＣ", "to": "浦賀ＩＣ", "grade": 0.49, "elevation_start": 35.4, "elevation_end": 35.6, "quality": "measured", "structure": "normal", "chain_rank": 0, "cum_dist_start": 1550.0, "cum_dist_end": 1600.0, "anomaly": false}, "geometry": {"type": "LineString", "coordinates": [[139.70617466950384, 35.25138549960219], [139.706003836317, 35.2512090810478], [139.7058239715542, 35.25103877163247]]}}, {"type": "Feature", "properties": {"id": "横浜横須賀道路-上り-0-32", "route": "横浜横須賀道路", "direction": "上り", "from": "浦賀ＩＣ", "to": "佐原ＩＣ", "grade": -0.31, "elevation_start": 35.6, "elevation_end": 35.5, "quality": "estimated", "structure": "normal", "chain_rank": 0, "cum_dist_start": 1600.0, "cum_dist_end": 1650.0, "anomaly": false}, "geometry": {"type": "LineString", "coordinates": [[139.7058239715542, 35.25103877163247], [139.70564047913086, 35.25087115294452], [139.7054492033706, 35.250709433972325]]}}, {"type": "Feature", "properties": {"id": "横浜横須賀道路-上り-0-33", "route": "横浜横須賀道路", "direction": "上り", "from": "浦賀ＩＣ", "to": "佐原ＩＣ", "grade": -0.31, "elevation_start": 35.5, "elevation_end": 35.3, "quality": "estimated", "structure": "normal", "chain_rank": 0, "cum_dist_start": 1650.0, "cum_dist_end": 1700.0, "anomaly": false}, "geometry": {"type": "LineString", "coordinates": [[139.7054492033706, 35.250709433972325], [139.7052537757395, 35.25055128058763], [139.70504958941834, 35.25040056971327]]}}, {"type": "Feature", "properties": {"id": "横浜横須賀道路-上り-0-34", "route": "横浜横須賀道路", "direction": "上り", "from": "浦賀ＩＣ", "to": "佐原ＩＣ", "grade": -0.31, "elevation_start": 35.3, "elevation_end": 35.2, "quality": "estimated", "structure": "normal", "chain_rank": 0, "cum_dist_start": 1700.0, "cum_dist_end": 1750.0, "anomaly": false}, "geometry": {"type": "LineString", "coordinates": [[139.70504958941834, 35.25040056971327], [139.70483967591267, 35.25025524396501], [139.70462625626988, 35.250113374467745]]}}, {"type": "Feature", "properties": {"id": "横浜横須賀道路-上り-0-35", "route": "横浜横須賀道路", "direction": "上り", "from": "浦賀ＩＣ", "to": "佐原ＩＣ", "grade": -0.31, "elevation_start": 35.2, "elevation_end": 35.0, "quality": "estimated", "structure": "tunnel", "chain_rank": 0, "cum_dist_start": 1750.0, "cum_dist_end": 1800.0, "anomaly": false}, "geometry": {"type": "LineString", "coordinates": [[139.70462625626988, 35.250113374467745], [139.70439725506742, 35.249989071680176], [139.70416527273733, 35.24986850587879]]}}, {"type": "Feature", "properties": {"id": "横浜横須賀道路-上り-0-36", "route": "横浜横須賀道路", "direction": "上り", "from": "浦賀ＩＣ", "to": "佐原ＩＣ", "grade": -0.31, "elevation_start": 35.0, "elevation_end": 34.9, "quality": "estimated", "structure": "tunnel", "chain_rank": 0, "cum_dist_start": 1800.0, "cum_dist_end": 1850.0, "anomaly": false}, "geometry": {"type": "LineString", "coordinates": [[139.70416527273733, 35.24986850587879], [139.70392706805546, 35.249756281235996], [139.70368570921482, 35.24964879004573]]}}, {"type": "Feature", "properties": {"id": "横浜横須賀道路-上り-0-37", "route": "横浜横須賀道路", "direction": "上り", "from": "浦賀ＩＣ", "to": "佐原ＩＣ", "grade": -0.31, "elevation_start": 34.9, "elevation_end": 34.7, "quality": "estimated", "structure": "tunnel", "chain_rank": 0, "cum_dist_start": 1850.0, "cum_dist_end": 1900.0, "anomaly": false}, "geometry": {"type": "LineString", "coordinates": [[139.70368570921482, 35.24964879004573], [139.70344197743256, 35.249544859933884], [139.7031982456503, 35.249440929822036]]}}, {"type": "Feature", "properties": {"id": "横浜横須賀道路-上り-0-38", "route": "横浜横須賀道路", "direction": "上り", "from": "浦賀ＩＣ", "to": "佐原ＩＣ", "grade": -0.31, "elevation_start": 34.7, "elevation_end": 34.6, "quality": "estimated", "structure": "tunnel", "chain_rank": 0, "cum_dist_start": 1900.0, "cum_dist_end": 1950.0, "anomaly": false}, "geometry": {"type": "LineString", "coordinates": [[139.7031982456503, 35.249440929822036], [139.70295451386804, 35.24933699971019], [139.70271078208575, 35.24923306959834]]}}, {"type": "Feature", "properties": {"id": "横浜横須賀道路-上り-0-39", "route": "横浜横須賀道路", "direction": "上り", "from": "浦賀ＩＣ", "to": "佐原ＩＣ", "grade": -0.31, "elevation_start": 34.6, "elevation_end": 34.4, "quality": "estimated", "structure": "tunnel", "chain_rank": 0, "cum_dist_start": 1950.0, "cum_dist_end": 2000.0, "anomaly": false}, "geometry": {"type": "LineString", "coordinates": [[139.70271078208575, 35.24923306959834], [139.70246705030348, 35.24912913948649], [139.70222331852122, 35.24902520937464]]}}, {"type": "Feature", "properties": {"id": "横浜横須賀道路-上り-0-40", "route": "横浜横須賀道路", "direction": "上り", "from": "浦賀ＩＣ", "to": "佐原ＩＣ", "grade": -0.31, "elevation_start": 34.4, "elevation_end": 34.3, "quality": "estimated", "structure": "tunnel", "chain_rank": 0, "cum_dist_start": 2000.0, "cum_dist_end": 2050.0, "anomaly": false}, "geometry": {"type": "LineString", "coordinates": [[139.70222331852122, 35.24902520937464], [139.7019759599274, 35.2489274698373], [139.70172478188988, 35.24883624967667]]}}, {"type": "Feature", "properties": {"id": "横浜横須賀道路-上り-0-41", "route": "横浜横須賀道路", "direction": "上り", "from": "浦賀ＩＣ", "to": "佐原ＩＣ", "grade": -0.31, "elevation_start": 34.3, "elevation_end": 34.1, "quality": "estimated", "structure": "tunnel", "chain_rank": 0, "cum_dist_start": 2050.0, "cum_dist_end": 2100.0, "anomaly": false}, "geometry": {"type": "LineString", "coordinates": [[139.70172478188988, 35.24883624967667], [139.7014713883892, 35.24874939459948], [139.70121551816138, 35.248667419368935]]}}, {"type": "Feature", "properties": {"id": "横浜横須賀道路-上り-0-42", "route": "横浜横須賀道路", "direction": "上り", "from": "浦賀ＩＣ", "to": "佐原ＩＣ", "grade": -0.31, "elevation_start": 34.1, "elevation_end": 34.0, "quality": "estimated", "structure": "tunnel", "chain_rank": 0, "cum_dist_start": 2100.0, "cum_dist_end": 2150.0, "anomaly": false}, "geometry": {"type": "LineString", "coordinates": [[139.70121551816138, 35.248667419368935], [139.70095364648137, 35.248599410717425], [139.7006916766296, 35.248531630531275]]}}, {"type": "Feature", "properties": {"id": "横浜横須賀道路-上り-0-43", "route": "横浜横須賀道路", "direction": "上り", "from": "浦賀ＩＣ", "to": "佐原ＩＣ", "grade": -0.31, "elevation_start": 34.0, "elevation_end": 33.8, "quality": "estimated", "structure": "normal", "chain_rank": 0, "cum_dist_start": 2150.0, "cum_dist_end": 2200.0, "anomaly": false}, "geometry": {"type": "LineString", "coordinates": [[139.7006916766296, 35.248531630531275], [139.70042970677778, 35.248463850345125], [139.700167736926, 35.248396070158975]]}}, {"type": "Feature", "properties": {"id": "横浜横須賀道路-上り-0-44", "route": "横浜横須賀道路", "direction": "上り", "from": "浦賀ＩＣ", "to": "佐原ＩＣ", "grade": -0.31, "elevation_start": 33.8, "elevation_end": 33.6, "quality": "estimated", "structure": "normal", "chain_rank": 0, "cum_dist_start": 2200.0, "cum_dist_end": 2250.0, "anomaly": false}, "geometry": {"type": "LineString", "coordinates": [[139.700167736926, 35.248396070158975], [139.6999067000809, 35.24832594196733], [139.69964633896288, 35.248254113240364]]}}, {"type": "Feature", "properties": {"id": "横浜横須賀道路-上り-0-45", "route": "横浜横須賀道路", "direction": "上り", "from": "浦賀ＩＣ", "to": "佐原ＩＣ", "grade": -0.31, "elevation_start": 33.6, "elevation_end": 33.5, "quality": "estimated", "structure": "normal", "chain_rank": 0, "cum_dist_start": 2250.0, "cum_dist_end": 2300.0, "anomaly": false}, "geometry": {"type": "LineString", "coordinates": [[139.69964633896288, 35.248254113240364], [139.69938687818177, 35.248180159472284], [139.69912967109747, 35.24810113032176]]}}, {"type": "Feature", "properties": {"id": "横浜横須賀道路-上り-0-46", "route": "横浜横須賀道路", "direction": "上り", "from": "浦賀ＩＣ", "to": "佐原ＩＣ", "grade": -0.31, "elevation_start": 33.5, "elevation_end": 33.3, "quality": "estimated", "structure": "tunnel", "chain_rank": 0, "cum_dist_start": 2300.0, "cum_dist_end": 2350.0, "anomaly": false}, "geometry": {"type": "LineString", "coordinates": [[139.69912967109747, 35.24810113032176], [139.69887555986398, 35.24801564463541], [139.69862373495528, 35.247925637907]]}}, {"type": "Feature", "properties": {"id": "横浜横須賀道路-上り-0-47", "route": "横浜横須賀道路", "direction": "上り", "from": "浦賀ＩＣ", "to": "佐原ＩＣ", "grade": -0.31, "elevation_start": 33.3, "elevation_end": 33.2, "quality": "estimated", "structure": "tunnel", "chain_rank": 0, "cum_dist_start": 2350.0, "cum_dist_end": 2400.0, "anomaly": false}, "geometry": {"type": "LineString", "coordinates": [[139.69862373495528, 35.247925637907], [139.69837488815102, 35.24783032412531], [139.69812829426667, 35.24773107664863]]}}, {"type": "Feature", "properties": {"id": "横浜横須賀道路-上り-0-48", "route": "横浜横須賀道路", "direction": "上り", "from": "浦賀ＩＣ", "to": "佐原ＩＣ", "grade": -0.31, "elevation_start": 33.2, "elevation_end": 33.0, "quality": "estimated", "structure": "tunnel", "chain_rank": 0, "cum_dist_start": 2400.0, "cum_dist_end": 2450.0, "anomaly": false}, "geometry": {"type": "LineString", "coordinates": [[139.69812829426667, 35.24773107664863], [139.69788485236106, 35.247626698181385], [139.6976455893285, 35.24751615971255]]}}, {"type": "Feature", "properties": {"id": "横浜横須賀道路-上り-0-49", "route": "横浜横須賀道路", "direction": "上り", "from": "浦賀ＩＣ", "to": "佐原ＩＣ", "grade": -0.31, "elevation_start": 33.0, "elevation_end": 32.9, "quality": "estimated", "structure": "tunnel", "chain_rank": 0, "cum_dist_start": 2450.0, "cum_dist_end": 2500.0, "anomaly": false}, "geometry": {"type": "LineString", "coordinates": [[139.6976455893285, 35.24751615971255], [139.69740913976602, 35.24740147395808], [139.69717790130844, 35.247279953074354]]}}, {"type": "Feature", "properties": {"id": "横浜横須賀道路-上り-0-50", "route": "横浜横須賀道路", "direction": "上り", "from": "浦賀ＩＣ", "to": "佐原ＩＣ", "grade": -0.31, "elevation_start": 32.9, "elevation_end": 32.7, "quality": "estimated", "structure": "tunnel", "chain_rank": 0, "cum_dist_start": 2500.0, "cum_dist_end": 2550.0, "anomaly": false}, "geometry": {"type": "LineString", "coordinates": [[139.69717790130844, 35.247279953074354], [139.69694870361428, 35.24715575542973], [139.6967194873276, 35.247031582931484]]}}, {"type": "Feature", "properties": {"id": "横浜横須賀道路-上り-0-51", "route": "横浜横須賀道路", "direction": "上り", "from": "浦賀ＩＣ", "to": "佐原ＩＣ", "grade": -0.31, "elevation_start": 32.7, "elevation_end": 32.6, "quality": "estimated", "structure": "tunnel", "chain_rank": 0, "cum_dist_start": 2550.0, "cum_dist_end": 2600.0, "anomaly": false}, "geometry": {"type": "LineString", "coordinates": [[139.6967194873276, 35.247031582931484], [139.69649025801957, 35.24690742804461], [139.69626102871152, 35.24678327315774]]}}, {"type": "Feature", "properties": {"id": "横浜横須賀道路-上り-0-52", "route": "横浜横須賀道路", "direction": "上り", "from": "浦賀ＩＣ", "to": "佐原ＩＣ", "grade": -0.31, "elevation_start": 32.6, "elevation_end": 32.4, "quality": "estimated", "structure": "tunnel", "chain_rank": 0, "cum_dist_start": 2600.0, "cum_dist_end": 2650.0, "anomaly": false}, "geometry": {"type": "LineString", "coordinates": [[139.69626102871152, 35.24678327315774], [139.6960317994035, 35.24665911827086], [139.69580257009545, 35.24653496338399]]}}, {"type": "Feature", "properties": {"id": "横浜横須賀道路-上り-0-53", "route": "横浜横須賀道路", "direction": "上り", "from": "浦賀ＩＣ", "to": "佐原ＩＣ", "grade": -0.31, "elevation_start": 32.4, "elevation_end": 32.3, "quality": "estimated", "structure": "tunnel", "chain_rank": 0, "cum_dist_start": 2650.0, "cum_dist_end": 2700.0, "anomaly": false}, "geometry": {"type": "LineString", "coordinates": [[139.69580257009545, 35.24653496338399], [139.6955733407874, 35.24641080849712], [139.6953441114794, 35.24628665361025]]}}, {"type": "Feature", "properties": {"id": "横浜横須賀道路-上り-0-54", "route": "横浜横須賀道路", "direction": "上り", "from": "浦賀ＩＣ", "to": "佐原ＩＣ", "grade": -0.31, "elevation_start": 32.3, "elevation_end": 32.1, "quality": "estimated", "structure": "tunnel", "chain_rank": 0, "cum_dist_start": 2700.0, "cum_dist_end": 2750.0, "anomaly": false}, "geometry": {"type": "LineString", "coordinates": [[139.6953441114794, 35.24628665361025], [139.69511488217134, 35.24616249872337], [139.69488565286332, 35.2460383438365]]}}, {"type": "Feature", "properties": {"id": "横浜横須賀道路-上り-0-55", "route": "横浜横須賀道路", "direction": "上り", "from": "浦賀ＩＣ", "to": "佐原ＩＣ", "grade": -0.31, "elevation_start": 32.1, "elevation_end": 31.9, "quality": "estimated", "structure": "tunnel", "chain_rank": 0, "cum_dist_start": 2750.0, "cum_dist_end": 2800.0, "anomaly": false}, "geometry": {"type": "LineString", "coordinates": [[139.69488565286332, 35.2460383438365], [139.69465642355527, 35.245914188949634], [139.69442719424723, 35.24579003406276]]}}, {"type": "Feature", "properties": {"id": "横浜横須賀道路-上り-0-56", "route": "横浜横須賀道路", "direction": "上り", "from": "浦賀ＩＣ", "to": "佐原ＩＣ", "grade": -0.31, "elevation_start": 31.9, "elevation_end": 31.8, "quality": "estimated", "structure": "tunnel", "chain_rank": 0, "cum_dist_start": 2800.0, "cum_dist_end": 2850.0, "anomaly": false}, "geometry": {"type": "LineString", "coordinates": [[139.69442719424723, 35.24579003406276], [139.6941979649392, 35.24566587917589], [139.69396873563116, 35.24554172428901]]}}, {"type": "Feature", "properties": {"id": "横浜横須賀道路-上り-0-57", "route": "横浜横須賀道路", "direction": "上り", "from": "浦賀ＩＣ", "to": "佐原ＩＣ", "grade": -0.31, "elevation_start": 31.8, "elevation_end": 31.6, "quality": "estimated", "structure": "tunnel", "chain_rank": 0, "cum_dist_start": 2850.0, "cum_dist_end": 2900.0, "anomaly": false}, "geometry": {"type": "LineString", "coordinates": [[139.69396873563116, 35.24554172428901], [139.6937395063231, 35.24541756940214], [139.6935060884989, 35.24529892522264]]}}, {"type": "Feature", "properties": {"id": "横浜横須賀道路-上り-0-58", "route": "横浜横須賀道路", "direction": "上り", "from": "浦賀ＩＣ", "to": "佐原ＩＣ", "grade": -0.31, "elevation_start": 31.6, "elevation_end": 31.5, "quality": "estimated", "structure": "tunnel", "chain_rank": 0, "cum_dist_start": 2900.0, "cum_dist_end": 2950.0, "anomaly": false}, "geometry": {"type": "LineString", "coordinates": [[139.6935060884989, 35.24529892522264], [139.69326935365413, 35.245184645149415], [139.69302827546827, 35.24507673244611]]}}, {"type": "Feature", "properties": {"id": "横浜横須賀道路-上り-0-59", "route": "横浜横須賀道路", "direction": "上り", "from": "浦賀ＩＣ", "to": "佐原ＩＣ", "grade": -0.31, "elevation_start": 31.5, "elevation_end": 31.3, "quality": "estimated", "structure": "tunnel", "chain_rank": 0, "cum_dist_start": 2950.0, "cum_dist_end": 3000.0, "anomaly": false}, "geometry": {"type": "LineString", "coordinates": [[139.69302827546827, 35.24507673244611], [139.69278573085256, 35.24497096953972], [139.69253797457154, 35.24487374359744]]}}, {"type": "Feature", "properties": {"id": "横浜横須賀道路-上り-0-60", "route": "横浜横須賀道路", "direction": "上り", "from": "浦賀ＩＣ", "to": "佐原ＩＣ", "grade": -0.31, "elevation_start": 31.3, "elevation_end": 31.2, "quality": "estimated", "structure": "bridge", "chain_rank": 0, "cum_dist_start": 3000.0, "cum_dist_end": 3050.0, "anomaly": false}, "geometry": {"type": "LineString", "coordinates": [[139.69253797457154, 35.24487374359744], [139.69228795220218, 35.24478045402625], [139.69203730954004, 35.2446882721994]]}}, {"type": "Feature", "properties": {"id": "横浜横須賀道路-上り-0-61", "route": "横浜横須賀道路", "direction": "上り", "from": "浦賀ＩＣ", "to": "佐原ＩＣ", "grade": -0.31, "elevation_start": 31.2, "elevation_end": 31.0, "quality": "estimated", "structure": "bridge", "chain_rank": 0, "cum_dist_start": 3050.0, "cum_dist_end": 3100.0, "anomaly": false}, "geometry": {"type": "LineString", "coordinates": [[139.69203730954004, 35.2446882721994], [139.6917866668779, 35.244596090372546], [139.69153602421576, 35.2445039085457]]}}, {"type": "Feature", "properties": {"id": "横浜横須賀道路-上り-0-62", "route": "横浜横須賀道路", "direction": "上り", "from": "浦賀ＩＣ", "to": "佐原ＩＣ", "grade": -0.31, "elevation_start": 31.0, "elevation_end": 30.9, "quality": "estimated", "structure": "bridge", "chain_rank": 0, "cum_dist_start": 3100.0, "cum_dist_end": 3150.0, "anomaly": false}, "geometry": {"type": "LineString", "coordinates": [[139.69153602421576, 35.2445039085457], [139.69128538155363, 35.24441172671885], [139.69103541341138, 35.244318327341965]]}}, {"type": "Feature", "properties": {"id": "横浜横須賀道路-上り-0-63", "route": "横浜横須賀道路", "direction": "上り", "from": "浦賀ＩＣ", "to": "佐原ＩＣ", "grade": -0.31, "elevation_start": 30.9, "elevation_end": 30.7, "quality": "estimated", "structure": "bridge", "chain_rank": 0, "cum_dist_start": 3150.0, "cum_dist_end": 3200.0, "anomaly": false}, "geometry": {"type": "LineString", "coordinates": [[139.69103541341138, 35.244318327341965], [139.690786321644, 35.24422338732511], [139.69054110694762, 35.24412189424437]]}}, {"type": "Feature", "properties": {"id": "横浜横須賀道路-上り-0-64", "route": "横浜横須賀道路", "direction": "上り", "from": "浦賀ＩＣ", "to": "佐原ＩＣ", "grade": -0.31, "elevation_start": 30.7, "elevation_end": 30.6, "quality": "estimated", "structure": "bridge", "chain_rank": 0, "cum_dist_start": 3200.0, "cum_dist_end": 3250.0, "anomaly": false}, "geometry": {"type": "LineString", "coordinates": [[139.69054110694762, 35.24412189424437], [139.69029905771538, 35.2440153801362], [139.69006162870227, 35.24390207871248]]}}, {"type": "Feature", "properties": {"id": "横浜横須賀道路-上り-0-65", "route": "横浜横須賀道路", "direction": "上り", "from": "浦賀ＩＣ", "to": "佐原ＩＣ", "grade": -0.31, "elevation_start": 30.6, "elevation_end": 30.4, "quality": "estimated", "structure": "bridge", "chain_rank": 0, "cum_dist_start": 3250.0, "cum_dist_end": 3300.0, "anomaly": false}, "geometry": {"type": "LineString", "coordinates": [[139.69006162870227, 35.24390207871248], [139.68982699243435, 35.243784953275394], [139.68959744321714, 35.24366121269157]]}}, {"type": "Feature", "properties": {"id": "横浜横須賀道路-上り-0-66", "route": "横浜横須賀道路", "direction": "上り", "from": "浦賀ＩＣ", "to": "佐原ＩＣ", "grade": -0.31, "elevation_start": 30.4, "elevation_end": 30.3, "quality": "estimated", "structure": "bridge", "chain_rank": 0, "cum_dist_start": 3300.0, "cum_dist_end": 3350.0, "anomaly": false}, "geometry": {"type": "LineString", "coordinates": [[139.68959744321714, 35.24366121269157], [139.68936990207663, 35.24353499917699], [139.68914676363391, 35.243403650211285]]}}, {"type": "Feature", "properties": {"id": "横浜横須賀道路-上り-0-67", "route": "横浜横須賀道路", "direction": "上り", "from": "浦賀ＩＣ", "to": "佐原ＩＣ", "grade": -0.31, "elevation_start": 30.3, "elevation_end": 30.1, "quality": "estimated", "structure": "bridge", "chain_rank": 0, "cum_dist_start": 3350.0, "cum_dist_end": 3400.0, "anomaly": false}, "geometry": {"type": "LineString", "coordinates": [[139.68914676363391, 35.243403650211285], [139.68892834181355, 35.24326704192014], [139.68871335425308, 35.24312682988351]]}}, {"type": "Feature", "properties": {"id": "横浜横須賀道路-上り-0-68", "route": "横浜横須賀道路", "direction": "上り", "from": "浦賀ＩＣ", "to": "佐原ＩＣ", "grade": -0.31, "elevation_start": 30.1, "elevation_end": 29.9, "quality": "estimated", "structure": "bridge", "chain_rank": 0, "cum_dist_start": 3400.0, "cum_dist_end": 3450.0, "anomaly": false}, "geometry": {"type": "LineString", "coordinates": [[139.68871335425308, 35.24312682988351], [139.6885009688217, 35.2429839382146], [139.6882909158219, 35.242838753074714]]}}, {"type": "Feature", "properties": {"id": "横浜横須賀道路-上り-0-69", "route": "横浜横須賀道路", "direction": "上り", "from": "浦賀ＩＣ", "to": "佐原ＩＣ", "grade": -0.31, "elevation_start": 29.9, "elevation_end": 29.8, "quality": "estimated", "structure": "bridge", "chain_rank": 0, "cum_dist_start": 3450.0, "cum_dist_end": 3500.0, "anomaly": false}, "geometry": {"type": "LineString", "coordinates": [[139.6882909158219, 35.242838753074714], [139.68808144236064, 35.2426929980768], [139.68787196889937, 35.24254724307888]]}}, {"type": "Feature", "properties": {"id": "横浜横須賀道路-上り-0-70", "route": "横浜横須賀道路", "direction": "上り", "from": "浦賀ＩＣ", "to": "佐原ＩＣ", "grade": -0.31, "elevation_start": 29.8, "elevation_end": 29.6, "quality": "estimated", "structure": "bridge", "chain_rank": 0, "cum_dist_start": 3500.0, "cum_dist_end": 3550.0, "anomaly": false}, "geometry": {"type": "LineString", "coordinates": [[139.68787196889937, 35.24254724307888], [139.68766249485464, 35.24240148864897], [139.68745262007957, 35.24225612432173]]}}, {"type": "Feature", "properties": {"id": "横浜横須賀道路-上り-0-71", "route": "横浜横須賀道路", "direction": "上り", "from": "浦賀ＩＣ", "to": "佐原ＩＣ", "grade": -0.31, "elevation_start": 29.6, "elevation_end": 29.5, "quality": "estimated", "structure": "bridge", "chain_rank": 0, "cum_dist_start": 3550.0, "cum_dist_end": 3600.0, "anomaly": false}, "geometry": {"type": "LineString", "coordinates": [[139.68745262007957, 35.24225612432173], [139.6872427453045, 35.24211075999449], [139.68703287052944, 35.24196539566724]]}}, {"type": "Feature", "properties": {"id": "横浜横須賀道路-上り-0-72", "route": "横浜横須賀道路", "direction": "上り", "from": "浦賀ＩＣ", "to": "佐原ＩＣ", "grade": -0.31, "elevation_start": 29.5, "elevation_end": 29.3, "quality": "estimated", "structure": "bridge", "chain_rank": 0, "cum_dist_start": 3600.0, "cum_dist_end": 3650.0, "anomaly": false}, "geometry": {"type": "LineString", "coordinates": [[139.68703287052944, 35.24196539566724], [139.68682299575437, 35.24182003134], [139.68661312097927, 35.24167466701275]]}}, {"type": "Feature", "properties": {"id": "横浜横須賀道路-上り-0-73", "route": "横浜横須賀道路", "direction": "上り", "from": "浦賀ＩＣ", "to": "佐原ＩＣ", "grade": -0.31, "elevation_start": 29.3, "elevation_end": 29.2, "quality": "estimated", "structure": "bridge", "chain_rank": 0, "cum_dist_start": 3650.0, "cum_dist_end": 3700.0, "anomaly": false}, "geometry": {"type": "LineString", "coordinates": [[139.68661312097927, 35.24167466701275], [139.6863993672313, 35.2415331685769], [139.68618520442732, 35.241392077817544]]}}, {"type": "Feature", "properties": {"id": "横浜横須賀道路-上り-0-74", "route": "横浜横須賀道路", "direction": "上り", "from": "浦賀ＩＣ", "to": "佐原ＩＣ", "grade": -0.31, "elevation_start": 29.2, "elevation_end": 29.0, "quality": "estimated", "structure": "bridge", "chain_rank": 0, "cum_dist_start": 3700.0, "cum_dist_end": 3750.0, "anomaly": false}, "geometry": {"type": "LineString", "coordinates": [[139.68618520442732, 35.241392077817544], [139.6859686959114, 35.24125343536977], [139.6857495416445, 35.24111761835461]]}}, {"type": "Feature", "properties": {"id": "横浜横須賀道路-上り-0-75", "route": "横浜横須賀道路", "direction": "上り", "from": "浦賀ＩＣ", "to": "佐原ＩＣ", "grade": -0.31, "elevation_start": 29.0, "elevation_end": 28.9, "quality": "estimated", "structure": "bridge", "chain_rank": 0, "cum_dist_start": 3750.0, "cum_dist_end": 3800.0, "anomaly": false}, "geometry": {"type": "LineString", "coordinates": [[139.6857495416445, 35.24111761835461], [139.6855288106268, 35.240983515089326], [139.68530709736524, 35.24085051100083]]}}, {"type": "Feature", "properties": {"id": "横浜横須賀道路-上り-0-76", "route": "横浜横須賀道路", "direction": "上り", "from": "浦賀ＩＣ", "to": "佐原ＩＣ", "grade": -0.31, "elevation_start": 28.9, "elevation_end": 28.7, "quality": "estimated", "structure": "bridge", "chain_rank": 0, "cum_dist_start": 3800.0, "cum_dist_end": 3850.0, "anomaly": false}, "geometry": {"type": "LineString", "coordinates": [[139.68530709736524, 35.24085051100083], [139.68508487439115, 35.24071807730448], [139.68485908082815, 35.24058979339711]]}}, {"type": "Feature", "properties": {"id": "横浜横須賀道路-上り-0-77", "route": "横浜横須賀道路", "direction": "上り", "from": "浦賀ＩＣ", "to": "佐原ＩＣ", "grade": -0.31, "elevation_start": 28.7, "elevation_end": 28.6, "quality": "estimated", "structure": "bridge", "chain_rank": 0, "cum_dist_start": 3850.0, "cum_dist_end": 3900.0, "anomaly": false}, "geometry": {"type": "LineString", "coordinates": [[139.68485908082815, 35.24058979339711], [139.68463258842743, 35.240462321688824], [139.6844030387149, 35.240338624349874]]}}, {"type": "Feature", "properties": {"id": "横浜横須賀道路-上り-0-78", "route": "横浜横須賀道路", "direction": "上り", "from": "浦賀ＩＣ", "to": "佐原ＩＣ", "grade": -0.31, "elevation_start": 28.6, "elevation_end": 28.4, "quality": "estimated", "structure": "bridge", "chain_rank": 0, "cum_dist_start": 3900.0, "cum_dist_end": 3950.0, "anomaly": false}, "geometry": {"type": "LineString", "coordinates": [[139.6844030387149, 35.240338624349874], [139.68417111112836, 35.24021793992097], [139.6839351035702, 35.24010272981554]]}}, {"type": "Feature", "properties": {"id": "横浜横須賀道路-上り-0-79", "route": "横浜横須賀道路", "direction": "上り", "from": "浦賀ＩＣ", "to": "佐原ＩＣ", "grade": -0.31, "elevation_start": 28.4, "elevation_end": 28.3, "quality": "estimated", "structure": "bridge", "chain_rank": 0, "cum_dist_start": 3950.0, "cum_dist_end": 4000.0, "anomaly": false}, "geometry": {"type": "LineString", "coordinates": [[139.6839351035702, 35.24010272981554], [139.68369444519485, 35.239994127767346], [139.68345309892098, 35.23988662403744]]}}, {"type": "Feature", "properties": {"id": "横浜横須賀道路-上り-0-80", "route": "横浜横須賀道路", "direction": "上り", "from": "浦賀ＩＣ", "to": "佐原ＩＣ", "grade": -0.31, "elevation_start": 28.3, "elevation_end": 28.1, "quality": "estimated", "structure": "bridge", "chain_rank": 0, "cum_dist_start": 4000.0, "cum_dist_end": 4050.0, "anomaly": false}, "geometry": {"type": "LineString", "coordinates": [[139.68345309892098, 35.23988662403744], [139.6832069237782, 35.239786701071544], [139.6829601996559, 35.23968768485199]]}}, {"type": "Feature", "properties": {"id": "横浜横須賀道路-上り-0-81", "route": "横浜横須賀道路", "direction": "上り", "from": "浦賀ＩＣ", "to": "佐原ＩＣ", "grade": -0.31, "elevation_start": 28.1, "elevation_end": 27.9, "quality": "estimated", "structure": "bridge", "chain_rank": 0, "cum_dist_start": 4050.0, "cum_dist_end": 4100.0, "anomaly": false}, "geometry": {"type": "LineString", "coordinates": [[139.6829601996559, 35.23968768485199], [139.68271347553363, 35.23958866863243], [139.68246347236428, 35.23949551743513]]}}, {"type": "Feature", "properties": {"id": "横浜横須賀道路-上り-0-82", "route": "横浜横須賀道路", "direction": "上り", "from": "浦賀ＩＣ", "to": "佐原ＩＣ", "grade": -0.31, "elevation_start": 27.9, "elevation_end": 27.8, "quality": "estimated", "structure": "bridge", "chain_rank": 0, "cum_dist_start": 4100.0, "cum_dist_end": 4150.0, "anomaly": false}, "geometry": {"type": "LineString", "coordinates": [[139.68246347236428, 35.23949551743513], [139.68221148396213, 35.23940587401332], [139.68195996501981, 35.23931534354053]]}}, {"type": "Feature", "properties": {"id": "横浜横須賀道路-上り-0-83", "route": "横浜横須賀道路", "direction": "上り", "from": "浦賀ＩＣ", "to": "佐原ＩＣ", "grade": -0.31, "elevation_start": 27.8, "elevation_end": 27.6, "quality": "estimated", "structure": "bridge", "chain_rank": 0, "cum_dist_start": 4150.0, "cum_dist_end": 4200.0, "anomaly": false}, "geometry": {"type": "LineString", "coordinates": [[139.68195996501981, 35.23931534354053], [139.6817084460775, 35.23922481306774], [139.68145692713517, 35.23913428259496]]}}, {"type": "Feature", "properties": {"id": "横浜横須賀道路-上り-0-84", "route": "横浜横須賀道路", "direction": "上り", "from": "浦賀ＩＣ", "to": "佐原ＩＣ", "grade": -0.31, "elevation_start": 27.6, "elevation_end": 27.5, "quality": "estimated", "structure": "bridge", "chain_rank": 0, "cum_dist_start": 4200.0, "cum_dist_end": 4250.0, "anomaly": false}, "geometry": {"type": "LineString", "coordinates": [[139.68145692713517, 35.23913428259496], [139.6812051892129, 35.239044165732096], [139.68095297826966, 35.23895494231256]]}}, {"type": "Feature", "properties": {"id": "横浜横須賀道路-上り-0-85", "route": "横浜横須賀道路", "direction": "上り", "from": "浦賀ＩＣ", "to": "佐原ＩＣ", "grade": -0.31, "elevation_start": 27.5, "elevation_end": 27.3, "quality": "estimated", "structure": "bridge", "chain_rank": 0, "cum_dist_start": 4250.0, "cum_dist_end": 4300.0, "anomaly": false}, "geometry": {"type": "LineString", "coordinates": [[139.68095297826966, 35.23895494231256], [139.68070076732639, 35.23886571889303], [139.68044821963, 35.23877714095118]]}}, {"type": "Feature", "properties": {"id": "横浜横須賀道路-上り-0-86", "route": "横浜横須賀道路", "direction": "上り", "from": "浦賀ＩＣ", "to": "佐原ＩＣ", "grade": -0.31, "elevation_start": 27.3, "elevation_end": 27.2, "quality": "estimated", "structure": "bridge", "chain_rank": 0, "cum_dist_start": 4300.0, "cum_dist_end": 4350.0, "anomaly": false}, "geometry": {"type": "LineString", "coordinates": [[139.68044821963, 35.23877714095118], [139.68019481654156, 35.23869024462734], [139.67994015270315, 35.23860584403894]]}}, {"type": "Feature", "properties": {"id": "横浜横須賀道路-上り-0-87", "route": "横浜横須賀道路", "direction": "上り", "from": "浦賀ＩＣ", "to": "佐原ＩＣ", "grade": -0.31, "elevation_start": 27.2, "elevation_end": 27.0, "quality": "estimated", "structure": "bridge", "chain_rank": 0, "cum_dist_start": 4350.0, "cum_dist_end": 4400.0, "anomaly": false}, "geometry": {"type": "LineString", "coordinates": [[139.67994015270315, 35.23860584403894], [139.67968468652185, 35.23852309129329], [139.67942861768947, 35.2384416097218]]}}, {"type": "Feature", "properties": {"id": "横浜横須賀道路-上り-0-88", "route": "横浜横須賀道路", "direction": "上り", "from": "浦賀ＩＣ", "to": "佐原ＩＣ", "grade": -0.31, "elevation_start": 27.0, "elevation_end": 26.9, "quality": "estimated", "structure": "bridge", "chain_rank": 0, "cum_dist_start": 4400.0, "cum_dist_end": 4450.0, "anomaly": false}, "geometry": {"type": "LineString", "coordinates": [[139.67942861768947, 35.2384416097218], [139.6791718522777, 35.2383616250052], [139.67891370971395, 35.23828466717582]]}}, {"type": "Feature", "properties": {"id": "横浜横須賀道路-上り-0-89", "route": "横浜横須賀道路", "direction": "上り", "from": "浦賀ＩＣ", "to": "佐原ＩＣ", "grade": -0.31, "elevation_start": 26.9, "elevation_end": 26.7, "quality": "estimated", "structure": "bridge", "chain_rank": 0, "cum_dist_start": 4450.0, "cum_dist_end": 4500.0, "anomaly": false}, "geometry": {"type": "LineString", "coordinates": [[139.67891370971395, 35.23828466717582], [139.67866449051672, 35.238191017783556], [139.67842931793976, 35.23807462233964]]}}, {"type": "Feature", "properties": {"id": "横浜横須賀道路-上り-0-90", "route": "横浜横須賀道路", "direction": "上り", "from": "浦賀ＩＣ", "to": "佐原ＩＣ", "grade": -0.31, "elevation_start": 26.7, "elevation_end": 26.6, "quality": "estimated", "structure": "bridge", "chain_rank": 0, "cum_dist_start": 4500.0, "cum_dist_end": 4550.0, "anomaly": false}, "geometry": {"type": "LineString", "coordinates": [[139.67842931793976, 35.23807462233964], [139.67817728443413, 35.23798615307785], [139.6779177264361, 35.23791263852112]]}}, {"type": "Feature", "properties": {"id": "横浜横須賀道路-上り-0-91", "route": "横浜横須賀道路", "direction": "上り", "from": "浦賀ＩＣ", "to": "佐原ＩＣ", "grade": -0.31, "elevation_start": 26.6, "elevation_end": 26.4, "quality": "estimated", "structure": "normal", "chain_rank": 0, "cum_dist_start": 4550.0, "cum_dist_end": 4600.0, "anomaly": false}, "geometry": {"type": "LineString", "coordinates": [[139.6779177264361, 35.23791263852112], [139.67765667519754, 35.237842623880034], [139.6773938699914, 35.237777149582016]]}}, {"type": "Feature", "properties": {"id": "横浜横須賀道路-上り-0-92", "route": "横浜横須賀道路", "direction": "上り", "from": "浦賀ＩＣ", "to": "佐原ＩＣ", "grade": -0.31, "elevation_start": 26.4, "elevation_end": 26.3, "quality": "estimated", "structure": "normal", "chain_rank": 0, "cum_dist_start": 4600.0, "cum_dist_end": 4650.0, "anomaly": false}, "geometry": {"type": "LineString", "coordinates": [[139.6773938699914, 35.237777149582016], [139.67713106478527, 35.23771167528399], [139.67686810042585, 35.23764666777859]]}}, {"type": "Feature", "properties": {"id": "横浜横須賀道路-上り-0-93", "route": "横浜横須賀道路", "direction": "上り", "from": "浦賀ＩＣ", "to": "佐原ＩＣ", "grade": 0.33, "elevation_start": 26.3, "elevation_end": 26.4, "quality": "estimated", "structure": "normal", "chain_rank": 0, "cum_dist_start": 4650.0, "cum_dist_end": 4700.0, "anomaly": false}, "geometry": {"type": "LineString", "coordinates": [[139.67686810042585, 35.23764666777859], [139.67660203782552, 35.23759074733663], [139.67633597522521, 35.23753482689467]]}}, {"type": "Feature", "properties": {"id": "横浜横須賀道路-上り-0-94", "route": "横浜横須賀道路", "direction": "上り", "from": "浦賀ＩＣ", "to": "佐原ＩＣ", "grade": 1.11, "elevation_start": 26.4, "elevation_end": 27.0, "quality": "measured", "structure": "normal", "chain_rank": 0, "cum_dist_start": 4700.0, "cum_dist_end": 4750.0, "anomaly": false}, "geometry": {"type": "LineString", "coordinates": [[139.67633597522521, 35.23753482689467], [139.67606944404707, 35.237480432895026], [139.67580172765324, 35.237430336670144]]}}, {"type": "Feature", "properties": {"id": "横浜横須賀道路-上り-0-95", "route": "横浜横須賀道路", "direction": "上り", "from": "浦賀ＩＣ", "to": "佐原ＩＣ", "grade": 1.49, "elevation_start": 27.0, "elevation_end": 27.7, "quality": "measured", "structure": "normal", "chain_rank": 0, "cum_dist_start": 4750.0, "cum_dist_end": 4800.0, "anomaly": false}, "geometry": {"type": "LineString", "coordinates": [[139.67580172765324, 35.237430336670144], [139.6755325448675, 35.23738558491197], [139.67526249554834, 35.2373448763698]]}}, {"type": "Feature", "properties": {"id": "横浜横須賀道路-上り-0-96", "route": "横浜横須賀道路", "direction": "上り", "from": "浦賀ＩＣ", "to": "佐原ＩＣ", "grade": 2.03, "elevation_start": 27.7, "elevation_end": 28.7, "quality": "measured", "structure": "normal", "chain_rank": 0, "cum_dist_start": 4800.0, "cum_dist_end": 4850.0, "anomaly": false}, "geometry": {"type": "LineString", "coordinates": [[139.67526249554834, 35.2373448763698], [139.6749903912468, 35.23731463012149], [139.67471713059675, 35.23729196646983]]}}, {"type": "Feature", "properties": {"id": "横浜横須賀道路-上り-0-97", "route": "横浜横須賀道路", "direction": "上り", "from": "浦賀ＩＣ", "to": "佐原ＩＣ", "grade": 2.05, "elevation_start": 28.7, "elevation_end": 29.8, "quality": "measured", "structure": "normal", "chain_rank": 0, "cum_dist_start": 4850.0, "cum_dist_end": 4900.0, "anomaly": false}, "geometry": {"type": "LineString", "coordinates": [[139.67471713059675, 35.23729196646983], [139.67444314381052, 35.23727735657397], [139.6741687755062, 35.237267364317326]]}}, {"type": "Feature", "properties": {"id": "横浜横須賀道路-上り-0-98", "route": "横浜横須賀道路", "direction": "上り", "from": "浦賀ＩＣ", "to": "佐原ＩＣ", "grade": 1.84, "elevation_start": 29.8, "elevation_end": 30.7, "quality": "measured", "structure": "normal", "chain_rank": 0, "cum_dist_start": 4900.0, "cum_dist_end": 4950.0, "anomaly": false}, "geometry": {"type": "LineString", "coordinates": [[139.6741687755062, 35.237267364317326], [139.67389412330675, 35.237266752733284], [139.67361950401684, 35.23726728339226]]}}, {"type": "Feature", "properties": {"id": "横浜横須賀道路-上り-0-99", "route": "横浜横須賀道路", "direction": "上り", "from": "浦賀ＩＣ", "to": "佐原ＩＣ", "grade": 1.06, "elevation_start": 30.7, "elevation_end": 31.2, "quality": "measured", "structure": "normal", "chain_rank": 0, "cum_dist_start": 4950.0, "cum_dist_end": 5000.0, "anomaly": false}, "geometry": {"type": "LineString", "coordinates": [[139.67361950401684, 35.23726728339226], [139.67334519381723, 35.23727854213367], [139.67307139711605, 35.237295788974194]]}}, {"type": "Feature", "properties": {"id": "横浜横須賀道路-上り-0-100", "route": "横浜横須賀道路", "direction": "上り", "from": "浦賀ＩＣ", "to": "佐原ＩＣ", "grade": 0.75, "elevation_start": 31.2, "elevation_end": 31.6, "quality": "measured", "structure": "normal", "chain_rank": 0, "cum_dist_start": 5000.0, "cum_dist_end": 5050.0, "anomaly": false}, "geometry": {"type": "LineString", "coordinates": [[139.67307139711605, 35.237295788974194], [139.67279786808703, 35.237316157241], [139.67252490353232, 35.237340471960884]]}}, {"type": "Feature", "properties": {"id": "横浜横須賀道路-上り-0-101", "route": "横浜横須賀道路", "direction": "上り", "from": "佐原ＩＣ", "to": "衣笠ＩＣ", "grade": 1.4, "elevation_start": 31.6, "elevation_end": 32.3, "quality": "estimated", "structure": "normal", "chain_rank": 0, "cum_dist_start": 5050.0, "cum_dist_end": 5100.0, "anomaly": false}, "geometry": {"type": "LineString", "coordinates": [[139.67252490353232, 35.237340471960884], [139.6722530589734, 35.23737261699384], [139.67198222105577, 35.23740990277883]]}}, {"type": "Feature", "properties": {"id": "横浜横須賀道路-上り-0-102", "route": "横浜横須賀道路", "direction": "上り", "from": "佐原ＩＣ", "to": "衣笠ＩＣ", "grade": 1.4, "elevation_start": 32.3, "elevation_end": 33.0, "quality": "estimated", "structure": "normal", "chain_rank": 0, "cum_dist_start": 5100.0, "cum_dist_end": 5150.0, "anomaly": false}, "geometry": {"type": "LineString", "coordinates": [[139.67198222105577, 35.23740990277883], [139.6717120048367, 35.23745015031475], [139.67144382762555, 35.237498794375085]]}}, {"type": "Feature", "properties": {"id": "横浜横須賀道路-上り-0-103", "route": "横浜横須賀道路", "direction": "上り", "from": "佐原ＩＣ", "to": "衣笠ＩＣ", "grade": 1.4, "elevation_start": 33.0, "elevation_end": 33.7, "quality": "estimated", "structure": "normal", "chain_rank": 0, "cum_dist_start": 5150.0, "cum_dist_end": 5200.0, "anomaly": false}, "geometry": {"type": "LineString", "coordinates": [[139.67144382762555, 35.237498794375085], [139.67117593175053, 35.237548474438235], [139.670909750731, 35.237603890536974]]}}, {"type": "Feature", "properties": {"id": "横浜横須賀道路-上り-0-104", "route": "横浜横須賀道路", "direction": "上り", "from": "佐原ＩＣ", "to": "衣笠ＩＣ", "grade": 1.4, "elevation_start": 33.7, "elevation_end": 34.4, "quality": "estimated", "structure": "bridge", "chain_rank": 0, "cum_dist_start": 5200.0, "cum_dist_end": 5250.0, "anomaly": false}, "geometry": {"type": "LineString", "coordinates": [[139.670909750731, 35.237603890536974], [139.67064442187854, 35.23766209186135], [139.67038038633214, 35.23772414437936]]}}, {"type": "Feature", "properties": {"id": "横浜横須賀道路-上り-0-105", "route": "横浜横須賀道路", "direction": "上り", "from": "佐原ＩＣ", "to": "衣笠ＩＣ", "grade": 1.4, "elevation_start": 34.4, "elevation_end": 35.1, "quality": "estimated", "structure": "bridge", "chain_rank": 0, "cum_dist_start": 5250.0, "cum_dist_end": 5300.0, "anomaly": false}, "geometry": {"type": "LineString", "coordinates": [[139.67038038633214, 35.23772414437936], [139.67011693583922, 35.237787838483186], [139.66985404629864, 35.2378530687277]]}}, {"type": "Feature", "properties": {"id": "横浜横須賀道路-上り-0-106", "route": "横浜横須賀道路", "direction": "上り", "from": "佐原ＩＣ", "to": "衣笠ＩＣ", "grade": 1.4, "elevation_start": 35.1, "elevation_end": 35.8, "quality": "estimated", "structure": "bridge", "chain_rank": 0, "cum_dist_start": 5300.0, "cum_dist_end": 5350.0, "anomaly": false}, "geometry": {"type": "LineString", "coordinates": [[139.66985404629864, 35.2378530687277], [139.66959211495754, 35.237920860694544], [139.6693301836164, 35.237988652661386]]}}, {"type": "Feature", "properties": {"id": "横浜横須賀道路-上り-0-107", "route": "横浜横須賀道路", "direction": "上り", "from": "佐原ＩＣ", "to": "衣笠ＩＣ", "grade": 1.4, "elevation_start": 35.8, "elevation_end": 36.5, "quality": "estimated", "structure": "bridge", "chain_rank": 0, "cum_dist_start": 5350.0, "cum_dist_end": 5400.0, "anomaly": false}, "geometry": {"type": "LineString", "coordinates": [[139.6693301836164, 35.237988652661386], [139.66906852265078, 35.23805713669777], [139.6688074152967, 35.23812703779205]]}}, {"type": "Feature", "properties": {"id": "横浜横須賀道路-上り-0-108", "route": "横浜横須賀道路", "direction": "上り", "from": "佐原ＩＣ", "to": "衣笠ＩＣ", "grade": 1.4, "elevation_start": 36.5, "elevation_end": 37.2, "quality": "estimated", "structure": "bridge", "chain_rank": 0, "cum_dist_start": 5400.0, "cum_dist_end": 5450.0, "anomaly": false}, "geometry": {"type": "LineString", "coordinates": [[139.6688074152967, 35.23812703779205], [139.66854630794265, 35.23819693888632], [139.66828520058857, 35.23826683998059]]}}, {"type": "Feature", "properties": {"id": "横浜横須賀道路-上り-0-109", "route": "横浜横須賀道路", "direction": "上り", "from": "佐原ＩＣ", "to": "衣笠ＩＣ", "grade": 1.4, "elevation_start": 37.2, "elevation_end": 37.9, "quality": "estimated", "structure": "bridge", "chain_rank": 0, "cum_dist_start": 5450.0, "cum_dist_end": 5500.0, "anomaly": false}, "geometry": {"type": "LineString", "coordinates": [[139.66828520058857, 35.23826683998059], [139.6680240932345, 35.23833674107486], [139.6677629422333, 35.23840653198154]]}}, {"type": "Feature", "properties": {"id": "横浜横須賀道路-上り-0-110", "route": "横浜横須賀道路", "direction": "上り", "from": "佐原ＩＣ", "to": "衣笠ＩＣ", "grade": 1.4, "elevation_start": 37.9, "elevation_end": 38.6, "quality": "estimated", "structure": "normal", "chain_rank": 0, "cum_dist_start": 5500.0, "cum_dist_end": 5550.0, "anomaly": false}, "geometry": {"type": "LineString", "coordinates": [[139.6677629422333, 35.23840653198154], [139.66750146016548, 35.23847548710754], [139.66723997809768, 35.23854444223355]]}}, {"type": "Feature", "properties": {"id": "横浜横須賀道路-上り-0-111", "route": "横浜横須賀道路", "direction": "上り", "from": "佐原ＩＣ", "to": "衣笠ＩＣ", "grade": 1.4, "elevation_start": 38.6, "elevation_end": 39.3, "quality": "estimated", "structure": "normal", "chain_rank": 0, "cum_dist_start": 5550.0, "cum_dist_end": 5600.0, "anomaly": false}, "geometry": {"type": "LineString", "coordinates": [[139.66723997809768, 35.23854444223355], [139.66697849602988, 35.23861339735955], [139.66671701396209, 35.238682352485554]]}}, {"type": "Feature", "properties": {"id": "横浜横須賀道路-上り-0-112", "route": "横浜横須賀道路", "direction": "上り", "from": "佐原ＩＣ", "to": "衣笠ＩＣ", "grade": 1.4, "elevation_start": 39.3, "elevation_end": 39.9, "quality": "estimated", "structure": "normal", "chain_rank": 0, "cum_dist_start": 5600.0, "cum_dist_end": 5650.0, "anomaly": false}, "geometry": {"type": "LineString", "coordinates": [[139.66671701396209, 35.238682352485554], [139.6664555318943, 35.23875130761156], [139.6661940498265, 35.23882026273756]]}}, {"type": "Feature", "properties": {"id": "横浜横須賀道路-上り-0-113", "route": "横浜横須賀道路", "direction": "上り", "from": "佐原ＩＣ", "to": "衣笠ＩＣ", "grade": 0.61, "elevation_start": 39.9, "elevation_end": 40.3, "quality": "measured", "structure": "normal", "chain_rank": 0, "cum_dist_start": 5650.0, "cum_dist_end": 5700.0, "anomaly": false}, "geometry": {"type": "LineString", "coordinates": [[139.6661940498265, 35.23882026273756], [139.6659329248629, 35.23889012332815], [139.66567196319403, 35.23896039796479]]}}, {"type": "Feature", "properties": {"id": "横浜横須賀道路-上り-0-114", "route": "横浜横須賀道路", "direction": "上り", "from": "佐原ＩＣ", "to": "衣笠ＩＣ", "grade": 0.39, "elevation_start": 40.3, "elevation_end": 40.5, "quality": "measured", "structure": "normal", "chain_rank": 0, "cum_dist_start": 5700.0, "cum_dist_end": 5750.0, "anomaly": false}, "geometry": {"type": "LineString", "coordinates": [[139.66567196319403, 35.23896039796479], [139.66541100152517, 35.23903067260143], [139.66515003985631, 35.239100947238065]]}}, {"type": "Feature", "properties": {"id": "横浜横須賀道路-上り-0-115", "route": "横浜横須賀道路", "direction": "上り", "from": "佐原ＩＣ", "to": "衣笠ＩＣ", "grade": 0.79, "elevation_start": 40.5, "elevation_end": 40.8, "quality": "measured", "structure": "normal", "chain_rank": 0, "cum_dist_start": 5750.0, "cum_dist_end": 5800.0, "anomaly": false}, "geometry": {"type": "LineString", "coordinates": [[139.66515003985631, 35.239100947238065], [139.66488907818746, 35.239171221874706], [139.6646281165186, 35.23924149651135]]}}, {"type": "Feature", "properties": {"id": "横浜横須賀道路-上り-0-116", "route": "横浜横須賀道路", "direction": "上り", "from": "佐原ＩＣ", "to": "衣笠ＩＣ", "grade": 0.5, "elevation_start": 40.8, "elevation_end": 41.1, "quality": "measured", "structure": "normal", "chain_rank": 0, "cum_dist_start": 5800.0, "cum_dist_end": 5850.0, "anomaly": false}, "geometry": {"type": "LineString", "coordinates": [[139.6646281165186, 35.23924149651135], [139.66436715484974, 35.23931177114799], [139.66410619318088, 35.23938204578463]]}}, {"type": "Feature", "properties": {"id": "横浜横須賀道路-上り-0-117", "route": "横浜横須賀道路", "direction": "上り", "from": "佐原ＩＣ", "to": "衣笠ＩＣ", "grade": 0.9, "elevation_start": 41.1, "elevation_end": 41.5, "quality": "estimated", "structure": "normal", "chain_rank": 0, "cum_dist_start": 5850.0, "cum_dist_end": 5900.0, "anomaly": false}, "geometry": {"type": "LineString", "coordinates": [[139.66410619318088, 35.23938204578463], [139.66384523151203, 35.239452320421265], [139.66358426984317, 35.239522595057906]]}}, {"type": "Feature", "properties": {"id": "横浜横須賀道路-上り-0-118", "route": "横浜横須賀道路", "direction": "上り", "from": "佐原ＩＣ", "to": "衣笠ＩＣ", "grade": 1.33, "elevation_start": 41.5, "elevation_end": 42.2, "quality": "estimated", "structure": "normal", "chain_rank": 0, "cum_dist_start": 5900.0, "cum_dist_end": 5950.0, "anomaly": false}, "geometry": {"type": "LineString", "coordinates": [[139.66358426984317, 35.239522595057906], [139.66332330817428, 35.23959286969455], [139.66306234650543, 35.23966314433119]]}}, {"type": "Feature", "properties": {"id": "横浜横須賀道路-上り-0-119", "route": "横浜横須賀道路", "direction": "上り", "from": "佐原ＩＣ", "to": "衣笠ＩＣ", "grade": 1.33, "elevation_start": 42.2, "elevation_end": 42.9, "quality": "estimated", "structure": "normal", "chain_rank": 0, "cum_dist_start": 5950.0, "cum_dist_end": 6000.0, "anomaly": false}, "geometry": {"type": "LineString", "coordinates": [[139.66306234650543, 35.23966314433119], [139.6628019501058, 35.23973481964679], [139.66254158562134, 35.2398065740449]]}}, {"type": "Feature", "properties": {"id": "横浜横須賀道路-上り-0-120", "route": "横浜横須賀道路", "direction": "上り", "from": "佐原ＩＣ", "to": "衣笠ＩＣ", "grade": 1.33, "elevation_start": 42.9, "elevation_end": 43.5, "quality": "estimated", "structure": "bridge", "chain_rank": 0, "cum_dist_start": 6000.0, "cum_dist_end": 6050.0, "anomaly": false}, "geometry": {"type": "LineString", "coordinates": [[139.66254158562134, 35.2398065740449], [139.66228122113688, 35.239878328443005], [139.66202092994112, 35.23995025854762]]}}, {"type": "Feature", "properties": {"id": "横浜横須賀道路-上り-0-121", "route": "横浜横須賀道路", "direction": "上り", "from": "佐原ＩＣ", "to": "衣笠ＩＣ", "grade": 1.33, "elevation_start": 43.5, "elevation_end": 44.2, "quality": "estimated", "structure": "bridge", "chain_rank": 0, "cum_dist_start": 6050.0, "cum_dist_end": 6100.0, "anomaly": false}, "geometry": {"type": "LineString", "coordinates": [[139.66202092994112, 35.23995025854762], [139.66176160007228, 35.240024493392156], [139.66150351044837, 35.240101551407186]]}}, {"type": "Feature", "properties": {"id": "横浜横須賀道路-上り-0-122", "route": "横浜横須賀道路", "direction": "上り", "from": "佐原ＩＣ", "to": "衣笠ＩＣ", "grade": 1.33, "elevation_start": 44.2, "elevation_end": 44.9, "quality": "estimated", "structure": "bridge", "chain_rank": 0, "cum_dist_start": 6100.0, "cum_dist_end": 6150.0, "anomaly": false}, "geometry": {"type": "LineString", "coordinates": [[139.66150351044837, 35.240101551407186], [139.66124681649052, 35.240181655326246], [139.66099281369966, 35.24026739728653]]}}, {"type": "Feature", "properties": {"id": "横浜横須賀道路-上り-0-123", "route": "横浜横須賀道路", "direction": "上り", "from": "佐原ＩＣ", "to": "衣笠ＩＣ", "grade": 1.33, "elevation_start": 44.9, "elevation_end": 45.5, "quality": "estimated", "structure": "bridge", "chain_rank": 0, "cum_dist_start": 6150.0, "cum_dist_end": 6200.0, "anomaly": false}, "geometry": {"type": "LineString", "coordinates": [[139.66099281369966, 35.24026739728653], [139.6607388109088, 35.240353139246814], [139.66048650932382, 35.2404421577087]]}}, {"type": "Feature", "properties": {"id": "横浜横須賀道路-上り-0-124", "route": "横浜横須賀道路", "direction": "上り", "from": "佐原ＩＣ", "to": "衣笠ＩＣ", "grade": 1.33, "elevation_start": 45.5, "elevation_end": 46.2, "quality": "estimated", "structure": "normal", "chain_rank": 0, "cum_dist_start": 6200.0, "cum_dist_end": 6250.0, "anomaly": false}, "geometry": {"type": "LineString", "coordinates": [[139.66048650932382, 35.2404421577087], [139.66023615520714, 35.24053482637278], [139.65998658721824, 35.2406289281017]]}}, {"type": "Feature", "properties": {"id": "横浜横須賀道路-上り-0-125", "route": "横浜横須賀道路", "direction": "上り", "from": "佐原ＩＣ", "to": "衣笠ＩＣ", "grade": 1.33, "elevation_start": 46.2, "elevation_end": 46.9, "quality": "estimated", "structure": "normal", "chain_rank": 0, "cum_dist_start": 6250.0, "cum_dist_end": 6300.0, "anomaly": false}, "geometry": {"type": "LineString", "coordinates": [[139.65998658721824, 35.2406289281017], [139.65973819246443, 35.240725063014224], [139.65949130874267, 35.24082381650293]]}}, {"type": "Feature", "properties": {"id": "横浜横須賀道路-上り-0-126", "route": "横浜横須賀道路", "direction": "上り", "from": "佐原ＩＣ", "to": "衣笠ＩＣ", "grade": 1.33, "elevation_start": 46.9, "elevation_end": 47.5, "quality": "estimated", "structure": "normal", "chain_rank": 0, "cum_dist_start": 6300.0, "cum_dist_end": 6350.0, "anomaly": false}, "geometry": {"type": "LineString", "coordinates": [[139.65949130874267, 35.24082381650293], [139.6592469073266, 35.240926627818865], [139.6590038250178, 35.24103150930025]]}}, {"type": "Feature", "properties": {"id": "横浜横須賀道路-上り-0-127", "route": "横浜横須賀道路", "direction": "上り", "from": "衣笠ＩＣ", "to": "横須賀ＰＡ", "grade": 0.62, "elevation_start": 47.5, "elevation_end": 47.9, "quality": "measured", "structure": "normal", "chain_rank": 0, "cum_dist_start": 6350.0, "cum_dist_end": 6400.0, "anomaly": false}, "geometry": {"type": "LineString", "coordinates": [[139.6590038250178, 35.24103150930025], [139.65876076123578, 35.24113639773783], [139.6585194492645, 35.24124395783948]]}}, {"type": "Feature", "properties": {"id": "横浜横須賀道路-上り-0-128", "route": "横浜横須賀道路", "direction": "上り", "from": "衣笠ＩＣ", "to": "横須賀ＰＡ", "grade": 0.0, "elevation_start": 47.9, "elevation_end": 47.9, "quality": "measured", "structure": "normal", "chain_rank": 0, "cum_dist_start": 6400.0, "cum_dist_end": 6450.0, "anomaly": false}, "geometry": {"type": "LineString", "coordinates": [[139.6585194492645, 35.24124395783948], [139.65828122957797, 35.24135610587898], [139.6580462540393, 35.24147278912759]]}}, {"type": "Feature", "properties": {"id": "横浜横須賀道路-上り-0-129", "route": "横浜横須賀道路", "direction": "上り", "from": "衣笠ＩＣ", "to": "横須賀ＰＡ", "grade": 0.7, "elevation_start": 47.9, "elevation_end": 48.2, "quality": "measured", "structure": "normal", "chain_rank": 0, "cum_dist_start": 6450.0, "cum_dist_end": 6500.0, "anomaly": false}, "geometry": {"type": "LineString", "coordinates": [[139.6580462540393, 35.24147278912759], [139.65781133994847, 35.2415895559345], [139.6575765717988, 35.24170652119597]]}}, {"type": "Feature", "properties": {"id": "横浜横須賀道路-上り-0-130", "route": "横浜横須賀道路", "direction": "上り", "from": "衣笠ＩＣ", "to": "横須賀ＰＡ", "grade": 2.27, "elevation_start": 48.2, "elevation_end": 49.3, "quality": "estimated", "structure": "normal", "chain_rank": 0, "cum_dist_start": 6500.0, "cum_dist_end": 6550.0, "anomaly": false}, "geometry": {"type": "LineString", "coordinates": [[139.6575765717988, 35.24170652119597], [139.6573418036492, 35.241823486457434], [139.65710703549956, 35.241940451718904]]}}, {"type": "Feature", "properties": {"id": "横浜横須賀道路-上り-0-131", "route": "横浜横須賀道路", "direction": "上り", "from": "衣笠ＩＣ", "to": "横須賀ＰＡ", "grade": 2.27, "elevation_start": 49.3, "elevation_end": 50.5, "quality": "estimated", "structure": "normal", "chain_rank": 0, "cum_dist_start": 6550.0, "cum_dist_end": 6600.0, "anomaly": false}, "geometry": {"type": "LineString", "coordinates": [[139.65710703549956, 35.241940451718904], [139.6568722673499, 35.24205741698037], [139.65664224716662, 35.242180397224836]]}}, {"type": "Feature", "properties": {"id": "横浜横須賀道路-上り-0-132", "route": "横浜横須賀道路", "direction": "上り", "from": "衣笠ＩＣ", "to": "横須賀ＰＡ", "grade": 2.27, "elevation_start": 50.5, "elevation_end": 51.6, "quality": "estimated", "structure": "normal", "chain_rank": 0, "cum_dist_start": 6600.0, "cum_dist_end": 6650.0, "anomaly": false}, "geometry": {"type": "LineString", "coordinates": [[139.65664224716662, 35.242180397224836], [139.65641344063627, 35.24230506257692], [139.6561846341059, 35.24242972792901]]}}, {"type": "Feature", "properties": {"id": "横浜横須賀道路-上り-0-133", "route": "横浜横須賀道路", "direction": "上り", "from": "衣笠ＩＣ", "to": "横須賀ＰＡ", "grade": 2.27, "elevation_start": 51.6, "elevation_end": 52.7, "quality": "estimated", "structure": "bridge", "chain_rank": 0, "cum_dist_start": 6650.0, "cum_dist_end": 6700.0, "anomaly": false}, "geometry": {"type": "LineString", "coordinates": [[139.6561846341059, 35.24242972792901], [139.65595582757555, 35.2425543932811], [139.65572623128753, 35.24267806757635]]}}, {"type": "Feature", "properties": {"id": "横浜横須賀道路-上り-0-134", "route": "横浜横須賀道路", "direction": "上り", "from": "衣笠ＩＣ", "to": "横須賀ＰＡ", "grade": 2.27, "elevation_start": 52.7, "elevation_end": 53.9, "quality": "estimated", "structure": "bridge", "chain_rank": 0, "cum_dist_start": 6700.0, "cum_dist_end": 6750.0, "anomaly": false}, "geometry": {"type": "LineString", "coordinates": [[139.65572623128753, 35.24267806757635], [139.6554951540348, 35.24279988342787], [139.65526407678212, 35.2429216992794]]}}, {"type": "Feature", "properties": {"id": "横浜横須賀道路-上り-0-135", "route": "横浜横須賀道路", "direction": "上り", "from": "衣笠ＩＣ", "to": "横須賀ＰＡ", "grade": 2.27, "elevation_start": 53.9, "elevation_end": 55.0, "quality": "estimated", "structure": "bridge", "chain_rank": 0, "cum_dist_start": 6750.0, "cum_dist_end": 6800.0, "anomaly": false}, "geometry": {"type": "LineString", "coordinates": [[139.65526407678212, 35.2429216992794], [139.6550329995294, 35.24304351513093], [139.6548019222767, 35.24316533098246]]}}, {"type": "Feature", "properties": {"id": "横浜横須賀道路-上り-0-136", "route": "横浜横須賀道路", "direction": "上り", "from": "衣笠ＩＣ", "to": "横須賀ＰＡ", "grade": 2.27, "elevation_start": 55.0, "elevation_end": 56.1, "quality": "estimated", "structure": "bridge", "chain_rank": 0, "cum_dist_start": 6800.0, "cum_dist_end": 6850.0, "anomaly": false}, "geometry": {"type": "LineString", "coordinates": [[139.6548019222767, 35.24316533098246], [139.65457087876158, 35.243287190968914], [139.65433991184773, 35.243409151163824]]}}, {"type": "Feature", "properties": {"id": "横浜横須賀道路-上り-0-137", "route": "横浜横須賀道路", "direction": "上り", "from": "衣笠ＩＣ", "to": "横須賀ＰＡ", "grade": 2.27, "elevation_start": 56.1, "elevation_end": 57.3, "quality": "estimated", "structure": "normal", "chain_rank": 0, "cum_dist_start": 6850.0, "cum_dist_end": 6900.0, "anomaly": false}, "geometry": {"type": "LineString", "coordinates": [[139.65433991184773, 35.243409151163824], [139.65410894493388, 35.243531111358735], [139.65387797802006, 35.243653071553645]]}}, {"type": "Feature", "properties": {"id": "横浜横須賀道路-上り-0-138", "route": "横浜横須賀道路", "direction": "上り", "from": "衣笠ＩＣ", "to": "横須賀ＰＡ", "grade": 2.27, "elevation_start": 57.3, "elevation_end": 58.4, "quality": "estimated", "structure": "normal", "chain_rank": 0, "cum_dist_start": 6900.0, "cum_dist_end": 6950.0, "anomaly": false}, "geometry": {"type": "LineString", "coordinates": [[139.65387797802006, 35.243653071553645], [139.65364701110622, 35.243775031748555], [139.65341604419237, 35.24389699194347]]}}, {"type": "Feature", "properties": {"id": "横浜横須賀道路-上り-0-139", "route": "横浜横須賀道路", "direction": "上り", "from": "衣笠ＩＣ", "to": "横須賀ＰＡ", "grade": 1.72, "elevation_start": 58.4, "elevation_end": 59.3, "quality": "estimated", "structure": "normal", "chain_rank": 0, "cum_dist_start": 6950.0, "cum_dist_end": 7000.0, "anomaly": false}, "geometry": {"type": "LineString", "coordinates": [[139.65341604419237, 35.24389699194347], [139.65318507727852, 35.24401895213838], [139.6529541103647, 35.24414091233329]]}}, {"type": "Feature", "properties": {"id": "横浜横須賀道路-上り-0-140", "route": "横浜横須賀道路", "direction": "上り", "from": "衣笠ＩＣ", "to": "横須賀ＰＡ", "grade": 1.18, "elevation_start": 59.3, "elevation_end": 59.9, "quality": "measured", "structure": "normal", "chain_rank": 0, "cum_dist_start": 7000.0, "cum_dist_end": 7050.0, "anomaly": false}, "geometry": {"type": "LineString", "coordinates": [[139.6529541103647, 35.24414091233329], [139.65272314345086, 35.2442628725282], [139.652492176537, 35.244384832723114]]}}, {"type": "Feature", "properties": {"id": "横浜横須賀道路-上り-0-141", "route": "横浜横須賀道路", "direction": "上り", "from": "衣笠ＩＣ", "to": "横須賀ＰＡ", "grade": 1.92, "elevation_start": 59.9, "elevation_end": 60.8, "quality": "measured", "structure": "normal", "chain_rank": 0, "cum_dist_start": 7050.0, "cum_dist_end": 7100.0, "anomaly": false}, "geometry": {"type": "LineString", "coordinates": [[139.652492176537, 35.244384832723114], [139.65226120962316, 35.24450679291803], [139.65203024270934, 35.24462875311294]]}}, {"type": "Feature", "properties": {"id": "横浜横須賀道路-上り-0-142", "route": "横浜横須賀道路", "direction": "上り", "from": "衣笠ＩＣ", "to": "横須賀ＰＡ", "grade": 2.74, "elevation_start": 60.8, "elevation_end": 62.2, "quality": "measured", "structure": "normal", "chain_rank": 0, "cum_dist_start": 7100.0, "cum_dist_end": 7150.0, "anomaly": false}, "geometry": {"type": "LineString", "coordinates": [[139.65203024270934, 35.24462875311294], [139.65179944145925, 35.244750929060935], [139.65156864618598, 35.24487311279292]]}}, {"type": "Feature", "properties": {"id": "横浜横須賀道路-上り-0-143", "route": "横浜横須賀道路", "direction": "上り", "from": "衣笠ＩＣ", "to": "横須賀ＰＡ", "grade": 2.86, "elevation_start": 62.2, "elevation_end": 63.6, "quality": "measured", "structure": "normal", "chain_rank": 0, "cum_dist_start": 7150.0, "cum_dist_end": 7200.0, "anomaly": false}, "geometry": {"type": "LineString", "coordinates": [[139.65156864618598, 35.24487311279292], [139.65133785091274, 35.2449952965249], [139.6511070556395, 35.24511748025689]]}}, {"type": "Feature", "properties": {"id": "横浜横須賀道路-上り-0-144", "route": "横浜横須賀道路", "direction": "上り", "from": "衣笠ＩＣ", "to": "横須賀ＰＡ", "grade": 2.6, "elevation_start": 63.6, "elevation_end": 64.9, "quality": "measured", "structure": "normal", "chain_rank": 0, "cum_dist_start": 7200.0, "cum_dist_end": 7250.0, "anomaly": false}, "geometry": {"type": "LineString", "coordinates": [[139.6511070556395, 35.24511748025689], [139.65087626036623, 35.24523966398887], [139.650645465093, 35.24536184772085]]}}, {"type": "Feature", "properties": {"id": "横浜横須賀道路-上り-0-145", "route": "横浜横須賀道路", "direction": "上り", "from": "衣笠ＩＣ", "to": "横須賀ＰＡ", "grade": 2.98, "elevation_start": 64.9, "elevation_end": 66.4, "quality": "measured", "structure": "normal", "chain_rank": 0, "cum_dist_start": 7250.0, "cum_dist_end": 7300.0, "anomaly": false}, "geometry": {"type": "LineString", "coordinates": [[139.650645465093, 35.24536184772085], [139.65041466981975, 35.24548403145283], [139.6501838745465, 35.245606215184814]]}}, {"type": "Feature", "properties": {"id": "横浜横須賀道路-上り-0-146", "route": "横浜横須賀道路", "direction": "上り", "from": "衣笠ＩＣ", "to": "横須賀ＰＡ", "grade": 3.07, "elevation_start": 66.4, "elevation_end": 67.9, "quality": "measured", "structure": "normal", "chain_rank": 0, "cum_dist_start": 7300.0, "cum_dist_end": 7350.0, "anomaly": false}, "geometry": {"type": "LineString", "coordinates": [[139.6501838745465, 35.245606215184814], [139.64995307927325, 35.2457283989168], [139.649722284, 35.245850582648785]]}}, {"type": "Feature", "properties": {"id": "横浜横須賀道路-上り-0-147", "route": "横浜横須賀道路", "direction": "上り", "from": "衣笠ＩＣ", "to": "横須賀ＰＡ", "grade": 2.44, "elevation_start": 67.9, "elevation_end": 69.2, "quality": "measured", "structure": "normal", "chain_rank": 0, "cum_dist_start": 7350.0, "cum_dist_end": 7400.0, "anomaly": false}, "geometry": {"type": "LineString", "coordinates": [[139.649722284, 35.245850582648785], [139.64949148872677, 35.24597276638077], [139.6492609314401, 35.24609525080703]]}}, {"type": "Feature", "properties": {"id": "横浜横須賀道路-上り-0-148", "route": "横浜横須賀道路", "direction": "上り", "from": "衣笠ＩＣ", "to": "横須賀ＰＡ", "grade": 2.18, "elevation_start": 69.2, "elevation_end": 70.3, "quality": "measured", "structure": "normal", "chain_rank": 0, "cum_dist_start": 7400.0, "cum_dist_end": 7450.0, "anomaly": false}, "geometry": {"type": "LineString", "coordinates": [[139.6492609314401, 35.24609525080703], [139.64903129234804, 35.24621889536543], [139.648801653256, 35.24634253992383]]}}, {"type": "Feature", "properties": {"id": "横浜横須賀道路-上り-0-149", "route": "横浜横須賀道路", "direction": "上り", "from": "衣笠ＩＣ", "to": "横須賀ＰＡ", "grade": 1.75, "elevation_start": 70.3, "elevation_end": 71.1, "quality": "measured", "structure": "normal", "chain_rank": 0, "cum_dist_start": 7450.0, "cum_dist_end": 7500.0, "anomaly": false}, "geometry": {"type": "LineString", "coordinates": [[139.648801653256, 35.24634253992383], [139.64857201416393, 35.24646618448223], [139.64834237507188, 35.24658982904063]]}}, {"type": "Feature", "properties": {"id": "横浜横須賀道路-上り-0-150", "route": "横浜横須賀道路", "direction": "上り", "from": "衣笠ＩＣ", "to": "横須賀ＰＡ", "grade": 1.31, "elevation_start": 71.1, "elevation_end": 71.8, "quality": "measured", "structure": "normal", "chain_rank": 0, "cum_dist_start": 7500.0, "cum_dist_end": 7550.0, "anomaly": false}, "geometry": {"type": "LineString", "coordinates": [[139.64834237507188, 35.24658982904063], [139.6481157033407, 35.24671710421625], [139.64788913007126, 35.2468444998615]]}}, {"type": "Feature", "properties": {"id": "横浜横須賀道路-上り-0-151", "route": "横浜横須賀道路", "direction": "上り", "from": "衣笠ＩＣ", "to": "横須賀ＰＡ", "grade": 0.96, "elevation_start": 71.8, "elevation_end": 72.3, "quality": "measured", "structure": "normal", "chain_rank": 0, "cum_dist_start": 7550.0, "cum_dist_end": 7600.0, "anomaly": false}, "geometry": {"type": "LineString", "coordinates": [[139.64788913007126, 35.2468444998615], [139.64766255680183, 35.24697189550675], [139.64743858145857, 35.24710228822427]]}}, {"type": "Feature", "properties": {"id": "横浜横須賀道路-上り-0-152", "route": "横浜横須賀道路", "direction": "上り", "from": "衣笠ＩＣ", "to": "横須賀ＰＡ", "grade": 0.56, "elevation_start": 72.3, "elevation_end": 72.5, "quality": "measured", "structure": "normal", "chain_rank": 0, "cum_dist_start": 7600.0, "cum_dist_end": 7650.0, "anomaly": false}, "geometry": {"type": "LineString", "coordinates": [[139.64743858145857, 35.24710228822427], [139.64721753428896, 35.247236059000784], [139.64699648711934, 35.247369829777305]]}}, {"type": "Feature", "properties": {"id": "横浜横須賀道路-上り-0-153", "route": "横浜横須賀道路", "direction": "上り", "from": "衣笠ＩＣ", "to": "横須賀ＰＡ", "grade": 0.24, "elevation_start": 72.5, "elevation_end": 72.7, "quality": "measured", "structure": "normal", "chain_rank": 0, "cum_dist_start": 7650.0, "cum_dist_end": 7700.0, "anomaly": false}, "geometry": {"type": "LineString", "coordinates": [[139.64699648711934, 35.247369829777305], [139.6467792276668, 35.24750767394062], [139.6465635592963, 35.24764722918541]]}}, {"type": "Feature", "properties": {"id": "横浜横須賀道路-上り-0-154", "route": "横浜横須賀道路", "direction": "上り", "from": "衣笠ＩＣ", "to": "横須賀ＰＡ", "grade": -0.11, "elevation_start": 72.7, "elevation_end": 72.6, "quality": "measured", "structure": "normal", "chain_rank": 0, "cum_dist_start": 7700.0, "cum_dist_end": 7750.0, "anomaly": false}, "geometry": {"type": "LineString", "coordinates": [[139.6465635592963, 35.24764722918541], [139.6463497928142, 35.247788708765626], [139.64613879036887, 35.24793298500525]]}}, {"type": "Feature", "properties": {"id": "横浜横須賀道路-上り-0-155", "route": "横浜横須賀道路", "direction": "上り", "from": "衣笠ＩＣ", "to": "横須賀ＰＡ", "grade": -0.54, "elevation_start": 72.6, "elevation_end": 72.3, "quality": "measured", "structure": "normal", "chain_rank": 0, "cum_dist_start": 7750.0, "cum_dist_end": 7800.0, "anomaly": false}, "geometry": {"type": "LineString", "coordinates": [[139.64613879036887, 35.24793298500525], [139.64592778792357, 35.248077261244866], [139.6457222582662, 35.24822675955025]]}}, {"type": "Feature", "properties": {"id": "横浜横須賀道路-上り-0-156", "route": "横浜横須賀道路", "direction": "上り", "from": "衣笠ＩＣ", "to": "横須賀ＰＡ", "grade": -0.98, "elevation_start": 72.3, "elevation_end": 71.9, "quality": "measured", "structure": "normal", "chain_rank": 0, "cum_dist_start": 7800.0, "cum_dist_end": 7850.0, "anomaly": false}, "geometry": {"type": "LineString", "coordinates": [[139.6457222582662, 35.24822675955025], [139.6455167491219, 35.24837627742891], [139.64531440145336, 35.2485286361679]]}}, {"type": "Feature", "properties": {"id": "横浜横須賀道路-上り-0-157", "route": "横浜横須賀道路", "direction": "上り", "from": "衣笠ＩＣ", "to": "横須賀ＰＡ", "grade": -1.33, "elevation_start": 71.9, "elevation_end": 71.2, "quality": "measured", "structure": "normal", "chain_rank": 0, "cum_dist_start": 7850.0, "cum_dist_end": 7900.0, "anomaly": false}, "geometry": {"type": "LineString", "coordinates": [[139.64531440145336, 35.2485286361679], [139.64511424590216, 35.24868296471454], [139.64491494333697, 35.24883802514144]]}}, {"type": "Feature", "properties": {"id": "横浜横須賀道路-上り-0-158", "route": "横浜横須賀道路", "direction": "上り", "from": "衣笠ＩＣ", "to": "横須賀ＰＡ", "grade": -1.62, "elevation_start": 71.2, "elevation_end": 70.4, "quality": "measured", "structure": "normal", "chain_rank": 0, "cum_dist_start": 7900.0, "cum_dist_end": 7950.0, "anomaly": false}, "geometry": {"type": "LineString", "coordinates": [[139.64491494333697, 35.24883802514144], [139.64471809588574, 35.248995192108794], [139.6445212484345, 35.24915235907615]]}}, {"type": "Feature", "properties": {"id": "横浜横須賀道路-上り-0-159", "route": "横浜横須賀道路", "direction": "上り", "from": "衣笠ＩＣ", "to": "横須賀ＰＡ", "grade": -1.94, "elevation_start": 70.4, "elevation_end": 69.4, "quality": "measured", "structure": "normal", "chain_rank": 0, "cum_dist_start": 7950.0, "cum_dist_end": 8000.0, "anomaly": false}, "geometry": {"type": "LineString", "coordinates": [[139.6445212484345, 35.24915235907615], [139.64432440098327, 35.2493095260435], [139.64412755353203, 35.24946669301085]]}}, {"type": "Feature", "properties": {"id": "横浜横須賀道路-上り-0-160", "route": "横浜横須賀道路", "direction": "上り", "from": "衣笠ＩＣ", "to": "横須賀ＰＡ", "grade": -2.5, "elevation_start": 69.4, "elevation_end": 68.2, "quality": "measured", "structure": "normal", "chain_rank": 0, "cum_dist_start": 8000.0, "cum_dist_end": 8050.0, "anomaly": false}, "geometry": {"type": "LineString", "coordinates": [[139.64412755353203, 35.24946669301085], [139.64393091372747, 35.2496240312629], [139.64373832675804, 35.24978471263908]]}}, {"type": "Feature", "properties": {"id": "横浜横須賀道路-上り-0-161", "route": "横浜横須賀道路", "direction": "上り", "from": "衣笠ＩＣ", "to": "横須賀ＰＡ", "grade": -3.02, "elevation_start": 68.2, "elevation_end": 66.6, "quality": "measured", "structure": "normal", "chain_rank": 0, "cum_dist_start": 8050.0, "cum_dist_end": 8100.0, "anomaly": false}, "geometry": {"type": "LineString", "coordinates": [[139.64373832675804, 35.24978471263908], [139.6435457397886, 35.249945394015256], [139.64335315281917, 35.250106075391436]]}}, {"type": "Feature", "properties": {"id": "横浜横須賀道路-上り-0-162", "route": "横浜横須賀道路", "direction": "上り", "from": "衣笠ＩＣ", "to": "横須賀ＰＡ", "grade": -2.86, "elevation_start": 66.6, "elevation_end": 65.2, "quality": "measured", "structure": "normal", "chain_rank": 0, "cum_dist_start": 8100.0, "cum_dist_end": 8150.0, "anomaly": false}, "geometry": {"type": "LineString", "coordinates": [[139.64335315281917, 35.250106075391436], [139.64316056584974, 35.25026675676762], [139.6429679788803, 35.2504274381438]]}}, {"type": "Feature", "properties": {"id": "横浜横須賀道路-上り-0-163", "route": "横浜横須賀道路", "direction": "上り", "from": "衣笠ＩＣ", "to": "横須賀ＰＡ", "grade": -2.41, "elevation_start": 65.2, "elevation_end": 64.0, "quality": "measured", "structure": "normal", "chain_rank": 0, "cum_dist_start": 8150.0, "cum_dist_end": 8200.0, "anomaly": false}, "geometry": {"type": "LineString", "coordinates": [[139.6429679788803, 35.2504274381438], [139.6427753919109, 35.25058811951998], [139.64258265801945, 35.250748685822934]]}}, {"type": "Feature", "properties": {"id": "横浜横須賀道路-上り-0-164", "route": "横浜横須賀道路", "direction": "上り", "from": "衣笠ＩＣ", "to": "横須賀ＰＡ", "grade": -2.03, "elevation_start": 64.0, "elevation_end": 63.0, "quality": "measured", "structure": "normal", "chain_rank": 0, "cum_dist_start": 8200.0, "cum_dist_end": 8250.0, "anomaly": false}, "geometry": {"type": "LineString", "coordinates": [[139.64258265801945, 35.250748685822934], [139.64238990653794, 35.25090923834887], [139.64219715505644, 35.25106979087481]]}}, {"type": "Feature", "properties": {"id": "横浜横須賀道路-上り-0-165", "route": "横浜横須賀道路", "direction": "上り", "from": "衣笠ＩＣ", "to": "横須賀ＰＡ", "grade": -1.59, "elevation_start": 63.0, "elevation_end": 62.2, "quality": "measured", "structure": "normal", "chain_rank": 0, "cum_dist_start": 8250.0, "cum_dist_end": 8300.0, "anomaly": false}, "geometry": {"type": "LineString", "coordinates": [[139.64219715505644, 35.25106979087481], [139.6420044035749, 35.25123034340075], [139.6418116520934, 35.25139089592669]]}}, {"type": "Feature", "properties": {"id": "横浜横須賀道路-上り-0-166", "route": "横浜横須賀道路", "direction": "上り", "from": "横須賀PA", "to": "横須賀", "grade": -1.18, "elevation_start": 62.2, "elevation_end": 61.6, "quality": "measured", "structure": "normal", "chain_rank": 0, "cum_dist_start": 8300.0, "cum_dist_end": 8350.0, "anomaly": false}, "geometry": {"type": "LineString", "coordinates": [[139.6418116520934, 35.25139089592669], [139.6416189006119, 35.251551448452624], [139.64142614913038, 35.251712000978564]]}}, {"type": "Feature", "properties": {"id": "横浜横須賀道路-上り-0-167", "route": "横浜横須賀道路", "direction": "上り", "from": "横須賀PA", "to": "横須賀", "grade": -0.77, "elevation_start": 61.6, "elevation_end": 61.2, "quality": "measured", "structure": "normal", "chain_rank": 0, "cum_dist_start": 8350.0, "cum_dist_end": 8400.0, "anomaly": false}, "geometry": {"type": "LineString", "coordinates": [[139.64142614913038, 35.251712000978564], [139.64123339764888, 35.251872553504505], [139.64104064616734, 35.25203310603044]]}}, {"type": "Feature", "properties": {"id": "横浜横須賀道路-上り-0-168", "route": "横浜横須賀道路", "direction": "上り", "from": "横須賀PA", "to": "横須賀", "grade": -0.43, "elevation_start": 61.2, "elevation_end": 61.0, "quality": "measured", "structure": "normal", "chain_rank": 0, "cum_dist_start": 8400.0, "cum_dist_end": 8450.0, "anomaly": false}, "geometry": {"type": "LineString", "coordinates": [[139.64104064616734, 35.25203310603044], [139.64084789468583, 35.25219365855638], [139.64065514320433, 35.25235421108232]]}}, {"type": "Feature", "properties": {"id": "横浜横須賀道路-上り-0-169", "route": "横浜横須賀道路", "direction": "上り", "from": "横須賀PA", "to": "横須賀", "grade": 0.0, "elevation_start": 61.0, "elevation_end": 61.0, "quality": "measured", "structure": "normal", "chain_rank": 0, "cum_dist_start": 8450.0, "cum_dist_end": 8500.0, "anomaly": false}, "geometry": {"type": "LineString", "coordinates": [[139.64065514320433, 35.25235421108232], [139.64046239172282, 35.25251476360826], [139.6402696402413, 35.252675316134194]]}}, {"type": "Feature", "properties": {"id": "横浜横須賀道路-上り-0-170", "route": "横浜横須賀道路", "direction": "上り", "from": "横須賀PA", "to": "横須賀", "grade": 0.37, "elevation_start": 61.0, "elevation_end": 61.2, "quality": "measured", "structure": "normal", "chain_rank": 0, "cum_dist_start": 8500.0, "cum_dist_end": 8550.0, "anomaly": false}, "geometry": {"type": "LineString", "coordinates": [[139.6402696402413, 35.252675316134194], [139.64007688875978, 35.252835868660135], [139.63988413727827, 35.252996421186076]]}}, {"type": "Feature", "properties": {"id": "横浜横須賀道路-上り-0-171", "route": "横浜横須賀道路", "direction": "上り", "from": "横須賀PA", "to": "横須賀", "grade": 1.11, "elevation_start": 61.2, "elevation_end": 61.8, "quality": "measured", "structure": "normal", "chain_rank": 0, "cum_dist_start": 8550.0, "cum_dist_end": 8600.0, "anomaly": false}, "geometry": {"type": "LineString", "coordinates": [[139.63988413727827, 35.252996421186076], [139.63969138579677, 35.25315697371202], [139.63949863431526, 35.25331752623795]]}}, {"type": "Feature", "properties": {"id": "横浜横須賀道路-上り-0-172", "route": "横浜横須賀道路", "direction": "上り", "from": "横須賀PA", "to": "横須賀", "grade": 1.16, "elevation_start": 61.8, "elevation_end": 62.3, "quality": "measured", "structure": "normal", "chain_rank": 0, "cum_dist_start": 8600.0, "cum_dist_end": 8650.0, "anomaly": false}, "geometry": {"type": "LineString", "coordinates": [[139.63949863431526, 35.25331752623795], [139.63930588283372, 35.25347807876389], [139.63911313135222, 35.25363863128983]]}}, {"type": "Feature", "properties": {"id": "横浜横須賀道路-上り-0-173", "route": "横浜横須賀道路", "direction": "上り", "from": "横須賀PA", "to": "横須賀", "grade": 1.5, "elevation_start": 62.3, "elevation_end": 63.1, "quality": "measured", "structure": "normal", "chain_rank": 0, "cum_dist_start": 8650.0, "cum_dist_end": 8700.0, "anomaly": false}, "geometry": {"type": "LineString", "coordinates": [[139.63911313135222, 35.25363863128983], [139.6389203798707, 35.253799183815765], [139.63872927048092, 35.25396105534254]]}}, {"type": "Feature", "properties": {"id": "横浜横須賀道路-上り-0-174", "route": "横浜横須賀道路", "direction": "上り", "from": "横須賀PA", "to": "横須賀", "grade": 2.11, "elevation_start": 63.1, "elevation_end": 64.1, "quality": "measured", "structure": "normal", "chain_rank": 0, "cum_dist_start": 8700.0, "cum_dist_end": 8750.0, "anomaly": false}, "geometry": {"type": "LineString", "coordinates": [[139.63872927048092, 35.25396105534254], [139.63853816948154, 35.25412293360885], [139.63834706848215, 35.25428481187515]]}}, {"type": "Feature", "properties": {"id": "横浜横須賀道路-上り-0-175", "route": "横浜横須賀道路", "direction": "上り", "from": "横須賀PA", "to": "横須賀", "grade": 2.55, "elevation_start": 64.1, "elevation_end": 65.4, "quality": "measured", "structure": "normal", "chain_rank": 0, "cum_dist_start": 8750.0, "cum_dist_end": 8800.0, "anomaly": false}, "geometry": {"type": "LineString", "coordinates": [[139.63834706848215, 35.25428481187515], [139.63815596748276, 35.25444669014146], [139.63796710659489, 35.25461031088655]]}}, {"type": "Feature", "properties": {"id": "横浜横須賀道路-上り-0-176", "route": "横浜横須賀道路", "direction": "上り", "from": "横須賀PA", "to": "横須賀", "grade": 2.53, "elevation_start": 65.4, "elevation_end": 66.7, "quality": "measured", "structure": "normal", "chain_rank": 0, "cum_dist_start": 8800.0, "cum_dist_end": 8850.0, "anomaly": false}, "geometry": {"type": "LineString", "coordinates": [[139.63796710659489, 35.25461031088655], [139.63778023849045, 35.25477548172536], [139.63759337038599, 35.25494065256418]]}}, {"type": "Feature", "properties": {"id": "横浜横須賀道路-上り-0-177", "route": "横浜横須賀道路", "direction": "上り", "from": "横須賀PA", "to": "横須賀", "grade": 2.55, "elevation_start": 66.7, "elevation_end": 68.0, "quality": "measured", "structure": "normal", "chain_rank": 0, "cum_dist_start": 8850.0, "cum_dist_end": 8900.0, "anomaly": false}, "geometry": {"type": "LineString", "coordinates": [[139.63759337038599, 35.25494065256418], [139.6374121097349, 35.25510983401592], [139.6372380833397, 35.25528418961687]]}}, {"type": "Feature", "properties": {"id": "横浜横須賀道路-上り-0-178", "route": "横浜横須賀道路", "direction": "上り", "from": "横須賀PA", "to": "横須賀", "grade": 2.37, "elevation_start": 68.0, "elevation_end": 69.1, "quality": "measured", "structure": "normal", "chain_rank": 0, "cum_dist_start": 8900.0, "cum_dist_end": 8950.0, "anomaly": false}, "geometry": {"type": "LineString", "coordinates": [[139.6372380833397, 35.25528418961687], [139.63706407608083, 35.255458557894954], [139.63689296312995, 35.25563484354689]]}}, {"type": "Feature", "properties": {"id": "横浜横須賀道路-上り-0-179", "route": "横浜横須賀道路", "direction": "上り", "from": "横須賀PA", "to": "横須賀", "grade": 2.45, "elevation_start": 69.1, "elevation_end": 70.4, "quality": "measured", "structure": "normal", "chain_rank": 0, "cum_dist_start": 8950.0, "cum_dist_end": 9000.0, "anomaly": false}, "geometry": {"type": "LineString", "coordinates": [[139.63689296312995, 35.25563484354689], [139.63672185017907, 35.25581112919883], [139.6365503400551, 35.255987154947825]]}}, {"type": "Feature", "properties": {"id": "横浜横須賀道路-上り-0-180", "route": "横浜横須賀道路", "direction": "上り", "from": "横須賀PA", "to": "横須賀", "grade": 2.2, "elevation_start": 70.4, "elevation_end": 71.5, "quality": "measured", "structure": "normal", "chain_rank": 0, "cum_dist_start": 9000.0, "cum_dist_end": 9050.0, "anomaly": false}, "geometry": {"type": "LineString", "coordinates": [[139.6365503400551, 35.255987154947825], [139.63637855397036, 35.25616300011304], [139.63621111250865, 35.25634159060731]]}}, {"type": "Feature", "properties": {"id": "横浜横須賀道路-上り-0-181", "route": "横浜横須賀道路", "direction": "上り", "from": "横須賀PA", "to": "横須賀", "grade": 2.71, "elevation_start": 71.5, "elevation_end": 72.8, "quality": "measured", "structure": "normal", "chain_rank": 0, "cum_dist_start": 9050.0, "cum_dist_end": 9100.0, "anomaly": false}, "geometry": {"type": "LineString", "coordinates": [[139.63621111250865, 35.25634159060731], [139.6360476718129, 35.25652270915036], [139.6358896344694, 35.25670697921981]]}}, {"type": "Feature", "properties": {"id": "横浜横須賀道路-上り-0-182", "route": "横浜横須賀道路", "direction": "上り", "from": "横須賀PA", "to": "横須賀", "grade": 2.13, "elevation_start": 72.8, "elevation_end": 73.9, "quality": "measured", "structure": "normal", "chain_rank": 0, "cum_dist_start": 9100.0, "cum_dist_end": 9150.0, "anomaly": false}, "geometry": {"type": "LineString", "coordinates": [[139.6358896344694, 35.25670697921981], [139.63573475379326, 35.25689309042782], [139.63557987311708, 35.25707920163583]]}}, {"type": "Feature", "properties": {"id": "横浜横須賀道路-上り-0-183", "route": "横浜横須賀道路", "direction": "上り", "from": "横須賀PA", "to": "横須賀", "grade": 1.32, "elevation_start": 73.9, "elevation_end": 74.5, "quality": "measured", "structure": "normal", "chain_rank": 0, "cum_dist_start": 9150.0, "cum_dist_end": 9200.0, "anomaly": false}, "geometry": {"type": "LineString", "coordinates": [[139.63557987311708, 35.25707920163583], [139.6354293517507, 35.257267677298685], [139.63528124260577, 35.25745746133118]]}}, {"type": "Feature", "properties": {"id": "横浜横須賀道路-上り-0-184", "route": "横浜横須賀道路", "direction": "上り", "from": "横須賀PA", "to": "横須賀", "grade": 1.07, "elevation_start": 74.5, "elevation_end": 75.1, "quality": "measured", "structure": "normal", "chain_rank": 0, "cum_dist_start": 9200.0, "cum_dist_end": 9250.0, "anomaly": false}, "geometry": {"type": "LineString", "coordinates": [[139.63528124260577, 35.25745746133118], [139.63513313346084, 35.25764724536368], [139.63498585203072, 35.25783743705551]]}}, {"type": "Feature", "properties": {"id": "横浜横須賀道路-上り-0-185", "route": "横浜横須賀道路", "direction": "上り", "from": "横須賀PA", "to": "横須賀", "grade": 0.77, "elevation_start": 75.1, "elevation_end": 75.5, "quality": "measured", "structure": "normal", "chain_rank": 0, "cum_dist_start": 9250.0, "cum_dist_end": 9300.0, "anomaly": false}, "geometry": {"type": "LineString", "coordinates": [[139.63498585203072, 35.25783743705551], [139.6348512506424, 35.25803387381801], [139.63471664925407, 35.25823031058051]]}}, {"type": "Feature", "properties": {"id": "横浜横須賀道路-上り-0-186", "route": "横浜横須賀道路", "direction": "上り", "from": "横須賀PA", "to": "横須賀", "grade": 0.0, "elevation_start": 75.5, "elevation_end": 75.5, "quality": "measured", "structure": "normal", "chain_rank": 0, "cum_dist_start": 9300.0, "cum_dist_end": 9350.0, "anomaly": false}, "geometry": {"type": "LineString", "coordinates": [[139.63471664925407, 35.25823031058051], [139.63458204786576, 35.25842674734301], [139.63445078563944, 35.25862467991034]]}}, {"type": "Feature", "properties": {"id": "横浜横須賀道路-上り-0-187", "route": "横浜横須賀道路", "direction": "上り", "from": "横須賀PA", "to": "横須賀", "grade": -0.33, "elevation_start": 75.5, "elevation_end": 75.3, "quality": "measured", "structure": "normal", "chain_rank": 0, "cum_dist_start": 9350.0, "cum_dist_end": 9400.0, "anomaly": false}, "geometry": {"type": "LineString", "coordinates": [[139.63445078563944, 35.25862467991034], [139.63432207848166, 35.25882375704144], [139.63419363633918, 35.25902294635072]]}}, {"type": "Feature", "properties": {"id": "横浜横須賀道路-上り-0-188", "route": "横浜横須賀道路", "direction": "上り", "from": "横須賀PA", "to": "横須賀", "grade": -0.86, "elevation_start": 75.3, "elevation_end": 74.9, "quality": "measured", "structure": "normal", "chain_rank": 0, "cum_dist_start": 9400.0, "cum_dist_end": 9450.0, "anomaly": false}, "geometry": {"type": "LineString", "coordinates": [[139.63419363633918, 35.25902294635072], [139.63407040536362, 35.25922434149185], [139.63394717438803, 35.259425736632984]]}}, {"type": "Feature", "properties": {"id": "横浜横須賀道路-上り-0-189", "route": "横浜横須賀道路", "direction": "上り", "from": "横須賀PA", "to": "横須賀", "grade": -1.47, "elevation_start": 74.9, "elevation_end": 74.1, "quality": "measured", "structure": "normal", "chain_rank": 0, "cum_dist_start": 9450.0, "cum_dist_end": 9500.0, "anomaly": false}, "geometry": {"type": "LineString", "coordinates": [[139.63394717438803, 35.259425736632984], [139.6338313025225, 35.25963002928107], [139.63371680349485, 35.25983486245744]]}}, {"type": "Feature", "properties": {"id": "横浜横須賀道路-上り-0-190", "route": "横浜横須賀道路", "direction": "上り", "from": "横須賀PA", "to": "横須賀", "grade": -1.76, "elevation_start": 74.1, "elevation_end": 73.3, "quality": "measured", "structure": "normal", "chain_rank": 0, "cum_dist_start": 9500.0, "cum_dist_end": 9550.0, "anomaly": false}, "geometry": {"type": "LineString", "coordinates": [[139.63371680349485, 35.25983486245744], [139.633608842444, 35.26004205223419], [139.6335023245213, 35.26024976218352]]}}, {"type": "Feature", "properties": {"id": "横浜横須賀道路-上り-0-191", "route": "横浜横須賀道路", "direction": "上り", "from": "横須賀PA", "to": "横須賀", "grade": -1.48, "elevation_start": 73.3, "elevation_end": 72.5, "quality": "measured", "structure": "normal", "chain_rank": 0, "cum_dist_start": 9550.0, "cum_dist_end": 9600.0, "anomaly": false}, "geometry": {"type": "LineString", "coordinates": [[139.6335023245213, 35.26024976218352], [139.63339580659854, 35.26045747213285], [139.6332985601204, 35.260668192018876]]}}, {"type": "Feature", "properties": {"id": "横浜横須賀道路-上り-0-192", "route": "横浜横須賀道路", "direction": "上り", "from": "横須賀PA", "to": "横須賀", "grade": -1.33, "elevation_start": 72.5, "elevation_end": 71.8, "quality": "measured", "structure": "normal", "chain_rank": 0, "cum_dist_start": 9600.0, "cum_dist_end": 9650.0, "anomaly": false}, "geometry": {"type": "LineString", "coordinates": [[139.6332985601204, 35.260668192018876], [139.63320291721826, 35.26087943249931], [139.6331072743161, 35.26109067297974]]}}, {"type": "Feature", "properties": {"id": "横浜横須賀道路-上り-0-193", "route": "横浜横須賀道路", "direction": "上り", "from": "横須賀PA", "to": "横須賀", "grade": -0.45, "elevation_start": 71.8, "elevation_end": 71.6, "quality": "estimated", "structure": "normal", "chain_rank": 0, "cum_dist_start": 9650.0, "cum_dist_end": 9700.0, "anomaly": false}, "geometry": {"type": "LineString", "coordinates": [[139.6331072743161, 35.26109067297974], [139.63301491279927, 35.26130284177888], [139.63293144911472, 35.26151752781488]]}}, {"type": "Feature", "properties": {"id": "横浜横須賀道路-上り-0-194", "route": "横浜横須賀道路", "direction": "上り", "from": "横須賀PA", "to": "横須賀", "grade": 0.52, "elevation_start": 71.6, "elevation_end": 71.9, "quality": "estimated", "structure": "normal", "chain_rank": 0, "cum_dist_start": 9700.0, "cum_dist_end": 9750.0, "anomaly": false}, "geometry": {"type": "LineString", "coordinates": [[139.63293144911472, 35.26151752781488], [139.63284798543015, 35.261732213850884], [139.6327645217456, 35.26194689988689]]}}, {"type": "Feature", "properties": {"id": "横浜横須賀道路-上り-0-195", "route": "横浜横須賀道路", "direction": "上り", "from": "横須賀PA", "to": "横須賀", "grade": 0.52, "elevation_start": 71.9, "elevation_end": 72.1, "quality": "estimated", "structure": "normal", "chain_rank": 0, "cum_dist_start": 9750.0, "cum_dist_end": 9800.0, "anomaly": false}, "geometry": {"type": "LineString", "coordinates": [[139.6327645217456, 35.26194689988689], [139.63269095847613, 35.26216395602775], [139.6326205196949, 35.26238176015389]]}}, {"type": "Feature", "properties": {"id": "横浜横須賀道路-上り-0-196", "route": "横浜横須賀道路", "direction": "上り", "from": "横須賀PA", "to": "横須賀", "grade": 0.52, "elevation_start": 72.1, "elevation_end": 72.4, "quality": "estimated", "structure": "bridge", "chain_rank": 0, "cum_dist_start": 9800.0, "cum_dist_end": 9850.0, "anomaly": false}, "geometry": {"type": "LineString", "coordinates": [[139.6326205196949, 35.26238176015389], [139.6325612530477, 35.262601774591275], [139.63250330507412, 35.26282203848501]]}}, {"type": "Feature", "properties": {"id": "横浜横須賀道路-上り-0-197", "route": "横浜横須賀道路", "direction": "上り", "from": "横須賀PA", "to": "横須賀", "grade": 0.52, "elevation_start": 72.4, "elevation_end": 72.7, "quality": "estimated", "structure": "bridge", "chain_rank": 0, "cum_dist_start": 9850.0, "cum_dist_end": 9900.0, "anomaly": false}, "geometry": {"type": "LineString", "coordinates": [[139.63250330507412, 35.26282203848501], [139.6324495911208, 35.26304302602811], [139.63240045953245, 35.26326469113468]]}}, {"type": "Feature", "properties": {"id": "横浜横須賀道路-上り-0-198", "route": "横浜横須賀道路", "direction": "上り", "from": "横須賀PA", "to": "横須賀", "grade": 0.52, "elevation_start": 72.7, "elevation_end": 72.9, "quality": "estimated", "structure": "bridge", "chain_rank": 0, "cum_dist_start": 9900.0, "cum_dist_end": 9950.0, "anomaly": false}, "geometry": {"type": "LineString", "coordinates": [[139.63240045953245, 35.26326469113468], [139.63235670143425, 35.26348715078308], [139.6323155351234, 35.26370991236798]]}}, {"type": "Feature", "properties": {"id": "横浜横須賀道路-上り-0-199", "route": "横浜横須賀道路", "direction": "上り", "from": "横須賀PA", "to": "横須賀", "grade": 0.52, "elevation_start": 72.9, "elevation_end": 73.2, "quality": "estimated", "structure": "bridge", "chain_rank": 0, "cum_dist_start": 9950.0, "cum_dist_end": 10000.0, "anomaly": false}, "geometry": {"type": "LineString", "coordinates": [[139.6323155351234, 35.26370991236798], [139.63228203434034, 35.26393356696697], [139.63225314763065, 35.26415759520598]]}}, {"type": "Feature", "properties": {"id": "横浜横須賀道路-上り-0-200", "route": "横浜横須賀道路", "direction": "上り", "from": "横須賀PA", "to": "横須賀", "grade": 0.52, "elevation_start": 73.2, "elevation_end": 73.4, "quality": "estimated", "structure": "bridge", "chain_rank": 0, "cum_dist_start": 10000.0, "cum_dist_end": 10050.0, "anomaly": false}, "geometry": {"type": "LineString", "coordinates": [[139.63225314763065, 35.26415759520598], [139.63223267308254, 35.2643823046479], [139.63221812879843, 35.264607244225985]]}}, {"type": "Feature", "properties": {"id": "横浜横須賀道路-上り-0-201", "route": "横浜横須賀道路", "direction": "上り", "from": "横須賀PA", "to": "横須賀", "grade": 0.52, "elevation_start": 73.4, "elevation_end": 73.7, "quality": "estimated", "structure": "bridge", "chain_rank": 0, "cum_dist_start": 10050.0, "cum_dist_end": 10100.0, "anomaly": false}, "geometry": {"type": "LineString", "coordinates": [[139.63221812879843, 35.264607244225985], [139.63221264159728, 35.2648325352829], [139.63220715439613, 35.26505782633982]]}}, {"type": "Feature", "properties": {"id": "横浜横須賀道路-上り-0-202", "route": "横浜横須賀道路", "direction": "上り", "from": "横須賀PA", "to": "横須賀", "grade": 0.52, "elevation_start": 73.7, "elevation_end": 74.0, "quality": "estimated", "structure": "bridge", "chain_rank": 0, "cum_dist_start": 10100.0, "cum_dist_end": 10150.0, "anomaly": false}, "geometry": {"type": "LineString", "coordinates": [[139.63220715439613, 35.26505782633982], [139.63220848158167, 35.265283148649075], [139.63221312699875, 35.26550841436734]]}}, {"type": "Feature", "properties": {"id": "横浜横須賀道路-上り-0-203", "route": "横浜横須賀道路", "direction": "上り", "from": "横須賀PA", "to": "横須賀", "grade": 0.52, "elevation_start": 74.0, "elevation_end": 74.2, "quality": "estimated", "structure": "normal", "chain_rank": 0, "cum_dist_start": 10150.0, "cum_dist_end": 10200.0, "anomaly": false}, "geometry": {"type": "LineString", "coordinates": [[139.63221312699875, 35.26550841436734], [139.63222917905085, 35.26573336542446], [139.63224523110296, 35.26595831648157]]}}, {"type": "Feature", "properties": {"id": "横浜横須賀道路-上り-0-204", "route": "横浜横須賀道路", "direction": "上り", "from": "横須賀PA", "to": "横須賀", "grade": 0.52, "elevation_start": 74.2, "elevation_end": 74.5, "quality": "estimated", "structure": "normal", "chain_rank": 0, "cum_dist_start": 10200.0, "cum_dist_end": 10250.0, "anomaly": false}, "geometry": {"type": "LineString", "coordinates": [[139.63224523110296, 35.26595831648157], [139.6322752050586, 35.26618228013899], [139.63230842778103, 35.26640593991599]]}}, {"type": "Feature", "properties": {"id": "横浜横須賀道路-上り-0-205", "route": "横浜横須賀道路", "direction": "上り", "from": "横須賀PA", "to": "横須賀", "grade": 0.93, "elevation_start": 74.5, "elevation_end": 74.9, "quality": "estimated", "structure": "normal", "chain_rank": 0, "cum_dist_start": 10250.0, "cum_dist_end": 10300.0, "anomaly": false}, "geometry": {"type": "LineString", "coordinates": [[139.63230842778103, 35.26640593991599], [139.63234926639103, 35.26662877274513], [139.63239700579766, 35.26685061931047]]}}, {"type": "Feature", "properties": {"id": "横浜横須賀道路-上り-0-206", "route": "横浜横須賀道路", "direction": "上り", "from": "横須賀PA", "to": "横須賀", "grade": 1.36, "elevation_start": 74.9, "elevation_end": 75.6, "quality": "measured", "structure": "normal", "chain_rank": 0, "cum_dist_start": 10300.0, "cum_dist_end": 10350.0, "anomaly": false}, "geometry": {"type": "LineString", "coordinates": [[139.63239700579766, 35.26685061931047], [139.6324504791949, 35.26707164637226], [139.63251193412174, 35.26729123692573]]}}, {"type": "Feature", "properties": {"id": "横浜横須賀道路-上り-0-207", "route": "横浜横須賀道路", "direction": "上り", "from": "横須賀PA", "to": "横須賀", "grade": 2.47, "elevation_start": 75.6, "elevation_end": 76.9, "quality": "measured", "structure": "normal", "chain_rank": 0, "cum_dist_start": 10350.0, "cum_dist_end": 10400.0, "anomaly": false}, "geometry": {"type": "LineString", "coordinates": [[139.63251193412174, 35.26729123692573], [139.63257643487665, 35.26751027216695], [139.63265087881047, 35.267727179303726]]}}, {"type": "Feature", "properties": {"id": "横浜横須賀道路-上り-0-208", "route": "横浜横須賀道路", "direction": "上り", "from": "横須賀PA", "to": "横須賀", "grade": 2.95, "elevation_start": 76.9, "elevation_end": 78.3, "quality": "measured", "structure": "normal", "chain_rank": 0, "cum_dist_start": 10400.0, "cum_dist_end": 10450.0, "anomaly": false}, "geometry": {"type": "LineString", "coordinates": [[139.63265087881047, 35.267727179303726], [139.63272532274425, 35.267944086440494], [139.6328052099601, 35.26815959009428]]}}, {"type": "Feature", "properties": {"id": "横浜横須賀道路-上り-0-209", "route": "横浜横須賀道路", "direction": "上り", "from": "横須賀PA", "to": "横須賀", "grade": 2.9, "elevation_start": 78.3, "elevation_end": 79.8, "quality": "measured", "structure": "normal", "chain_rank": 0, "cum_dist_start": 10450.0, "cum_dist_end": 10500.0, "anomaly": false}, "geometry": {"type": "LineString", "coordinates": [[139.6328052099601, 35.26815959009428], [139.6328955034043, 35.26837241063074], [139.63298579684852, 35.2685852311672]]}}, {"type": "Feature", "properties": {"id": "横浜横須賀道路-上り-0-210", "route": "横浜横須賀道路", "direction": "上り", "from": "横須賀PA", "to": "横須賀", "grade": 2.89, "elevation_start": 79.8, "elevation_end": 81.2, "quality": "measured", "structure": "normal", "chain_rank": 0, "cum_dist_start": 10500.0, "cum_dist_end": 10550.0, "anomaly": false}, "geometry": {"type": "LineString", "coordinates": [[139.63298579684852, 35.2685852311672], [139.63307937064147, 35.26879704757591], [139.63318119349833, 35.26900633891343]]}}, {"type": "Feature", "properties": {"id": "横浜横須賀道路-上り-0-211", "route": "横浜横須賀道路", "direction": "上り", "from": "横須賀PA", "to": "横須賀", "grade": 2.81, "elevation_start": 81.2, "elevation_end": 82.6, "quality": "measured", "structure": "normal", "chain_rank": 0, "cum_dist_start": 10550.0, "cum_dist_end": 10600.0, "anomaly": false}, "geometry": {"type": "LineString", "coordinates": [[139.63318119349833, 35.26900633891343], [139.63328301635522, 35.26921563025095], [139.6333861261895, 35.26942449687352]]}}, {"type": "Feature", "properties": {"id": "横浜横須賀道路-上り-0-212", "route": "横浜横須賀道路", "direction": "上り", "from": "横須賀PA", "to": "横須賀", "grade": 2.89, "elevation_start": 82.6, "elevation_end": 84.1, "quality": "measured", "structure": "normal", "chain_rank": 0, "cum_dist_start": 10600.0, "cum_dist_end": 10650.0, "anomaly": false}, "geometry": {"type": "LineString", "coordinates": [[139.6333861261895, 35.26942449687352], [139.63348954832605, 35.26963326043333], [139.6335929704626, 35.26984202399315]]}}, {"type": "Feature", "properties": {"id": "横浜横須賀道路-上り-0-213", "route": "横浜横須賀道路", "direction": "上り", "from": "横須賀PA", "to": "横須賀", "grade": 2.84, "elevation_start": 84.1, "elevation_end": 85.5, "quality": "measured", "structure": "normal", "chain_rank": 0, "cum_dist_start": 10650.0, "cum_dist_end": 10700.0, "anomaly": false}, "geometry": {"type": "LineString", "coordinates": [[139.6335929704626, 35.26984202399315], [139.63369639259912, 35.27005078755297], [139.63379981473565, 35.27025955111279]]}}, {"type": "Feature", "properties": {"id": "横浜横須賀道路-上り-0-214", "route": "横浜横須賀道路", "direction": "上り", "from": "横須賀PA", "to": "横須賀", "grade": 2.92, "elevation_start": 85.5, "elevation_end": 87.0, "quality": "measured", "structure": "normal", "chain_rank": 0, "cum_dist_start": 10700.0, "cum_dist_end": 10750.0, "anomaly": false}, "geometry": {"type": "LineString", "coordinates": [[139.63379981473565, 35.27025955111279], [139.63390014797602, 35.270469291110345], [139.63399432028126, 35.270680978654624]]}}, {"type": "Feature", "properties": {"id": "横浜横須賀道路-上り-0-215", "route": "横浜横須賀道路", "direction": "上り", "from": "横須賀PA", "to": "横須賀", "grade": 2.87, "elevation_start": 87.0, "elevation_end": 88.4, "quality": "measured", "structure": "normal", "chain_rank": 0, "cum_dist_start": 10750.0, "cum_dist_end": 10800.0, "anomaly": false}, "geometry": {"type": "LineString", "coordinates": [[139.63399432028126, 35.270680978654624], [139.6340884925865, 35.270892666198904], [139.63418462922178, 35.271103758917]]}}, {"type": "Feature", "properties": {"id": "横浜横須賀道路-上り-0-216", "route": "横浜横須賀道路", "direction": "上り", "from": "横須賀PA", "to": "横須賀", "grade": 2.89, "elevation_start": 88.4, "elevation_end": 89.8, "quality": "measured", "structure": "normal", "chain_rank": 0, "cum_dist_start": 10800.0, "cum_dist_end": 10850.0, "anomaly": false}, "geometry": {"type": "LineString", "coordinates": [[139.63418462922178, 35.271103758917], [139.63428084635885, 35.27131482725806], [139.63436582001668, 35.27152902018934]]}}, {"type": "Feature", "properties": {"id": "横浜横須賀道路-上り-0-217", "route": "横浜横須賀道路", "direction": "上り", "from": "横須賀PA", "to": "横須賀", "grade": 2.89, "elevation_start": 89.8, "elevation_end": 91.3, "quality": "measured", "structure": "normal", "chain_rank": 0, "cum_dist_start": 10850.0, "cum_dist_end": 10900.0, "anomaly": false}, "geometry": {"type": "LineString", "coordinates": [[139.63436582001668, 35.27152902018934], [139.63444588185354, 35.271744578127624], [139.6345213801107, 35.27196119743863]]}}, {"type": "Feature", "properties": {"id": "横浜横須賀道路-上り-0-218", "route": "横浜横須賀道路", "direction": "上り", "from": "横須賀PA", "to": "横須賀", "grade": 2.85, "elevation_start": 91.3, "elevation_end": 92.7, "quality": "measured", "structure": "normal", "chain_rank": 0, "cum_dist_start": 10900.0, "cum_dist_end": 10950.0, "anomaly": false}, "geometry": {"type": "LineString", "coordinates": [[139.6345213801107, 35.27196119743863], [139.63459122004355, 35.27217913273215], [139.63465822466037, 35.27239758687251]]}}, {"type": "Feature", "properties": {"id": "横浜横須賀道路-上り-0-219", "route": "横浜横須賀道路", "direction": "上り", "from": "横須賀PA", "to": "横須賀", "grade": 2.67, "elevation_start": 92.7, "elevation_end": 94.0, "quality": "measured", "structure": "normal", "chain_rank": 0, "cum_dist_start": 10950.0, "cum_dist_end": 11000.0, "anomaly": false}, "geometry": {"type": "LineString", "coordinates": [[139.63465822466037, 35.27239758687251], [139.6347079815552, 35.27261919724865], [139.63475217496844, 35.27284146883025]]}}, {"type": "Feature", "properties": {"id": "横浜横須賀道路-上り-0-220", "route": "横浜横須賀道路", "direction": "上り", "from": "横須賀PA", "to": "横須賀", "grade": 2.18, "elevation_start": 94.0, "elevation_end": 95.1, "quality": "measured", "structure": "normal", "chain_rank": 0, "cum_dist_start": 11000.0, "cum_dist_end": 11050.0, "anomaly": false}, "geometry": {"type": "LineString", "coordinates": [[139.63475217496844, 35.27284146883025], [139.63478117820978, 35.27306554572461], [139.63481018145114, 35.27328962261897]]}}, {"type": "Feature", "properties": {"id": "横浜横須賀道路-上り-0-221", "route": "横浜横須賀道路", "direction": "上り", "from": "横須賀PA", "to": "横須賀", "grade": 1.66, "elevation_start": 95.1, "elevation_end": 96.0, "quality": "measured", "structure": "normal", "chain_rank": 0, "cum_dist_start": 11050.0, "cum_dist_end": 11100.0, "anomaly": false}, "geometry": {"type": "LineString", "coordinates": [[139.63481018145114, 35.27328962261897], [139.6348247227821, 35.27351462273063], [139.63483805861128, 35.273739686007666]]}}, {"type": "Feature", "properties": {"id": "横浜横須賀道路-上り-0-222", "route": "横浜横須賀道路", "direction": "上り", "from": "横須賀PA", "to": "横須賀", "grade": 1.35, "elevation_start": 96.0, "elevation_end": 96.6, "quality": "measured", "structure": "normal", "chain_rank": 0, "cum_dist_start": 11100.0, "cum_dist_end": 11150.0, "anomaly": false}, "geometry": {"type": "LineString", "coordinates": [[139.63483805861128, 35.273739686007666], [139.63483583070217, 35.27396501426259], [139.63482719574418, 35.27419014758525]]}}, {"type": "Feature", "properties": {"id": "横浜横須賀道路-上り-0-223", "route": "横浜横須賀道路", "direction": "上り", "from": "横須賀PA", "to": "横須賀", "grade": 0.55, "elevation_start": 96.6, "elevation_end": 96.9, "quality": "measured", "structure": "normal", "chain_rank": 0, "cum_dist_start": 11150.0, "cum_dist_end": 11200.0, "anomaly": false}, "geometry": {"type": "LineString", "coordinates": [[139.63482719574418, 35.27419014758525], [139.634809058103, 35.27441499179203], [139.6347813949013, 35.27463903597466]]}}, {"type": "Feature", "properties": {"id": "横浜横須賀道路-上り-0-224", "route": "横浜横須賀道路", "direction": "上り", "from": "横須賀PA", "to": "横須賀", "grade": 0.29, "elevation_start": 96.9, "elevation_end": 97.1, "quality": "measured", "structure": "normal", "chain_rank": 0, "cum_dist_start": 11200.0, "cum_dist_end": 11250.0, "anomaly": false}, "geometry": {"type": "LineString", "coordinates": [[139.6347813949013, 35.27463903597466], [139.6347435784119, 35.27486222741215], [139.63470576192248, 35.27508541884964]]}}, {"type": "Feature", "properties": {"id": "横浜横須賀道路-上り-0-225", "route": "横浜横須賀道路", "direction": "上り", "from": "横須賀", "to": "横須賀ＩＣ", "grade": 0.0, "elevation_start": 97.1, "elevation_end": 97.1, "quality": "measured", "structure": "normal", "chain_rank": 0, "cum_dist_start": 11250.0, "cum_dist_end": 11300.0, "anomaly": false}, "geometry": {"type": "LineString", "coordinates": [[139.63470576192248, 35.27508541884964], [139.63465630687838, 35.275306961814834], [139.63460063855317, 35.275527624737606]]}}, {"type": "Feature", "properties": {"id": "横浜横須賀道路-上り-0-226", "route": "横浜横須賀道路", "direction": "上り", "from": "横須賀", "to": "横須賀ＩＣ", "grade": -0.6, "elevation_start": 97.1, "elevation_end": 96.8, "quality": "measured", "structure": "normal", "chain_rank": 0, "cum_dist_start": 11300.0, "cum_dist_end": 11350.0, "anomaly": false}, "geometry": {"type": "LineString", "coordinates": [[139.63460063855317, 35.275527624737606], [139.634534583679, 35.27574621622197], [139.63446046000766, 35.27596319850809]]}}, {"type": "Feature", "properties": {"id": "横浜横須賀道路-上り-0-227", "route": "横浜横須賀道路", "direction": "上り", "from": "横須賀", "to": "横須賀ＩＣ", "grade": -1.07, "elevation_start": 96.8, "elevation_end": 96.2, "quality": "measured", "structure": "normal", "chain_rank": 0, "cum_dist_start": 11350.0, "cum_dist_end": 11400.0, "anomaly": false}, "geometry": {"type": "LineString", "coordinates": [[139.63446046000766, 35.27596319850809], [139.63437306601378, 35.27617676606469], [139.63428272761078, 35.27638957596369]]}}, {"type": "Feature", "properties": {"id": "横浜横須賀道路-上り-0-228", "route": "横浜横須賀道路", "direction": "上り", "from": "横須賀", "to": "横須賀ＩＣ", "grade": -1.28, "elevation_start": 96.2, "elevation_end": 95.6, "quality": "measured", "structure": "normal", "chain_rank": 0, "cum_dist_start": 11400.0, "cum_dist_end": 11450.0, "anomaly": false}, "geometry": {"type": "LineString", "coordinates": [[139.63428272761078, 35.27638957596369], [139.6341809543634, 35.276598861052655], [139.63407637309115, 35.2768071770707]]}}, {"type": "Feature", "properties": {"id": "横浜横須賀道路-上り-0-229", "route": "横浜横須賀道路", "direction": "上り", "from": "横須賀", "to": "横須賀ＩＣ", "grade": -1.99, "elevation_start": 95.6, "elevation_end": 94.6, "quality": "measured", "structure": "normal", "chain_rank": 0, "cum_dist_start": 11450.0, "cum_dist_end": 11500.0, "anomaly": false}, "geometry": {"type": "LineString", "coordinates": [[139.63407637309115, 35.2768071770707], [139.63395205793068, 35.27700813416048], [139.63382774277025, 35.27720909125027]]}}, {"type": "Feature", "properties": {"id": "横浜横須賀道路-上り-0-230", "route": "横浜横須賀道路", "direction": "上り", "from": "横須賀", "to": "横須賀ＩＣ", "grade": -1.93, "elevation_start": 94.6, "elevation_end": 93.6, "quality": "measured", "structure": "normal", "chain_rank": 0, "cum_dist_start": 11500.0, "cum_dist_end": 11550.0, "anomaly": false}, "geometry": {"type": "LineString", "coordinates": [[139.63382774277025, 35.27720909125027], [139.63369652410483, 35.27740703404524], [139.6335608877511, 35.27760296023858]]}}, {"type": "Feature", "properties": {"id": "横浜横須賀道路-上り-0-231", "route": "横浜横須賀道路", "direction": "上り", "from": "横須賀", "to": "横須賀ＩＣ", "grade": -22.09, "elevation_start": 93.6, "elevation_end": 82.6, "quality": "estimated", "structure": "normal", "chain_rank": 0, "cum_dist_start": 11550.0, "cum_dist_end": 11600.0, "anomaly": true}, "geometry": {"type": "LineString", "coordinates": [[139.6335608877511, 35.27760296023858], [139.63341374510577, 35.27779326781248], [139.6332626410107, 35.277981416012196]]}}, {"type": "Feature", "properties": {"id": "横浜横須賀道路-上り-0-232", "route": "横浜横須賀道路", "direction": "上り", "from": "横須賀", "to": "横須賀ＩＣ", "grade": -12.71, "elevation_start": 82.6, "elevation_end": 76.2, "quality": "estimated", "structure": "normal", "chain_rank": 0, "cum_dist_start": 11600.0, "cum_dist_end": 11650.0, "anomaly": true}, "geometry": {"type": "LineString", "coordinates": [[139.6332626410107, 35.277981416012196], [139.63310560154792, 35.27816632886108], [139.6329469906697, 35.27835030277946]]}}, {"type": "Feature", "properties": {"id": "横浜横須賀道路-上り-0-233", "route": "横浜横須賀道路", "direction": "上り", "from": "横須賀", "to": "横須賀ＩＣ", "grade": -6.79, "elevation_start": 76.2, "elevation_end": 72.8, "quality": "measured", "structure": "normal", "chain_rank": 0, "cum_dist_start": 11650.0, "cum_dist_end": 11700.0, "anomaly": false}, "geometry": {"type": "LineString", "coordinates": [[139.6329469906697, 35.27835030277946], [139.63278043717148, 35.27852953093301], [139.63261388367326, 35.27870875908655]]}}, {"type": "Feature", "properties": {"id": "横浜横須賀道路-上り-0-234", "route": "横浜横須賀道路", "direction": "上り", "from": "横須賀", "to": "横須賀ＩＣ", "grade": 0.0, "elevation_start": 72.8, "elevation_end": 72.8, "quality": "measured", "structure": "normal", "chain_rank": 0, "cum_dist_start": 11700.0, "cum_dist_end": 11750.0, "anomaly": false}, "geometry": {"type": "LineString", "coordinates": [[139.63261388367326, 35.27870875908655], [139.6324386548102, 35.27888216361759], [139.63225727711006, 35.27905144054057]]}}, {"type": "Feature", "properties": {"id": "横浜横須賀道路-上り-0-235", "route": "横浜横須賀道路", "direction": "上り", "from": "横須賀", "to": "横須賀ＩＣ", "grade": 29.65, "elevation_start": 72.8, "elevation_end": 87.7, "quality": "estimated", "structure": "normal", "chain_rank": 0, "cum_dist_start": 11750.0, "cum_dist_end": 11800.0, "anomaly": true}, "geometry": {"type": "LineString", "coordinates": [[139.63225727711006, 35.27905144054057], [139.6320727621913, 35.279218353039084], [139.63188230927366, 35.27938079025176]]}}, {"type": "Feature", "properties": {"id": "横浜横須賀道路-上り-0-236", "route": "横浜横須賀道路", "direction": "上り", "from": "横須賀", "to": "横須賀ＩＣ", "grade": 0.53, "elevation_start": 87.7, "elevation_end": 87.9, "quality": "measured", "structure": "normal", "chain_rank": 0, "cum_dist_start": 11800.0, "cum_dist_end": 11850.0, "anomaly": false}, "geometry": {"type": "LineString", "coordinates": [[139.63188230927366, 35.27938079025176], [139.63169185635599, 35.27954322746442], [139.63149943688165, 35.27970409398768]]}}, {"type": "Feature", "properties": {"id": "横浜横須賀道路-上り-0-237", "route": "横浜横須賀道路", "direction": "上り", "from": "横須賀ＩＣ", "to": "逗子ＩＣ", "grade": -15.3, "elevation_start": 87.9, "elevation_end": 80.3, "quality": "estimated", "structure": "normal", "chain_rank": 0, "cum_dist_start": 11850.0, "cum_dist_end": 11900.0, "anomaly": true}, "geometry": {"type": "LineString", "coordinates": [[139.63149943688165, 35.27970409398768], [139.63130635188034, 35.279864428954326], [139.63111326687903, 35.28002476392097]]}}, {"type": "Feature", "properties": {"id": "横浜横須賀道路-上り-0-238", "route": "横浜横須賀道路", "direction": "上り", "from": "横須賀ＩＣ", "to": "逗子ＩＣ", "grade": 2.82, "elevation_start": 80.3, "elevation_end": 81.7, "quality": "measured", "structure": "normal", "chain_rank": 0, "cum_dist_start": 11900.0, "cum_dist_end": 11950.0, "anomaly": false}, "geometry": {"type": "LineString", "coordinates": [[139.63111326687903, 35.28002476392097], [139.63091285952834, 35.28017893100445], [139.63071219030815, 35.28033287750567]]}}, {"type": "Feature", "properties": {"id": "横浜横須賀道路-上り-0-239", "route": "横浜横須賀道路", "direction": "上り", "from": "横須賀ＩＣ", "to": "逗子ＩＣ", "grade": -7.03, "elevation_start": 81.7, "elevation_end": 78.2, "quality": "estimated", "structure": "normal", "chain_rank": 0, "cum_dist_start": 11950.0, "cum_dist_end": 12000.0, "anomaly": true}, "geometry": {"type": "LineString", "coordinates": [[139.63071219030815, 35.28033287750567], [139.6305057834595, 35.28048156494561], [139.63029692988948, 35.28062800974164]]}}, {"type": "Feature", "properties": {"id": "横浜横須賀道路-上り-0-240", "route": "横浜横須賀道路", "direction": "上り", "from": "横須賀ＩＣ", "to": "逗子ＩＣ", "grade": -50.17, "elevation_start": 78.2, "elevation_end": 53.1, "quality": "estimated", "structure": "normal", "chain_rank": 0, "cum_dist_start": 12000.0, "cum_dist_end": 12050.0, "anomaly": true}, "geometry": {"type": "LineString", "coordinates": [[139.63029692988948, 35.28062800974164], [139.63008417594347, 35.2807705313144], [139.62986714552787, 35.28090875136729]]}}, {"type": "Feature", "properties": {"id": "横浜横須賀道路-上り-0-241", "route": "横浜横須賀道路", "direction": "上り", "from": "横須賀ＩＣ", "to": "逗子ＩＣ", "grade": -9.35, "elevation_start": 53.1, "elevation_end": 48.4, "quality": "estimated", "structure": "normal", "chain_rank": 0, "cum_dist_start": 12050.0, "cum_dist_end": 12100.0, "anomaly": true}, "geometry": {"type": "LineString", "coordinates": [[139.62986714552787, 35.28090875136729], [139.62965011511224, 35.281046971420174], [139.62942531787684, 35.28117653317284]]}}, {"type": "Feature", "properties": {"id": "横浜横須賀道路-上り-0-242", "route": "横浜横須賀道路", "direction": "上り", "from": "横須賀ＩＣ", "to": "逗子ＩＣ", "grade": 30.49, "elevation_start": 48.4, "elevation_end": 63.6, "quality": "estimated", "structure": "normal", "chain_rank": 0, "cum_dist_start": 12100.0, "cum_dist_end": 12150.0, "anomaly": true}, "geometry": {"type": "LineString", "coordinates": [[139.62942531787684, 35.28117653317284], [139.62919975325605, 35.28130523945913], [139.6289724009733, 35.28143172853563]]}}, {"type": "Feature", "properties": {"id": "横浜横須賀道路-上り-0-243", "route": "横浜横須賀道路", "direction": "上り", "from": "横須賀ＩＣ", "to": "逗子ＩＣ", "grade": 9.99, "elevation_start": 63.6, "elevation_end": 68.6, "quality": "estimated", "structure": "normal", "chain_rank": 0, "cum_dist_start": 12150.0, "cum_dist_end": 12200.0, "anomaly": true}, "geometry": {"type": "LineString", "coordinates": [[139.6289724009733, 35.28143172853563], [139.62873961142105, 35.281551473849746], [139.6285068218688, 35.28167121916386]]}}, {"type": "Feature", "properties": {"id": "横浜横須賀道路-上り-0-244", "route": "横浜横須賀道路", "direction": "上り", "from": "横須賀ＩＣ", "to": "逗子ＩＣ", "grade": -3.71, "elevation_start": 68.6, "elevation_end": 66.8, "quality": "measured", "structure": "normal", "chain_rank": 0, "cum_dist_start": 12200.0, "cum_dist_end": 12250.0, "anomaly": false}, "geometry": {"type": "LineString", "coordinates": [[139.6285068218688, 35.28167121916386], [139.62827198792928, 35.28178820674842], [139.6280351226603, 35.281902454217516]]}}, {"type": "Feature", "properties": {"id": "横浜横須賀道路-上り-0-245", "route": "横浜横須賀道路", "direction": "上り", "from": "横須賀ＩＣ", "to": "逗子ＩＣ", "grade": -22.41, "elevation_start": 66.8, "elevation_end": 55.6, "quality": "estimated", "structure": "normal", "chain_rank": 0, "cum_dist_start": 12250.0, "cum_dist_end": 12300.0, "anomaly": true}, "geometry": {"type": "LineString", "coordinates": [[139.6280351226603, 35.281902454217516], [139.62779825739133, 35.282016701686615], [139.62756139212237, 35.28213094915571]]}}, {"type": "Feature", "properties": {"id": "横浜横須賀道路-上り-0-246", "route": "横浜横須賀道路", "direction": "上り", "from": "横須賀ＩＣ", "to": "逗子ＩＣ", "grade": 12.35, "elevation_start": 55.6, "elevation_end": 61.8, "quality": "estimated", "structure": "normal", "chain_rank": 0, "cum_dist_start": 12300.0, "cum_dist_end": 12350.0, "anomaly": true}, "geometry": {"type": "LineString", "coordinates": [[139.62756139212237, 35.28213094915571], [139.62732452685339, 35.2822451966248], [139.62708766158443, 35.28235944409389]]}}, {"type": "Feature", "properties": {"id": "横浜横須賀道路-上り-0-247", "route": "横浜横須賀道路", "direction": "上り", "from": "横須賀ＩＣ", "to": "逗子ＩＣ", "grade": -0.4, "elevation_start": 61.8, "elevation_end": 61.6, "quality": "estimated", "structure": "normal", "chain_rank": 0, "cum_dist_start": 12350.0, "cum_dist_end": 12400.0, "anomaly": false}, "geometry": {"type": "LineString", "coordinates": [[139.62708766158443, 35.28235944409389], [139.62685079631547, 35.282473691562984], [139.6266139310465, 35.282587939032084]]}}, {"type": "Feature", "properties": {"id": "横浜横須賀道路-上り-0-248", "route": "横浜横須賀道路", "direction": "上り", "from": "横須賀ＩＣ", "to": "逗子ＩＣ", "grade": -0.4, "elevation_start": 61.6, "elevation_end": 61.4, "quality": "estimated", "structure": "normal", "chain_rank": 0, "cum_dist_start": 12400.0, "cum_dist_end": 12450.0, "anomaly": false}, "geometry": {"type": "LineString", "coordinates": [[139.6266139310465, 35.282587939032084], [139.62637706577752, 35.282702186501176], [139.62614554589948, 35.28282354375347]]}}, {"type": "Feature", "properties": {"id": "横浜横須賀道路-上り-0-249", "route": "横浜横須賀道路", "direction": "上り", "from": "横須賀ＩＣ", "to": "逗子ＩＣ", "grade": -0.4, "elevation_start": 61.4, "elevation_end": 61.2, "quality": "estimated", "structure": "bridge", "chain_rank": 0, "cum_dist_start": 12450.0, "cum_dist_end": 12500.0, "anomaly": false}, "geometry": {"type": "LineString", "coordinates": [[139.62614554589948, 35.28282354375347], [139.62591470127015, 35.282945799138794], [139.62568707959872, 35.28307199100198]]}}, {"type": "Feature", "properties": {"id": "横浜横須賀道路-上り-0-250", "route": "横浜横須賀道路", "direction": "上り", "from": "横須賀ＩＣ", "to": "逗子ＩＣ", "grade": -0.4, "elevation_start": 61.2, "elevation_end": 60.9, "quality": "estimated", "structure": "bridge", "chain_rank": 0, "cum_dist_start": 12500.0, "cum_dist_end": 12550.0, "anomaly": false}, "geometry": {"type": "LineString", "coordinates": [[139.62568707959872, 35.28307199100198], [139.62546169580455, 35.28320091617862], [139.62524131231754, 35.283335506251156]]}}, {"type": "Feature", "properties": {"id": "横浜横須賀道路-上り-0-251", "route": "横浜横須賀道路", "direction": "上り", "from": "横須賀ＩＣ", "to": "逗子ＩＣ", "grade": -0.4, "elevation_start": 60.9, "elevation_end": 60.7, "quality": "estimated", "structure": "bridge", "chain_rank": 0, "cum_dist_start": 12550.0, "cum_dist_end": 12600.0, "anomaly": false}, "geometry": {"type": "LineString", "coordinates": [[139.62524131231754, 35.283335506251156], [139.62502182732354, 35.28347109205849], [139.62480790075116, 35.28361253541048]]}}, {"type": "Feature", "properties": {"id": "横浜横須賀道路-上り-0-252", "route": "横浜横須賀道路", "direction": "上り", "from": "横須賀ＩＣ", "to": "逗子ＩＣ", "grade": -0.4, "elevation_start": 60.7, "elevation_end": 60.5, "quality": "estimated", "structure": "bridge", "chain_rank": 0, "cum_dist_start": 12600.0, "cum_dist_end": 12650.0, "anomaly": false}, "geometry": {"type": "LineString", "coordinates": [[139.62480790075116, 35.28361253541048], [139.62459525643897, 35.28375525241462], [139.62438538016116, 35.283900718870896]]}}, {"type": "Feature", "properties": {"id": "横浜横須賀道路-上り-0-253", "route": "横浜横須賀道路", "direction": "上り", "from": "横須賀ＩＣ", "to": "逗子ＩＣ", "grade": -0.4, "elevation_start": 60.5, "elevation_end": 60.3, "quality": "estimated", "structure": "bridge", "chain_rank": 0, "cum_dist_start": 12650.0, "cum_dist_end": 12700.0, "anomaly": false}, "geometry": {"type": "LineString", "coordinates": [[139.62438538016116, 35.283900718870896], [139.62418272112245, 35.28405287956999], [139.62398099118792, 35.284205897389654]]}}, {"type": "Feature", "properties": {"id": "横浜横須賀道路-上り-0-254", "route": "横浜横須賀道路", "direction": "上り", "from": "横須賀ＩＣ", "to": "逗子ＩＣ", "grade": -0.4, "elevation_start": 60.3, "elevation_end": 60.1, "quality": "estimated", "structure": "normal", "chain_rank": 0, "cum_dist_start": 12700.0, "cum_dist_end": 12750.0, "anomaly": false}, "geometry": {"type": "LineString", "coordinates": [[139.62398099118792, 35.284205897389654], [139.62378640814032, 35.28436501865265], [139.6235980201013, 35.28452903909277]]}}, {"type": "Feature", "properties": {"id": "横浜横須賀道路-上り-0-255", "route": "横浜横須賀道路", "direction": "上り", "from": "横須賀ＩＣ", "to": "逗子ＩＣ", "grade": -0.4, "elevation_start": 60.1, "elevation_end": 59.9, "quality": "estimated", "structure": "tunnel", "chain_rank": 0, "cum_dist_start": 12750.0, "cum_dist_end": 12800.0, "anomaly": false}, "geometry": {"type": "LineString", "coordinates": [[139.6235980201013, 35.28452903909277], [139.6234145835708, 35.28469678737996], [139.62323873948, 35.28486984362804]]}}, {"type": "Feature", "properties": {"id": "横浜横須賀道路-上り-0-256", "route": "横浜横須賀道路", "direction": "上り", "from": "横須賀ＩＣ", "to": "逗子ＩＣ", "grade": -0.4, "elevation_start": 59.9, "elevation_end": 59.7, "quality": "estimated", "structure": "tunnel", "chain_rank": 0, "cum_dist_start": 12800.0, "cum_dist_end": 12850.0, "anomaly": false}, "geometry": {"type": "LineString", "coordinates": [[139.62323873948, 35.28486984362804], [139.62307057716004, 35.28504806694152], [139.62291329859124, 35.28523275022996]]}}, {"type": "Feature", "properties": {"id": "横浜横須賀道路-上り-0-257", "route": "横浜横須賀道路", "direction": "上り", "from": "横須賀ＩＣ", "to": "逗子ＩＣ", "grade": -0.4, "elevation_start": 59.7, "elevation_end": 59.5, "quality": "estimated", "structure": "tunnel", "chain_rank": 0, "cum_dist_start": 12850.0, "cum_dist_end": 12900.0, "anomaly": false}, "geometry": {"type": "LineString", "coordinates": [[139.62291329859124, 35.28523275022996], [139.62275908352282, 35.285419260680214], [139.62260289120022, 35.28560466369623]]}}, {"type": "Feature", "properties": {"id": "横浜横須賀道路-上り-0-258", "route": "横浜横須賀道路", "direction": "上り", "from": "横須賀ＩＣ", "to": "逗子ＩＣ", "grade": -0.4, "elevation_start": 59.5, "elevation_end": 59.3, "quality": "estimated", "structure": "tunnel", "chain_rank": 0, "cum_dist_start": 12900.0, "cum_dist_end": 12950.0, "anomaly": false}, "geometry": {"type": "LineString", "coordinates": [[139.62260289120022, 35.28560466369623], [139.62244669887758, 35.28579006671225], [139.62229050655498, 35.28597546972827]]}}, {"type": "Feature", "properties": {"id": "横浜横須賀道路-上り-0-259", "route": "横浜横須賀道路", "direction": "上り", "from": "横須賀ＩＣ", "to": "逗子ＩＣ", "grade": -0.4, "elevation_start": 59.3, "elevation_end": 59.1, "quality": "estimated", "structure": "tunnel", "chain_rank": 0, "cum_dist_start": 12950.0, "cum_dist_end": 13000.0, "anomaly": false}, "geometry": {"type": "LineString", "coordinates": [[139.62229050655498, 35.28597546972827], [139.62213431423237, 35.28616087274429], [139.62197812190976, 35.28634627576031]]}}, {"type": "Feature", "properties": {"id": "横浜横須賀道路-上り-0-260", "route": "横浜横須賀道路", "direction": "上り", "from": "横須賀ＩＣ", "to": "逗子ＩＣ", "grade": -0.4, "elevation_start": 59.1, "elevation_end": 58.9, "quality": "estimated", "structure": "tunnel", "chain_rank": 0, "cum_dist_start": 13000.0, "cum_dist_end": 13050.0, "anomaly": false}, "geometry": {"type": "LineString", "coordinates": [[139.62197812190976, 35.28634627576031], [139.62182192958716, 35.28653167877632], [139.62167090820463, 35.286719924933]]}}, {"type": "Feature", "properties": {"id": "横浜横須賀道路-上り-0-261", "route": "横浜横須賀道路", "direction": "上り", "from": "横須賀ＩＣ", "to": "逗子ＩＣ", "grade": -0.4, "elevation_start": 58.9, "elevation_end": 58.7, "quality": "estimated", "structure": "tunnel", "chain_rank": 0, "cum_dist_start": 13050.0, "cum_dist_end": 13100.0, "anomaly": false}, "geometry": {"type": "LineString", "coordinates": [[139.62167090820463, 35.286719924933], [139.62152266646552, 35.286909634418244], [139.62138252200072, 35.287103468931434]]}}, {"type": "Feature", "properties": {"id": "横浜横須賀道路-上り-0-262", "route": "横浜横須賀道路", "direction": "上り", "from": "横須賀ＩＣ", "to": "逗子ＩＣ", "grade": -0.4, "elevation_start": 58.7, "elevation_end": 58.5, "quality": "estimated", "structure": "tunnel", "chain_rank": 0, "cum_dist_start": 13100.0, "cum_dist_end": 13150.0, "anomaly": false}, "geometry": {"type": "LineString", "coordinates": [[139.62138252200072, 35.287103468931434], [139.62124835995522, 35.287300075681124], [139.62112248189257, 35.28750028860506]]}}, {"type": "Feature", "properties": {"id": "横浜横須賀道路-上り-0-263", "route": "横浜横須賀道路", "direction": "上り", "from": "横須賀ＩＣ", "to": "逗子ＩＣ", "grade": -0.4, "elevation_start": 58.5, "elevation_end": 58.3, "quality": "estimated", "structure": "normal", "chain_rank": 0, "cum_dist_start": 13150.0, "cum_dist_end": 13200.0, "anomaly": false}, "geometry": {"type": "LineString", "coordinates": [[139.62112248189257, 35.28750028860506], [139.62100705091802, 35.2877047836894], [139.62090144954695, 35.28791271917913]]}}, {"type": "Feature", "properties": {"id": "横浜横須賀道路-上り-0-264", "route": "横浜横須賀道路", "direction": "上り", "from": "横須賀ＩＣ", "to": "逗子ＩＣ", "grade": -0.4, "elevation_start": 58.3, "elevation_end": 58.1, "quality": "estimated", "structure": "normal", "chain_rank": 0, "cum_dist_start": 13200.0, "cum_dist_end": 13250.0, "anomaly": false}, "geometry": {"type": "LineString", "coordinates": [[139.62090144954695, 35.28791271917913], [139.62080119161126, 35.28812252489529], [139.62070751673218, 35.288334365487756]]}}, {"type": "Feature", "properties": {"id": "横浜横須賀道路-上り-0-265", "route": "横浜横須賀道路", "direction": "上り", "from": "横須賀ＩＣ", "to": "逗子ＩＣ", "grade": -0.4, "elevation_start": 58.1, "elevation_end": 57.9, "quality": "estimated", "structure": "normal", "chain_rank": 0, "cum_dist_start": 13250.0, "cum_dist_end": 13300.0, "anomaly": false}, "geometry": {"type": "LineString", "coordinates": [[139.62070751673218, 35.288334365487756], [139.6206139076139, 35.288546226407426], [139.6205242108281, 35.28875920188783]]}}, {"type": "Feature", "properties": {"id": "横浜横須賀道路-上り-0-266", "route": "横浜横須賀道路", "direction": "上り", "from": "横須賀ＩＣ", "to": "逗子ＩＣ", "grade": -1.12, "elevation_start": 57.9, "elevation_end": 57.4, "quality": "measured", "structure": "normal", "chain_rank": 0, "cum_dist_start": 13300.0, "cum_dist_end": 13350.0, "anomaly": false}, "geometry": {"type": "LineString", "coordinates": [[139.6205242108281, 35.28875920188783], [139.62043744693787, 35.288973012903085], [139.62035128140124, 35.289186985188884]]}}, {"type": "Feature", "properties": {"id": "横浜横須賀道路-上り-0-267", "route": "横浜横須賀道路", "direction": "上り", "from": "横須賀ＩＣ", "to": "逗子ＩＣ", "grade": -1.08, "elevation_start": 57.4, "elevation_end": 56.8, "quality": "measured", "structure": "normal", "chain_rank": 0, "cum_dist_start": 13350.0, "cum_dist_end": 13400.0, "anomaly": false}, "geometry": {"type": "LineString", "coordinates": [[139.62035128140124, 35.289186985188884], [139.62026643201398, 35.28940131220828], [139.62018185867507, 35.28961571250992]]}}, {"type": "Feature", "properties": {"id": "横浜横須賀道路-上り-0-268", "route": "横浜横須賀道路", "direction": "上り", "from": "横須賀ＩＣ", "to": "逗子ＩＣ", "grade": -2.1, "elevation_start": 56.8, "elevation_end": 55.8, "quality": "measured", "structure": "normal", "chain_rank": 0, "cum_dist_start": 13400.0, "cum_dist_end": 13450.0, "anomaly": false}, "geometry": {"type": "LineString", "coordinates": [[139.62018185867507, 35.28961571250992], [139.62009782491018, 35.28983025605168], [139.6200137911453, 35.29004479959344]]}}, {"type": "Feature", "properties": {"id": "横浜横須賀道路-上り-0-269", "route": "横浜横須賀道路", "direction": "上り", "from": "横須賀ＩＣ", "to": "逗子ＩＣ", "grade": -2.01, "elevation_start": 55.8, "elevation_end": 54.8, "quality": "measured", "structure": "normal", "chain_rank": 0, "cum_dist_start": 13450.0, "cum_dist_end": 13500.0, "anomaly": false}, "geometry": {"type": "LineString", "coordinates": [[139.6200137911453, 35.29004479959344], [139.61992975738042, 35.290259343135205], [139.61984572361555, 35.29047388667696]]}}, {"type": "Feature", "properties": {"id": "横浜横須賀道路-上り-0-270", "route": "横浜横須賀道路", "direction": "上り", "from": "横須賀ＩＣ", "to": "逗子ＩＣ", "grade": -1.84, "elevation_start": 54.8, "elevation_end": 53.8, "quality": "measured", "structure": "normal", "chain_rank": 0, "cum_dist_start": 13500.0, "cum_dist_end": 13550.0, "anomaly": false}, "geometry": {"type": "LineString", "coordinates": [[139.61984572361555, 35.29047388667696], [139.61976168985066, 35.29068843021872], [139.6196776560858, 35.29090297376048]]}}, {"type": "Feature", "properties": {"id": "横浜横須賀道路-上り-0-271", "route": "横浜横須賀道路", "direction": "上り", "from": "逗子ＩＣ", "to": "朝比奈ＩＣ", "grade": -2.09, "elevation_start": 53.8, "elevation_end": 52.8, "quality": "measured", "structure": "normal", "chain_rank": 0, "cum_dist_start": 13550.0, "cum_dist_end": 13600.0, "anomaly": false}, "geometry": {"type": "LineString", "coordinates": [[139.6196776560858, 35.29090297376048], [139.6195936223209, 35.29111751730224], [139.61950958855604, 35.291332060844006]]}}, {"type": "Feature", "properties": {"id": "横浜横須賀道路-上り-0-272", "route": "横浜横須賀道路", "direction": "上り", "from": "逗子ＩＣ", "to": "朝比奈ＩＣ", "grade": -1.96, "elevation_start": 52.8, "elevation_end": 51.8, "quality": "measured", "structure": "normal", "chain_rank": 0, "cum_dist_start": 13600.0, "cum_dist_end": 13650.0, "anomaly": false}, "geometry": {"type": "LineString", "coordinates": [[139.61950958855604, 35.291332060844006], [139.61942555479115, 35.291546604385765], [139.61934152102629, 35.291761147927524]]}}, {"type": "Feature", "properties": {"id": "横浜横須賀道路-上り-0-273", "route": "横浜横須賀道路", "direction": "上り", "from": "逗子ＩＣ", "to": "朝比奈ＩＣ", "grade": -1.38, "elevation_start": 51.8, "elevation_end": 51.1, "quality": "measured", "structure": "normal", "chain_rank": 0, "cum_dist_start": 13650.0, "cum_dist_end": 13700.0, "anomaly": false}, "geometry": {"type": "LineString", "coordinates": [[139.61934152102629, 35.291761147927524], [139.6192574872614, 35.29197569146928], [139.61917345349653, 35.29219023501105]]}}, {"type": "Feature", "properties": {"id": "横浜横須賀道路-上り-0-274", "route": "横浜横須賀道路", "direction": "上り", "from": "逗子ＩＣ", "to": "朝比奈ＩＣ", "grade": -1.05, "elevation_start": 51.1, "elevation_end": 50.6, "quality": "measured", "structure": "normal", "chain_rank": 0, "cum_dist_start": 13700.0, "cum_dist_end": 13750.0, "anomaly": false}, "geometry": {"type": "LineString", "coordinates": [[139.61917345349653, 35.29219023501105], [139.61908941973164, 35.29240477855281], [139.61900538596677, 35.292619322094566]]}}, {"type": "Feature", "properties": {"id": "横浜横須賀道路-上り-0-275", "route": "横浜横須賀道路", "direction": "上り", "from": "逗子ＩＣ", "to": "朝比奈ＩＣ", "grade": -0.77, "elevation_start": 50.6, "elevation_end": 50.2, "quality": "estimated", "structure": "normal", "chain_rank": 0, "cum_dist_start": 13750.0, "cum_dist_end": 13800.0, "anomaly": false}, "geometry": {"type": "LineString", "coordinates": [[139.61900538596677, 35.292619322094566], [139.61892135220188, 35.292833865636325], [139.61883731843702, 35.29304840917809]]}}, {"type": "Feature", "properties": {"id": "横浜横須賀道路-上り-0-276", "route": "横浜横須賀道路", "direction": "上り", "from": "逗子ＩＣ", "to": "朝比奈ＩＣ", "grade": -0.5, "elevation_start": 50.2, "elevation_end": 50.0, "quality": "estimated", "structure": "normal", "chain_rank": 0, "cum_dist_start": 13800.0, "cum_dist_end": 13850.0, "anomaly": false}, "geometry": {"type": "LineString", "coordinates": [[139.61883731843702, 35.29304840917809], [139.61875328467215, 35.29326295271985], [139.61866925090726, 35.29347749626161]]}}, {"type": "Feature", "properties": {"id": "横浜横須賀道路-上り-0-277", "route": "横浜横須賀道路", "direction": "上り", "from": "逗子ＩＣ", "to": "朝比奈ＩＣ", "grade": -0.5, "elevation_start": 50.0, "elevation_end": 49.7, "quality": "estimated", "structure": "normal", "chain_rank": 0, "cum_dist_start": 13850.0, "cum_dist_end": 13900.0, "anomaly": false}, "geometry": {"type": "LineString", "coordinates": [[139.61866925090726, 35.29347749626161], [139.6185852171424, 35.29369203980337], [139.6185011833775, 35.293906583345134]]}}, {"type": "Feature", "properties": {"id": "横浜横須賀道路-上り-0-278", "route": "横浜横須賀道路", "direction": "上り", "from": "逗子ＩＣ", "to": "朝比奈ＩＣ", "grade": -0.5, "elevation_start": 49.7, "elevation_end": 49.5, "quality": "estimated", "structure": "bridge", "chain_rank": 0, "cum_dist_start": 13900.0, "cum_dist_end": 13950.0, "anomaly": false}, "geometry": {"type": "LineString", "coordinates": [[139.6185011833775, 35.293906583345134], [139.61841714961264, 35.29412112688689], [139.61833301736434, 35.29433564476256]]}}, {"type": "Feature", "properties": {"id": "横浜横須賀道路-上り-0-279", "route": "横浜横須賀道路", "direction": "上り", "from": "逗子ＩＣ", "to": "朝比奈ＩＣ", "grade": -0.5, "elevation_start": 49.5, "elevation_end": 49.2, "quality": "estimated", "structure": "bridge", "chain_rank": 0, "cum_dist_start": 13950.0, "cum_dist_end": 14000.0, "anomaly": false}, "geometry": {"type": "LineString", "coordinates": [[139.61833301736434, 35.29433564476256], [139.61824871905878, 35.29455011936149], [139.6181644207532, 35.29476459396041]]}}, {"type": "Feature", "properties": {"id": "横浜横須賀道路-上り-0-280", "route": "横浜横須賀道路", "direction": "上り", "from": "逗子ＩＣ", "to": "朝比奈ＩＣ", "grade": -0.5, "elevation_start": 49.2, "elevation_end": 49.0, "quality": "estimated", "structure": "bridge", "chain_rank": 0, "cum_dist_start": 14000.0, "cum_dist_end": 14050.0, "anomaly": false}, "geometry": {"type": "LineString", "coordinates": [[139.6181644207532, 35.29476459396041], [139.61808012244765, 35.294979068559336], [139.61799582414207, 35.29519354315826]]}}, {"type": "Feature", "properties": {"id": "横浜横須賀道路-上り-0-281", "route": "横浜横須賀道路", "direction": "上り", "from": "逗子ＩＣ", "to": "朝比奈ＩＣ", "grade": -0.5, "elevation_start": 49.0, "elevation_end": 48.7, "quality": "estimated", "structure": "bridge", "chain_rank": 0, "cum_dist_start": 14050.0, "cum_dist_end": 14100.0, "anomaly": false}, "geometry": {"type": "LineString", "coordinates": [[139.61799582414207, 35.29519354315826], [139.6179115258365, 35.29540801775719], [139.61782722753094, 35.29562249235611]]}}, {"type": "Feature", "properties": {"id": "横浜横須賀道路-上り-0-282", "route": "横浜横須賀道路", "direction": "上り", "from": "逗子ＩＣ", "to": "朝比奈ＩＣ", "grade": -0.5, "elevation_start": 48.7, "elevation_end": 48.5, "quality": "estimated", "structure": "bridge", "chain_rank": 0, "cum_dist_start": 14100.0, "cum_dist_end": 14150.0, "anomaly": false}, "geometry": {"type": "LineString", "coordinates": [[139.61782722753094, 35.29562249235611], [139.61774292922536, 35.29583696695504], [139.6176586309198, 35.29605144155396]]}}, {"type": "Feature", "properties": {"id": "横浜横須賀道路-上り-0-283", "route": "横浜横須賀道路", "direction": "上り", "from": "逗子ＩＣ", "to": "朝比奈ＩＣ", "grade": -0.5, "elevation_start": 48.5, "elevation_end": 48.2, "quality": "estimated", "structure": "bridge", "chain_rank": 0, "cum_dist_start": 14150.0, "cum_dist_end": 14200.0, "anomaly": false}, "geometry": {"type": "LineString", "coordinates": [[139.6176586309198, 35.29605144155396], [139.61757433261423, 35.29626591615288], [139.61749003430864, 35.29648039075181]]}}, {"type": "Feature", "properties": {"id": "横浜横須賀道路-上り-0-284", "route": "横浜横須賀道路", "direction": "上り", "from": "逗子ＩＣ", "to": "朝比奈ＩＣ", "grade": -0.5, "elevation_start": 48.2, "elevation_end": 48.0, "quality": "estimated", "structure": "bridge", "chain_rank": 0, "cum_dist_start": 14200.0, "cum_dist_end": 14250.0, "anomaly": false}, "geometry": {"type": "LineString", "coordinates": [[139.61749003430864, 35.29648039075181], [139.61740406566958, 35.29669441884714], [139.6173178242434, 35.29690837402265]]}}, {"type": "Feature", "properties": {"id": "横浜横須賀道路-上り-0-285", "route": "横浜横須賀道路", "direction": "上り", "from": "逗子ＩＣ", "to": "朝比奈ＩＣ", "grade": -0.5, "elevation_start": 48.0, "elevation_end": 47.7, "quality": "estimated", "structure": "bridge", "chain_rank": 0, "cum_dist_start": 14250.0, "cum_dist_end": 14300.0, "anomaly": false}, "geometry": {"type": "LineString", "coordinates": [[139.6173178242434, 35.29690837402265], [139.61723158281723, 35.29712232919817], [139.61714534139105, 35.29733628437368]]}}, {"type": "Feature", "properties": {"id": "横浜横須賀道路-上り-0-286", "route": "横浜横須賀道路", "direction": "上り", "from": "逗子ＩＣ", "to": "朝比奈ＩＣ", "grade": -0.5, "elevation_start": 47.7, "elevation_end": 47.5, "quality": "estimated", "structure": "bridge", "chain_rank": 0, "cum_dist_start": 14300.0, "cum_dist_end": 14350.0, "anomaly": false}, "geometry": {"type": "LineString", "coordinates": [[139.61714534139105, 35.29733628437368], [139.6170590999649, 35.29755023954919], [139.61697285853873, 35.2977641947247]]}}, {"type": "Feature", "properties": {"id": "横浜横須賀道路-上り-0-287", "route": "横浜横須賀道路", "direction": "上り", "from": "逗子ＩＣ", "to": "朝比奈ＩＣ", "grade": -0.5, "elevation_start": 47.5, "elevation_end": 47.2, "quality": "estimated", "structure": "bridge", "chain_rank": 0, "cum_dist_start": 14350.0, "cum_dist_end": 14400.0, "anomaly": false}, "geometry": {"type": "LineString", "coordinates": [[139.61697285853873, 35.2977641947247], [139.6168866102095, 35.29797814801236], [139.61679881394335, 35.29819167796945]]}}, {"type": "Feature", "properties": {"id": "横浜横須賀道路-上り-0-288", "route": "横浜横須賀道路", "direction": "上り", "from": "逗子ＩＣ", "to": "朝比奈ＩＣ", "grade": -0.5, "elevation_start": 47.2, "elevation_end": 47.0, "quality": "estimated", "structure": "normal", "chain_rank": 0, "cum_dist_start": 14400.0, "cum_dist_end": 14450.0, "anomaly": false}, "geometry": {"type": "LineString", "coordinates": [[139.61679881394335, 35.29819167796945], [139.61670677554096, 35.29840395443217], [139.61660820950303, 35.29861430206615]]}}, {"type": "Feature", "properties": {"id": "横浜横須賀道路-上り-0-289", "route": "横浜横須賀道路", "direction": "上り", "from": "逗子ＩＣ", "to": "朝比奈ＩＣ", "grade": -0.5, "elevation_start": 47.0, "elevation_end": 46.7, "quality": "estimated", "structure": "normal", "chain_rank": 0, "cum_dist_start": 14450.0, "cum_dist_end": 14500.0, "anomaly": false}, "geometry": {"type": "LineString", "coordinates": [[139.61660820950303, 35.29861430206615], [139.6165094891023, 35.29882460107585], [139.6164068747073, 35.2990335782829]]}}, {"type": "Feature", "properties": {"id": "横浜横須賀道路-上り-0-290", "route": "横浜横須賀道路", "direction": "上り", "from": "逗子ＩＣ", "to": "朝比奈ＩＣ", "grade": -0.64, "elevation_start": 46.7, "elevation_end": 46.4, "quality": "estimated", "structure": "normal", "chain_rank": 0, "cum_dist_start": 14500.0, "cum_dist_end": 14550.0, "anomaly": false}, "geometry": {"type": "LineString", "coordinates": [[139.6164068747073, 35.2990335782829], [139.61629508530535, 35.29923943437675], [139.61617529175953, 35.29944219925337]]}}, {"type": "Feature", "properties": {"id": "横浜横須賀道路-上り-0-291", "route": "横浜横須賀道路", "direction": "上り", "from": "逗子ＩＣ", "to": "朝比奈ＩＣ", "grade": -0.85, "elevation_start": 46.4, "elevation_end": 46.0, "quality": "measured", "structure": "normal", "chain_rank": 0, "cum_dist_start": 14550.0, "cum_dist_end": 14600.0, "anomaly": false}, "geometry": {"type": "LineString", "coordinates": [[139.61617529175953, 35.29944219925337], [139.61605285075257, 35.299643941674915], [139.61592085338955, 35.299841475333295]]}}, {"type": "Feature", "properties": {"id": "横浜横須賀道路-上り-0-292", "route": "横浜横須賀道路", "direction": "上り", "from": "逗子ＩＣ", "to": "朝比奈ＩＣ", "grade": -1.13, "elevation_start": 46.0, "elevation_end": 45.4, "quality": "measured", "structure": "normal", "chain_rank": 0, "cum_dist_start": 14600.0, "cum_dist_end": 14650.0, "anomaly": false}, "geometry": {"type": "LineString", "coordinates": [[139.61592085338955, 35.299841475333295], [139.61578325386466, 35.30003654171517], [139.6156366912201, 35.3002270581277]]}}, {"type": "Feature", "properties": {"id": "横浜横須賀道路-上り-0-293", "route": "横浜横須賀道路", "direction": "上り", "from": "逗子ＩＣ", "to": "朝比奈ＩＣ", "grade": -1.18, "elevation_start": 45.4, "elevation_end": 44.8, "quality": "measured", "structure": "normal", "chain_rank": 0, "cum_dist_start": 14650.0, "cum_dist_end": 14700.0, "anomaly": false}, "geometry": {"type": "LineString", "coordinates": [[139.6156366912201, 35.3002270581277], [139.61548425458608, 35.30041455207216], [139.6153251843267, 35.30059831880443]]}}, {"type": "Feature", "properties": {"id": "横浜横須賀道路-上り-0-294", "route": "横浜横須賀道路", "direction": "上り", "from": "逗子ＩＣ", "to": "朝比奈ＩＣ", "grade": -0.69, "elevation_start": 44.8, "elevation_end": 44.5, "quality": "measured", "structure": "normal", "chain_rank": 0, "cum_dist_start": 14700.0, "cum_dist_end": 14750.0, "anomaly": false}, "geometry": {"type": "LineString", "coordinates": [[139.6153251843267, 35.30059831880443], [139.61516143708596, 35.30077927169294], [139.614994542498, 35.300958300875244]]}}, {"type": "Feature", "properties": {"id": "横浜横須賀道路-上り-0-295", "route": "横浜横須賀道路", "direction": "上り", "from": "逗子ＩＣ", "to": "朝比奈ＩＣ", "grade": -0.11, "elevation_start": 44.5, "elevation_end": 44.4, "quality": "measured", "structure": "normal", "chain_rank": 0, "cum_dist_start": 14750.0, "cum_dist_end": 14800.0, "anomaly": false}, "geometry": {"type": "LineString", "coordinates": [[139.614994542498, 35.300958300875244], [139.6148216187293, 35.30113345638285], [139.6146413076402, 35.30130346010539]]}}, {"type": "Feature", "properties": {"id": "横浜横須賀道路-上り-0-296", "route": "横浜横須賀道路", "direction": "上り", "from": "逗子ＩＣ", "to": "朝比奈ＩＣ", "grade": -0.02, "elevation_start": 44.4, "elevation_end": 44.4, "quality": "measured", "structure": "normal", "chain_rank": 0, "cum_dist_start": 14800.0, "cum_dist_end": 14850.0, "anomaly": false}, "geometry": {"type": "LineString", "coordinates": [[139.6146413076402, 35.30130346010539], [139.6144568743581, 35.30147047556675], [139.6142592752808, 35.30162711316768]]}}, {"type": "Feature", "properties": {"id": "横浜横須賀道路-上り-0-297", "route": "横浜横須賀道路", "direction": "上り", "from": "逗子ＩＣ", "to": "朝比奈ＩＣ", "grade": 0.57, "elevation_start": 44.4, "elevation_end": 44.7, "quality": "estimated", "structure": "normal", "chain_rank": 0, "cum_dist_start": 14850.0, "cum_dist_end": 14900.0, "anomaly": false}, "geometry": {"type": "LineString", "coordinates": [[139.6142592752808, 35.30162711316768], [139.61405946563704, 35.301781810438605], [139.61385533964534, 35.301932719024755]]}}, {"type": "Feature", "properties": {"id": "横浜横須賀道路-上り-0-298", "route": "横浜横須賀道路", "direction": "上り", "from": "逗子ＩＣ", "to": "朝比奈ＩＣ", "grade": 0.57, "elevation_start": 44.7, "elevation_end": 45.0, "quality": "estimated", "structure": "normal", "chain_rank": 0, "cum_dist_start": 14900.0, "cum_dist_end": 14950.0, "anomaly": false}, "geometry": {"type": "LineString", "coordinates": [[139.61385533964534, 35.301932719024755], [139.61364899483894, 35.30208155920079], [139.61344030251567, 35.3022282109887]]}}, {"type": "Feature", "properties": {"id": "横浜横須賀道路-上り-0-299", "route": "横浜横須賀道路", "direction": "上り", "from": "逗子ＩＣ", "to": "朝比奈ＩＣ", "grade": 0.57, "elevation_start": 45.0, "elevation_end": 45.2, "quality": "estimated", "structure": "normal", "chain_rank": 0, "cum_dist_start": 14950.0, "cum_dist_end": 15000.0, "anomaly": false}, "geometry": {"type": "LineString", "coordinates": [[139.61344030251567, 35.3022282109887], [139.6132291368544, 35.30237245340915], [139.61301718157338, 35.30251592663264]]}}, {"type": "Feature", "properties": {"id": "横浜横須賀道路-上り-0-300", "route": "横浜横須賀道路", "direction": "上り", "from": "逗子ＩＣ", "to": "朝比奈ＩＣ", "grade": 0.57, "elevation_start": 45.2, "elevation_end": 45.5, "quality": "estimated", "structure": "bridge", "chain_rank": 0, "cum_dist_start": 15000.0, "cum_dist_end": 15050.0, "anomaly": false}, "geometry": {"type": "LineString", "coordinates": [[139.61301718157338, 35.30251592663264], [139.61280488769867, 35.302659060433015], [139.61259117229503, 35.30280076922237]]}}, {"type": "Feature", "properties": {"id": "横浜横須賀道路-上り-0-301", "route": "横浜横須賀道路", "direction": "上り", "from": "逗子ＩＣ", "to": "朝比奈ＩＣ", "grade": 0.57, "elevation_start": 45.5, "elevation_end": 45.8, "quality": "estimated", "structure": "bridge", "chain_rank": 0, "cum_dist_start": 15050.0, "cum_dist_end": 15100.0, "anomaly": false}, "geometry": {"type": "LineString", "coordinates": [[139.61259117229503, 35.30280076922237], [139.61237745689135, 35.30294247801173], [139.6121637414877, 35.30308418680109]]}}, {"type": "Feature", "properties": {"id": "横浜横須賀道路-上り-0-302", "route": "横浜横須賀道路", "direction": "上り", "from": "逗子ＩＣ", "to": "朝比奈ＩＣ", "grade": 0.57, "elevation_start": 45.8, "elevation_end": 46.1, "quality": "estimated", "structure": "bridge", "chain_rank": 0, "cum_dist_start": 15100.0, "cum_dist_end": 15150.0, "anomaly": false}, "geometry": {"type": "LineString", "coordinates": [[139.6121637414877, 35.30308418680109], [139.61195095267576, 35.30322682786473], [139.61173860510775, 35.30336991287834]]}}, {"type": "Feature", "properties": {"id": "横浜横須賀道路-上り-0-303", "route": "横浜横須賀道路", "direction": "上り", "from": "逗子ＩＣ", "to": "朝比奈ＩＣ", "grade": 0.57, "elevation_start": 46.1, "elevation_end": 46.4, "quality": "estimated", "structure": "bridge", "chain_rank": 0, "cum_dist_start": 15150.0, "cum_dist_end": 15200.0, "anomaly": false}, "geometry": {"type": "LineString", "coordinates": [[139.61173860510775, 35.30336991287834], [139.6115303886627, 35.30351695864602], [139.61132499540577, 35.303666711172646]]}}, {"type": "Feature", "properties": {"id": "横浜横須賀道路-上り-0-304", "route": "横浜横須賀道路", "direction": "上り", "from": "逗子ＩＣ", "to": "朝比奈ＩＣ", "grade": 0.57, "elevation_start": 46.4, "elevation_end": 46.7, "quality": "estimated", "structure": "bridge", "chain_rank": 0, "cum_dist_start": 15200.0, "cum_dist_end": 15250.0, "anomaly": false}, "geometry": {"type": "LineString", "coordinates": [[139.61132499540577, 35.303666711172646], [139.61112108485574, 35.30381780438858], [139.6109192577072, 35.303970781452364]]}}, {"type": "Feature", "properties": {"id": "横浜横須賀道路-上り-0-305", "route": "横浜横須賀道路", "direction": "上り", "from": "逗子ＩＣ", "to": "朝比奈ＩＣ", "grade": 0.57, "elevation_start": 46.7, "elevation_end": 46.9, "quality": "estimated", "structure": "bridge", "chain_rank": 0, "cum_dist_start": 15250.0, "cum_dist_end": 15300.0, "anomaly": false}, "geometry": {"type": "LineString", "coordinates": [[139.6109192577072, 35.303970781452364], [139.61071743055868, 35.30412375851615], [139.61051833234862, 35.304279024993015]]}}, {"type": "Feature", "properties": {"id": "横浜横須賀道路-上り-0-306", "route": "横浜横須賀道路", "direction": "上り", "from": "逗子ＩＣ", "to": "朝比奈ＩＣ", "grade": 0.57, "elevation_start": 46.9, "elevation_end": 47.2, "quality": "estimated", "structure": "normal", "chain_rank": 0, "cum_dist_start": 15300.0, "cum_dist_end": 15350.0, "anomaly": false}, "geometry": {"type": "LineString", "coordinates": [[139.61051833234862, 35.304279024993015], [139.6103271181107, 35.304440905642096], [139.61013461271415, 35.30460175411085]]}}, {"type": "Feature", "properties": {"id": "横浜横須賀道路-上り-0-307", "route": "横浜横須賀道路", "direction": "上り", "from": "逗子ＩＣ", "to": "朝比奈ＩＣ", "grade": 0.57, "elevation_start": 47.2, "elevation_end": 47.5, "quality": "estimated", "structure": "tunnel", "chain_rank": 0, "cum_dist_start": 15350.0, "cum_dist_end": 15400.0, "anomaly": false}, "geometry": {"type": "LineString", "coordinates": [[139.61013461271415, 35.30460175411085], [139.60995244585607, 35.30477028587463], [139.6097759764823, 35.30494305331464]]}}, {"type": "Feature", "properties": {"id": "横浜横須賀道路-上り-0-308", "route": "横浜横須賀道路", "direction": "上り", "from": "逗子ＩＣ", "to": "朝比奈ＩＣ", "grade": 0.57, "elevation_start": 47.5, "elevation_end": 47.8, "quality": "estimated", "structure": "tunnel", "chain_rank": 0, "cum_dist_start": 15400.0, "cum_dist_end": 15450.0, "anomaly": false}, "geometry": {"type": "LineString", "coordinates": [[139.6097759764823, 35.30494305331464], [139.60960280646225, 35.30511805082034], [139.60943390342067, 35.30529575572777]]}}, {"type": "Feature", "properties": {"id": "横浜横須賀道路-上り-0-309", "route": "横浜横須賀道路", "direction": "上り", "from": "逗子ＩＣ", "to": "朝比奈ＩＣ", "grade": 0.57, "elevation_start": 47.8, "elevation_end": 48.1, "quality": "estimated", "structure": "tunnel", "chain_rank": 0, "cum_dist_start": 15450.0, "cum_dist_end": 15500.0, "anomaly": false}, "geometry": {"type": "LineString", "coordinates": [[139.60943390342067, 35.30529575572777], [139.60927066989055, 35.30547705794542], [139.60911631129835, 35.305663393524334]]}}, {"type": "Feature", "properties": {"id": "横浜横須賀道路-上り-0-310", "route": "横浜横須賀道路", "direction": "上り", "from": "逗子ＩＣ", "to": "朝比奈ＩＣ", "grade": 0.57, "elevation_start": 48.1, "elevation_end": 48.4, "quality": "estimated", "structure": "tunnel", "chain_rank": 0, "cum_dist_start": 15500.0, "cum_dist_end": 15550.0, "anomaly": false}, "geometry": {"type": "LineString", "coordinates": [[139.60911631129835, 35.305663393524334], [139.60896699366566, 35.30585258268176], [139.60882771884542, 35.30604685320021]]}}, {"type": "Feature", "properties": {"id": "横浜横須賀道路-上り-0-311", "route": "横浜横須賀道路", "direction": "上り", "from": "逗子ＩＣ", "to": "朝比奈ＩＣ", "grade": 0.57, "elevation_start": 48.4, "elevation_end": 48.6, "quality": "estimated", "structure": "tunnel", "chain_rank": 0, "cum_dist_start": 15550.0, "cum_dist_end": 15600.0, "anomaly": false}, "geometry": {"type": "LineString", "coordinates": [[139.60882771884542, 35.30604685320021], [139.60869250388657, 35.30624296624365], [139.60856558671938, 35.306442845151764]]}}, {"type": "Feature", "properties": {"id": "横浜横須賀道路-上り-0-312", "route": "横浜横須賀道路", "direction": "上り", "from": "逗子ＩＣ", "to": "朝比奈ＩＣ", "grade": 0.57, "elevation_start": 48.6, "elevation_end": 48.9, "quality": "estimated", "structure": "tunnel", "chain_rank": 0, "cum_dist_start": 15600.0, "cum_dist_end": 15650.0, "anomaly": false}, "geometry": {"type": "LineString", "coordinates": [[139.60856558671938, 35.306442845151764], [139.60844555976936, 35.30664552769761], [139.6083280934031, 35.30684925214811]]}}, {"type": "Feature", "properties": {"id": "横浜横須賀道路-上り-0-313", "route": "横浜横須賀道路", "direction": "上り", "from": "逗子ＩＣ", "to": "朝比奈ＩＣ", "grade": 0.57, "elevation_start": 48.9, "elevation_end": 49.2, "quality": "estimated", "structure": "tunnel", "chain_rank": 0, "cum_dist_start": 15650.0, "cum_dist_end": 15700.0, "anomaly": false}, "geometry": {"type": "LineString", "coordinates": [[139.6083280934031, 35.30684925214811], [139.60821688649693, 35.307055244058], [139.60811221355544, 35.30726360286524]]}}, {"type": "Feature", "properties": {"id": "横浜横須賀道路-上り-0-314", "route": "横浜横須賀道路", "direction": "上り", "from": "逗子ＩＣ", "to": "朝比奈ＩＣ", "grade": 0.57, "elevation_start": 49.2, "elevation_end": 49.5, "quality": "estimated", "structure": "tunnel", "chain_rank": 0, "cum_dist_start": 15700.0, "cum_dist_end": 15750.0, "anomaly": false}, "geometry": {"type": "LineString", "coordinates": [[139.60811221355544, 35.30726360286524], [139.60800955090394, 35.3074725933445], [139.60791750885815, 35.30768492102358]]}}, {"type": "Feature", "properties": {"id": "横浜横須賀道路-上り-0-315", "route": "横浜横須賀道路", "direction": "上り", "from": "逗子ＩＣ", "to": "朝比奈ＩＣ", "grade": 0.57, "elevation_start": 49.5, "elevation_end": 49.8, "quality": "estimated", "structure": "tunnel", "chain_rank": 0, "cum_dist_start": 15750.0, "cum_dist_end": 15800.0, "anomaly": false}, "geometry": {"type": "LineString", "coordinates": [[139.60791750885815, 35.30768492102358], [139.6078279928445, 35.30789791581342], [139.60775152022512, 35.308114355289725]]}}, {"type": "Feature", "properties": {"id": "横浜横須賀道路-上り-0-316", "route": "横浜横須賀道路", "direction": "上り", "from": "逗子ＩＣ", "to": "朝比奈ＩＣ", "grade": 0.57, "elevation_start": 49.8, "elevation_end": 50.1, "quality": "estimated", "structure": "tunnel", "chain_rank": 0, "cum_dist_start": 15800.0, "cum_dist_end": 15850.0, "anomaly": false}, "geometry": {"type": "LineString", "coordinates": [[139.60775152022512, 35.308114355289725], [139.60767874509514, 35.30833153116667], [139.60762554004714, 35.30855260466698]]}}, {"type": "Feature", "properties": {"id": "横浜横須賀道路-上り-0-317", "route": "横浜横須賀道路", "direction": "上り", "from": "逗子ＩＣ", "to": "朝比奈ＩＣ", "grade": 0.57, "elevation_start": 50.1, "elevation_end": 50.3, "quality": "estimated", "structure": "tunnel", "chain_rank": 0, "cum_dist_start": 15850.0, "cum_dist_end": 15900.0, "anomaly": false}, "geometry": {"type": "LineString", "coordinates": [[139.60762554004714, 35.30855260466698], [139.60757233499916, 35.30877367816728], [139.60752579306612, 35.30899570366601]]}}, {"type": "Feature", "properties": {"id": "横浜横須賀道路-上り-0-318", "route": "横浜横須賀道路", "direction": "上り", "from": "逗子ＩＣ", "to": "朝比奈ＩＣ", "grade": 0.57, "elevation_start": 50.3, "elevation_end": 50.6, "quality": "estimated", "structure": "bridge", "chain_rank": 0, "cum_dist_start": 15900.0, "cum_dist_end": 15950.0, "anomaly": false}, "geometry": {"type": "LineString", "coordinates": [[139.60752579306612, 35.30899570366601], [139.6074846175656, 35.30921849589851], [139.6074434420651, 35.30944128813101]]}}, {"type": "Feature", "properties": {"id": "横浜横須賀道路-上り-0-319", "route": "横浜横須賀道路", "direction": "上り", "from": "逗子ＩＣ", "to": "朝比奈ＩＣ", "grade": 0.57, "elevation_start": 50.6, "elevation_end": 50.9, "quality": "estimated", "structure": "bridge", "chain_rank": 0, "cum_dist_start": 15950.0, "cum_dist_end": 16000.0, "anomaly": false}, "geometry": {"type": "LineString", "coordinates": [[139.6074434420651, 35.30944128813101], [139.6074106350453, 35.30966500004766], [139.60737876401197, 35.30988881482787]]}}, {"type": "Feature", "properties": {"id": "横浜横須賀道路-上り-0-320", "route": "横浜横須賀道路", "direction": "上り", "from": "逗子ＩＣ", "to": "朝比奈ＩＣ", "grade": 0.57, "elevation_start": 50.9, "elevation_end": 51.2, "quality": "estimated", "structure": "bridge", "chain_rank": 0, "cum_dist_start": 16000.0, "cum_dist_end": 16050.0, "anomaly": false}, "geometry": {"type": "LineString", "coordinates": [[139.60737876401197, 35.30988881482787], [139.6073468929786, 35.31011262960809], [139.60732199147049, 35.310336978615524]]}}, {"type": "Feature", "properties": {"id": "横浜横須賀道路-上り-0-321", "route": "横浜横須賀道路", "direction": "上り", "from": "逗子ＩＣ", "to": "朝比奈ＩＣ", "grade": 0.57, "elevation_start": 51.2, "elevation_end": 51.5, "quality": "estimated", "structure": "bridge", "chain_rank": 0, "cum_dist_start": 16050.0, "cum_dist_end": 16100.0, "anomaly": false}, "geometry": {"type": "LineString", "coordinates": [[139.60732199147049, 35.310336978615524], [139.60730268550577, 35.31056175653187], [139.60728337954106, 35.31078653444822]]}}, {"type": "Feature", "properties": {"id": "横浜横須賀道路-上り-0-322", "route": "横浜横須賀道路", "direction": "上り", "from": "逗子ＩＣ", "to": "朝比奈ＩＣ", "grade": 0.57, "elevation_start": 51.5, "elevation_end": 51.8, "quality": "estimated", "structure": "bridge", "chain_rank": 0, "cum_dist_start": 16100.0, "cum_dist_end": 16150.0, "anomaly": false}, "geometry": {"type": "LineString", "coordinates": [[139.60728337954106, 35.31078653444822], [139.60726407357637, 35.31101131236457], [139.60724476761166, 35.311236090280914]]}}, {"type": "Feature", "properties": {"id": "横浜横須賀道路-上り-0-323", "route": "横浜横須賀道路", "direction": "上り", "from": "逗子ＩＣ", "to": "朝比奈ＩＣ", "grade": 0.57, "elevation_start": 51.8, "elevation_end": 52.0, "quality": "estimated", "structure": "bridge", "chain_rank": 0, "cum_dist_start": 16150.0, "cum_dist_end": 16200.0, "anomaly": false}, "geometry": {"type": "LineString", "coordinates": [[139.60724476761166, 35.311236090280914], [139.60722470660437, 35.31146081966121], [139.6072010341676, 35.31168531688962]]}}, {"type": "Feature", "properties": {"id": "横浜横須賀道路-上り-0-324", "route": "横浜横須賀道路", "direction": "上り", "from": "逗子ＩＣ", "to": "朝比奈ＩＣ", "grade": 0.57, "elevation_start": 52.0, "elevation_end": 52.3, "quality": "estimated", "structure": "normal", "chain_rank": 0, "cum_dist_start": 16200.0, "cum_dist_end": 16250.0, "anomaly": false}, "geometry": {"type": "LineString", "coordinates": [[139.6072010341676, 35.31168531688962], [139.6071773617308, 35.31190981411803], [139.60715368929402, 35.31213431134644]]}}, {"type": "Feature", "properties": {"id": "横浜横須賀道路-上り-0-325", "route": "横浜横須賀道路", "direction": "上り", "from": "逗子ＩＣ", "to": "朝比奈ＩＣ", "grade": 0.57, "elevation_start": 52.3, "elevation_end": 52.6, "quality": "estimated", "structure": "normal", "chain_rank": 0, "cum_dist_start": 16250.0, "cum_dist_end": 16300.0, "anomaly": false}, "geometry": {"type": "LineString", "coordinates": [[139.60715368929402, 35.31213431134644], [139.60713001685724, 35.31235880857486], [139.6071063444205, 35.312583305803265]]}}, {"type": "Feature", "properties": {"id": "横浜横須賀道路-上り-0-326", "route": "横浜横須賀道路", "direction": "上り", "from": "逗子ＩＣ", "to": "朝比奈ＩＣ", "grade": 0.57, "elevation_start": 52.6, "elevation_end": 52.9, "quality": "estimated", "structure": "normal", "chain_rank": 0, "cum_dist_start": 16300.0, "cum_dist_end": 16350.0, "anomaly": false}, "geometry": {"type": "LineString", "coordinates": [[139.6071063444205, 35.312583305803265], [139.6070826719837, 35.31280780303168], [139.60705899954692, 35.31303230026009]]}}, {"type": "Feature", "properties": {"id": "横浜横須賀道路-上り-0-327", "route": "横浜横須賀道路", "direction": "上り", "from": "逗子ＩＣ", "to": "朝比奈ＩＣ", "grade": 0.57, "elevation_start": 52.9, "elevation_end": 53.2, "quality": "estimated", "structure": "normal", "chain_rank": 0, "cum_dist_start": 16350.0, "cum_dist_end": 16400.0, "anomaly": false}, "geometry": {"type": "LineString", "coordinates": [[139.60705899954692, 35.31303230026009], [139.60703532711014, 35.313256797488506], [139.60701165467336, 35.313481294716915]]}}, {"type": "Feature", "properties": {"id": "横浜横須賀道路-上り-0-328", "route": "横浜横須賀道路", "direction": "上り", "from": "逗子ＩＣ", "to": "朝比奈ＩＣ", "grade": 0.57, "elevation_start": 53.2, "elevation_end": 53.5, "quality": "estimated", "structure": "normal", "chain_rank": 0, "cum_dist_start": 16400.0, "cum_dist_end": 16450.0, "anomaly": false}, "geometry": {"type": "LineString", "coordinates": [[139.60701165467336, 35.313481294716915], [139.60698798223657, 35.313705791945324], [139.60696430979982, 35.31393028917374]]}}, {"type": "Feature", "properties": {"id": "横浜横須賀道路-上り-0-329", "route": "横浜横須賀道路", "direction": "上り", "from": "逗子ＩＣ", "to": "朝比奈ＩＣ", "grade": 0.57, "elevation_start": 53.5, "elevation_end": 53.7, "quality": "estimated", "structure": "normal", "chain_rank": 0, "cum_dist_start": 16450.0, "cum_dist_end": 16500.0, "anomaly": false}, "geometry": {"type": "LineString", "coordinates": [[139.60696430979982, 35.31393028917374], [139.60694063736304, 35.31415478640215], [139.60691696492626, 35.314379283630565]]}}, {"type": "Feature", "properties": {"id": "横浜横須賀道路-上り-0-330", "route": "横浜横須賀道路", "direction": "上り", "from": "逗子ＩＣ", "to": "朝比奈ＩＣ", "grade": 0.57, "elevation_start": 53.7, "elevation_end": 54.0, "quality": "estimated", "structure": "tunnel", "chain_rank": 0, "cum_dist_start": 16500.0, "cum_dist_end": 16550.0, "anomaly": false}, "geometry": {"type": "LineString", "coordinates": [[139.60691696492626, 35.314379283630565], [139.6068917870212, 35.31460366467885], [139.60685963869264, 35.314827425023104]]}}, {"type": "Feature", "properties": {"id": "横浜横須賀道路-上り-0-331", "route": "横浜横須賀道路", "direction": "上り", "from": "逗子ＩＣ", "to": "朝比奈ＩＣ", "grade": 0.57, "elevation_start": 54.0, "elevation_end": 54.3, "quality": "estimated", "structure": "tunnel", "chain_rank": 0, "cum_dist_start": 16550.0, "cum_dist_end": 16600.0, "anomaly": false}, "geometry": {"type": "LineString", "coordinates": [[139.60685963869264, 35.314827425023104], [139.6068207064922, 35.31505048175975], [139.60677273275275, 35.31527234050813]]}}, {"type": "Feature", "properties": {"id": "横浜横須賀道路-上り-0-332", "route": "横浜横須賀道路", "direction": "上り", "from": "逗子ＩＣ", "to": "朝比奈ＩＣ", "grade": 0.57, "elevation_start": 54.3, "elevation_end": 54.6, "quality": "estimated", "structure": "tunnel", "chain_rank": 0, "cum_dist_start": 16600.0, "cum_dist_end": 16650.0, "anomaly": false}, "geometry": {"type": "LineString", "coordinates": [[139.60677273275275, 35.31527234050813], [139.60672319212512, 35.315493985814136], [139.60667041135048, 35.3157150700679]]}}, {"type": "Feature", "properties": {"id": "横浜横須賀道路-上り-0-333", "route": "横浜横須賀道路", "direction": "上り", "from": "逗子ＩＣ", "to": "朝比奈ＩＣ", "grade": 0.57, "elevation_start": 54.6, "elevation_end": 54.9, "quality": "estimated", "structure": "normal", "chain_rank": 0, "cum_dist_start": 16650.0, "cum_dist_end": 16700.0, "anomaly": false}, "geometry": {"type": "LineString", "coordinates": [[139.60667041135048, 35.3157150700679], [139.60660634215515, 35.31593419965923], [139.6065422729598, 35.316153329250554]]}}, {"type": "Feature", "properties": {"id": "横浜横須賀道路-上り-0-334", "route": "横浜横須賀道路", "direction": "上り", "from": "逗子ＩＣ", "to": "朝比奈ＩＣ", "grade": 0.57, "elevation_start": 54.9, "elevation_end": 55.2, "quality": "estimated", "structure": "normal", "chain_rank": 0, "cum_dist_start": 16700.0, "cum_dist_end": 16750.0, "anomaly": false}, "geometry": {"type": "LineString", "coordinates": [[139.6065422729598, 35.316153329250554], [139.60646651261408, 35.316369914792055], [139.6063895280529, 35.316586233938466]]}}, {"type": "Feature", "properties": {"id": "横浜横須賀道路-上り-0-335", "route": "横浜横須賀道路", "direction": "上り", "from": "逗子ＩＣ", "to": "朝比奈ＩＣ", "grade": 0.57, "elevation_start": 55.2, "elevation_end": 55.4, "quality": "estimated", "structure": "normal", "chain_rank": 0, "cum_dist_start": 16750.0, "cum_dist_end": 16800.0, "anomaly": false}, "geometry": {"type": "LineString", "coordinates": [[139.6063895280529, 35.316586233938466], [139.60631254349173, 35.31680255308488], [139.60623555893054, 35.31701887223129]]}}, {"type": "Feature", "properties": {"id": "横浜横須賀道路-上り-0-336", "route": "横浜横須賀道路", "direction": "上り", "from": "逗子ＩＣ", "to": "朝比奈ＩＣ", "grade": 0.57, "elevation_start": 55.4, "elevation_end": 55.7, "quality": "estimated", "structure": "bridge", "chain_rank": 0, "cum_dist_start": 16800.0, "cum_dist_end": 16850.0, "anomaly": false}, "geometry": {"type": "LineString", "coordinates": [[139.60623555893054, 35.31701887223129], [139.60615857436935, 35.3172351913777], [139.60607154517797, 35.31744885661787]]}}, {"type": "Feature", "properties": {"id": "横浜横須賀道路-上り-0-337", "route": "横浜横須賀道路", "direction": "上り", "from": "逗子ＩＣ", "to": "朝比奈ＩＣ", "grade": 0.57, "elevation_start": 55.7, "elevation_end": 56.0, "quality": "estimated", "structure": "bridge", "chain_rank": 0, "cum_dist_start": 16850.0, "cum_dist_end": 16900.0, "anomaly": false}, "geometry": {"type": "LineString", "coordinates": [[139.60607154517797, 35.31744885661787], [139.60597989018171, 35.31766129966746], [139.60588665376793, 35.317873238898095]]}}, {"type": "Feature", "properties": {"id": "横浜横須賀道路-上り-0-338", "route": "横浜横須賀道路", "direction": "上り", "from": "逗子ＩＣ", "to": "朝比奈ＩＣ", "grade": 0.57, "elevation_start": 56.0, "elevation_end": 56.3, "quality": "estimated", "structure": "normal", "chain_rank": 0, "cum_dist_start": 16900.0, "cum_dist_end": 16950.0, "anomaly": false}, "geometry": {"type": "LineString", "coordinates": [[139.60588665376793, 35.317873238898095], [139.60577918341426, 35.31808064338144], [139.6056717130606, 35.31828804786479]]}}, {"type": "Feature", "properties": {"id": "横浜横須賀道路-上り-0-339", "route": "横浜横須賀道路", "direction": "上り", "from": "逗子ＩＣ", "to": "朝比奈ＩＣ", "grade": 0.57, "elevation_start": 56.3, "elevation_end": 56.6, "quality": "estimated", "structure": "normal", "chain_rank": 0, "cum_dist_start": 16950.0, "cum_dist_end": 17000.0, "anomaly": false}, "geometry": {"type": "LineString", "coordinates": [[139.6056717130606, 35.31828804786479], [139.60556424270695, 35.31849545234814], [139.60545677235328, 35.318702856831486]]}}, {"type": "Feature", "properties": {"id": "横浜横須賀道路-上り-0-340", "route": "横浜横須賀道路", "direction": "上り", "from": "逗子ＩＣ", "to": "朝比奈ＩＣ", "grade": 0.57, "elevation_start": 56.6, "elevation_end": 56.9, "quality": "estimated", "structure": "normal", "chain_rank": 0, "cum_dist_start": 17000.0, "cum_dist_end": 17050.0, "anomaly": false}, "geometry": {"type": "LineString", "coordinates": [[139.60545677235328, 35.318702856831486], [139.6053493019996, 35.318910261314834], [139.60524183164594, 35.319117665798174]]}}, {"type": "Feature", "properties": {"id": "横浜横須賀道路-上り-0-341", "route": "横浜横須賀道路", "direction": "上り", "from": "逗子ＩＣ", "to": "朝比奈ＩＣ", "grade": 0.57, "elevation_start": 56.9, "elevation_end": 57.1, "quality": "estimated", "structure": "bridge", "chain_rank": 0, "cum_dist_start": 17050.0, "cum_dist_end": 17100.0, "anomaly": false}, "geometry": {"type": "LineString", "coordinates": [[139.60524183164594, 35.319117665798174], [139.60512738020327, 35.31932251986301], [139.60500579813106, 35.319524605616415]]}}, {"type": "Feature", "properties": {"id": "横浜横須賀道路-上り-0-342", "route": "横浜横須賀道路", "direction": "上り", "from": "逗子ＩＣ", "to": "朝比奈ＩＣ", "grade": 0.57, "elevation_start": 57.1, "elevation_end": 57.4, "quality": "estimated", "structure": "bridge", "chain_rank": 0, "cum_dist_start": 17100.0, "cum_dist_end": 17150.0, "anomaly": false}, "geometry": {"type": "LineString", "coordinates": [[139.60500579813106, 35.319524605616415], [139.60488262986726, 35.31972606213323], [139.6047541907961, 35.31992523125426]]}}, {"type": "Feature", "properties": {"id": "横浜横須賀道路-上り-0-343", "route": "横浜横須賀道路", "direction": "上り", "from": "逗子ＩＣ", "to": "朝比奈ＩＣ", "grade": 0.57, "elevation_start": 57.4, "elevation_end": 57.7, "quality": "estimated", "structure": "bridge", "chain_rank": 0, "cum_dist_start": 17150.0, "cum_dist_end": 17200.0, "anomaly": false}, "geometry": {"type": "LineString", "coordinates": [[139.6047541907961, 35.31992523125426], [139.60462010036363, 35.32012194782884], [139.60448600993118, 35.320318664403416]]}}, {"type": "Feature", "properties": {"id": "横浜横須賀道路-上り-0-344", "route": "横浜横須賀道路", "direction": "上り", "from": "逗子ＩＣ", "to": "朝比奈ＩＣ", "grade": 0.57, "elevation_start": 57.7, "elevation_end": 58.0, "quality": "estimated", "structure": "bridge", "chain_rank": 0, "cum_dist_start": 17200.0, "cum_dist_end": 17250.0, "anomaly": false}, "geometry": {"type": "LineString", "coordinates": [[139.60448600993118, 35.320318664403416], [139.60435191949875, 35.32051538097799], [139.60421415095655, 35.320710375150476]]}}, {"type": "Feature", "properties": {"id": "横浜横須賀道路-上り-0-345", "route": "横浜横須賀道路", "direction": "上り", "from": "逗子ＩＣ", "to": "朝比奈ＩＣ", "grade": 0.57, "elevation_start": 58.0, "elevation_end": 58.3, "quality": "estimated", "structure": "bridge", "chain_rank": 0, "cum_dist_start": 17250.0, "cum_dist_end": 17300.0, "anomaly": false}, "geometry": {"type": "LineString", "coordinates": [[139.60421415095655, 35.320710375150476], [139.60407539042424, 35.32090490385029], [139.60393064346448, 35.32109648070877]]}}, {"type": "Feature", "properties": {"id": "横浜横須賀道路-上り-0-346", "route": "横浜横須賀道路", "direction": "上り", "from": "逗子ＩＣ", "to": "朝比奈ＩＣ", "grade": 0.57, "elevation_start": 58.3, "elevation_end": 58.6, "quality": "estimated", "structure": "bridge", "chain_rank": 0, "cum_dist_start": 17300.0, "cum_dist_end": 17350.0, "anomaly": false}, "geometry": {"type": "LineString", "coordinates": [[139.60393064346448, 35.32109648070877], [139.60378589650475, 35.321288057567244], [139.60363218409339, 35.32147487682168]]}}, {"type": "Feature", "properties": {"id": "横浜横須賀道路-上り-0-347", "route": "横浜横須賀道路", "direction": "上り", "from": "逗子ＩＣ", "to": "朝比奈ＩＣ", "grade": 0.57, "elevation_start": 58.6, "elevation_end": 58.8, "quality": "estimated", "structure": "bridge", "chain_rank": 0, "cum_dist_start": 17350.0, "cum_dist_end": 17400.0, "anomaly": false}, "geometry": {"type": "LineString", "coordinates": [[139.60363218409339, 35.32147487682168], [139.603473861822, 35.321659082851845], [139.60331402520717, 35.321842425968114]]}}, {"type": "Feature", "properties": {"id": "横浜横須賀道路-上り-0-348", "route": "横浜横須賀道路", "direction": "上り", "from": "逗子ＩＣ", "to": "朝比奈ＩＣ", "grade": 0.57, "elevation_start": 58.8, "elevation_end": 59.1, "quality": "estimated", "structure": "normal", "chain_rank": 0, "cum_dist_start": 17400.0, "cum_dist_end": 17450.0, "anomaly": false}, "geometry": {"type": "LineString", "coordinates": [[139.60331402520717, 35.321842425968114], [139.60315320339785, 35.322025165729535], [139.60298394386925, 35.32220273804555]]}}, {"type": "Feature", "properties": {"id": "横浜横須賀道路-上り-0-349", "route": "横浜横須賀道路", "direction": "上り", "from": "逗子ＩＣ", "to": "朝比奈ＩＣ", "grade": 0.57, "elevation_start": 59.1, "elevation_end": 59.4, "quality": "estimated", "structure": "normal", "chain_rank": 0, "cum_dist_start": 17450.0, "cum_dist_end": 17500.0, "anomaly": false}, "geometry": {"type": "LineString", "coordinates": [[139.60298394386925, 35.32220273804555], [139.60281468434064, 35.32238031036156], [139.60264494867056, 35.32255757506579]]}}, {"type": "Feature", "properties": {"id": "横浜横須賀道路-上り-0-350", "route": "横浜横須賀道路", "direction": "上り", "from": "逗子ＩＣ", "to": "朝比奈ＩＣ", "grade": 0.57, "elevation_start": 59.4, "elevation_end": 59.7, "quality": "estimated", "structure": "normal", "chain_rank": 0, "cum_dist_start": 17500.0, "cum_dist_end": 17550.0, "anomaly": false}, "geometry": {"type": "LineString", "coordinates": [[139.60264494867056, 35.32255757506579], [139.6024737174939, 35.322733873596185], [139.60229368432985, 35.32290415804585]]}}, {"type": "Feature", "properties": {"id": "横浜横須賀道路-上り-0-351", "route": "横浜横須賀道路", "direction": "上り", "from": "逗子ＩＣ", "to": "朝比奈ＩＣ", "grade": 0.57, "elevation_start": 59.7, "elevation_end": 60.0, "quality": "estimated", "structure": "tunnel", "chain_rank": 0, "cum_dist_start": 17550.0, "cum_dist_end": 17600.0, "anomaly": false}, "geometry": {"type": "LineString", "coordinates": [[139.60229368432985, 35.32290415804585], [139.60210993659885, 35.32307166907176], [139.60191616392672, 35.32323152829024]]}}, {"type": "Feature", "properties": {"id": "横浜横須賀道路-上り-0-352", "route": "横浜横須賀道路", "direction": "上り", "from": "逗子ＩＣ", "to": "朝比奈ＩＣ", "grade": 0.57, "elevation_start": 60.0, "elevation_end": 60.3, "quality": "estimated", "structure": "tunnel", "chain_rank": 0, "cum_dist_start": 17600.0, "cum_dist_end": 17650.0, "anomaly": false}, "geometry": {"type": "LineString", "coordinates": [[139.60191616392672, 35.32323152829024], [139.6017156659979, 35.32338562036516], [139.60151202894502, 35.32353702053109]]}}, {"type": "Feature", "properties": {"id": "横浜横須賀道路-上り-0-353", "route": "横浜横須賀道路", "direction": "上り", "from": "逗子ＩＣ", "to": "朝比奈ＩＣ", "grade": 0.57, "elevation_start": 60.3, "elevation_end": 60.6, "quality": "estimated", "structure": "tunnel", "chain_rank": 0, "cum_dist_start": 17650.0, "cum_dist_end": 17700.0, "anomaly": false}, "geometry": {"type": "LineString", "coordinates": [[139.60151202894502, 35.32353702053109], [139.60130260084247, 35.32368294991009], [139.60109095830836, 35.32382678732239]]}}, {"type": "Feature", "properties": {"id": "横浜横須賀道路-上り-0-354", "route": "横浜横須賀道路", "direction": "上り", "from": "逗子ＩＣ", "to": "朝比奈ＩＣ", "grade": 0.57, "elevation_start": 60.6, "elevation_end": 60.8, "quality": "estimated", "structure": "tunnel", "chain_rank": 0, "cum_dist_start": 17700.0, "cum_dist_end": 17750.0, "anomaly": false}, "geometry": {"type": "LineString", "coordinates": [[139.60109095830836, 35.32382678732239], [139.6008755358319, 35.32396679748449], [139.60065975004593, 35.32410643979007]]}}, {"type": "Feature", "properties": {"id": "横浜横須賀道路-上り-0-355", "route": "横浜横須賀道路", "direction": "上り", "from": "逗子ＩＣ", "to": "朝比奈ＩＣ", "grade": 0.57, "elevation_start": 60.8, "elevation_end": 61.1, "quality": "estimated", "structure": "normal", "chain_rank": 0, "cum_dist_start": 17750.0, "cum_dist_end": 17800.0, "anomaly": false}, "geometry": {"type": "LineString", "coordinates": [[139.60065975004593, 35.32410643979007], [139.60044396426, 35.324246082095655], [139.6002252219203, 35.32438256869654]]}}, {"type": "Feature", "properties": {"id": "横浜横須賀道路-上り-0-356", "route": "横浜横須賀道路", "direction": "上り", "from": "逗子ＩＣ", "to": "朝比奈ＩＣ", "grade": 0.57, "elevation_start": 61.1, "elevation_end": 61.4, "quality": "estimated", "structure": "normal", "chain_rank": 0, "cum_dist_start": 17800.0, "cum_dist_end": 17850.0, "anomaly": false}, "geometry": {"type": "LineString", "coordinates": [[139.6002252219203, 35.32438256869654], [139.60000486021067, 35.32451732684802], [139.5997830403469, 35.3246504598206]]}}, {"type": "Feature", "properties": {"id": "横浜横須賀道路-上り-0-357", "route": "横浜横須賀道路", "direction": "上り", "from": "逗子ＩＣ", "to": "朝比奈ＩＣ", "grade": 0.57, "elevation_start": 61.4, "elevation_end": 61.7, "quality": "estimated", "structure": "normal", "chain_rank": 0, "cum_dist_start": 17850.0, "cum_dist_end": 17900.0, "anomaly": false}, "geometry": {"type": "LineString", "coordinates": [[139.5997830403469, 35.3246504598206], [139.59956027895285, 35.324782543415026], [139.5993375175588, 35.32491462700945]]}}, {"type": "Feature", "properties": {"id": "横浜横須賀道路-上り-0-358", "route": "横浜横須賀道路", "direction": "上り", "from": "逗子ＩＣ", "to": "朝比奈ＩＣ", "grade": 0.57, "elevation_start": 61.7, "elevation_end": 62.0, "quality": "estimated", "structure": "normal", "chain_rank": 0, "cum_dist_start": 17900.0, "cum_dist_end": 17950.0, "anomaly": false}, "geometry": {"type": "LineString", "coordinates": [[139.5993375175588, 35.32491462700945], [139.59911475616477, 35.325046710603864], [139.59889199477072, 35.32517879419829]]}}, {"type": "Feature", "properties": {"id": "横浜横須賀道路-上り-0-359", "route": "横浜横須賀道路", "direction": "上り", "from": "逗子ＩＣ", "to": "朝比奈ＩＣ", "grade": 0.57, "elevation_start": 62.0, "elevation_end": 62.3, "quality": "estimated", "structure": "normal", "chain_rank": 0, "cum_dist_start": 17950.0, "cum_dist_end": 18000.0, "anomaly": false}, "geometry": {"type": "LineString", "coordinates": [[139.59889199477072, 35.32517879419829], [139.59866923337668, 35.32531087779271], [139.59844647198264, 35.325442961387125]]}}, {"type": "Feature", "properties": {"id": "横浜横須賀道路-上り-0-360", "route": "横浜横須賀道路", "direction": "上り", "from": "逗子ＩＣ", "to": "朝比奈ＩＣ", "grade": 0.57, "elevation_start": 62.3, "elevation_end": 62.5, "quality": "estimated", "structure": "normal", "chain_rank": 0, "cum_dist_start": 18000.0, "cum_dist_end": 18050.0, "anomaly": false}, "geometry": {"type": "LineString", "coordinates": [[139.59844647198264, 35.325442961387125], [139.5982237105886, 35.32557504498155], [139.59800117182556, 35.32570738203175]]}}, {"type": "Feature", "properties": {"id": "横浜横須賀道路-上り-0-361", "route": "横浜横須賀道路", "direction": "上り", "from": "逗子ＩＣ", "to": "朝比奈ＩＣ", "grade": 0.57, "elevation_start": 62.5, "elevation_end": 62.8, "quality": "estimated", "structure": "normal", "chain_rank": 0, "cum_dist_start": 18050.0, "cum_dist_end": 18100.0, "anomaly": false}, "geometry": {"type": "LineString", "coordinates": [[139.59800117182556, 35.32570738203175], [139.59777870677664, 35.32583980300229], [139.59755624172772, 35.32597222397282]]}}, {"type": "Feature", "properties": {"id": "横浜横須賀道路-上り-0-362", "route": "横浜横須賀道路", "direction": "上り", "from": "逗子ＩＣ", "to": "朝比奈ＩＣ", "grade": 0.57, "elevation_start": 62.8, "elevation_end": 63.1, "quality": "estimated", "structure": "tunnel", "chain_rank": 0, "cum_dist_start": 18100.0, "cum_dist_end": 18150.0, "anomaly": false}, "geometry": {"type": "LineString", "coordinates": [[139.59755624172772, 35.32597222397282], [139.5973344478289, 35.32610536546309], [139.5971199571902, 35.32624634743929]]}}, {"type": "Feature", "properties": {"id": "横浜横須賀道路-上り-0-363", "route": "横浜横須賀道路", "direction": "上り", "from": "逗子ＩＣ", "to": "朝比奈ＩＣ", "grade": 0.57, "elevation_start": 63.1, "elevation_end": 63.4, "quality": "estimated", "structure": "tunnel", "chain_rank": 0, "cum_dist_start": 18150.0, "cum_dist_end": 18200.0, "anomaly": false}, "geometry": {"type": "LineString", "coordinates": [[139.5971199571902, 35.32624634743929], [139.59690546655148, 35.32638732941549], [139.5966960872312, 35.326533375905754]]}}, {"type": "Feature", "properties": {"id": "横浜横須賀道路-上り-0-364", "route": "横浜横須賀道路", "direction": "上り", "from": "逗子ＩＣ", "to": "朝比奈ＩＣ", "grade": 0.57, "elevation_start": 63.4, "elevation_end": 63.7, "quality": "estimated", "structure": "normal", "chain_rank": 0, "cum_dist_start": 18200.0, "cum_dist_end": 18250.0, "anomaly": false}, "geometry": {"type": "LineString", "coordinates": [[139.5966960872312, 35.326533375905754], [139.59648879696002, 35.326681378544606], [139.59628532267968, 35.32683293306248]]}}, {"type": "Feature", "properties": {"id": "横浜横須賀道路-上り-0-365", "route": "横浜横須賀道路", "direction": "上り", "from": "逗子ＩＣ", "to": "朝比奈ＩＣ", "grade": 0.57, "elevation_start": 63.7, "elevation_end": 64.0, "quality": "estimated", "structure": "normal", "chain_rank": 0, "cum_dist_start": 18250.0, "cum_dist_end": 18300.0, "anomaly": false}, "geometry": {"type": "LineString", "coordinates": [[139.59628532267968, 35.32683293306248], [139.59608831066754, 35.3269900341284], [139.59589741919575, 35.32715209367458]]}}, {"type": "Feature", "properties": {"id": "横浜横須賀道路-上り-0-366", "route": "横浜横須賀道路", "direction": "上り", "from": "逗子ＩＣ", "to": "朝比奈ＩＣ", "grade": 0.57, "elevation_start": 64.0, "elevation_end": 64.2, "quality": "estimated", "structure": "normal", "chain_rank": 0, "cum_dist_start": 18300.0, "cum_dist_end": 18350.0, "anomaly": false}, "geometry": {"type": "LineString", "coordinates": [[139.59589741919575, 35.32715209367458], [139.59571598062817, 35.32732140329824], [139.59553454206056, 35.32749071292191]]}}, {"type": "Feature", "properties": {"id": "横浜横須賀道路-上り-0-367", "route": "横浜横須賀道路", "direction": "上り", "from": "逗子ＩＣ", "to": "朝比奈ＩＣ", "grade": 0.57, "elevation_start": 64.2, "elevation_end": 64.5, "quality": "estimated", "structure": "tunnel", "chain_rank": 0, "cum_dist_start": 18350.0, "cum_dist_end": 18400.0, "anomaly": false}, "geometry": {"type": "LineString", "coordinates": [[139.59553454206056, 35.32749071292191], [139.59535310349298, 35.327660022545565], [139.59517573642393, 35.32783212969197]]}}, {"type": "Feature", "properties": {"id": "横浜横須賀道路-上り-0-368", "route": "横浜横須賀道路", "direction": "上り", "from": "逗子ＩＣ", "to": "朝比奈ＩＣ", "grade": 0.57, "elevation_start": 64.5, "elevation_end": 64.8, "quality": "estimated", "structure": "tunnel", "chain_rank": 0, "cum_dist_start": 18400.0, "cum_dist_end": 18450.0, "anomaly": false}, "geometry": {"type": "LineString", "coordinates": [[139.59517573642393, 35.32783212969197], [139.5950089735763, 35.32801123114001], [139.59484608827188, 35.32819277043588]]}}, {"type": "Feature", "properties": {"id": "横浜横須賀道路-上り-0-369", "route": "横浜横須賀道路", "direction": "上り", "from": "逗子ＩＣ", "to": "朝比奈ＩＣ", "grade": 0.57, "elevation_start": 64.8, "elevation_end": 65.1, "quality": "estimated", "structure": "bridge", "chain_rank": 0, "cum_dist_start": 18450.0, "cum_dist_end": 18500.0, "anomaly": false}, "geometry": {"type": "LineString", "coordinates": [[139.59484608827188, 35.32819277043588], [139.59469313049394, 35.32837994776917], [139.5945429182756, 35.328568684359716]]}}, {"type": "Feature", "properties": {"id": "横浜横須賀道路-上り-0-370", "route": "横浜横須賀道路", "direction": "上り", "from": "逗子ＩＣ", "to": "朝比奈ＩＣ", "grade": 0.57, "elevation_start": 65.1, "elevation_end": 65.4, "quality": "estimated", "structure": "bridge", "chain_rank": 0, "cum_dist_start": 18500.0, "cum_dist_end": 18550.0, "anomaly": false}, "geometry": {"type": "LineString", "coordinates": [[139.5945429182756, 35.328568684359716], [139.594401036775, 35.328761694352124], [139.59425953923898, 35.32895490130654]]}}, {"type": "Feature", "properties": {"id": "横浜横須賀道路-上り-0-371", "route": "横浜横須賀道路", "direction": "上り", "from": "逗子ＩＣ", "to": "朝比奈ＩＣ", "grade": 0.57, "elevation_start": 65.4, "elevation_end": 65.7, "quality": "estimated", "structure": "bridge", "chain_rank": 0, "cum_dist_start": 18550.0, "cum_dist_end": 18600.0, "anomaly": false}, "geometry": {"type": "LineString", "coordinates": [[139.59425953923898, 35.32895490130654], [139.59412628479384, 35.329151987263934], [139.59399867489685, 35.329351518336395]]}}, {"type": "Feature", "properties": {"id": "横浜横須賀道路-上り-0-372", "route": "横浜横須賀道路", "direction": "上り", "from": "逗子ＩＣ", "to": "朝比奈ＩＣ", "grade": 0.57, "elevation_start": 65.7, "elevation_end": 65.9, "quality": "estimated", "structure": "normal", "chain_rank": 0, "cum_dist_start": 18600.0, "cum_dist_end": 18650.0, "anomaly": false}, "geometry": {"type": "LineString", "coordinates": [[139.59399867489685, 35.329351518336395], [139.59387941879018, 35.329554544496524], [139.59376319704526, 35.32975875981122]]}}, {"type": "Feature", "properties": {"id": "横浜横須賀道路-上り-0-373", "route": "横浜横須賀道路", "direction": "上り", "from": "逗子ＩＣ", "to": "朝比奈ＩＣ", "grade": 0.57, "elevation_start": 65.9, "elevation_end": 66.2, "quality": "estimated", "structure": "normal", "chain_rank": 0, "cum_dist_start": 18650.0, "cum_dist_end": 18700.0, "anomaly": false}, "geometry": {"type": "LineString", "coordinates": [[139.59376319704526, 35.32975875981122], [139.5936559356744, 35.3299662215667], [139.59354984175195, 35.33017410630142]]}}, {"type": "Feature", "properties": {"id": "横浜横須賀道路-上り-0-374", "route": "横浜横須賀道路", "direction": "上り", "from": "逗子ＩＣ", "to": "朝比奈ＩＣ", "grade": 0.57, "elevation_start": 66.2, "elevation_end": 66.5, "quality": "estimated", "structure": "bridge", "chain_rank": 0, "cum_dist_start": 18700.0, "cum_dist_end": 18750.0, "anomaly": false}, "geometry": {"type": "LineString", "coordinates": [[139.59354984175195, 35.33017410630142], [139.59345069139263, 35.330384266284156], [139.59335525409952, 35.33059556689811]]}}, {"type": "Feature", "properties": {"id": "横浜横須賀道路-上り-0-375", "route": "横浜横須賀道路", "direction": "上り", "from": "逗子ＩＣ", "to": "朝比奈ＩＣ", "grade": 0.57, "elevation_start": 66.5, "elevation_end": 66.8, "quality": "estimated", "structure": "bridge", "chain_rank": 0, "cum_dist_start": 18750.0, "cum_dist_end": 18800.0, "anomaly": false}, "geometry": {"type": "LineString", "coordinates": [[139.59335525409952, 35.33059556689811], [139.5932650917926, 35.33080844230103], [139.59317667268195, 35.33102180397493]]}}, {"type": "Feature", "properties": {"id": "横浜横須賀道路-上り-0-376", "route": "横浜横須賀道路", "direction": "上り", "from": "逗子ＩＣ", "to": "朝比奈ＩＣ", "grade": 0.57, "elevation_start": 66.8, "elevation_end": 67.1, "quality": "estimated", "structure": "bridge", "chain_rank": 0, "cum_dist_start": 18800.0, "cum_dist_end": 18850.0, "anomaly": false}, "geometry": {"type": "LineString", "coordinates": [[139.59317667268195, 35.33102180397493], [139.5930896493601, 35.331235555009215], [139.59300262603827, 35.33144930604351]]}}, {"type": "Feature", "properties": {"id": "横浜横須賀道路-上り-0-377", "route": "横浜横須賀道路", "direction": "上り", "from": "逗子ＩＣ", "to": "朝比奈ＩＣ", "grade": 0.57, "elevation_start": 67.1, "elevation_end": 67.4, "quality": "estimated", "structure": "bridge", "chain_rank": 0, "cum_dist_start": 18850.0, "cum_dist_end": 18900.0, "anomaly": false}, "geometry": {"type": "LineString", "coordinates": [[139.59300262603827, 35.33144930604351], [139.59291859469872, 35.33166383909583], [139.5928385337071, 35.3318794098828]]}}, {"type": "Feature", "properties": {"id": "横浜横須賀道路-上り-0-378", "route": "横浜横須賀道路", "direction": "上り", "from": "逗子ＩＣ", "to": "朝比奈ＩＣ", "grade": 0.57, "elevation_start": 67.4, "elevation_end": 67.6, "quality": "estimated", "structure": "bridge", "chain_rank": 0, "cum_dist_start": 18900.0, "cum_dist_end": 18950.0, "anomaly": false}, "geometry": {"type": "LineString", "coordinates": [[139.5928385337071, 35.3318794098828], [139.59275780039783, 35.33209481191852], [139.59267674862562, 35.332310134020275]]}}, {"type": "Feature", "properties": {"id": "横浜横須賀道路-上り-0-379", "route": "横浜横須賀道路", "direction": "上り", "from": "逗子ＩＣ", "to": "朝比奈ＩＣ", "grade": 0.57, "elevation_start": 67.6, "elevation_end": 67.9, "quality": "estimated", "structure": "bridge", "chain_rank": 0, "cum_dist_start": 18950.0, "cum_dist_end": 19000.0, "anomaly": false}, "geometry": {"type": "LineString", "coordinates": [[139.59267674862562, 35.332310134020275], [139.59259599119423, 35.332525530253], [139.59251556226494, 35.33274100922038]]}}, {"type": "Feature", "properties": {"id": "横浜横須賀道路-上り-0-380", "route": "横浜横須賀道路", "direction": "上り", "from": "逗子ＩＣ", "to": "朝比奈ＩＣ", "grade": 0.57, "elevation_start": 67.9, "elevation_end": 68.2, "quality": "estimated", "structure": "normal", "chain_rank": 0, "cum_dist_start": 19000.0, "cum_dist_end": 19050.0, "anomaly": false}, "geometry": {"type": "LineString", "coordinates": [[139.59251556226494, 35.33274100922038], [139.59243374353125, 35.33295613640439], [139.59235037859693, 35.33317084880855]]}}, {"type": "Feature", "properties": {"id": "横浜横須賀道路-上り-0-381", "route": "横浜横須賀道路", "direction": "上り", "from": "逗子ＩＣ", "to": "朝比奈ＩＣ", "grade": 0.57, "elevation_start": 68.2, "elevation_end": 68.5, "quality": "estimated", "structure": "normal", "chain_rank": 0, "cum_dist_start": 19050.0, "cum_dist_end": 19100.0, "anomaly": false}, "geometry": {"type": "LineString", "coordinates": [[139.59235037859693, 35.33317084880855], [139.5922606859148, 35.333383858137914], [139.59217099323263, 35.333596867467286]]}}, {"type": "Feature", "properties": {"id": "横浜横須賀道路-上り-0-382", "route": "横浜横須賀道路", "direction": "上り", "from": "逗子ＩＣ", "to": "朝比奈ＩＣ", "grade": 0.99, "elevation_start": 68.5, "elevation_end": 69.0, "quality": "estimated", "structure": "normal", "chain_rank": 0, "cum_dist_start": 19100.0, "cum_dist_end": 19150.0, "anomaly": false}, "geometry": {"type": "LineString", "coordinates": [[139.59217099323263, 35.333596867467286], [139.59209380413438, 35.33381310132151], [139.59201847109222, 35.33402981383041]]}}, {"type": "Feature", "properties": {"id": "横浜横須賀道路-上り-0-383", "route": "横浜横須賀道路", "direction": "上り", "from": "逗子ＩＣ", "to": "朝比奈ＩＣ", "grade": 0.0, "elevation_start": 69.0, "elevation_end": 69.0, "quality": "measured", "structure": "normal", "chain_rank": 0, "cum_dist_start": 19150.0, "cum_dist_end": 19200.0, "anomaly": false}, "geometry": {"type": "LineString", "coordinates": [[139.59201847109222, 35.33402981383041], [139.5919410163384, 35.334245988336384], [139.59185381020265, 35.33445969018206]]}}, {"type": "Feature", "properties": {"id": "横浜横須賀道路-上り-0-384", "route": "横浜横須賀道路", "direction": "上り", "from": "逗子ＩＣ", "to": "朝比奈ＩＣ", "grade": 0.7, "elevation_start": 69.0, "elevation_end": 69.3, "quality": "measured", "structure": "normal", "chain_rank": 0, "cum_dist_start": 19200.0, "cum_dist_end": 19250.0, "anomaly": false}, "geometry": {"type": "LineString", "coordinates": [[139.59185381020265, 35.33445969018206], [139.59176660406692, 35.33467339202774], [139.5916795026383, 35.33488712248399]]}}, {"type": "Feature", "properties": {"id": "横浜横須賀道路-上り-1-0", "route": "横浜横須賀道路", "direction": "上り", "from": "狩場JCT", "to": "別所ＩＣ", "grade": 1.1, "elevation_start": 49.6, "elevation_end": 50.2, "quality": "measured", "structure": "normal", "chain_rank": 1, "cum_dist_start": 0.0, "cum_dist_end": 50.0, "anomaly": false}, "geometry": {"type": "LineString", "coordinates": [[139.5809077, 35.4412581], [139.5810820677752, 35.44108379558952], [139.58124482144223, 35.440902107259646]]}}, {"type": "Feature", "properties": {"id": "横浜横須賀道路-上り-1-1", "route": "横浜横須賀道路", "direction": "上り", "from": "狩場JCT", "to": "別所ＩＣ", "grade": 1.67, "elevation_start": 50.2, "elevation_end": 51.0, "quality": "measured", "structure": "normal", "chain_rank": 1, "cum_dist_start": 50.0, "cum_dist_end": 100.0, "anomaly": false}, "geometry": {"type": "LineString", "coordinates": [[139.58124482144223, 35.440902107259646], [139.58139070790176, 35.44071111956047], [139.58151860023168, 35.44051164691552]]}}, {"type": "Feature", "properties": {"id": "横浜横須賀道路-上り-1-2", "route": "横浜横須賀道路", "direction": "上り", "from": "狩場JCT", "to": "別所ＩＣ", "grade": 1.82, "elevation_start": 51.0, "elevation_end": 51.9, "quality": "measured", "structure": "normal", "chain_rank": 1, "cum_dist_start": 100.0, "cum_dist_end": 150.0, "anomaly": false}, "geometry": {"type": "LineString", "coordinates": [[139.58151860023168, 35.44051164691552], [139.58163128308584, 35.44030613149254], [139.5817311281686, 35.440096229271745]]}}, {"type": "Feature", "properties": {"id": "横浜横須賀道路-上り-1-3", "route": "横浜横須賀道路", "direction": "上り", "from": "狩場JCT", "to": "別所ＩＣ", "grade": 1.93, "elevation_start": 51.9, "elevation_end": 52.9, "quality": "measured", "structure": "normal", "chain_rank": 1, "cum_dist_start": 150.0, "cum_dist_end": 200.0, "anomaly": false}, "geometry": {"type": "LineString", "coordinates": [[139.5817311281686, 35.440096229271745], [139.58181435747528, 35.439881523542404], [139.58188316867515, 35.43966338542802]]}}, {"type": "Feature", "properties": {"id": "横浜横須賀道路-上り-1-4", "route": "横浜横須賀道路", "direction": "上り", "from": "狩場JCT", "to": "別所ＩＣ", "grade": 2.28, "elevation_start": 52.9, "elevation_end": 54.0, "quality": "measured", "structure": "normal", "chain_rank": 1, "cum_dist_start": 200.0, "cum_dist_end": 250.0, "anomaly": false}, "geometry": {"type": "LineString", "coordinates": [[139.58188316867515, 35.43966338542802], [139.58193383776958, 35.43944200373182], [139.58196711510885, 35.439218405701844]]}}, {"type": "Feature", "properties": {"id": "横浜横須賀道路-上り-1-5", "route": "横浜横須賀道路", "direction": "上り", "from": "狩場JCT", "to": "別所ＩＣ", "grade": 2.03, "elevation_start": 54.0, "elevation_end": 55.0, "quality": "measured", "structure": "normal", "chain_rank": 1, "cum_dist_start": 250.0, "cum_dist_end": 300.0, "anomaly": false}, "geometry": {"type": "LineString", "coordinates": [[139.58196711510885, 35.439218405701844], [139.5819854570692, 35.43899364834852], [139.58199308556323, 35.43876850901951]]}}, {"type": "Feature", "properties": {"id": "横浜横須賀道路-上り-1-6", "route": "横浜横須賀道路", "direction": "上り", "from": "狩場JCT", "to": "別所ＩＣ", "grade": 2.23, "elevation_start": 55.0, "elevation_end": 56.1, "quality": "measured", "structure": "normal", "chain_rank": 1, "cum_dist_start": 300.0, "cum_dist_end": 350.0, "anomaly": false}, "geometry": {"type": "LineString", "coordinates": [[139.58199308556323, 35.43876850901951], [139.58198979243963, 35.4385431956288], [139.58197843387953, 35.43831816044619]]}}, {"type": "Feature", "properties": {"id": "横浜横須賀道路-上り-1-7", "route": "横浜横須賀道路", "direction": "上り", "from": "狩場JCT", "to": "別所ＩＣ", "grade": 2.24, "elevation_start": 56.1, "elevation_end": 57.3, "quality": "measured", "structure": "normal", "chain_rank": 1, "cum_dist_start": 350.0, "cum_dist_end": 400.0, "anomaly": false}, "geometry": {"type": "LineString", "coordinates": [[139.58197843387953, 35.43831816044619], [139.5819585475493, 35.438093419419346], [139.58193786702597, 35.43786873258996]]}}, {"type": "Feature", "properties": {"id": "横浜横須賀道路-上り-1-8", "route": "横浜横須賀道路", "direction": "上り", "from": "狩場JCT", "to": "別所ＩＣ", "grade": 2.05, "elevation_start": 57.3, "elevation_end": 58.3, "quality": "measured", "structure": "normal", "chain_rank": 1, "cum_dist_start": 400.0, "cum_dist_end": 450.0, "anomaly": false}, "geometry": {"type": "LineString", "coordinates": [[139.58193786702597, 35.43786873258996], [139.5819119955127, 35.43764440000496], [139.58188612399948, 35.437420067419964]]}}, {"type": "Feature", "properties": {"id": "横浜横須賀道路-上り-1-9", "route": "横浜横須賀道路", "direction": "上り", "from": "狩場JCT", "to": "別所ＩＣ", "grade": 2.01, "elevation_start": 58.3, "elevation_end": 59.3, "quality": "measured", "structure": "normal", "chain_rank": 1, "cum_dist_start": 450.0, "cum_dist_end": 500.0, "anomaly": false}, "geometry": {"type": "LineString", "coordinates": [[139.58188612399948, 35.437420067419964], [139.58186025248625, 35.437195734834965], [139.58183438097302, 35.436971402249966]]}}, {"type": "Feature", "properties": {"id": "横浜横須賀道路-上り-1-10", "route": "横浜横須賀道路", "direction": "上り", "from": "狩場JCT", "to": "別所ＩＣ", "grade": 2.04, "elevation_start": 59.3, "elevation_end": 60.3, "quality": "measured", "structure": "normal", "chain_rank": 1, "cum_dist_start": 500.0, "cum_dist_end": 550.0, "anomaly": false}, "geometry": {"type": "LineString", "coordinates": [[139.58183438097302, 35.436971402249966], [139.58180850945976, 35.43674706966497], [139.58178532526213, 35.43652257815535]]}}, {"type": "Feature", "properties": {"id": "横浜横須賀道路-上り-1-11", "route": "横浜横須賀道路", "direction": "上り", "from": "狩場JCT", "to": "別所ＩＣ", "grade": 1.81, "elevation_start": 60.3, "elevation_end": 61.2, "quality": "measured", "structure": "normal", "chain_rank": 1, "cum_dist_start": 550.0, "cum_dist_end": 600.0, "anomaly": false}, "geometry": {"type": "LineString", "coordinates": [[139.58178532526213, 35.43652257815535], [139.58177151974607, 35.43629753200177], [139.58175771423, 35.436072485848186]]}}, {"type": "Feature", "properties": {"id": "横浜横須賀道路-上り-1-12", "route": "横浜横須賀道路", "direction": "上り", "from": "狩場JCT", "to": "別所ＩＣ", "grade": 1.51, "elevation_start": 61.2, "elevation_end": 62.0, "quality": "measured", "structure": "normal", "chain_rank": 1, "cum_dist_start": 600.0, "cum_dist_end": 650.0, "anomaly": false}, "geometry": {"type": "LineString", "coordinates": [[139.58175771423, 35.436072485848186], [139.58174511546017, 35.43584740515003], [139.58173967627332, 35.43562211950006]]}}, {"type": "Feature", "properties": {"id": "横浜横須賀道路-上り-1-13", "route": "横浜横須賀道路", "direction": "上り", "from": "狩場JCT", "to": "別所ＩＣ", "grade": 1.1, "elevation_start": 62.0, "elevation_end": 62.5, "quality": "measured", "structure": "normal", "chain_rank": 1, "cum_dist_start": 650.0, "cum_dist_end": 700.0, "anomaly": false}, "geometry": {"type": "LineString", "coordinates": [[139.58173967627332, 35.43562211950006], [139.58173423708647, 35.43539683385009], [139.58172879789961, 35.43517154820013]]}}, {"type": "Feature", "properties": {"id": "横浜横須賀道路-上り-1-14", "route": "横浜横須賀道路", "direction": "上り", "from": "狩場JCT", "to": "別所ＩＣ", "grade": 0.81, "elevation_start": 62.5, "elevation_end": 62.9, "quality": "measured", "structure": "normal", "chain_rank": 1, "cum_dist_start": 700.0, "cum_dist_end": 750.0, "anomaly": false}, "geometry": {"type": "LineString", "coordinates": [[139.58172879789961, 35.43517154820013], [139.5817319554342, 35.43494625225837], [139.5817365908607, 35.43472095454731]]}}, {"type": "Feature", "properties": {"id": "横浜横須賀道路-上り-1-15", "route": "横浜横須賀道路", "direction": "上り", "from": "狩場JCT", "to": "別所ＩＣ", "grade": 1.16, "elevation_start": 62.9, "elevation_end": 63.5, "quality": "measured", "structure": "normal", "chain_rank": 1, "cum_dist_start": 750.0, "cum_dist_end": 800.0, "anomaly": false}, "geometry": {"type": "LineString", "coordinates": [[139.5817365908607, 35.43472095454731], [139.5817458101365, 35.43449580917493], [139.58176351096571, 35.43427094567672]]}}, {"type": "Feature", "properties": {"id": "横浜横須賀道路-上り-1-16", "route": "横浜横須賀道路", "direction": "上り", "from": "狩場JCT", "to": "別所ＩＣ", "grade": 0.19, "elevation_start": 63.5, "elevation_end": 63.6, "quality": "measured", "structure": "normal", "chain_rank": 1, "cum_dist_start": 800.0, "cum_dist_end": 850.0, "anomaly": false}, "geometry": {"type": "LineString", "coordinates": [[139.58176351096571, 35.43427094567672], [139.58178121179492, 35.43404608217851], [139.5818049786085, 35.433821650706186]]}}, {"type": "Feature", "properties": {"id": "横浜横須賀道路-上り-1-17", "route": "横浜横須賀道路", "direction": "上り", "from": "狩場JCT", "to": "別所ＩＣ", "grade": 0.45, "elevation_start": 63.6, "elevation_end": 63.8, "quality": "measured", "structure": "normal", "chain_rank": 1, "cum_dist_start": 850.0, "cum_dist_end": 900.0, "anomaly": false}, "geometry": {"type": "LineString", "coordinates": [[139.5818049786085, 35.433821650706186], [139.58183500327402, 35.43359766492476], [139.58186704703323, 35.43337388615761]]}}, {"type": "Feature", "properties": {"id": "横浜横須賀道路-上り-1-18", "route": "横浜横須賀道路", "direction": "上り", "from": "狩場JCT", "to": "別所ＩＣ", "grade": 0.95, "elevation_start": 63.8, "elevation_end": 64.3, "quality": "measured", "structure": "normal", "chain_rank": 1, "cum_dist_start": 900.0, "cum_dist_end": 950.0, "anomaly": false}, "geometry": {"type": "LineString", "coordinates": [[139.58186704703323, 35.43337388615761], [139.58190545895934, 35.43315076030789], [139.58194387088545, 35.43292763445817]]}}, {"type": "Feature", "properties": {"id": "横浜横須賀道路-上り-1-19", "route": "横浜横須賀道路", "direction": "上り", "from": "狩場JCT", "to": "別所ＩＣ", "grade": -0.7, "elevation_start": 64.3, "elevation_end": 63.9, "quality": "measured", "structure": "normal", "chain_rank": 1, "cum_dist_start": 950.0, "cum_dist_end": 1000.0, "anomaly": false}, "geometry": {"type": "LineString", "coordinates": [[139.58194387088545, 35.43292763445817], [139.58198228281157, 35.43270450860845], [139.5820300000186, 35.43248259273253]]}}, {"type": "Feature", "properties": {"id": "横浜横須賀道路-上り-1-20", "route": "横浜横須賀道路", "direction": "上り", "from": "狩場JCT", "to": "別所ＩＣ", "grade": -1.52, "elevation_start": 63.9, "elevation_end": 63.2, "quality": "measured", "structure": "normal", "chain_rank": 1, "cum_dist_start": 1000.0, "cum_dist_end": 1050.0, "anomaly": false}, "geometry": {"type": "LineString", "coordinates": [[139.5820300000186, 35.43248259273253], [139.5820779703421, 35.43226070976957], [139.5821259406656, 35.43203882680661]]}}, {"type": "Feature", "properties": {"id": "横浜横須賀道路-上り-1-21", "route": "横浜横須賀道路", "direction": "上り", "from": "狩場JCT", "to": "別所ＩＣ", "grade": -1.6, "elevation_start": 63.2, "elevation_end": 62.4, "quality": "measured", "structure": "normal", "chain_rank": 1, "cum_dist_start": 1050.0, "cum_dist_end": 1100.0, "anomaly": false}, "geometry": {"type": "LineString", "coordinates": [[139.5821259406656, 35.43203882680661], [139.58217391098913, 35.43181694384365], [139.58222188131262, 35.43159506088069]]}}, {"type": "Feature", "properties": {"id": "横浜横須賀道路-上り-1-22", "route": "横浜横須賀道路", "direction": "上り", "from": "狩場JCT", "to": "別所ＩＣ", "grade": -0.09, "elevation_start": 62.4, "elevation_end": 62.3, "quality": "estimated", "structure": "normal", "chain_rank": 1, "cum_dist_start": 1100.0, "cum_dist_end": 1150.0, "anomaly": false}, "geometry": {"type": "LineString", "coordinates": [[139.58222188131262, 35.43159506088069], [139.58226985163614, 35.43137317791773], [139.58232340553513, 35.43115216533389]]}}, {"type": "Feature", "properties": {"id": "横浜横須賀道路-上り-1-23", "route": "横浜横須賀道路", "direction": "上り", "from": "狩場JCT", "to": "別所ＩＣ", "grade": -0.09, "elevation_start": 62.3, "elevation_end": 62.3, "quality": "estimated", "structure": "normal", "chain_rank": 1, "cum_dist_start": 1150.0, "cum_dist_end": 1200.0, "anomaly": false}, "geometry": {"type": "LineString", "coordinates": [[139.58232340553513, 35.43115216533389], [139.582378438941, 35.4309313833786], [139.58243347234682, 35.43071060142331]]}}, {"type": "Feature", "properties": {"id": "横浜横須賀道路-上り-1-24", "route": "横浜横須賀道路", "direction": "上り", "from": "狩場JCT", "to": "別所ＩＣ", "grade": -0.09, "elevation_start": 62.3, "elevation_end": 62.3, "quality": "estimated", "structure": "normal", "chain_rank": 1, "cum_dist_start": 1200.0, "cum_dist_end": 1250.0, "anomaly": false}, "geometry": {"type": "LineString", "coordinates": [[139.58243347234682, 35.43071060142331], [139.58248850575268, 35.430489819468015], [139.58254010943074, 35.43026848859624]]}}, {"type": "Feature", "properties": {"id": "横浜横須賀道路-上り-1-25", "route": "横浜横須賀道路", "direction": "上り", "from": "狩場JCT", "to": "別所ＩＣ", "grade": -0.09, "elevation_start": 62.3, "elevation_end": 62.2, "quality": "estimated", "structure": "bridge", "chain_rank": 1, "cum_dist_start": 1250.0, "cum_dist_end": 1300.0, "anomaly": false}, "geometry": {"type": "LineString", "coordinates": [[139.58254010943074, 35.43026848859624], [139.58258988068266, 35.430046872300686], [139.58263914073208, 35.429825178820515]]}}, {"type": "Feature", "properties": {"id": "横浜横須賀道路-上り-1-26", "route": "横浜横須賀道路", "direction": "上り", "from": "狩場JCT", "to": "別所ＩＣ", "grade": -0.09, "elevation_start": 62.2, "elevation_end": 62.2, "quality": "estimated", "structure": "bridge", "chain_rank": 1, "cum_dist_start": 1300.0, "cum_dist_end": 1350.0, "anomaly": false}, "geometry": {"type": "LineString", "coordinates": [[139.58263914073208, 35.429825178820515], [139.5826793432999, 35.42960240137218], [139.5827096983825, 35.42937844541076]]}}, {"type": "Feature", "properties": {"id": "横浜横須賀道路-上り-1-27", "route": "横浜横須賀道路", "direction": "上り", "from": "狩場JCT", "to": "別所ＩＣ", "grade": -0.09, "elevation_start": 62.2, "elevation_end": 62.1, "quality": "estimated", "structure": "bridge", "chain_rank": 1, "cum_dist_start": 1350.0, "cum_dist_end": 1400.0, "anomaly": false}, "geometry": {"type": "LineString", "coordinates": [[139.5827096983825, 35.42937844541076], [139.58273742819875, 35.42915430682087], [139.58275368747016, 35.42892937027457]]}}, {"type": "Feature", "properties": {"id": "横浜横須賀道路-上り-1-28", "route": "横浜横須賀道路", "direction": "上り", "from": "狩場JCT", "to": "別所ＩＣ", "grade": -0.09, "elevation_start": 62.1, "elevation_end": 62.1, "quality": "estimated", "structure": "bridge", "chain_rank": 1, "cum_dist_start": 1400.0, "cum_dist_end": 1450.0, "anomaly": false}, "geometry": {"type": "LineString", "coordinates": [[139.58275368747016, 35.42892937027457], [139.5827682858831, 35.428704376006316], [139.58277538101584, 35.42847912096692]]}}, {"type": "Feature", "properties": {"id": "横浜横須賀道路-上り-1-29", "route": "横浜横須賀道路", "direction": "上り", "from": "狩場JCT", "to": "別所ＩＣ", "grade": -0.09, "elevation_start": 62.1, "elevation_end": 62.0, "quality": "estimated", "structure": "bridge", "chain_rank": 1, "cum_dist_start": 1450.0, "cum_dist_end": 1500.0, "anomaly": false}, "geometry": {"type": "LineString", "coordinates": [[139.58277538101584, 35.42847912096692], [139.5827739952825, 35.42825387781655], [139.58276204996073, 35.428028809349826]]}}, {"type": "Feature", "properties": {"id": "横浜横須賀道路-上り-1-30", "route": "横浜横須賀道路", "direction": "上り", "from": "狩場JCT", "to": "別所ＩＣ", "grade": -0.09, "elevation_start": 62.0, "elevation_end": 62.0, "quality": "estimated", "structure": "bridge", "chain_rank": 1, "cum_dist_start": 1500.0, "cum_dist_end": 1550.0, "anomaly": false}, "geometry": {"type": "LineString", "coordinates": [[139.58276204996073, 35.428028809349826], [139.58274166196742, 35.427804098206], [139.58270796502228, 35.42758047302765]]}}, {"type": "Feature", "properties": {"id": "横浜横須賀道路-上り-1-31", "route": "横浜横須賀道路", "direction": "上り", "from": "狩場JCT", "to": "別所ＩＣ", "grade": -0.09, "elevation_start": 62.0, "elevation_end": 61.9, "quality": "estimated", "structure": "bridge", "chain_rank": 1, "cum_dist_start": 1550.0, "cum_dist_end": 1600.0, "anomaly": false}, "geometry": {"type": "LineString", "coordinates": [[139.58270796502228, 35.42758047302765], [139.58267375136595, 35.42735689001119], [139.58263953770958, 35.427133306994726]]}}, {"type": "Feature", "properties": {"id": "横浜横須賀道路-上り-1-32", "route": "横浜横須賀道路", "direction": "上り", "from": "狩場JCT", "to": "別所ＩＣ", "grade": -0.09, "elevation_start": 61.9, "elevation_end": 61.9, "quality": "estimated", "structure": "bridge", "chain_rank": 1, "cum_dist_start": 1600.0, "cum_dist_end": 1650.0, "anomaly": false}, "geometry": {"type": "LineString", "coordinates": [[139.58263953770958, 35.427133306994726], [139.58258750050362, 35.42691211660441], [139.58252949657623, 35.42669189318273]]}}, {"type": "Feature", "properties": {"id": "横浜横須賀道路-上り-1-33", "route": "横浜横須賀道路", "direction": "上り", "from": "狩場JCT", "to": "別所ＩＣ", "grade": -0.09, "elevation_start": 61.9, "elevation_end": 61.9, "quality": "estimated", "structure": "bridge", "chain_rank": 1, "cum_dist_start": 1650.0, "cum_dist_end": 1700.0, "anomaly": false}, "geometry": {"type": "LineString", "coordinates": [[139.58252949657623, 35.42669189318273], [139.58246199879724, 35.426473441068566], [139.58238552253718, 35.42625703214079]]}}, {"type": "Feature", "properties": {"id": "横浜横須賀道路-上り-1-34", "route": "横浜横須賀道路", "direction": "上り", "from": "狩場JCT", "to": "別所ＩＣ", "grade": -0.09, "elevation_start": 61.9, "elevation_end": 61.8, "quality": "estimated", "structure": "bridge", "chain_rank": 1, "cum_dist_start": 1700.0, "cum_dist_end": 1750.0, "anomaly": false}, "geometry": {"type": "LineString", "coordinates": [[139.58238552253718, 35.42625703214079], [139.58230420522182, 35.426041792610704], [139.58220829620373, 35.42583057963982]]}}, {"type": "Feature", "properties": {"id": "横浜横須賀道路-上り-1-35", "route": "横浜横須賀道路", "direction": "上り", "from": "狩場JCT", "to": "別所ＩＣ", "grade": -0.09, "elevation_start": 61.8, "elevation_end": 61.8, "quality": "estimated", "structure": "bridge", "chain_rank": 1, "cum_dist_start": 1750.0, "cum_dist_end": 1800.0, "anomaly": false}, "geometry": {"type": "LineString", "coordinates": [[139.58220829620373, 35.42583057963982], [139.58211205584985, 35.42561946844857], [139.582014582396, 35.4254087360406]]}}, {"type": "Feature", "properties": {"id": "横浜横須賀道路-上り-1-36", "route": "横浜横須賀道路", "direction": "上り", "from": "狩場JCT", "to": "別所ＩＣ", "grade": -0.09, "elevation_start": 61.8, "elevation_end": 61.7, "quality": "estimated", "structure": "bridge", "chain_rank": 1, "cum_dist_start": 1800.0, "cum_dist_end": 1850.0, "anomaly": false}, "geometry": {"type": "LineString", "coordinates": [[139.582014582396, 35.4254087360406], [139.58191710894212, 35.42519800363264], [139.58181963548824, 35.424987271224666]]}}, {"type": "Feature", "properties": {"id": "横浜横須賀道路-上り-1-37", "route": "横浜横須賀道路", "direction": "上り", "from": "狩場JCT", "to": "別所ＩＣ", "grade": -0.09, "elevation_start": 61.7, "elevation_end": 61.7, "quality": "estimated", "structure": "bridge", "chain_rank": 1, "cum_dist_start": 1850.0, "cum_dist_end": 1900.0, "anomaly": false}, "geometry": {"type": "LineString", "coordinates": [[139.58181963548824, 35.424987271224666], [139.58172388600246, 35.424776015840266], [139.58163000026045, 35.42456419507762]]}}, {"type": "Feature", "properties": {"id": "横浜横須賀道路-上り-1-38", "route": "横浜横須賀道路", "direction": "上り", "from": "狩場JCT", "to": "別所ＩＣ", "grade": -0.09, "elevation_start": 61.7, "elevation_end": 61.6, "quality": "estimated", "structure": "bridge", "chain_rank": 1, "cum_dist_start": 1900.0, "cum_dist_end": 1950.0, "anomaly": false}, "geometry": {"type": "LineString", "coordinates": [[139.58163000026045, 35.42456419507762], [139.58153552168972, 35.424352551366475], [139.58146654766435, 35.424134515050326]]}}, {"type": "Feature", "properties": {"id": "横浜横須賀道路-上り-1-39", "route": "横浜横須賀道路", "direction": "上り", "from": "狩場JCT", "to": "別所ＩＣ", "grade": -0.09, "elevation_start": 61.6, "elevation_end": 61.6, "quality": "estimated", "structure": "normal", "chain_rank": 1, "cum_dist_start": 1950.0, "cum_dist_end": 2000.0, "anomaly": false}, "geometry": {"type": "LineString", "coordinates": [[139.58146654766435, 35.424134515050326], [139.5813949150559, 35.42391700571981], [139.5813163705962, 35.42370104213673]]}}, {"type": "Feature", "properties": {"id": "横浜横須賀道路-上り-1-40", "route": "横浜横須賀道路", "direction": "上り", "from": "狩場JCT", "to": "別所ＩＣ", "grade": -0.09, "elevation_start": 61.6, "elevation_end": 61.5, "quality": "estimated", "structure": "normal", "chain_rank": 1, "cum_dist_start": 2000.0, "cum_dist_end": 2050.0, "anomaly": false}, "geometry": {"type": "LineString", "coordinates": [[139.5813163705962, 35.42370104213673], [139.58121300842217, 35.423492269161905], [139.5811056853015, 35.42328477912334]]}}, {"type": "Feature", "properties": {"id": "横浜横須賀道路-上り-1-41", "route": "横浜横須賀道路", "direction": "上り", "from": "狩場JCT", "to": "別所ＩＣ", "grade": -0.21, "elevation_start": 61.5, "elevation_end": 61.4, "quality": "estimated", "structure": "normal", "chain_rank": 1, "cum_dist_start": 2050.0, "cum_dist_end": 2100.0, "anomaly": false}, "geometry": {"type": "LineString", "coordinates": [[139.5811056853015, 35.42328477912334], [139.58099591123752, 35.42307814129178], [139.5808823089765, 35.42287289312246]]}}, {"type": "Feature", "properties": {"id": "横浜横須賀道路-上り-1-42", "route": "横浜横須賀道路", "direction": "上り", "from": "狩場JCT", "to": "別所ＩＣ", "grade": -0.21, "elevation_start": 61.4, "elevation_end": 61.3, "quality": "measured", "structure": "normal", "chain_rank": 1, "cum_dist_start": 2100.0, "cum_dist_end": 2150.0, "anomaly": false}, "geometry": {"type": "LineString", "coordinates": [[139.5808823089765, 35.42287289312246], [139.58076870671547, 35.42266764495314], [139.58066008986432, 35.422460670212615]]}}, {"type": "Feature", "properties": {"id": "横浜横須賀道路-上り-1-43", "route": "横浜横須賀道路", "direction": "上り", "from": "狩場JCT", "to": "別所ＩＣ", "grade": -0.26, "elevation_start": 61.3, "elevation_end": 61.2, "quality": "measured", "structure": "normal", "chain_rank": 1, "cum_dist_start": 2150.0, "cum_dist_end": 2200.0, "anomaly": false}, "geometry": {"type": "LineString", "coordinates": [[139.58066008986432, 35.422460670212615], [139.58057055566812, 35.422247660983544], [139.58049125041097, 35.42203194543918]]}}, {"type": "Feature", "properties": {"id": "横浜横須賀道路-上り-1-44", "route": "横浜横須賀道路", "direction": "上り", "from": "狩場JCT", "to": "別所ＩＣ", "grade": -0.9, "elevation_start": 61.2, "elevation_end": 60.8, "quality": "measured", "structure": "normal", "chain_rank": 1, "cum_dist_start": 2200.0, "cum_dist_end": 2250.0, "anomaly": false}, "geometry": {"type": "LineString", "coordinates": [[139.58049125041097, 35.42203194543918], [139.58042239438808, 35.42181377817258], [139.58035972547557, 35.421594428588094]]}}, {"type": "Feature", "properties": {"id": "横浜横須賀道路-上り-1-45", "route": "横浜横須賀道路", "direction": "上り", "from": "狩場JCT", "to": "別所ＩＣ", "grade": -1.21, "elevation_start": 60.8, "elevation_end": 60.2, "quality": "measured", "structure": "normal", "chain_rank": 1, "cum_dist_start": 2250.0, "cum_dist_end": 2300.0, "anomaly": false}, "geometry": {"type": "LineString", "coordinates": [[139.58035972547557, 35.421594428588094], [139.5803034506472, 35.42137385713435], [139.58025760514647, 35.421151855195305]]}}, {"type": "Feature", "properties": {"id": "横浜横須賀道路-上り-1-46", "route": "横浜横須賀道路", "direction": "上り", "from": "狩場JCT", "to": "別所ＩＣ", "grade": -1.08, "elevation_start": 60.2, "elevation_end": 59.6, "quality": "measured", "structure": "normal", "chain_rank": 1, "cum_dist_start": 2300.0, "cum_dist_end": 2350.0, "anomaly": false}, "geometry": {"type": "LineString", "coordinates": [[139.58025760514647, 35.421151855195305], [139.5802229681556, 35.42092831589844], [139.5801883311647, 35.420704776601575]]}}, {"type": "Feature", "properties": {"id": "横浜横須賀道路-上り-1-47", "route": "横浜横須賀道路", "direction": "上り", "from": "狩場JCT", "to": "別所ＩＣ", "grade": -0.18, "elevation_start": 59.6, "elevation_end": 59.5, "quality": "measured", "structure": "normal", "chain_rank": 1, "cum_dist_start": 2350.0, "cum_dist_end": 2400.0, "anomaly": false}, "geometry": {"type": "LineString", "coordinates": [[139.5801883311647, 35.420704776601575], [139.58016298366252, 35.42048058182336], [139.5801503762324, 35.420255488085054]]}}, {"type": "Feature", "properties": {"id": "横浜横須賀道路-上り-1-48", "route": "横浜横須賀道路", "direction": "上り", "from": "狩場JCT", "to": "別所ＩＣ", "grade": 0.0, "elevation_start": 59.5, "elevation_end": 59.5, "quality": "measured", "structure": "normal", "chain_rank": 1, "cum_dist_start": 2400.0, "cum_dist_end": 2450.0, "anomaly": false}, "geometry": {"type": "LineString", "coordinates": [[139.5801503762324, 35.420255488085054], [139.58015065771906, 35.4200301698339], [139.58015155651844, 35.419804840829734]]}}, {"type": "Feature", "properties": {"id": "横浜横須賀道路-上り-1-49", "route": "横浜横須賀道路", "direction": "上り", "from": "狩場JCT", "to": "別所ＩＣ", "grade": 0.09, "elevation_start": 59.5, "elevation_end": 59.6, "quality": "measured", "structure": "normal", "chain_rank": 1, "cum_dist_start": 2450.0, "cum_dist_end": 2500.0, "anomaly": false}, "geometry": {"type": "LineString", "coordinates": [[139.58015155651844, 35.419804840829734], [139.5801664764339, 35.41957995078655], [139.5801866058574, 35.41935522383813]]}}, {"type": "Feature", "properties": {"id": "横浜横須賀道路-上り-1-50", "route": "横浜横須賀道路", "direction": "上り", "from": "狩場JCT", "to": "別所ＩＣ", "grade": 0.49, "elevation_start": 59.6, "elevation_end": 59.8, "quality": "measured", "structure": "normal", "chain_rank": 1, "cum_dist_start": 2500.0, "cum_dist_end": 2550.0, "anomaly": false}, "geometry": {"type": "LineString", "coordinates": [[139.5801866058574, 35.41935522383813], [139.58021670691065, 35.419131284388286], [139.58024943248228, 35.41890755220691]]}}, {"type": "Feature", "properties": {"id": "横浜横須賀道路-上り-1-51", "route": "横浜横須賀道路", "direction": "上り", "from": "狩場JCT", "to": "別所ＩＣ", "grade": 0.47, "elevation_start": 59.8, "elevation_end": 60.0, "quality": "measured", "structure": "normal", "chain_rank": 1, "cum_dist_start": 2550.0, "cum_dist_end": 2600.0, "anomaly": false}, "geometry": {"type": "LineString", "coordinates": [[139.58024943248228, 35.41890755220691], [139.5802828488791, 35.41868389243796], [139.58032004408483, 35.41846062876443]]}}, {"type": "Feature", "properties": {"id": "横浜横須賀道路-上り-1-52", "route": "横浜横須賀道路", "direction": "上り", "from": "狩場JCT", "to": "別所ＩＣ", "grade": 0.32, "elevation_start": 60.0, "elevation_end": 60.2, "quality": "measured", "structure": "normal", "chain_rank": 1, "cum_dist_start": 2600.0, "cum_dist_end": 2650.0, "anomaly": false}, "geometry": {"type": "LineString", "coordinates": [[139.58032004408483, 35.41846062876443], [139.58035723929058, 35.41823736509089], [139.5803944344963, 35.418014101417356]]}}, {"type": "Feature", "properties": {"id": "横浜横須賀道路-上り-1-53", "route": "横浜横須賀道路", "direction": "上り", "from": "狩場JCT", "to": "別所ＩＣ", "grade": 0.01, "elevation_start": 60.2, "elevation_end": 60.2, "quality": "estimated", "structure": "normal", "chain_rank": 1, "cum_dist_start": 2650.0, "cum_dist_end": 2700.0, "anomaly": false}, "geometry": {"type": "LineString", "coordinates": [[139.5803944344963, 35.418014101417356], [139.58043162970202, 35.41779083774382], [139.58046882490777, 35.41756757407029]]}}, {"type": "Feature", "properties": {"id": "横浜横須賀道路-上り-1-54", "route": "横浜横須賀道路", "direction": "上り", "from": "狩場JCT", "to": "別所ＩＣ", "grade": 0.01, "elevation_start": 60.2, "elevation_end": 60.2, "quality": "estimated", "structure": "normal", "chain_rank": 1, "cum_dist_start": 2700.0, "cum_dist_end": 2750.0, "anomaly": false}, "geometry": {"type": "LineString", "coordinates": [[139.58046882490777, 35.41756757407029], [139.5805060201135, 35.41734431039676], [139.5805432153192, 35.417121046723224]]}}, {"type": "Feature", "properties": {"id": "横浜横須賀道路-上り-1-55", "route": "横浜横須賀道路", "direction": "上り", "from": "別所ＩＣ", "to": null, "grade": 0.01, "elevation_start": 60.2, "elevation_end": 60.2, "quality": "estimated", "structure": "normal", "chain_rank": 1, "cum_dist_start": 2750.0, "cum_dist_end": 2800.0, "anomaly": false}, "geometry": {"type": "LineString", "coordinates": [[139.5805432153192, 35.417121046723224], [139.58058041052496, 35.416897783049684], [139.58061771313353, 35.41667453140974]]}}, {"type": "Feature", "properties": {"id": "横浜横須賀道路-上り-1-56", "route": "横浜横須賀道路", "direction": "上り", "from": "別所ＩＣ", "to": null, "grade": 0.01, "elevation_start": 60.2, "elevation_end": 60.2, "quality": "estimated", "structure": "bridge", "chain_rank": 1, "cum_dist_start": 2800.0, "cum_dist_end": 2850.0, "anomaly": false}, "geometry": {"type": "LineString", "coordinates": [[139.58061771313353, 35.41667453140974], [139.5806564231867, 35.41645144737182], [139.58069740386497, 35.4162286462911]]}}, {"type": "Feature", "properties": {"id": "横浜横須賀道路-上り-1-57", "route": "横浜横須賀道路", "direction": "上り", "from": "別所ＩＣ", "to": null, "grade": 0.01, "elevation_start": 60.2, "elevation_end": 60.2, "quality": "estimated", "structure": "normal", "chain_rank": 1, "cum_dist_start": 2850.0, "cum_dist_end": 2900.0, "anomaly": false}, "geometry": {"type": "LineString", "coordinates": [[139.58069740386497, 35.4162286462911], [139.58072885129113, 35.41600479131316], [139.58074721902892, 35.41578000775036]]}}, {"type": "Feature", "properties": {"id": "横浜横須賀道路-上り-1-58", "route": "横浜横須賀道路", "direction": "上り", "from": "別所ＩＣ", "to": null, "grade": 0.01, "elevation_start": 60.2, "elevation_end": 60.2, "quality": "estimated", "structure": "normal", "chain_rank": 1, "cum_dist_start": 2900.0, "cum_dist_end": 2950.0, "anomaly": false}, "geometry": {"type": "LineString", "coordinates": [[139.58074721902892, 35.41578000775036], [139.58075621022934, 35.41555487733616], [139.58075150706645, 35.415329646261355]]}}, {"type": "Feature", "properties": {"id": "横浜横須賀道路-上り-1-59", "route": "横浜横須賀道路", "direction": "上り", "from": "別所ＩＣ", "to": null, "grade": 0.01, "elevation_start": 60.2, "elevation_end": 60.2, "quality": "estimated", "structure": "normal", "chain_rank": 1, "cum_dist_start": 2950.0, "cum_dist_end": 3000.0, "anomaly": false}, "geometry": {"type": "LineString", "coordinates": [[139.58075150706645, 35.415329646261355], [139.5807338366803, 35.41510483039059], [139.58070087922255, 35.41488120351667]]}}, {"type": "Feature", "properties": {"id": "横浜横須賀道路-上り-1-60", "route": "横浜横須賀道路", "direction": "上り", "from": "別所ＩＣ", "to": null, "grade": 0.01, "elevation_start": 60.2, "elevation_end": 60.3, "quality": "estimated", "structure": "normal", "chain_rank": 1, "cum_dist_start": 3000.0, "cum_dist_end": 3050.0, "anomaly": false}, "geometry": {"type": "LineString", "coordinates": [[139.58070087922255, 35.41488120351667], [139.5806517608944, 35.414659635655084], [139.5805802413986, 35.414442170673205]]}}, {"type": "Feature", "properties": {"id": "横浜横須賀道路-上り-1-61", "route": "横浜横須賀道路", "direction": "上り", "from": "別所ＩＣ", "to": null, "grade": 0.01, "elevation_start": 60.3, "elevation_end": 60.3, "quality": "estimated", "structure": "normal", "chain_rank": 1, "cum_dist_start": 3050.0, "cum_dist_end": 3100.0, "anomaly": false}, "geometry": {"type": "LineString", "coordinates": [[139.5805802413986, 35.414442170673205], [139.5804889474655, 35.41422970975828], [139.58038376215285, 35.41402153548022]]}}, {"type": "Feature", "properties": {"id": "横浜横須賀道路-上り-1-62", "route": "横浜横須賀道路", "direction": "上り", "from": "別所ＩＣ", "to": null, "grade": 0.01, "elevation_start": 60.3, "elevation_end": 60.3, "quality": "estimated", "structure": "bridge", "chain_rank": 1, "cum_dist_start": 3100.0, "cum_dist_end": 3150.0, "anomaly": false}, "geometry": {"type": "LineString", "coordinates": [[139.58038376215285, 35.41402153548022], [139.5802632844961, 35.41381897756127], [139.58012826645924, 35.41362278407665]]}}, {"type": "Feature", "properties": {"id": "横浜横須賀道路-上り-1-63", "route": "横浜横須賀道路", "direction": "上り", "from": "別所ＩＣ", "to": null, "grade": 0.01, "elevation_start": 60.3, "elevation_end": 60.3, "quality": "estimated", "structure": "bridge", "chain_rank": 1, "cum_dist_start": 3150.0, "cum_dist_end": 3200.0, "anomaly": false}, "geometry": {"type": "LineString", "coordinates": [[139.58012826645924, 35.41362278407665], [139.57998206431853, 35.413431879174674], [139.5798255664049, 35.41324661493221]]}}, {"type": "Feature", "properties": {"id": "横浜横須賀道路-上り-1-64", "route": "横浜横須賀道路", "direction": "上り", "from": "別所ＩＣ", "to": null, "grade": 0.01, "elevation_start": 60.3, "elevation_end": 60.3, "quality": "estimated", "structure": "normal", "chain_rank": 1, "cum_dist_start": 3200.0, "cum_dist_end": 3250.0, "anomaly": false}, "geometry": {"type": "LineString", "coordinates": [[139.5798255664049, 35.41324661493221], [139.57965172654824, 35.413072008295195], [139.57946173924446, 35.41290902416344]]}}, {"type": "Feature", "properties": {"id": "横浜横須賀道路-上り-1-65", "route": "横浜横須賀道路", "direction": "上り", "from": "別所ＩＣ", "to": null, "grade": 0.01, "elevation_start": 60.3, "elevation_end": 60.3, "quality": "estimated", "structure": "normal", "chain_rank": 1, "cum_dist_start": 3250.0, "cum_dist_end": 3300.0, "anomaly": false}, "geometry": {"type": "LineString", "coordinates": [[139.57946173924446, 35.41290902416344], [139.57926328150398, 35.41275288833702], [139.57905356850995, 35.41260695435757]]}}, {"type": "Feature", "properties": {"id": "横浜横須賀道路-上り-1-66", "route": "横浜横須賀道路", "direction": "上り", "from": "別所ＩＣ", "to": null, "grade": -0.29, "elevation_start": 60.3, "elevation_end": 60.1, "quality": "estimated", "structure": "normal", "chain_rank": 1, "cum_dist_start": 3300.0, "cum_dist_end": 3350.0, "anomaly": false}, "geometry": {"type": "LineString", "coordinates": [[139.57905356850995, 35.41260695435757], [139.57883356232765, 35.41247166887659], [139.57860549237378, 35.41234578897791]]}}, {"type": "Feature", "properties": {"id": "横浜横須賀道路-上り-1-67", "route": "横浜横須賀道路", "direction": "上り", "from": "別所ＩＣ", "to": null, "grade": -0.57, "elevation_start": 60.1, "elevation_end": 59.9, "quality": "measured", "structure": "normal", "chain_rank": 1, "cum_dist_start": 3350.0, "cum_dist_end": 3400.0, "anomaly": false}, "geometry": {"type": "LineString", "coordinates": [[139.57860549237378, 35.41234578897791], [139.57837230271102, 35.41222607928164], [139.57813911304825, 35.412106369585366]]}}, {"type": "Feature", "properties": {"id": "横浜横須賀道路-上り-1-68", "route": "横浜横須賀道路", "direction": "上り", "from": "別所ＩＣ", "to": null, "grade": -0.66, "elevation_start": 59.9, "elevation_end": 59.5, "quality": "measured", "structure": "normal", "chain_rank": 1, "cum_dist_start": 3400.0, "cum_dist_end": 3450.0, "anomaly": false}, "geometry": {"type": "LineString", "coordinates": [[139.57813911304825, 35.412106369585366], [139.5779059233855, 35.411986659889095], [139.57767273372272, 35.411866950192824]]}}, {"type": "Feature", "properties": {"id": "横浜横須賀道路-上り-1-69", "route": "横浜横須賀道路", "direction": "上り", "from": "別所ＩＣ", "to": null, "grade": -0.51, "elevation_start": 59.5, "elevation_end": 59.3, "quality": "measured", "structure": "normal", "chain_rank": 1, "cum_dist_start": 3450.0, "cum_dist_end": 3500.0, "anomaly": false}, "geometry": {"type": "LineString", "coordinates": [[139.57767273372272, 35.411866950192824], [139.57744173136032, 35.41174447791551], [139.57721299027503, 35.411619149623796]]}}, {"type": "Feature", "properties": {"id": "横浜横須賀道路-上り-1-70", "route": "横浜横須賀道路", "direction": "上り", "from": "別所ＩＣ", "to": null, "grade": -0.89, "elevation_start": 59.3, "elevation_end": 58.8, "quality": "measured", "structure": "normal", "chain_rank": 1, "cum_dist_start": 3500.0, "cum_dist_end": 3550.0, "anomaly": false}, "geometry": {"type": "LineString", "coordinates": [[139.57721299027503, 35.411619149623796], [139.57698424918974, 35.41149382133208], [139.57675818359837, 35.411365447535815]]}}, {"type": "Feature", "properties": {"id": "横浜横須賀道路-上り-1-71", "route": "横浜横須賀道路", "direction": "上り", "from": "別所ＩＣ", "to": null, "grade": -0.36, "elevation_start": 58.8, "elevation_end": 58.6, "quality": "measured", "structure": "normal", "chain_rank": 1, "cum_dist_start": 3550.0, "cum_dist_end": 3600.0, "anomaly": false}, "geometry": {"type": "LineString", "coordinates": [[139.57675818359837, 35.411365447535815], [139.57654025670095, 35.41122780949534], [139.57632539412836, 35.41108712416585]]}}, {"type": "Feature", "properties": {"id": "横浜横須賀道路-上り-1-72", "route": "横浜横須賀道路", "direction": "上り", "from": "別所ＩＣ", "to": null, "grade": -0.49, "elevation_start": 58.6, "elevation_end": 58.4, "quality": "measured", "structure": "normal", "chain_rank": 1, "cum_dist_start": 3600.0, "cum_dist_end": 3650.0, "anomaly": false}, "geometry": {"type": "LineString", "coordinates": [[139.57632539412836, 35.41108712416585], [139.5761194416055, 35.4109377048917], [139.5759288925543, 35.410775104017894]]}}, {"type": "Feature", "properties": {"id": "横浜横須賀道路-上り-1-73", "route": "横浜横須賀道路", "direction": "上り", "from": "別所ＩＣ", "to": null, "grade": -0.06, "elevation_start": 58.4, "elevation_end": 58.4, "quality": "measured", "structure": "normal", "chain_rank": 1, "cum_dist_start": 3650.0, "cum_dist_end": 3700.0, "anomaly": false}, "geometry": {"type": "LineString", "coordinates": [[139.5759288925543, 35.410775104017894], [139.5757473078984, 35.41060589134271], [139.57557824602554, 35.410428272842765]]}}, {"type": "Feature", "properties": {"id": "横浜横須賀道路-上り-1-74", "route": "横浜横須賀道路", "direction": "上り", "from": "別所ＩＣ", "to": null, "grade": 0.26, "elevation_start": 58.4, "elevation_end": 58.5, "quality": "estimated", "structure": "normal", "chain_rank": 1, "cum_dist_start": 3700.0, "cum_dist_end": 3750.0, "anomaly": false}, "geometry": {"type": "LineString", "coordinates": [[139.57557824602554, 35.410428272842765], [139.57542438564911, 35.41024150981718], [139.5752863977051, 35.41004663996519]]}}, {"type": "Feature", "properties": {"id": "横浜横須賀道路-上り-1-75", "route": "横浜横須賀道路", "direction": "上り", "from": "別所ＩＣ", "to": null, "grade": 0.0, "elevation_start": 58.5, "elevation_end": 58.5, "quality": "estimated", "structure": "normal", "chain_rank": 1, "cum_dist_start": 3750.0, "cum_dist_end": 3800.0, "anomaly": false}, "geometry": {"type": "LineString", "coordinates": [[139.5752863977051, 35.41004663996519], [139.57516182769135, 35.40984573616089], [139.57505000698404, 35.409640025172116]]}}, {"type": "Feature", "properties": {"id": "横浜横須賀道路-上り-1-76", "route": "横浜横須賀道路", "direction": "上り", "from": "別所ＩＣ", "to": null, "grade": 0.0, "elevation_start": 58.5, "elevation_end": 58.5, "quality": "estimated", "structure": "normal", "chain_rank": 1, "cum_dist_start": 3800.0, "cum_dist_end": 3850.0, "anomaly": false}, "geometry": {"type": "LineString", "coordinates": [[139.57505000698404, 35.409640025172116], [139.57495781131934, 35.409427743069976], [139.57487848485337, 35.409212034518234]]}}, {"type": "Feature", "properties": {"id": "横浜横須賀道路-上り-1-77", "route": "横浜横須賀道路", "direction": "上り", "from": "別所ＩＣ", "to": null, "grade": 0.0, "elevation_start": 58.5, "elevation_end": 58.5, "quality": "estimated", "structure": "bridge", "chain_rank": 1, "cum_dist_start": 3850.0, "cum_dist_end": 3900.0, "anomaly": false}, "geometry": {"type": "LineString", "coordinates": [[139.57487848485337, 35.409212034518234], [139.57481860795744, 35.40899219697769], [139.57477485567935, 35.4087697716794]]}}, {"type": "Feature", "properties": {"id": "横浜横須賀道路-上り-1-78", "route": "横浜横須賀道路", "direction": "上り", "from": "別所ＩＣ", "to": null, "grade": 0.0, "elevation_start": 58.5, "elevation_end": 58.5, "quality": "estimated", "structure": "bridge", "chain_rank": 1, "cum_dist_start": 3900.0, "cum_dist_end": 3950.0, "anomaly": false}, "geometry": {"type": "LineString", "coordinates": [[139.57477485567935, 35.4087697716794], [139.57474155002865, 35.40854612370423], [139.57472931408438, 35.40832110248019]]}}, {"type": "Feature", "properties": {"id": "横浜横須賀道路-上り-1-79", "route": "横浜横須賀道路", "direction": "上り", "from": "別所ＩＣ", "to": null, "grade": 0.0, "elevation_start": 58.5, "elevation_end": 58.5, "quality": "estimated", "structure": "bridge", "chain_rank": 1, "cum_dist_start": 3950.0, "cum_dist_end": 4000.0, "anomaly": false}, "geometry": {"type": "LineString", "coordinates": [[139.57472931408438, 35.40832110248019], [139.57473224160924, 35.4080958491662], [139.57474349670997, 35.407870792445664]]}}, {"type": "Feature", "properties": {"id": "横浜横須賀道路-上り-1-80", "route": "横浜横須賀道路", "direction": "上り", "from": "別所ＩＣ", "to": null, "grade": 0.0, "elevation_start": 58.5, "elevation_end": 58.5, "quality": "estimated", "structure": "bridge", "chain_rank": 1, "cum_dist_start": 4000.0, "cum_dist_end": 4050.0, "anomaly": false}, "geometry": {"type": "LineString", "coordinates": [[139.57474349670997, 35.407870792445664], [139.57476719052107, 35.40764629829895], [139.5748024456257, 35.40742292005227]]}}, {"type": "Feature", "properties": {"id": "横浜横須賀道路-上り-1-81", "route": "横浜横須賀道路", "direction": "上り", "from": "別所ＩＣ", "to": null, "grade": 0.0, "elevation_start": 58.5, "elevation_end": 58.5, "quality": "estimated", "structure": "bridge", "chain_rank": 1, "cum_dist_start": 4050.0, "cum_dist_end": 4100.0, "anomaly": false}, "geometry": {"type": "LineString", "coordinates": [[139.5748024456257, 35.40742292005227], [139.57484767998614, 35.40720069261856], [139.57490368276422, 35.40698013195178]]}}, {"type": "Feature", "properties": {"id": "横浜横須賀道路-上り-2-0", "route": "横浜横須賀道路", "direction": "上り", "from": null, "to": "釜利谷JCT", "grade": 0.0, "elevation_start": 85.3, "elevation_end": 85.3, "quality": "estimated", "structure": "tunnel", "chain_rank": 2, "cum_dist_start": 0.0, "cum_dist_end": 50.0, "anomaly": false}, "geometry": {"type": "LineString", "coordinates": [[139.5987944, 35.3625235], [139.5987909471268, 35.362298185392326], [139.5987857527136, 35.3620729041904]]}}, {"type": "Feature", "properties": {"id": "横浜横須賀道路-上り-2-1", "route": "横浜横須賀道路", "direction": "上り", "from": null, "to": "釜利谷JCT", "grade": 0.0, "elevation_start": 85.3, "elevation_end": 85.3, "quality": "estimated", "structure": "tunnel", "chain_rank": 2, "cum_dist_start": 50.0, "cum_dist_end": 100.0, "anomaly": false}, "geometry": {"type": "LineString", "coordinates": [[139.5987857527136, 35.3620729041904], [139.59877632088129, 35.36184770426948], [139.59876688904893, 35.36162250434857]]}}, {"type": "Feature", "properties": {"id": "横浜横須賀道路-上り-2-2", "route": "横浜横須賀道路", "direction": "上り", "from": null, "to": "釜利谷JCT", "grade": 0.0, "elevation_start": 85.3, "elevation_end": 85.3, "quality": "estimated", "structure": "tunnel", "chain_rank": 2, "cum_dist_start": 100.0, "cum_dist_end": 150.0, "anomaly": false}, "geometry": {"type": "LineString", "coordinates": [[139.59876688904893, 35.36162250434857], [139.5987574572166, 35.36139730442765], [139.59874802538425, 35.361172104506736]]}}, {"type": "Feature", "properties": {"id": "横浜横須賀道路-上り-2-3", "route": "横浜横須賀道路", "direction": "上り", "from": null, "to": "釜利谷JCT", "grade": 0.0, "elevation_start": 85.3, "elevation_end": 85.3, "quality": "estimated", "structure": "tunnel", "chain_rank": 2, "cum_dist_start": 150.0, "cum_dist_end": 200.0, "anomaly": false}, "geometry": {"type": "LineString", "coordinates": [[139.59874802538425, 35.361172104506736], [139.59873859355193, 35.360946904585816], [139.59872916171958, 35.360721704664904]]}}, {"type": "Feature", "properties": {"id": "横浜横須賀道路-上り-2-4", "route": "横浜横須賀道路", "direction": "上り", "from": null, "to": "釜利谷JCT", "grade": 0.0, "elevation_start": 85.3, "elevation_end": 85.3, "quality": "estimated", "structure": "tunnel", "chain_rank": 2, "cum_dist_start": 200.0, "cum_dist_end": 250.0, "anomaly": false}, "geometry": {"type": "LineString", "coordinates": [[139.59872916171958, 35.360721704664904], [139.59871972988722, 35.360496504743985], [139.5987102980549, 35.36027130482307]]}}, {"type": "Feature", "properties": {"id": "横浜横須賀道路-上り-2-5", "route": "横浜横須賀道路", "direction": "上り", "from": null, "to": "釜利谷JCT", "grade": 0.0, "elevation_start": 85.3, "elevation_end": 85.3, "quality": "estimated", "structure": "tunnel", "chain_rank": 2, "cum_dist_start": 250.0, "cum_dist_end": 300.0, "anomaly": false}, "geometry": {"type": "LineString", "coordinates": [[139.5987102980549, 35.36027130482307], [139.59870086622254, 35.36004610490215], [139.59869143439022, 35.35982090498124]]}}, {"type": "Feature", "properties": {"id": "横浜横須賀道路-上り-2-6", "route": "横浜横須賀道路", "direction": "上り", "from": null, "to": "釜利谷JCT", "grade": 0.0, "elevation_start": 85.3, "elevation_end": 85.3, "quality": "estimated", "structure": "tunnel", "chain_rank": 2, "cum_dist_start": 300.0, "cum_dist_end": 350.0, "anomaly": false}, "geometry": {"type": "LineString", "coordinates": [[139.59869143439022, 35.35982090498124], [139.59868200255787, 35.35959570506032], [139.59867257072554, 35.35937050513941]]}}, {"type": "Feature", "properties": {"id": "横浜横須賀道路-上り-2-7", "route": "横浜横須賀道路", "direction": "上り", "from": null, "to": "釜利谷JCT", "grade": 0.0, "elevation_start": 85.3, "elevation_end": 85.3, "quality": "estimated", "structure": "tunnel", "chain_rank": 2, "cum_dist_start": 350.0, "cum_dist_end": 400.0, "anomaly": false}, "geometry": {"type": "LineString", "coordinates": [[139.59867257072554, 35.35937050513941], [139.5986631388932, 35.35914530521849], [139.59865407728014, 35.358920095066686]]}}, {"type": "Feature", "properties": {"id": "横浜横須賀道路-上り-2-8", "route": "横浜横須賀道路", "direction": "上り", "from": null, "to": "釜利谷JCT", "grade": 0.0, "elevation_start": 85.3, "elevation_end": 85.3, "quality": "estimated", "structure": "tunnel", "chain_rank": 2, "cum_dist_start": 400.0, "cum_dist_end": 450.0, "anomaly": false}, "geometry": {"type": "LineString", "coordinates": [[139.59865407728014, 35.358920095066686], [139.5986450614935, 35.35869488364849], [139.59863560088615, 35.35846968600558]]}}, {"type": "Feature", "properties": {"id": "横浜横須賀道路-上り-2-9", "route": "横浜横須賀道路", "direction": "上り", "from": null, "to": "釜利谷JCT", "grade": 0.0, "elevation_start": 85.3, "elevation_end": 85.3, "quality": "estimated", "structure": "normal", "chain_rank": 2, "cum_dist_start": 450.0, "cum_dist_end": 500.0, "anomaly": false}, "geometry": {"type": "LineString", "coordinates": [[139.59863560088615, 35.35846968600558], [139.59862382746533, 35.35824455998628], [139.5986120540445, 35.358019433966994]]}}, {"type": "Feature", "properties": {"id": "横浜横須賀道路-上り-2-10", "route": "横浜横須賀道路", "direction": "上り", "from": null, "to": "釜利谷JCT", "grade": 0.0, "elevation_start": 85.3, "elevation_end": 85.3, "quality": "estimated", "structure": "normal", "chain_rank": 2, "cum_dist_start": 500.0, "cum_dist_end": 550.0, "anomaly": false}, "geometry": {"type": "LineString", "coordinates": [[139.5986120540445, 35.358019433966994], [139.59860028062369, 35.35779430794771], [139.59858850720283, 35.35756918192842]]}}, {"type": "Feature", "properties": {"id": "横浜横須賀道路-上り-2-11", "route": "横浜横須賀道路", "direction": "上り", "from": null, "to": "釜利谷JCT", "grade": 0.0, "elevation_start": 85.3, "elevation_end": 85.3, "quality": "estimated", "structure": "bridge", "chain_rank": 2, "cum_dist_start": 550.0, "cum_dist_end": 600.0, "anomaly": false}, "geometry": {"type": "LineString", "coordinates": [[139.59858850720283, 35.35756918192842], [139.598576733782, 35.35734405590913], [139.59856500184713, 35.35711892865007]]}}, {"type": "Feature", "properties": {"id": "横浜横須賀道路-上り-2-12", "route": "横浜横須賀道路", "direction": "上り", "from": null, "to": "釜利谷JCT", "grade": 0.0, "elevation_start": 85.3, "elevation_end": 85.3, "quality": "estimated", "structure": "bridge", "chain_rank": 2, "cum_dist_start": 600.0, "cum_dist_end": 650.0, "anomaly": false}, "geometry": {"type": "LineString", "coordinates": [[139.59856500184713, 35.35711892865007], [139.5985538198611, 35.35689387732954], [139.59852084389163, 35.356670169981044]]}}, {"type": "Feature", "properties": {"id": "横浜横須賀道路-上り-2-13", "route": "横浜横須賀道路", "direction": "上り", "from": null, "to": "釜利谷JCT", "grade": 0.0, "elevation_start": 85.3, "elevation_end": 85.3, "quality": "estimated", "structure": "normal", "chain_rank": 2, "cum_dist_start": 650.0, "cum_dist_end": 700.0, "anomaly": false}, "geometry": {"type": "LineString", "coordinates": [[139.59852084389163, 35.356670169981044], [139.59848786792216, 35.356446462632555], [139.59845379732823, 35.35622287432972]]}}, {"type": "Feature", "properties": {"id": "横浜横須賀道路-上り-2-14", "route": "横浜横須賀道路", "direction": "上り", "from": null, "to": "釜利谷JCT", "grade": 0.0, "elevation_start": 85.3, "elevation_end": 85.3, "quality": "estimated", "structure": "normal", "chain_rank": 2, "cum_dist_start": 700.0, "cum_dist_end": 750.0, "anomaly": false}, "geometry": {"type": "LineString", "coordinates": [[139.59845379732823, 35.35622287432972], [139.59841291586292, 35.35600006201856], [139.59836433558846, 35.35577827187285]]}}, {"type": "Feature", "properties": {"id": "横浜横須賀道路-上り-2-15", "route": "横浜横須賀道路", "direction": "上り", "from": null, "to": "釜利谷JCT", "grade": 0.19, "elevation_start": 85.3, "elevation_end": 85.4, "quality": "estimated", "structure": "normal", "chain_rank": 2, "cum_dist_start": 750.0, "cum_dist_end": 800.0, "anomaly": false}, "geometry": {"type": "LineString", "coordinates": [[139.59836433558846, 35.35577827187285], [139.59829031045308, 35.355561328488804], [139.59821077589325, 35.35534571944843]]}}, {"type": "Feature", "properties": {"id": "横浜横須賀道路-上り-2-16", "route": "横浜横須賀道路", "direction": "上り", "from": null, "to": "釜利谷JCT", "grade": 0.33, "elevation_start": 85.4, "elevation_end": 85.6, "quality": "measured", "structure": "normal", "chain_rank": 2, "cum_dist_start": 800.0, "cum_dist_end": 850.0, "anomaly": false}, "geometry": {"type": "LineString", "coordinates": [[139.59821077589325, 35.35534571944843], [139.59811548834523, 35.35513434932318], [139.59800927582214, 35.354926494897875]]}}, {"type": "Feature", "properties": {"id": "横浜横須賀道路-上り-2-17", "route": "横浜横須賀道路", "direction": "上り", "from": null, "to": "釜利谷JCT", "grade": 0.45, "elevation_start": 85.6, "elevation_end": 85.8, "quality": "measured", "structure": "normal", "chain_rank": 2, "cum_dist_start": 850.0, "cum_dist_end": 900.0, "anomaly": false}, "geometry": {"type": "LineString", "coordinates": [[139.59800927582214, 35.354926494897875], [139.59789411147395, 35.354721946729185], [139.5977701280953, 35.35452090600192]]}}, {"type": "Feature", "properties": {"id": "横浜横須賀道路-上り-2-18", "route": "横浜横須賀道路", "direction": "上り", "from": null, "to": "釜利谷JCT", "grade": 0.92, "elevation_start": 85.8, "elevation_end": 86.3, "quality": "measured", "structure": "normal", "chain_rank": 2, "cum_dist_start": 900.0, "cum_dist_end": 950.0, "anomaly": false}, "geometry": {"type": "LineString", "coordinates": [[139.5977701280953, 35.35452090600192], [139.59763486627705, 35.3543247035695], [139.59748967640638, 35.35413337140623]]}}, {"type": "Feature", "properties": {"id": "横浜横須賀道路-上り-2-19", "route": "横浜横須賀道路", "direction": "上り", "from": null, "to": "釜利谷JCT", "grade": 1.05, "elevation_start": 86.3, "elevation_end": 86.8, "quality": "measured", "structure": "normal", "chain_rank": 2, "cum_dist_start": 950.0, "cum_dist_end": 1000.0, "anomaly": false}, "geometry": {"type": "LineString", "coordinates": [[139.59748967640638, 35.35413337140623], [139.59733878035007, 35.353945059469076], [139.59717913060376, 35.35376157113899]]}}, {"type": "Feature", "properties": {"id": "横浜横須賀道路-上り-2-20", "route": "横浜横須賀道路", "direction": "上り", "from": null, "to": "釜利谷JCT", "grade": 1.3, "elevation_start": 86.8, "elevation_end": 87.5, "quality": "measured", "structure": "normal", "chain_rank": 2, "cum_dist_start": 1000.0, "cum_dist_end": 1050.0, "anomaly": false}, "geometry": {"type": "LineString", "coordinates": [[139.59717913060376, 35.35376157113899], [139.5970092938103, 35.35358458727634], [139.59683110353276, 35.353412937144235]]}}, {"type": "Feature", "properties": {"id": "横浜横須賀道路-上り-2-21", "route": "横浜横須賀道路", "direction": "上り", "from": null, "to": "釜利谷JCT", "grade": 1.35, "elevation_start": 87.5, "elevation_end": 88.1, "quality": "measured", "structure": "normal", "chain_rank": 2, "cum_dist_start": 1050.0, "cum_dist_end": 1100.0, "anomaly": false}, "geometry": {"type": "LineString", "coordinates": [[139.59683110353276, 35.353412937144235], [139.59664797105657, 35.35324483563723], [139.59646365180902, 35.353077586262415]]}}, {"type": "Feature", "properties": {"id": "横浜横須賀道路-上り-2-22", "route": "横浜横須賀道路", "direction": "上り", "from": null, "to": "釜利谷JCT", "grade": 1.31, "elevation_start": 88.1, "elevation_end": 88.8, "quality": "measured", "structure": "normal", "chain_rank": 2, "cum_dist_start": 1100.0, "cum_dist_end": 1150.0, "anomaly": false}, "geometry": {"type": "LineString", "coordinates": [[139.59646365180902, 35.353077586262415], [139.59627580035985, 35.35291303585729], [139.59608500087595, 35.35275073805754]]}}, {"type": "Feature", "properties": {"id": "横浜横須賀道路-上り-2-23", "route": "横浜横須賀道路", "direction": "上り", "from": null, "to": "釜利谷JCT", "grade": 1.58, "elevation_start": 88.8, "elevation_end": 89.6, "quality": "measured", "structure": "normal", "chain_rank": 2, "cum_dist_start": 1150.0, "cum_dist_end": 1200.0, "anomaly": false}, "geometry": {"type": "LineString", "coordinates": [[139.59608500087595, 35.35275073805754], [139.59589357009764, 35.35258895060267], [139.5956980835645, 35.35243044186186]]}}, {"type": "Feature", "properties": {"id": "横浜横須賀道路-上り-2-24", "route": "横浜横須賀道路", "direction": "上り", "from": "釜利谷JCT", "to": "朝比奈ＩＣ", "grade": 1.35, "elevation_start": 89.6, "elevation_end": 90.3, "quality": "measured", "structure": "normal", "chain_rank": 2, "cum_dist_start": 1200.0, "cum_dist_end": 1250.0, "anomaly": false}, "geometry": {"type": "LineString", "coordinates": [[139.5956980835645, 35.35243044186186], [139.59550259703136, 35.35227193312105], [139.59530711049823, 35.35211342438025]]}}, {"type": "Feature", "properties": {"id": "横浜横須賀道路-上り-2-25", "route": "横浜横須賀道路", "direction": "上り", "from": "釜利谷JCT", "to": "朝比奈ＩＣ", "grade": 1.02, "elevation_start": 90.3, "elevation_end": 90.8, "quality": "measured", "structure": "normal", "chain_rank": 2, "cum_dist_start": 1250.0, "cum_dist_end": 1300.0, "anomaly": false}, "geometry": {"type": "LineString", "coordinates": [[139.59530711049823, 35.35211342438025], [139.5951116239651, 35.35195491563944], [139.5949155661136, 35.351796882389316]]}}, {"type": "Feature", "properties": {"id": "横浜横須賀道路-上り-2-26", "route": "横浜横須賀道路", "direction": "上り", "from": "釜利谷JCT", "to": "朝比奈ＩＣ", "grade": 0.63, "elevation_start": 90.8, "elevation_end": 91.1, "quality": "measured", "structure": "normal", "chain_rank": 2, "cum_dist_start": 1300.0, "cum_dist_end": 1350.0, "anomaly": false}, "geometry": {"type": "LineString", "coordinates": [[139.5949155661136, 35.351796882389316], [139.59472318290628, 35.35163592806127], [139.59453636274148, 35.351470561574885]]}}, {"type": "Feature", "properties": {"id": "横浜横須賀道路-上り-2-27", "route": "横浜横須賀道路", "direction": "上り", "from": "釜利谷JCT", "to": "朝比奈ＩＣ", "grade": -0.06, "elevation_start": 91.1, "elevation_end": 91.1, "quality": "estimated", "structure": "normal", "chain_rank": 2, "cum_dist_start": 1350.0, "cum_dist_end": 1400.0, "anomaly": false}, "geometry": {"type": "LineString", "coordinates": [[139.59453636274148, 35.351470561574885], [139.5943548314536, 35.3513012808647], [139.59417961261124, 35.35112770450353]]}}, {"type": "Feature", "properties": {"id": "横浜横須賀道路-上り-2-28", "route": "横浜横須賀道路", "direction": "上り", "from": "釜利谷JCT", "to": "朝比奈ＩＣ", "grade": -0.54, "elevation_start": 91.1, "elevation_end": 90.8, "quality": "estimated", "structure": "normal", "chain_rank": 2, "cum_dist_start": 1400.0, "cum_dist_end": 1450.0, "anomaly": false}, "geometry": {"type": "LineString", "coordinates": [[139.59417961261124, 35.35112770450353], [139.5940138726572, 35.35094795831934], [139.59385771248625, 35.350762591905266]]}}, {"type": "Feature", "properties": {"id": "横浜横須賀道路-上り-2-29", "route": "横浜横須賀道路", "direction": "上り", "from": "釜利谷JCT", "to": "朝比奈ＩＣ", "grade": -0.54, "elevation_start": 90.8, "elevation_end": 90.5, "quality": "estimated", "structure": "normal", "chain_rank": 2, "cum_dist_start": 1450.0, "cum_dist_end": 1500.0, "anomaly": false}, "geometry": {"type": "LineString", "coordinates": [[139.59385771248625, 35.350762591905266], [139.5937174803765, 35.35056874865432], [139.5935980597137, 35.35036586518807]]}}, {"type": "Feature", "properties": {"id": "横浜横須賀道路-上り-2-30", "route": "横浜横須賀道路", "direction": "上り", "from": "釜利谷JCT", "to": "朝比奈ＩＣ", "grade": -0.54, "elevation_start": 90.5, "elevation_end": 90.2, "quality": "estimated", "structure": "bridge", "chain_rank": 2, "cum_dist_start": 1500.0, "cum_dist_end": 1550.0, "anomaly": false}, "geometry": {"type": "LineString", "coordinates": [[139.5935980597137, 35.35036586518807], [139.59348939804238, 35.350158991126136], [139.59339943066678, 35.34994624901326]]}}, {"type": "Feature", "properties": {"id": "横浜横須賀道路-上り-2-31", "route": "横浜横須賀道路", "direction": "上り", "from": "釜利谷JCT", "to": "朝比奈ＩＣ", "grade": -0.54, "elevation_start": 90.2, "elevation_end": 90.0, "quality": "estimated", "structure": "bridge", "chain_rank": 2, "cum_dist_start": 1550.0, "cum_dist_end": 1600.0, "anomaly": false}, "geometry": {"type": "LineString", "coordinates": [[139.59339943066678, 35.34994624901326], [139.5933245623701, 35.34972954720043], [139.59326650161128, 35.34950930354422]]}}, {"type": "Feature", "properties": {"id": "横浜横須賀道路-上り-2-32", "route": "横浜横須賀道路", "direction": "上り", "from": "釜利谷JCT", "to": "朝比奈ＩＣ", "grade": -0.54, "elevation_start": 90.0, "elevation_end": 89.7, "quality": "estimated", "structure": "normal", "chain_rank": 2, "cum_dist_start": 1600.0, "cum_dist_end": 1650.0, "anomaly": false}, "geometry": {"type": "LineString", "coordinates": [[139.59326650161128, 35.34950930354422], [139.59321984785578, 35.34928739988855], [139.59319161185718, 35.349063338050485]]}}, {"type": "Feature", "properties": {"id": "横浜横須賀道路-上り-2-33", "route": "横浜横須賀道路", "direction": "上り", "from": "釜利谷JCT", "to": "朝比奈ＩＣ", "grade": -0.54, "elevation_start": 89.7, "elevation_end": 89.4, "quality": "estimated", "structure": "normal", "chain_rank": 2, "cum_dist_start": 1650.0, "cum_dist_end": 1700.0, "anomaly": false}, "geometry": {"type": "LineString", "coordinates": [[139.59319161185718, 35.349063338050485], [139.593174051924, 35.34883846494037], [139.59316570645083, 35.34861323620768]]}}, {"type": "Feature", "properties": {"id": "横浜横須賀道路-上り-2-34", "route": "横浜横須賀道路", "direction": "上り", "from": "釜利谷JCT", "to": "朝比奈ＩＣ", "grade": -0.73, "elevation_start": 89.4, "elevation_end": 89.1, "quality": "estimated", "structure": "normal", "chain_rank": 2, "cum_dist_start": 1700.0, "cum_dist_end": 1750.0, "anomaly": false}, "geometry": {"type": "LineString", "coordinates": [[139.59316570645083, 35.34861323620768], [139.59316286799847, 35.348387946358066], [139.59316382992594, 35.34816261485296]]}}, {"type": "Feature", "properties": {"id": "横浜横須賀道路-上り-2-35", "route": "横浜横須賀道路", "direction": "上り", "from": "釜利谷JCT", "to": "朝比奈ＩＣ", "grade": -0.91, "elevation_start": 89.1, "elevation_end": 88.6, "quality": "measured", "structure": "normal", "chain_rank": 2, "cum_dist_start": 1750.0, "cum_dist_end": 1800.0, "anomaly": false}, "geometry": {"type": "LineString", "coordinates": [[139.59316382992594, 35.34816261485296], [139.59317243072795, 35.34793739899665], [139.59318163172625, 35.34771219222702]]}}, {"type": "Feature", "properties": {"id": "横浜横須賀道路-上り-2-36", "route": "横浜横須賀道路", "direction": "上り", "from": "釜利谷JCT", "to": "朝比奈ＩＣ", "grade": -1.35, "elevation_start": 88.6, "elevation_end": 88.0, "quality": "measured", "structure": "normal", "chain_rank": 2, "cum_dist_start": 1800.0, "cum_dist_end": 1850.0, "anomaly": false}, "geometry": {"type": "LineString", "coordinates": [[139.59318163172625, 35.34771219222702], [139.5931908327246, 35.347486985457394], [139.59319678147756, 35.347261722211954]]}}, {"type": "Feature", "properties": {"id": "横浜横須賀道路-上り-2-37", "route": "横浜横須賀道路", "direction": "上り", "from": "釜利谷JCT", "to": "朝比奈ＩＣ", "grade": -0.9, "elevation_start": 88.0, "elevation_end": 87.5, "quality": "measured", "structure": "normal", "chain_rank": 2, "cum_dist_start": 1850.0, "cum_dist_end": 1900.0, "anomaly": false}, "geometry": {"type": "LineString", "coordinates": [[139.59319678147756, 35.347261722211954], [139.59319620405753, 35.34703642903873], [139.5931869283365, 35.346811224296175]]}}, {"type": "Feature", "properties": {"id": "横浜横須賀道路-上り-2-38", "route": "横浜横須賀道路", "direction": "上り", "from": "釜利谷JCT", "to": "朝比奈ＩＣ", "grade": -0.89, "elevation_start": 87.5, "elevation_end": 87.1, "quality": "measured", "structure": "normal", "chain_rank": 2, "cum_dist_start": 1900.0, "cum_dist_end": 1950.0, "anomaly": false}, "geometry": {"type": "LineString", "coordinates": [[139.5931869283365, 35.346811224296175], [139.59317322626643, 35.346586281752224], [139.59314286709815, 35.346362325905844]]}}, {"type": "Feature", "properties": {"id": "横浜横須賀道路-上り-2-39", "route": "横浜横須賀道路", "direction": "上り", "from": "釜利谷JCT", "to": "朝比奈ＩＣ", "grade": -2.2, "elevation_start": 87.1, "elevation_end": 86.0, "quality": "estimated", "structure": "normal", "chain_rank": 2, "cum_dist_start": 1950.0, "cum_dist_end": 2000.0, "anomaly": false}, "geometry": {"type": "LineString", "coordinates": [[139.59314286709815, 35.346362325905844], [139.59311215073475, 35.34613841463608], [139.59305975375605, 35.34591720902614]]}}, {"type": "Feature", "properties": {"id": "横浜横須賀道路-上り-2-40", "route": "横浜横須賀道路", "direction": "上り", "from": "釜利谷JCT", "to": "朝比奈ＩＣ", "grade": -2.2, "elevation_start": 86.0, "elevation_end": 84.9, "quality": "estimated", "structure": "normal", "chain_rank": 2, "cum_dist_start": 2000.0, "cum_dist_end": 2050.0, "anomaly": false}, "geometry": {"type": "LineString", "coordinates": [[139.59305975375605, 35.34591720902614], [139.59300173844224, 35.345697058439384], [139.59293132887254, 35.34547923527295]]}}, {"type": "Feature", "properties": {"id": "横浜横須賀道路-上り-2-41", "route": "横浜横須賀道路", "direction": "上り", "from": "釜利谷JCT", "to": "朝比奈ＩＣ", "grade": -2.2, "elevation_start": 84.9, "elevation_end": 83.8, "quality": "estimated", "structure": "normal", "chain_rank": 2, "cum_dist_start": 2050.0, "cum_dist_end": 2100.0, "anomaly": false}, "geometry": {"type": "LineString", "coordinates": [[139.59293132887254, 35.34547923527295], [139.5928457882375, 35.345265145003296], [139.59275770515293, 35.34505168196653]]}}, {"type": "Feature", "properties": {"id": "横浜横須賀道路-上り-2-42", "route": "横浜横須賀道路", "direction": "上り", "from": "釜利谷JCT", "to": "朝比奈ＩＣ", "grade": -2.2, "elevation_start": 83.8, "elevation_end": 82.7, "quality": "estimated", "structure": "bridge", "chain_rank": 2, "cum_dist_start": 2100.0, "cum_dist_end": 2150.0, "anomaly": false}, "geometry": {"type": "LineString", "coordinates": [[139.59275770515293, 35.34505168196653], [139.5926619118523, 35.344840496928384], [139.59255361392687, 35.34463343931458]]}}, {"type": "Feature", "properties": {"id": "横浜横須賀道路-上り-2-43", "route": "横浜横須賀道路", "direction": "上り", "from": "釜利谷JCT", "to": "朝比奈ＩＣ", "grade": -2.2, "elevation_start": 82.7, "elevation_end": 81.6, "quality": "estimated", "structure": "bridge", "chain_rank": 2, "cum_dist_start": 2150.0, "cum_dist_end": 2200.0, "anomaly": false}, "geometry": {"type": "LineString", "coordinates": [[139.59255361392687, 35.34463343931458], [139.59244109723178, 35.34442783125506], [139.59232560431596, 35.344223331076996]]}}, {"type": "Feature", "properties": {"id": "横浜横須賀道路-上り-2-44", "route": "横浜横須賀道路", "direction": "上り", "from": "釜利谷JCT", "to": "朝比奈ＩＣ", "grade": -2.2, "elevation_start": 81.6, "elevation_end": 80.5, "quality": "estimated", "structure": "bridge", "chain_rank": 2, "cum_dist_start": 2200.0, "cum_dist_end": 2250.0, "anomaly": false}, "geometry": {"type": "LineString", "coordinates": [[139.59232560431596, 35.344223331076996], [139.5922101114001, 35.34401883089894], [139.59209366438782, 35.34381469583649]]}}, {"type": "Feature", "properties": {"id": "横浜横須賀道路-上り-2-45", "route": "横浜横須賀道路", "direction": "上り", "from": "釜利谷JCT", "to": "朝比奈ＩＣ", "grade": -2.2, "elevation_start": 80.5, "elevation_end": 79.3, "quality": "estimated", "structure": "bridge", "chain_rank": 2, "cum_dist_start": 2250.0, "cum_dist_end": 2300.0, "anomaly": false}, "geometry": {"type": "LineString", "coordinates": [[139.59209366438782, 35.34381469583649], [139.59197648611217, 35.34361084061543], [139.5918593078365, 35.34340698539438]]}}, {"type": "Feature", "properties": {"id": "横浜横須賀道路-上り-2-46", "route": "横浜横須賀道路", "direction": "上り", "from": "釜利谷JCT", "to": "朝比奈ＩＣ", "grade": -2.2, "elevation_start": 79.3, "elevation_end": 78.2, "quality": "estimated", "structure": "bridge", "chain_rank": 2, "cum_dist_start": 2300.0, "cum_dist_end": 2350.0, "anomaly": false}, "geometry": {"type": "LineString", "coordinates": [[139.5918593078365, 35.34340698539438], [139.59174306439544, 35.34320277207902], [139.59162720796994, 35.34299841051487]]}}, {"type": "Feature", "properties": {"id": "横浜横須賀道路-上り-2-47", "route": "横浜横須賀道路", "direction": "上り", "from": "釜利谷JCT", "to": "朝比奈ＩＣ", "grade": -2.2, "elevation_start": 78.2, "elevation_end": 77.1, "quality": "estimated", "structure": "normal", "chain_rank": 2, "cum_dist_start": 2350.0, "cum_dist_end": 2400.0, "anomaly": false}, "geometry": {"type": "LineString", "coordinates": [[139.59162720796994, 35.34299841051487], [139.59151890191427, 35.34279131006853], [139.59141304306723, 35.342583351273774]]}}, {"type": "Feature", "properties": {"id": "横浜横須賀道路-上り-2-48", "route": "横浜横須賀道路", "direction": "上り", "from": "釜利谷JCT", "to": "朝比奈ＩＣ", "grade": -2.2, "elevation_start": 77.1, "elevation_end": 76.0, "quality": "estimated", "structure": "normal", "chain_rank": 2, "cum_dist_start": 2400.0, "cum_dist_end": 2450.0, "anomaly": false}, "geometry": {"type": "LineString", "coordinates": [[139.59141304306723, 35.342583351273774], [139.59131394230306, 35.34237315711674], [139.59122110252295, 35.342161078948536]]}}, {"type": "Feature", "properties": {"id": "横浜横須賀道路-上り-2-49", "route": "横浜横須賀道路", "direction": "上り", "from": "釜利谷JCT", "to": "朝比奈ＩＣ", "grade": -1.25, "elevation_start": 76.0, "elevation_end": 75.4, "quality": "estimated", "structure": "normal", "chain_rank": 2, "cum_dist_start": 2450.0, "cum_dist_end": 2500.0, "anomaly": false}, "geometry": {"type": "LineString", "coordinates": [[139.59122110252295, 35.342161078948536], [139.59113498866623, 35.34194716947095], [139.59106100748167, 35.34173014309574]]}}, {"type": "Feature", "properties": {"id": "横浜横須賀道路-上り-2-50", "route": "横浜横須賀道路", "direction": "上り", "from": "釜利谷JCT", "to": "朝比奈ＩＣ", "grade": 0.18, "elevation_start": 75.4, "elevation_end": 75.5, "quality": "measured", "structure": "normal", "chain_rank": 2, "cum_dist_start": 2500.0, "cum_dist_end": 2550.0, "anomaly": false}, "geometry": {"type": "LineString", "coordinates": [[139.59106100748167, 35.34173014309574], [139.59099354782583, 35.34151177134527], [139.59093342551168, 35.341291889414855]]}}, {"type": "Feature", "properties": {"id": "横浜横須賀道路-上り-2-51", "route": "横浜横須賀道路", "direction": "上り", "from": "釜利谷JCT", "to": "朝比奈ＩＣ", "grade": 0.44, "elevation_start": 75.5, "elevation_end": 75.7, "quality": "measured", "structure": "normal", "chain_rank": 2, "cum_dist_start": 2550.0, "cum_dist_end": 2600.0, "anomaly": false}, "geometry": {"type": "LineString", "coordinates": [[139.59093342551168, 35.341291889414855], [139.5908746082741, 35.34107177035913], [139.59082503693156, 35.34085013156704]]}}, {"type": "Feature", "properties": {"id": "横浜横須賀道路-上り-2-52", "route": "横浜横須賀道路", "direction": "上り", "from": "釜利谷JCT", "to": "朝比奈ＩＣ", "grade": 0.97, "elevation_start": 75.7, "elevation_end": 76.2, "quality": "measured", "structure": "normal", "chain_rank": 2, "cum_dist_start": 2600.0, "cum_dist_end": 2650.0, "anomaly": false}, "geometry": {"type": "LineString", "coordinates": [[139.59082503693156, 35.34085013156704], [139.59078051149257, 35.34062780655668], [139.59074067590808, 35.340404850011744]]}}, {"type": "Feature", "properties": {"id": "横浜横須賀道路-上り-2-53", "route": "横浜横須賀道路", "direction": "上り", "from": "釜利谷JCT", "to": "朝比奈ＩＣ", "grade": 1.23, "elevation_start": 76.2, "elevation_end": 76.8, "quality": "measured", "structure": "normal", "chain_rank": 2, "cum_dist_start": 2650.0, "cum_dist_end": 2700.0, "anomaly": false}, "geometry": {"type": "LineString", "coordinates": [[139.59074067590808, 35.340404850011744], [139.590710160435, 35.340181015830574], [139.59068879584592, 35.339956367419475]]}}, {"type": "Feature", "properties": {"id": "横浜横須賀道路-上り-2-54", "route": "横浜横須賀道路", "direction": "上り", "from": "釜利谷JCT", "to": "朝比奈ＩＣ", "grade": 1.23, "elevation_start": 76.8, "elevation_end": 77.4, "quality": "measured", "structure": "normal", "chain_rank": 2, "cum_dist_start": 2700.0, "cum_dist_end": 2750.0, "anomaly": false}, "geometry": {"type": "LineString", "coordinates": [[139.59068879584592, 35.339956367419475], [139.59067446060692, 35.33973139271147], [139.59066653335796, 35.33950615314408]]}}, {"type": "Feature", "properties": {"id": "横浜横須賀道路-上り-2-55", "route": "横浜横須賀道路", "direction": "上り", "from": "釜利谷JCT", "to": "朝比奈ＩＣ", "grade": 1.33, "elevation_start": 77.4, "elevation_end": 78.1, "quality": "measured", "structure": "normal", "chain_rank": 2, "cum_dist_start": 2750.0, "cum_dist_end": 2800.0, "anomaly": false}, "geometry": {"type": "LineString", "coordinates": [[139.59066653335796, 35.33950615314408], [139.5906637192987, 35.33928086149146], [139.5906648117451, 35.33905553004544]]}}, {"type": "Feature", "properties": {"id": "横浜横須賀道路-上り-2-56", "route": "横浜横須賀道路", "direction": "上り", "from": "釜利谷JCT", "to": "朝比奈ＩＣ", "grade": 1.26, "elevation_start": 78.1, "elevation_end": 78.7, "quality": "measured", "structure": "normal", "chain_rank": 2, "cum_dist_start": 2800.0, "cum_dist_end": 2850.0, "anomaly": false}, "geometry": {"type": "LineString", "coordinates": [[139.5906648117451, 35.33905553004544], [139.5906722981527, 35.338830293016855], [139.59068721877276, 35.3386053553915]]}}, {"type": "Feature", "properties": {"id": "横浜横須賀道路-上り-2-57", "route": "横浜横須賀道路", "direction": "上り", "from": "釜利谷JCT", "to": "朝比奈ＩＣ", "grade": 0.22, "elevation_start": 78.7, "elevation_end": 78.8, "quality": "measured", "structure": "normal", "chain_rank": 2, "cum_dist_start": 2850.0, "cum_dist_end": 2900.0, "anomaly": false}, "geometry": {"type": "LineString", "coordinates": [[139.59068721877276, 35.3386053553915], [139.59071039106527, 35.33838084674462], [139.59074555270334, 35.338157363058066]]}}, {"type": "Feature", "properties": {"id": "横浜横須賀道路-上り-2-58", "route": "横浜横須賀道路", "direction": "上り", "from": "釜利谷JCT", "to": "朝比奈ＩＣ", "grade": -0.28, "elevation_start": 78.8, "elevation_end": 78.7, "quality": "measured", "structure": "normal", "chain_rank": 2, "cum_dist_start": 2900.0, "cum_dist_end": 2950.0, "anomaly": false}, "geometry": {"type": "LineString", "coordinates": [[139.59074555270334, 35.338157363058066], [139.59078260539349, 35.33793408603149], [139.5908321530096, 35.33771258045447]]}}, {"type": "Feature", "properties": {"id": "横浜横須賀道路-上り-2-59", "route": "横浜横須賀道路", "direction": "上り", "from": "釜利谷JCT", "to": "朝比奈ＩＣ", "grade": -1.32, "elevation_start": 78.7, "elevation_end": 78.0, "quality": "measured", "structure": "normal", "chain_rank": 2, "cum_dist_start": 2950.0, "cum_dist_end": 3000.0, "anomaly": false}, "geometry": {"type": "LineString", "coordinates": [[139.5908321530096, 35.33771258045447], [139.59088916496069, 35.33749214304162], [139.59094854069488, 35.33727214217229]]}}, {"type": "Feature", "properties": {"id": "横浜横須賀道路-上り-2-60", "route": "横浜横須賀道路", "direction": "上り", "from": "釜利谷JCT", "to": "朝比奈ＩＣ", "grade": -1.96, "elevation_start": 78.0, "elevation_end": 77.1, "quality": "measured", "structure": "normal", "chain_rank": 2, "cum_dist_start": 3000.0, "cum_dist_end": 3050.0, "anomaly": false}, "geometry": {"type": "LineString", "coordinates": [[139.59094854069488, 35.33727214217229], [139.5910124364633, 35.33705297606297], [139.59108692157963, 35.33683615097066]]}}, {"type": "Feature", "properties": {"id": "横浜横須賀道路-上り-2-61", "route": "横浜横須賀道路", "direction": "上り", "from": "釜利谷JCT", "to": "朝比奈ＩＣ", "grade": -2.75, "elevation_start": 77.1, "elevation_end": 75.7, "quality": "measured", "structure": "normal", "chain_rank": 2, "cum_dist_start": 3050.0, "cum_dist_end": 3100.0, "anomaly": false}, "geometry": {"type": "LineString", "coordinates": [[139.59108692157963, 35.33683615097066], [139.59116621867173, 35.33662038967542], [139.59124551576383, 35.33640462838017]]}}, {"type": "Feature", "properties": {"id": "横浜横須賀道路-上り-2-62", "route": "横浜横須賀道路", "direction": "上り", "from": "朝比奈ＩＣ", "to": null, "grade": -2.87, "elevation_start": 75.7, "elevation_end": 74.2, "quality": "measured", "structure": "normal", "chain_rank": 2, "cum_dist_start": 3100.0, "cum_dist_end": 3150.0, "anomaly": false}, "geometry": {"type": "LineString", "coordinates": [[139.59124551576383, 35.33640462838017], [139.59132481285596, 35.33618886708492], [139.59140424593545, 35.33597313951441]]}}, {"type": "Feature", "properties": {"id": "横浜横須賀道路-上り-2-63", "route": "横浜横須賀道路", "direction": "上り", "from": "朝比奈ＩＣ", "to": null, "grade": -2.78, "elevation_start": 74.2, "elevation_end": 72.9, "quality": "measured", "structure": "normal", "chain_rank": 2, "cum_dist_start": 3150.0, "cum_dist_end": 3200.0, "anomaly": false}, "geometry": {"type": "LineString", "coordinates": [[139.59140424593545, 35.33597313951441], [139.59148379729348, 35.33575744127685], [139.5915633486515, 35.335541743039286]]}}, {"type": "Feature", "properties": {"id": "横浜横須賀道路-上り-2-64", "route": "横浜横須賀道路", "direction": "上り", "from": "朝比奈ＩＣ", "to": null, "grade": -1.48, "elevation_start": 72.9, "elevation_end": 72.1, "quality": "measured", "structure": "normal", "chain_rank": 2, "cum_dist_start": 3200.0, "cum_dist_end": 3250.0, "anomaly": false}, "geometry": {"type": "LineString", "coordinates": [[139.5915633486515, 35.335541743039286], [139.59164290000953, 35.33532604480173], [139.59172245136756, 35.33511034656417]]}}, {"type": "Feature", "properties": {"id": "横浜横須賀道路-上り-3-0", "route": "横浜横須賀道路", "direction": "上り", "from": null, "to": "港南台", "grade": -0.47, "elevation_start": 78.4, "elevation_end": 78.1, "quality": "measured", "structure": "normal", "chain_rank": 3, "cum_dist_start": 0.0, "cum_dist_end": 50.0, "anomaly": false}, "geometry": {"type": "LineString", "coordinates": [[139.5984792, 35.3620819], [139.59848048089012, 35.36230722991891], [139.59847984643648, 35.36253252387091]]}}, {"type": "Feature", "properties": {"id": "横浜横須賀道路-上り-3-1", "route": "横浜横須賀道路", "direction": "上り", "from": null, "to": "港南台", "grade": -0.91, "elevation_start": 78.1, "elevation_end": 77.7, "quality": "measured", "structure": "normal", "chain_rank": 3, "cum_dist_start": 50.0, "cum_dist_end": 100.0, "anomaly": false}, "geometry": {"type": "LineString", "coordinates": [[139.59847984643648, 35.36253252387091], [139.59846596264936, 35.36275756902282], [139.59844675215575, 35.36298228859686]]}}, {"type": "Feature", "properties": {"id": "横浜横須賀道路-上り-3-2", "route": "横浜横須賀道路", "direction": "上り", "from": null, "to": "港南台", "grade": -0.42, "elevation_start": 77.7, "elevation_end": 77.5, "quality": "measured", "structure": "normal", "chain_rank": 3, "cum_dist_start": 100.0, "cum_dist_end": 150.0, "anomaly": false}, "geometry": {"type": "LineString", "coordinates": [[139.59844675215575, 35.36298228859686], [139.59841971180467, 35.363206529595935], [139.59838237837351, 35.36342964350826]]}}, {"type": "Feature", "properties": {"id": "横浜横須賀道路-上り-3-3", "route": "横浜横須賀道路", "direction": "上り", "from": null, "to": "港南台", "grade": -0.25, "elevation_start": 77.5, "elevation_end": 77.3, "quality": "measured", "structure": "normal", "chain_rank": 3, "cum_dist_start": 150.0, "cum_dist_end": 200.0, "anomaly": false}, "geometry": {"type": "LineString", "coordinates": [[139.59838237837351, 35.36342964350826], [139.59833613209273, 35.3636517599732], [139.598277277935, 35.36387187452313]]}}, {"type": "Feature", "properties": {"id": "横浜横須賀道路-上り-3-4", "route": "横浜横須賀道路", "direction": "上り", "from": null, "to": "港南台", "grade": -2.56, "elevation_start": 77.3, "elevation_end": 76.1, "quality": "estimated", "structure": "normal", "chain_rank": 3, "cum_dist_start": 200.0, "cum_dist_end": 250.0, "anomaly": false}, "geometry": {"type": "LineString", "coordinates": [[139.598277277935, 35.36387187452313], [139.59820702482986, 35.36408952383597], [139.59812508103923, 35.364304616415396]]}}, {"type": "Feature", "properties": {"id": "横浜横須賀道路-上り-3-5", "route": "横浜横須賀道路", "direction": "上り", "from": null, "to": "港南台", "grade": -2.56, "elevation_start": 76.1, "elevation_end": 74.8, "quality": "estimated", "structure": "normal", "chain_rank": 3, "cum_dist_start": 250.0, "cum_dist_end": 300.0, "anomaly": false}, "geometry": {"type": "LineString", "coordinates": [[139.59812508103923, 35.364304616415396], [139.59803145763067, 35.364516496438476], [139.59793019372609, 35.364725990701565]]}}, {"type": "Feature", "properties": {"id": "横浜横須賀道路-上り-3-6", "route": "横浜横須賀道路", "direction": "上り", "from": null, "to": "港南台", "grade": -2.56, "elevation_start": 74.8, "elevation_end": 73.5, "quality": "estimated", "structure": "normal", "chain_rank": 3, "cum_dist_start": 300.0, "cum_dist_end": 350.0, "anomaly": false}, "geometry": {"type": "LineString", "coordinates": [[139.59793019372609, 35.364725990701565], [139.59780908899015, 35.36492830815341], [139.59768789316533, 35.36513059240363]]}}, {"type": "Feature", "properties": {"id": "横浜横須賀道路-上り-3-7", "route": "横浜横須賀道路", "direction": "上り", "from": null, "to": "港南台", "grade": -2.56, "elevation_start": 73.5, "elevation_end": 72.2, "quality": "estimated", "structure": "bridge", "chain_rank": 3, "cum_dist_start": 350.0, "cum_dist_end": 400.0, "anomaly": false}, "geometry": {"type": "LineString", "coordinates": [[139.59768789316533, 35.36513059240363], [139.5975598254855, 35.36532990426834], [139.59742422132476, 35.36552595626703]]}}, {"type": "Feature", "properties": {"id": "横浜横須賀道路-上り-3-8", "route": "横浜横須賀道路", "direction": "上り", "from": null, "to": "港南台", "grade": -2.56, "elevation_start": 72.2, "elevation_end": 70.9, "quality": "estimated", "structure": "bridge", "chain_rank": 3, "cum_dist_start": 400.0, "cum_dist_end": 450.0, "anomaly": false}, "geometry": {"type": "LineString", "coordinates": [[139.59742422132476, 35.36552595626703], [139.59728861716403, 35.36572200826571], [139.5971524557843, 35.36591780091796]]}}, {"type": "Feature", "properties": {"id": "横浜横須賀道路-上り-3-9", "route": "横浜横須賀道路", "direction": "上り", "from": "港南台", "to": "港南台IC", "grade": -2.56, "elevation_start": 70.9, "elevation_end": 69.7, "quality": "estimated", "structure": "bridge", "chain_rank": 3, "cum_dist_start": 450.0, "cum_dist_end": 500.0, "anomaly": false}, "geometry": {"type": "LineString", "coordinates": [[139.5971524557843, 35.36591780091796], [139.59701384758702, 35.366112439949106], [139.5968751910051, 35.366307056144]]}}, {"type": "Feature", "properties": {"id": "横浜横須賀道路-上り-3-10", "route": "横浜横須賀道路", "direction": "上り", "from": "港南台", "to": "港南台IC", "grade": -2.56, "elevation_start": 69.7, "elevation_end": 68.4, "quality": "estimated", "structure": "normal", "chain_rank": 3, "cum_dist_start": 500.0, "cum_dist_end": 550.0, "anomaly": false}, "geometry": {"type": "LineString", "coordinates": [[139.5968751910051, 35.366307056144], [139.59673653442317, 35.36650167233889], [139.59659787784128, 35.36669628853379]]}}, {"type": "Feature", "properties": {"id": "横浜横須賀道路-上り-3-11", "route": "横浜横須賀道路", "direction": "上り", "from": "港南台", "to": "港南台IC", "grade": -2.56, "elevation_start": 68.4, "elevation_end": 67.1, "quality": "estimated", "structure": "normal", "chain_rank": 3, "cum_dist_start": 550.0, "cum_dist_end": 600.0, "anomaly": false}, "geometry": {"type": "LineString", "coordinates": [[139.59659787784128, 35.36669628853379], [139.59645922125935, 35.366890904728685], [139.59632056467743, 35.367085520923574]]}}, {"type": "Feature", "properties": {"id": "横浜横須賀道路-上り-3-12", "route": "横浜横須賀道路", "direction": "上り", "from": "港南台", "to": "港南台IC", "grade": -2.49, "elevation_start": 67.1, "elevation_end": 65.8, "quality": "estimated", "structure": "normal", "chain_rank": 3, "cum_dist_start": 600.0, "cum_dist_end": 650.0, "anomaly": false}, "geometry": {"type": "LineString", "coordinates": [[139.59632056467743, 35.367085520923574], [139.59618190809553, 35.36728013711847], [139.5960432515136, 35.36747475331336]]}}, {"type": "Feature", "properties": {"id": "横浜横須賀道路-上り-3-13", "route": "横浜横須賀道路", "direction": "上り", "from": "港南台", "to": "港南台IC", "grade": -2.49, "elevation_start": 65.8, "elevation_end": 64.6, "quality": "measured", "structure": "normal", "chain_rank": 3, "cum_dist_start": 650.0, "cum_dist_end": 700.0, "anomaly": false}, "geometry": {"type": "LineString", "coordinates": [[139.5960432515136, 35.36747475331336], [139.59590459493168, 35.367669369508256], [139.59576593834979, 35.36786398570315]]}}, {"type": "Feature", "properties": {"id": "横浜横須賀道路-上り-3-14", "route": "横浜横須賀道路", "direction": "上り", "from": "港南台", "to": "港南台IC", "grade": -3.7, "elevation_start": 64.6, "elevation_end": 62.7, "quality": "measured", "structure": "normal", "chain_rank": 3, "cum_dist_start": 700.0, "cum_dist_end": 750.0, "anomaly": false}, "geometry": {"type": "LineString", "coordinates": [[139.59576593834979, 35.36786398570315], [139.59562728176786, 35.36805860189804], [139.59548862518594, 35.36825321809294]]}}, {"type": "Feature", "properties": {"id": "横浜横須賀道路-上り-3-15", "route": "横浜横須賀道路", "direction": "上り", "from": "港南台", "to": "港南台IC", "grade": -4.95, "elevation_start": 62.7, "elevation_end": 60.3, "quality": "measured", "structure": "normal", "chain_rank": 3, "cum_dist_start": 750.0, "cum_dist_end": 800.0, "anomaly": false}, "geometry": {"type": "LineString", "coordinates": [[139.59548862518594, 35.36825321809294], [139.59534996860404, 35.36844783428783], [139.59521131202212, 35.368642450482724]]}}, {"type": "Feature", "properties": {"id": "横浜横須賀道路-上り-3-16", "route": "横浜横須賀道路", "direction": "上り", "from": "港南台", "to": "港南台IC", "grade": -5.05, "elevation_start": 60.3, "elevation_end": 57.7, "quality": "measured", "structure": "normal", "chain_rank": 3, "cum_dist_start": 800.0, "cum_dist_end": 850.0, "anomaly": false}, "geometry": {"type": "LineString", "coordinates": [[139.59521131202212, 35.368642450482724], [139.5950726554402, 35.36883706667762], [139.59493399885827, 35.36903168287251]]}}, {"type": "Feature", "properties": {"id": "横浜横須賀道路-上り-3-17", "route": "横浜横須賀道路", "direction": "上り", "from": "港南台", "to": "港南台IC", "grade": -2.6, "elevation_start": 57.7, "elevation_end": 56.4, "quality": "measured", "structure": "normal", "chain_rank": 3, "cum_dist_start": 850.0, "cum_dist_end": 900.0, "anomaly": false}, "geometry": {"type": "LineString", "coordinates": [[139.59493399885827, 35.36903168287251], [139.59479534227637, 35.36922629906741], [139.59465668569445, 35.369420915262296]]}}, {"type": "Feature", "properties": {"id": "横浜横須賀道路-上り-3-18", "route": "横浜横須賀道路", "direction": "上り", "from": "港南台", "to": "港南台IC", "grade": -2.41, "elevation_start": 56.4, "elevation_end": 55.2, "quality": "measured", "structure": "normal", "chain_rank": 3, "cum_dist_start": 900.0, "cum_dist_end": 950.0, "anomaly": false}, "geometry": {"type": "LineString", "coordinates": [[139.59465668569445, 35.369420915262296], [139.59451802911252, 35.36961553145719], [139.59437937253063, 35.36981014765209]]}}, {"type": "Feature", "properties": {"id": "横浜横須賀道路-上り-3-19", "route": "横浜横須賀道路", "direction": "上り", "from": "港南台", "to": "港南台IC", "grade": -2.57, "elevation_start": 55.2, "elevation_end": 54.0, "quality": "estimated", "structure": "normal", "chain_rank": 3, "cum_dist_start": 950.0, "cum_dist_end": 1000.0, "anomaly": false}, "geometry": {"type": "LineString", "coordinates": [[139.59437937253063, 35.36981014765209], [139.5942407159487, 35.37000476384698], [139.59410205936678, 35.370199380041875]]}}, {"type": "Feature", "properties": {"id": "横浜横須賀道路-上り-3-20", "route": "横浜横須賀道路", "direction": "上り", "from": "港南台", "to": "港南台IC", "grade": -2.57, "elevation_start": 54.0, "elevation_end": 52.7, "quality": "estimated", "structure": "normal", "chain_rank": 3, "cum_dist_start": 1000.0, "cum_dist_end": 1050.0, "anomaly": false}, "geometry": {"type": "LineString", "coordinates": [[139.59410205936678, 35.370199380041875], [139.59396055249897, 35.37039260739416], [139.59381773129644, 35.37058519431803]]}}, {"type": "Feature", "properties": {"id": "横浜横須賀道路-上り-3-21", "route": "横浜横須賀道路", "direction": "上り", "from": "港南台", "to": "港南台IC", "grade": -2.57, "elevation_start": 52.7, "elevation_end": 51.4, "quality": "estimated", "structure": "normal", "chain_rank": 3, "cum_dist_start": 1050.0, "cum_dist_end": 1100.0, "anomaly": false}, "geometry": {"type": "LineString", "coordinates": [[139.59381773129644, 35.37058519431803], [139.59366770574107, 35.370774067061156], [139.59351465481316, 35.37096128999085]]}}, {"type": "Feature", "properties": {"id": "横浜横須賀道路-上り-3-22", "route": "横浜横須賀道路", "direction": "上り", "from": "港南台", "to": "港南台IC", "grade": -2.57, "elevation_start": 51.4, "elevation_end": 50.1, "quality": "estimated", "structure": "bridge", "chain_rank": 3, "cum_dist_start": 1100.0, "cum_dist_end": 1150.0, "anomaly": false}, "geometry": {"type": "LineString", "coordinates": [[139.59351465481316, 35.37096128999085], [139.59334876463697, 35.37114099289691], [139.5931722737995, 35.37131363711702]]}}, {"type": "Feature", "properties": {"id": "横浜横須賀道路-上り-3-23", "route": "横浜横須賀道路", "direction": "上り", "from": "港南台", "to": "港南台IC", "grade": -2.57, "elevation_start": 50.1, "elevation_end": 48.8, "quality": "estimated", "structure": "normal", "chain_rank": 3, "cum_dist_start": 1150.0, "cum_dist_end": 1200.0, "anomaly": false}, "geometry": {"type": "LineString", "coordinates": [[139.5931722737995, 35.37131363711702], [139.5929849440095, 35.37147859789829], [139.59278604842777, 35.37163427420905]]}}, {"type": "Feature", "properties": {"id": "横浜横須賀道路-上り-3-24", "route": "横浜横須賀道路", "direction": "上り", "from": "港南台", "to": "港南台IC", "grade": -2.57, "elevation_start": 48.8, "elevation_end": 47.5, "quality": "estimated", "structure": "normal", "chain_rank": 3, "cum_dist_start": 1200.0, "cum_dist_end": 1250.0, "anomaly": false}, "geometry": {"type": "LineString", "coordinates": [[139.59278604842777, 35.37163427420905], [139.59257958924394, 35.37178289032399], [139.5923652717152, 35.371924171117335]]}}, {"type": "Feature", "properties": {"id": "横浜横須賀道路-上り-3-25", "route": "横浜横須賀道路", "direction": "上り", "from": "港南台", "to": "港南台IC", "grade": -2.57, "elevation_start": 47.5, "elevation_end": 46.3, "quality": "estimated", "structure": "normal", "chain_rank": 3, "cum_dist_start": 1250.0, "cum_dist_end": 1300.0, "anomaly": false}, "geometry": {"type": "LineString", "coordinates": [[139.5923652717152, 35.371924171117335], [139.59215095418648, 35.37206545191068], [139.59193663665772, 35.37220673270402]]}}, {"type": "Feature", "properties": {"id": "横浜横須賀道路-上り-3-26", "route": "横浜横須賀道路", "direction": "上り", "from": "港南台", "to": "港南台IC", "grade": -0.26, "elevation_start": 46.3, "elevation_end": 46.1, "quality": "measured", "structure": "normal", "chain_rank": 3, "cum_dist_start": 1300.0, "cum_dist_end": 1350.0, "anomaly": false}, "geometry": {"type": "LineString", "coordinates": [[139.59193663665772, 35.37220673270402], [139.591722383025, 35.37234807850769], [139.59150855842674, 35.37248986082787]]}}, {"type": "Feature", "properties": {"id": "横浜横須賀道路-上り-3-27", "route": "横浜横須賀道路", "direction": "上り", "from": "港南台", "to": "港南台IC", "grade": -0.33, "elevation_start": 46.1, "elevation_end": 46.0, "quality": "measured", "structure": "normal", "chain_rank": 3, "cum_dist_start": 1350.0, "cum_dist_end": 1400.0, "anomaly": false}, "geometry": {"type": "LineString", "coordinates": [[139.59150855842674, 35.37248986082787], [139.59129473382845, 35.37263164314804], [139.59108505184201, 35.37277731057781]]}}, {"type": "Feature", "properties": {"id": "横浜横須賀道路-上り-3-28", "route": "横浜横須賀道路", "direction": "上り", "from": "港南台", "to": "港南台IC", "grade": -0.81, "elevation_start": 46.0, "elevation_end": 45.6, "quality": "measured", "structure": "normal", "chain_rank": 3, "cum_dist_start": 1400.0, "cum_dist_end": 1450.0, "anomaly": false}, "geometry": {"type": "LineString", "coordinates": [[139.59108505184201, 35.37277731057781], [139.5908847526964, 35.37293177761678], [139.59069271453137, 35.373092867629296]]}}, {"type": "Feature", "properties": {"id": "横浜横須賀道路-上り-3-29", "route": "横浜横須賀道路", "direction": "上り", "from": "港南台", "to": "港南台IC", "grade": -0.68, "elevation_start": 45.6, "elevation_end": 45.2, "quality": "measured", "structure": "normal", "chain_rank": 3, "cum_dist_start": 1450.0, "cum_dist_end": 1500.0, "anomaly": false}, "geometry": {"type": "LineString", "coordinates": [[139.59069271453137, 35.373092867629296], [139.59051129236616, 35.3732621941995], [139.5903367371078, 35.37343636126976]]}}, {"type": "Feature", "properties": {"id": "横浜横須賀道路-上り-3-30", "route": "横浜横須賀道路", "direction": "上り", "from": "港南台", "to": "港南台IC", "grade": -1.19, "elevation_start": 45.2, "elevation_end": 44.6, "quality": "estimated", "structure": "normal", "chain_rank": 3, "cum_dist_start": 1500.0, "cum_dist_end": 1550.0, "anomaly": false}, "geometry": {"type": "LineString", "coordinates": [[139.5903367371078, 35.37343636126976], [139.59017643226113, 35.3736192903277], [139.59002091918873, 35.37380512958971]]}}, {"type": "Feature", "properties": {"id": "横浜横須賀道路-上り-3-31", "route": "横浜横須賀道路", "direction": "上り", "from": "港南台IC", "to": "日野ＩＣ", "grade": -1.53, "elevation_start": 44.6, "elevation_end": 43.9, "quality": "estimated", "structure": "normal", "chain_rank": 3, "cum_dist_start": 1550.0, "cum_dist_end": 1600.0, "anomaly": false}, "geometry": {"type": "LineString", "coordinates": [[139.59002091918873, 35.37380512958971], [139.58988441282122, 35.37400052319169], [139.58976270270296, 35.374202605501615]]}}, {"type": "Feature", "properties": {"id": "横浜横須賀道路-上り-3-32", "route": "横浜横須賀道路", "direction": "上り", "from": "港南台IC", "to": "日野ＩＣ", "grade": -1.53, "elevation_start": 43.9, "elevation_end": 43.1, "quality": "estimated", "structure": "normal", "chain_rank": 3, "cum_dist_start": 1600.0, "cum_dist_end": 1650.0, "anomaly": false}, "geometry": {"type": "LineString", "coordinates": [[139.58976270270296, 35.374202605501615], [139.5896409925847, 35.37440468781154], [139.58951928246643, 35.37460677012147]]}}, {"type": "Feature", "properties": {"id": "横浜横須賀道路-上り-3-33", "route": "横浜横須賀道路", "direction": "上り", "from": "港南台IC", "to": "日野ＩＣ", "grade": -1.53, "elevation_start": 43.1, "elevation_end": 42.3, "quality": "estimated", "structure": "bridge", "chain_rank": 3, "cum_dist_start": 1650.0, "cum_dist_end": 1700.0, "anomaly": false}, "geometry": {"type": "LineString", "coordinates": [[139.58951928246643, 35.37460677012147], [139.5893999695707, 35.37480979353271], [139.58928540392225, 35.37501465572775]]}}, {"type": "Feature", "properties": {"id": "横浜横須賀道路-上り-3-34", "route": "横浜横須賀道路", "direction": "上り", "from": "港南台IC", "to": "日野ＩＣ", "grade": -1.53, "elevation_start": 42.3, "elevation_end": 41.6, "quality": "estimated", "structure": "bridge", "chain_rank": 3, "cum_dist_start": 1700.0, "cum_dist_end": 1750.0, "anomaly": false}, "geometry": {"type": "LineString", "coordinates": [[139.58928540392225, 35.37501465572775], [139.58917193978382, 35.375219932255845], [139.58905847564537, 35.37542520878393]]}}, {"type": "Feature", "properties": {"id": "横浜横須賀道路-上り-3-35", "route": "横浜横須賀道路", "direction": "上り", "from": "港南台IC", "to": "日野ＩＣ", "grade": -1.53, "elevation_start": 41.6, "elevation_end": 40.8, "quality": "estimated", "structure": "bridge", "chain_rank": 3, "cum_dist_start": 1750.0, "cum_dist_end": 1800.0, "anomaly": false}, "geometry": {"type": "LineString", "coordinates": [[139.58905847564537, 35.37542520878393], [139.58894501150695, 35.37563048531202], [139.5888315473685, 35.37583576184011]]}}, {"type": "Feature", "properties": {"id": "横浜横須賀道路-上り-3-36", "route": "横浜横須賀道路", "direction": "上り", "from": "港南台IC", "to": "日野ＩＣ", "grade": -1.53, "elevation_start": 40.8, "elevation_end": 40.0, "quality": "estimated", "structure": "bridge", "chain_rank": 3, "cum_dist_start": 1800.0, "cum_dist_end": 1850.0, "anomaly": false}, "geometry": {"type": "LineString", "coordinates": [[139.5888315473685, 35.37583576184011], [139.58871808323008, 35.3760410383682], [139.58860461909165, 35.37624631489629]]}}, {"type": "Feature", "properties": {"id": "横浜横須賀道路-上り-3-37", "route": "横浜横須賀道路", "direction": "上り", "from": "港南台IC", "to": "日野ＩＣ", "grade": -1.53, "elevation_start": 40.0, "elevation_end": 39.3, "quality": "estimated", "structure": "bridge", "chain_rank": 3, "cum_dist_start": 1850.0, "cum_dist_end": 1900.0, "anomaly": false}, "geometry": {"type": "LineString", "coordinates": [[139.58860461909165, 35.37624631489629], [139.5884911549532, 35.37645159142438], [139.58837769081478, 35.37665686795247]]}}, {"type": "Feature", "properties": {"id": "横浜横須賀道路-上り-3-38", "route": "横浜横須賀道路", "direction": "上り", "from": "港南台IC", "to": "日野ＩＣ", "grade": -1.53, "elevation_start": 39.3, "elevation_end": 38.5, "quality": "estimated", "structure": "bridge", "chain_rank": 3, "cum_dist_start": 1900.0, "cum_dist_end": 1950.0, "anomaly": false}, "geometry": {"type": "LineString", "coordinates": [[139.58837769081478, 35.37665686795247], [139.58826250622906, 35.37686149831598], [139.58814645562614, 35.377065803421274]]}}, {"type": "Feature", "properties": {"id": "横浜横須賀道路-上り-3-39", "route": "横浜横須賀道路", "direction": "上り", "from": "港南台IC", "to": "日野ＩＣ", "grade": -1.53, "elevation_start": 38.5, "elevation_end": 37.7, "quality": "estimated", "structure": "normal", "chain_rank": 3, "cum_dist_start": 1950.0, "cum_dist_end": 2000.0, "anomaly": false}, "geometry": {"type": "LineString", "coordinates": [[139.58814645562614, 35.377065803421274], [139.58803040502323, 35.37727010852657], [139.58791435442032, 35.37747441363186]]}}, {"type": "Feature", "properties": {"id": "横浜横須賀道路-上り-3-40", "route": "横浜横須賀道路", "direction": "上り", "from": "港南台IC", "to": "日野ＩＣ", "grade": -1.53, "elevation_start": 37.7, "elevation_end": 36.9, "quality": "estimated", "structure": "normal", "chain_rank": 3, "cum_dist_start": 2000.0, "cum_dist_end": 2050.0, "anomaly": false}, "geometry": {"type": "LineString", "coordinates": [[139.58791435442032, 35.37747441363186], [139.5877983038174, 35.37767871873715], [139.5876822532145, 35.37788302384244]]}}, {"type": "Feature", "properties": {"id": "横浜横須賀道路-上り-3-41", "route": "横浜横須賀道路", "direction": "上り", "from": "港南台IC", "to": "日野ＩＣ", "grade": -0.71, "elevation_start": 36.9, "elevation_end": 36.6, "quality": "estimated", "structure": "normal", "chain_rank": 3, "cum_dist_start": 2050.0, "cum_dist_end": 2100.0, "anomaly": false}, "geometry": {"type": "LineString", "coordinates": [[139.5876822532145, 35.37788302384244], [139.5875659900902, 35.378087244673075], [139.5874422259319, 35.37828849099288]]}}, {"type": "Feature", "properties": {"id": "横浜横須賀道路-上り-3-42", "route": "横浜横須賀道路", "direction": "上り", "from": "港南台IC", "to": "日野ＩＣ", "grade": -0.04, "elevation_start": 36.6, "elevation_end": 36.6, "quality": "measured", "structure": "normal", "chain_rank": 3, "cum_dist_start": 2100.0, "cum_dist_end": 2150.0, "anomaly": false}, "geometry": {"type": "LineString", "coordinates": [[139.5874422259319, 35.37828849099288], [139.5873184617736, 35.378489737312684], [139.58719469761527, 35.37869098363249]]}}, {"type": "Feature", "properties": {"id": "横浜横須賀道路-上り-3-43", "route": "横浜横須賀道路", "direction": "上り", "from": "港南台IC", "to": "日野ＩＣ", "grade": -0.21, "elevation_start": 36.6, "elevation_end": 36.5, "quality": "measured", "structure": "normal", "chain_rank": 3, "cum_dist_start": 2150.0, "cum_dist_end": 2200.0, "anomaly": false}, "geometry": {"type": "LineString", "coordinates": [[139.58719469761527, 35.37869098363249], [139.58707093345697, 35.37889222995229], [139.58694716929867, 35.3790934762721]]}}, {"type": "Feature", "properties": {"id": "横浜横須賀道路-上り-3-44", "route": "横浜横須賀道路", "direction": "上り", "from": "港南台IC", "to": "日野ＩＣ", "grade": -0.94, "elevation_start": 36.5, "elevation_end": 36.0, "quality": "measured", "structure": "normal", "chain_rank": 3, "cum_dist_start": 2200.0, "cum_dist_end": 2250.0, "anomaly": false}, "geometry": {"type": "LineString", "coordinates": [[139.58694716929867, 35.3790934762721], [139.58682340514036, 35.3792947225919], [139.58669543156964, 35.37949413039551]]}}, {"type": "Feature", "properties": {"id": "横浜横須賀道路-上り-3-45", "route": "横浜横須賀道路", "direction": "上り", "from": "港南台IC", "to": "日野ＩＣ", "grade": -1.63, "elevation_start": 36.0, "elevation_end": 35.2, "quality": "measured", "structure": "normal", "chain_rank": 3, "cum_dist_start": 2250.0, "cum_dist_end": 2300.0, "anomaly": false}, "geometry": {"type": "LineString", "coordinates": [[139.58669543156964, 35.37949413039551], [139.58656030706373, 35.37969041493418], [139.58642518255783, 35.37988669947285]]}}, {"type": "Feature", "properties": {"id": "横浜横須賀道路-上り-3-46", "route": "横浜横須賀道路", "direction": "上り", "from": "港南台IC", "to": "日野ＩＣ", "grade": -2.3, "elevation_start": 35.2, "elevation_end": 34.0, "quality": "measured", "structure": "normal", "chain_rank": 3, "cum_dist_start": 2300.0, "cum_dist_end": 2350.0, "anomaly": false}, "geometry": {"type": "LineString", "coordinates": [[139.58642518255783, 35.37988669947285], [139.5862875559486, 35.38008180911329], [139.58614893300864, 35.38027645091249]]}}, {"type": "Feature", "properties": {"id": "横浜横須賀道路-上り-3-47", "route": "横浜横須賀道路", "direction": "上り", "from": "日野ＩＣ", "to": "日野IC", "grade": -2.51, "elevation_start": 34.0, "elevation_end": 32.8, "quality": "measured", "structure": "normal", "chain_rank": 3, "cum_dist_start": 2350.0, "cum_dist_end": 2400.0, "anomaly": false}, "geometry": {"type": "LineString", "coordinates": [[139.58614893300864, 35.38027645091249], [139.58601031006873, 35.380471092711694], [139.58586636715862, 35.38066310668435]]}}, {"type": "Feature", "properties": {"id": "横浜横須賀道路-上り-3-48", "route": "横浜横須賀道路", "direction": "上り", "from": "日野ＩＣ", "to": "日野IC", "grade": -0.99, "elevation_start": 32.8, "elevation_end": 32.3, "quality": "measured", "structure": "normal", "chain_rank": 3, "cum_dist_start": 2400.0, "cum_dist_end": 2450.0, "anomaly": false}, "geometry": {"type": "LineString", "coordinates": [[139.58586636715862, 35.38066310668435], [139.58571806515764, 35.380852891652914], [139.58556580108754, 35.38104053932435]]}}, {"type": "Feature", "properties": {"id": "横浜横須賀道路-上り-3-49", "route": "横浜横須賀道路", "direction": "上り", "from": "日野ＩＣ", "to": "日野IC", "grade": -0.89, "elevation_start": 32.3, "elevation_end": 31.8, "quality": "measured", "structure": "normal", "chain_rank": 3, "cum_dist_start": 2450.0, "cum_dist_end": 2500.0, "anomaly": false}, "geometry": {"type": "LineString", "coordinates": [[139.58556580108754, 35.38104053932435], [139.5854076651997, 35.381224935303784], [139.58524952931185, 35.381409331283216]]}}, {"type": "Feature", "properties": {"id": "横浜横須賀道路-上り-3-50", "route": "横浜横須賀道路", "direction": "上り", "from": "日野ＩＣ", "to": "日野IC", "grade": 2.43, "elevation_start": 31.8, "elevation_end": 33.1, "quality": "estimated", "structure": "normal", "chain_rank": 3, "cum_dist_start": 2500.0, "cum_dist_end": 2550.0, "anomaly": false}, "geometry": {"type": "LineString", "coordinates": [[139.58524952931185, 35.381409331283216], [139.58509061811333, 35.381593279698755], [139.5849307442942, 35.381776663008495]]}}, {"type": "Feature", "properties": {"id": "横浜横須賀道路-上り-3-51", "route": "横浜横須賀道路", "direction": "上り", "from": "日野ＩＣ", "to": "日野IC", "grade": 2.43, "elevation_start": 33.1, "elevation_end": 34.3, "quality": "estimated", "structure": "normal", "chain_rank": 3, "cum_dist_start": 2550.0, "cum_dist_end": 2600.0, "anomaly": false}, "geometry": {"type": "LineString", "coordinates": [[139.5849307442942, 35.381776663008495], [139.58476853164635, 35.38195866911307], [139.58460004338858, 35.382136713990434]]}}, {"type": "Feature", "properties": {"id": "横浜横須賀道路-上り-3-52", "route": "横浜横須賀道路", "direction": "上り", "from": "日野ＩＣ", "to": "日野IC", "grade": 2.43, "elevation_start": 34.3, "elevation_end": 35.5, "quality": "estimated", "structure": "normal", "chain_rank": 3, "cum_dist_start": 2600.0, "cum_dist_end": 2650.0, "anomaly": false}, "geometry": {"type": "LineString", "coordinates": [[139.58460004338858, 35.382136713990434], [139.58442642872595, 35.3823115230302], [139.58425248662712, 35.38248611337287]]}}, {"type": "Feature", "properties": {"id": "横浜横須賀道路-上り-3-53", "route": "横浜横須賀道路", "direction": "上り", "from": "日野ＩＣ", "to": "日野IC", "grade": 2.43, "elevation_start": 35.5, "elevation_end": 36.7, "quality": "estimated", "structure": "bridge", "chain_rank": 3, "cum_dist_start": 2650.0, "cum_dist_end": 2700.0, "anomaly": false}, "geometry": {"type": "LineString", "coordinates": [[139.58425248662712, 35.38248611337287], [139.5840758724929, 35.38265888812632], [139.5838982035175, 35.382830944060984]]}}, {"type": "Feature", "properties": {"id": "横浜横須賀道路-上り-3-54", "route": "横浜横須賀道路", "direction": "上り", "from": "日野ＩＣ", "to": "日野IC", "grade": 2.43, "elevation_start": 36.7, "elevation_end": 37.9, "quality": "estimated", "structure": "bridge", "chain_rank": 3, "cum_dist_start": 2700.0, "cum_dist_end": 2750.0, "anomaly": false}, "geometry": {"type": "LineString", "coordinates": [[139.5838982035175, 35.382830944060984], [139.58371721030062, 35.383000626296656], [139.5835332491855, 35.38316818928283]]}}, {"type": "Feature", "properties": {"id": "横浜横須賀道路-上り-3-55", "route": "横浜横須賀道路", "direction": "上り", "from": "日野ＩＣ", "to": "日野IC", "grade": 2.43, "elevation_start": 37.9, "elevation_end": 39.1, "quality": "estimated", "structure": "normal", "chain_rank": 3, "cum_dist_start": 2750.0, "cum_dist_end": 2800.0, "anomaly": false}, "geometry": {"type": "LineString", "coordinates": [[139.5835332491855, 35.38316818928283], [139.58334810338908, 35.38333485541379], [139.58315852711135, 35.38349816747804]]}}, {"type": "Feature", "properties": {"id": "横浜横須賀道路-上り-3-56", "route": "横浜横須賀道路", "direction": "上り", "from": "日野ＩＣ", "to": "日野IC", "grade": 2.43, "elevation_start": 39.1, "elevation_end": 40.3, "quality": "estimated", "structure": "normal", "chain_rank": 3, "cum_dist_start": 2800.0, "cum_dist_end": 2850.0, "anomaly": false}, "geometry": {"type": "LineString", "coordinates": [[139.58315852711135, 35.38349816747804], [139.58296805449132, 35.38366076450318], [139.58277364381044, 35.38382022001932]]}}, {"type": "Feature", "properties": {"id": "横浜横須賀道路-上り-3-57", "route": "横浜横須賀道路", "direction": "上り", "from": "日野IC", "to": null, "grade": 2.43, "elevation_start": 40.3, "elevation_end": 41.5, "quality": "estimated", "structure": "normal", "chain_rank": 3, "cum_dist_start": 2850.0, "cum_dist_end": 2900.0, "anomaly": false}, "geometry": {"type": "LineString", "coordinates": [[139.58277364381044, 35.38382022001932], [139.58257923312956, 35.38397967553546], [139.58238263323554, 35.38413729546733]]}}, {"type": "Feature", "properties": {"id": "横浜横須賀道路-上り-3-58", "route": "横浜横須賀道路", "direction": "上り", "from": "日野IC", "to": null, "grade": 2.43, "elevation_start": 41.5, "elevation_end": 42.8, "quality": "estimated", "structure": "bridge", "chain_rank": 3, "cum_dist_start": 2900.0, "cum_dist_end": 2950.0, "anomaly": false}, "geometry": {"type": "LineString", "coordinates": [[139.58238263323554, 35.38413729546733], [139.58218336278853, 35.38429267622708], [139.58198025146473, 35.38444461321523]]}}, {"type": "Feature", "properties": {"id": "横浜横須賀道路-上り-3-59", "route": "横浜横須賀道路", "direction": "上り", "from": "日野IC", "to": null, "grade": 2.43, "elevation_start": 42.8, "elevation_end": 44.0, "quality": "estimated", "structure": "bridge", "chain_rank": 3, "cum_dist_start": 2950.0, "cum_dist_end": 3000.0, "anomaly": false}, "geometry": {"type": "LineString", "coordinates": [[139.58198025146473, 35.38444461321523], [139.58177326615737, 35.38459307674785], [139.58156650636482, 35.38474174726905]]}}, {"type": "Feature", "properties": {"id": "横浜横須賀道路-上り-3-60", "route": "横浜横須賀道路", "direction": "上り", "from": "日野IC", "to": null, "grade": 2.43, "elevation_start": 44.0, "elevation_end": 45.2, "quality": "estimated", "structure": "bridge", "chain_rank": 3, "cum_dist_start": 3000.0, "cum_dist_end": 3050.0, "anomaly": false}, "geometry": {"type": "LineString", "coordinates": [[139.58156650636482, 35.38474174726905], [139.58136253407656, 35.38489297629709], [139.58115548586318, 35.385041382077205]]}}, {"type": "Feature", "properties": {"id": "横浜横須賀道路-上り-3-61", "route": "横浜横須賀道路", "direction": "上り", "from": "日野IC", "to": null, "grade": 2.43, "elevation_start": 45.2, "elevation_end": 46.4, "quality": "estimated", "structure": "bridge", "chain_rank": 3, "cum_dist_start": 3050.0, "cum_dist_end": 3100.0, "anomaly": false}, "geometry": {"type": "LineString", "coordinates": [[139.58115548586318, 35.385041382077205], [139.5809475388648, 35.38518893334872], [139.58073755833277, 35.385334551263604]]}}, {"type": "Feature", "properties": {"id": "横浜横須賀道路-上り-3-62", "route": "横浜横須賀道路", "direction": "上り", "from": "日野IC", "to": null, "grade": 2.43, "elevation_start": 46.4, "elevation_end": 47.6, "quality": "estimated", "structure": "bridge", "chain_rank": 3, "cum_dist_start": 3100.0, "cum_dist_end": 3150.0, "anomaly": false}, "geometry": {"type": "LineString", "coordinates": [[139.58073755833277, 35.385334551263604], [139.58052757780078, 35.38548016917849], [139.5803175972688, 35.385625787093375]]}}, {"type": "Feature", "properties": {"id": "横浜横須賀道路-上り-3-63", "route": "横浜横須賀道路", "direction": "上り", "from": "日野IC", "to": null, "grade": 2.43, "elevation_start": 47.6, "elevation_end": 48.8, "quality": "estimated", "structure": "bridge", "chain_rank": 3, "cum_dist_start": 3150.0, "cum_dist_end": 3200.0, "anomaly": false}, "geometry": {"type": "LineString", "coordinates": [[139.5803175972688, 35.385625787093375], [139.5801076167368, 35.385771405008256], [139.5798976362048, 35.38591702292314]]}}, {"type": "Feature", "properties": {"id": "横浜横須賀道路-上り-3-64", "route": "横浜横須賀道路", "direction": "上り", "from": "日野IC", "to": null, "grade": 2.43, "elevation_start": 48.8, "elevation_end": 50.0, "quality": "estimated", "structure": "bridge", "chain_rank": 3, "cum_dist_start": 3200.0, "cum_dist_end": 3250.0, "anomaly": false}, "geometry": {"type": "LineString", "coordinates": [[139.5798976362048, 35.38591702292314], [139.57968677580428, 35.386061777093275], [139.57947405995358, 35.38620470981476]]}}, {"type": "Feature", "properties": {"id": "横浜横須賀道路-上り-3-65", "route": "横浜横須賀道路", "direction": "上り", "from": "日野IC", "to": null, "grade": 2.43, "elevation_start": 50.0, "elevation_end": 51.3, "quality": "estimated", "structure": "bridge", "chain_rank": 3, "cum_dist_start": 3250.0, "cum_dist_end": 3300.0, "anomaly": false}, "geometry": {"type": "LineString", "coordinates": [[139.57947405995358, 35.38620470981476], [139.5792613441029, 35.38634764253625], [139.5790486282522, 35.38649057525774]]}}, {"type": "Feature", "properties": {"id": "横浜横須賀道路-上り-3-66", "route": "横浜横須賀道路", "direction": "上り", "from": "日野IC", "to": null, "grade": 2.43, "elevation_start": 51.3, "elevation_end": 52.5, "quality": "estimated", "structure": "bridge", "chain_rank": 3, "cum_dist_start": 3300.0, "cum_dist_end": 3350.0, "anomaly": false}, "geometry": {"type": "LineString", "coordinates": [[139.5790486282522, 35.38649057525774], [139.5788359124015, 35.38663350797922], [139.5786241086061, 35.38677733966879]]}}, {"type": "Feature", "properties": {"id": "横浜横須賀道路-上り-3-67", "route": "横浜横須賀道路", "direction": "上り", "from": "日野IC", "to": null, "grade": 2.43, "elevation_start": 52.5, "elevation_end": 53.7, "quality": "estimated", "structure": "bridge", "chain_rank": 3, "cum_dist_start": 3350.0, "cum_dist_end": 3400.0, "anomaly": false}, "geometry": {"type": "LineString", "coordinates": [[139.5786241086061, 35.38677733966879], [139.57841372729888, 35.38692257343508], [139.57820334599168, 35.387067807201376]]}}, {"type": "Feature", "properties": {"id": "横浜横須賀道路-上り-3-68", "route": "横浜横須賀道路", "direction": "上り", "from": "日野IC", "to": null, "grade": 2.43, "elevation_start": 53.7, "elevation_end": 54.9, "quality": "estimated", "structure": "bridge", "chain_rank": 3, "cum_dist_start": 3400.0, "cum_dist_end": 3450.0, "anomaly": false}, "geometry": {"type": "LineString", "coordinates": [[139.57820334599168, 35.387067807201376], [139.57799296468446, 35.387213040967666], [139.57778258337726, 35.38735827473396]]}}, {"type": "Feature", "properties": {"id": "横浜横須賀道路-上り-3-69", "route": "横浜横須賀道路", "direction": "上り", "from": "日野IC", "to": null, "grade": 2.43, "elevation_start": 54.9, "elevation_end": 56.1, "quality": "estimated", "structure": "bridge", "chain_rank": 3, "cum_dist_start": 3450.0, "cum_dist_end": 3500.0, "anomaly": false}, "geometry": {"type": "LineString", "coordinates": [[139.57778258337726, 35.38735827473396], [139.57757220207003, 35.38750350850025], [139.57736182076283, 35.38764874226655]]}}, {"type": "Feature", "properties": {"id": "横浜横須賀道路-上り-3-70", "route": "横浜横須賀道路", "direction": "上り", "from": "日野IC", "to": null, "grade": 2.43, "elevation_start": 56.1, "elevation_end": 57.3, "quality": "estimated", "structure": "bridge", "chain_rank": 3, "cum_dist_start": 3500.0, "cum_dist_end": 3550.0, "anomaly": false}, "geometry": {"type": "LineString", "coordinates": [[139.57736182076283, 35.38764874226655], [139.57715143945563, 35.38779397603284], [139.57694157667328, 35.38793970953043]]}}, {"type": "Feature", "properties": {"id": "横浜横須賀道路-上り-3-71", "route": "横浜横須賀道路", "direction": "上り", "from": "日野IC", "to": null, "grade": 2.43, "elevation_start": 57.3, "elevation_end": 58.5, "quality": "estimated", "structure": "normal", "chain_rank": 3, "cum_dist_start": 3550.0, "cum_dist_end": 3600.0, "anomaly": false}, "geometry": {"type": "LineString", "coordinates": [[139.57694157667328, 35.38793970953043], [139.57673279391503, 35.38808648390736], [139.57652616094342, 35.38823522478688]]}}, {"type": "Feature", "properties": {"id": "横浜横須賀道路-上り-3-72", "route": "横浜横須賀道路", "direction": "上り", "from": "日野IC", "to": null, "grade": 2.43, "elevation_start": 58.5, "elevation_end": 59.7, "quality": "estimated", "structure": "normal", "chain_rank": 3, "cum_dist_start": 3600.0, "cum_dist_end": 3650.0, "anomaly": false}, "geometry": {"type": "LineString", "coordinates": [[139.57652616094342, 35.38823522478688], [139.57632502594856, 35.38838899490289], [139.5761238909537, 35.388542765018904]]}}, {"type": "Feature", "properties": {"id": "横浜横須賀道路-上り-3-73", "route": "横浜横須賀道路", "direction": "上り", "from": "日野IC", "to": null, "grade": 2.43, "elevation_start": 59.7, "elevation_end": 61.0, "quality": "estimated", "structure": "normal", "chain_rank": 3, "cum_dist_start": 3650.0, "cum_dist_end": 3700.0, "anomaly": false}, "geometry": {"type": "LineString", "coordinates": [[139.5761238909537, 35.388542765018904], [139.575926943495, 35.38870006932085], [139.57573320686768, 35.388860083492]]}}, {"type": "Feature", "properties": {"id": "横浜横須賀道路-上り-3-74", "route": "横浜横須賀道路", "direction": "上り", "from": "日野IC", "to": null, "grade": 1.09, "elevation_start": 61.0, "elevation_end": 61.5, "quality": "measured", "structure": "normal", "chain_rank": 3, "cum_dist_start": 3700.0, "cum_dist_end": 3750.0, "anomaly": false}, "geometry": {"type": "LineString", "coordinates": [[139.57573320686768, 35.388860083492], [139.57554830472682, 35.389026874622466], [139.57536596866134, 35.389195634196554]]}}, {"type": "Feature", "properties": {"id": "横浜横須賀道路-上り-3-75", "route": "横浜横須賀道路", "direction": "上り", "from": "日野IC", "to": null, "grade": 1.0, "elevation_start": 61.5, "elevation_end": 62.0, "quality": "measured", "structure": "normal", "chain_rank": 3, "cum_dist_start": 3750.0, "cum_dist_end": 3800.0, "anomaly": false}, "geometry": {"type": "LineString", "coordinates": [[139.57536596866134, 35.389195634196554], [139.57519034947813, 35.38936909327632], [139.57502105373482, 35.38954665160258]]}}, {"type": "Feature", "properties": {"id": "横浜横須賀道路-上り-3-76", "route": "横浜横須賀道路", "direction": "上り", "from": "日野IC", "to": null, "grade": 1.54, "elevation_start": 62.0, "elevation_end": 62.8, "quality": "measured", "structure": "normal", "chain_rank": 3, "cum_dist_start": 3800.0, "cum_dist_end": 3850.0, "anomaly": false}, "geometry": {"type": "LineString", "coordinates": [[139.57502105373482, 35.38954665160258], [139.5748570566542, 35.389727560956985], [139.5747058801577, 35.38991583959323]]}}, {"type": "Feature", "properties": {"id": "横浜横須賀道路-上り-3-77", "route": "横浜横須賀道路", "direction": "上り", "from": "日野IC", "to": null, "grade": 1.04, "elevation_start": 62.8, "elevation_end": 63.3, "quality": "measured", "structure": "normal", "chain_rank": 3, "cum_dist_start": 3850.0, "cum_dist_end": 3900.0, "anomaly": false}, "geometry": {"type": "LineString", "coordinates": [[139.5747058801577, 35.38991583959323], [139.57455991726297, 35.390106742446854], [139.57442519016382, 35.39030318638623]]}}, {"type": "Feature", "properties": {"id": "横浜横須賀道路-上り-3-78", "route": "横浜横須賀道路", "direction": "上り", "from": "日野IC", "to": null, "grade": 0.7, "elevation_start": 63.3, "elevation_end": 63.6, "quality": "measured", "structure": "normal", "chain_rank": 3, "cum_dist_start": 3900.0, "cum_dist_end": 3950.0, "anomaly": false}, "geometry": {"type": "LineString", "coordinates": [[139.57442519016382, 35.39030318638623], [139.5742970648109, 35.39050260116369], [139.5741753377054, 35.39070456240471]]}}, {"type": "Feature", "properties": {"id": "横浜横須賀道路-上り-3-79", "route": "横浜横須賀道路", "direction": "上り", "from": "日野IC", "to": null, "grade": 0.15, "elevation_start": 63.6, "elevation_end": 63.7, "quality": "measured", "structure": "normal", "chain_rank": 3, "cum_dist_start": 3950.0, "cum_dist_end": 4000.0, "anomaly": false}, "geometry": {"type": "LineString", "coordinates": [[139.5741753377054, 35.39070456240471], [139.57406301970192, 35.3909102684111], [139.5739581589299, 35.39111854353923]]}}, {"type": "Feature", "properties": {"id": "横浜横須賀道路-上り-3-80", "route": "横浜横須賀道路", "direction": "上り", "from": "日野IC", "to": null, "grade": 0.12, "elevation_start": 63.7, "elevation_end": 63.8, "quality": "measured", "structure": "normal", "chain_rank": 3, "cum_dist_start": 4000.0, "cum_dist_end": 4050.0, "anomaly": false}, "geometry": {"type": "LineString", "coordinates": [[139.5739581589299, 35.39111854353923], [139.57386040464164, 35.39132910866027], [139.57377421241443, 35.39154310087442]]}}, {"type": "Feature", "properties": {"id": "横浜横須賀道路-上り-4-0", "route": "横浜横須賀道路", "direction": "上り", "from": null, "to": "狩場JCT", "grade": 0.0, "elevation_start": 44.5, "elevation_end": 44.5, "quality": "estimated", "structure": "bridge", "chain_rank": 4, "cum_dist_start": 0.0, "cum_dist_end": 50.0, "anomaly": false}, "geometry": {"type": "LineString", "coordinates": [[139.5808222, 35.4407897], [139.58063797053092, 35.44095716059482], [139.58045096272315, 35.441122454944384]]}}, {"type": "Feature", "properties": {"id": "横浜横須賀道路-上り-4-1", "route": "横浜横須賀道路", "direction": "上り", "from": null, "to": "狩場JCT", "grade": 0.0, "elevation_start": 44.5, "elevation_end": 44.5, "quality": "estimated", "structure": "normal", "chain_rank": 4, "cum_dist_start": 50.0, "cum_dist_end": 100.0, "anomaly": false}, "geometry": {"type": "LineString", "coordinates": [[139.58045096272315, 35.441122454944384], [139.58025525995646, 35.44128095289596], [139.58005383858026, 35.44143458606331]]}}, {"type": "Feature", "properties": {"id": "横浜横須賀道路-上り-4-2", "route": "横浜横須賀道路", "direction": "上り", "from": null, "to": "狩場JCT", "grade": 0.0, "elevation_start": 44.5, "elevation_end": 44.5, "quality": "estimated", "structure": "normal", "chain_rank": 4, "cum_dist_start": 100.0, "cum_dist_end": 150.0, "anomaly": false}, "geometry": {"type": "LineString", "coordinates": [[139.58005383858026, 35.44143458606331], [139.57985220943792, 35.44158802722001], [139.57964145269702, 35.44173303294816]]}}, {"type": "Feature", "properties": {"id": "横浜横須賀道路-上り-4-3", "route": "横浜横須賀道路", "direction": "上り", "from": null, "to": "狩場JCT", "grade": 0.0, "elevation_start": 44.5, "elevation_end": 44.5, "quality": "estimated", "structure": "normal", "chain_rank": 4, "cum_dist_start": 150.0, "cum_dist_end": 200.0, "anomaly": false}, "geometry": {"type": "LineString", "coordinates": [[139.57964145269702, 35.44173303294816], [139.5794306959561, 35.44187803867631], [139.5792199392152, 35.44202304440446]]}}, {"type": "Feature", "properties": {"id": "横浜横須賀道路-上り-4-4", "route": "横浜横須賀道路", "direction": "上り", "from": null, "to": "狩場JCT", "grade": 0.0, "elevation_start": 44.5, "elevation_end": 44.5, "quality": "estimated", "structure": "normal", "chain_rank": 4, "cum_dist_start": 200.0, "cum_dist_end": 250.0, "anomaly": false}, "geometry": {"type": "LineString", "coordinates": [[139.5792199392152, 35.44202304440446], [139.57900918247427, 35.4421680501326], [139.57879842573337, 35.44231305586075]]}}, {"type": "Feature", "properties": {"id": "横浜横須賀道路-上り-4-5", "route": "横浜横須賀道路", "direction": "上り", "from": "狩場JCT", "to": "狩場", "grade": 0.0, "elevation_start": 44.5, "elevation_end": 44.5, "quality": "estimated", "structure": "normal", "chain_rank": 4, "cum_dist_start": 250.0, "cum_dist_end": 300.0, "anomaly": false}, "geometry": {"type": "LineString", "coordinates": [[139.57879842573337, 35.44231305586075], [139.57859061381163, 35.44246080238962], [139.5783876904502, 35.442613106003456]]}}, {"type": "Feature", "properties": {"id": "横浜横須賀道路-上り-4-6", "route": "横浜横須賀道路", "direction": "上り", "from": "狩場JCT", "to": "狩場", "grade": 0.0, "elevation_start": 44.5, "elevation_end": 44.5, "quality": "estimated", "structure": "normal", "chain_rank": 4, "cum_dist_start": 300.0, "cum_dist_end": 350.0, "anomaly": false}, "geometry": {"type": "LineString", "coordinates": [[139.5783876904502, 35.442613106003456], [139.57818262410402, 35.44276347823256], [139.5779772175165, 35.44291352836084]]}}, {"type": "Feature", "properties": {"id": "横浜横須賀道路-上り-4-7", "route": "横浜横須賀道路", "direction": "上り", "from": "狩場JCT", "to": "狩場", "grade": 0.0, "elevation_start": 44.5, "elevation_end": 44.5, "quality": "estimated", "structure": "normal", "chain_rank": 4, "cum_dist_start": 350.0, "cum_dist_end": 400.0, "anomaly": false}, "geometry": {"type": "LineString", "coordinates": [[139.5779772175165, 35.44291352836084], [139.57776637506063, 35.44305844348926], [139.57755880583744, 35.44320649069711]]}}, {"type": "Feature", "properties": {"id": "横浜横須賀道路-上り-4-8", "route": "横浜横須賀道路", "direction": "上り", "from": "狩場JCT", "to": "狩場", "grade": 0.0, "elevation_start": 44.5, "elevation_end": 44.5, "quality": "estimated", "structure": "bridge", "chain_rank": 4, "cum_dist_start": 400.0, "cum_dist_end": 450.0, "anomaly": false}, "geometry": {"type": "LineString", "coordinates": [[139.57755880583744, 35.44320649069711], [139.57735610537716, 35.44335897359644], [139.5771608888044, 35.44351783225662]]}}, {"type": "Feature", "properties": {"id": "横浜横須賀道路-上り-4-9", "route": "横浜横須賀道路", "direction": "上り", "from": "狩場JCT", "to": "狩場", "grade": 0.0, "elevation_start": 44.5, "elevation_end": 44.5, "quality": "estimated", "structure": "bridge", "chain_rank": 4, "cum_dist_start": 450.0, "cum_dist_end": 500.0, "anomaly": false}, "geometry": {"type": "LineString", "coordinates": [[139.5771608888044, 35.44351783225662], [139.57697294183257, 35.4436824888755], [139.57679388355749, 35.443853636052204]]}}, {"type": "Feature", "properties": {"id": "横浜横須賀道路-上り-4-10", "route": "横浜横須賀道路", "direction": "上り", "from": "狩場JCT", "to": "狩場", "grade": 0.0, "elevation_start": 44.5, "elevation_end": 44.5, "quality": "estimated", "structure": "bridge", "chain_rank": 4, "cum_dist_start": 500.0, "cum_dist_end": 550.0, "anomaly": false}, "geometry": {"type": "LineString", "coordinates": [[139.57679388355749, 35.443853636052204], [139.576623371123, 35.444030481153995], [139.57646518150776, 35.44421488669946]]}}, {"type": "Feature", "properties": {"id": "横浜横須賀道路-上り-4-11", "route": "横浜横須賀道路", "direction": "上り", "from": "狩場JCT", "to": "狩場", "grade": 0.0, "elevation_start": 44.5, "elevation_end": 44.5, "quality": "estimated", "structure": "bridge", "chain_rank": 4, "cum_dist_start": 550.0, "cum_dist_end": 600.0, "anomaly": false}, "geometry": {"type": "LineString", "coordinates": [[139.57646518150776, 35.44421488669946], [139.57631308666873, 35.44440270915108], [139.57616370641327, 35.44459197294617]]}}, {"type": "Feature", "properties": {"id": "横浜横須賀道路-上り-4-12", "route": "横浜横須賀道路", "direction": "上り", "from": "狩場JCT", "to": "狩場", "grade": 0.0, "elevation_start": 44.5, "elevation_end": 44.5, "quality": "estimated", "structure": "normal", "chain_rank": 4, "cum_dist_start": 600.0, "cum_dist_end": 650.0, "anomaly": false}, "geometry": {"type": "LineString", "coordinates": [[139.57616370641327, 35.44459197294617], [139.576020479559, 35.44478442082854], [139.5758809573162, 35.44497867442524]]}}, {"type": "Feature", "properties": {"id": "横浜横須賀道路-上り-4-13", "route": "横浜横須賀道路", "direction": "上り", "from": "狩場JCT", "to": "狩場", "grade": 0.0, "elevation_start": 44.5, "elevation_end": 44.5, "quality": "estimated", "structure": "bridge", "chain_rank": 4, "cum_dist_start": 650.0, "cum_dist_end": 700.0, "anomaly": false}, "geometry": {"type": "LineString", "coordinates": [[139.5758809573162, 35.44497867442524], [139.57574240340327, 35.445173400008564], [139.57560375863125, 35.44536808238851]]}}, {"type": "Feature", "properties": {"id": "横浜横須賀道路-上り-4-14", "route": "横浜横須賀道路", "direction": "上り", "from": "狩場JCT", "to": "狩場", "grade": 0.0, "elevation_start": 44.5, "elevation_end": 44.5, "quality": "estimated", "structure": "bridge", "chain_rank": 4, "cum_dist_start": 700.0, "cum_dist_end": 750.0, "anomaly": false}, "geometry": {"type": "LineString", "coordinates": [[139.57560375863125, 35.44536808238851], [139.5754673203898, 35.445563768721044], [139.57533810739318, 35.445762748975305]]}}, {"type": "Feature", "properties": {"id": "横浜横須賀道路-上り-4-15", "route": "横浜横須賀道路", "direction": "上り", "from": "狩場", "to": "新保土ヶ谷", "grade": 0.0, "elevation_start": 44.5, "elevation_end": 44.5, "quality": "estimated", "structure": "bridge", "chain_rank": 4, "cum_dist_start": 750.0, "cum_dist_end": 800.0, "anomaly": false}, "geometry": {"type": "LineString", "coordinates": [[139.57533810739318, 35.445762748975305], [139.57520889439655, 35.445961729229566], [139.5750765221825, 35.44615930326584]]}}, {"type": "Feature", "properties": {"id": "横浜横須賀道路-上り-4-16", "route": "横浜横須賀道路", "direction": "上り", "from": "狩場", "to": "新保土ヶ谷", "grade": 0.0, "elevation_start": 44.5, "elevation_end": 44.5, "quality": "estimated", "structure": "bridge", "chain_rank": 4, "cum_dist_start": 800.0, "cum_dist_end": 850.0, "anomaly": false}, "geometry": {"type": "LineString", "coordinates": [[139.5750765221825, 35.44615930326584], [139.57494255803826, 35.44635616870864], [139.57480859389403, 35.44655303415144]]}}, {"type": "Feature", "properties": {"id": "横浜横須賀道路-上り-4-17", "route": "横浜横須賀道路", "direction": "上り", "from": "狩場", "to": "新保土ヶ谷", "grade": 0.0, "elevation_start": 44.5, "elevation_end": 44.5, "quality": "estimated", "structure": "bridge", "chain_rank": 4, "cum_dist_start": 850.0, "cum_dist_end": 900.0, "anomaly": false}, "geometry": {"type": "LineString", "coordinates": [[139.57480859389403, 35.44655303415144], [139.5746711494915, 35.446748262096364], [139.57453059741206, 35.44694202784683]]}}, {"type": "Feature", "properties": {"id": "横浜横須賀道路-上り-4-18", "route": "横浜横須賀道路", "direction": "上り", "from": "狩場", "to": "新保土ヶ谷", "grade": 0.0, "elevation_start": 44.5, "elevation_end": 44.5, "quality": "estimated", "structure": "normal", "chain_rank": 4, "cum_dist_start": 900.0, "cum_dist_end": 950.0, "anomaly": false}, "geometry": {"type": "LineString", "coordinates": [[139.57453059741206, 35.44694202784683], [139.57438667225836, 35.447134037187126], [139.57423169018654, 35.447320289024894]]}}, {"type": "Feature", "properties": {"id": "横浜横須賀道路-上り-4-19", "route": "横浜横須賀道路", "direction": "上り", "from": "狩場", "to": "新保土ヶ谷", "grade": 0.0, "elevation_start": 44.5, "elevation_end": 44.5, "quality": "estimated", "structure": "normal", "chain_rank": 4, "cum_dist_start": 950.0, "cum_dist_end": 1000.0, "anomaly": false}, "geometry": {"type": "LineString", "coordinates": [[139.57423169018654, 35.447320289024894], [139.57407670811472, 35.44750654086266], [139.57391154269692, 35.44768677281468]]}}, {"type": "Feature", "properties": {"id": "横浜横須賀道路-上り-4-20", "route": "横浜横須賀道路", "direction": "上り", "from": "狩場", "to": "新保土ヶ谷", "grade": 0.54, "elevation_start": 44.5, "elevation_end": 44.7, "quality": "estimated", "structure": "normal", "chain_rank": 4, "cum_dist_start": 1000.0, "cum_dist_end": 1050.0, "anomaly": false}, "geometry": {"type": "LineString", "coordinates": [[139.57391154269692, 35.44768677281468], [139.57374323534285, 35.4478650801946], [139.57356308280592, 35.448035496370935]]}}, {"type": "Feature", "properties": {"id": "横浜横須賀道路-上り-4-21", "route": "横浜横須賀道路", "direction": "上り", "from": "狩場", "to": "新保土ヶ谷", "grade": 1.11, "elevation_start": 44.7, "elevation_end": 45.3, "quality": "measured", "structure": "normal", "chain_rank": 4, "cum_dist_start": 1050.0, "cum_dist_end": 1100.0, "anomaly": false}, "geometry": {"type": "LineString", "coordinates": [[139.57356308280592, 35.448035496370935], [139.57337725770196, 35.448201600114714], [139.5731824922454, 35.44836087543715]]}}, {"type": "Feature", "properties": {"id": "横浜横須賀道路-上り-4-22", "route": "横浜横須賀道路", "direction": "上り", "from": "狩場", "to": "新保土ヶ谷", "grade": 2.21, "elevation_start": 45.3, "elevation_end": 46.4, "quality": "measured", "structure": "normal", "chain_rank": 4, "cum_dist_start": 1100.0, "cum_dist_end": 1150.0, "anomaly": false}, "geometry": {"type": "LineString", "coordinates": [[139.5731824922454, 35.44836087543715], [139.57297637937776, 35.44851029994685], [139.5727702665101, 35.44865972445653]]}}, {"type": "Feature", "properties": {"id": "横浜横須賀道路-上り-4-23", "route": "横浜横須賀道路", "direction": "上り", "from": "狩場", "to": "新保土ヶ谷", "grade": 2.33, "elevation_start": 46.4, "elevation_end": 47.6, "quality": "measured", "structure": "normal", "chain_rank": 4, "cum_dist_start": 1150.0, "cum_dist_end": 1200.0, "anomaly": false}, "geometry": {"type": "LineString", "coordinates": [[139.5727702665101, 35.44865972445653], [139.57255993303815, 35.448804909313324], [139.57233940470462, 35.44893985329673]]}}, {"type": "Feature", "properties": {"id": "横浜横須賀道路-上り-4-24", "route": "横浜横須賀道路", "direction": "上り", "from": "狩場", "to": "新保土ヶ谷", "grade": 1.62, "elevation_start": 47.6, "elevation_end": 48.4, "quality": "measured", "structure": "normal", "chain_rank": 4, "cum_dist_start": 1200.0, "cum_dist_end": 1250.0, "anomaly": false}, "geometry": {"type": "LineString", "coordinates": [[139.57233940470462, 35.44893985329673], [139.57211765471934, 35.44907336905741], [139.57188719376094, 35.44919670089343]]}}, {"type": "Feature", "properties": {"id": "横浜横須賀道路-上り-4-25", "route": "横浜横須賀道路", "direction": "上り", "from": "狩場", "to": "新保土ヶ谷", "grade": 0.98, "elevation_start": 48.4, "elevation_end": 48.9, "quality": "measured", "structure": "normal", "chain_rank": 4, "cum_dist_start": 1250.0, "cum_dist_end": 1300.0, "anomaly": false}, "geometry": {"type": "LineString", "coordinates": [[139.57188719376094, 35.44919670089343], [139.571656297632, 35.44931947529285], [139.57142262916423, 35.44943869843403]]}}, {"type": "Feature", "properties": {"id": "横浜横須賀道路-上り-4-26", "route": "横浜横須賀道路", "direction": "上り", "from": "狩場", "to": "新保土ヶ谷", "grade": 0.48, "elevation_start": 48.9, "elevation_end": 49.1, "quality": "estimated", "structure": "normal", "chain_rank": 4, "cum_dist_start": 1300.0, "cum_dist_end": 1350.0, "anomaly": false}, "geometry": {"type": "LineString", "coordinates": [[139.57142262916423, 35.44943869843403], [139.57118748140795, 35.44955591189433], [139.57094940618146, 35.449669148252966]]}}, {"type": "Feature", "properties": {"id": "横浜横須賀道路-上り-4-27", "route": "横浜横須賀道路", "direction": "上り", "from": "狩場", "to": "新保土ヶ谷", "grade": 0.0, "elevation_start": 49.1, "elevation_end": 49.1, "quality": "estimated", "structure": "normal", "chain_rank": 4, "cum_dist_start": 1350.0, "cum_dist_end": 1400.0, "anomaly": false}, "geometry": {"type": "LineString", "coordinates": [[139.57094940618146, 35.449669148252966], [139.57071133095494, 35.4497823846116], [139.57047228154832, 35.449894223539204]]}}, {"type": "Feature", "properties": {"id": "横浜横須賀道路-上り-4-28", "route": "横浜横須賀道路", "direction": "上り", "from": "狩場", "to": "新保土ヶ谷", "grade": 0.0, "elevation_start": 49.1, "elevation_end": 49.1, "quality": "estimated", "structure": "normal", "chain_rank": 4, "cum_dist_start": 1400.0, "cum_dist_end": 1450.0, "anomaly": false}, "geometry": {"type": "LineString", "coordinates": [[139.57047228154832, 35.449894223539204], [139.5702319467885, 35.45000421866767], [139.56998989660002, 35.45011165651753]]}}, {"type": "Feature", "properties": {"id": "横浜横須賀道路-上り-4-29", "route": "横浜横須賀道路", "direction": "上り", "from": "狩場", "to": "新保土ヶ谷", "grade": 0.0, "elevation_start": 49.1, "elevation_end": 49.1, "quality": "estimated", "structure": "bridge", "chain_rank": 4, "cum_dist_start": 1450.0, "cum_dist_end": 1500.0, "anomaly": false}, "geometry": {"type": "LineString", "coordinates": [[139.56998989660002, 35.45011165651753], [139.56974741554683, 35.45021845205501], [139.56950354683136, 35.45032309550639]]}}, {"type": "Feature", "properties": {"id": "横浜横須賀道路-上り-4-30", "route": "横浜横須賀道路", "direction": "上り", "from": "新保土ヶ谷", "to": null, "grade": 0.0, "elevation_start": 49.1, "elevation_end": 49.1, "quality": "estimated", "structure": "bridge", "chain_rank": 4, "cum_dist_start": 1500.0, "cum_dist_end": 1550.0, "anomaly": false}, "geometry": {"type": "LineString", "coordinates": [[139.56950354683136, 35.45032309550639], [139.56925892628877, 35.45042657372308], [139.56901286110784, 35.450527695246954]]}}, {"type": "Feature", "properties": {"id": "横浜横須賀道路-上り-4-31", "route": "横浜横須賀道路", "direction": "上り", "from": "新保土ヶ谷", "to": null, "grade": 0.0, "elevation_start": 49.1, "elevation_end": 49.1, "quality": "estimated", "structure": "bridge", "chain_rank": 4, "cum_dist_start": 1550.0, "cum_dist_end": 1600.0, "anomaly": false}, "geometry": {"type": "LineString", "coordinates": [[139.56901286110784, 35.450527695246954], [139.56876519920812, 35.45062621198359], [139.56851753730842, 35.450724728720225]]}}, {"type": "Feature", "properties": {"id": "横浜横須賀道路-上り-4-32", "route": "横浜横須賀道路", "direction": "上り", "from": "新保土ヶ谷", "to": null, "grade": 0.0, "elevation_start": 49.1, "elevation_end": 49.1, "quality": "estimated", "structure": "bridge", "chain_rank": 4, "cum_dist_start": 1600.0, "cum_dist_end": 1650.0, "anomaly": false}, "geometry": {"type": "LineString", "coordinates": [[139.56851753730842, 35.450724728720225], [139.56826823203093, 35.45082032378517], [139.568015685594, 35.4509101565697]]}}, {"type": "Feature", "properties": {"id": "横浜横須賀道路-上り-5-0", "route": "横浜横須賀道路", "direction": "上り", "from": null, "to": null, "grade": 0.0, "elevation_start": 0.0, "elevation_end": 0.0, "quality": "estimated", "structure": "normal", "chain_rank": 5, "cum_dist_start": 0.0, "cum_dist_end": 50.0, "anomaly": false}, "geometry": {"type": "LineString", "coordinates": [[139.5760463, 35.4032596], [139.57610547525567, 35.4030395394813], [139.5761576898029, 35.40281832427245]]}}, {"type": "Feature", "properties": {"id": "横浜横須賀道路-上り-5-1", "route": "横浜横須賀道路", "direction": "上り", "from": null, "to": null, "grade": 0.0, "elevation_start": 0.0, "elevation_end": 0.0, "quality": "estimated", "structure": "normal", "chain_rank": 5, "cum_dist_start": 50.0, "cum_dist_end": 100.0, "anomaly": false}, "geometry": {"type": "LineString", "coordinates": [[139.5761576898029, 35.40281832427245], [139.57620634615824, 35.40259655646854], [139.57624901398327, 35.40237395012344]]}}, {"type": "Feature", "properties": {"id": "横浜横須賀道路-上り-5-2", "route": "横浜横須賀道路", "direction": "上り", "from": null, "to": null, "grade": 0.0, "elevation_start": 0.0, "elevation_end": 0.0, "quality": "estimated", "structure": "normal", "chain_rank": 5, "cum_dist_start": 100.0, "cum_dist_end": 150.0, "anomaly": false}, "geometry": {"type": "LineString", "coordinates": [[139.57624901398327, 35.40237395012344], [139.57628093394018, 35.402150238096006], [139.57630685385178, 35.401925908816466]]}}, {"type": "Feature", "properties": {"id": "横浜横須賀道路-上り-5-3", "route": "横浜横須賀道路", "direction": "上り", "from": null, "to": null, "grade": 0.0, "elevation_start": 0.0, "elevation_end": 0.0, "quality": "estimated", "structure": "bridge", "chain_rank": 5, "cum_dist_start": 150.0, "cum_dist_end": 200.0, "anomaly": false}, "geometry": {"type": "LineString", "coordinates": [[139.57630685385178, 35.401925908816466], [139.5763145935739, 35.40170070935349], [139.57632077512687, 35.40147543530971]]}}, {"type": "Feature", "properties": {"id": "横浜横須賀道路-上り-5-4", "route": "横浜横須賀道路", "direction": "上り", "from": null, "to": null, "grade": 0.0, "elevation_start": 0.0, "elevation_end": 0.0, "quality": "estimated", "structure": "bridge", "chain_rank": 5, "cum_dist_start": 200.0, "cum_dist_end": 250.0, "anomaly": false}, "geometry": {"type": "LineString", "coordinates": [[139.57632077512687, 35.40147543530971], [139.57632195545474, 35.401250142138984], [139.5763176331827, 35.40102485560972]]}}, {"type": "Feature", "properties": {"id": "横浜横須賀道路-上り-5-5", "route": "横浜横須賀道路", "direction": "上り", "from": null, "to": null, "grade": 0.0, "elevation_start": 0.0, "elevation_end": 0.0, "quality": "estimated", "structure": "bridge", "chain_rank": 5, "cum_dist_start": 250.0, "cum_dist_end": 300.0, "anomaly": false}, "geometry": {"type": "LineString", "coordinates": [[139.5763176331827, 35.40102485560972], [139.5762952891345, 35.40080031479679], [139.57625991933006, 35.40057685258852]]}}, {"type": "Feature", "properties": {"id": "横浜横須賀道路-上り-5-6", "route": "横浜横須賀道路", "direction": "上り", "from": null, "to": null, "grade": 0.0, "elevation_start": 0.0, "elevation_end": 0.0, "quality": "estimated", "structure": "bridge", "chain_rank": 5, "cum_dist_start": 300.0, "cum_dist_end": 350.0, "anomaly": false}, "geometry": {"type": "LineString", "coordinates": [[139.57625991933006, 35.40057685258852], [139.57622298210498, 35.40035356513015], [139.5761817228746, 35.4001308138554]]}}, {"type": "Feature", "properties": {"id": "横浜横須賀道路-上り-5-7", "route": "横浜横須賀道路", "direction": "上り", "from": null, "to": null, "grade": 0.0, "elevation_start": 0.0, "elevation_end": 0.0, "quality": "estimated", "structure": "normal", "chain_rank": 5, "cum_dist_start": 350.0, "cum_dist_end": 400.0, "anomaly": false}, "geometry": {"type": "LineString", "coordinates": [[139.5761817228746, 35.4001308138554], [139.5761314670418, 35.39990927187057], [139.576068720199, 35.399689916351974]]}}, {"type": "Feature", "properties": {"id": "横浜横須賀道路-上り-5-8", "route": "横浜横須賀道路", "direction": "上り", "from": null, "to": null, "grade": 0.0, "elevation_start": 0.0, "elevation_end": 0.0, "quality": "estimated", "structure": "bridge", "chain_rank": 5, "cum_dist_start": 400.0, "cum_dist_end": 450.0, "anomaly": false}, "geometry": {"type": "LineString", "coordinates": [[139.576068720199, 35.399689916351974], [139.5759914982087, 35.39947363813718], [139.57591267723487, 35.399257747288814]]}}, {"type": "Feature", "properties": {"id": "横浜横須賀道路-上り-5-9", "route": "横浜横須賀道路", "direction": "上り", "from": null, "to": null, "grade": 0.0, "elevation_start": 0.0, "elevation_end": 0.0, "quality": "estimated", "structure": "bridge", "chain_rank": 5, "cum_dist_start": 450.0, "cum_dist_end": 500.0, "anomaly": false}, "geometry": {"type": "LineString", "coordinates": [[139.57591267723487, 35.399257747288814], [139.57583108823815, 35.399042602357646], [139.5757374567453, 35.3988307141502]]}}, {"type": "Feature", "properties": {"id": "横浜横須賀道路-上り-5-10", "route": "横浜横須賀道路", "direction": "上り", "from": null, "to": null, "grade": 0.0, "elevation_start": 0.0, "elevation_end": 0.0, "quality": "estimated", "structure": "bridge", "chain_rank": 5, "cum_dist_start": 500.0, "cum_dist_end": 550.0, "anomaly": false}, "geometry": {"type": "LineString", "coordinates": [[139.5757374567453, 35.3988307141502], [139.57564346867937, 35.398618940738935], [139.5755357782314, 35.398411578712526]]}}, {"type": "Feature", "properties": {"id": "横浜横須賀道路-上り-5-11", "route": "横浜横須賀道路", "direction": "上り", "from": null, "to": null, "grade": 0.0, "elevation_start": 0.0, "elevation_end": 0.0, "quality": "estimated", "structure": "bridge", "chain_rank": 5, "cum_dist_start": 550.0, "cum_dist_end": 600.0, "anomaly": false}, "geometry": {"type": "LineString", "coordinates": [[139.5755357782314, 35.398411578712526], [139.57542592232625, 35.398204997181445], [139.57531189705054, 35.39799991841585]]}}, {"type": "Feature", "properties": {"id": "横浜横須賀道路-上り-5-12", "route": "横浜横須賀道路", "direction": "上り", "from": null, "to": null, "grade": 0.0, "elevation_start": 0.0, "elevation_end": 0.0, "quality": "estimated", "structure": "bridge", "chain_rank": 5, "cum_dist_start": 600.0, "cum_dist_end": 650.0, "anomaly": false}, "geometry": {"type": "LineString", "coordinates": [[139.57531189705054, 35.39799991841585], [139.57519769641698, 35.39779490541535], [139.57508271113508, 35.39759018668443]]}}, {"type": "Feature", "properties": {"id": "横浜横須賀道路-上り-5-13", "route": "横浜横須賀道路", "direction": "上り", "from": null, "to": null, "grade": 0.0, "elevation_start": 0.0, "elevation_end": 0.0, "quality": "estimated", "structure": "bridge", "chain_rank": 5, "cum_dist_start": 650.0, "cum_dist_end": 700.0, "anomaly": false}, "geometry": {"type": "LineString", "coordinates": [[139.57508271113508, 35.39759018668443], [139.57496772585318, 35.39738546795352], [139.5748527405713, 35.3971807492226]]}}, {"type": "Feature", "properties": {"id": "横浜横須賀道路-上り-5-14", "route": "横浜横須賀道路", "direction": "上り", "from": null, "to": null, "grade": 0.0, "elevation_start": 0.0, "elevation_end": 0.0, "quality": "estimated", "structure": "bridge", "chain_rank": 5, "cum_dist_start": 700.0, "cum_dist_end": 750.0, "anomaly": false}, "geometry": {"type": "LineString", "coordinates": [[139.5748527405713, 35.3971807492226], [139.5747377552894, 35.39697603049168], [139.57462501855193, 35.39677049160527]]}}, {"type": "Feature", "properties": {"id": "横浜横須賀道路-上り-5-15", "route": "横浜横須賀道路", "direction": "上り", "from": null, "to": null, "grade": 0.0, "elevation_start": 0.0, "elevation_end": 0.0, "quality": "estimated", "structure": "normal", "chain_rank": 5, "cum_dist_start": 750.0, "cum_dist_end": 800.0, "anomaly": false}, "geometry": {"type": "LineString", "coordinates": [[139.57462501855193, 35.39677049160527], [139.57451602792716, 35.39656358632606], [139.5744070373024, 35.39635668104685]]}}, {"type": "Feature", "properties": {"id": "横浜横須賀道路-上り-5-16", "route": "横浜横須賀道路", "direction": "上り", "from": null, "to": null, "grade": 0.0, "elevation_start": 0.0, "elevation_end": 0.0, "quality": "estimated", "structure": "normal", "chain_rank": 5, "cum_dist_start": 800.0, "cum_dist_end": 850.0, "anomaly": false}, "geometry": {"type": "LineString", "coordinates": [[139.5744070373024, 35.39635668104685], [139.57430310502585, 35.39614805220318], [139.5742006424158, 35.39593892259031]]}}, {"type": "Feature", "properties": {"id": "横浜横須賀道路-上り-5-17", "route": "横浜横須賀道路", "direction": "上り", "from": null, "to": null, "grade": 0.0, "elevation_start": 0.0, "elevation_end": 0.0, "quality": "estimated", "structure": "normal", "chain_rank": 5, "cum_dist_start": 850.0, "cum_dist_end": 900.0, "anomaly": false}, "geometry": {"type": "LineString", "coordinates": [[139.5742006424158, 35.39593892259031], [139.5741035659957, 35.39572808679698], [139.57400745269362, 35.39551694591727]]}}, {"type": "Feature", "properties": {"id": "横浜横須賀道路-上り-5-18", "route": "横浜横須賀道路", "direction": "上り", "from": null, "to": null, "grade": 0.0, "elevation_start": 0.0, "elevation_end": 0.0, "quality": "estimated", "structure": "normal", "chain_rank": 5, "cum_dist_start": 900.0, "cum_dist_end": 950.0, "anomaly": false}, "geometry": {"type": "LineString", "coordinates": [[139.57400745269362, 35.39551694591727], [139.57392759921464, 35.39530135940367], [139.57385661060644, 35.39508370978886]]}}, {"type": "Feature", "properties": {"id": "横浜横須賀道路-上り-5-19", "route": "横浜横須賀道路", "direction": "上り", "from": null, "to": null, "grade": 0.0, "elevation_start": 0.0, "elevation_end": 0.0, "quality": "estimated", "structure": "normal", "chain_rank": 5, "cum_dist_start": 950.0, "cum_dist_end": 1000.0, "anomaly": false}, "geometry": {"type": "LineString", "coordinates": [[139.57385661060644, 35.39508370978886], [139.57379312186012, 35.39486449978054], [139.57373895450823, 35.39464357704741]]}}, {"type": "Feature", "properties": {"id": "横浜横須賀道路-上り-5-20", "route": "横浜横須賀道路", "direction": "上り", "from": null, "to": null, "grade": 0.0, "elevation_start": 0.0, "elevation_end": 0.0, "quality": "estimated", "structure": "normal", "chain_rank": 5, "cum_dist_start": 1000.0, "cum_dist_end": 1050.0, "anomaly": false}, "geometry": {"type": "LineString", "coordinates": [[139.57373895450823, 35.39464357704741], [139.5736875006029, 35.39442222654324], [139.5736393339423, 35.394200421210456]]}}, {"type": "Feature", "properties": {"id": "横浜横須賀道路-上り-5-21", "route": "横浜横須賀道路", "direction": "上り", "from": null, "to": null, "grade": 0.0, "elevation_start": 0.0, "elevation_end": 0.0, "quality": "estimated", "structure": "normal", "chain_rank": 5, "cum_dist_start": 1050.0, "cum_dist_end": 1100.0, "anomaly": false}, "geometry": {"type": "LineString", "coordinates": [[139.5736393339423, 35.394200421210456], [139.57360899248727, 35.39397646390154], [139.5735862908741, 35.39375190407568]]}}, {"type": "Feature", "properties": {"id": "横浜横須賀道路-上り-5-22", "route": "横浜横須賀道路", "direction": "上り", "from": null, "to": null, "grade": 0.0, "elevation_start": 0.0, "elevation_end": 0.0, "quality": "estimated", "structure": "bridge", "chain_rank": 5, "cum_dist_start": 1100.0, "cum_dist_end": 1150.0, "anomaly": false}, "geometry": {"type": "LineString", "coordinates": [[139.5735862908741, 35.39375190407568], [139.57357744450263, 35.39352677010565], [139.57357376760723, 35.39330146080712]]}}, {"type": "Feature", "properties": {"id": "横浜横須賀道路-上り-5-23", "route": "横浜横須賀道路", "direction": "上り", "from": null, "to": null, "grade": 0.0, "elevation_start": 0.0, "elevation_end": 0.0, "quality": "estimated", "structure": "bridge", "chain_rank": 5, "cum_dist_start": 1150.0, "cum_dist_end": 1200.0, "anomaly": false}, "geometry": {"type": "LineString", "coordinates": [[139.57357376760723, 35.39330146080712], [139.57357268538527, 35.3930761785124], [139.57359165006937, 35.39285138304857]]}}, {"type": "Feature", "properties": {"id": "横浜横須賀道路-上り-5-24", "route": "横浜横須賀道路", "direction": "上り", "from": null, "to": null, "grade": 0.0, "elevation_start": 0.0, "elevation_end": 0.0, "quality": "estimated", "structure": "bridge", "chain_rank": 5, "cum_dist_start": 1200.0, "cum_dist_end": 1250.0, "anomaly": false}, "geometry": {"type": "LineString", "coordinates": [[139.57359165006937, 35.39285138304857], [139.57361595080803, 35.39262704556529], [139.57365432131618, 35.392403915656026]]}}, {"type": "Feature", "properties": {"id": "横浜横須賀道路-上り-5-25", "route": "横浜横須賀道路", "direction": "上り", "from": null, "to": null, "grade": 0.0, "elevation_start": 0.0, "elevation_end": 0.0, "quality": "estimated", "structure": "bridge", "chain_rank": 5, "cum_dist_start": 1250.0, "cum_dist_end": 1300.0, "anomaly": false}, "geometry": {"type": "LineString", "coordinates": [[139.57365432131618, 35.392403915656026], [139.5737047999347, 35.392182467079685], [139.57375939649603, 35.391961638436136]]}}, {"type": "Feature", "properties": {"id": "横浜横須賀道路-上り-6-0", "route": "横浜横須賀道路", "direction": "上り", "from": null, "to": null, "grade": 0.0, "elevation_start": 0.0, "elevation_end": 0.0, "quality": "estimated", "structure": "tunnel", "chain_rank": 6, "cum_dist_start": 0.0, "cum_dist_end": 50.0, "anomaly": false}, "geometry": {"type": "LineString", "coordinates": [[139.5759538, 35.4032495], [139.5758872168827, 35.40346813705382], [139.5758206337654, 35.40368677410764]]}}, {"type": "Feature", "properties": {"id": "横浜横須賀道路-上り-6-1", "route": "横浜横須賀道路", "direction": "上り", "from": null, "to": null, "grade": 0.0, "elevation_start": 0.0, "elevation_end": 0.0, "quality": "estimated", "structure": "tunnel", "chain_rank": 6, "cum_dist_start": 50.0, "cum_dist_end": 100.0, "anomaly": false}, "geometry": {"type": "LineString", "coordinates": [[139.5758206337654, 35.40368677410764], [139.57575145840076, 35.40390485910043], [139.5756794729858, 35.40412234564751]]}}, {"type": "Feature", "properties": {"id": "横浜横須賀道路-上り-6-2", "route": "横浜横須賀道路", "direction": "上り", "from": null, "to": null, "grade": 0.0, "elevation_start": 0.0, "elevation_end": 0.0, "quality": "estimated", "structure": "normal", "chain_rank": 6, "cum_dist_start": 100.0, "cum_dist_end": 150.0, "anomaly": false}, "geometry": {"type": "LineString", "coordinates": [[139.5756794729858, 35.40412234564751], [139.57560748757084, 35.404339832194594], [139.57553644511094, 35.40455752108691]]}}, {"type": "Feature", "properties": {"id": "横浜横須賀道路-上り-6-3", "route": "横浜横須賀道路", "direction": "上り", "from": null, "to": null, "grade": 0.0, "elevation_start": 0.0, "elevation_end": 0.0, "quality": "estimated", "structure": "normal", "chain_rank": 6, "cum_dist_start": 150.0, "cum_dist_end": 200.0, "anomaly": false}, "geometry": {"type": "LineString", "coordinates": [[139.57553644511094, 35.40455752108691], [139.57546889685793, 35.40477595978815], [139.57540134860494, 35.40499439848938]]}}, {"type": "Feature", "properties": {"id": "横浜横須賀道路-上り-6-4", "route": "横浜横須賀道路", "direction": "上り", "from": null, "to": null, "grade": 0.0, "elevation_start": 0.0, "elevation_end": 0.0, "quality": "estimated", "structure": "bridge", "chain_rank": 6, "cum_dist_start": 200.0, "cum_dist_end": 250.0, "anomaly": false}, "geometry": {"type": "LineString", "coordinates": [[139.57540134860494, 35.40499439848938], [139.57533380035193, 35.40521283719062], [139.5752662228366, 35.405431269852215]]}}, {"type": "Feature", "properties": {"id": "横浜横須賀道路-上り-6-5", "route": "横浜横須賀道路", "direction": "上り", "from": null, "to": null, "grade": 0.0, "elevation_start": 0.0, "elevation_end": 0.0, "quality": "estimated", "structure": "bridge", "chain_rank": 6, "cum_dist_start": 250.0, "cum_dist_end": 300.0, "anomaly": false}, "geometry": {"type": "LineString", "coordinates": [[139.5752662228366, 35.405431269852215], [139.57519849789927, 35.405649672009275], [139.57513074153647, 35.40586806765818]]}}, {"type": "Feature", "properties": {"id": "横浜横須賀道路-上り-6-6", "route": "横浜横須賀道路", "direction": "上り", "from": null, "to": null, "grade": 0.0, "elevation_start": 0.0, "elevation_end": 0.0, "quality": "estimated", "structure": "normal", "chain_rank": 6, "cum_dist_start": 300.0, "cum_dist_end": 350.0, "anomaly": false}, "geometry": {"type": "LineString", "coordinates": [[139.57513074153647, 35.40586806765818], [139.57506298517367, 35.40608646330709], [139.5749952288109, 35.406304858956]]}}]}